timestamp,open,high,low,close,volume
2026-06-11T09:30:00-04:00,29.489999771118164,29.780000686645508,29.34749984741211,29.440000534057617,13855.0
2026-06-11T09:35:00-04:00,29.700000762939453,29.790000915527344,29.40999984741211,29.424999237060547,4722.0
2026-06-11T09:40:00-04:00,29.18000030517578,29.315000534057617,29.059999465942383,29.059999465942383,1950.0
2026-06-11T09:45:00-04:00,29.15959930419922,29.454999923706055,29.15959930419922,29.454999923706055,628.0
2026-06-11T09:50:00-04:00,29.454999923706055,29.454999923706055,29.360000610351562,29.360000610351562,1566.0
2026-06-11T09:55:00-04:00,29.354999542236328,29.354999542236328,29.190000534057617,29.34000015258789,3210.0
2026-06-11T10:00:00-04:00,29.31999969482422,29.34000015258789,29.20009994506836,29.20009994506836,2892.0
2026-06-11T10:05:00-04:00,29.200000762939453,29.3700008392334,29.18000030517578,29.3700008392334,3223.0
2026-06-11T10:10:00-04:00,29.28499984741211,29.440000534057617,29.28499984741211,29.440000534057617,2750.0
2026-06-11T10:15:00-04:00,29.4375,29.4375,29.260000228881836,29.280000686645508,4357.0
2026-06-11T10:20:00-04:00,29.30500030517578,29.614999771118164,29.30500030517578,29.614999771118164,2646.0
2026-06-11T10:25:00-04:00,29.6299991607666,29.6299991607666,29.389999389648438,29.469999313354492,3780.0
2026-06-11T10:30:00-04:00,29.440000534057617,29.489999771118164,29.43000030517578,29.489999771118164,1066.0
2026-06-11T10:35:00-04:00,29.46500015258789,29.600000381469727,29.46500015258789,29.56999969482422,2875.0
2026-06-11T10:40:00-04:00,29.59000015258789,29.59000015258789,29.520000457763672,29.545000076293945,1578.0
2026-06-11T10:45:00-04:00,29.489999771118164,29.559999465942383,29.479999542236328,29.559999465942383,1587.0
2026-06-11T10:50:00-04:00,29.56999969482422,29.56999969482422,29.520000457763672,29.530000686645508,1885.0
2026-06-11T10:55:00-04:00,29.5,29.524999618530273,29.479999542236328,29.520000457763672,3261.0
2026-06-11T11:00:00-04:00,29.469999313354492,29.610000610351562,29.469999313354492,29.610000610351562,2618.0
2026-06-11T11:05:00-04:00,29.59000015258789,29.68000030517578,29.59000015258789,29.68000030517578,1488.0
2026-06-11T11:10:00-04:00,29.690000534057617,29.780000686645508,29.690000534057617,29.780000686645508,1115.0
2026-06-11T11:15:00-04:00,29.7549991607666,29.760000228881836,29.579999923706055,29.579999923706055,4783.0
2026-06-11T11:20:00-04:00,29.670000076293945,29.670000076293945,29.6299991607666,29.645000457763672,1893.0
2026-06-11T11:25:00-04:00,29.649999618530273,29.68000030517578,29.610000610351562,29.610000610351562,1508.0
2026-06-11T11:30:00-04:00,29.613300323486328,29.649999618530273,29.610000610351562,29.610000610351562,3184.0
2026-06-11T11:35:00-04:00,29.649999618530273,29.774999618530273,29.649999618530273,29.709999084472656,3808.0
2026-06-11T11:40:00-04:00,29.72521209716797,29.72521209716797,29.639999389648438,29.639999389648438,3539.0
2026-06-11T11:45:00-04:00,29.635000228881836,29.635000228881836,29.6200008392334,29.6200008392334,1154.0
2026-06-11T11:50:00-04:00,29.59000015258789,29.59000015258789,29.575000762939453,29.579999923706055,1747.0
2026-06-11T11:55:00-04:00,29.559999465942383,29.579999923706055,29.489999771118164,29.489999771118164,4434.0
2026-06-11T12:00:00-04:00,29.424999237060547,29.434999465942383,29.38010025024414,29.434999465942383,1397.0
2026-06-11T12:05:00-04:00,29.434999465942383,29.514999389648438,29.434999465942383,29.514999389648438,2030.0
2026-06-11T12:10:00-04:00,29.53499984741211,29.53499984741211,29.514999389648438,29.514999389648438,448.0
2026-06-11T12:15:00-04:00,29.514999389648438,29.584999084472656,29.46500015258789,29.46500015258789,4693.0
2026-06-11T12:20:00-04:00,29.479999542236328,29.520000457763672,29.43000030517578,29.43000030517578,3590.0
2026-06-11T12:25:00-04:00,29.440000534057617,29.44499969482422,29.440000534057617,29.44499969482422,596.0
2026-06-11T12:30:00-04:00,29.40999984741211,29.540000915527344,29.34000015258789,29.540000915527344,3995.0
2026-06-11T12:35:00-04:00,29.549999237060547,29.549999237060547,29.469999313354492,29.469999313354492,1788.0
2026-06-11T12:40:00-04:00,29.469999313354492,29.469999313354492,29.469999313354492,29.469999313354492,632.0
2026-06-11T12:45:00-04:00,29.459999084472656,29.459999084472656,29.459999084472656,29.459999084472656,629.0
2026-06-11T12:50:00-04:00,29.46500015258789,29.485000610351562,29.3799991607666,29.420000076293945,4205.0
2026-06-11T12:55:00-04:00,29.420000076293945,29.424999237060547,29.389999389648438,29.389999389648438,974.0
2026-06-11T13:00:00-04:00,29.420000076293945,29.420000076293945,29.360000610351562,29.360000610351562,3189.0
2026-06-11T13:05:00-04:00,29.375,29.395000457763672,29.375,29.395000457763672,1363.0
2026-06-11T13:10:00-04:00,29.395000457763672,29.395000457763672,29.3799991607666,29.3799991607666,530.0
2026-06-11T13:15:00-04:00,29.389999389648438,29.395000457763672,29.290000915527344,29.325000762939453,4463.0
2026-06-11T13:20:00-04:00,29.295000076293945,29.384199142456055,29.295000076293945,29.384199142456055,2386.0
2026-06-11T13:25:00-04:00,29.3799991607666,29.645000457763672,29.3799991607666,29.645000457763672,9987.0
2026-06-11T13:30:00-04:00,29.78499984741211,29.78499984741211,29.670000076293945,29.774999618530273,4565.0
2026-06-11T13:35:00-04:00,29.729999542236328,29.81999969482422,29.670000076293945,29.81999969482422,2852.0
2026-06-11T13:40:00-04:00,29.81999969482422,29.871999740600586,29.760000228881836,29.81049919128418,5897.0
2026-06-11T13:45:00-04:00,29.860000610351562,29.860000610351562,29.670000076293945,29.670000076293945,2696.0
2026-06-11T13:50:00-04:00,29.625,29.6299991607666,29.565000534057617,29.625,2585.0
2026-06-11T13:55:00-04:00,29.59000015258789,29.690000534057617,29.59000015258789,29.645000457763672,3360.0
2026-06-11T14:00:00-04:00,29.645000457763672,29.645000457763672,29.530000686645508,29.530000686645508,3337.0
2026-06-11T14:05:00-04:00,29.530000686645508,29.625,29.530000686645508,29.625,1922.0
2026-06-11T14:10:00-04:00,29.56999969482422,29.649999618530273,29.559999465942383,29.649999618530273,4534.0
2026-06-11T14:15:00-04:00,29.690000534057617,29.729999542236328,29.690000534057617,29.729999542236328,9448.0
2026-06-11T14:20:00-04:00,29.735000610351562,29.739999771118164,29.649999618530273,29.68000030517578,4234.0
2026-06-11T14:25:00-04:00,29.65999984741211,29.709999084472656,29.65999984741211,29.709999084472656,1361.0
2026-06-11T14:30:00-04:00,29.690000534057617,29.739999771118164,29.684999465942383,29.700000762939453,1666.0
2026-06-11T14:35:00-04:00,29.649999618530273,29.69499969482422,29.649999618530273,29.65999984741211,3667.0
2026-06-11T14:40:00-04:00,29.670000076293945,29.709999084472656,29.65999984741211,29.709999084472656,1370.0
2026-06-11T14:45:00-04:00,29.739999771118164,29.739999771118164,29.739999771118164,29.739999771118164,743.0
2026-06-11T14:50:00-04:00,29.739999771118164,29.760000228881836,29.739999771118164,29.739999771118164,1217.0
2026-06-11T14:55:00-04:00,29.739999771118164,29.780000686645508,29.709999084472656,29.709999084472656,4293.0
2026-06-11T15:00:00-04:00,29.7450008392334,29.84000015258789,29.7450008392334,29.84000015258789,3564.0
2026-06-11T15:05:00-04:00,29.829999923706055,29.889999389648438,29.760000228881836,29.889999389648438,4677.0
2026-06-11T15:10:00-04:00,29.8700008392334,29.989999771118164,29.8700008392334,29.989999771118164,6636.0
2026-06-11T15:15:00-04:00,30.0,30.075000762939453,30.0,30.059999465942383,3591.0
2026-06-11T15:20:00-04:00,30.010000228881836,30.09000015258789,30.010000228881836,30.09000015258789,1421.0
2026-06-11T15:25:00-04:00,30.09000015258789,30.104999542236328,30.010000228881836,30.020000457763672,6341.0
2026-06-11T15:30:00-04:00,30.049999237060547,30.204999923706055,30.040000915527344,30.170000076293945,10069.0
2026-06-11T15:35:00-04:00,30.18000030517578,30.290000915527344,30.155000686645508,30.165000915527344,26087.0
2026-06-11T15:40:00-04:00,30.18000030517578,30.209999084472656,30.101999282836914,30.101999282836914,7792.0
2026-06-11T15:45:00-04:00,30.09000015258789,30.112499237060547,30.010000228881836,30.020000457763672,6884.0
2026-06-11T15:50:00-04:00,30.030000686645508,30.040000915527344,29.959999084472656,30.040000915527344,13174.0
2026-06-11T15:55:00-04:00,30.03499984741211,30.219999313354492,30.030000686645508,30.209999084472656,32573.0
2026-06-12T09:30:00-04:00,30.450000762939453,30.824600219726562,30.450000762939453,30.824600219726562,7640.0
2026-06-12T09:35:00-04:00,30.770000457763672,30.989999771118164,30.430999755859375,30.790000915527344,1902.0
2026-06-12T09:40:00-04:00,30.915000915527344,30.979999542236328,30.649999618530273,30.719999313354492,2705.0
2026-06-12T09:45:00-04:00,30.95789909362793,30.989999771118164,30.950000762939453,30.989999771118164,926.0
2026-06-12T09:50:00-04:00,30.979999542236328,31.15999984741211,30.979999542236328,31.15999984741211,1682.0
2026-06-12T10:00:00-04:00,31.1299991607666,31.149999618530273,31.049999237060547,31.100000381469727,2767.0
2026-06-12T10:05:00-04:00,30.979999542236328,31.110000610351562,30.979999542236328,31.110000610351562,3052.0
2026-06-12T10:10:00-04:00,31.190000534057617,31.219999313354492,31.110000610351562,31.219999313354492,1867.0
2026-06-12T10:15:00-04:00,31.239999771118164,31.450000762939453,31.239999771118164,31.450000762939453,1189.0
2026-06-12T10:20:00-04:00,31.3799991607666,31.395000457763672,31.3799991607666,31.395000457763672,3358.0
2026-06-12T10:25:00-04:00,31.389999389648438,31.389999389648438,31.389999389648438,31.389999389648438,592.0
2026-06-12T10:30:00-04:00,31.329999923706055,31.329999923706055,31.329999923706055,31.329999923706055,514.0
2026-06-12T10:35:00-04:00,31.389999389648438,31.665000915527344,31.385000228881836,31.665000915527344,7411.0
2026-06-12T10:40:00-04:00,31.625,31.68000030517578,31.559999465942383,31.600000381469727,6342.0
2026-06-12T10:45:00-04:00,31.600000381469727,31.600000381469727,31.559999465942383,31.575000762939453,1472.0
2026-06-12T10:50:00-04:00,31.575000762939453,31.895999908447266,31.54450035095215,31.889999389648438,11570.0
2026-06-12T10:55:00-04:00,31.940000534057617,31.940000534057617,31.834999084472656,31.90999984741211,2778.0
2026-06-12T11:00:00-04:00,31.850000381469727,31.854999542236328,31.71500015258789,31.71500015258789,2607.0
2026-06-12T11:05:00-04:00,31.780000686645508,31.790000915527344,31.649999618530273,31.649999618530273,3391.0
2026-06-12T11:10:00-04:00,31.700000762939453,31.75,31.555700302124023,31.610000610351562,5859.0
2026-06-12T11:15:00-04:00,31.6299991607666,31.68600082397461,31.530099868774414,31.530099868774414,6358.0
2026-06-12T11:20:00-04:00,31.565000534057617,31.770000457763672,31.565000534057617,31.75,9551.0
2026-06-12T11:25:00-04:00,31.764999389648438,31.764999389648438,31.764999389648438,31.764999389648438,632.0
2026-06-12T11:30:00-04:00,31.764999389648438,31.764999389648438,31.700000762939453,31.700000762939453,1828.0
2026-06-12T11:35:00-04:00,31.729999542236328,31.770000457763672,31.670000076293945,31.700000762939453,5631.0
2026-06-12T11:40:00-04:00,31.655399322509766,31.655399322509766,31.559999465942383,31.559999465942383,5627.0
2026-06-12T11:45:00-04:00,31.579999923706055,31.579999923706055,31.3799991607666,31.3799991607666,4019.0
2026-06-12T11:50:00-04:00,31.405000686645508,31.510000228881836,31.385000228881836,31.46500015258789,3986.0
2026-06-12T11:55:00-04:00,31.399999618530273,31.399999618530273,31.225000381469727,31.229999542236328,1789.0
2026-06-12T12:00:00-04:00,31.2549991607666,31.342599868774414,31.2549991607666,31.299999237060547,1735.0
2026-06-12T12:05:00-04:00,31.25,31.31999969482422,31.25,31.31999969482422,1215.0
2026-06-12T12:10:00-04:00,31.31999969482422,31.360000610351562,31.270000457763672,31.299999237060547,5167.0
2026-06-12T12:15:00-04:00,31.325000762939453,31.389999389648438,31.325000762939453,31.350000381469727,3008.0
2026-06-12T12:20:00-04:00,31.290000915527344,31.290000915527344,31.2549991607666,31.28499984741211,2372.0
2026-06-12T12:25:00-04:00,31.295000076293945,31.309999465942383,31.28499984741211,31.309999465942383,1485.0
2026-06-12T12:30:00-04:00,31.299999237060547,31.329999923706055,31.299999237060547,31.329999923706055,1862.0
2026-06-12T12:35:00-04:00,31.360000610351562,31.40999984741211,31.360000610351562,31.3700008392334,6080.0
2026-06-12T12:40:00-04:00,31.395000457763672,31.43000030517578,31.329999923706055,31.329999923706055,1933.0
2026-06-12T12:45:00-04:00,31.31999969482422,31.344999313354492,31.31999969482422,31.344999313354492,1621.0
2026-06-12T12:50:00-04:00,31.350000381469727,31.360000610351562,31.34000015258789,31.34000015258789,1183.0
2026-06-12T12:55:00-04:00,31.299999237060547,31.399999618530273,31.229999542236328,31.399999618530273,4886.0
2026-06-12T13:00:00-04:00,31.424999237060547,31.43000030517578,31.399999618530273,31.399999618530273,1548.0
2026-06-12T13:05:00-04:00,31.43000030517578,31.489999771118164,31.40999984741211,31.450000762939453,3545.0
2026-06-12T13:10:00-04:00,31.420000076293945,31.420000076293945,31.315000534057617,31.350000381469727,5817.0
2026-06-12T13:15:00-04:00,31.350000381469727,31.350000381469727,31.350000381469727,31.350000381469727,653.0
2026-06-12T13:20:00-04:00,31.350000381469727,31.354999542236328,31.350000381469727,31.354999542236328,891.0
2026-06-12T13:25:00-04:00,31.360000610351562,31.360000610351562,31.31999969482422,31.325000762939453,3402.0
2026-06-12T13:30:00-04:00,31.329999923706055,31.350000381469727,31.299999237060547,31.34000015258789,3634.0
2026-06-12T13:35:00-04:00,31.329999923706055,31.350000381469727,31.299999237060547,31.299999237060547,2510.0
2026-06-12T13:40:00-04:00,31.315000534057617,31.375,31.315000534057617,31.34000015258789,12465.0
2026-06-12T13:45:00-04:00,31.31999969482422,31.360000610351562,31.309999465942383,31.360000610351562,1850.0
2026-06-12T13:50:00-04:00,31.360000610351562,31.395000457763672,31.360000610351562,31.395000457763672,2684.0
2026-06-12T13:55:00-04:00,31.3700008392334,31.43000030517578,31.354999542236328,31.43000030517578,4095.0
2026-06-12T14:00:00-04:00,31.420000076293945,31.56999969482422,31.420000076293945,31.520000457763672,4589.0
2026-06-12T14:05:00-04:00,31.520000457763672,31.520000457763672,31.479999542236328,31.479999542236328,1530.0
2026-06-12T14:10:00-04:00,31.489999771118164,31.530000686645508,31.489999771118164,31.530000686645508,1250.0
2026-06-12T14:15:00-04:00,31.540000915527344,31.540000915527344,31.510000228881836,31.510000228881836,1618.0
2026-06-12T14:20:00-04:00,31.520000457763672,31.520000457763672,31.479999542236328,31.479999542236328,1415.0
2026-06-12T14:25:00-04:00,31.5049991607666,31.549999237060547,31.5049991607666,31.540000915527344,2126.0
2026-06-12T14:30:00-04:00,31.604999542236328,31.604999542236328,31.604999542236328,31.604999542236328,292.0
2026-06-12T14:35:00-04:00,31.614999771118164,31.639999389648438,31.559999465942383,31.559999465942383,4737.0
2026-06-12T14:40:00-04:00,31.575000762939453,31.575000762939453,31.575000762939453,31.575000762939453,326.0
2026-06-12T14:45:00-04:00,31.559999465942383,31.655000686645508,31.53499984741211,31.655000686645508,13613.0
2026-06-12T14:50:00-04:00,31.665000915527344,31.665000915527344,31.665000915527344,31.665000915527344,908.0
2026-06-12T14:55:00-04:00,31.71500015258789,31.71500015258789,31.6299991607666,31.6299991607666,2652.0
2026-06-12T15:00:00-04:00,31.670000076293945,31.709999084472656,31.649999618530273,31.709999084472656,2632.0
2026-06-12T15:05:00-04:00,31.690000534057617,31.690000534057617,31.639999389648438,31.639999389648438,2564.0
2026-06-12T15:10:00-04:00,31.6299991607666,31.75,31.59000015258789,31.709999084472656,6814.0
2026-06-12T15:15:00-04:00,31.709999084472656,31.709999084472656,31.639999389648438,31.639999389648438,1820.0
2026-06-12T15:20:00-04:00,31.649999618530273,31.649999618530273,31.639999389648438,31.639999389648438,2003.0
2026-06-12T15:25:00-04:00,31.65999984741211,31.709999084472656,31.65999984741211,31.65999984741211,3031.0
2026-06-12T15:30:00-04:00,31.649999618530273,31.649999618530273,31.6200008392334,31.6200008392334,1979.0
2026-06-12T15:35:00-04:00,31.600000381469727,31.68000030517578,31.520000457763672,31.540000915527344,11410.0
2026-06-12T15:40:00-04:00,31.540000915527344,31.549999237060547,31.45599937438965,31.45599937438965,4831.0
2026-06-12T15:45:00-04:00,31.469999313354492,31.510000228881836,31.385000228881836,31.385000228881836,9589.0
2026-06-12T15:50:00-04:00,31.329999923706055,31.389999389648438,31.31999969482422,31.375,10976.0
2026-06-12T15:55:00-04:00,31.360000610351562,31.559999465942383,31.34000015258789,31.440000534057617,85042.0
2026-06-15T09:30:00-04:00,32.13999938964844,32.43000030517578,32.112300872802734,32.112300872802734,9585.0
2026-06-15T09:35:00-04:00,32.429901123046875,32.47999954223633,32.040000915527344,32.040000915527344,3050.0
2026-06-15T09:40:00-04:00,32.2599983215332,32.275001525878906,32.02000045776367,32.060001373291016,2339.0
2026-06-15T09:45:00-04:00,32.0,32.0,31.75,31.800100326538086,2038.0
2026-06-15T09:50:00-04:00,31.709999084472656,31.719999313354492,31.704999923706055,31.719999313354492,896.0
2026-06-15T09:55:00-04:00,31.709999084472656,31.790000915527344,31.709999084472656,31.790000915527344,948.0
2026-06-15T10:00:00-04:00,31.704999923706055,31.729999542236328,31.67009925842285,31.729999542236328,1466.0
2026-06-15T10:05:00-04:00,31.670000076293945,31.75,31.542999267578125,31.684999465942383,9164.0
2026-06-15T10:10:00-04:00,31.690000534057617,31.690000534057617,31.46150016784668,31.559999465942383,3815.0
2026-06-15T10:15:00-04:00,31.594999313354492,31.604999542236328,31.5,31.599899291992188,6211.0
2026-06-15T10:20:00-04:00,31.610000610351562,31.66990089416504,31.565000534057617,31.565000534057617,4646.0
2026-06-15T10:25:00-04:00,31.594999313354492,31.594999313354492,31.594999313354492,31.594999313354492,734.0
2026-06-15T10:30:00-04:00,31.530000686645508,31.530000686645508,31.149999618530273,31.200000762939453,7162.0
2026-06-15T10:35:00-04:00,31.290000915527344,31.290000915527344,31.21500015258789,31.280000686645508,2178.0
2026-06-15T10:40:00-04:00,31.290000915527344,31.350000381469727,31.239999771118164,31.239999771118164,7035.0
2026-06-15T10:45:00-04:00,31.1200008392334,31.200000762939453,31.1200008392334,31.19499969482422,1372.0
2026-06-15T10:50:00-04:00,31.21500015258789,31.21500015258789,31.21500015258789,31.21500015258789,379.0
2026-06-15T10:55:00-04:00,31.209999084472656,31.209999084472656,31.110000610351562,31.18869972229004,2472.0
2026-06-15T11:00:00-04:00,31.149999618530273,31.200000762939453,31.1299991607666,31.184999465942383,3277.0
2026-06-15T11:05:00-04:00,31.15329933166504,31.15329933166504,31.100000381469727,31.100000381469727,1322.0
2026-06-15T11:10:00-04:00,31.0,31.014999389648438,30.950000762939453,30.950000762939453,2532.0
2026-06-15T11:15:00-04:00,30.940000534057617,30.979999542236328,30.850000381469727,30.850000381469727,8058.0
2026-06-15T11:20:00-04:00,30.888500213623047,31.03499984741211,30.888500213623047,30.985000610351562,4754.0
2026-06-15T11:25:00-04:00,30.989999771118164,31.014999389648438,30.959999084472656,31.014999389648438,3240.0
2026-06-15T11:30:00-04:00,31.020000457763672,31.020000457763672,30.959999084472656,30.975000381469727,1810.0
2026-06-15T11:35:00-04:00,30.989999771118164,31.020000457763672,30.979999542236328,30.989999771118164,2333.0
2026-06-15T11:40:00-04:00,30.985000610351562,30.9950008392334,30.950000762939453,30.96500015258789,4510.0
2026-06-15T11:45:00-04:00,30.93000030517578,30.93000030517578,30.850000381469727,30.864999771118164,3197.0
2026-06-15T11:50:00-04:00,30.860000610351562,30.860000610351562,30.799999237060547,30.799999237060547,2123.0
2026-06-15T11:55:00-04:00,30.795000076293945,30.799999237060547,30.770000457763672,30.795000076293945,2016.0
2026-06-15T12:00:00-04:00,30.764999389648438,30.799999237060547,30.7549991607666,30.764999389648438,3393.0
2026-06-15T12:05:00-04:00,30.780000686645508,30.84000015258789,30.780000686645508,30.84000015258789,4120.0
2026-06-15T12:10:00-04:00,30.834999084472656,30.844999313354492,30.81999969482422,30.84000015258789,2249.0
2026-06-15T12:15:00-04:00,30.834999084472656,31.075000762939453,30.829999923706055,31.059999465942383,12397.0
2026-06-15T12:20:00-04:00,31.100000381469727,31.1200008392334,31.079999923706055,31.079999923706055,3537.0
2026-06-15T12:25:00-04:00,31.110000610351562,31.110000610351562,31.079999923706055,31.110000610351562,986.0
2026-06-15T12:30:00-04:00,31.110000610351562,31.239999771118164,31.110000610351562,31.239999771118164,5796.0
2026-06-15T12:35:00-04:00,31.239999771118164,31.264999389648438,31.239999771118164,31.25,3376.0
2026-06-15T12:40:00-04:00,31.25,31.260000228881836,31.25,31.260000228881836,6804.0
2026-06-15T12:45:00-04:00,31.2549991607666,31.2549991607666,31.145000457763672,31.145000457763672,2405.0
2026-06-15T12:50:00-04:00,31.190000534057617,31.190000534057617,31.165000915527344,31.165000915527344,2186.0
2026-06-15T12:55:00-04:00,31.149999618530273,31.170000076293945,31.149999618530273,31.170000076293945,3475.0
2026-06-15T13:00:00-04:00,31.18000030517578,31.18000030517578,31.18000030517578,31.18000030517578,1009.0
2026-06-15T13:05:00-04:00,31.200000762939453,31.260000228881836,31.190000534057617,31.190000534057617,5750.0
2026-06-15T13:10:00-04:00,31.19499969482422,31.21500015258789,31.19499969482422,31.21500015258789,4252.0
2026-06-15T13:15:00-04:00,31.209999084472656,31.209999084472656,31.209999084472656,31.209999084472656,1398.0
2026-06-15T13:20:00-04:00,31.190000534057617,31.190000534057617,31.139999389648438,31.139999389648438,2658.0
2026-06-15T13:25:00-04:00,31.1200008392334,31.125,31.1200008392334,31.125,834.0
2026-06-15T13:30:00-04:00,31.11009979248047,31.114999771118164,31.11009979248047,31.114999771118164,1591.0
2026-06-15T13:35:00-04:00,31.114999771118164,31.1299991607666,31.05500030517578,31.065000534057617,3553.0
2026-06-15T13:40:00-04:00,31.049999237060547,31.049999237060547,31.0,31.0,1786.0
2026-06-15T13:45:00-04:00,30.989999771118164,30.989999771118164,30.920000076293945,30.959999084472656,3104.0
2026-06-15T13:50:00-04:00,30.950000762939453,30.96500015258789,30.93000030517578,30.96500015258789,2364.0
2026-06-15T13:55:00-04:00,30.989999771118164,31.059999465942383,30.989999771118164,31.059999465942383,2108.0
2026-06-15T14:00:00-04:00,31.059999465942383,31.059999465942383,31.010000228881836,31.049999237060547,4098.0
2026-06-15T14:05:00-04:00,31.059999465942383,31.1299991607666,31.059999465942383,31.110000610351562,2121.0
2026-06-15T14:10:00-04:00,31.1299991607666,31.155000686645508,31.1299991607666,31.155000686645508,1632.0
2026-06-15T14:15:00-04:00,31.139999389648438,31.170000076293945,31.1299991607666,31.170000076293945,3714.0
2026-06-15T14:20:00-04:00,31.174999237060547,31.174999237060547,31.149999618530273,31.174999237060547,1244.0
2026-06-15T14:25:00-04:00,31.18000030517578,31.18000030517578,31.15999984741211,31.15999984741211,2031.0
2026-06-15T14:30:00-04:00,31.15999984741211,31.15999984741211,31.15999984741211,31.15999984741211,2435.0
2026-06-15T14:40:00-04:00,31.15999984741211,31.190000534057617,31.155000686645508,31.190000534057617,4586.0
2026-06-15T14:45:00-04:00,31.190000534057617,31.299999237060547,31.160999298095703,31.200000762939453,7359.0
2026-06-15T14:50:00-04:00,31.18000030517578,31.18000030517578,31.170000076293945,31.170000076293945,1702.0
2026-06-15T14:55:00-04:00,31.170000076293945,31.170000076293945,31.170000076293945,31.170000076293945,1204.0
2026-06-15T15:00:00-04:00,31.170000076293945,31.18000030517578,31.139999389648438,31.145000457763672,2770.0
2026-06-15T15:05:00-04:00,31.139999389648438,31.165000915527344,31.139999389648438,31.165000915527344,2563.0
2026-06-15T15:10:00-04:00,31.165000915527344,31.165000915527344,31.059999465942383,31.059999465942383,5048.0
2026-06-15T15:15:00-04:00,31.045000076293945,31.046499252319336,31.020000457763672,31.020000457763672,2522.0
2026-06-15T15:20:00-04:00,30.989999771118164,30.989999771118164,30.899999618530273,30.905000686645508,3158.0
2026-06-15T15:25:00-04:00,30.889999389648438,30.889999389648438,30.780000686645508,30.780000686645508,5817.0
2026-06-15T15:30:00-04:00,30.770000457763672,30.93000030517578,30.75,30.905000686645508,9665.0
2026-06-15T15:35:00-04:00,30.905000686645508,30.90999984741211,30.860000610351562,30.88479995727539,3415.0
2026-06-15T15:40:00-04:00,30.860000610351562,30.979999542236328,30.860000610351562,30.940000534057617,6047.0
2026-06-15T15:45:00-04:00,30.90999984741211,30.979999542236328,30.895000457763672,30.979999542236328,5248.0
2026-06-15T15:50:00-04:00,30.979999542236328,31.0049991607666,30.940000534057617,31.0,9158.0
2026-06-15T15:55:00-04:00,31.0,31.149999618530273,30.93000030517578,31.100000381469727,65511.0
2026-06-16T09:30:00-04:00,31.06999969482422,31.489999771118164,31.05500030517578,31.05500030517578,5752.0
2026-06-16T09:35:00-04:00,30.81999969482422,31.735000610351562,30.81999969482422,31.735000610351562,918.0
2026-06-16T09:40:00-04:00,31.218000411987305,31.299999237060547,31.218000411987305,31.299999237060547,854.0
2026-06-16T09:45:00-04:00,31.184999465942383,31.31999969482422,31.184999465942383,31.200000762939453,1422.0
2026-06-16T09:50:00-04:00,31.270000457763672,31.350000381469727,31.190000534057617,31.350000381469727,608.0
2026-06-16T09:55:00-04:00,31.270000457763672,31.5,31.270000457763672,31.489999771118164,11618.0
2026-06-16T10:00:00-04:00,31.5,31.739999771118164,31.5,31.739999771118164,3002.0
2026-06-16T10:05:00-04:00,31.670000076293945,31.69499969482422,31.549999237060547,31.549999237060547,2128.0
2026-06-16T10:10:00-04:00,31.690000534057617,31.690000534057617,31.489999771118164,31.68000030517578,1842.0
2026-06-16T10:15:00-04:00,31.5,31.524999618530273,31.225000381469727,31.489999771118164,28358.0
2026-06-16T10:20:00-04:00,31.489999771118164,31.56999969482422,31.399999618530273,31.475000381469727,9329.0
2026-06-16T10:25:00-04:00,31.475000381469727,31.475000381469727,31.309999465942383,31.350000381469727,1671.0
2026-06-16T10:30:00-04:00,31.270000457763672,31.309999465942383,31.06999969482422,31.06999969482422,1879.0
2026-06-16T10:35:00-04:00,31.1299991607666,31.315000534057617,31.125,31.270000457763672,2585.0
2026-06-16T10:40:00-04:00,31.34000015258789,31.34000015258789,31.34000015258789,31.34000015258789,667.0
2026-06-16T10:45:00-04:00,31.350000381469727,31.350000381469727,31.329999923706055,31.334999084472656,1307.0
2026-06-16T10:50:00-04:00,31.389999389648438,31.389999389648438,31.309999465942383,31.350000381469727,878.0
2026-06-16T10:55:00-04:00,31.299999237060547,31.299999237060547,31.25,31.25,3130.0
2026-06-16T11:00:00-04:00,31.219999313354492,31.225000381469727,31.190000534057617,31.200000762939453,5799.0
2026-06-16T11:05:00-04:00,31.225000381469727,31.350000381469727,31.225000381469727,31.329999923706055,3537.0
2026-06-16T11:10:00-04:00,31.3700008392334,31.3799991607666,31.24250030517578,31.2450008392334,4690.0
2026-06-16T11:15:00-04:00,31.139999389648438,31.219999313354492,31.139999389648438,31.219999313354492,1422.0
2026-06-16T11:20:00-04:00,31.219999313354492,31.290000915527344,31.06999969482422,31.075000762939453,4035.0
2026-06-16T11:25:00-04:00,31.075000762939453,31.139999389648438,31.075000762939453,31.139999389648438,3023.0
2026-06-16T11:30:00-04:00,31.15999984741211,31.170000076293945,31.139999389648438,31.155000686645508,2287.0
2026-06-16T11:35:00-04:00,31.1299991607666,31.139999389648438,31.1299991607666,31.139999389648438,2275.0
2026-06-16T11:40:00-04:00,31.09000015258789,31.13170051574707,31.09000015258789,31.114999771118164,1696.0
2026-06-16T11:45:00-04:00,31.079999923706055,31.1299991607666,31.079999923706055,31.1299991607666,2458.0
2026-06-16T11:50:00-04:00,31.15999984741211,31.229999542236328,31.15999984741211,31.229999542236328,3980.0
2026-06-16T11:55:00-04:00,31.225000381469727,31.225000381469727,31.190000534057617,31.209999084472656,1631.0
2026-06-16T12:00:00-04:00,31.270000457763672,31.270000457763672,31.229999542236328,31.229999542236328,1061.0
2026-06-16T12:05:00-04:00,31.219999313354492,31.270000457763672,31.219999313354492,31.270000457763672,1192.0
2026-06-16T12:10:00-04:00,31.280000686645508,31.280000686645508,31.270000457763672,31.270000457763672,1556.0
2026-06-16T12:15:00-04:00,31.270000457763672,31.274999618530273,31.270000457763672,31.274999618530273,577.0
2026-06-16T12:20:00-04:00,31.264999389648438,31.30030059814453,31.264999389648438,31.290000915527344,2074.0
2026-06-16T12:25:00-04:00,31.309999465942383,31.309999465942383,31.309999465942383,31.309999465942383,401.0
2026-06-16T12:30:00-04:00,31.280000686645508,31.299999237060547,31.270000457763672,31.299999237060547,1829.0
2026-06-16T12:35:00-04:00,31.295000076293945,31.295000076293945,31.270000457763672,31.270000457763672,1856.0
2026-06-16T12:40:00-04:00,31.25,31.260000228881836,31.239999771118164,31.2549991607666,2824.0
2026-06-16T12:45:00-04:00,31.2549991607666,31.260000228881836,31.2549991607666,31.260000228881836,476.0
2026-06-16T12:50:00-04:00,31.25,31.260000228881836,31.219999313354492,31.260000228881836,3993.0
2026-06-16T12:55:00-04:00,31.295000076293945,31.295000076293945,31.295000076293945,31.295000076293945,536.0
2026-06-16T13:00:00-04:00,31.299999237060547,31.299999237060547,31.260000228881836,31.260000228881836,1696.0
2026-06-16T13:05:00-04:00,31.239999771118164,31.260000228881836,31.229999542236328,31.229999542236328,3414.0
2026-06-16T13:10:00-04:00,31.2450008392334,31.264999389648438,31.219999313354492,31.229999542236328,3340.0
2026-06-16T13:15:00-04:00,31.25,31.260000228881836,31.239999771118164,31.239999771118164,3293.0
2026-06-16T13:20:00-04:00,31.209999084472656,31.209999084472656,31.18000030517578,31.18000030517578,1016.0
2026-06-16T13:25:00-04:00,31.219999313354492,31.219999313354492,31.219999313354492,31.219999313354492,888.0
2026-06-16T13:30:00-04:00,31.21500015258789,31.219999313354492,31.209999084472656,31.219999313354492,2152.0
2026-06-16T13:35:00-04:00,31.200000762939453,31.209999084472656,31.190000534057617,31.209999084472656,5323.0
2026-06-16T13:40:00-04:00,31.209999084472656,31.209999084472656,31.209999084472656,31.209999084472656,1214.0
2026-06-16T13:45:00-04:00,31.219999313354492,31.239999771118164,31.110000610351562,31.110000610351562,19797.0
2026-06-16T13:50:00-04:00,31.1200008392334,31.170000076293945,31.1200008392334,31.170000076293945,2603.0
2026-06-16T13:55:00-04:00,31.18000030517578,31.209999084472656,31.18000030517578,31.18000030517578,2037.0
2026-06-16T14:00:00-04:00,31.190000534057617,31.190000534057617,31.1299991607666,31.1299991607666,2083.0
2026-06-16T14:05:00-04:00,31.15999984741211,31.16010093688965,31.15999984741211,31.16010093688965,1161.0
2026-06-16T14:10:00-04:00,31.15999984741211,31.18000030517578,31.149999618530273,31.149999618530273,2446.0
2026-06-16T14:15:00-04:00,31.139999389648438,31.139999389648438,31.13010025024414,31.13010025024414,1981.0
2026-06-16T14:20:00-04:00,31.1299991607666,31.149999618530273,31.1299991607666,31.145000457763672,1838.0
2026-06-16T14:30:00-04:00,31.1299991607666,31.1299991607666,31.040000915527344,31.040000915527344,3857.0
2026-06-16T14:35:00-04:00,31.079999923706055,31.100000381469727,31.079999923706055,31.100000381469727,1818.0
2026-06-16T14:40:00-04:00,31.094999313354492,31.094999313354492,31.049999237060547,31.049999237060547,1897.0
2026-06-16T14:45:00-04:00,31.040000915527344,31.100000381469727,31.040000915527344,31.06999969482422,11917.0
2026-06-16T14:50:00-04:00,31.06999969482422,31.06999969482422,30.959999084472656,31.024999618530273,7677.0
2026-06-16T14:55:00-04:00,31.024999618530273,31.024999618530273,30.975000381469727,30.975000381469727,2261.0
2026-06-16T15:00:00-04:00,30.989999771118164,31.0049991607666,30.94499969482422,30.975000381469727,5323.0
2026-06-16T15:05:00-04:00,30.979999542236328,30.979999542236328,30.940000534057617,30.940000534057617,3182.0
2026-06-16T15:10:00-04:00,30.93000030517578,30.969999313354492,30.90999984741211,30.969999313354492,4717.0
2026-06-16T15:15:00-04:00,30.989999771118164,31.030000686645508,30.959999084472656,31.0,14253.0
2026-06-16T15:20:00-04:00,31.030000686645508,31.09000015258789,31.030000686645508,31.040000915527344,6107.0
2026-06-16T15:25:00-04:00,31.030000686645508,31.030000686645508,30.979999542236328,30.979999542236328,3241.0
2026-06-16T15:30:00-04:00,30.969999313354492,30.979999542236328,30.895000457763672,30.895000457763672,7437.0
2026-06-16T15:35:00-04:00,30.90999984741211,30.94499969482422,30.90999984741211,30.940000534057617,3201.0
2026-06-16T15:40:00-04:00,30.950000762939453,30.989999771118164,30.889999389648438,30.920000076293945,8552.0
2026-06-16T15:45:00-04:00,30.93000030517578,30.93000030517578,30.84000015258789,30.84000015258789,12350.0
2026-06-16T15:50:00-04:00,30.844999313354492,30.850000381469727,30.739999771118164,30.81999969482422,9028.0
2026-06-16T15:55:00-04:00,30.81999969482422,31.079999923706055,30.7549991607666,31.06999969482422,86337.0
2026-06-17T09:30:00-04:00,31.079999923706055,31.344999313354492,30.889999389648438,31.344999313354492,12365.0
2026-06-17T09:35:00-04:00,31.46500015258789,31.46500015258789,31.110000610351562,31.239999771118164,2492.0
2026-06-17T09:40:00-04:00,31.239999771118164,31.3700008392334,31.239999771118164,31.344999313354492,1853.0
2026-06-17T09:45:00-04:00,31.190000534057617,31.200000762939453,31.190000534057617,31.200000762939453,1382.0
2026-06-17T09:50:00-04:00,31.25,31.25,31.25,31.25,376.0
2026-06-17T09:55:00-04:00,31.174999237060547,31.21500015258789,31.174999237060547,31.21500015258789,1137.0
2026-06-17T10:00:00-04:00,31.21500015258789,31.360000610351562,31.21500015258789,31.260000228881836,2879.0
2026-06-17T10:05:00-04:00,31.295000076293945,31.389999389648438,31.295000076293945,31.389999389648438,1390.0
2026-06-17T10:10:00-04:00,31.2549991607666,31.549999237060547,31.2549991607666,31.450000762939453,16358.0
2026-06-17T10:15:00-04:00,31.549999237060547,31.559999465942383,31.40999984741211,31.548799514770508,5779.0
2026-06-17T10:20:00-04:00,31.549999237060547,31.6200008392334,31.549999237060547,31.6200008392334,2426.0
2026-06-17T10:25:00-04:00,31.555099487304688,31.690000534057617,31.555099487304688,31.614999771118164,3176.0
2026-06-17T10:30:00-04:00,31.614999771118164,31.6299991607666,31.5,31.5,4059.0
2026-06-17T10:35:00-04:00,31.4950008392334,31.4950008392334,31.469999313354492,31.469999313354492,910.0
2026-06-17T10:40:00-04:00,31.399999618530273,31.399999618530273,31.31999969482422,31.3799991607666,3841.0
2026-06-17T10:45:00-04:00,31.360000610351562,31.360000610351562,31.239999771118164,31.2450008392334,3870.0
2026-06-17T10:50:00-04:00,31.35569953918457,31.35569953918457,31.35569953918457,31.35569953918457,1339.0
2026-06-17T10:55:00-04:00,31.43000030517578,31.440000534057617,31.3799991607666,31.3799991607666,1430.0
2026-06-17T11:00:00-04:00,31.3799991607666,31.3799991607666,31.3799991607666,31.3799991607666,700.0
2026-06-17T11:05:00-04:00,31.3799991607666,31.3799991607666,31.219999313354492,31.219999313354492,3020.0
2026-06-17T11:10:00-04:00,31.25,31.25,31.236000061035156,31.236000061035156,1258.0
2026-06-17T11:15:00-04:00,31.309999465942383,31.389999389648438,31.309999465942383,31.389999389648438,2265.0
2026-06-17T11:20:00-04:00,31.399999618530273,31.43000030517578,31.399999618530273,31.43000030517578,923.0
2026-06-17T11:25:00-04:00,31.420000076293945,31.420000076293945,31.399999618530273,31.40999984741211,1955.0
2026-06-17T11:30:00-04:00,31.3799991607666,31.3799991607666,31.31999969482422,31.354999542236328,3381.0
2026-06-17T11:35:00-04:00,31.389999389648438,31.485000610351562,31.389999389648438,31.485000610351562,1646.0
2026-06-17T11:40:00-04:00,31.450000762939453,31.450000762939453,31.40999984741211,31.40999984741211,1719.0
2026-06-17T11:45:00-04:00,31.5,31.520000457763672,31.5,31.520000457763672,904.0
2026-06-17T11:50:00-04:00,31.510000228881836,31.510000228881836,31.485000610351562,31.485000610351562,1633.0
2026-06-17T11:55:00-04:00,31.5,31.510000228881836,31.489999771118164,31.510000228881836,861.0
2026-06-17T12:00:00-04:00,31.530000686645508,31.6299991607666,31.5,31.614999771118164,4325.0
2026-06-17T12:05:00-04:00,31.614999771118164,31.75,31.614999771118164,31.75,2958.0
2026-06-17T12:10:00-04:00,31.729999542236328,31.774999618530273,31.719999313354492,31.729999542236328,3363.0
2026-06-17T12:15:00-04:00,31.7549991607666,31.760000228881836,31.739999771118164,31.75,1961.0
2026-06-17T12:20:00-04:00,31.719999313354492,31.75,31.71500015258789,31.75,1176.0
2026-06-17T12:25:00-04:00,31.739999771118164,31.8700008392334,31.739999771118164,31.829999923706055,5063.0
2026-06-17T12:30:00-04:00,31.799999237060547,31.809999465942383,31.790000915527344,31.809999465942383,1475.0
2026-06-17T12:35:00-04:00,31.829999923706055,31.850000381469727,31.829999923706055,31.850000381469727,631.0
2026-06-17T12:40:00-04:00,31.834999084472656,32.0,31.81999969482422,31.959999084472656,12566.0
2026-06-17T12:45:00-04:00,31.959999084472656,32.02000045776367,31.950000762939453,32.02000045776367,6002.0
2026-06-17T12:50:00-04:00,32.02000045776367,32.10499954223633,31.889999389648438,31.889999389648438,32179.0
2026-06-17T12:55:00-04:00,31.8700008392334,31.889999389648438,31.8700008392334,31.889999389648438,1351.0
2026-06-17T13:00:00-04:00,31.885000228881836,31.94499969482422,31.885000228881836,31.94499969482422,5060.0
2026-06-17T13:05:00-04:00,31.969999313354492,31.969999313354492,31.8799991607666,31.8799991607666,2655.0
2026-06-17T13:10:00-04:00,31.8799991607666,31.8799991607666,31.719999313354492,31.834999084472656,8853.0
2026-06-17T13:15:00-04:00,31.832500457763672,31.850000381469727,31.790000915527344,31.790000915527344,1303.0
2026-06-17T13:20:00-04:00,31.829999923706055,31.850000381469727,31.81999969482422,31.81999969482422,2153.0
2026-06-17T13:25:00-04:00,31.81999969482422,31.81999969482422,31.780000686645508,31.780000686645508,2532.0
2026-06-17T13:30:00-04:00,31.774999618530273,31.774999618530273,31.774999618530273,31.774999618530273,918.0
2026-06-17T13:35:00-04:00,31.774999618530273,31.81999969482422,31.774999618530273,31.809999465942383,2725.0
2026-06-17T13:40:00-04:00,31.780000686645508,31.780000686645508,31.780000686645508,31.780000686645508,1549.0
2026-06-17T13:45:00-04:00,31.780000686645508,31.780000686645508,31.75,31.75,2317.0
2026-06-17T13:50:00-04:00,31.760000228881836,31.809999465942383,31.760000228881836,31.770000457763672,3401.0
2026-06-17T13:55:00-04:00,31.799999237060547,31.829999923706055,31.790000915527344,31.815000534057617,1916.0
2026-06-17T14:00:00-04:00,31.81999969482422,31.81999969482422,31.229999542236328,31.229999542236328,15709.0
2026-06-17T14:05:00-04:00,31.200000762939453,31.260000228881836,31.05692481994629,31.260000228881836,5306.0
2026-06-17T14:10:00-04:00,31.31999969482422,31.434999465942383,31.299999237060547,31.299999237060547,4033.0
2026-06-17T14:15:00-04:00,31.440000534057617,31.549999237060547,31.440000534057617,31.510000228881836,3080.0
2026-06-17T14:20:00-04:00,31.514999389648438,31.514999389648438,31.440000534057617,31.440000534057617,5384.0
2026-06-17T14:25:00-04:00,31.3799991607666,31.469999313354492,31.3799991607666,31.44499969482422,3078.0
2026-06-17T14:30:00-04:00,31.450000762939453,31.600000381469727,31.450000762939453,31.4950008392334,6809.0
2026-06-17T14:35:00-04:00,31.489999771118164,31.81999969482422,31.459999084472656,31.719999313354492,7108.0
2026-06-17T14:40:00-04:00,31.729999542236328,31.80500030517578,31.68000030517578,31.80500030517578,4290.0
2026-06-17T14:45:00-04:00,31.809999465942383,31.809999465942383,31.75,31.790000915527344,3871.0
2026-06-17T14:50:00-04:00,31.790000915527344,31.81999969482422,31.719999313354492,31.760000228881836,4628.0
2026-06-17T14:55:00-04:00,31.760000228881836,31.760000228881836,31.46500015258789,31.674999237060547,18234.0
2026-06-17T15:00:00-04:00,31.610000610351562,31.625,31.485000610351562,31.5,4576.0
2026-06-17T15:05:00-04:00,31.489999771118164,31.5,31.420000076293945,31.43000030517578,4464.0
2026-06-17T15:10:00-04:00,31.389999389648438,31.510000228881836,31.329999923706055,31.459999084472656,5118.0
2026-06-17T15:15:00-04:00,31.479999542236328,31.479999542236328,31.360000610351562,31.360000610351562,6473.0
2026-06-17T15:20:00-04:00,31.31999969482422,31.329999923706055,31.239999771118164,31.260000228881836,8736.0
2026-06-17T15:25:00-04:00,31.31999969482422,31.40999984741211,31.31999969482422,31.329999923706055,5851.0
2026-06-17T15:30:00-04:00,31.299999237060547,31.34000015258789,31.270000457763672,31.290000915527344,6974.0
2026-06-17T15:35:00-04:00,31.325000762939453,31.325000762939453,31.200000762939453,31.200000762939453,7949.0
2026-06-17T15:40:00-04:00,31.15999984741211,31.15999984741211,31.09000015258789,31.094999313354492,5550.0
2026-06-17T15:45:00-04:00,31.094999313354492,31.15999984741211,31.094999313354492,31.110000610351562,4670.0
2026-06-17T15:50:00-04:00,31.125,31.1299991607666,30.989999771118164,31.1299991607666,9246.0
2026-06-17T15:55:00-04:00,31.079999923706055,31.155000686645508,31.040000915527344,31.079999923706055,44281.0
2026-06-18T09:30:00-04:00,31.229999542236328,31.229999542236328,31.09000015258789,31.209999084472656,46688.0
2026-06-18T09:35:00-04:00,31.204999923706055,31.204999923706055,30.844999313354492,30.844999313354492,2842.0
2026-06-18T09:40:00-04:00,30.829999923706055,30.829999923706055,30.450000762939453,30.719999313354492,4349.0
2026-06-18T09:45:00-04:00,30.36009979248047,30.690000534057617,30.36009979248047,30.665000915527344,2163.0
2026-06-18T09:50:00-04:00,30.520000457763672,30.520000457763672,30.413999557495117,30.413999557495117,697.0
2026-06-18T09:55:00-04:00,30.413999557495117,30.413999557495117,30.100000381469727,30.3799991607666,25201.0
2026-06-18T10:00:00-04:00,30.385000228881836,30.385000228881836,30.1200008392334,30.385000228881836,3367.0
2026-06-18T10:05:00-04:00,30.40999984741211,30.415000915527344,30.260000228881836,30.287500381469727,2473.0
2026-06-18T10:10:00-04:00,30.334999084472656,30.334999084472656,30.149999618530273,30.200000762939453,5882.0
2026-06-18T10:15:00-04:00,30.1200008392334,30.200000762939453,29.90999984741211,30.200000762939453,2923.0
2026-06-18T10:20:00-04:00,30.149999618530273,30.3700008392334,30.149999618530273,30.3700008392334,3007.0
2026-06-18T10:25:00-04:00,30.25,30.485000610351562,30.25,30.329999923706055,2130.0
2026-06-18T10:30:00-04:00,30.40999984741211,30.559999465942383,30.40999984741211,30.559999465942383,1768.0
2026-06-18T10:35:00-04:00,30.56999969482422,30.575000762939453,30.510000228881836,30.510000228881836,2108.0
2026-06-18T10:40:00-04:00,30.499500274658203,30.499500274658203,30.31999969482422,30.31999969482422,1937.0
2026-06-18T10:45:00-04:00,30.34000015258789,30.391300201416016,30.270000457763672,30.270000457763672,1832.0
2026-06-18T10:50:00-04:00,30.40999984741211,30.5,30.40999984741211,30.43090057373047,2664.0
2026-06-18T10:55:00-04:00,30.479999542236328,30.559999465942383,30.469999313354492,30.530000686645508,3460.0
2026-06-18T11:00:00-04:00,30.489999771118164,30.489999771118164,30.40999984741211,30.450000762939453,1446.0
2026-06-18T11:05:00-04:00,30.3799991607666,30.3799991607666,30.329999923706055,30.329999923706055,931.0
2026-06-18T11:10:00-04:00,30.250099182128906,30.250099182128906,30.06999969482422,30.06999969482422,2779.0
2026-06-18T11:15:00-04:00,30.1299991607666,30.200000762939453,30.1299991607666,30.200000762939453,1618.0
2026-06-18T11:20:00-04:00,30.200000762939453,30.239999771118164,30.200000762939453,30.200000762939453,2109.0
2026-06-18T11:25:00-04:00,30.139999389648438,30.270000457763672,30.059999465942383,30.270000457763672,5568.0
2026-06-18T11:30:00-04:00,30.2450008392334,30.299999237060547,30.200000762939453,30.299999237060547,1149.0
2026-06-18T11:35:00-04:00,30.200000762939453,30.209999084472656,30.094999313354492,30.209999084472656,8444.0
2026-06-18T11:40:00-04:00,30.260000228881836,30.309999465942383,30.239999771118164,30.239999771118164,2029.0
2026-06-18T11:45:00-04:00,30.209999084472656,30.235000610351562,30.209999084472656,30.235000610351562,1695.0
2026-06-18T11:50:00-04:00,30.31999969482422,30.31999969482422,30.309999465942383,30.309999465942383,691.0
2026-06-18T11:55:00-04:00,30.22130012512207,30.29050064086914,30.22130012512207,30.2549991607666,1637.0
2026-06-18T12:00:00-04:00,30.309999465942383,30.34000015258789,30.260000228881836,30.260000228881836,3819.0
2026-06-18T12:05:00-04:00,30.344999313354492,30.344999313354492,30.290000915527344,30.295000076293945,4702.0
2026-06-18T12:10:00-04:00,30.270000457763672,30.274999618530273,30.2549991607666,30.274999618530273,2005.0
2026-06-18T12:15:00-04:00,30.229999542236328,30.239999771118164,30.229999542236328,30.239999771118164,1573.0
2026-06-18T12:20:00-04:00,30.2549991607666,30.2549991607666,30.2549991607666,30.2549991607666,279.0
2026-06-18T12:25:00-04:00,30.264999389648438,30.264999389648438,30.264999389648438,30.264999389648438,995.0
2026-06-18T12:30:00-04:00,30.264999389648438,30.264999389648438,30.229999542236328,30.25,1773.0
2026-06-18T12:35:00-04:00,30.235000610351562,30.350000381469727,30.235000610351562,30.350000381469727,5265.0
2026-06-18T12:40:00-04:00,30.360000610351562,30.360000610351562,30.360000610351562,30.360000610351562,1061.0
2026-06-18T12:45:00-04:00,30.350000381469727,30.360000610351562,30.350000381469727,30.360000610351562,1795.0
2026-06-18T12:50:00-04:00,30.31999969482422,30.31999969482422,30.31999969482422,30.31999969482422,1187.0
2026-06-18T12:55:00-04:00,30.290000915527344,30.299999237060547,30.290000915527344,30.299999237060547,1665.0
2026-06-18T13:00:00-04:00,30.270000457763672,30.329999923706055,30.270000457763672,30.329999923706055,3011.0
2026-06-18T13:05:00-04:00,30.440000534057617,30.459999084472656,30.436599731445312,30.459999084472656,1428.0
2026-06-18T13:10:00-04:00,30.46500015258789,30.469999313354492,30.43000030517578,30.469999313354492,4314.0
2026-06-18T13:25:00-04:00,30.415000915527344,30.420000076293945,30.40999984741211,30.40999984741211,971.0
2026-06-18T13:30:00-04:00,30.440000534057617,30.440000534057617,30.440000534057617,30.440000534057617,311.0
2026-06-18T13:35:00-04:00,30.434999465942383,30.440000534057617,30.434999465942383,30.440000534057617,1334.0
2026-06-18T13:40:00-04:00,30.448999404907227,30.448999404907227,30.389999389648438,30.389999389648438,2519.0
2026-06-18T13:45:00-04:00,30.389999389648438,30.389999389648438,30.3700008392334,30.375,1440.0
2026-06-18T13:50:00-04:00,30.389999389648438,30.389999389648438,30.3700008392334,30.3700008392334,1434.0
2026-06-18T13:55:00-04:00,30.354999542236328,30.3700008392334,30.354999542236328,30.3700008392334,1507.0
2026-06-18T14:00:00-04:00,30.34000015258789,30.34000015258789,30.315000534057617,30.315000534057617,818.0
2026-06-18T14:05:00-04:00,30.315000534057617,30.350000381469727,30.315000534057617,30.34000015258789,2725.0
2026-06-18T14:10:00-04:00,30.34000015258789,30.34000015258789,30.34000015258789,30.34000015258789,474.0
2026-06-18T14:15:00-04:00,30.34000015258789,30.34000015258789,30.34000015258789,30.34000015258789,1653.0
2026-06-18T14:20:00-04:00,30.3700008392334,30.375,30.360000610351562,30.360000610351562,1862.0
2026-06-18T14:25:00-04:00,30.360000610351562,30.420000076293945,30.360000610351562,30.399999618530273,3610.0
2026-06-18T14:30:00-04:00,30.44499969482422,30.44499969482422,30.44499969482422,30.44499969482422,1247.0
2026-06-18T14:35:00-04:00,30.459999084472656,30.459999084472656,30.440000534057617,30.440000534057617,1277.0
2026-06-18T14:40:00-04:00,30.489999771118164,30.489999771118164,30.459999084472656,30.459999084472656,3204.0
2026-06-18T14:50:00-04:00,30.459999084472656,30.459999084472656,30.31999969482422,30.3700008392334,9334.0
2026-06-18T15:00:00-04:00,30.31999969482422,30.31999969482422,30.225000381469727,30.225000381469727,2478.0
2026-06-18T15:05:00-04:00,30.225000381469727,30.229999542236328,30.1299991607666,30.229999542236328,4062.0
2026-06-18T15:10:00-04:00,30.209999084472656,30.239999771118164,30.170000076293945,30.225000381469727,3928.0
2026-06-18T15:15:00-04:00,30.239999771118164,30.280000686645508,30.239999771118164,30.280000686645508,2823.0
2026-06-18T15:20:00-04:00,30.28499984741211,30.309999465942383,30.280000686645508,30.309999465942383,2818.0
2026-06-18T15:25:00-04:00,30.31999969482422,30.334999084472656,30.31999969482422,30.334999084472656,1575.0
2026-06-18T15:30:00-04:00,30.360000610351562,30.3799991607666,30.295000076293945,30.295000076293945,5908.0
2026-06-18T15:35:00-04:00,30.31999969482422,30.3799991607666,30.31999969482422,30.3799991607666,3270.0
2026-06-18T15:40:00-04:00,30.389999389648438,30.424999237060547,30.389999389648438,30.424999237060547,4193.0
2026-06-18T15:45:00-04:00,30.420000076293945,30.510000228881836,30.341999053955078,30.510000228881836,12359.0
2026-06-18T15:50:00-04:00,30.5,30.5,30.270000457763672,30.280000686645508,9138.0
2026-06-18T15:55:00-04:00,30.280000686645508,30.604999542236328,30.280000686645508,30.559999465942383,56225.0
2026-06-22T09:30:00-04:00,30.209999084472656,30.209999084472656,29.950000762939453,30.209999084472656,14159.0
2026-06-22T09:35:00-04:00,30.149999618530273,30.149999618530273,29.959999084472656,29.985000610351562,2057.0
2026-06-22T09:40:00-04:00,29.81999969482422,29.969999313354492,29.6156005859375,29.6156005859375,677.0
2026-06-22T09:45:00-04:00,29.844999313354492,29.844999313354492,29.6200008392334,29.6200008392334,6776.0
2026-06-22T09:50:00-04:00,29.84000015258789,29.850000381469727,29.719999313354492,29.725000381469727,3420.0
2026-06-22T09:55:00-04:00,29.84000015258789,29.860000610351562,29.84000015258789,29.860000610351562,1233.0
2026-06-22T10:00:00-04:00,29.889999389648438,29.889999389648438,29.6299991607666,29.6299991607666,2502.0
2026-06-22T10:05:00-04:00,29.6299991607666,29.81999969482422,29.6299991607666,29.68000030517578,2290.0
2026-06-22T10:10:00-04:00,29.75,29.75,29.614999771118164,29.614999771118164,1868.0
2026-06-22T10:15:00-04:00,29.6299991607666,29.6299991607666,29.510000228881836,29.530000686645508,3672.0
2026-06-22T10:20:00-04:00,29.530000686645508,29.674999237060547,29.530000686645508,29.6200008392334,5494.0
2026-06-22T10:25:00-04:00,29.549999237060547,29.549999237060547,29.459999084472656,29.459999084472656,3860.0
2026-06-22T10:30:00-04:00,29.459999084472656,29.459999084472656,29.299999237060547,29.440000534057617,6506.0
2026-06-22T10:40:00-04:00,29.43000030517578,29.43000030517578,29.229999542236328,29.229999542236328,5273.0
2026-06-22T10:45:00-04:00,29.34000015258789,29.34000015258789,29.270000457763672,29.295000076293945,3114.0
2026-06-22T10:50:00-04:00,29.25,29.309999465942383,29.15999984741211,29.18000030517578,5818.0
2026-06-22T10:55:00-04:00,29.184999465942383,29.260000228881836,29.110000610351562,29.165000915527344,3887.0
2026-06-22T11:00:00-04:00,29.209999084472656,29.299999237060547,29.209999084472656,29.290000915527344,2850.0
2026-06-22T11:05:00-04:00,29.2450008392334,29.35849952697754,29.2450008392334,29.34749984741211,2362.0
2026-06-22T11:10:00-04:00,29.31999969482422,29.34000015258789,29.270000457763672,29.280000686645508,2343.0
2026-06-22T11:15:00-04:00,29.280000686645508,29.299999237060547,29.239999771118164,29.260000228881836,4232.0
2026-06-22T11:20:00-04:00,29.2549991607666,29.309999465942383,29.229999542236328,29.30500030517578,3498.0
2026-06-22T11:25:00-04:00,29.34000015258789,29.350000381469727,29.212799072265625,29.212799072265625,4056.0
2026-06-22T11:30:00-04:00,29.219999313354492,29.239999771118164,29.15999984741211,29.200000762939453,747.0
2026-06-22T11:35:00-04:00,29.200000762939453,29.200000762939453,29.1200008392334,29.149999618530273,3929.0
2026-06-22T11:40:00-04:00,29.170000076293945,29.170000076293945,29.15999984741211,29.15999984741211,491.0
2026-06-22T11:45:00-04:00,29.170000076293945,29.219900131225586,29.079999923706055,29.09000015258789,5166.0
2026-06-22T11:50:00-04:00,29.049999237060547,29.100000381469727,29.049999237060547,29.079999923706055,1755.0
2026-06-22T11:55:00-04:00,29.059999465942383,29.079999923706055,29.049999237060547,29.06999969482422,3814.0
2026-06-22T12:00:00-04:00,29.06999969482422,29.06999969482422,28.955400466918945,29.0,6532.0
2026-06-22T12:05:00-04:00,29.03499984741211,29.040000915527344,28.950000762939453,28.950000762939453,5586.0
2026-06-22T12:10:00-04:00,28.920000076293945,28.920000076293945,28.920000076293945,28.920000076293945,563.0
2026-06-22T12:15:00-04:00,28.920000076293945,29.020000457763672,28.885000228881836,28.96500015258789,7334.0
2026-06-22T12:20:00-04:00,28.93000030517578,28.93000030517578,28.899999618530273,28.899999618530273,681.0
2026-06-22T12:25:00-04:00,28.899999618530273,28.918899536132812,28.860000610351562,28.918899536132812,2719.0
2026-06-22T12:30:00-04:00,28.889999389648438,28.94499969482422,28.889999389648438,28.94499969482422,2307.0
2026-06-22T12:35:00-04:00,28.94499969482422,28.94499969482422,28.889999389648438,28.90999984741211,2041.0
2026-06-22T12:40:00-04:00,28.8799991607666,28.90999984741211,28.8799991607666,28.8799991607666,981.0
2026-06-22T12:45:00-04:00,28.8700008392334,28.90999984741211,28.8700008392334,28.875,1539.0
2026-06-22T12:50:00-04:00,28.915000915527344,29.100000381469727,28.915000915527344,29.022499084472656,6445.0
2026-06-22T12:55:00-04:00,29.149999618530273,29.280000686645508,29.149999618530273,29.239999771118164,4794.0
2026-06-22T13:00:00-04:00,29.209999084472656,29.217500686645508,29.149999618530273,29.15999984741211,1916.0
2026-06-22T13:05:00-04:00,29.15999984741211,29.15999984741211,29.135000228881836,29.139999389648438,2099.0
2026-06-22T13:10:00-04:00,29.15999984741211,29.15999984741211,29.1200008392334,29.1200008392334,2684.0
2026-06-22T13:15:00-04:00,29.139999389648438,29.18000030517578,29.110000610351562,29.18000030517578,3490.0
2026-06-22T13:20:00-04:00,29.190000534057617,29.190000534057617,29.15999984741211,29.170000076293945,1538.0
2026-06-22T13:25:00-04:00,29.170000076293945,29.170000076293945,29.05500030517578,29.075000762939453,5062.0
2026-06-22T13:30:00-04:00,29.110000610351562,29.139999389648438,29.110000610351562,29.139999389648438,3023.0
2026-06-22T13:35:00-04:00,29.149999618530273,29.2549991607666,29.149999618530273,29.219999313354492,3117.0
2026-06-22T13:40:00-04:00,29.200000762939453,29.200000762939453,29.1299991607666,29.1299991607666,1832.0
2026-06-22T13:45:00-04:00,29.139999389648438,29.149999618530273,29.079999923706055,29.079999923706055,1731.0
2026-06-22T13:50:00-04:00,29.079999923706055,29.110000610351562,29.079999923706055,29.110000610351562,1552.0
2026-06-22T13:55:00-04:00,29.149999618530273,29.170000076293945,29.139999389648438,29.15999984741211,1309.0
2026-06-22T14:00:00-04:00,29.1299991607666,29.1299991607666,29.06999969482422,29.070100784301758,2940.0
2026-06-22T14:05:00-04:00,29.09000015258789,29.1299991607666,29.09000015258789,29.1299991607666,1796.0
2026-06-22T14:10:00-04:00,29.110000610351562,29.110000610351562,29.06999969482422,29.110000610351562,2376.0
2026-06-22T14:15:00-04:00,29.08930015563965,29.08930015563965,29.059999465942383,29.059999465942383,1867.0
2026-06-22T14:20:00-04:00,29.05500030517578,29.09000015258789,29.05500030517578,29.09000015258789,2237.0
2026-06-22T14:25:00-04:00,29.084999084472656,29.084999084472656,29.040000915527344,29.040000915527344,2081.0
2026-06-22T14:30:00-04:00,29.040000915527344,29.059999465942383,29.040000915527344,29.049999237060547,2816.0
2026-06-22T14:35:00-04:00,29.049999237060547,29.049999237060547,29.010000228881836,29.010000228881836,3555.0
2026-06-22T14:40:00-04:00,28.979999542236328,28.979999542236328,28.950000762939453,28.950000762939453,2411.0
2026-06-22T14:45:00-04:00,28.959999084472656,29.0,28.959999084472656,29.0,4519.0
2026-06-22T14:50:00-04:00,29.0,29.0,28.920000076293945,28.93000030517578,3629.0
2026-06-22T14:55:00-04:00,28.950000762939453,28.950000762939453,28.93000030517578,28.93000030517578,4072.0
2026-06-22T15:00:00-04:00,28.899999618530273,28.899999618530273,28.780000686645508,28.809999465942383,4611.0
2026-06-22T15:05:00-04:00,28.799999237060547,28.799999237060547,28.639999389648438,28.725000381469727,8699.0
2026-06-22T15:10:00-04:00,28.739999771118164,28.760000228881836,28.690000534057617,28.690000534057617,3836.0
2026-06-22T15:15:00-04:00,28.700000762939453,28.719999313354492,28.6200008392334,28.719999313354492,23746.0
2026-06-22T15:20:00-04:00,28.739999771118164,28.75,28.700000762939453,28.700000762939453,4367.0
2026-06-22T15:25:00-04:00,28.65999984741211,28.670000076293945,28.61240005493164,28.639999389648438,3960.0
2026-06-22T15:30:00-04:00,28.6299991607666,28.69499969482422,28.610000610351562,28.635000228881836,9109.0
2026-06-22T15:35:00-04:00,28.635000228881836,28.75,28.635000228881836,28.725000381469727,13481.0
2026-06-22T15:40:00-04:00,28.709999084472656,28.709999084472656,28.610000610351562,28.610000610351562,6360.0
2026-06-22T15:45:00-04:00,28.614999771118164,28.639999389648438,28.600000381469727,28.610000610351562,6952.0
2026-06-22T15:50:00-04:00,28.610000610351562,28.790000915527344,28.59000015258789,28.75,41092.0
2026-06-22T15:55:00-04:00,28.7450008392334,28.899999618530273,28.700000762939453,28.860000610351562,41110.0
2026-06-23T09:30:00-04:00,27.75,27.969999313354492,27.600000381469727,27.969999313354492,27737.0
2026-06-23T09:35:00-04:00,28.0,28.135000228881836,27.84000015258789,28.0,2616.0
2026-06-23T09:40:00-04:00,28.114999771118164,28.114999771118164,28.114999771118164,28.114999771118164,425.0
2026-06-23T09:45:00-04:00,28.1299991607666,28.1299991607666,27.900100708007812,27.900100708007812,1034.0
2026-06-23T09:50:00-04:00,28.18000030517578,28.479999542236328,28.18000030517578,28.450000762939453,3210.0
2026-06-23T09:55:00-04:00,28.479999542236328,28.5,28.469999313354492,28.469999313354492,1124.0
2026-06-23T10:00:00-04:00,28.605300903320312,28.605300903320312,28.514999389648438,28.514999389648438,601.0
2026-06-23T10:05:00-04:00,28.530000686645508,28.530000686645508,28.3799991607666,28.469999313354492,3734.0
2026-06-23T10:10:00-04:00,28.450000762939453,28.479999542236328,28.389999389648438,28.479999542236328,2168.0
2026-06-23T10:15:00-04:00,28.400699615478516,28.475000381469727,28.389999389648438,28.475000381469727,3214.0
2026-06-23T10:20:00-04:00,28.559999465942383,28.790000915527344,28.469999313354492,28.56999969482422,5818.0
2026-06-23T10:25:00-04:00,28.489999771118164,28.489999771118164,28.420000076293945,28.469999313354492,2524.0
2026-06-23T10:30:00-04:00,28.510000228881836,28.520000457763672,28.440000534057617,28.440000534057617,2344.0
2026-06-23T10:35:00-04:00,28.481800079345703,28.481800079345703,28.405000686645508,28.405000686645508,2223.0
2026-06-23T10:45:00-04:00,28.350000381469727,28.3700008392334,28.31999969482422,28.3700008392334,3132.0
2026-06-23T10:50:00-04:00,28.375,28.375,28.3700008392334,28.3700008392334,797.0
2026-06-23T10:55:00-04:00,28.440000534057617,28.440000534057617,28.440000534057617,28.440000534057617,619.0
2026-06-23T11:00:00-04:00,28.389999389648438,28.540000915527344,28.389999389648438,28.459999084472656,6932.0
2026-06-23T11:05:00-04:00,28.510000228881836,28.510000228881836,28.420000076293945,28.420000076293945,2605.0
2026-06-23T11:10:00-04:00,28.43000030517578,28.454999923706055,28.43000030517578,28.454999923706055,1327.0
2026-06-23T11:15:00-04:00,28.460500717163086,28.460500717163086,28.420000076293945,28.420000076293945,2376.0
2026-06-23T11:20:00-04:00,28.450000762939453,28.524999618530273,28.450000762939453,28.524999618530273,6845.0
2026-06-23T11:25:00-04:00,28.530000686645508,28.545000076293945,28.479999542236328,28.524999618530273,4678.0
2026-06-23T11:30:00-04:00,28.56999969482422,28.600000381469727,28.56999969482422,28.594999313354492,1652.0
2026-06-23T11:35:00-04:00,28.610000610351562,28.610000610351562,28.549999237060547,28.549999237060547,3214.0
2026-06-23T11:40:00-04:00,28.575000762939453,28.600000381469727,28.575000762939453,28.600000381469727,1413.0
2026-06-23T11:45:00-04:00,28.56999969482422,28.584999084472656,28.56999969482422,28.575199127197266,858.0
2026-06-23T11:50:00-04:00,28.550100326538086,28.6200008392334,28.550100326538086,28.6200008392334,2192.0
2026-06-23T11:55:00-04:00,28.6200008392334,28.635000228881836,28.59000015258789,28.59000015258789,1325.0
2026-06-23T12:00:00-04:00,28.649999618530273,28.684999465942383,28.639999389648438,28.684999465942383,2564.0
2026-06-23T12:05:00-04:00,28.690000534057617,28.735000610351562,28.690000534057617,28.735000610351562,1445.0
2026-06-23T12:10:00-04:00,28.770000457763672,28.780000686645508,28.700000762939453,28.719999313354492,5774.0
2026-06-23T12:15:00-04:00,28.670000076293945,28.690000534057617,28.614999771118164,28.614999771118164,2176.0
2026-06-23T12:20:00-04:00,28.600000381469727,28.628299713134766,28.600000381469727,28.628299713134766,516.0
2026-06-23T12:25:00-04:00,28.6299991607666,28.65999984741211,28.6299991607666,28.65999984741211,1249.0
2026-06-23T12:30:00-04:00,28.6299991607666,28.6299991607666,28.6299991607666,28.6299991607666,606.0
2026-06-23T12:35:00-04:00,28.620100021362305,28.649999618530273,28.600000381469727,28.600000381469727,4514.0
2026-06-23T12:40:00-04:00,28.614999771118164,28.614999771118164,28.614999771118164,28.614999771118164,952.0
2026-06-23T12:45:00-04:00,28.59000015258789,28.610000610351562,28.59000015258789,28.610000610351562,2430.0
2026-06-23T13:00:00-04:00,28.59000015258789,28.59000015258789,28.59000015258789,28.59000015258789,1173.0
2026-06-23T13:05:00-04:00,28.600000381469727,28.600000381469727,28.559999465942383,28.559999465942383,2166.0
2026-06-23T13:10:00-04:00,28.59000015258789,28.639999389648438,28.59000015258789,28.639999389648438,1781.0
2026-06-23T13:15:00-04:00,28.639999389648438,28.639999389648438,28.639999389648438,28.639999389648438,1731.0
2026-06-23T13:20:00-04:00,28.649999618530273,28.655000686645508,28.649999618530273,28.655000686645508,908.0
2026-06-23T13:25:00-04:00,28.6299991607666,28.639999389648438,28.610000610351562,28.610000610351562,1820.0
2026-06-23T13:30:00-04:00,28.6200008392334,28.6200008392334,28.579999923706055,28.579999923706055,1100.0
2026-06-23T13:40:00-04:00,28.604999542236328,28.604999542236328,28.549999237060547,28.549999237060547,3798.0
2026-06-23T13:45:00-04:00,28.549999237060547,28.549999237060547,28.549999237060547,28.549999237060547,654.0
2026-06-23T13:50:00-04:00,28.540000915527344,28.540000915527344,28.530000686645508,28.530000686645508,2259.0
2026-06-23T13:55:00-04:00,28.524999618530273,28.524999618530273,28.524999618530273,28.524999618530273,235.0
2026-06-23T14:00:00-04:00,28.510000228881836,28.524999618530273,28.479999542236328,28.479999542236328,3244.0
2026-06-23T14:05:00-04:00,28.479999542236328,28.489999771118164,28.44499969482422,28.44499969482422,3933.0
2026-06-23T14:10:00-04:00,28.440000534057617,28.459999084472656,28.440000534057617,28.459999084472656,1270.0
2026-06-23T14:15:00-04:00,28.440000534057617,28.450000762939453,28.360000610351562,28.364999771118164,2209.0
2026-06-23T14:20:00-04:00,28.3799991607666,28.399999618530273,28.3799991607666,28.399999618530273,974.0
2026-06-23T14:25:00-04:00,28.389999389648438,28.389999389648438,28.3700008392334,28.389999389648438,2303.0
2026-06-23T14:30:00-04:00,28.385000228881836,28.389999389648438,28.360000610351562,28.389999389648438,1188.0
2026-06-23T14:35:00-04:00,28.350000381469727,28.350000381469727,28.33009910583496,28.33009910583496,2282.0
2026-06-23T14:40:00-04:00,28.329999923706055,28.329999923706055,28.31999969482422,28.31999969482422,1629.0
2026-06-23T14:45:00-04:00,28.34000015258789,28.350000381469727,28.34000015258789,28.34000015258789,3918.0
2026-06-23T14:50:00-04:00,28.360000610351562,28.360000610351562,28.31999969482422,28.329999923706055,5421.0
2026-06-23T14:55:00-04:00,28.31999969482422,28.3700008392334,28.310100555419922,28.364999771118164,6459.0
2026-06-23T15:00:00-04:00,28.3799991607666,28.46500015258789,28.360000610351562,28.46500015258789,4763.0
2026-06-23T15:05:00-04:00,28.489999771118164,28.489999771118164,28.399999618530273,28.399999618530273,3635.0
2026-06-23T15:10:00-04:00,28.415000915527344,28.415000915527344,28.415000915527344,28.415000915527344,885.0
2026-06-23T15:15:00-04:00,28.424999237060547,28.450000762939453,28.420000076293945,28.43000030517578,3538.0
2026-06-23T15:20:00-04:00,28.44499969482422,28.520000457763672,28.44499969482422,28.5,3682.0
2026-06-23T15:25:00-04:00,28.489999771118164,28.489999771118164,28.454999923706055,28.46500015258789,3893.0
2026-06-23T15:30:00-04:00,28.469999313354492,28.480899810791016,28.440000534057617,28.480899810791016,5668.0
2026-06-23T15:35:00-04:00,28.5,28.5,28.440000534057617,28.489999771118164,6987.0
2026-06-23T15:40:00-04:00,28.475000381469727,28.475000381469727,28.389999389648438,28.40999984741211,5128.0
2026-06-23T15:45:00-04:00,28.43000030517578,28.43000030517578,28.3700008392334,28.3700008392334,8736.0
2026-06-23T15:50:00-04:00,28.360000610351562,28.385000228881836,28.280000686645508,28.385000228881836,13782.0
2026-06-23T15:55:00-04:00,28.399999618530273,28.399999618530273,28.104999542236328,28.110000610351562,54458.0
2026-06-24T09:30:00-04:00,27.719999313354492,28.114999771118164,27.709999084472656,27.860000610351562,15432.0
2026-06-24T09:35:00-04:00,28.104999542236328,28.104999542236328,27.75,27.905000686645508,4086.0
2026-06-24T09:40:00-04:00,27.905000686645508,27.905000686645508,27.663999557495117,27.799999237060547,3401.0
2026-06-24T09:45:00-04:00,27.799999237060547,27.825000762939453,27.7549991607666,27.770000457763672,4733.0
2026-06-24T09:50:00-04:00,27.979999542236328,28.06999969482422,27.920000076293945,27.94499969482422,4323.0
2026-06-24T09:55:00-04:00,27.924999237060547,28.06999969482422,27.920000076293945,28.010000228881836,1269.0
2026-06-24T10:00:00-04:00,27.760000228881836,27.760000228881836,27.5856990814209,27.75,14826.0
2026-06-24T10:05:00-04:00,27.780000686645508,28.059999465942383,27.780000686645508,28.010000228881836,6165.0
2026-06-24T10:10:00-04:00,28.0,28.0,27.90999984741211,27.93939971923828,4096.0
2026-06-24T10:15:00-04:00,27.920000076293945,27.920000076293945,27.920000076293945,27.920000076293945,2469.0
2026-06-24T10:20:00-04:00,27.924999237060547,28.209999084472656,27.924999237060547,28.209999084472656,6215.0
2026-06-24T10:25:00-04:00,28.174999237060547,28.235000610351562,28.1299991607666,28.165000915527344,11699.0
2026-06-24T10:30:00-04:00,28.219999313354492,28.239999771118164,28.139999389648438,28.170000076293945,6250.0
2026-06-24T10:35:00-04:00,28.170000076293945,28.170000076293945,28.170000076293945,28.170000076293945,1746.0
2026-06-24T10:40:00-04:00,28.15999984741211,28.209999084472656,28.1299991607666,28.209999084472656,3499.0
2026-06-24T10:45:00-04:00,28.219999313354492,28.309999465942383,28.219999313354492,28.309999465942383,1041.0
2026-06-24T10:50:00-04:00,28.350000381469727,28.479999542236328,28.350000381469727,28.440000534057617,3555.0
2026-06-24T10:55:00-04:00,28.389999389648438,28.389999389648438,28.360000610351562,28.360000610351562,2626.0
2026-06-24T11:00:00-04:00,28.34000015258789,28.399999618530273,28.34000015258789,28.3799991607666,3347.0
2026-06-24T11:05:00-04:00,28.40999984741211,28.44499969482422,28.360000610351562,28.44499969482422,2193.0
2026-06-24T11:10:00-04:00,28.454999923706055,28.510000228881836,28.420000076293945,28.479999542236328,2584.0
2026-06-24T11:15:00-04:00,28.520000457763672,28.600000381469727,28.510000228881836,28.510000228881836,4234.0
2026-06-24T11:20:00-04:00,28.530000686645508,28.530000686645508,28.530000686645508,28.530000686645508,1158.0
2026-06-24T11:25:00-04:00,28.469999313354492,28.575000762939453,28.440000534057617,28.575000762939453,3382.0
2026-06-24T11:30:00-04:00,28.549999237060547,28.549999237060547,28.540000915527344,28.549999237060547,1562.0
2026-06-24T11:35:00-04:00,28.545000076293945,28.545000076293945,28.479999542236328,28.479999542236328,2573.0
2026-06-24T11:40:00-04:00,28.485000610351562,28.5,28.469999313354492,28.4950008392334,2148.0
2026-06-24T11:45:00-04:00,28.5,28.510000228881836,28.479999542236328,28.510000228881836,1743.0
2026-06-24T11:50:00-04:00,28.530000686645508,28.600000381469727,28.530000686645508,28.600000381469727,4097.0
2026-06-24T11:55:00-04:00,28.540000915527344,28.559999465942383,28.530000686645508,28.530000686645508,1854.0
2026-06-24T12:00:00-04:00,28.530000686645508,28.549999237060547,28.5,28.524999618530273,2382.0
2026-06-24T12:05:00-04:00,28.520000457763672,28.520000457763672,28.469999313354492,28.469999313354492,3015.0
2026-06-24T12:10:00-04:00,28.469999313354492,28.510000228881836,28.469999313354492,28.510000228881836,2637.0
2026-06-24T12:15:00-04:00,28.579999923706055,28.600000381469727,28.579999923706055,28.600000381469727,1530.0
2026-06-24T12:20:00-04:00,28.579999923706055,28.639999389648438,28.579999923706055,28.639999389648438,2076.0
2026-06-24T12:25:00-04:00,28.635000228881836,28.690000534057617,28.635000228881836,28.665000915527344,1678.0
2026-06-24T12:30:00-04:00,28.68000030517578,28.68000030517578,28.68000030517578,28.68000030517578,509.0
2026-06-24T12:35:00-04:00,28.690000534057617,28.71500015258789,28.670000076293945,28.674999237060547,4927.0
2026-06-24T12:40:00-04:00,28.690000534057617,28.69499969482422,28.65999984741211,28.670000076293945,3670.0
2026-06-24T12:45:00-04:00,28.670000076293945,28.68000030517578,28.65399932861328,28.670000076293945,959.0
2026-06-24T12:50:00-04:00,28.665000915527344,28.665000915527344,28.6200008392334,28.6200008392334,3758.0
2026-06-24T12:55:00-04:00,28.610000610351562,28.6200008392334,28.59000015258789,28.600000381469727,6112.0
2026-06-24T13:00:00-04:00,28.579999923706055,28.59000015258789,28.510099411010742,28.579999923706055,4084.0
2026-06-24T13:05:00-04:00,28.559999465942383,28.579999923706055,28.545000076293945,28.579999923706055,2645.0
2026-06-24T13:10:00-04:00,28.56999969482422,28.56999969482422,28.565000534057617,28.565000534057617,1295.0
2026-06-24T13:15:00-04:00,28.565000534057617,28.565000534057617,28.540000915527344,28.540000915527344,1768.0
2026-06-24T13:20:00-04:00,28.510000228881836,28.530000686645508,28.479999542236328,28.479999542236328,2853.0
2026-06-24T13:25:00-04:00,28.469999313354492,28.5,28.440000534057617,28.485000610351562,5438.0
2026-06-24T13:30:00-04:00,28.43000030517578,28.440000534057617,28.43000030517578,28.440000534057617,1279.0
2026-06-24T13:35:00-04:00,28.459999084472656,28.479999542236328,28.415000915527344,28.475000381469727,4110.0
2026-06-24T13:40:00-04:00,28.479999542236328,28.510000228881836,28.479999542236328,28.5,2777.0
2026-06-24T13:45:00-04:00,28.5,28.559999465942383,28.5,28.559999465942383,2828.0
2026-06-24T13:50:00-04:00,28.540000915527344,28.59000015258789,28.53499984741211,28.559999465942383,3989.0
2026-06-24T13:55:00-04:00,28.59000015258789,28.6200008392334,28.530000686645508,28.540000915527344,4158.0
2026-06-24T14:00:00-04:00,28.559999465942383,28.602500915527344,28.559999465942383,28.565000534057617,1985.0
2026-06-24T14:05:00-04:00,28.56999969482422,28.670000076293945,28.56999969482422,28.670000076293945,3423.0
2026-06-24T14:10:00-04:00,28.670000076293945,28.770000457763672,28.670000076293945,28.739999771118164,2089.0
2026-06-24T14:15:00-04:00,28.7450008392334,28.764999389648438,28.709999084472656,28.725000381469727,3866.0
2026-06-24T14:20:00-04:00,28.700000762939453,28.7189998626709,28.68000030517578,28.700000762939453,3868.0
2026-06-24T14:25:00-04:00,28.719999313354492,28.75,28.709999084472656,28.75,3597.0
2026-06-24T14:30:00-04:00,28.760000228881836,28.760000228881836,28.729999542236328,28.729999542236328,1970.0
2026-06-24T14:35:00-04:00,28.719999313354492,28.729999542236328,28.6200008392334,28.6200008392334,13574.0
2026-06-24T14:40:00-04:00,28.600000381469727,28.6299991607666,28.520000457763672,28.524999618530273,2507.0
2026-06-24T14:45:00-04:00,28.524999618530273,28.524999618530273,28.459999084472656,28.489999771118164,3951.0
2026-06-24T14:50:00-04:00,28.450000762939453,28.4950008392334,28.440000534057617,28.469999313354492,4199.0
2026-06-24T14:55:00-04:00,28.469999313354492,28.489999771118164,28.440000534057617,28.489999771118164,7591.0
2026-06-24T15:00:00-04:00,28.4950008392334,28.510000228881836,28.46500015258789,28.479999542236328,4907.0
2026-06-24T15:05:00-04:00,28.459999084472656,28.485000610351562,28.399999618530273,28.420000076293945,4008.0
2026-06-24T15:10:00-04:00,28.399999618530273,28.46500015258789,28.399999618530273,28.450000762939453,5039.0
2026-06-24T15:15:00-04:00,28.454999923706055,28.485000610351562,28.454999923706055,28.475000381469727,3419.0
2026-06-24T15:20:00-04:00,28.459999084472656,28.46500015258789,28.395000457763672,28.395000457763672,4434.0
2026-06-24T15:25:00-04:00,28.405000686645508,28.459999084472656,28.405000686645508,28.459999084472656,4686.0
2026-06-24T15:30:00-04:00,28.459999084472656,28.479999542236328,28.43000030517578,28.450000762939453,6587.0
2026-06-24T15:35:00-04:00,28.44499969482422,28.469999313354492,28.43000030517578,28.44499969482422,5160.0
2026-06-24T15:40:00-04:00,28.459999084472656,28.65999984741211,28.459999084472656,28.6299991607666,8949.0
2026-06-24T15:45:00-04:00,28.6299991607666,28.739999771118164,28.6299991607666,28.65999984741211,13161.0
2026-06-24T15:50:00-04:00,28.68000030517578,28.719999313354492,28.649999618530273,28.69499969482422,10413.0
2026-06-24T15:55:00-04:00,28.700000762939453,28.725000381469727,28.65999984741211,28.68000030517578,40468.0
2026-06-25T09:30:00-04:00,29.100000381469727,29.100000381469727,28.81999969482422,28.81999969482422,4077.0
2026-06-25T09:35:00-04:00,29.280000686645508,29.28499984741211,28.90999984741211,29.28499984741211,6507.0
2026-06-25T09:40:00-04:00,28.985000610351562,28.985000610351562,28.985000610351562,28.985000610351562,683.0
2026-06-25T09:45:00-04:00,29.059999465942383,29.059999465942383,28.67009925842285,28.9242000579834,4642.0
2026-06-25T09:50:00-04:00,28.950000762939453,29.0,28.895000457763672,28.906999588012695,3432.0
2026-06-25T09:55:00-04:00,28.889999389648438,28.889999389648438,28.889999389648438,28.889999389648438,639.0
2026-06-25T10:00:00-04:00,28.80900001525879,28.80900001525879,28.68000030517578,28.68000030517578,2034.0
2026-06-25T10:05:00-04:00,28.885000228881836,29.09000015258789,28.885000228881836,29.09000015258789,3196.0
2026-06-25T10:10:00-04:00,29.06999969482422,29.06999969482422,28.780000686645508,28.780000686645508,2458.0
2026-06-25T10:15:00-04:00,28.790000915527344,29.030000686645508,28.790000915527344,29.030000686645508,3704.0
2026-06-25T10:20:00-04:00,29.05500030517578,29.200000762939453,29.05500030517578,29.135000228881836,5659.0
2026-06-25T10:25:00-04:00,29.127500534057617,29.489999771118164,29.127500534057617,29.3700008392334,5181.0
2026-06-25T10:30:00-04:00,29.3700008392334,29.530000686645508,29.270000457763672,29.489999771118164,10967.0
2026-06-25T10:35:00-04:00,29.610000610351562,29.610000610351562,29.5049991607666,29.5049991607666,1390.0
2026-06-25T10:40:00-04:00,29.56999969482422,29.579999923706055,29.5,29.5,1605.0
2026-06-25T10:45:00-04:00,29.5,29.579999923706055,29.424999237060547,29.56999969482422,1755.0
2026-06-25T10:50:00-04:00,29.5,29.729999542236328,29.5,29.559999465942383,5493.0
2026-06-25T10:55:00-04:00,29.549999237060547,29.559999465942383,29.450000762939453,29.520000457763672,2005.0
2026-06-25T11:00:00-04:00,29.459999084472656,29.520000457763672,29.450000762939453,29.520000457763672,1514.0
2026-06-25T11:05:00-04:00,29.540000915527344,29.604999542236328,29.479999542236328,29.479999542236328,3531.0
2026-06-25T11:10:00-04:00,29.530000686645508,29.56999969482422,29.290000915527344,29.290000915527344,6678.0
2026-06-25T11:15:00-04:00,29.290000915527344,29.399999618530273,29.280000686645508,29.399999618530273,1409.0
2026-06-25T11:20:00-04:00,29.40999984741211,29.790000915527344,29.40999984741211,29.790000915527344,11364.0
2026-06-25T11:25:00-04:00,29.760000228881836,29.77989959716797,29.65999984741211,29.684999465942383,14023.0
2026-06-25T11:30:00-04:00,29.684999465942383,29.700000762939453,29.655000686645508,29.65999984741211,23053.0
2026-06-25T11:35:00-04:00,29.649999618530273,29.729999542236328,29.639999389648438,29.639999389648438,4815.0
2026-06-25T11:40:00-04:00,29.65999984741211,29.65999984741211,29.56999969482422,29.56999969482422,6176.0
2026-06-25T11:45:00-04:00,29.579999923706055,29.600000381469727,29.540000915527344,29.540000915527344,2108.0
2026-06-25T11:50:00-04:00,29.579999923706055,29.579999923706055,29.579999923706055,29.579999923706055,1169.0
2026-06-25T11:55:00-04:00,29.600000381469727,29.639999389648438,29.600000381469727,29.604999542236328,2334.0
2026-06-25T12:00:00-04:00,29.579999923706055,29.6299991607666,29.56999969482422,29.610000610351562,2119.0
2026-06-25T12:05:00-04:00,29.611799240112305,29.649999618530273,29.610000610351562,29.649999618530273,1711.0
2026-06-25T12:10:00-04:00,29.65999984741211,29.709999084472656,29.65999984741211,29.709999084472656,827.0
2026-06-25T12:15:00-04:00,29.780000686645508,29.780000686645508,29.75,29.75,1130.0
2026-06-25T12:20:00-04:00,29.709999084472656,29.709999084472656,29.65999984741211,29.65999984741211,1549.0
2026-06-25T12:25:00-04:00,29.674999237060547,29.75,29.674999237060547,29.75,1147.0
2026-06-25T12:30:00-04:00,29.700000762939453,29.739999771118164,29.639999389648438,29.704999923706055,3317.0
2026-06-25T12:35:00-04:00,29.639999389648438,29.639999389648438,29.6299991607666,29.6299991607666,897.0
2026-06-25T12:40:00-04:00,29.639999389648438,29.649999618530273,29.59000015258789,29.59000015258789,3184.0
2026-06-25T12:45:00-04:00,29.600000381469727,29.610000610351562,29.579999923706055,29.579999923706055,1015.0
2026-06-25T12:50:00-04:00,29.575000762939453,29.6200008392334,29.575000762939453,29.600000381469727,1033.0
2026-06-25T12:55:00-04:00,29.549999237060547,29.549999237060547,29.549999237060547,29.549999237060547,480.0
2026-06-25T13:00:00-04:00,29.579999923706055,29.579999923706055,29.579999923706055,29.579999923706055,1465.0
2026-06-25T13:05:00-04:00,29.579999923706055,29.59000015258789,29.579999923706055,29.579999923706055,1179.0
2026-06-25T13:10:00-04:00,29.600000381469727,29.6200008392334,29.540000915527344,29.6200008392334,2293.0
2026-06-25T13:15:00-04:00,29.614999771118164,29.614999771118164,29.59000015258789,29.59000015258789,2521.0
2026-06-25T13:20:00-04:00,29.530000686645508,29.545000076293945,29.450000762939453,29.4950008392334,3562.0
2026-06-25T13:25:00-04:00,29.530000686645508,29.530000686645508,29.479999542236328,29.479999542236328,2785.0
2026-06-25T13:30:00-04:00,29.43000030517578,29.450000762939453,29.43000030517578,29.450000762939453,618.0
2026-06-25T13:35:00-04:00,29.450000762939453,29.450000762939453,29.424999237060547,29.424999237060547,779.0
2026-06-25T13:40:00-04:00,29.40999984741211,29.40999984741211,29.334999084472656,29.334999084472656,2419.0
2026-06-25T13:45:00-04:00,29.309999465942383,29.31999969482422,29.309999465942383,29.31999969482422,2505.0
2026-06-25T13:55:00-04:00,29.31999969482422,29.31999969482422,29.31999969482422,29.31999969482422,1159.0
2026-06-25T14:00:00-04:00,29.299999237060547,29.299999237060547,29.219999313354492,29.219999313354492,1959.0
2026-06-25T14:10:00-04:00,29.229999542236328,29.229999542236328,29.229999542236328,29.229999542236328,682.0
2026-06-25T14:15:00-04:00,29.209999084472656,29.25,29.209999084472656,29.229999542236328,1642.0
2026-06-25T14:20:00-04:00,29.209999084472656,29.229999542236328,29.200000762939453,29.200000762939453,1465.0
2026-06-25T14:25:00-04:00,29.210899353027344,29.30500030517578,29.210899353027344,29.30500030517578,1904.0
2026-06-25T14:30:00-04:00,29.31999969482422,29.31999969482422,29.299999237060547,29.309999465942383,1783.0
2026-06-25T14:35:00-04:00,29.280000686645508,29.350000381469727,29.280000686645508,29.34000015258789,1892.0
2026-06-25T14:40:00-04:00,29.360000610351562,29.389999389648438,29.360000610351562,29.3799991607666,2443.0
2026-06-25T14:45:00-04:00,29.399999618530273,29.434999465942383,29.31999969482422,29.385000228881836,4577.0
2026-06-25T14:50:00-04:00,29.385000228881836,29.389999389648438,29.385000228881836,29.389999389648438,1154.0
2026-06-25T14:55:00-04:00,29.385000228881836,29.440000534057617,29.385000228881836,29.440000534057617,1672.0
2026-06-25T15:00:00-04:00,29.3799991607666,29.3799991607666,29.375,29.375,2054.0
2026-06-25T15:05:00-04:00,29.3700008392334,29.389999389648438,29.3700008392334,29.3700008392334,3246.0
2026-06-25T15:10:00-04:00,29.360000610351562,29.360000610351562,29.34000015258789,29.34000015258789,1453.0
2026-06-25T15:15:00-04:00,29.31999969482422,29.329999923706055,29.280000686645508,29.280000686645508,2493.0
2026-06-25T15:20:00-04:00,29.299999237060547,29.329999923706055,29.295000076293945,29.329999923706055,2690.0
2026-06-25T15:25:00-04:00,29.3799991607666,29.3799991607666,29.3799991607666,29.3799991607666,1429.0
2026-06-25T15:30:00-04:00,29.360000610351562,29.399999618530273,29.360000610351562,29.360000610351562,3249.0
2026-06-25T15:35:00-04:00,29.350000381469727,29.360000610351562,29.31999969482422,29.350000381469727,5917.0
2026-06-25T15:40:00-04:00,29.33989906311035,29.33989906311035,29.229999542236328,29.229999542236328,2271.0
2026-06-25T15:45:00-04:00,29.260000228881836,29.350000381469727,29.219999313354492,29.350000381469727,5285.0
2026-06-25T15:50:00-04:00,29.344999313354492,29.479999542236328,29.282499313354492,29.479999542236328,5076.0
2026-06-25T15:55:00-04:00,29.520000457763672,29.6299991607666,29.479999542236328,29.6200008392334,38670.0
2026-06-26T09:30:00-04:00,29.209999084472656,29.6200008392334,29.209999084472656,29.6200008392334,5346.0
2026-06-26T09:35:00-04:00,28.99410057067871,29.6299991607666,28.99410057067871,29.610000610351562,2577.0
2026-06-26T09:40:00-04:00,29.704999923706055,29.780000686645508,29.704999923706055,29.780000686645508,896.0
2026-06-26T09:45:00-04:00,29.774999618530273,29.774999618530273,29.774999618530273,29.774999618530273,1145.0
2026-06-26T09:50:00-04:00,29.639999389648438,29.774999618530273,29.639999389648438,29.774999618530273,1193.0
2026-06-26T10:00:00-04:00,29.93000030517578,30.0,29.90999984741211,30.0,1888.0
2026-06-26T10:05:00-04:00,29.90999984741211,29.90999984741211,29.90999984741211,29.90999984741211,269.0
2026-06-26T10:10:00-04:00,29.975000381469727,30.110000610351562,29.975000381469727,30.104999542236328,2891.0
2026-06-26T10:15:00-04:00,30.104999542236328,30.139999389648438,29.990100860595703,30.139999389648438,805.0
2026-06-26T10:20:00-04:00,30.079999923706055,30.079999923706055,29.895000457763672,29.969999313354492,2317.0
2026-06-26T10:25:00-04:00,30.040000915527344,30.049999237060547,29.969999313354492,30.024999618530273,3114.0
2026-06-26T10:30:00-04:00,29.979999542236328,29.979999542236328,29.8799991607666,29.954999923706055,4224.0
2026-06-26T10:35:00-04:00,29.8700008392334,29.8700008392334,29.799999237060547,29.81999969482422,857.0
2026-06-26T10:40:00-04:00,29.770000457763672,29.799999237060547,29.725000381469727,29.770000457763672,2370.0
2026-06-26T10:45:00-04:00,29.735000610351562,29.8799991607666,29.735000610351562,29.8799991607666,3221.0
2026-06-26T10:50:00-04:00,29.84000015258789,29.84000015258789,29.764999389648438,29.829999923706055,1252.0
2026-06-26T10:55:00-04:00,29.790000915527344,29.8799991607666,29.790000915527344,29.8799991607666,1882.0
2026-06-26T11:00:00-04:00,29.895000457763672,29.915000915527344,29.860000610351562,29.860000610351562,2335.0
2026-06-26T11:05:00-04:00,29.8700008392334,29.899999618530273,29.850000381469727,29.899999618530273,1751.0
2026-06-26T11:10:00-04:00,29.940000534057617,30.139999389648438,29.940000534057617,30.135000228881836,6615.0
2026-06-26T11:15:00-04:00,30.142099380493164,30.399999618530273,30.06999969482422,30.389999389648438,12343.0
2026-06-26T11:20:00-04:00,30.344999313354492,30.43000030517578,30.344999313354492,30.374000549316406,1641.0
2026-06-26T11:25:00-04:00,30.43000030517578,30.520000457763672,30.43000030517578,30.520000457763672,2482.0
2026-06-26T11:30:00-04:00,30.524999618530273,30.524999618530273,30.40999984741211,30.40999984741211,5339.0
2026-06-26T11:35:00-04:00,30.424999237060547,30.514999389648438,30.420000076293945,30.5049991607666,3136.0
2026-06-26T11:40:00-04:00,30.5049991607666,30.559999465942383,30.5049991607666,30.540000915527344,4992.0
2026-06-26T11:45:00-04:00,30.55470085144043,30.594999313354492,30.530000686645508,30.579999923706055,3914.0
2026-06-26T11:50:00-04:00,30.549999237060547,30.549999237060547,30.479999542236328,30.489999771118164,5277.0
2026-06-26T11:55:00-04:00,30.4950008392334,30.4950008392334,30.485000610351562,30.485000610351562,1059.0
2026-06-26T12:00:00-04:00,30.459999084472656,30.530000686645508,30.420000076293945,30.530000686645508,10486.0
2026-06-26T12:05:00-04:00,30.5,30.510000228881836,30.405000686645508,30.420000076293945,4788.0
2026-06-26T12:10:00-04:00,30.40999984741211,30.56999969482422,30.405000686645508,30.515499114990234,3559.0
2026-06-26T12:15:00-04:00,30.57900047302246,30.610000610351562,30.57900047302246,30.579999923706055,2150.0
2026-06-26T12:20:00-04:00,30.610000610351562,30.610000610351562,30.5,30.59000015258789,4553.0
2026-06-26T12:25:00-04:00,30.594999313354492,30.594999313354492,30.594999313354492,30.594999313354492,1173.0
2026-06-26T12:30:00-04:00,30.575000762939453,30.739999771118164,30.575000762939453,30.709999084472656,5092.0
2026-06-26T12:35:00-04:00,30.700000762939453,30.700000762939453,30.700000762939453,30.700000762939453,844.0
2026-06-26T12:40:00-04:00,30.684999465942383,30.684999465942383,30.579999923706055,30.610000610351562,3954.0
2026-06-26T12:45:00-04:00,30.600000381469727,30.610000610351562,30.584999084472656,30.610000610351562,1889.0
2026-06-26T12:50:00-04:00,30.614999771118164,30.690000534057617,30.614999771118164,30.690000534057617,896.0
2026-06-26T12:55:00-04:00,30.639999389648438,30.639999389648438,30.635000228881836,30.639999389648438,1399.0
2026-06-26T13:00:00-04:00,30.639999389648438,30.639999389648438,30.639999389648438,30.639999389648438,335.0
2026-06-26T13:05:00-04:00,30.639999389648438,30.690000534057617,30.639999389648438,30.690000534057617,663.0
2026-06-26T13:10:00-04:00,30.639999389648438,30.649999618530273,30.639999389648438,30.645000457763672,2161.0
2026-06-26T13:15:00-04:00,30.639999389648438,30.670000076293945,30.59000015258789,30.59000015258789,7014.0
2026-06-26T13:20:00-04:00,30.6200008392334,30.75,30.6200008392334,30.735000610351562,8888.0
2026-06-26T13:25:00-04:00,30.735000610351562,30.7549991607666,30.68000030517578,30.729999542236328,3683.0
2026-06-26T13:30:00-04:00,30.739999771118164,30.739999771118164,30.71500015258789,30.719999313354492,2267.0
2026-06-26T13:35:00-04:00,30.71500015258789,30.71500015258789,30.614999771118164,30.639999389648438,3579.0
2026-06-26T13:40:00-04:00,30.649999618530273,30.780000686645508,30.639999389648438,30.68000030517578,5838.0
2026-06-26T13:45:00-04:00,30.665000915527344,30.770000457763672,30.665000915527344,30.729999542236328,2538.0
2026-06-26T13:50:00-04:00,30.764999389648438,30.84000015258789,30.760000228881836,30.760000228881836,9105.0
2026-06-26T13:55:00-04:00,30.815000534057617,30.815000534057617,30.719999313354492,30.760299682617188,3963.0
2026-06-26T14:00:00-04:00,30.729999542236328,30.729999542236328,30.729999542236328,30.729999542236328,1202.0
2026-06-26T14:05:00-04:00,30.729999542236328,30.780000686645508,30.729999542236328,30.739999771118164,1830.0
2026-06-26T14:10:00-04:00,30.75,30.75,30.735000610351562,30.739999771118164,3446.0
2026-06-26T14:15:00-04:00,30.739999771118164,30.75,30.709999084472656,30.729999542236328,8768.0
2026-06-26T14:20:00-04:00,30.7549991607666,30.7549991607666,30.709999084472656,30.725000381469727,4972.0
2026-06-26T14:25:00-04:00,30.719999313354492,30.780000686645508,30.719999313354492,30.729999542236328,3999.0
2026-06-26T14:30:00-04:00,30.729999542236328,30.760000228881836,30.729999542236328,30.760000228881836,690.0
2026-06-26T14:35:00-04:00,30.739999771118164,30.7549991607666,30.709999084472656,30.729999542236328,2951.0
2026-06-26T14:40:00-04:00,30.7450008392334,30.7450008392334,30.690000534057617,30.71500015258789,3500.0
2026-06-26T14:45:00-04:00,30.709999084472656,30.71500015258789,30.6299991607666,30.635000228881836,3527.0
2026-06-26T14:50:00-04:00,30.625,30.709999084472656,30.625,30.690000534057617,3119.0
2026-06-26T14:55:00-04:00,30.690000534057617,30.69499969482422,30.610000610351562,30.670000076293945,9594.0
2026-06-26T15:00:00-04:00,30.6200008392334,30.625,30.6200008392334,30.625,1636.0
2026-06-26T15:05:00-04:00,30.649999618530273,30.65999984741211,30.6200008392334,30.655000686645508,2391.0
2026-06-26T15:10:00-04:00,30.690000534057617,30.729999542236328,30.690000534057617,30.71500015258789,3186.0
2026-06-26T15:15:00-04:00,30.700000762939453,30.770000457763672,30.690000534057617,30.719999313354492,9264.0
2026-06-26T15:20:00-04:00,30.719999313354492,30.719999313354492,30.639999389648438,30.639999389648438,6777.0
2026-06-26T15:25:00-04:00,30.625,30.625,30.530000686645508,30.540000915527344,3847.0
2026-06-26T15:30:00-04:00,30.540000915527344,30.6200008392334,30.510000228881836,30.600000381469727,10334.0
2026-06-26T15:35:00-04:00,30.610000610351562,30.774999618530273,30.610000610351562,30.774999618530273,12180.0
2026-06-26T15:40:00-04:00,30.770000457763672,30.809999465942383,30.739999771118164,30.809999465942383,11889.0
2026-06-26T15:45:00-04:00,30.790000915527344,30.924999237060547,30.709999084472656,30.8700008392334,31837.0
2026-06-26T15:50:00-04:00,30.860000610351562,31.100000381469727,30.860000610351562,30.899999618530273,27059.0
2026-06-26T15:55:00-04:00,30.93000030517578,31.149999618530273,30.899999618530273,31.049999237060547,81120.0
2026-06-29T09:30:00-04:00,31.200000762939453,31.200000762939453,30.700000762939453,30.795000076293945,7630.0
2026-06-29T09:35:00-04:00,30.790000915527344,30.790000915527344,30.743000030517578,30.790000915527344,848.0
2026-06-29T09:40:00-04:00,30.979999542236328,31.197799682617188,30.969999313354492,31.104999542236328,9128.0
2026-06-29T09:45:00-04:00,31.104999542236328,31.104999542236328,30.8799991607666,30.979999542236328,5780.0
2026-06-29T09:50:00-04:00,30.90999984741211,30.969999313354492,30.8799991607666,30.8799991607666,720.0
2026-06-29T09:55:00-04:00,30.90999984741211,31.229999542236328,30.90999984741211,31.229999542236328,2122.0
2026-06-29T10:00:00-04:00,31.31999969482422,31.409000396728516,31.270000457763672,31.290000915527344,12917.0
2026-06-29T10:05:00-04:00,31.34000015258789,31.389999389648438,31.270000457763672,31.389999389648438,4883.0
2026-06-29T10:10:00-04:00,31.420000076293945,31.420000076293945,31.149999618530273,31.149999618530273,5603.0
2026-06-29T10:15:00-04:00,31.100000381469727,31.209999084472656,31.030000686645508,31.079999923706055,5899.0
2026-06-29T10:20:00-04:00,31.09000015258789,31.18000030517578,31.010000228881836,31.15999984741211,4549.0
2026-06-29T10:25:00-04:00,31.15999984741211,31.420000076293945,31.15999984741211,31.40999984741211,2112.0
2026-06-29T10:30:00-04:00,31.329999923706055,31.329999923706055,31.170000076293945,31.280000686645508,2282.0
2026-06-29T10:35:00-04:00,31.204999923706055,31.204999923706055,31.079999923706055,31.079999923706055,1820.0
2026-06-29T10:40:00-04:00,31.15999984741211,31.15999984741211,31.100000381469727,31.100000381469727,929.0
2026-06-29T10:45:00-04:00,31.010000228881836,31.030000686645508,30.93000030517578,31.030000686645508,6937.0
2026-06-29T10:50:00-04:00,31.09000015258789,31.09000015258789,31.059999465942383,31.059999465942383,2124.0
2026-06-29T10:55:00-04:00,31.06999969482422,31.315000534057617,31.06999969482422,31.219999313354492,7778.0
2026-06-29T11:00:00-04:00,31.2549991607666,31.299999237060547,31.15999984741211,31.15999984741211,4664.0
2026-06-29T11:05:00-04:00,31.190000534057617,31.3700008392334,31.190000534057617,31.270000457763672,4620.0
2026-06-29T11:10:00-04:00,31.30500030517578,31.30500030517578,31.302499771118164,31.302499771118164,938.0
2026-06-29T11:15:00-04:00,31.260000228881836,31.260000228881836,31.09000015258789,31.09000015258789,5850.0
2026-06-29T11:20:00-04:00,31.065000534057617,31.114999771118164,31.059999465942383,31.06999969482422,2009.0
2026-06-29T11:25:00-04:00,31.06999969482422,31.1200008392334,31.030000686645508,31.09000015258789,4869.0
2026-06-29T11:30:00-04:00,31.09000015258789,31.1299991607666,31.049999237060547,31.06999969482422,2217.0
2026-06-29T11:35:00-04:00,31.114999771118164,31.114999771118164,31.049999237060547,31.100000381469727,3812.0
2026-06-29T11:40:00-04:00,31.15999984741211,31.15999984741211,31.15999984741211,31.15999984741211,1223.0
2026-06-29T11:45:00-04:00,31.15999984741211,31.15999984741211,31.15999984741211,31.15999984741211,1415.0
2026-06-29T11:50:00-04:00,31.145000457763672,31.239999771118164,31.1200008392334,31.219999313354492,3554.0
2026-06-29T11:55:00-04:00,31.190000534057617,31.299999237060547,31.15999984741211,31.299999237060547,4573.0
2026-06-29T12:00:00-04:00,31.329999923706055,31.399999618530273,31.309999465942383,31.360000610351562,3035.0
2026-06-29T12:05:00-04:00,31.450000762939453,31.530000686645508,31.415000915527344,31.415000915527344,6462.0
2026-06-29T12:10:00-04:00,31.450000762939453,31.489999771118164,31.450000762939453,31.469999313354492,2021.0
2026-06-29T12:15:00-04:00,31.440000534057617,31.440000534057617,31.3700008392334,31.3700008392334,5727.0
2026-06-29T12:20:00-04:00,31.3700008392334,31.3700008392334,31.25,31.360000610351562,8535.0
2026-06-29T12:25:00-04:00,31.3799991607666,31.3799991607666,31.3799991607666,31.3799991607666,558.0
2026-06-29T12:30:00-04:00,31.344999313354492,31.344999313354492,31.299999237060547,31.329999923706055,2135.0
2026-06-29T12:35:00-04:00,31.329999923706055,31.405000686645508,31.309999465942383,31.344999313354492,3973.0
2026-06-29T12:40:00-04:00,31.344999313354492,31.3799991607666,31.299999237060547,31.3799991607666,4297.0
2026-06-29T12:45:00-04:00,31.3700008392334,31.469999313354492,31.364999771118164,31.469999313354492,3191.0
2026-06-29T12:50:00-04:00,31.489999771118164,31.510000228881836,31.489999771118164,31.510000228881836,851.0
2026-06-29T12:55:00-04:00,31.510000228881836,31.510499954223633,31.479999542236328,31.489999771118164,3576.0
2026-06-29T13:00:00-04:00,31.5,31.510000228881836,31.5,31.510000228881836,1356.0
2026-06-29T13:05:00-04:00,31.530000686645508,31.56999969482422,31.530000686645508,31.56999969482422,1179.0
2026-06-29T13:10:00-04:00,31.56999969482422,31.625,31.56999969482422,31.59000015258789,2942.0
2026-06-29T13:15:00-04:00,31.570999145507812,31.665000915527344,31.570999145507812,31.665000915527344,1721.0
2026-06-29T13:20:00-04:00,31.665000915527344,31.665000915527344,31.579999923706055,31.594999313354492,4473.0
2026-06-29T13:25:00-04:00,31.56999969482422,31.639999389648438,31.56999969482422,31.639999389648438,1641.0
2026-06-29T13:30:00-04:00,31.604999542236328,31.6299991607666,31.600000381469727,31.600000381469727,1365.0
2026-06-29T13:35:00-04:00,31.604999542236328,31.604999542236328,31.56999969482422,31.575000762939453,1708.0
2026-06-29T13:40:00-04:00,31.579999923706055,31.61989974975586,31.579999923706055,31.610000610351562,1679.0
2026-06-29T13:45:00-04:00,31.579999923706055,31.6299991607666,31.56999969482422,31.6200008392334,4084.0
2026-06-29T13:50:00-04:00,31.649999618530273,31.65999984741211,31.6200008392334,31.6200008392334,3203.0
2026-06-29T13:55:00-04:00,31.510000228881836,31.540000915527344,31.510000228881836,31.510000228881836,1460.0
2026-06-29T14:00:00-04:00,31.540000915527344,31.540000915527344,31.5,31.5,3677.0
2026-06-29T14:05:00-04:00,31.4950008392334,31.510000228881836,31.43000030517578,31.510000228881836,3956.0
2026-06-29T14:10:00-04:00,31.469999313354492,31.559999465942383,31.469999313354492,31.549999237060547,5630.0
2026-06-29T14:15:00-04:00,31.520000457763672,31.520000457763672,31.434999465942383,31.434999465942383,3171.0
2026-06-29T14:20:00-04:00,31.479999542236328,31.479999542236328,31.434999465942383,31.434999465942383,806.0
2026-06-29T14:25:00-04:00,31.434999465942383,31.434999465942383,31.399999618530273,31.43000030517578,2949.0
2026-06-29T14:30:00-04:00,31.434999465942383,31.440000534057617,31.40999984741211,31.440000534057617,2748.0
2026-06-29T14:35:00-04:00,31.459999084472656,31.459999084472656,31.3799991607666,31.3799991607666,2342.0
2026-06-29T14:40:00-04:00,31.43000030517578,31.450000762939453,31.399999618530273,31.440000534057617,2902.0
2026-06-29T14:45:00-04:00,31.44499969482422,31.44499969482422,31.38010025024414,31.44499969482422,3571.0
2026-06-29T14:50:00-04:00,31.410423278808594,31.479999542236328,31.410423278808594,31.479999542236328,2852.0
2026-06-29T14:55:00-04:00,31.469999313354492,31.549999237060547,31.450000762939453,31.450000762939453,15914.0
2026-06-29T15:00:00-04:00,31.469999313354492,31.469999313354492,31.43000030517578,31.43000030517578,2614.0
2026-06-29T15:05:00-04:00,31.43000030517578,31.440000534057617,31.329999923706055,31.350000381469727,5626.0
2026-06-29T15:10:00-04:00,31.31999969482422,31.3700008392334,31.309999465942383,31.309999465942383,3312.0
2026-06-29T15:15:00-04:00,31.31999969482422,31.344999313354492,31.309999465942383,31.31999969482422,3819.0
2026-06-29T15:20:00-04:00,31.34000015258789,31.420000076293945,31.270000457763672,31.3700008392334,11072.0
2026-06-29T15:25:00-04:00,31.31999969482422,31.329999923706055,31.290000915527344,31.290000915527344,1971.0
2026-06-29T15:30:00-04:00,31.325000762939453,31.325000762939453,31.18000030517578,31.190000534057617,19144.0
2026-06-29T15:35:00-04:00,31.239999771118164,31.299999237060547,31.05500030517578,31.05500030517578,13239.0
2026-06-29T15:40:00-04:00,31.030000686645508,31.084999084472656,31.030000686645508,31.079999923706055,2698.0
2026-06-29T15:45:00-04:00,31.1299991607666,31.149999618530273,31.020000457763672,31.079999923706055,9836.0
2026-06-29T15:50:00-04:00,31.040000915527344,31.06999969482422,30.934999465942383,31.030000686645508,21413.0
2026-06-29T15:55:00-04:00,31.030000686645508,31.290000915527344,31.030000686645508,31.290000915527344,57390.0
2026-06-30T09:30:00-04:00,31.889999389648438,32.04999923706055,31.524999618530273,31.524999618530273,35158.0
2026-06-30T09:35:00-04:00,31.514999389648438,31.514999389648438,31.514999389648438,31.514999389648438,599.0
2026-06-30T09:40:00-04:00,31.5049991607666,31.545000076293945,31.485000610351562,31.545000076293945,1519.0
2026-06-30T09:45:00-04:00,31.665000915527344,31.665000915527344,31.475000381469727,31.475000381469727,4177.0
2026-06-30T09:50:00-04:00,31.469999313354492,31.469999313354492,31.40999984741211,31.40999984741211,1078.0
2026-06-30T09:55:00-04:00,31.450000762939453,31.549999237060547,31.29010009765625,31.40999984741211,5515.0
2026-06-30T10:00:00-04:00,31.40999984741211,31.40999984741211,31.2549991607666,31.295000076293945,3517.0
2026-06-30T10:05:00-04:00,31.399999618530273,31.540000915527344,31.31999969482422,31.5,4404.0
2026-06-30T10:10:00-04:00,31.53499984741211,31.53499984741211,31.43000030517578,31.46500015258789,2165.0
2026-06-30T10:15:00-04:00,31.5,31.559900283813477,31.450000762939453,31.450000762939453,4929.0
2026-06-30T10:20:00-04:00,31.510000228881836,31.510000228881836,31.479999542236328,31.5,1220.0
2026-06-30T10:25:00-04:00,31.5,31.520000457763672,31.459999084472656,31.459999084472656,4290.0
2026-06-30T10:30:00-04:00,31.450000762939453,31.450000762939453,31.184999465942383,31.225000381469727,2878.0
2026-06-30T10:35:00-04:00,31.225000381469727,31.260000228881836,31.11009979248047,31.110200881958008,2564.0
2026-06-30T10:40:00-04:00,31.1200008392334,31.190000534057617,31.104999542236328,31.155000686645508,2902.0
2026-06-30T10:45:00-04:00,31.100000381469727,31.1200008392334,31.059999465942383,31.094999313354492,3342.0
2026-06-30T10:50:00-04:00,31.094999313354492,31.1299991607666,31.094999313354492,31.1299991607666,1934.0
2026-06-30T10:55:00-04:00,31.079999923706055,31.079999923706055,30.959999084472656,31.0,3152.0
2026-06-30T11:00:00-04:00,31.040000915527344,31.079999923706055,31.030000686645508,31.030000686645508,2116.0
2026-06-30T11:05:00-04:00,31.020000457763672,31.09000015258789,31.020000457763672,31.022899627685547,2600.0
2026-06-30T11:10:00-04:00,31.100000381469727,31.1299991607666,31.09749984741211,31.114999771118164,1650.0
2026-06-30T11:15:00-04:00,31.100000381469727,31.100099563598633,31.09000015258789,31.09000015258789,2132.0
2026-06-30T11:20:00-04:00,31.049999237060547,31.09000015258789,31.049999237060547,31.09000015258789,2185.0
2026-06-30T11:25:00-04:00,31.110000610351562,31.114999771118164,31.09000015258789,31.09000015258789,2319.0
2026-06-30T11:30:00-04:00,31.104999542236328,31.1299991607666,31.104999542236328,31.1299991607666,2923.0
2026-06-30T11:35:00-04:00,31.1299991607666,31.149999618530273,31.065000534057617,31.065000534057617,3818.0
2026-06-30T11:40:00-04:00,31.040000915527344,31.040000915527344,31.040000915527344,31.040000915527344,847.0
2026-06-30T11:45:00-04:00,31.05500030517578,31.079999923706055,31.05500030517578,31.079999923706055,1559.0
2026-06-30T11:50:00-04:00,31.059999465942383,31.110000610351562,31.059999465942383,31.065000534057617,2426.0
2026-06-30T11:55:00-04:00,31.059999465942383,31.079999923706055,30.96500015258789,31.079999923706055,6962.0
2026-06-30T12:00:00-04:00,31.06999969482422,31.079999923706055,31.051000595092773,31.051000595092773,1544.0
2026-06-30T12:05:00-04:00,31.049999237060547,31.05500030517578,31.030000686645508,31.040000915527344,1711.0
2026-06-30T12:10:00-04:00,31.09000015258789,31.110000610351562,31.049999237060547,31.100000381469727,1735.0
2026-06-30T12:15:00-04:00,31.100000381469727,31.15999984741211,31.100000381469727,31.15999984741211,1325.0
2026-06-30T12:20:00-04:00,31.149999618530273,31.170000076293945,31.1299991607666,31.1299991607666,1808.0
2026-06-30T12:25:00-04:00,31.149999618530273,31.18000030517578,31.145000457763672,31.145000457763672,2842.0
2026-06-30T12:30:00-04:00,31.15999984741211,31.190000534057617,31.14349937438965,31.18000030517578,1439.0
2026-06-30T12:35:00-04:00,31.190000534057617,31.190000534057617,31.190000534057617,31.190000534057617,517.0
2026-06-30T12:40:00-04:00,31.170000076293945,31.184999465942383,31.170000076293945,31.170000076293945,1536.0
2026-06-30T12:45:00-04:00,31.1299991607666,31.1299991607666,31.1200008392334,31.1200008392334,962.0
2026-06-30T12:50:00-04:00,31.1299991607666,31.139999389648438,31.114999771118164,31.127500534057617,2319.0
2026-06-30T12:55:00-04:00,31.145000457763672,31.145000457763672,31.1299991607666,31.1299991607666,1446.0
2026-06-30T13:00:00-04:00,31.139999389648438,31.170000076293945,31.1299991607666,31.16010093688965,2486.0
2026-06-30T13:05:00-04:00,31.170000076293945,31.170000076293945,31.100000381469727,31.100000381469727,2245.0
2026-06-30T13:10:00-04:00,31.084999084472656,31.084999084472656,31.0,31.0,1648.0
2026-06-30T13:15:00-04:00,31.010000228881836,31.059999465942383,31.010000228881836,31.049999237060547,1469.0
2026-06-30T13:25:00-04:00,31.06999969482422,31.079999923706055,31.040000915527344,31.079999923706055,3296.0
2026-06-30T13:30:00-04:00,31.09000015258789,31.110000610351562,31.09000015258789,31.110000610351562,676.0
2026-06-30T13:35:00-04:00,31.1200008392334,31.1299991607666,31.1200008392334,31.1200008392334,1324.0
2026-06-30T13:40:00-04:00,31.145000457763672,31.165000915527344,31.139999389648438,31.165000915527344,2628.0
2026-06-30T13:45:00-04:00,31.149999618530273,31.149999618530273,31.149999618530273,31.149999618530273,895.0
2026-06-30T13:50:00-04:00,31.139999389648438,31.155000686645508,31.1299991607666,31.1299991607666,1953.0
2026-06-30T13:55:00-04:00,31.079999923706055,31.079999923706055,31.079999923706055,31.079999923706055,585.0
2026-06-30T14:00:00-04:00,31.08799934387207,31.08799934387207,31.049999237060547,31.049999237060547,2076.0
2026-06-30T14:05:00-04:00,30.989999771118164,31.0,30.989999771118164,31.0,825.0
2026-06-30T14:10:00-04:00,31.020000457763672,31.09000015258789,31.0,31.09000015258789,4439.0
2026-06-30T14:15:00-04:00,31.059999465942383,31.059999465942383,31.045000076293945,31.045000076293945,918.0
2026-06-30T14:20:00-04:00,31.05500030517578,31.05500030517578,31.05500030517578,31.05500030517578,476.0
2026-06-30T14:25:00-04:00,31.065000534057617,31.065000534057617,30.979999542236328,31.0049991607666,1855.0
2026-06-30T14:30:00-04:00,31.0049991607666,31.030000686645508,31.0,31.010000228881836,2609.0
2026-06-30T14:35:00-04:00,31.020000457763672,31.06999969482422,31.020000457763672,31.06999969482422,2846.0
2026-06-30T14:40:00-04:00,31.100000381469727,31.110000610351562,31.06999969482422,31.110000610351562,2496.0
2026-06-30T14:45:00-04:00,31.139999389648438,31.15999984741211,31.135000228881836,31.149999618530273,1336.0
2026-06-30T14:50:00-04:00,31.149999618530273,31.155000686645508,31.121299743652344,31.121299743652344,2354.0
2026-06-30T14:55:00-04:00,31.135000228881836,31.145000457763672,31.13249969482422,31.139999389648438,1980.0
2026-06-30T15:00:00-04:00,31.149999618530273,31.149999618530273,31.100000381469727,31.100000381469727,2058.0
2026-06-30T15:05:00-04:00,31.100000381469727,31.1200008392334,31.094999313354492,31.110000610351562,2850.0
2026-06-30T15:10:00-04:00,31.1200008392334,31.209999084472656,31.114999771118164,31.209999084472656,3884.0
2026-06-30T15:15:00-04:00,31.209999084472656,31.264999389648438,31.209999084472656,31.25,3504.0
2026-06-30T15:20:00-04:00,31.229999542236328,31.239999771118164,31.219999313354492,31.239999771118164,1975.0
2026-06-30T15:25:00-04:00,31.239999771118164,31.25,31.229999542236328,31.229999542236328,3213.0
2026-06-30T15:30:00-04:00,31.260000228881836,31.260000228881836,31.15999984741211,31.15999984741211,4123.0
2026-06-30T15:35:00-04:00,31.15999984741211,31.15999984741211,31.09000015258789,31.100000381469727,4369.0
2026-06-30T15:40:00-04:00,31.1200008392334,31.1200008392334,31.020000457763672,31.059999465942383,8221.0
2026-06-30T15:45:00-04:00,31.049999237060547,31.15999984741211,31.0049991607666,31.15999984741211,10015.0
2026-06-30T15:50:00-04:00,31.170000076293945,31.219900131225586,31.100000381469727,31.1200008392334,14920.0
2026-06-30T15:55:00-04:00,31.155000686645508,31.290000915527344,31.09000015258789,31.110000610351562,57651.0
2026-07-01T09:30:00-04:00,30.690000534057617,30.829999923706055,30.610000610351562,30.829999923706055,6642.0
2026-07-01T09:35:00-04:00,30.7268009185791,30.959999084472656,30.7268009185791,30.834999084472656,2639.0
2026-07-01T09:40:00-04:00,30.68000030517578,30.834999084472656,30.68000030517578,30.834999084472656,1474.0
2026-07-01T09:50:00-04:00,30.844999313354492,31.110000610351562,30.844999313354492,31.110000610351562,3048.0
2026-07-01T10:00:00-04:00,31.139999389648438,31.139999389648438,31.03499984741211,31.03499984741211,508.0
2026-07-01T10:05:00-04:00,31.149999618530273,31.309999465942383,31.09000015258789,31.309999465942383,1546.0
2026-07-01T10:10:00-04:00,31.3799991607666,31.57990074157715,31.34309959411621,31.450000762939453,2196.0
2026-07-01T10:15:00-04:00,31.454999923706055,31.625,31.454999923706055,31.559999465942383,12969.0
2026-07-01T10:20:00-04:00,31.649999618530273,31.78499984741211,31.579999923706055,31.78499984741211,1618.0
2026-07-01T10:25:00-04:00,31.809999465942383,31.815000534057617,31.700000762939453,31.729999542236328,4146.0
2026-07-01T10:30:00-04:00,31.7549991607666,31.7549991607666,31.639999389648438,31.639999389648438,3456.0
2026-07-01T10:40:00-04:00,31.65999984741211,31.65999984741211,31.459999084472656,31.459999084472656,3135.0
2026-07-01T10:45:00-04:00,31.3700008392334,31.40999984741211,31.34000015258789,31.344999313354492,3780.0
2026-07-01T10:50:00-04:00,31.344999313354492,31.389999389648438,31.329999923706055,31.389999389648438,6133.0
2026-07-01T10:55:00-04:00,31.280000686645508,31.30500030517578,31.239999771118164,31.270000457763672,3243.0
2026-07-01T11:00:00-04:00,31.280000686645508,31.334999084472656,31.280000686645508,31.334999084472656,1768.0
2026-07-01T11:05:00-04:00,31.3700008392334,31.3799991607666,31.270000457763672,31.280000686645508,4521.0
2026-07-01T11:10:00-04:00,31.295000076293945,31.360000610351562,31.274999618530273,31.360000610351562,3957.0
2026-07-01T11:15:00-04:00,31.399999618530273,31.514999389648438,31.375,31.514999389648438,5559.0
2026-07-01T11:20:00-04:00,31.469999313354492,31.610000610351562,31.469999313354492,31.559999465942383,13856.0
2026-07-01T11:25:00-04:00,31.610000610351562,31.75,31.59000015258789,31.75,5696.0
2026-07-01T11:30:00-04:00,31.729999542236328,31.850000381469727,31.670000076293945,31.68000030517578,11128.0
2026-07-01T11:35:00-04:00,31.639999389648438,31.639999389648438,31.489999771118164,31.489999771118164,5879.0
2026-07-01T11:40:00-04:00,31.545000076293945,31.649999618530273,31.545000076293945,31.635000228881836,4833.0
2026-07-01T11:45:00-04:00,31.649999618530273,31.655000686645508,31.6200008392334,31.6200008392334,2821.0
2026-07-01T11:50:00-04:00,31.600000381469727,31.655000686645508,31.579999923706055,31.655000686645508,2460.0
2026-07-01T11:55:00-04:00,31.6200008392334,31.6200008392334,31.579999923706055,31.610000610351562,2307.0
2026-07-01T12:00:00-04:00,31.610000610351562,31.635000228881836,31.610000610351562,31.635000228881836,1116.0
2026-07-01T12:05:00-04:00,31.670000076293945,31.719999313354492,31.604999542236328,31.639999389648438,7180.0
2026-07-01T12:10:00-04:00,31.625,31.690000534057617,31.6200008392334,31.6200008392334,1140.0
2026-07-01T12:15:00-04:00,31.625,31.65999984741211,31.579999923706055,31.65999984741211,2615.0
2026-07-01T12:20:00-04:00,31.68000030517578,31.780000686645508,31.68000030517578,31.700000762939453,5048.0
2026-07-01T12:25:00-04:00,31.729999542236328,31.729999542236328,31.700000762939453,31.700000762939453,1314.0
2026-07-01T12:30:00-04:00,31.690000534057617,31.7549991607666,31.690000534057617,31.7549991607666,1848.0
2026-07-01T12:35:00-04:00,31.729999542236328,31.75,31.684999465942383,31.690000534057617,4301.0
2026-07-01T12:40:00-04:00,31.6299991607666,31.649999618530273,31.610000610351562,31.635000228881836,1780.0
2026-07-01T12:45:00-04:00,31.6299991607666,31.68000030517578,31.6299991607666,31.639999389648438,2063.0
2026-07-01T12:50:00-04:00,31.6299991607666,31.670000076293945,31.6299991607666,31.670000076293945,1966.0
2026-07-01T12:55:00-04:00,31.670000076293945,31.670000076293945,31.639999389648438,31.665000915527344,1593.0
2026-07-01T13:00:00-04:00,31.670000076293945,31.700000762939453,31.600000381469727,31.600000381469727,3478.0
2026-07-01T13:05:00-04:00,31.56999969482422,31.604999542236328,31.56999969482422,31.604999542236328,1167.0
2026-07-01T13:10:00-04:00,31.604999542236328,31.65999984741211,31.56999969482422,31.65999984741211,8377.0
2026-07-01T13:15:00-04:00,31.610000610351562,31.610000610351562,31.56999969482422,31.579999923706055,2024.0
2026-07-01T13:20:00-04:00,31.59000015258789,31.604999542236328,31.59000015258789,31.604999542236328,1091.0
2026-07-01T13:25:00-04:00,31.6200008392334,31.6200008392334,31.5,31.5,2471.0
2026-07-01T13:30:00-04:00,31.530000686645508,31.545000076293945,31.454999923706055,31.454999923706055,2010.0
2026-07-01T13:35:00-04:00,31.450000762939453,31.485000610351562,31.43000030517578,31.485000610351562,2090.0
2026-07-01T13:40:00-04:00,31.485000610351562,31.485000610351562,31.43000030517578,31.479999542236328,2811.0
2026-07-01T13:45:00-04:00,31.450000762939453,31.475000381469727,31.450000762939453,31.459999084472656,1063.0
2026-07-01T13:50:00-04:00,31.5,31.559999465942383,31.5,31.520000457763672,7904.0
2026-07-01T13:55:00-04:00,31.510000228881836,31.510000228881836,31.3700008392334,31.405000686645508,2769.0
2026-07-01T14:00:00-04:00,31.405000686645508,31.469999313354492,31.389999389648438,31.469999313354492,1383.0
2026-07-01T14:05:00-04:00,31.454999923706055,31.454999923706055,31.3700008392334,31.3700008392334,1816.0
2026-07-01T14:10:00-04:00,31.399999618530273,31.399999618530273,31.350000381469727,31.389999389648438,3282.0
2026-07-01T14:15:00-04:00,31.350000381469727,31.364999771118164,31.350000381469727,31.364999771118164,1298.0
2026-07-01T14:20:00-04:00,31.350000381469727,31.350000381469727,31.299999237060547,31.325000762939453,2248.0
2026-07-01T14:25:00-04:00,31.325000762939453,31.325000762939453,31.290000915527344,31.31999969482422,3961.0
2026-07-01T14:30:00-04:00,31.31999969482422,31.31999969482422,31.235000610351562,31.235000610351562,4154.0
2026-07-01T14:35:00-04:00,31.238000869750977,31.238000869750977,31.155000686645508,31.155000686645508,2415.0
2026-07-01T14:40:00-04:00,31.1299991607666,31.15999984741211,31.1200008392334,31.1200008392334,2703.0
2026-07-01T14:50:00-04:00,31.06999969482422,31.200000762939453,31.06999969482422,31.200000762939453,5967.0
2026-07-01T14:55:00-04:00,31.170000076293945,31.190000534057617,31.1299991607666,31.18000030517578,5316.0
2026-07-01T15:00:00-04:00,31.170000076293945,31.19499969482422,31.15999984741211,31.19499969482422,829.0
2026-07-01T15:05:00-04:00,31.170000076293945,31.295000076293945,31.170000076293945,31.295000076293945,3288.0
2026-07-01T15:10:00-04:00,31.270000457763672,31.280000686645508,31.239999771118164,31.239999771118164,2988.0
2026-07-01T15:15:00-04:00,31.260000228881836,31.280000686645508,31.209999084472656,31.209999084472656,4023.0
2026-07-01T15:20:00-04:00,31.200000762939453,31.204999923706055,31.050100326538086,31.15999984741211,10811.0
2026-07-01T15:25:00-04:00,31.149999618530273,31.149999618530273,31.135000228881836,31.135000228881836,1666.0
2026-07-01T15:30:00-04:00,31.139999389648438,31.229999542236328,31.065000534057617,31.065000534057617,8084.0
2026-07-01T15:35:00-04:00,31.059999465942383,31.110000610351562,31.049999237060547,31.049999237060547,5573.0
2026-07-01T15:40:00-04:00,31.079999923706055,31.079999923706055,31.059999465942383,31.079999923706055,2040.0
2026-07-01T15:45:00-04:00,31.100000381469727,31.1299991607666,31.040000915527344,31.045000076293945,8208.0
2026-07-01T15:50:00-04:00,31.020000457763672,31.020000457763672,30.934999465942383,30.985000610351562,9797.0
2026-07-01T15:55:00-04:00,30.989999771118164,30.989999771118164,30.6299991607666,30.65999984741211,51060.0
2026-07-02T09:30:00-04:00,31.049999237060547,31.1299991607666,30.940000534057617,31.1299991607666,5666.0
2026-07-02T09:35:00-04:00,30.895000457763672,31.270000457763672,30.895000457763672,31.270000457763672,1043.0
2026-07-02T09:40:00-04:00,31.225000381469727,31.610000610351562,31.049999237060547,31.514999389648438,5620.0
2026-07-02T09:45:00-04:00,31.56999969482422,31.6200008392334,31.31999969482422,31.31999969482422,4086.0
2026-07-02T09:50:00-04:00,31.530000686645508,31.530000686645508,31.354999542236328,31.354999542236328,650.0
2026-07-02T09:55:00-04:00,31.360000610351562,31.360000610351562,31.360000610351562,31.360000610351562,681.0
2026-07-02T10:00:00-04:00,31.350000381469727,31.350000381469727,31.350000381469727,31.350000381469727,253.0
2026-07-02T10:05:00-04:00,31.209999084472656,31.209999084472656,31.170000076293945,31.170000076293945,952.0
2026-07-02T10:10:00-04:00,31.170000076293945,31.260000228881836,30.979999542236328,31.229999542236328,4685.0
2026-07-02T10:15:00-04:00,31.18000030517578,31.18000030517578,31.18000030517578,31.18000030517578,758.0
2026-07-02T10:20:00-04:00,31.06999969482422,31.079999923706055,30.81999969482422,30.90999984741211,7153.0
2026-07-02T10:25:00-04:00,30.899999618530273,31.059999465942383,30.899999618530273,30.90999984741211,2804.0
2026-07-02T10:30:00-04:00,30.8799991607666,31.03499984741211,30.8799991607666,30.90999984741211,1397.0
2026-07-02T10:35:00-04:00,30.90999984741211,31.0,30.90999984741211,31.0,1227.0
2026-07-02T10:40:00-04:00,30.799999237060547,30.799999237060547,30.469999313354492,30.479999542236328,29522.0
2026-07-02T10:45:00-04:00,30.559999465942383,30.6200008392334,30.559999465942383,30.6200008392334,1672.0
2026-07-02T10:50:00-04:00,30.614999771118164,30.614999771118164,30.514999389648438,30.530000686645508,1717.0
2026-07-02T10:55:00-04:00,30.549999237060547,30.579999923706055,30.530000686645508,30.579999923706055,2709.0
2026-07-02T11:00:00-04:00,30.56999969482422,30.56999969482422,30.41029930114746,30.479999542236328,1923.0
2026-07-02T11:05:00-04:00,30.440000534057617,30.440000534057617,30.3799991607666,30.3799991607666,1464.0
2026-07-02T11:10:00-04:00,30.350000381469727,30.360000610351562,30.309999465942383,30.309999465942383,4562.0
2026-07-02T11:15:00-04:00,30.219999313354492,30.239999771118164,30.18000030517578,30.18000030517578,922.0
2026-07-02T11:20:00-04:00,30.18000030517578,30.3700008392334,30.18000030517578,30.3700008392334,3044.0
2026-07-02T11:25:00-04:00,30.354999542236328,30.420000076293945,30.354999542236328,30.389999389648438,3968.0
2026-07-02T11:30:00-04:00,30.43000030517578,30.5,30.43000030517578,30.450000762939453,1247.0
2026-07-02T11:35:00-04:00,30.530000686645508,30.610000610351562,30.530000686645508,30.559999465942383,2847.0
2026-07-02T11:40:00-04:00,30.56999969482422,30.610000610351562,30.510000228881836,30.530000686645508,2843.0
2026-07-02T11:45:00-04:00,30.475000381469727,30.475000381469727,30.475000381469727,30.475000381469727,639.0
2026-07-02T11:50:00-04:00,30.3799991607666,30.395000457763672,30.350000381469727,30.350000381469727,1592.0
2026-07-02T11:55:00-04:00,30.31999969482422,30.31999969482422,30.31999969482422,30.31999969482422,831.0
2026-07-02T12:00:00-04:00,30.329999923706055,30.329999923706055,30.2450008392334,30.280000686645508,2333.0
2026-07-02T12:05:00-04:00,30.229999542236328,30.229999542236328,30.219999313354492,30.219999313354492,866.0
2026-07-02T12:10:00-04:00,30.34000015258789,30.40999984741211,30.34000015258789,30.385000228881836,2148.0
2026-07-02T12:15:00-04:00,30.399999618530273,30.399999618530273,30.34000015258789,30.354999542236328,2113.0
2026-07-02T12:20:00-04:00,30.31999969482422,30.31999969482422,30.290000915527344,30.30500030517578,997.0
2026-07-02T12:25:00-04:00,30.239999771118164,30.2450008392334,30.239999771118164,30.2450008392334,1341.0
2026-07-02T12:30:00-04:00,30.227500915527344,30.227500915527344,30.219999313354492,30.219999313354492,766.0
2026-07-02T12:35:00-04:00,30.149999618530273,30.149999618530273,30.149999618530273,30.149999618530273,544.0
2026-07-02T12:40:00-04:00,30.190000534057617,30.190000534057617,30.190000534057617,30.190000534057617,1262.0
2026-07-02T12:45:00-04:00,30.253000259399414,30.253000259399414,30.253000259399414,30.253000259399414,501.0
2026-07-02T12:50:00-04:00,30.309999465942383,30.309999465942383,30.15999984741211,30.15999984741211,2586.0
2026-07-02T12:55:00-04:00,30.059999465942383,30.059999465942383,30.059999465942383,30.059999465942383,512.0
2026-07-02T13:00:00-04:00,30.09000015258789,30.09000015258789,29.825000762939453,29.825000762939453,9392.0
2026-07-02T13:05:00-04:00,29.950000762939453,29.959999084472656,29.90999984741211,29.90999984741211,1214.0
2026-07-02T13:10:00-04:00,29.84749984741211,29.854999542236328,29.84749984741211,29.854999542236328,1151.0
2026-07-02T13:15:00-04:00,29.84000015258789,29.84000015258789,29.81999969482422,29.81999969482422,1850.0
2026-07-02T13:20:00-04:00,29.770000457763672,29.860000610351562,29.770000457763672,29.860000610351562,1955.0
2026-07-02T13:25:00-04:00,29.770000457763672,29.790000915527344,29.770000457763672,29.790000915527344,1400.0
2026-07-02T13:30:00-04:00,29.780000686645508,29.790000915527344,29.709999084472656,29.709999084472656,1086.0
2026-07-02T13:35:00-04:00,29.690000534057617,29.690000534057617,29.613399505615234,29.613399505615234,1386.0
2026-07-02T13:45:00-04:00,29.59000015258789,29.59000015258789,29.59000015258789,29.59000015258789,1153.0
2026-07-02T13:50:00-04:00,29.530000686645508,29.540000915527344,29.350000381469727,29.40999984741211,5616.0
2026-07-02T13:55:00-04:00,29.350000381469727,29.350000381469727,29.239999771118164,29.309999465942383,1597.0
2026-07-02T14:00:00-04:00,29.270099639892578,29.270099639892578,29.270099639892578,29.270099639892578,373.0
2026-07-02T14:05:00-04:00,29.3700008392334,29.510000228881836,29.329999923706055,29.510000228881836,4776.0
2026-07-02T14:10:00-04:00,29.489999771118164,29.520000457763672,29.40999984741211,29.46500015258789,4045.0
2026-07-02T14:15:00-04:00,29.459999084472656,29.459999084472656,29.299999237060547,29.329999923706055,3619.0
2026-07-02T14:20:00-04:00,29.299999237060547,29.299999237060547,29.280000686645508,29.295000076293945,1532.0
2026-07-02T14:25:00-04:00,29.31999969482422,29.34000015258789,29.309999465942383,29.34000015258789,2005.0
2026-07-02T14:30:00-04:00,29.3700008392334,29.3700008392334,29.299999237060547,29.299999237060547,2236.0
2026-07-02T14:35:00-04:00,29.31999969482422,29.329999923706055,29.299999237060547,29.329999923706055,2075.0
2026-07-02T14:40:00-04:00,29.325000762939453,29.329999923706055,29.299999237060547,29.329999923706055,1408.0
2026-07-02T14:45:00-04:00,29.270000457763672,29.270000457763672,29.170000076293945,29.219999313354492,2558.0
2026-07-02T14:50:00-04:00,29.219999313354492,29.219999313354492,29.219999313354492,29.219999313354492,788.0
2026-07-02T14:55:00-04:00,29.192399978637695,29.239999771118164,29.15999984741211,29.229999542236328,2788.0
2026-07-02T15:00:00-04:00,29.15999984741211,29.270000457763672,29.135000228881836,29.2549991607666,12603.0
2026-07-02T15:05:00-04:00,29.25,29.270000457763672,29.18000030517578,29.270000457763672,4230.0
2026-07-02T15:10:00-04:00,29.260000228881836,29.260000228881836,29.200000762939453,29.200000762939453,3418.0
2026-07-02T15:15:00-04:00,29.200000762939453,29.200000762939453,28.979999542236328,29.059999465942383,9486.0
2026-07-02T15:20:00-04:00,29.030000686645508,29.030000686645508,28.8799991607666,28.889999389648438,6756.0
2026-07-02T15:25:00-04:00,28.889999389648438,28.889999389648438,28.709999084472656,28.760000228881836,12979.0
2026-07-02T15:30:00-04:00,28.729999542236328,29.170000076293945,28.729999542236328,29.05500030517578,43972.0
2026-07-02T15:35:00-04:00,29.049999237060547,29.18000030517578,28.899999618530273,29.1200008392334,10971.0
2026-07-02T15:40:00-04:00,29.190000534057617,29.219999313354492,29.174999237060547,29.184999465942383,2287.0
2026-07-02T15:45:00-04:00,29.184999465942383,29.530000686645508,29.184999465942383,29.514999389648438,12826.0
2026-07-02T15:50:00-04:00,29.56999969482422,29.719999313354492,29.56999969482422,29.717500686645508,9384.0
2026-07-02T15:55:00-04:00,29.729999542236328,29.959999084472656,29.700000762939453,29.950000762939453,57905.0
2026-07-06T09:30:00-04:00,30.0,30.350000381469727,30.0,30.350000381469727,4645.0
2026-07-06T09:35:00-04:00,30.280000686645508,30.280000686645508,30.270200729370117,30.270200729370117,369.0
2026-07-06T09:40:00-04:00,30.280000686645508,30.280000686645508,30.200000762939453,30.239999771118164,1206.0
2026-07-06T09:45:00-04:00,30.299999237060547,30.5,30.299999237060547,30.489999771118164,1326.0
2026-07-06T09:50:00-04:00,30.385000228881836,30.389999389648438,30.22752571105957,30.3799991607666,1607.0
2026-07-06T09:55:00-04:00,30.3700008392334,30.3700008392334,30.079999923706055,30.15999984741211,2306.0
2026-07-06T10:00:00-04:00,30.165000915527344,30.165000915527344,30.165000915527344,30.165000915527344,531.0
2026-07-06T10:05:00-04:00,30.290000915527344,30.329999923706055,30.030799865722656,30.030799865722656,2644.0
2026-07-06T10:10:00-04:00,30.329999923706055,30.360000610351562,30.089099884033203,30.089099884033203,921.0
2026-07-06T10:15:00-04:00,30.329999923706055,30.3799991607666,30.239999771118164,30.290000915527344,6094.0
2026-07-06T10:20:00-04:00,30.299999237060547,30.450000762939453,30.290000915527344,30.420000076293945,1830.0
2026-07-06T10:25:00-04:00,30.420000076293945,30.420000076293945,30.34000015258789,30.415000915527344,1682.0
2026-07-06T10:30:00-04:00,30.190000534057617,30.190000534057617,30.149999618530273,30.149999618530273,1849.0
2026-07-06T10:40:00-04:00,30.1200008392334,30.1200008392334,30.020000457763672,30.040000915527344,2047.0
2026-07-06T10:45:00-04:00,30.1299991607666,30.385000228881836,30.1299991607666,30.309999465942383,3915.0
2026-07-06T10:50:00-04:00,30.399999618530273,30.399999618530273,30.399999618530273,30.399999618530273,442.0
2026-07-06T10:55:00-04:00,30.364999771118164,30.450000762939453,30.364999771118164,30.399999618530273,2360.0
2026-07-06T11:00:00-04:00,30.45949935913086,30.510000228881836,30.42009925842285,30.510000228881836,3202.0
2026-07-06T11:05:00-04:00,30.469999313354492,30.469999313354492,30.40999984741211,30.420000076293945,2014.0
2026-07-06T11:10:00-04:00,30.440000534057617,30.440000534057617,30.415000915527344,30.415000915527344,966.0
2026-07-06T11:15:00-04:00,30.389999389648438,30.389999389648438,30.260000228881836,30.260000228881836,2115.0
2026-07-06T11:20:00-04:00,30.280000686645508,30.350000381469727,30.239999771118164,30.350000381469727,4768.0
2026-07-06T11:25:00-04:00,30.270000457763672,30.270000457763672,30.239999771118164,30.239999771118164,2783.0
2026-07-06T11:30:00-04:00,30.270000457763672,30.280000686645508,30.2549991607666,30.280000686645508,1735.0
2026-07-06T11:35:00-04:00,30.260000228881836,30.299999237060547,30.229999542236328,30.299999237060547,3605.0
2026-07-06T11:40:00-04:00,30.290000915527344,30.290000915527344,30.270000457763672,30.270000457763672,3034.0
2026-07-06T11:45:00-04:00,30.25,30.25149917602539,30.209999084472656,30.209999084472656,2285.0
2026-07-06T11:50:00-04:00,30.18000030517578,30.18000030517578,30.15999984741211,30.15999984741211,1005.0
2026-07-06T11:55:00-04:00,30.149999618530273,30.149999618530273,30.145000457763672,30.145000457763672,1203.0
2026-07-06T12:00:00-04:00,30.145000457763672,30.15999984741211,30.1200008392334,30.149999618530273,2620.0
2026-07-06T12:05:00-04:00,30.200000762939453,30.229999542236328,30.190000534057617,30.209999084472656,3216.0
2026-07-06T12:10:00-04:00,30.18000030517578,30.190000534057617,30.18000030517578,30.190000534057617,783.0
2026-07-06T12:15:00-04:00,30.170000076293945,30.190000534057617,30.135000228881836,30.190000534057617,2682.0
2026-07-06T12:20:00-04:00,30.19499969482422,30.270000457763672,30.19499969482422,30.270000457763672,1406.0
2026-07-06T12:25:00-04:00,30.280000686645508,30.280000686645508,30.270000457763672,30.280000686645508,1485.0
2026-07-06T12:35:00-04:00,30.309999465942383,30.309999465942383,30.260000228881836,30.260000228881836,982.0
2026-07-06T12:40:00-04:00,30.28499984741211,30.28499984741211,30.28499984741211,30.28499984741211,1201.0
2026-07-06T12:45:00-04:00,30.28499984741211,30.28499984741211,30.28499984741211,30.28499984741211,418.0
2026-07-06T12:50:00-04:00,30.290000915527344,30.290000915527344,30.229999542236328,30.229999542236328,4287.0
2026-07-06T12:55:00-04:00,30.200000762939453,30.219999313354492,30.200000762939453,30.219999313354492,768.0
2026-07-06T13:00:00-04:00,30.190200805664062,30.239999771118164,30.174999237060547,30.239999771118164,2724.0
2026-07-06T13:05:00-04:00,30.280000686645508,30.3700008392334,30.280000686645508,30.3700008392334,2784.0
2026-07-06T13:10:00-04:00,30.280000686645508,30.309999465942383,30.260000228881836,30.270000457763672,1968.0
2026-07-06T13:15:00-04:00,30.270000457763672,30.270000457763672,30.25,30.25,1474.0
2026-07-06T13:20:00-04:00,30.219999313354492,30.260000228881836,30.1299991607666,30.260000228881836,4954.0
2026-07-06T13:25:00-04:00,30.264999389648438,30.264999389648438,30.264999389648438,30.264999389648438,200.0
2026-07-06T13:30:00-04:00,30.264999389648438,30.264999389648438,30.219999313354492,30.219999313354492,1291.0
2026-07-06T13:35:00-04:00,30.219999313354492,30.239999771118164,30.219999313354492,30.239999771118164,755.0
2026-07-06T13:40:00-04:00,30.18000030517578,30.200000762939453,30.18000030517578,30.190000534057617,2744.0
2026-07-06T13:45:00-04:00,30.209999084472656,30.209999084472656,30.209999084472656,30.209999084472656,429.0
2026-07-06T13:50:00-04:00,30.219999313354492,30.25,30.079999923706055,30.079999923706055,3909.0
2026-07-06T13:55:00-04:00,30.1200008392334,30.1200008392334,30.1200008392334,30.1200008392334,1005.0
2026-07-06T14:00:00-04:00,30.170000076293945,30.2549991607666,30.170000076293945,30.229999542236328,2205.0
2026-07-06T14:05:00-04:00,30.270000457763672,30.280000686645508,30.270000457763672,30.280000686645508,1282.0
2026-07-06T14:10:00-04:00,30.28499984741211,30.28499984741211,30.26099967956543,30.26099967956543,532.0
2026-07-06T14:15:00-04:00,30.34000015258789,30.34000015258789,30.31999969482422,30.31999969482422,1587.0
2026-07-06T14:25:00-04:00,30.280000686645508,30.280000686645508,30.235000610351562,30.235000610351562,1883.0
2026-07-06T14:30:00-04:00,30.209999084472656,30.239999771118164,30.18000030517578,30.235000610351562,3268.0
2026-07-06T14:35:00-04:00,30.225000381469727,30.225000381469727,30.190000534057617,30.190000534057617,801.0
2026-07-06T14:40:00-04:00,30.149999618530273,30.149999618530273,30.100000381469727,30.100000381469727,1574.0
2026-07-06T14:45:00-04:00,30.084999084472656,30.155000686645508,30.084999084472656,30.1299991607666,3232.0
2026-07-06T14:50:00-04:00,30.135000228881836,30.135000228881836,30.06999969482422,30.06999969482422,1814.0
2026-07-06T14:55:00-04:00,30.09000015258789,30.15999984741211,30.09000015258789,30.15999984741211,2549.0
2026-07-06T15:00:00-04:00,30.229999542236328,30.270000457763672,30.229999542236328,30.270000457763672,925.0
2026-07-06T15:05:00-04:00,30.225000381469727,30.229999542236328,30.139999389648438,30.139999389648438,2545.0
2026-07-06T15:10:00-04:00,30.155000686645508,30.155000686645508,30.1299991607666,30.145000457763672,1386.0
2026-07-06T15:15:00-04:00,30.135000228881836,30.135000228881836,30.09000015258789,30.094999313354492,1520.0
2026-07-06T15:20:00-04:00,30.09000015258789,30.100000381469727,30.020000457763672,30.049999237060547,7996.0
2026-07-06T15:30:00-04:00,30.059999465942383,30.170000076293945,30.059999465942383,30.079999923706055,7042.0
2026-07-06T15:35:00-04:00,30.100000381469727,30.110000610351562,30.094999313354492,30.110000610351562,1992.0
2026-07-06T15:40:00-04:00,30.079999923706055,30.079999923706055,30.030000686645508,30.030000686645508,1570.0
2026-07-06T15:45:00-04:00,30.06999969482422,30.084999084472656,30.049999237060547,30.049999237060547,2089.0
2026-07-06T15:50:00-04:00,30.040000915527344,30.040000915527344,29.93000030517578,29.93000030517578,11097.0
2026-07-06T15:55:00-04:00,29.940000534057617,29.940000534057617,29.719999313354492,29.799999237060547,39705.0
2026-07-07T09:30:00-04:00,29.809999465942383,29.860000610351562,29.110000610351562,29.200000762939453,7309.0
2026-07-07T09:35:00-04:00,29.030000686645508,29.030000686645508,29.030000686645508,29.030000686645508,879.0
2026-07-07T09:40:00-04:00,29.15999984741211,29.162899017333984,29.15999984741211,29.162899017333984,838.0
2026-07-07T09:45:00-04:00,29.100000381469727,29.100000381469727,29.100000381469727,29.100000381469727,590.0
2026-07-07T09:50:00-04:00,29.135299682617188,29.174701690673828,28.719999313354492,28.850000381469727,3896.0
2026-07-07T09:55:00-04:00,28.850000381469727,28.850000381469727,28.850000381469727,28.850000381469727,1410.0
2026-07-07T10:00:00-04:00,28.804000854492188,29.190000534057617,28.804000854492188,29.190000534057617,3666.0
2026-07-07T10:05:00-04:00,29.094999313354492,29.239999771118164,29.094999313354492,29.149999618530273,1193.0
2026-07-07T10:10:00-04:00,29.149999618530273,29.149999618530273,28.860000610351562,28.860000610351562,3068.0
2026-07-07T10:15:00-04:00,29.0,29.149999618530273,29.0,29.149999618530273,2204.0
2026-07-07T10:20:00-04:00,29.260000228881836,29.260000228881836,29.010000228881836,29.010000228881836,1977.0
2026-07-07T10:25:00-04:00,29.0,29.110000610351562,28.979999542236328,29.049999237060547,2642.0
2026-07-07T10:30:00-04:00,29.09000015258789,29.09000015258789,29.059999465942383,29.059999465942383,1166.0
2026-07-07T10:35:00-04:00,28.9822998046875,29.010700225830078,28.924999237060547,28.989999771118164,4478.0
2026-07-07T10:40:00-04:00,28.95680046081543,28.979999542236328,28.860000610351562,28.860000610351562,5998.0
2026-07-07T10:45:00-04:00,28.850000381469727,28.979999542236328,28.850000381469727,28.975000381469727,4250.0
2026-07-07T10:50:00-04:00,29.010000228881836,29.040000915527344,28.950000762939453,29.030000686645508,6855.0
2026-07-07T10:55:00-04:00,29.0,29.1200008392334,28.979999542236328,29.1200008392334,3618.0
2026-07-07T11:00:00-04:00,29.09000015258789,29.09000015258789,28.989999771118164,28.989999771118164,3755.0
2026-07-07T11:05:00-04:00,28.959999084472656,29.073400497436523,28.959999084472656,29.073400497436523,5074.0
2026-07-07T11:10:00-04:00,29.09000015258789,29.100000381469727,28.920000076293945,28.920000076293945,5813.0
2026-07-07T11:15:00-04:00,28.81999969482422,28.829999923706055,28.770000457763672,28.80500030517578,2192.0
2026-07-07T11:20:00-04:00,28.809999465942383,28.815000534057617,28.790000915527344,28.799999237060547,2522.0
2026-07-07T11:25:00-04:00,28.780000686645508,28.950000762939453,28.780000686645508,28.940000534057617,8848.0
2026-07-07T11:30:00-04:00,28.969999313354492,28.989999771118164,28.920000076293945,28.959999084472656,3239.0
2026-07-07T11:35:00-04:00,28.985000610351562,29.030000686645508,28.93000030517578,28.93000030517578,2167.0
2026-07-07T11:40:00-04:00,28.940000534057617,28.969999313354492,28.940000534057617,28.969999313354492,2311.0
2026-07-07T11:45:00-04:00,29.010000228881836,29.139999389648438,29.0,29.040000915527344,2703.0
2026-07-07T11:50:00-04:00,29.065000534057617,29.065000534057617,29.065000534057617,29.065000534057617,437.0
2026-07-07T11:55:00-04:00,29.065000534057617,29.065000534057617,29.010000228881836,29.010000228881836,5372.0
2026-07-07T12:00:00-04:00,29.030000686645508,29.059999465942383,29.030000686645508,29.059999465942383,1109.0
2026-07-07T12:05:00-04:00,29.100000381469727,29.100000381469727,29.049999237060547,29.049999237060547,1354.0
2026-07-07T12:10:00-04:00,29.079999923706055,29.100000381469727,29.06999969482422,29.100000381469727,2359.0
2026-07-07T12:15:00-04:00,29.070899963378906,29.070899963378906,29.020000457763672,29.020000457763672,3916.0
2026-07-07T12:20:00-04:00,29.040000915527344,29.06999969482422,29.040000915527344,29.059999465942383,3474.0
2026-07-07T12:25:00-04:00,29.030000686645508,29.049999237060547,29.010000228881836,29.020000457763672,3964.0
2026-07-07T12:30:00-04:00,29.020000457763672,29.030000686645508,29.0,29.0,1992.0
2026-07-07T12:35:00-04:00,29.049999237060547,29.049999237060547,29.049999237060547,29.049999237060547,1174.0
2026-07-07T12:40:00-04:00,28.979999542236328,28.979999542236328,28.950000762939453,28.950000762939453,1427.0
2026-07-07T12:45:00-04:00,28.96500015258789,28.979999542236328,28.954999923706055,28.954999923706055,2717.0
2026-07-07T12:50:00-04:00,28.975000381469727,28.975000381469727,28.899999618530273,28.899999618530273,3015.0
2026-07-07T12:55:00-04:00,28.854999542236328,28.93000030517578,28.80500030517578,28.93000030517578,7755.0
2026-07-07T13:00:00-04:00,28.950000762939453,28.959999084472656,28.915000915527344,28.959999084472656,1554.0
2026-07-07T13:05:00-04:00,29.014999389648438,29.014999389648438,28.94499969482422,28.989999771118164,7201.0
2026-07-07T13:10:00-04:00,28.989999771118164,29.06999969482422,28.989999771118164,29.040000915527344,2929.0
2026-07-07T13:15:00-04:00,29.040000915527344,29.040000915527344,28.899999618530273,28.924999237060547,2303.0
2026-07-07T13:20:00-04:00,28.924999237060547,28.979999542236328,28.899999618530273,28.975000381469727,5881.0
2026-07-07T13:25:00-04:00,28.969999313354492,28.969999313354492,28.940099716186523,28.940099716186523,1302.0
2026-07-07T13:30:00-04:00,28.950000762939453,28.950000762939453,28.93000030517578,28.93000030517578,4319.0
2026-07-07T13:40:00-04:00,28.90999984741211,28.93000030517578,28.90999984741211,28.920000076293945,2100.0
2026-07-07T13:45:00-04:00,28.920000076293945,28.920000076293945,28.889999389648438,28.889999389648438,2724.0
2026-07-07T13:55:00-04:00,28.8700008392334,28.8799991607666,28.8700008392334,28.8700008392334,1454.0
2026-07-07T14:00:00-04:00,28.875,28.889999389648438,28.860000610351562,28.860000610351562,1380.0
2026-07-07T14:05:00-04:00,28.854999542236328,28.854999542236328,28.84000015258789,28.850000381469727,1247.0
2026-07-07T14:10:00-04:00,28.81999969482422,28.829999923706055,28.770000457763672,28.799999237060547,7063.0
2026-07-07T14:15:00-04:00,28.809999465942383,28.809999465942383,28.799999237060547,28.809999465942383,2138.0
2026-07-07T14:20:00-04:00,28.799999237060547,28.799999237060547,28.770000457763672,28.770000457763672,1516.0
2026-07-07T14:25:00-04:00,28.75,28.7549991607666,28.700000762939453,28.729999542236328,3750.0
2026-07-07T14:30:00-04:00,28.725000381469727,28.729999542236328,28.665000915527344,28.665000915527344,2460.0
2026-07-07T14:35:00-04:00,28.690000534057617,28.75,28.690000534057617,28.700000762939453,4141.0
2026-07-07T14:40:00-04:00,28.65999984741211,28.65999984741211,28.65999984741211,28.65999984741211,1636.0
2026-07-07T14:45:00-04:00,28.649999618530273,28.68000030517578,28.649999618530273,28.649999618530273,1378.0
2026-07-07T14:50:00-04:00,28.670000076293945,28.709999084472656,28.670000076293945,28.704999923706055,2730.0
2026-07-07T14:55:00-04:00,28.709999084472656,28.78499984741211,28.709999084472656,28.780000686645508,4763.0
2026-07-07T15:00:00-04:00,28.770000457763672,28.770000457763672,28.719999313354492,28.727500915527344,3620.0
2026-07-07T15:05:00-04:00,28.719999313354492,28.75,28.709999084472656,28.709999084472656,1569.0
2026-07-07T15:10:00-04:00,28.690000534057617,28.799999237060547,28.68000030517578,28.729999542236328,9090.0
2026-07-07T15:15:00-04:00,28.68000030517578,28.7549991607666,28.639999389648438,28.690000534057617,8147.0
2026-07-07T15:20:00-04:00,28.725000381469727,28.829999923706055,28.725000381469727,28.81999969482422,3914.0
2026-07-07T15:25:00-04:00,28.799999237060547,28.799999237060547,28.739999771118164,28.739999771118164,6870.0
2026-07-07T15:30:00-04:00,28.7450008392334,28.7450008392334,28.6299991607666,28.6299991607666,3491.0
2026-07-07T15:35:00-04:00,28.6200008392334,28.639999389648438,28.5,28.639999389648438,3430.0
2026-07-07T15:40:00-04:00,28.649999618530273,28.684999465942383,28.600000381469727,28.684999465942383,3676.0
2026-07-07T15:45:00-04:00,28.700000762939453,28.780000686645508,28.690000534057617,28.760000228881836,9981.0
2026-07-07T15:50:00-04:00,28.760000228881836,28.799999237060547,28.709999084472656,28.770000457763672,17717.0
2026-07-07T15:55:00-04:00,28.790000915527344,28.885000228881836,28.78499984741211,28.8700008392334,30062.0
2026-07-08T09:30:00-04:00,28.420000076293945,28.899999618530273,28.270000457763672,28.8799991607666,16583.0
2026-07-08T09:35:00-04:00,28.899999618530273,28.950000762939453,28.790000915527344,28.790000915527344,1138.0
2026-07-08T09:40:00-04:00,28.639999389648438,28.799999237060547,28.6200008392334,28.799999237060547,909.0
2026-07-08T09:45:00-04:00,28.649999618530273,28.649999618530273,28.489999771118164,28.59000015258789,2139.0
2026-07-08T09:50:00-04:00,28.6200008392334,28.6200008392334,28.6200008392334,28.6200008392334,386.0
2026-07-08T09:55:00-04:00,28.7549991607666,28.7549991607666,28.7549991607666,28.7549991607666,122.0
2026-07-08T10:00:00-04:00,28.747499465942383,28.7549991607666,28.747499465942383,28.7549991607666,955.0
2026-07-08T10:05:00-04:00,28.760000228881836,28.969900131225586,28.760000228881836,28.969900131225586,803.0
2026-07-08T10:10:00-04:00,28.8700008392334,28.885000228881836,28.790000915527344,28.885000228881836,1640.0
2026-07-08T10:15:00-04:00,28.850000381469727,29.15999984741211,28.850000381469727,29.15999984741211,2705.0
2026-07-08T10:20:00-04:00,28.9950008392334,29.170000076293945,28.96500015258789,29.0,4974.0
2026-07-08T10:30:00-04:00,28.860000610351562,29.059999465942383,28.81999969482422,28.829999923706055,2233.0
2026-07-08T10:35:00-04:00,28.729999542236328,28.75,28.729999542236328,28.75,901.0
2026-07-08T10:40:00-04:00,28.700000762939453,28.700000762939453,28.690000534057617,28.690000534057617,924.0
2026-07-08T10:45:00-04:00,28.635000228881836,28.635000228881836,28.56999969482422,28.579999923706055,1290.0
2026-07-08T10:50:00-04:00,28.610000610351562,28.65999984741211,28.610000610351562,28.6200008392334,2187.0
2026-07-08T10:55:00-04:00,28.6200008392334,28.635000228881836,28.579999923706055,28.600000381469727,4850.0
2026-07-08T11:00:00-04:00,28.6200008392334,28.68000030517578,28.53499984741211,28.614999771118164,5457.0
2026-07-08T11:05:00-04:00,28.614999771118164,28.670000076293945,28.614999771118164,28.639999389648438,3481.0
2026-07-08T11:10:00-04:00,28.610000610351562,28.639999389648438,28.56999969482422,28.600000381469727,2840.0
2026-07-08T11:15:00-04:00,28.649999618530273,28.649999618530273,28.530000686645508,28.594999313354492,11329.0
2026-07-08T11:20:00-04:00,28.594999313354492,28.594999313354492,28.459999084472656,28.459999084472656,2299.0
2026-07-08T11:25:00-04:00,28.440000534057617,28.489999771118164,28.440000534057617,28.479999542236328,2044.0
2026-07-08T11:30:00-04:00,28.5,28.665000915527344,28.485000610351562,28.665000915527344,5787.0
2026-07-08T11:35:00-04:00,28.665000915527344,28.665000915527344,28.559999465942383,28.559999465942383,7167.0
2026-07-08T11:45:00-04:00,28.55500030517578,28.55500030517578,28.459999084472656,28.459999084472656,2512.0
2026-07-08T11:50:00-04:00,28.454999923706055,28.520000457763672,28.454999923706055,28.520000457763672,6341.0
2026-07-08T11:55:00-04:00,28.520000457763672,28.530000686645508,28.479999542236328,28.524999618530273,3544.0
2026-07-08T12:00:00-04:00,28.524999618530273,28.565000534057617,28.440000534057617,28.559999465942383,6597.0
2026-07-08T12:05:00-04:00,28.600000381469727,28.700000762939453,28.600000381469727,28.700000762939453,5644.0
2026-07-08T12:10:00-04:00,28.760000228881836,28.854999542236328,28.700000762939453,28.854999542236328,3882.0
2026-07-08T12:15:00-04:00,28.829999923706055,28.875,28.829999923706055,28.8700008392334,2498.0
2026-07-08T12:20:00-04:00,28.854999542236328,28.86009979248047,28.760000228881836,28.770000457763672,3697.0
2026-07-08T12:25:00-04:00,28.774999618530273,28.809999465942383,28.75,28.75,3778.0
2026-07-08T12:30:00-04:00,28.780000686645508,28.81999969482422,28.75,28.75,1765.0
2026-07-08T12:35:00-04:00,28.739999771118164,28.739999771118164,28.649999618530273,28.700000762939453,5955.0
2026-07-08T12:40:00-04:00,28.770000457763672,28.799999237060547,28.770000457763672,28.799999237060547,2067.0
2026-07-08T12:45:00-04:00,28.799999237060547,28.832500457763672,28.799999237060547,28.825000762939453,2332.0
2026-07-08T12:50:00-04:00,28.825000762939453,28.844999313354492,28.799999237060547,28.844999313354492,2712.0
2026-07-08T12:55:00-04:00,28.844999313354492,28.899999618530273,28.84000015258789,28.854999542236328,3147.0
2026-07-08T13:00:00-04:00,28.854999542236328,28.854999542236328,28.854999542236328,28.854999542236328,953.0
2026-07-08T13:05:00-04:00,28.8700008392334,28.8799991607666,28.864999771118164,28.875,3484.0
2026-07-08T13:10:00-04:00,28.850000381469727,28.860000610351562,28.829999923706055,28.84000015258789,2231.0
2026-07-08T13:15:00-04:00,28.834999084472656,28.899999618530273,28.829999923706055,28.899999618530273,4718.0
2026-07-08T13:20:00-04:00,28.889999389648438,28.989999771118164,28.8799991607666,28.989999771118164,7677.0
2026-07-08T13:25:00-04:00,28.989999771118164,28.989999771118164,28.989999771118164,28.989999771118164,526.0
2026-07-08T13:30:00-04:00,28.9950008392334,29.030000686645508,28.979999542236328,29.024999618530273,6621.0
2026-07-08T13:35:00-04:00,29.020000457763672,29.020000457763672,28.959999084472656,28.969999313354492,2834.0
2026-07-08T13:40:00-04:00,28.940000534057617,28.959999084472656,28.940000534057617,28.959999084472656,429.0
2026-07-08T13:45:00-04:00,28.959999084472656,28.959999084472656,28.899999618530273,28.899999618530273,3375.0
2026-07-08T13:50:00-04:00,28.93000030517578,28.950000762939453,28.875,28.924999237060547,7674.0
2026-07-08T13:55:00-04:00,28.889999389648438,28.93000030517578,28.81999969482422,28.875,3413.0
2026-07-08T14:00:00-04:00,28.81999969482422,28.920000076293945,28.809999465942383,28.889999389648438,5163.0
2026-07-08T14:05:00-04:00,28.889999389648438,28.940000534057617,28.850000381469727,28.875,3123.0
2026-07-08T14:10:00-04:00,28.90999984741211,28.94499969482422,28.90999984741211,28.94499969482422,1703.0
2026-07-08T14:15:00-04:00,28.9950008392334,28.9950008392334,28.93000030517578,28.98889923095703,2975.0
2026-07-08T14:20:00-04:00,28.93000030517578,28.940000534057617,28.90999984741211,28.90999984741211,7104.0
2026-07-08T14:30:00-04:00,28.899999618530273,28.940000534057617,28.8799991607666,28.920000076293945,6194.0
2026-07-08T14:35:00-04:00,28.915000915527344,28.989999771118164,28.915000915527344,28.985000610351562,3976.0
2026-07-08T14:40:00-04:00,28.950000762939453,28.954999923706055,28.950000762939453,28.950000762939453,1776.0
2026-07-08T14:45:00-04:00,28.950000762939453,28.979999542236328,28.950000762939453,28.979999542236328,1632.0
2026-07-08T14:50:00-04:00,28.989999771118164,28.989999771118164,28.979999542236328,28.979999542236328,1947.0
2026-07-08T14:55:00-04:00,28.959999084472656,28.979999542236328,28.93000030517578,28.96500015258789,8818.0
2026-07-08T15:00:00-04:00,28.969999313354492,29.010000228881836,28.959999084472656,28.96500015258789,5048.0
2026-07-08T15:05:00-04:00,28.96500015258789,28.989999771118164,28.959999084472656,28.989999771118164,4951.0
2026-07-08T15:10:00-04:00,28.989999771118164,28.989999771118164,28.905000686645508,28.905000686645508,4313.0
2026-07-08T15:15:00-04:00,28.905000686645508,28.920000076293945,28.905000686645508,28.920000076293945,1459.0
2026-07-08T15:20:00-04:00,28.889999389648438,28.905000686645508,28.889999389648438,28.905000686645508,2358.0
2026-07-08T15:25:00-04:00,28.905000686645508,28.905000686645508,28.860000610351562,28.860000610351562,4220.0
2026-07-08T15:30:00-04:00,28.850000381469727,28.8700008392334,28.81999969482422,28.8700008392334,10707.0
2026-07-08T15:35:00-04:00,28.8700008392334,28.899999618530273,28.84000015258789,28.860000610351562,15508.0
2026-07-08T15:40:00-04:00,28.889999389648438,28.959999084472656,28.875,28.940000534057617,18299.0
2026-07-08T15:45:00-04:00,28.940000534057617,29.0049991607666,28.93000030517578,28.989999771118164,16456.0
2026-07-08T15:50:00-04:00,28.959999084472656,29.114999771118164,28.959999084472656,29.114999771118164,10967.0
2026-07-08T15:55:00-04:00,29.1299991607666,29.190000534057617,29.059999465942383,29.059999465942383,52103.0
2026-07-09T09:30:00-04:00,29.520000457763672,29.530000686645508,29.200000762939453,29.280000686645508,5142.0
2026-07-09T09:35:00-04:00,29.360000610351562,29.5,29.34000015258789,29.34000015258789,5974.0
2026-07-09T09:40:00-04:00,29.420000076293945,29.420000076293945,29.34000015258789,29.34000015258789,871.0
2026-07-09T09:45:00-04:00,29.440000534057617,29.469999313354492,29.440000534057617,29.450000762939453,1373.0
2026-07-09T09:50:00-04:00,29.389999389648438,29.475000381469727,29.350000381469727,29.475000381469727,1101.0
2026-07-09T09:55:00-04:00,29.280000686645508,29.360000610351562,29.280000686645508,29.360000610351562,1856.0
2026-07-09T10:00:00-04:00,29.3700008392334,29.3700008392334,29.3700008392334,29.3700008392334,449.0
2026-07-09T10:05:00-04:00,29.315000534057617,29.315000534057617,29.270000457763672,29.270000457763672,1479.0
2026-07-09T10:10:00-04:00,29.309999465942383,29.309999465942383,29.309999465942383,29.309999465942383,563.0
2026-07-09T10:15:00-04:00,29.405000686645508,29.405000686645508,29.200000762939453,29.25,2984.0
2026-07-09T10:20:00-04:00,29.18000030517578,29.18000030517578,29.059999465942383,29.110000610351562,1931.0
2026-07-09T10:25:00-04:00,29.190000534057617,29.235000610351562,29.190000534057617,29.190099716186523,945.0
2026-07-09T10:30:00-04:00,29.2549991607666,29.2549991607666,29.2549991607666,29.2549991607666,511.0
2026-07-09T10:35:00-04:00,29.264699935913086,29.299999237060547,29.229999542236328,29.299999237060547,1808.0
2026-07-09T10:40:00-04:00,29.295000076293945,29.31999969482422,29.260000228881836,29.280000686645508,3171.0
2026-07-09T10:45:00-04:00,29.329999923706055,29.329999923706055,29.329999923706055,29.329999923706055,1089.0
2026-07-09T10:50:00-04:00,29.280000686645508,29.280000686645508,29.229999542236328,29.2450008392334,2576.0
2026-07-09T10:55:00-04:00,29.219999313354492,29.264999389648438,29.219999313354492,29.264999389648438,650.0
2026-07-09T11:00:00-04:00,29.264999389648438,29.264999389648438,29.149999618530273,29.149999618530273,4726.0
2026-07-09T11:05:00-04:00,29.200000762939453,29.209999084472656,29.190000534057617,29.190000534057617,3209.0
2026-07-09T11:10:00-04:00,29.190000534057617,29.190000534057617,29.190000534057617,29.190000534057617,293.0
2026-07-09T11:15:00-04:00,29.149999618530273,29.149999618530273,29.139999389648438,29.149999618530273,1485.0
2026-07-09T11:20:00-04:00,29.165000915527344,29.165000915527344,29.1200008392334,29.1200008392334,1158.0
2026-07-09T11:25:00-04:00,29.135000228881836,29.165000915527344,29.135000228881836,29.165000915527344,1618.0
2026-07-09T11:30:00-04:00,29.1299991607666,29.209999084472656,29.1299991607666,29.170000076293945,3990.0
2026-07-09T11:35:00-04:00,29.1200008392334,29.1200008392334,29.114999771118164,29.114999771118164,1074.0
2026-07-09T11:40:00-04:00,29.1299991607666,29.190000534057617,29.1299991607666,29.190000534057617,1741.0
2026-07-09T11:45:00-04:00,29.190000534057617,29.209999084472656,29.190000534057617,29.209999084472656,1554.0
2026-07-09T11:50:00-04:00,29.190000534057617,29.190000534057617,29.15999984741211,29.18000030517578,2476.0
2026-07-09T11:55:00-04:00,29.104999542236328,29.104999542236328,29.104999542236328,29.104999542236328,795.0
2026-07-09T12:00:00-04:00,29.1200008392334,29.1299991607666,29.1200008392334,29.1299991607666,767.0
2026-07-09T12:05:00-04:00,29.145000457763672,29.18000030517578,29.145000457763672,29.18000030517578,1244.0
2026-07-09T12:10:00-04:00,29.200000762939453,29.229999542236328,29.200000762939453,29.229999542236328,1452.0
2026-07-09T12:15:00-04:00,29.25,29.25,29.190000534057617,29.190000534057617,2026.0
2026-07-09T12:20:00-04:00,29.15999984741211,29.15999984741211,29.15999984741211,29.15999984741211,387.0
2026-07-09T12:30:00-04:00,29.149999618530273,29.149999618530273,29.094999313354492,29.094999313354492,2000.0
2026-07-09T12:35:00-04:00,29.094999313354492,29.094999313354492,29.059999465942383,29.075000762939453,1282.0
2026-07-09T12:40:00-04:00,29.06999969482422,29.06999969482422,29.06999969482422,29.06999969482422,774.0
2026-07-09T12:45:00-04:00,29.079999923706055,29.09000015258789,29.06999969482422,29.06999969482422,2609.0
2026-07-09T12:50:00-04:00,29.079999923706055,29.09000015258789,29.06999969482422,29.06999969482422,1805.0
2026-07-09T12:55:00-04:00,29.059999465942383,29.059999465942383,29.059999465942383,29.059999465942383,496.0
2026-07-09T13:00:00-04:00,29.06999969482422,29.06999969482422,29.059999465942383,29.059999465942383,1410.0
2026-07-09T13:05:00-04:00,29.09000015258789,29.094999313354492,29.059999465942383,29.059999465942383,1122.0
2026-07-09T13:10:00-04:00,29.09000015258789,29.09000015258789,29.09000015258789,29.09000015258789,254.0
2026-07-09T13:15:00-04:00,29.110000610351562,29.15999984741211,29.110000610351562,29.139999389648438,3667.0
2026-07-09T13:20:00-04:00,29.1299991607666,29.1299991607666,29.101699829101562,29.101699829101562,696.0
2026-07-09T13:25:00-04:00,29.125,29.125,29.125,29.125,283.0
2026-07-09T13:30:00-04:00,29.1299991607666,29.149999618530273,29.1299991607666,29.139999389648438,909.0
2026-07-09T13:35:00-04:00,29.139999389648438,29.139999389648438,29.139999389648438,29.139999389648438,526.0
2026-07-09T13:40:00-04:00,29.15999984741211,29.184999465942383,29.155000686645508,29.18000030517578,1544.0
2026-07-09T13:45:00-04:00,29.190000534057617,29.219999313354492,29.190000534057617,29.219999313354492,1755.0
2026-07-09T13:50:00-04:00,29.25,29.290000915527344,29.239999771118164,29.280000686645508,4597.0
2026-07-09T14:00:00-04:00,29.270000457763672,29.270000457763672,29.209999084472656,29.209999084472656,3379.0
2026-07-09T14:05:00-04:00,29.204999923706055,29.25,29.204999923706055,29.239999771118164,1923.0
2026-07-09T14:10:00-04:00,29.239999771118164,29.239999771118164,29.239999771118164,29.239999771118164,503.0
2026-07-09T14:15:00-04:00,29.219999313354492,29.235000610351562,29.219999313354492,29.235000610351562,793.0
2026-07-09T14:20:00-04:00,29.219999313354492,29.219999313354492,29.219999313354492,29.219999313354492,261.0
2026-07-09T14:25:00-04:00,29.18000030517578,29.18000030517578,29.18000030517578,29.18000030517578,599.0
2026-07-09T14:30:00-04:00,29.190000534057617,29.200000762939453,29.18000030517578,29.190000534057617,1675.0
2026-07-09T14:35:00-04:00,29.190000534057617,29.190000534057617,29.170000076293945,29.170000076293945,1310.0
2026-07-09T14:40:00-04:00,29.15999984741211,29.15999984741211,29.15999984741211,29.15999984741211,1001.0
2026-07-09T14:45:00-04:00,29.170000076293945,29.200000762939453,29.165000915527344,29.190000534057617,2566.0
2026-07-09T14:50:00-04:00,29.200000762939453,29.219999313354492,29.200000762939453,29.219999313354492,904.0
2026-07-09T14:55:00-04:00,29.219999313354492,29.2450008392334,29.219999313354492,29.2450008392334,1201.0
2026-07-09T15:00:00-04:00,29.235000610351562,29.235000610351562,29.200000762939453,29.200000762939453,2467.0
2026-07-09T15:05:00-04:00,29.190000534057617,29.229999542236328,29.190000534057617,29.229999542236328,2373.0
2026-07-09T15:10:00-04:00,29.239999771118164,29.239999771118164,29.239999771118164,29.239999771118164,204.0
2026-07-09T15:15:00-04:00,29.260000228881836,29.30500030517578,29.260000228881836,29.290000915527344,3752.0
2026-07-09T15:20:00-04:00,29.270000457763672,29.270000457763672,29.200000762939453,29.200000762939453,3336.0
2026-07-09T15:25:00-04:00,29.15999984741211,29.15999984741211,29.13599967956543,29.13599967956543,1374.0
2026-07-09T15:30:00-04:00,29.100000381469727,29.139999389648438,29.065000534057617,29.139999389648438,4710.0
2026-07-09T15:35:00-04:00,29.1299991607666,29.1299991607666,29.110000610351562,29.125,1919.0
2026-07-09T15:40:00-04:00,29.149999618530273,29.190000534057617,29.149999618530273,29.190000534057617,4223.0
2026-07-09T15:45:00-04:00,29.209999084472656,29.274999618530273,29.200000762939453,29.274999618530273,5175.0
2026-07-09T15:50:00-04:00,29.309999465942383,29.309999465942383,29.059999465942383,29.059999465942383,12054.0
2026-07-09T15:55:00-04:00,29.06999969482422,29.09000015258789,28.979999542236328,29.049999237060547,39261.0
2026-07-10T09:30:00-04:00,29.25,29.25,28.969999313354492,29.09000015258789,5761.0
2026-07-10T09:35:00-04:00,29.375,29.375,29.060100555419922,29.060100555419922,481.0
2026-07-10T09:40:00-04:00,29.079999923706055,29.079999923706055,29.06999969482422,29.075000762939453,891.0
2026-07-10T09:45:00-04:00,29.059999465942383,29.25,29.059999465942383,29.25,1453.0
2026-07-10T09:50:00-04:00,29.110000610351562,29.2549991607666,29.110000610351562,29.2549991607666,555.0
2026-07-10T09:55:00-04:00,29.225000381469727,29.280000686645508,29.22249984741211,29.280000686645508,851.0
2026-07-10T10:00:00-04:00,29.280000686645508,29.31999969482422,29.270000457763672,29.31999969482422,1428.0
2026-07-10T10:05:00-04:00,29.40999984741211,29.40999984741211,29.40999984741211,29.40999984741211,297.0
2026-07-10T10:10:00-04:00,29.399999618530273,29.43000030517578,29.395000457763672,29.395000457763672,2325.0
2026-07-10T10:15:00-04:00,29.479999542236328,29.610000610351562,29.479999542236328,29.610000610351562,921.0
2026-07-10T10:20:00-04:00,29.600000381469727,29.600000381469727,29.5,29.510000228881836,1288.0
2026-07-10T10:25:00-04:00,29.5,29.56999969482422,29.459999084472656,29.55500030517578,1922.0
2026-07-10T10:30:00-04:00,29.65999984741211,29.739999771118164,29.399999618530273,29.454999923706055,9226.0
2026-07-10T10:35:00-04:00,29.700000762939453,29.780000686645508,29.674999237060547,29.780000686645508,1644.0
2026-07-10T10:40:00-04:00,29.735000610351562,29.790000915527344,29.735000610351562,29.790000915527344,750.0
2026-07-10T10:45:00-04:00,29.739999771118164,29.739999771118164,29.670000076293945,29.68000030517578,2402.0
2026-07-10T10:50:00-04:00,29.700000762939453,29.700000762939453,29.528499603271484,29.59000015258789,3592.0
2026-07-10T10:55:00-04:00,29.565000534057617,29.6200008392334,29.510000228881836,29.600000381469727,4041.0
2026-07-10T11:00:00-04:00,29.600000381469727,29.690000534057617,29.600000381469727,29.645000457763672,1737.0
2026-07-10T11:05:00-04:00,29.600000381469727,29.600000381469727,29.530000686645508,29.530000686645508,2314.0
2026-07-10T11:10:00-04:00,29.549999237060547,29.579999923706055,29.489999771118164,29.489999771118164,2026.0
2026-07-10T11:15:00-04:00,29.52989959716797,29.559999465942383,29.52989959716797,29.559999465942383,1782.0
2026-07-10T11:20:00-04:00,29.545000076293945,29.600000381469727,29.545000076293945,29.579999923706055,2806.0
2026-07-10T11:25:00-04:00,29.559999465942383,29.6200008392334,29.559999465942383,29.6200008392334,2989.0
2026-07-10T11:30:00-04:00,29.59000015258789,29.59000015258789,29.584999084472656,29.584999084472656,1303.0
2026-07-10T11:35:00-04:00,29.56999969482422,29.625,29.56999969482422,29.610000610351562,1666.0
2026-07-10T11:40:00-04:00,29.56999969482422,29.6200008392334,29.56999969482422,29.6200008392334,2385.0
2026-07-10T11:45:00-04:00,29.65999984741211,29.65999984741211,29.65999984741211,29.65999984741211,1381.0
2026-07-10T11:50:00-04:00,29.729999542236328,29.729999542236328,29.729999542236328,29.729999542236328,944.0
2026-07-10T12:00:00-04:00,29.799999237060547,29.825000762939453,29.790000915527344,29.790000915527344,1533.0
2026-07-10T12:05:00-04:00,29.780000686645508,29.780000686645508,29.75,29.75,1516.0
2026-07-10T12:10:00-04:00,29.739999771118164,29.739999771118164,29.739999771118164,29.739999771118164,972.0
2026-07-10T12:15:00-04:00,29.739999771118164,29.7450008392334,29.725000381469727,29.7450008392334,966.0
2026-07-10T12:20:00-04:00,29.709999084472656,29.709999084472656,29.709999084472656,29.709999084472656,706.0
2026-07-10T12:25:00-04:00,29.71500015258789,29.729999542236328,29.71500015258789,29.729999542236328,1244.0
2026-07-10T12:30:00-04:00,29.780000686645508,29.780000686645508,29.780000686645508,29.780000686645508,902.0
2026-07-10T12:45:00-04:00,29.799999237060547,29.799999237060547,29.774999618530273,29.774999618530273,737.0
2026-07-10T12:50:00-04:00,29.799999237060547,29.826499938964844,29.799999237060547,29.81999969482422,3281.0
2026-07-10T12:55:00-04:00,29.799999237060547,29.853099822998047,29.799999237060547,29.853099822998047,1964.0
2026-07-10T13:00:00-04:00,29.8799991607666,29.8799991607666,29.8700008392334,29.8700008392334,1845.0
2026-07-10T13:05:00-04:00,29.839000701904297,29.839000701904297,29.839000701904297,29.839000701904297,401.0
2026-07-10T13:10:00-04:00,29.8700008392334,29.8700008392334,29.8700008392334,29.8700008392334,185.0
2026-07-10T13:15:00-04:00,29.8700008392334,29.899999618530273,29.8700008392334,29.875,2053.0
2026-07-10T13:20:00-04:00,29.889999389648438,29.899999618530273,29.760000228881836,29.790000915527344,10197.0
2026-07-10T13:25:00-04:00,29.860000610351562,29.860000610351562,29.770000457763672,29.770000457763672,1015.0
2026-07-10T13:30:00-04:00,29.780000686645508,29.799999237060547,29.780000686645508,29.799999237060547,1465.0
2026-07-10T13:35:00-04:00,29.860000610351562,29.860000610351562,29.81999969482422,29.81999969482422,1941.0
2026-07-10T13:40:00-04:00,29.829999923706055,29.829999923706055,29.829999923706055,29.829999923706055,917.0
2026-07-10T13:45:00-04:00,29.854999542236328,29.854999542236328,29.809999465942383,29.809999465942383,1012.0
2026-07-10T13:55:00-04:00,29.790000915527344,29.790000915527344,29.770000457763672,29.770000457763672,3066.0
2026-07-10T14:05:00-04:00,29.790000915527344,29.829999923706055,29.790000915527344,29.829999923706055,948.0
2026-07-10T14:10:00-04:00,29.84000015258789,29.969999313354492,29.81999969482422,29.899999618530273,4576.0
2026-07-10T14:15:00-04:00,29.885000228881836,29.93000030517578,29.885000228881836,29.93000030517578,1864.0
2026-07-10T14:20:00-04:00,29.90999984741211,29.950000762939453,29.90999984741211,29.950000762939453,689.0
2026-07-10T14:25:00-04:00,29.934999465942383,29.934999465942383,29.920000076293945,29.920000076293945,1088.0
2026-07-10T14:30:00-04:00,29.948999404907227,29.950000762939453,29.948999404907227,29.950000762939453,998.0
2026-07-10T14:35:00-04:00,29.920000076293945,29.969999313354492,29.920000076293945,29.969999313354492,2621.0
2026-07-10T14:40:00-04:00,29.940000534057617,29.940000534057617,29.90999984741211,29.90999984741211,1490.0
2026-07-10T14:45:00-04:00,29.899999618530273,29.899999618530273,29.864999771118164,29.864999771118164,2339.0
2026-07-10T14:50:00-04:00,29.850000381469727,29.8799991607666,29.834999084472656,29.8700008392334,2725.0
2026-07-10T14:55:00-04:00,29.860000610351562,29.860000610351562,29.829999923706055,29.84000015258789,868.0
2026-07-10T15:00:00-04:00,29.860000610351562,29.8799991607666,29.829999923706055,29.860000610351562,1621.0
2026-07-10T15:05:00-04:00,29.860000610351562,29.860000610351562,29.860000610351562,29.860000610351562,546.0
2026-07-10T15:10:00-04:00,29.8700008392334,29.920000076293945,29.8700008392334,29.920000076293945,3168.0
2026-07-10T15:15:00-04:00,29.950000762939453,29.950000762939453,29.8700008392334,29.8700008392334,4426.0
2026-07-10T15:20:00-04:00,29.850000381469727,29.850000381469727,29.790000915527344,29.850000381469727,1751.0
2026-07-10T15:25:00-04:00,29.780000686645508,29.864999771118164,29.780000686645508,29.850000381469727,3719.0
2026-07-10T15:30:00-04:00,29.84000015258789,29.920000076293945,29.84000015258789,29.915000915527344,4866.0
2026-07-10T15:35:00-04:00,29.93000030517578,29.959999084472656,29.93000030517578,29.959999084472656,1306.0
2026-07-10T15:40:00-04:00,29.934999465942383,30.010000228881836,29.934999465942383,30.010000228881836,4661.0
2026-07-10T15:45:00-04:00,30.010000228881836,30.010000228881836,29.899999618530273,29.924999237060547,8080.0
2026-07-10T15:50:00-04:00,29.950000762939453,29.96500015258789,29.860000610351562,29.860000610351562,8635.0
2026-07-10T15:55:00-04:00,29.899999618530273,29.93000030517578,29.815000534057617,29.8700008392334,31070.0
2026-07-13T09:30:00-04:00,29.3799991607666,30.200000762939453,29.364999771118164,30.200000762939453,10688.0
2026-07-13T09:35:00-04:00,29.959999084472656,29.959999084472656,29.94499969482422,29.94499969482422,1362.0
2026-07-13T09:40:00-04:00,30.1200008392334,30.1200008392334,29.94499969482422,29.94499969482422,1780.0
2026-07-13T09:45:00-04:00,29.94499969482422,30.360000610351562,29.94499969482422,30.344999313354492,6202.0
2026-07-13T09:50:00-04:00,30.18000030517578,30.18000030517578,30.075000762939453,30.155000686645508,2299.0
2026-07-13T09:55:00-04:00,30.155000686645508,30.215200424194336,30.149999618530273,30.15999984741211,1471.0
2026-07-13T10:00:00-04:00,29.9950008392334,30.06999969482422,29.81999969482422,29.84000015258789,4110.0
2026-07-13T10:05:00-04:00,29.809999465942383,29.844999313354492,29.809999465942383,29.844999313354492,779.0
2026-07-13T10:10:00-04:00,29.864999771118164,29.975000381469727,29.860000610351562,29.975000381469727,1626.0
2026-07-13T10:15:00-04:00,29.899999618530273,29.899999618530273,29.559999465942383,29.639999389648438,6290.0
2026-07-13T10:20:00-04:00,29.889999389648438,29.889999389648438,29.889999389648438,29.889999389648438,443.0
2026-07-13T10:25:00-04:00,29.96500015258789,30.145000457763672,29.829999923706055,30.145000457763672,1835.0
2026-07-13T10:30:00-04:00,30.06999969482422,30.100000381469727,29.989999771118164,29.9950008392334,1617.0
2026-07-13T10:35:00-04:00,30.014999389648438,30.014999389648438,29.950000762939453,29.950000762939453,1495.0
2026-07-13T10:45:00-04:00,29.90999984741211,29.90999984741211,29.90999984741211,29.90999984741211,213.0
2026-07-13T10:50:00-04:00,29.895000457763672,29.895000457763672,29.860000610351562,29.860000610351562,1024.0
2026-07-13T10:55:00-04:00,29.8700008392334,29.940000534057617,29.8700008392334,29.940000534057617,2101.0
2026-07-13T11:00:00-04:00,29.950000762939453,29.950000762939453,29.899999618530273,29.940000534057617,1952.0
2026-07-13T11:05:00-04:00,29.90999984741211,29.90999984741211,29.889999389648438,29.889999389648438,1074.0
2026-07-13T11:10:00-04:00,29.915000915527344,29.915000915527344,29.90999984741211,29.90999984741211,474.0
2026-07-13T11:15:00-04:00,29.8799991607666,29.899999618530273,29.8700008392334,29.8700008392334,1958.0
2026-07-13T11:20:00-04:00,29.780000686645508,29.825000762939453,29.75,29.75,3153.0
2026-07-13T11:30:00-04:00,29.80500030517578,29.80500030517578,29.80500030517578,29.80500030517578,317.0
2026-07-13T11:35:00-04:00,29.80500030517578,29.8700008392334,29.80500030517578,29.829999923706055,4145.0
2026-07-13T11:40:00-04:00,29.834999084472656,29.86989974975586,29.799999237060547,29.799999237060547,1660.0
2026-07-13T11:45:00-04:00,29.834999084472656,29.850799560546875,29.799999237060547,29.829999923706055,1847.0
2026-07-13T11:50:00-04:00,29.8700008392334,29.8700008392334,29.829999923706055,29.834999084472656,2441.0
2026-07-13T11:55:00-04:00,29.799999237060547,29.799999237060547,29.790000915527344,29.790000915527344,983.0
2026-07-13T12:00:00-04:00,29.770000457763672,29.829999923706055,29.770000457763672,29.8125,3170.0
2026-07-13T12:05:00-04:00,29.850000381469727,29.850000381469727,29.850000381469727,29.850000381469727,361.0
2026-07-13T12:10:00-04:00,29.834999084472656,29.834999084472656,29.834999084472656,29.834999084472656,780.0
2026-07-13T12:15:00-04:00,29.81999969482422,29.81999969482422,29.809999465942383,29.81999969482422,1545.0
2026-07-13T12:20:00-04:00,29.799999237060547,29.850000381469727,29.799999237060547,29.850000381469727,2136.0
2026-07-13T12:25:00-04:00,29.799999237060547,29.799999237060547,29.799999237060547,29.799999237060547,1105.0
2026-07-13T12:30:00-04:00,29.760000228881836,29.760000228881836,29.739999771118164,29.739999771118164,7024.0
2026-07-13T12:35:00-04:00,29.7450008392334,29.81999969482422,29.7450008392334,29.81999969482422,4592.0
2026-07-13T12:40:00-04:00,29.809999465942383,29.809999465942383,29.809999465942383,29.809999465942383,313.0
2026-07-13T12:45:00-04:00,29.85700035095215,29.860000610351562,29.850000381469727,29.850000381469727,936.0
2026-07-13T12:50:00-04:00,29.829999923706055,29.829999923706055,29.770000457763672,29.770000457763672,1808.0
2026-07-13T12:55:00-04:00,29.77549934387207,29.80470085144043,29.77549934387207,29.80470085144043,1217.0
2026-07-13T13:00:00-04:00,29.81999969482422,29.834999084472656,29.774999618530273,29.774999618530273,3071.0
2026-07-13T13:05:00-04:00,29.764999389648438,29.764999389648438,29.764999389648438,29.764999389648438,398.0
2026-07-13T13:10:00-04:00,29.799999237060547,29.813499450683594,29.78499984741211,29.813499450683594,1407.0
2026-07-13T13:20:00-04:00,29.780000686645508,29.799999237060547,29.780000686645508,29.799999237060547,749.0
2026-07-13T13:25:00-04:00,29.760000228881836,29.760000228881836,29.719999313354492,29.719999313354492,1586.0
2026-07-13T13:30:00-04:00,29.690000534057617,29.690000534057617,29.684999465942383,29.684999465942383,2397.0
2026-07-13T13:40:00-04:00,29.700000762939453,29.719999313354492,29.700000762939453,29.709999084472656,2298.0
2026-07-13T13:45:00-04:00,29.729999542236328,29.760000228881836,29.729999542236328,29.739999771118164,3187.0
2026-07-13T13:50:00-04:00,29.68000030517578,29.68000030517578,29.670000076293945,29.670000076293945,792.0
2026-07-13T13:55:00-04:00,29.690000534057617,29.690000534057617,29.690000534057617,29.690000534057617,1529.0
2026-07-13T14:05:00-04:00,29.719999313354492,29.719999313354492,29.65999984741211,29.65999984741211,2395.0
2026-07-13T14:10:00-04:00,29.625,29.625,29.610000610351562,29.610000610351562,1397.0
2026-07-13T14:15:00-04:00,29.56999969482422,29.56999969482422,29.56999969482422,29.56999969482422,598.0
2026-07-13T14:20:00-04:00,29.55500030517578,29.565000534057617,29.53499984741211,29.565000534057617,1846.0
2026-07-13T14:25:00-04:00,29.56999969482422,29.56999969482422,29.565000534057617,29.565000534057617,831.0
2026-07-13T14:30:00-04:00,29.584999084472656,29.610000610351562,29.56999969482422,29.600000381469727,3151.0
2026-07-13T14:35:00-04:00,29.61989974975586,29.6200008392334,29.61989974975586,29.6200008392334,1893.0
2026-07-13T14:40:00-04:00,29.600000381469727,29.65999984741211,29.600000381469727,29.65999984741211,1988.0
2026-07-13T14:45:00-04:00,29.649999618530273,29.68000030517578,29.649999618530273,29.665000915527344,1458.0
2026-07-13T14:50:00-04:00,29.690000534057617,29.709999084472656,29.690000534057617,29.709999084472656,1213.0
2026-07-13T14:55:00-04:00,29.709999084472656,29.709999084472656,29.700000762939453,29.704999923706055,3465.0
2026-07-13T15:00:00-04:00,29.690000534057617,29.709999084472656,29.684999465942383,29.709999084472656,2084.0
2026-07-13T15:05:00-04:00,29.744199752807617,29.75,29.729999542236328,29.739999771118164,2263.0
2026-07-13T15:10:00-04:00,29.709999084472656,29.709999084472656,29.670000076293945,29.68000030517578,3931.0
2026-07-13T15:15:00-04:00,29.674999237060547,29.68000030517578,29.674999237060547,29.68000030517578,4341.0
2026-07-13T15:20:00-04:00,29.670000076293945,29.670000076293945,29.604999542236328,29.6200008392334,3586.0
2026-07-13T15:25:00-04:00,29.59000015258789,29.59000015258789,29.59000015258789,29.59000015258789,1115.0
2026-07-13T15:30:00-04:00,29.610000610351562,29.6200008392334,29.579999923706055,29.6200008392334,2076.0
2026-07-13T15:35:00-04:00,29.59000015258789,29.670000076293945,29.59000015258789,29.670000076293945,6568.0
2026-07-13T15:40:00-04:00,29.68000030517578,29.700000762939453,29.68000030517578,29.700000762939453,2972.0
2026-07-13T15:45:00-04:00,29.68000030517578,29.68000030517578,29.489999771118164,29.489999771118164,12129.0
2026-07-13T15:50:00-04:00,29.540000915527344,29.540000915527344,29.434999465942383,29.459999084472656,4541.0
2026-07-13T15:55:00-04:00,29.450000762939453,29.56999969482422,29.420000076293945,29.530000686645508,45005.0
2026-07-14T09:30:00-04:00,30.010000228881836,30.299999237060547,29.860000610351562,30.03499984741211,17720.0
2026-07-14T09:35:00-04:00,30.06999969482422,30.229999542236328,29.989999771118164,30.0,1240.0
2026-07-14T09:40:00-04:00,30.239999771118164,30.395000457763672,30.139999389648438,30.395000457763672,2598.0
2026-07-14T09:45:00-04:00,30.540599822998047,30.540599822998047,30.1299991607666,30.1299991607666,2041.0
2026-07-14T09:50:00-04:00,30.219999313354492,30.25,30.209999084472656,30.25,1580.0
2026-07-14T09:55:00-04:00,30.094999313354492,30.229999542236328,30.094999313354492,30.229999542236328,1420.0
2026-07-14T10:00:00-04:00,30.100000381469727,30.100000381469727,30.059999465942383,30.059999465942383,958.0
2026-07-14T10:05:00-04:00,29.914199829101562,30.18000030517578,29.914199829101562,30.174999237060547,4535.0
2026-07-14T10:10:00-04:00,30.110000610351562,30.190000534057617,30.110000610351562,30.190000534057617,530.0
2026-07-14T10:15:00-04:00,30.149999618530273,30.174999237060547,30.094999313354492,30.174999237060547,3448.0
2026-07-14T10:20:00-04:00,30.25,30.299999237060547,30.139999389648438,30.155000686645508,5213.0
2026-07-14T10:25:00-04:00,30.155000686645508,30.174999237060547,30.09000015258789,30.09000015258789,973.0
2026-07-14T10:30:00-04:00,30.040000915527344,30.260000228881836,30.030000686645508,30.139999389648438,8740.0
2026-07-14T10:40:00-04:00,30.040000915527344,30.040000915527344,30.030000686645508,30.030000686645508,950.0
2026-07-14T10:45:00-04:00,29.934999465942383,29.934999465942383,29.934999465942383,29.934999465942383,665.0
2026-07-14T10:50:00-04:00,29.950000762939453,29.969999313354492,29.90999984741211,29.96500015258789,1024.0
2026-07-14T10:55:00-04:00,29.979999542236328,29.979999542236328,29.950000762939453,29.950000762939453,1115.0
2026-07-14T11:00:00-04:00,29.90999984741211,30.0,29.780000686645508,29.969999313354492,3157.0
2026-07-14T11:10:00-04:00,29.975000381469727,29.975000381469727,29.969999313354492,29.969999313354492,698.0
2026-07-14T11:15:00-04:00,29.93000030517578,29.93000030517578,29.825000762939453,29.825000762939453,1660.0
2026-07-14T11:20:00-04:00,29.81999969482422,29.8700008392334,29.81999969482422,29.8700008392334,1656.0
2026-07-14T11:25:00-04:00,29.81999969482422,29.81999969482422,29.81999969482422,29.81999969482422,872.0
2026-07-14T11:30:00-04:00,29.780000686645508,29.780000686645508,29.729999542236328,29.729999542236328,944.0
2026-07-14T11:35:00-04:00,29.700000762939453,29.704999923706055,29.65999984741211,29.65999984741211,1508.0
2026-07-14T11:40:00-04:00,29.614999771118164,29.614999771118164,29.53860092163086,29.59000015258789,2059.0
2026-07-14T11:45:00-04:00,29.6200008392334,29.6200008392334,29.6200008392334,29.6200008392334,444.0
2026-07-14T11:50:00-04:00,29.64259910583496,29.64259910583496,29.6200008392334,29.6200008392334,1055.0
2026-07-14T11:55:00-04:00,29.604999542236328,29.604999542236328,29.604999542236328,29.604999542236328,416.0
2026-07-14T12:00:00-04:00,29.6200008392334,29.6200008392334,29.6200008392334,29.6200008392334,371.0
2026-07-14T12:05:00-04:00,29.6299991607666,29.6299991607666,29.610000610351562,29.610000610351562,1068.0
2026-07-14T12:10:00-04:00,29.59000015258789,29.6200008392334,29.59000015258789,29.59000015258789,1020.0
2026-07-14T12:15:00-04:00,29.559999465942383,29.559999465942383,29.509899139404297,29.530000686645508,1521.0
2026-07-14T12:20:00-04:00,29.540000915527344,29.540000915527344,29.459999084472656,29.459999084472656,1427.0
2026-07-14T12:25:00-04:00,29.454999923706055,29.540000915527344,29.454999923706055,29.520000457763672,4469.0
2026-07-14T12:30:00-04:00,29.520000457763672,29.549999237060547,29.520000457763672,29.549999237060547,795.0
2026-07-14T12:35:00-04:00,29.520000457763672,29.540000915527344,29.520000457763672,29.540000915527344,2200.0
2026-07-14T12:40:00-04:00,29.510000228881836,29.520000457763672,29.479999542236328,29.479999542236328,1112.0
2026-07-14T12:45:00-04:00,29.479999542236328,29.479999542236328,29.34000015258789,29.34000015258789,3304.0
2026-07-14T13:00:00-04:00,29.415000915527344,29.415000915527344,29.415000915527344,29.415000915527344,308.0
2026-07-14T13:05:00-04:00,29.415000915527344,29.415000915527344,29.3700008392334,29.3700008392334,2120.0
2026-07-14T13:20:00-04:00,29.354999542236328,29.40999984741211,29.350000381469727,29.350000381469727,2644.0
2026-07-14T13:25:00-04:00,29.350000381469727,29.396900177001953,29.34000015258789,29.350000381469727,4446.0
2026-07-14T13:30:00-04:00,29.385000228881836,29.429899215698242,29.350000381469727,29.385000228881836,2109.0
2026-07-14T13:35:00-04:00,29.399999618530273,29.440000534057617,29.399999618530273,29.420000076293945,1595.0
2026-07-14T13:40:00-04:00,29.43000030517578,29.459999084472656,29.40999984741211,29.434999465942383,2269.0
2026-07-14T13:45:00-04:00,29.479999542236328,29.479999542236328,29.440000534057617,29.440000534057617,1035.0
2026-07-14T13:50:00-04:00,29.489999771118164,29.520000457763672,29.489999771118164,29.520000457763672,2156.0
2026-07-14T13:55:00-04:00,29.584999084472656,29.584999084472656,29.514999389648438,29.514999389648438,3844.0
2026-07-14T14:00:00-04:00,29.479999542236328,29.479999542236328,29.43000030517578,29.43000030517578,1119.0
2026-07-14T14:05:00-04:00,29.459999084472656,29.459999084472656,29.459999084472656,29.459999084472656,379.0
2026-07-14T14:10:00-04:00,29.523700714111328,29.523700714111328,29.459999084472656,29.4950008392334,1248.0
2026-07-14T14:15:00-04:00,29.5049991607666,29.510000228881836,29.5049991607666,29.510000228881836,1494.0
2026-07-14T14:20:00-04:00,29.489999771118164,29.489999771118164,29.454999923706055,29.454999923706055,1025.0
2026-07-14T14:25:00-04:00,29.450000762939453,29.540000915527344,29.450000762939453,29.540000915527344,3307.0
2026-07-14T14:30:00-04:00,29.540000915527344,29.559999465942383,29.530000686645508,29.530000686645508,1635.0
2026-07-14T14:35:00-04:00,29.520000457763672,29.520000457763672,29.450000762939453,29.454999923706055,3068.0
2026-07-14T14:40:00-04:00,29.450000762939453,29.485000610351562,29.43000030517578,29.43000030517578,2123.0
2026-07-14T14:45:00-04:00,29.479999542236328,29.52519989013672,29.479999542236328,29.510000228881836,3712.0
2026-07-14T14:50:00-04:00,29.540000915527344,29.540000915527344,29.540000915527344,29.540000915527344,1592.0
2026-07-14T15:00:00-04:00,29.5,29.5,29.459999084472656,29.459999084472656,2375.0
2026-07-14T15:05:00-04:00,29.489999771118164,29.489999771118164,29.469999313354492,29.469999313354492,1119.0
2026-07-14T15:10:00-04:00,29.459999084472656,29.470600128173828,29.440000534057617,29.440000534057617,2307.0
2026-07-14T15:15:00-04:00,29.440000534057617,29.440000534057617,29.399999618530273,29.399999618530273,1264.0
2026-07-14T15:20:00-04:00,29.389999389648438,29.395000457763672,29.360000610351562,29.360000610351562,2247.0
2026-07-14T15:25:00-04:00,29.360000610351562,29.420000076293945,29.360000610351562,29.400100708007812,4714.0
2026-07-14T15:30:00-04:00,29.399999618530273,29.40999984741211,29.34000015258789,29.3799991607666,4900.0
2026-07-14T15:35:00-04:00,29.34000015258789,29.389999389648438,29.34000015258789,29.3700008392334,6271.0
2026-07-14T15:40:00-04:00,29.375,29.420000076293945,29.3700008392334,29.399999618530273,4202.0
2026-07-14T15:45:00-04:00,29.420000076293945,29.469999313354492,29.420000076293945,29.469999313354492,3992.0
2026-07-14T15:50:00-04:00,29.459999084472656,29.59000015258789,29.459999084472656,29.56999969482422,7245.0
2026-07-14T15:55:00-04:00,29.559999465942383,29.799999237060547,29.549999237060547,29.78499984741211,30717.0
2026-07-15T09:30:00-04:00,29.8700008392334,30.31999969482422,29.829999923706055,29.99250030517578,10396.0
2026-07-15T09:35:00-04:00,30.5,30.510000228881836,30.135000228881836,30.135000228881836,941.0
2026-07-15T09:40:00-04:00,30.114999771118164,30.114999771118164,30.114999771118164,30.114999771118164,515.0
2026-07-15T09:45:00-04:00,29.959999084472656,30.114999771118164,29.959999084472656,30.114999771118164,1051.0
2026-07-15T09:50:00-04:00,29.93000030517578,30.219999313354492,29.93000030517578,30.09000015258789,372.0
2026-07-15T09:55:00-04:00,30.084999084472656,30.1299991607666,30.030000686645508,30.08919906616211,2417.0
2026-07-15T10:00:00-04:00,30.1299991607666,30.1299991607666,29.940000534057617,29.940000534057617,2718.0
2026-07-15T10:05:00-04:00,29.920000076293945,29.920000076293945,29.90999984741211,29.90999984741211,607.0
2026-07-15T10:10:00-04:00,29.915000915527344,29.915000915527344,29.809999465942383,29.885000228881836,1774.0
2026-07-15T10:15:00-04:00,29.959999084472656,30.0,29.920000076293945,30.0,4872.0
2026-07-15T10:20:00-04:00,29.950000762939453,29.950000762939453,29.800100326538086,29.850000381469727,3534.0
2026-07-15T10:25:00-04:00,29.899999618530273,29.959999084472656,29.899999618530273,29.93000030517578,2094.0
2026-07-15T10:30:00-04:00,29.952499389648438,29.952499389648438,29.947500228881836,29.947500228881836,339.0
2026-07-15T10:35:00-04:00,30.0,30.0,29.760000228881836,29.760000228881836,2884.0
2026-07-15T10:40:00-04:00,29.709999084472656,29.799999237060547,29.709999084472656,29.799999237060547,2796.0
2026-07-15T10:45:00-04:00,29.729999542236328,29.760000228881836,29.600000381469727,29.65999984741211,2569.0
2026-07-15T10:50:00-04:00,29.700000762939453,29.739999771118164,29.6200008392334,29.635000228881836,2404.0
2026-07-15T10:55:00-04:00,29.719999313354492,29.739999771118164,29.670000076293945,29.739999771118164,2212.0
2026-07-15T11:00:00-04:00,29.729999542236328,29.75,29.719999313354492,29.719999313354492,2644.0
2026-07-15T11:05:00-04:00,29.709999084472656,29.829999923706055,29.709999084472656,29.80500030517578,2363.0
2026-07-15T11:10:00-04:00,29.84000015258789,29.864999771118164,29.780000686645508,29.799999237060547,3803.0
2026-07-15T11:15:00-04:00,29.799999237060547,29.80500030517578,29.770000457763672,29.80500030517578,1901.0
2026-07-15T11:20:00-04:00,29.770000457763672,29.770000457763672,29.690000534057617,29.729999542236328,3108.0
2026-07-15T11:25:00-04:00,29.799999237060547,29.799999237060547,29.700000762939453,29.7549991607666,3155.0
2026-07-15T11:30:00-04:00,29.7549991607666,29.770000457763672,29.729999542236328,29.735000610351562,1695.0
2026-07-15T11:35:00-04:00,29.735000610351562,29.735000610351562,29.735000610351562,29.735000610351562,732.0
2026-07-15T11:40:00-04:00,29.725000381469727,29.729999542236328,29.700000762939453,29.729999542236328,1930.0
2026-07-15T11:45:00-04:00,29.690000534057617,29.719999313354492,29.670000076293945,29.719999313354492,3757.0
2026-07-15T11:50:00-04:00,29.700000762939453,29.71500015258789,29.690000534057617,29.71500015258789,1490.0
2026-07-15T11:55:00-04:00,29.690000534057617,29.690000534057617,29.690000534057617,29.690000534057617,1287.0
2026-07-15T12:00:00-04:00,29.690000534057617,29.690000534057617,29.65999984741211,29.665000915527344,3775.0
2026-07-15T12:05:00-04:00,29.650100708007812,29.665000915527344,29.649999618530273,29.649999618530273,1236.0
2026-07-15T12:10:00-04:00,29.68000030517578,29.68000030517578,29.56999969482422,29.56999969482422,2889.0
2026-07-15T12:20:00-04:00,29.530000686645508,29.540000915527344,29.530000686645508,29.540000915527344,3172.0
2026-07-15T12:25:00-04:00,29.514999389648438,29.514999389648438,29.514999389648438,29.514999389648438,1265.0
2026-07-15T12:30:00-04:00,29.549999237060547,29.549999237060547,29.5,29.5,1821.0
2026-07-15T12:35:00-04:00,29.450000762939453,29.450000762939453,29.415000915527344,29.430099487304688,1298.0
2026-07-15T12:40:00-04:00,29.469999313354492,29.559999465942383,29.469999313354492,29.559999465942383,2638.0
2026-07-15T12:45:00-04:00,29.56999969482422,29.709999084472656,29.56999969482422,29.670000076293945,9863.0
2026-07-15T12:50:00-04:00,29.684999465942383,29.684999465942383,29.684999465942383,29.684999465942383,1160.0
2026-07-15T12:55:00-04:00,29.709999084472656,29.709999084472656,29.649999618530273,29.670000076293945,2111.0
2026-07-15T13:00:00-04:00,29.709999084472656,29.729999542236328,29.709999084472656,29.729999542236328,1945.0
2026-07-15T13:10:00-04:00,29.75,29.81999969482422,29.75,29.81999969482422,2274.0
2026-07-15T13:15:00-04:00,29.84000015258789,29.850000381469727,29.84000015258789,29.850000381469727,1411.0
2026-07-15T13:20:00-04:00,29.854000091552734,29.8700008392334,29.854000091552734,29.8700008392334,518.0
2026-07-15T13:25:00-04:00,29.899999618530273,29.950000762939453,29.899999618530273,29.93000030517578,2999.0
2026-07-15T13:30:00-04:00,29.969999313354492,30.010000228881836,29.969999313354492,30.010000228881836,2750.0
2026-07-15T13:35:00-04:00,30.049999237060547,30.049999237060547,29.90999984741211,29.90999984741211,2366.0
2026-07-15T13:40:00-04:00,29.90999984741211,29.90999984741211,29.90999984741211,29.90999984741211,1055.0
2026-07-15T13:50:00-04:00,29.905000686645508,29.959999084472656,29.905000686645508,29.959999084472656,2257.0
2026-07-15T13:55:00-04:00,29.989999771118164,29.989999771118164,29.989999771118164,29.989999771118164,592.0
2026-07-15T14:00:00-04:00,29.989999771118164,29.9950008392334,29.979999542236328,29.979999542236328,1342.0
2026-07-15T14:05:00-04:00,30.0,30.010000228881836,29.940000534057617,29.940000534057617,6407.0
2026-07-15T14:10:00-04:00,29.959999084472656,29.959999084472656,29.959999084472656,29.959999084472656,1157.0
2026-07-15T14:15:00-04:00,29.920000076293945,29.920000076293945,29.895000457763672,29.895000457763672,1423.0
2026-07-15T14:20:00-04:00,29.891599655151367,29.891599655151367,29.891599655151367,29.891599655151367,252.0
2026-07-15T14:25:00-04:00,29.90999984741211,29.90999984741211,29.8799991607666,29.8799991607666,1880.0
2026-07-15T14:35:00-04:00,29.879199981689453,29.879199981689453,29.84000015258789,29.84000015258789,1489.0
2026-07-15T14:40:00-04:00,29.809999465942383,29.809999465942383,29.809999465942383,29.809999465942383,420.0
2026-07-15T14:45:00-04:00,29.81999969482422,29.81999969482422,29.78499984741211,29.78499984741211,1769.0
2026-07-15T14:50:00-04:00,29.790000915527344,29.790000915527344,29.790000915527344,29.790000915527344,389.0
2026-07-15T14:55:00-04:00,29.795000076293945,29.81999969482422,29.780000686645508,29.790000915527344,2213.0
2026-07-15T15:00:00-04:00,29.790000915527344,29.81999969482422,29.790000915527344,29.81999969482422,1363.0
2026-07-15T15:05:00-04:00,29.81999969482422,29.915000915527344,29.809999465942383,29.899999618530273,3685.0
2026-07-15T15:10:00-04:00,29.90999984741211,29.93000030517578,29.899999618530273,29.899999618530273,3324.0
2026-07-15T15:15:00-04:00,29.940000534057617,29.950000762939453,29.940000534057617,29.950000762939453,1087.0
2026-07-15T15:20:00-04:00,29.940000534057617,29.940000534057617,29.889999389648438,29.889999389648438,3050.0
2026-07-15T15:25:00-04:00,29.90999984741211,29.90999984741211,29.8700008392334,29.8799991607666,2384.0
2026-07-15T15:30:00-04:00,29.8700008392334,29.8799991607666,29.829999923706055,29.860000610351562,4310.0
2026-07-15T15:35:00-04:00,29.850000381469727,29.940000534057617,29.850000381469727,29.940000534057617,3850.0
2026-07-15T15:40:00-04:00,29.950000762939453,29.959999084472656,29.950000762939453,29.950000762939453,2562.0
2026-07-15T15:45:00-04:00,29.93000030517578,29.93000030517578,29.93000030517578,29.93000030517578,2108.0
2026-07-15T15:50:00-04:00,29.8799991607666,30.010000228881836,29.8799991607666,30.010000228881836,10668.0
2026-07-15T15:55:00-04:00,30.0,30.079999923706055,29.934999465942383,30.020000457763672,29425.0
2026-07-16T09:30:00-04:00,29.75,29.75,29.5,29.549999237060547,2879.0
2026-07-16T09:35:00-04:00,29.59000015258789,29.84000015258789,29.520000457763672,29.520000457763672,1164.0
2026-07-16T09:40:00-04:00,29.5,29.829999923706055,29.49049949645996,29.829999923706055,1404.0
2026-07-16T09:45:00-04:00,29.829999923706055,29.829999923706055,29.829999923706055,29.829999923706055,752.0
2026-07-16T09:50:00-04:00,29.500099182128906,29.780000686645508,29.500099182128906,29.780000686645508,1006.0
2026-07-16T09:55:00-04:00,29.530000686645508,29.530000686645508,29.530000686645508,29.530000686645508,436.0
2026-07-16T10:00:00-04:00,29.584999084472656,29.68000030517578,29.579999923706055,29.674999237060547,1292.0
2026-07-16T10:05:00-04:00,29.665000915527344,29.84000015258789,29.625,29.84000015258789,2138.0
2026-07-16T10:10:00-04:00,29.739999771118164,29.739999771118164,29.729999542236328,29.729999542236328,270.0
2026-07-16T10:15:00-04:00,29.700000762939453,29.700000762939453,29.514999389648438,29.584999084472656,3613.0
2026-07-16T10:20:00-04:00,29.520000457763672,29.53499984741211,29.520000457763672,29.53499984741211,1380.0
2026-07-16T10:25:00-04:00,29.469999313354492,29.639999389648438,29.469999313354492,29.610000610351562,1452.0
2026-07-16T10:30:00-04:00,29.56999969482422,29.575000762939453,29.510000228881836,29.510000228881836,1391.0
2026-07-16T10:35:00-04:00,29.5,29.530000686645508,29.434999465942383,29.434999465942383,1650.0
2026-07-16T10:40:00-04:00,29.43000030517578,29.450000762939453,29.43000030517578,29.450000762939453,767.0
2026-07-16T10:45:00-04:00,29.399999618530273,29.399999618530273,29.030000686645508,29.10700035095215,15327.0
2026-07-16T10:50:00-04:00,29.0,29.020000457763672,28.985000610351562,29.020000457763672,946.0
2026-07-16T10:55:00-04:00,29.0,29.0,28.959999084472656,28.959999084472656,1933.0
2026-07-16T11:00:00-04:00,28.899999618530273,28.915000915527344,28.899999618530273,28.915000915527344,1095.0
2026-07-16T11:05:00-04:00,28.895000457763672,28.905000686645508,28.864999771118164,28.905000686645508,2682.0
2026-07-16T11:10:00-04:00,28.913963317871094,28.913963317871094,28.8700008392334,28.885000228881836,2160.0
2026-07-16T11:15:00-04:00,28.93000030517578,28.969999313354492,28.8799991607666,28.895000457763672,3664.0
2026-07-16T11:20:00-04:00,28.91990089416504,28.920000076293945,28.91990089416504,28.920000076293945,399.0
2026-07-16T11:25:00-04:00,28.950000762939453,28.959999084472656,28.889999389648438,28.889999389648438,2084.0
2026-07-16T11:30:00-04:00,28.885000228881836,28.940000534057617,28.815000534057617,28.940000534057617,3286.0
2026-07-16T11:35:00-04:00,28.924999237060547,29.15999984741211,28.924999237060547,29.094999313354492,5222.0
2026-07-16T11:40:00-04:00,29.139999389648438,29.149999618530273,29.1299991607666,29.139999389648438,2366.0
2026-07-16T11:45:00-04:00,29.139999389648438,29.145000457763672,29.139999389648438,29.145000457763672,884.0
2026-07-16T11:50:00-04:00,29.299800872802734,29.309999465942383,29.219999313354492,29.270000457763672,2614.0
2026-07-16T11:55:00-04:00,29.239999771118164,29.239999771118164,29.219999313354492,29.229999542236328,1455.0
2026-07-16T12:00:00-04:00,29.229999542236328,29.229999542236328,29.229999542236328,29.229999542236328,400.0
2026-07-16T12:05:00-04:00,29.235000610351562,29.280000686645508,29.235000610351562,29.280000686645508,2134.0
2026-07-16T12:10:00-04:00,29.219999313354492,29.239999771118164,29.18000030517578,29.229999542236328,4033.0
2026-07-16T12:15:00-04:00,29.219999313354492,29.219999313354492,29.209999084472656,29.219999313354492,3588.0
2026-07-16T12:20:00-04:00,29.149999618530273,29.229999542236328,29.145000457763672,29.19499969482422,4741.0
2026-07-16T12:25:00-04:00,29.209999084472656,29.209999084472656,29.19499969482422,29.19499969482422,709.0
2026-07-16T12:30:00-04:00,29.239999771118164,29.25,29.18000030517578,29.18000030517578,3198.0
2026-07-16T12:35:00-04:00,29.200000762939453,29.229999542236328,29.200000762939453,29.229999542236328,2187.0
2026-07-16T12:40:00-04:00,29.21500015258789,29.21500015258789,29.149999618530273,29.149999618530273,5623.0
2026-07-16T12:45:00-04:00,29.165000915527344,29.18000030517578,29.165000915527344,29.170000076293945,4851.0
2026-07-16T12:50:00-04:00,29.170000076293945,29.190000534057617,29.13010025024414,29.190000534057617,2671.0
2026-07-16T12:55:00-04:00,29.219999313354492,29.229999542236328,29.219999313354492,29.229999542236328,1192.0
2026-07-16T13:00:00-04:00,29.229999542236328,29.239999771118164,29.219999313354492,29.229999542236328,2070.0
2026-07-16T13:05:00-04:00,29.200000762939453,29.200000762939453,29.18000030517578,29.190000534057617,1361.0
2026-07-16T13:10:00-04:00,29.170000076293945,29.170000076293945,29.170000076293945,29.170000076293945,573.0
2026-07-16T13:15:00-04:00,29.139999389648438,29.149999618530273,29.114999771118164,29.149999618530273,5993.0
2026-07-16T13:20:00-04:00,29.145000457763672,29.145000457763672,29.145000457763672,29.145000457763672,869.0
2026-07-16T13:25:00-04:00,29.145000457763672,29.15999984741211,29.145000457763672,29.15999984741211,1712.0
2026-07-16T13:30:00-04:00,29.149999618530273,29.149999618530273,29.149999618530273,29.149999618530273,788.0
2026-07-16T13:35:00-04:00,29.149999618530273,29.149999618530273,29.125,29.135000228881836,5878.0
2026-07-16T13:40:00-04:00,29.149999618530273,29.190000534057617,29.149999618530273,29.190000534057617,5193.0
2026-07-16T13:50:00-04:00,29.15999984741211,29.15999984741211,29.139999389648438,29.139999389648438,2005.0
2026-07-16T13:55:00-04:00,29.139999389648438,29.139999389648438,29.139999389648438,29.139999389648438,2204.0
2026-07-16T14:00:00-04:00,29.149999618530273,29.149999618530273,29.145000457763672,29.145000457763672,497.0
2026-07-16T14:05:00-04:00,29.145000457763672,29.145000457763672,29.100000381469727,29.125,12163.0
2026-07-16T14:10:00-04:00,29.1299991607666,29.1299991607666,29.125,29.125,1248.0
2026-07-16T14:15:00-04:00,29.125,29.1299991607666,29.079999923706055,29.1299991607666,10285.0
2026-07-16T14:20:00-04:00,29.170000076293945,29.25,29.170000076293945,29.25,5884.0
2026-07-16T14:25:00-04:00,29.270000457763672,29.270000457763672,29.229999542236328,29.229999542236328,849.0
2026-07-16T14:30:00-04:00,29.219999313354492,29.219999313354492,29.139999389648438,29.139999389648438,1882.0
2026-07-16T14:35:00-04:00,29.15999984741211,29.18000030517578,29.15999984741211,29.18000030517578,1650.0
2026-07-16T14:40:00-04:00,29.200000762939453,29.200000762939453,29.200000762939453,29.200000762939453,512.0
2026-07-16T14:45:00-04:00,29.184999465942383,29.229999542236328,29.184999465942383,29.229999542236328,897.0
2026-07-16T14:50:00-04:00,29.200000762939453,29.200000762939453,29.110000610351562,29.110000610351562,5590.0
2026-07-16T14:55:00-04:00,29.100000381469727,29.100000381469727,29.06999969482422,29.079999923706055,3294.0
2026-07-16T15:00:00-04:00,29.09000015258789,29.200000762939453,29.09000015258789,29.200000762939453,3862.0
2026-07-16T15:10:00-04:00,29.15999984741211,29.204999923706055,29.15999984741211,29.204999923706055,2271.0
2026-07-16T15:15:00-04:00,29.204999923706055,29.204999923706055,29.204999923706055,29.204999923706055,1370.0
2026-07-16T15:20:00-04:00,29.239999771118164,29.239999771118164,29.239999771118164,29.239999771118164,1383.0
2026-07-16T15:25:00-04:00,29.219999313354492,29.25,29.209999084472656,29.25,3275.0
2026-07-16T15:30:00-04:00,29.25,29.25,29.165000915527344,29.165000915527344,2672.0
2026-07-16T15:35:00-04:00,29.149999618530273,29.209999084472656,29.149999618530273,29.209999084472656,4101.0
2026-07-16T15:40:00-04:00,29.209999084472656,29.21500015258789,29.135000228881836,29.139999389648438,3784.0
2026-07-16T15:45:00-04:00,29.139999389648438,29.184999465942383,29.139999389648438,29.18000030517578,3411.0
2026-07-16T15:50:00-04:00,29.190000534057617,29.270000457763672,29.190000534057617,29.2549991607666,9076.0
2026-07-16T15:55:00-04:00,29.25,29.3700008392334,29.219999313354492,29.3700008392334,26530.0
2026-07-17T09:30:00-04:00,28.770000457763672,29.649999618530273,28.739999771118164,29.045000076293945,24765.0
2026-07-17T09:35:00-04:00,29.149999618530273,29.299999237060547,28.954999923706055,29.100000381469727,4214.0
2026-07-17T09:40:00-04:00,29.11009979248047,29.329999923706055,29.11009979248047,29.219999313354492,2881.0
2026-07-17T09:45:00-04:00,29.155000686645508,29.239999771118164,29.06999969482422,29.239999771118164,1720.0
2026-07-17T09:50:00-04:00,29.329999923706055,29.329999923706055,29.329999923706055,29.329999923706055,440.0
2026-07-17T09:55:00-04:00,29.260000228881836,29.286100387573242,29.155000686645508,29.286100387573242,4144.0
2026-07-17T10:00:00-04:00,29.31999969482422,29.5,29.300100326538086,29.5,2894.0
2026-07-17T10:05:00-04:00,29.579999923706055,29.6200008392334,29.579999923706055,29.59000015258789,985.0
2026-07-17T10:10:00-04:00,29.679899215698242,29.679899215698242,29.420000076293945,29.5,5269.0
2026-07-17T10:15:00-04:00,29.469999313354492,29.520000457763672,29.420000076293945,29.420000076293945,3548.0
2026-07-17T10:20:00-04:00,29.395000457763672,29.434999465942383,29.360000610351562,29.360000610351562,3205.0
2026-07-17T10:25:00-04:00,29.479999542236328,29.600000381469727,29.479999542236328,29.489999771118164,1676.0
2026-07-17T10:30:00-04:00,29.440000534057617,29.440000534057617,29.3799991607666,29.3799991607666,891.0
2026-07-17T10:35:00-04:00,29.40999984741211,29.469999313354492,29.40999984741211,29.450000762939453,2575.0
2026-07-17T10:40:00-04:00,29.40999984741211,29.40999984741211,29.350000381469727,29.350000381469727,1684.0
2026-07-17T10:45:00-04:00,29.329999923706055,29.364999771118164,29.329999923706055,29.364999771118164,1086.0
2026-07-17T10:50:00-04:00,29.40999984741211,29.450000762939453,29.399999618530273,29.450000762939453,2175.0
2026-07-17T10:55:00-04:00,29.395000457763672,29.395000457763672,29.395000457763672,29.395000457763672,1039.0
2026-07-17T11:00:00-04:00,29.395000457763672,29.43000030517578,29.360000610351562,29.375900268554688,3406.0
2026-07-17T11:05:00-04:00,29.350000381469727,29.389999389648438,29.3125,29.3799991607666,3795.0
2026-07-17T11:10:00-04:00,29.3700008392334,29.3700008392334,29.344999313354492,29.344999313354492,1955.0
2026-07-17T11:15:00-04:00,29.309999465942383,29.334999084472656,29.290000915527344,29.334999084472656,1167.0
2026-07-17T11:20:00-04:00,29.329999923706055,29.34000015258789,29.290000915527344,29.34000015258789,3025.0
2026-07-17T11:25:00-04:00,29.364999771118164,29.440000534057617,29.364999771118164,29.440000534057617,1310.0
2026-07-17T11:30:00-04:00,29.420000076293945,29.440000534057617,29.31999969482422,29.399999618530273,2752.0
2026-07-17T11:35:00-04:00,29.399999618530273,29.43000030517578,29.3799991607666,29.43000030517578,1752.0
2026-07-17T11:40:00-04:00,29.5,29.5,29.375,29.375,2645.0
2026-07-17T11:50:00-04:00,29.3799991607666,29.450000762939453,29.3799991607666,29.420000076293945,2829.0
2026-07-17T11:55:00-04:00,29.430999755859375,29.510000228881836,29.430999755859375,29.434999465942383,5562.0
2026-07-17T12:00:00-04:00,29.420000076293945,29.639999389648438,29.420000076293945,29.639999389648438,9000.0
2026-07-17T12:05:00-04:00,29.649999618530273,29.75,29.6299991607666,29.75,1163.0
2026-07-17T12:10:00-04:00,29.739999771118164,29.759899139404297,29.709999084472656,29.759899139404297,1314.0
2026-07-17T12:15:00-04:00,29.65999984741211,29.700000762939453,29.649999618530273,29.69499969482422,2573.0
2026-07-17T12:20:00-04:00,29.639999389648438,29.639999389648438,29.6299991607666,29.635000228881836,573.0
2026-07-17T12:25:00-04:00,29.579999923706055,29.584999084472656,29.575000762939453,29.584999084472656,1713.0
2026-07-17T12:30:00-04:00,29.60460090637207,29.60460090637207,29.60460090637207,29.60460090637207,316.0
2026-07-17T12:35:00-04:00,29.579999923706055,29.604999542236328,29.56999969482422,29.604999542236328,6854.0
2026-07-17T12:40:00-04:00,29.594999313354492,29.594999313354492,29.59000015258789,29.59000015258789,1538.0
2026-07-17T12:45:00-04:00,29.594999313354492,29.65999984741211,29.594999313354492,29.65999984741211,3275.0
2026-07-17T12:50:00-04:00,29.65999984741211,29.670000076293945,29.65999984741211,29.670000076293945,666.0
2026-07-17T12:55:00-04:00,29.65999984741211,29.700000762939453,29.65999984741211,29.700000762939453,1345.0
2026-07-17T13:00:00-04:00,29.68000030517578,29.69499969482422,29.68000030517578,29.69499969482422,1965.0
2026-07-17T13:05:00-04:00,29.719999313354492,29.719999313354492,29.700000762939453,29.704999923706055,3954.0
2026-07-17T13:10:00-04:00,29.670000076293945,29.690000534057617,29.59000015258789,29.65999984741211,4230.0
2026-07-17T13:15:00-04:00,29.670000076293945,29.75,29.670000076293945,29.75,1656.0
2026-07-17T13:20:00-04:00,29.700000762939453,29.764999389648438,29.690000534057617,29.764999389648438,2712.0
2026-07-17T13:25:00-04:00,29.81999969482422,29.875,29.770000457763672,29.770000457763672,6362.0
2026-07-17T13:30:00-04:00,29.770000457763672,29.770000457763672,29.739999771118164,29.770000457763672,3002.0
2026-07-17T13:40:00-04:00,29.709999084472656,29.71500015258789,29.690000534057617,29.71500015258789,3277.0
2026-07-17T13:45:00-04:00,29.684999465942383,29.739999771118164,29.684999465942383,29.739999771118164,2143.0
2026-07-17T13:50:00-04:00,29.760000228881836,29.760000228881836,29.709999084472656,29.719999313354492,1174.0
2026-07-17T13:55:00-04:00,29.729999542236328,29.729999542236328,29.65999984741211,29.65999984741211,1777.0
2026-07-17T14:00:00-04:00,29.649999618530273,29.690000534057617,29.649999618530273,29.690000534057617,2263.0
2026-07-17T14:05:00-04:00,29.649999618530273,29.65999984741211,29.649999618530273,29.65999984741211,449.0
2026-07-17T14:10:00-04:00,29.665000915527344,29.665000915527344,29.615690231323242,29.615690231323242,1569.0
2026-07-17T14:15:00-04:00,29.649999618530273,29.65999984741211,29.649999618530273,29.65999984741211,3289.0
2026-07-17T14:20:00-04:00,29.649999618530273,29.649999618530273,29.645000457763672,29.645000457763672,1515.0
2026-07-17T14:25:00-04:00,29.625,29.665000915527344,29.610000610351562,29.665000915527344,1535.0
2026-07-17T14:30:00-04:00,29.670000076293945,29.670000076293945,29.610000610351562,29.610000610351562,1801.0
2026-07-17T14:35:00-04:00,29.635000228881836,29.635000228881836,29.635000228881836,29.635000228881836,966.0
2026-07-17T14:40:00-04:00,29.604999542236328,29.604999542236328,29.549999237060547,29.575000762939453,1996.0
2026-07-17T14:45:00-04:00,29.56999969482422,29.63990020751953,29.56999969482422,29.600000381469727,2926.0
2026-07-17T14:50:00-04:00,29.6299991607666,29.670000076293945,29.614999771118164,29.639999389648438,2304.0
2026-07-17T14:55:00-04:00,29.670000076293945,29.670000076293945,29.600000381469727,29.600000381469727,2351.0
2026-07-17T15:00:00-04:00,29.614999771118164,29.614999771118164,29.540000915527344,29.540000915527344,1797.0
2026-07-17T15:05:00-04:00,29.520000457763672,29.520000457763672,29.454999923706055,29.479999542236328,3971.0
2026-07-17T15:10:00-04:00,29.40999984741211,29.440000534057617,29.389999389648438,29.440000534057617,1216.0
2026-07-17T15:15:00-04:00,29.399999618530273,29.459999084472656,29.399999618530273,29.420000076293945,2659.0
2026-07-17T15:20:00-04:00,29.399999618530273,29.402000427246094,29.364999771118164,29.402000427246094,2474.0
2026-07-17T15:25:00-04:00,29.3700008392334,29.489999771118164,29.3700008392334,29.469999313354492,3456.0
2026-07-17T15:30:00-04:00,29.469999313354492,29.469999313354492,29.440000534057617,29.459999084472656,3552.0
2026-07-17T15:35:00-04:00,29.43000030517578,29.440000534057617,29.420000076293945,29.420000076293945,2262.0
2026-07-17T15:40:00-04:00,29.399999618530273,29.44499969482422,29.399999618530273,29.440000534057617,4154.0
2026-07-17T15:45:00-04:00,29.479999542236328,29.5,29.459999084472656,29.479999542236328,3413.0
2026-07-17T15:50:00-04:00,29.510000228881836,29.579999923706055,29.50079917907715,29.545000076293945,2927.0
2026-07-17T15:55:00-04:00,29.53260040283203,29.579999923706055,29.43000030517578,29.43000030517578,27257.0
2026-07-20T09:30:00-04:00,29.360000610351562,29.829999923706055,29.360000610351562,29.6299991607666,3185.0
2026-07-20T09:35:00-04:00,29.5,29.59000015258789,29.40999984741211,29.59000015258789,1491.0
2026-07-20T09:40:00-04:00,29.514999389648438,29.514999389648438,29.514999389648438,29.514999389648438,262.0
2026-07-20T09:45:00-04:00,29.520000457763672,29.520000457763672,29.520000457763672,29.520000457763672,1566.0
2026-07-20T09:50:00-04:00,29.489999771118164,29.489999771118164,29.299999237060547,29.450000762939453,2949.0
2026-07-20T09:55:00-04:00,29.405000686645508,29.405000686645508,29.405000686645508,29.405000686645508,926.0
2026-07-20T10:00:00-04:00,29.329999923706055,29.329999923706055,29.139999389648438,29.139999389648438,1384.0
2026-07-20T10:05:00-04:00,29.170000076293945,29.25,29.170000076293945,29.200000762939453,3412.0
2026-07-20T10:10:00-04:00,29.209999084472656,29.260000228881836,29.209999084472656,29.260000228881836,1441.0
2026-07-20T10:20:00-04:00,29.229999542236328,29.229999542236328,29.209999084472656,29.219999313354492,1411.0
2026-07-20T10:25:00-04:00,29.200000762939453,29.200000762939453,29.184999465942383,29.184999465942383,725.0
2026-07-20T10:30:00-04:00,29.170000076293945,29.190000534057617,29.170000076293945,29.170000076293945,1735.0
2026-07-20T10:35:00-04:00,29.209999084472656,29.209999084472656,29.209999084472656,29.209999084472656,358.0
2026-07-20T10:40:00-04:00,29.204999923706055,29.204999923706055,29.15999984741211,29.15999984741211,689.0
2026-07-20T10:45:00-04:00,29.190000534057617,29.21500015258789,29.190000534057617,29.204999923706055,2226.0
2026-07-20T10:50:00-04:00,29.15999984741211,29.15999984741211,29.049999237060547,29.049999237060547,4484.0
2026-07-20T10:55:00-04:00,28.979999542236328,28.979999542236328,28.860000610351562,28.860000610351562,2045.0
2026-07-20T11:00:00-04:00,28.8700008392334,29.040000915527344,28.8700008392334,29.040000915527344,1680.0
2026-07-20T11:05:00-04:00,28.969999313354492,29.020000457763672,28.969999313354492,29.020000457763672,2184.0
2026-07-20T11:10:00-04:00,29.104999542236328,29.139999389648438,29.030000686645508,29.079999923706055,3339.0
2026-07-20T11:15:00-04:00,29.110000610351562,29.25,29.110000610351562,29.25,1367.0
2026-07-20T11:20:00-04:00,29.219999313354492,29.219999313354492,29.209999084472656,29.219999313354492,1616.0
2026-07-20T11:25:00-04:00,29.260000228881836,29.260000228881836,29.219999313354492,29.219999313354492,512.0
2026-07-20T11:30:00-04:00,29.229999542236328,29.229999542236328,29.219999313354492,29.219999313354492,705.0
2026-07-20T11:35:00-04:00,29.209999084472656,29.209999084472656,29.190000534057617,29.190000534057617,1136.0
2026-07-20T11:40:00-04:00,29.190000534057617,29.190000534057617,29.145000457763672,29.190000534057617,2950.0
2026-07-20T11:45:00-04:00,29.18000030517578,29.184999465942383,29.18000030517578,29.184999465942383,829.0
2026-07-20T11:50:00-04:00,29.190000534057617,29.260000228881836,29.190000534057617,29.25,3647.0
2026-07-20T11:55:00-04:00,29.28499984741211,29.28499984741211,29.28499984741211,29.28499984741211,1012.0
2026-07-20T12:00:00-04:00,29.25,29.360000610351562,29.25,29.360000610351562,1782.0
2026-07-20T12:10:00-04:00,29.325000762939453,29.350000381469727,29.299999237060547,29.309999465942383,4685.0
2026-07-20T12:15:00-04:00,29.34000015258789,29.360000610351562,29.31999969482422,29.31999969482422,2141.0
2026-07-20T12:20:00-04:00,29.34000015258789,29.3700008392334,29.320899963378906,29.360000610351562,1903.0
2026-07-20T12:25:00-04:00,29.3700008392334,29.399999618530273,29.3700008392334,29.399999618530273,885.0
2026-07-20T12:30:00-04:00,29.43000030517578,29.479999542236328,29.40999984741211,29.424999237060547,8092.0
2026-07-20T12:35:00-04:00,29.469999313354492,29.530000686645508,29.469999313354492,29.530000686645508,1999.0
2026-07-20T12:40:00-04:00,29.489999771118164,29.489999771118164,29.329999923706055,29.440000534057617,3700.0
2026-07-20T12:45:00-04:00,29.34000015258789,29.344999313354492,29.34000015258789,29.344999313354492,593.0
2026-07-20T12:50:00-04:00,29.344999313354492,29.360000610351562,29.344999313354492,29.360000610351562,1310.0
2026-07-20T12:55:00-04:00,29.340099334716797,29.360000610351562,29.309999465942383,29.309999465942383,1216.0
2026-07-20T13:00:00-04:00,29.31999969482422,29.350000381469727,29.309999465942383,29.309999465942383,879.0
2026-07-20T13:05:00-04:00,29.34000015258789,29.360000610351562,29.34000015258789,29.35070037841797,984.0
2026-07-20T13:10:00-04:00,29.360000610351562,29.360000610351562,29.299999237060547,29.299999237060547,1984.0
2026-07-20T13:15:00-04:00,29.280000686645508,29.290000915527344,29.204999923706055,29.260000228881836,2880.0
2026-07-20T13:20:00-04:00,29.25,29.290000915527344,29.25,29.290000915527344,2329.0
2026-07-20T13:30:00-04:00,29.260000228881836,29.290000915527344,29.260000228881836,29.290000915527344,762.0
2026-07-20T13:35:00-04:00,29.309999465942383,29.31999969482422,29.290000915527344,29.290000915527344,938.0
2026-07-20T13:40:00-04:00,29.290000915527344,29.290000915527344,29.239999771118164,29.239999771118164,1704.0
2026-07-20T13:45:00-04:00,29.25,29.25,29.239999771118164,29.239999771118164,637.0
2026-07-20T13:50:00-04:00,29.209999084472656,29.209999084472656,29.209999084472656,29.209999084472656,641.0
2026-07-20T13:55:00-04:00,29.235000610351562,29.25,29.190000534057617,29.217500686645508,2198.0
2026-07-20T14:00:00-04:00,29.280000686645508,29.280000686645508,29.260000228881836,29.260000228881836,1117.0
2026-07-20T14:05:00-04:00,29.274999618530273,29.274999618530273,29.270000457763672,29.270000457763672,1499.0
2026-07-20T14:10:00-04:00,29.309999465942383,29.309999465942383,29.30500030517578,29.30500030517578,1253.0
2026-07-20T14:15:00-04:00,29.315000534057617,29.315000534057617,29.290000915527344,29.290000915527344,1640.0
2026-07-20T14:20:00-04:00,29.270000457763672,29.270000457763672,29.209999084472656,29.229999542236328,1366.0
2026-07-20T14:25:00-04:00,29.239999771118164,29.239999771118164,29.209999084472656,29.209999084472656,934.0
2026-07-20T14:30:00-04:00,29.200000762939453,29.200000762939453,29.15999984741211,29.18000030517578,2410.0
2026-07-20T14:35:00-04:00,29.184999465942383,29.184999465942383,29.184999465942383,29.184999465942383,202.0
2026-07-20T14:40:00-04:00,29.18000030517578,29.19499969482422,29.170000076293945,29.19499969482422,2122.0
2026-07-20T14:45:00-04:00,29.200000762939453,29.229999542236328,29.200000762939453,29.229999542236328,1896.0
2026-07-20T14:50:00-04:00,29.229999542236328,29.229999542236328,29.190000534057617,29.219999313354492,2199.0
2026-07-20T14:55:00-04:00,29.209999084472656,29.260000228881836,29.209999084472656,29.239999771118164,3668.0
2026-07-20T15:00:00-04:00,29.219999313354492,29.219999313354492,29.155000686645508,29.155000686645508,2353.0
2026-07-20T15:05:00-04:00,29.139999389648438,29.18000030517578,29.1299991607666,29.18000030517578,1897.0
2026-07-20T15:10:00-04:00,29.25,29.280000686645508,29.184999465942383,29.21500015258789,2991.0
2026-07-20T15:15:00-04:00,29.190000534057617,29.239999771118164,29.190000534057617,29.239999771118164,3193.0
2026-07-20T15:20:00-04:00,29.280000686645508,29.280000686645508,29.270000457763672,29.270000457763672,1380.0
2026-07-20T15:25:00-04:00,29.290000915527344,29.329999923706055,29.290000915527344,29.329999923706055,1606.0
2026-07-20T15:30:00-04:00,29.315000534057617,29.350000381469727,29.315000534057617,29.31999969482422,2036.0
2026-07-20T15:35:00-04:00,29.299999237060547,29.34000015258789,29.299999237060547,29.309999465942383,2679.0
2026-07-20T15:40:00-04:00,29.315000534057617,29.440000534057617,29.315000534057617,29.440000534057617,4067.0
2026-07-20T15:45:00-04:00,29.4685001373291,29.5,29.459999084472656,29.469999313354492,3450.0
2026-07-20T15:50:00-04:00,29.460100173950195,29.460100173950195,29.450000762939453,29.459999084472656,4107.0
2026-07-20T15:55:00-04:00,29.450000762939453,29.450000762939453,29.3700008392334,29.3700008392334,23169.0
2026-07-21T09:30:00-04:00,29.850000381469727,30.09000015258789,29.670000076293945,29.940000534057617,6974.0
2026-07-21T09:35:00-04:00,29.760000228881836,29.770000457763672,29.68000030517578,29.68000030517578,1558.0
2026-07-21T09:40:00-04:00,29.600000381469727,29.600000381469727,29.600000381469727,29.600000381469727,64954.0
2026-07-21T09:50:00-04:00,29.601999282836914,29.700000762939453,29.601999282836914,29.700000762939453,1268.0
2026-07-21T09:55:00-04:00,29.700000762939453,29.700000762939453,29.540000915527344,29.540000915527344,934.0
2026-07-21T10:00:00-04:00,29.93000030517578,29.93000030517578,29.56999969482422,29.56999969482422,2331.0
2026-07-21T10:05:00-04:00,29.729999542236328,29.7549991607666,29.600000381469727,29.7549991607666,2490.0
2026-07-21T10:10:00-04:00,29.690000534057617,29.889999389648438,29.635000228881836,29.889999389648438,3687.0
2026-07-21T10:15:00-04:00,29.9950008392334,29.9950008392334,29.850000381469727,29.850000381469727,2640.0
2026-07-21T10:20:00-04:00,30.059999465942383,30.059999465942383,29.790000915527344,29.875,2997.0
2026-07-21T10:25:00-04:00,29.84000015258789,29.959999084472656,29.84000015258789,29.864999771118164,1661.0
2026-07-21T10:30:00-04:00,29.950000762939453,29.950000762939453,29.655000686645508,29.851999282836914,6934.0
2026-07-21T10:35:00-04:00,29.940000534057617,29.940000534057617,29.719999313354492,29.729999542236328,3263.0
2026-07-21T10:40:00-04:00,29.725000381469727,29.764999389648438,29.700000762939453,29.729999542236328,2836.0
2026-07-21T10:45:00-04:00,29.700000762939453,29.700000762939453,29.68000030517578,29.68000030517578,1412.0
2026-07-21T10:50:00-04:00,29.739999771118164,29.770000457763672,29.700000762939453,29.709999084472656,3825.0
2026-07-21T10:55:00-04:00,29.68000030517578,29.770000457763672,29.68000030517578,29.739999771118164,3108.0
2026-07-21T11:00:00-04:00,29.709999084472656,29.709999084472656,29.670000076293945,29.690000534057617,2085.0
2026-07-21T11:05:00-04:00,29.719999313354492,29.75,29.68000030517578,29.75,1344.0
2026-07-21T11:10:00-04:00,29.739999771118164,29.770000457763672,29.690000534057617,29.7450008392334,2592.0
2026-07-21T11:15:00-04:00,29.7450008392334,29.7450008392334,29.704999923706055,29.704999923706055,2780.0
2026-07-21T11:20:00-04:00,29.739999771118164,29.770000457763672,29.739999771118164,29.760000228881836,2482.0
2026-07-21T11:25:00-04:00,29.760000228881836,29.84000015258789,29.739999771118164,29.815000534057617,5935.0
2026-07-21T11:30:00-04:00,29.780000686645508,29.780000686645508,29.709999084472656,29.709999084472656,1664.0
2026-07-21T11:35:00-04:00,29.75,29.770000457763672,29.739999771118164,29.770000457763672,1716.0
2026-07-21T11:40:00-04:00,29.760000228881836,29.760000228881836,29.5049991607666,29.559999465942383,4373.0
2026-07-21T11:45:00-04:00,29.565000534057617,29.59000015258789,29.40999984741211,29.40999984741211,11674.0
2026-07-21T11:50:00-04:00,29.440000534057617,29.459999084472656,29.43000030517578,29.44499969482422,1867.0
2026-07-21T11:55:00-04:00,29.399999618530273,29.517499923706055,29.399999618530273,29.447500228881836,4518.0
2026-07-21T12:00:00-04:00,29.440000534057617,29.459999084472656,29.440000534057617,29.459999084472656,1161.0
2026-07-21T12:05:00-04:00,29.450000762939453,29.450000762939453,29.450000762939453,29.450000762939453,748.0
2026-07-21T12:10:00-04:00,29.479999542236328,29.5,29.43000030517578,29.479999542236328,2219.0
2026-07-21T12:15:00-04:00,29.485000610351562,29.5,29.485000610351562,29.49250030517578,1551.0
2026-07-21T12:20:00-04:00,29.469999313354492,29.520000457763672,29.469999313354492,29.5,5209.0
2026-07-21T12:25:00-04:00,29.520000457763672,29.600000381469727,29.520000457763672,29.600000381469727,3807.0
2026-07-21T12:30:00-04:00,29.6299991607666,29.700000762939453,29.6299991607666,29.690000534057617,2334.0
2026-07-21T12:35:00-04:00,29.690000534057617,29.69499969482422,29.670000076293945,29.68000030517578,2123.0
2026-07-21T12:40:00-04:00,29.65999984741211,29.65999984741211,29.65999984741211,29.65999984741211,1382.0
2026-07-21T12:45:00-04:00,29.645000457763672,29.68000030517578,29.61009979248047,29.68000030517578,929.0
2026-07-21T12:50:00-04:00,29.700000762939453,29.700000762939453,29.700000762939453,29.700000762939453,612.0
2026-07-21T12:55:00-04:00,29.719999313354492,29.719999313354492,29.719999313354492,29.719999313354492,519.0
2026-07-21T13:00:00-04:00,29.68000030517578,29.709999084472656,29.68000030517578,29.690000534057617,3601.0
2026-07-21T13:05:00-04:00,29.719999313354492,29.850000381469727,29.700000762939453,29.834999084472656,4717.0
2026-07-21T13:10:00-04:00,29.850000381469727,29.850000381469727,29.81999969482422,29.81999969482422,308.0
2026-07-21T13:15:00-04:00,29.790000915527344,29.809999465942383,29.7549991607666,29.7549991607666,2794.0
2026-07-21T13:20:00-04:00,29.75,29.760000228881836,29.75,29.75,1833.0
2026-07-21T13:25:00-04:00,29.770000457763672,29.770000457763672,29.690000534057617,29.690000534057617,2123.0
2026-07-21T13:30:00-04:00,29.704999923706055,29.71500015258789,29.690000534057617,29.690000534057617,863.0
2026-07-21T13:35:00-04:00,29.69499969482422,29.735000610351562,29.69499969482422,29.735000610351562,3145.0
2026-07-21T13:40:00-04:00,29.739999771118164,29.770000457763672,29.739999771118164,29.770000457763672,439.0
2026-07-21T13:45:00-04:00,29.710100173950195,29.770000457763672,29.710100173950195,29.734600067138672,1270.0
2026-07-21T13:50:00-04:00,29.75,29.75,29.739999771118164,29.739999771118164,1231.0
2026-07-21T13:55:00-04:00,29.739999771118164,29.809999465942383,29.719999313354492,29.799999237060547,3832.0
2026-07-21T14:00:00-04:00,29.790000915527344,29.790000915527344,29.719999313354492,29.719999313354492,2693.0
2026-07-21T14:05:00-04:00,29.71500015258789,29.760000228881836,29.71500015258789,29.760000228881836,1340.0
2026-07-21T14:10:00-04:00,29.780000686645508,29.860000610351562,29.719999313354492,29.719999313354492,5665.0
2026-07-21T14:15:00-04:00,29.729999542236328,29.739999771118164,29.729999542236328,29.739999771118164,1483.0
2026-07-21T14:20:00-04:00,29.729999542236328,29.75,29.729999542236328,29.75,1786.0
2026-07-21T14:25:00-04:00,29.770000457763672,29.770000457763672,29.7549991607666,29.7549991607666,934.0
2026-07-21T14:30:00-04:00,29.7549991607666,29.770000457763672,29.729999542236328,29.770000457763672,1716.0
2026-07-21T14:35:00-04:00,29.729999542236328,29.739999771118164,29.704999923706055,29.725000381469727,3217.0
2026-07-21T14:40:00-04:00,29.725000381469727,29.725000381469727,29.700000762939453,29.709999084472656,2252.0
2026-07-21T14:45:00-04:00,29.709999084472656,29.709999084472656,29.600000381469727,29.600000381469727,2159.0
2026-07-21T14:50:00-04:00,29.639999389648438,29.68000030517578,29.59000015258789,29.59000015258789,2747.0
2026-07-21T14:55:00-04:00,29.610000610351562,29.649999618530273,29.610000610351562,29.639999389648438,2975.0
2026-07-21T15:00:00-04:00,29.6299991607666,29.639999389648438,29.6200008392334,29.6299991607666,4492.0
2026-07-21T15:05:00-04:00,29.649999618530273,29.65999984741211,29.639999389648438,29.649999618530273,1783.0
2026-07-21T15:10:00-04:00,29.6299991607666,29.65999984741211,29.6299991607666,29.6299991607666,2607.0
2026-07-21T15:15:00-04:00,29.6200008392334,29.68000030517578,29.6200008392334,29.670000076293945,5070.0
2026-07-21T15:20:00-04:00,29.665000915527344,29.665000915527344,29.635000228881836,29.635000228881836,1636.0
2026-07-21T15:25:00-04:00,29.635000228881836,29.649999618530273,29.635000228881836,29.649999618530273,3376.0
2026-07-21T15:30:00-04:00,29.649999618530273,29.719999313354492,29.635000228881836,29.69499969482422,4976.0
2026-07-21T15:35:00-04:00,29.69499969482422,29.709999084472656,29.68000030517578,29.700000762939453,2240.0
2026-07-21T15:40:00-04:00,29.690000534057617,29.770000457763672,29.68000030517578,29.760000228881836,5339.0
2026-07-21T15:45:00-04:00,29.774999618530273,29.850000381469727,29.774999618530273,29.815000534057617,6165.0
2026-07-21T15:50:00-04:00,29.850000381469727,30.0,29.850000381469727,29.969999313354492,8975.0
2026-07-21T15:55:00-04:00,29.969999313354492,30.049999237060547,29.860000610351562,29.8700008392334,38786.0
2026-07-22T09:30:00-04:00,30.1200008392334,30.420000076293945,29.8799991607666,30.2549991607666,7311.0
2026-07-22T09:35:00-04:00,30.264999389648438,30.299999237060547,30.264999389648438,30.299999237060547,641.0
2026-07-22T09:40:00-04:00,30.329999923706055,30.34000015258789,30.329999923706055,30.34000015258789,748.0
2026-07-22T09:45:00-04:00,30.489999771118164,30.600000381469727,30.489999771118164,30.5,1821.0
2026-07-22T09:50:00-04:00,30.40999984741211,30.40999984741211,30.344999313354492,30.3799991607666,1944.0
2026-07-22T09:55:00-04:00,30.540000915527344,30.540000915527344,30.494138717651367,30.510000228881836,1186.0
2026-07-22T10:00:00-04:00,30.350000381469727,30.405000686645508,30.329999923706055,30.405000686645508,2013.0
2026-07-22T10:05:00-04:00,30.34000015258789,30.34000015258789,30.209999084472656,30.2450008392334,3218.0
2026-07-22T10:10:00-04:00,30.235000610351562,30.235000610351562,30.229999542236328,30.229999542236328,409.0
2026-07-22T10:15:00-04:00,30.1299991607666,30.155000686645508,30.049999237060547,30.139999389648438,5688.0
2026-07-22T10:20:00-04:00,30.135000228881836,30.15999984741211,30.09000015258789,30.1200008392334,2464.0
2026-07-22T10:25:00-04:00,30.1200008392334,30.1200008392334,30.0049991607666,30.030000686645508,3703.0
2026-07-22T10:35:00-04:00,29.979999542236328,29.979999542236328,29.969999313354492,29.969999313354492,748.0
2026-07-22T10:40:00-04:00,29.9950008392334,30.020000457763672,29.959999084472656,30.010000228881836,3552.0
2026-07-22T10:45:00-04:00,29.957500457763672,29.96500015258789,29.875,29.93000030517578,2775.0
2026-07-22T10:50:00-04:00,29.950000762939453,29.979999542236328,29.81999969482422,29.81999969482422,4890.0
2026-07-22T10:55:00-04:00,29.799999237060547,29.799999237060547,29.760099411010742,29.760099411010742,1279.0
2026-07-22T11:00:00-04:00,29.829999923706055,29.93000030517578,29.829999923706055,29.915000915527344,6182.0
2026-07-22T11:05:00-04:00,29.889999389648438,29.889999389648438,29.889999389648438,29.889999389648438,760.0
2026-07-22T11:10:00-04:00,29.885000228881836,29.969999313354492,29.885000228881836,29.969999313354492,6315.0
2026-07-22T11:20:00-04:00,30.020000457763672,30.020000457763672,29.889999389648438,29.889999389648438,4510.0
2026-07-22T11:25:00-04:00,29.969999313354492,29.985000610351562,29.950000762939453,29.950000762939453,1652.0
2026-07-22T11:30:00-04:00,29.90999984741211,29.959999084472656,29.90999984741211,29.959999084472656,3427.0
2026-07-22T11:35:00-04:00,29.979999542236328,29.989999771118164,29.979999542236328,29.989999771118164,1125.0
2026-07-22T11:40:00-04:00,30.020000457763672,30.030000686645508,30.0,30.010000228881836,2922.0
2026-07-22T11:45:00-04:00,30.059999465942383,30.059999465942383,30.049999237060547,30.049999237060547,900.0
2026-07-22T11:50:00-04:00,30.09000015258789,30.09000015258789,30.0,30.0,1355.0
2026-07-22T11:55:00-04:00,29.9950008392334,29.9950008392334,29.969999313354492,29.969999313354492,1383.0
2026-07-22T12:00:00-04:00,30.030000686645508,30.049999237060547,29.989999771118164,30.045000076293945,3080.0
2026-07-22T12:05:00-04:00,30.059999465942383,30.1200008392334,30.059999465942383,30.079999923706055,3022.0
2026-07-22T12:10:00-04:00,30.1299991607666,30.190000534057617,30.1299991607666,30.139999389648438,3767.0
2026-07-22T12:15:00-04:00,30.15999984741211,30.170000076293945,30.1299991607666,30.1299991607666,1781.0
2026-07-22T12:20:00-04:00,30.149999618530273,30.155000686645508,30.110000610351562,30.1200008392334,2370.0
2026-07-22T12:25:00-04:00,30.09000015258789,30.09000015258789,30.09000015258789,30.09000015258789,807.0
2026-07-22T12:30:00-04:00,30.1200008392334,30.139999389648438,30.09000015258789,30.139999389648438,1986.0
2026-07-22T12:35:00-04:00,30.100000381469727,30.100000381469727,30.079999923706055,30.079999923706055,748.0
2026-07-22T12:40:00-04:00,30.100000381469727,30.1200008392334,30.079999923706055,30.1200008392334,3846.0
2026-07-22T12:45:00-04:00,30.100000381469727,30.1200008392334,30.059999465942383,30.1200008392334,2203.0
2026-07-22T12:50:00-04:00,30.1299991607666,30.15999984741211,30.1299991607666,30.15999984741211,1353.0
2026-07-22T12:55:00-04:00,30.170000076293945,30.170000076293945,30.170000076293945,30.170000076293945,507.0
2026-07-22T13:00:00-04:00,30.190000534057617,30.190000534057617,30.1299991607666,30.139999389648438,3286.0
2026-07-22T13:05:00-04:00,30.168100357055664,30.168100357055664,30.079999923706055,30.079999923706055,1191.0
2026-07-22T13:10:00-04:00,30.09000015258789,30.114999771118164,30.040000915527344,30.040000915527344,3194.0
2026-07-22T13:15:00-04:00,30.010000228881836,30.065000534057617,30.010000228881836,30.050100326538086,2254.0
2026-07-22T13:20:00-04:00,30.065000534057617,30.139999389648438,30.065000534057617,30.139999389648438,4489.0
2026-07-22T13:30:00-04:00,30.1200008392334,30.1200008392334,30.1200008392334,30.1200008392334,1372.0
2026-07-22T13:35:00-04:00,30.100000381469727,30.110000610351562,30.0049991607666,30.045000076293945,3818.0
2026-07-22T13:40:00-04:00,30.010000228881836,30.020000457763672,29.989999771118164,29.989999771118164,3717.0
2026-07-22T13:45:00-04:00,29.989999771118164,29.99020004272461,29.969999313354492,29.969999313354492,2173.0
2026-07-22T13:50:00-04:00,29.979999542236328,29.979999542236328,29.940000534057617,29.940000534057617,1495.0
2026-07-22T13:55:00-04:00,29.93000030517578,29.959999084472656,29.93000030517578,29.959999084472656,1190.0
2026-07-22T14:00:00-04:00,29.940000534057617,29.969999313354492,29.924999237060547,29.969999313354492,4616.0
2026-07-22T14:05:00-04:00,29.979999542236328,30.059999465942383,29.979999542236328,30.040000915527344,7089.0
2026-07-22T14:10:00-04:00,30.020000457763672,30.040000915527344,29.979999542236328,30.0,6060.0
2026-07-22T14:15:00-04:00,30.040000915527344,30.079999923706055,30.040000915527344,30.079999923706055,1318.0
2026-07-22T14:20:00-04:00,30.079999923706055,30.114999771118164,30.079999923706055,30.104999542236328,5525.0
2026-07-22T14:25:00-04:00,30.1299991607666,30.1299991607666,30.1200008392334,30.1299991607666,965.0
2026-07-22T14:30:00-04:00,30.125,30.139999389648438,30.110000610351562,30.110000610351562,1678.0
2026-07-22T14:35:00-04:00,30.114999771118164,30.13990020751953,30.079999923706055,30.079999923706055,4142.0
2026-07-22T14:40:00-04:00,30.079999923706055,30.079999923706055,30.079999923706055,30.079999923706055,941.0
2026-07-22T14:45:00-04:00,30.09000015258789,30.100000381469727,30.020000457763672,30.020000457763672,5039.0
2026-07-22T14:50:00-04:00,30.020000457763672,30.03499984741211,30.0,30.03499984741211,3194.0
2026-07-22T14:55:00-04:00,30.059999465942383,30.075000762939453,30.059999465942383,30.075000762939453,1929.0
2026-07-22T15:00:00-04:00,30.049999237060547,30.049999237060547,30.049999237060547,30.049999237060547,708.0
2026-07-22T15:05:00-04:00,30.09000015258789,30.094999313354492,30.06999969482422,30.084999084472656,3100.0
2026-07-22T15:10:00-04:00,30.084999084472656,30.084999084472656,30.084999084472656,30.084999084472656,1160.0
2026-07-22T15:15:00-04:00,30.100000381469727,30.1200008392334,30.079999923706055,30.079999923706055,10646.0
2026-07-22T15:20:00-04:00,30.084999084472656,30.084999084472656,30.049999237060547,30.084999084472656,4673.0
2026-07-22T15:25:00-04:00,30.100000381469727,30.110000610351562,30.100000381469727,30.104999542236328,4268.0
2026-07-22T15:30:00-04:00,30.100000381469727,30.110000610351562,30.059999465942383,30.079999923706055,8601.0
2026-07-22T15:35:00-04:00,30.079999923706055,30.079999923706055,30.049999237060547,30.05500030517578,5927.0
2026-07-22T15:40:00-04:00,30.040000915527344,30.100000381469727,30.030000686645508,30.100000381469727,7374.0
2026-07-22T15:45:00-04:00,30.100000381469727,30.110000610351562,30.020000457763672,30.110000610351562,9111.0
2026-07-22T15:50:00-04:00,30.100000381469727,30.1299991607666,30.06999969482422,30.079999923706055,13004.0
2026-07-22T15:55:00-04:00,30.094999313354492,30.125,30.059999465942383,30.1200008392334,53839.0
2026-07-23T09:30:00-04:00,29.84000015258789,29.8799991607666,29.603300094604492,29.850000381469727,8978.0
2026-07-23T09:35:00-04:00,30.040000915527344,30.045000076293945,30.040000915527344,30.045000076293945,869.0
2026-07-23T09:40:00-04:00,30.045000076293945,30.270000457763672,30.045000076293945,30.145000457763672,1677.0
2026-07-23T09:45:00-04:00,30.149999618530273,30.15999984741211,29.915000915527344,29.915000915527344,7027.0
2026-07-23T09:50:00-04:00,30.010000228881836,30.010000228881836,29.8799991607666,29.959999084472656,1743.0
2026-07-23T09:55:00-04:00,29.850000381469727,29.8700008392334,29.665000915527344,29.665000915527344,3885.0
2026-07-23T10:00:00-04:00,29.799999237060547,29.850000381469727,29.715999603271484,29.850000381469727,1034.0
2026-07-23T10:05:00-04:00,29.799999237060547,29.864999771118164,29.68000030517578,29.719999313354492,3518.0
2026-07-23T10:10:00-04:00,29.690000534057617,29.729999542236328,29.649999618530273,29.649999618530273,1930.0
2026-07-23T10:15:00-04:00,29.684999465942383,29.719999313354492,29.68000030517578,29.704999923706055,2696.0
2026-07-23T10:20:00-04:00,29.704999923706055,29.704999923706055,29.604999542236328,29.604999542236328,1758.0
2026-07-23T10:25:00-04:00,29.625,29.625,29.56999969482422,29.579999923706055,1600.0
2026-07-23T10:30:00-04:00,29.690000534057617,29.709999084472656,29.645000457763672,29.645000457763672,2252.0
2026-07-23T10:35:00-04:00,29.610000610351562,29.739999771118164,29.610000610351562,29.739999771118164,1992.0
2026-07-23T10:40:00-04:00,29.739999771118164,29.790000915527344,29.68000030517578,29.68000030517578,1320.0
2026-07-23T10:45:00-04:00,29.610000610351562,29.719999313354492,29.604999542236328,29.719999313354492,1498.0
2026-07-23T10:50:00-04:00,29.639999389648438,29.639999389648438,29.34000015258789,29.34000015258789,5717.0
2026-07-23T10:55:00-04:00,29.34000015258789,29.360000610351562,29.31999969482422,29.31999969482422,2165.0
2026-07-23T11:00:00-04:00,29.31999969482422,29.440000534057617,29.30500030517578,29.405000686645508,5510.0
2026-07-23T11:05:00-04:00,29.415000915527344,29.415000915527344,29.329999923706055,29.34000015258789,4251.0
2026-07-23T11:10:00-04:00,29.34000015258789,29.344999313354492,29.25,29.309999465942383,5411.0
2026-07-23T11:15:00-04:00,29.274999618530273,29.309999465942383,29.209999084472656,29.209999084472656,3831.0
2026-07-23T11:20:00-04:00,29.25,29.25,29.100000381469727,29.229999542236328,3789.0
2026-07-23T11:25:00-04:00,29.209999084472656,29.21500015258789,29.170000076293945,29.21500015258789,1380.0
2026-07-23T11:30:00-04:00,29.18000030517578,29.2450008392334,29.15880012512207,29.204999923706055,3652.0
2026-07-23T11:35:00-04:00,29.21500015258789,29.329999923706055,29.21500015258789,29.315000534057617,2298.0
2026-07-23T11:40:00-04:00,29.315000534057617,29.489999771118164,29.315000534057617,29.459999084472656,7697.0
2026-07-23T11:45:00-04:00,29.450000762939453,29.59000015258789,29.450000762939453,29.59000015258789,2806.0
2026-07-23T11:50:00-04:00,29.540000915527344,29.559999465942383,29.5,29.5,1220.0
2026-07-23T11:55:00-04:00,29.549999237060547,29.559999465942383,29.5049991607666,29.510000228881836,2758.0
2026-07-23T12:00:00-04:00,29.545000076293945,29.55500030517578,29.545000076293945,29.55500030517578,877.0
2026-07-23T12:05:00-04:00,29.510000228881836,29.540000915527344,29.489999771118164,29.540000915527344,3138.0
2026-07-23T12:10:00-04:00,29.59000015258789,29.600000381469727,29.549999237060547,29.600000381469727,2915.0
2026-07-23T12:15:00-04:00,29.549999237060547,29.584999084472656,29.549999237060547,29.584999084472656,1730.0
2026-07-23T12:20:00-04:00,29.600000381469727,29.600000381469727,29.600000381469727,29.600000381469727,574.0
2026-07-23T12:25:00-04:00,29.59000015258789,29.639999389648438,29.59000015258789,29.635000228881836,2835.0
2026-07-23T12:30:00-04:00,29.649999618530273,29.649999618530273,29.649999618530273,29.649999618530273,152.0
2026-07-23T12:35:00-04:00,29.649999618530273,29.709999084472656,29.649999618530273,29.709999084472656,1241.0
2026-07-23T12:40:00-04:00,29.649999618530273,29.649999618530273,29.649999618530273,29.649999618530273,2078.0
2026-07-23T12:45:00-04:00,29.6200008392334,29.639999389648438,29.610000610351562,29.6299991607666,2012.0
2026-07-23T12:50:00-04:00,29.59000015258789,29.604999542236328,29.540000915527344,29.540000915527344,2520.0
2026-07-23T12:55:00-04:00,29.559999465942383,29.639999389648438,29.559999465942383,29.639999389648438,1188.0
2026-07-23T13:00:00-04:00,29.614999771118164,29.6299991607666,29.614999771118164,29.6299991607666,853.0
2026-07-23T13:05:00-04:00,29.59000015258789,29.639999389648438,29.59000015258789,29.59000015258789,1988.0
2026-07-23T13:10:00-04:00,29.600000381469727,29.639999389648438,29.600000381469727,29.639999389648438,923.0
2026-07-23T13:15:00-04:00,29.600000381469727,29.610000610351562,29.600000381469727,29.604999542236328,910.0
2026-07-23T13:20:00-04:00,29.579999923706055,29.579999923706055,29.545000076293945,29.575000762939453,957.0
2026-07-23T13:25:00-04:00,29.594999313354492,29.594999313354492,29.594999313354492,29.594999313354492,712.0
2026-07-23T13:30:00-04:00,29.600000381469727,29.600000381469727,29.584999084472656,29.584999084472656,810.0
2026-07-23T13:35:00-04:00,29.559999465942383,29.559999465942383,29.549999237060547,29.549999237060547,1221.0
2026-07-23T13:40:00-04:00,29.549999237060547,29.56999969482422,29.510000228881836,29.514999389648438,2964.0
2026-07-23T13:45:00-04:00,29.510000228881836,29.540000915527344,29.475000381469727,29.540000915527344,1844.0
2026-07-23T13:50:00-04:00,29.559900283813477,29.559900283813477,29.44499969482422,29.44499969482422,2106.0
2026-07-23T13:55:00-04:00,29.450000762939453,29.579999923706055,29.44499969482422,29.579999923706055,6808.0
2026-07-23T14:00:00-04:00,29.540000915527344,29.55500030517578,29.520000457763672,29.520000457763672,1146.0
2026-07-23T14:05:00-04:00,29.56999969482422,29.56999969482422,29.530000686645508,29.530000686645508,1057.0
2026-07-23T14:10:00-04:00,29.540000915527344,29.545000076293945,29.540000915527344,29.545000076293945,875.0
2026-07-23T14:15:00-04:00,29.520000457763672,29.520000457763672,29.520000457763672,29.520000457763672,913.0
2026-07-23T14:20:00-04:00,29.56999969482422,29.6200008392334,29.56999969482422,29.6200008392334,1298.0
2026-07-23T14:25:00-04:00,29.6299991607666,29.65999984741211,29.6299991607666,29.65999984741211,928.0
2026-07-23T14:30:00-04:00,29.65999984741211,29.690000534057617,29.65999984741211,29.690000534057617,1634.0
2026-07-23T14:35:00-04:00,29.665000915527344,29.700000762939453,29.645000457763672,29.700000762939453,3454.0
2026-07-23T14:40:00-04:00,29.709999084472656,29.71500015258789,29.709999084472656,29.71500015258789,1588.0
2026-07-23T14:45:00-04:00,29.725000381469727,29.75,29.59000015258789,29.722999572753906,7777.0
2026-07-23T14:50:00-04:00,29.75,29.75,29.700000762939453,29.700000762939453,3275.0
2026-07-23T14:55:00-04:00,29.735000610351562,29.735000610351562,29.670000076293945,29.670000076293945,3300.0
2026-07-23T15:00:00-04:00,29.690000534057617,29.690000534057617,29.639999389648438,29.639999389648438,3367.0
2026-07-23T15:05:00-04:00,29.65999984741211,29.65999984741211,29.600000381469727,29.639999389648438,3967.0
2026-07-23T15:10:00-04:00,29.625,29.649999618530273,29.6200008392334,29.649999618530273,2753.0
2026-07-23T15:15:00-04:00,29.639999389648438,29.639999389648438,29.639999389648438,29.639999389648438,1095.0
2026-07-23T15:20:00-04:00,29.649999618530273,29.649999618530273,29.645000457763672,29.645000457763672,1379.0
2026-07-23T15:25:00-04:00,29.65999984741211,29.68000030517578,29.600000381469727,29.655000686645508,8023.0
2026-07-23T15:30:00-04:00,29.655000686645508,29.670000076293945,29.639999389648438,29.65999984741211,6340.0
2026-07-23T15:35:00-04:00,29.65999984741211,29.760000228881836,29.600000381469727,29.7549991607666,10513.0
2026-07-23T15:40:00-04:00,29.75,29.760000228881836,29.700000762939453,29.700000762939453,6794.0
2026-07-23T15:45:00-04:00,29.700000762939453,29.700000762939453,29.649999618530273,29.68000030517578,5023.0
2026-07-23T15:50:00-04:00,29.670000076293945,29.760000228881836,29.670000076293945,29.760000228881836,10234.0
2026-07-23T15:55:00-04:00,29.790000915527344,29.84000015258789,29.719999313354492,29.81999969482422,39283.0
2026-07-24T09:30:00-04:00,29.670000076293945,29.670000076293945,29.43000030517578,29.440000534057617,9035.0
2026-07-24T09:35:00-04:00,29.440000534057617,29.5,29.440000534057617,29.450000762939453,1429.0
2026-07-24T09:40:00-04:00,29.479999542236328,29.8700008392334,29.469999313354492,29.8700008392334,1943.0
2026-07-24T09:45:00-04:00,29.469999313354492,29.469999313354492,29.469999313354492,29.469999313354492,230.0
2026-07-24T09:50:00-04:00,29.479999542236328,29.5049991607666,29.3799991607666,29.459999084472656,1571.0
2026-07-24T09:55:00-04:00,29.440000534057617,29.440000534057617,29.440000534057617,29.440000534057617,1867.0
2026-07-24T10:00:00-04:00,29.5,29.5,29.31999969482422,29.31999969482422,1331.0
2026-07-24T10:05:00-04:00,29.264999389648438,29.329999923706055,29.264999389648438,29.329999923706055,591.0
2026-07-24T10:10:00-04:00,29.270000457763672,29.270000457763672,29.18000030517578,29.264999389648438,1327.0
2026-07-24T10:15:00-04:00,29.170000076293945,29.264999389648438,29.09000015258789,29.264999389648438,6417.0
2026-07-24T10:20:00-04:00,29.190000534057617,29.364999771118164,29.190000534057617,29.364999771118164,701.0
2026-07-24T10:25:00-04:00,29.399999618530273,29.399999618530273,29.399999618530273,29.399999618530273,709.0
2026-07-24T10:30:00-04:00,29.309999465942383,29.309999465942383,29.290000915527344,29.299999237060547,2378.0
2026-07-24T10:35:00-04:00,29.239999771118164,29.239999771118164,29.235000610351562,29.239999771118164,1116.0
2026-07-24T10:40:00-04:00,29.2549991607666,29.2549991607666,29.219999313354492,29.219999313354492,546.0
2026-07-24T10:45:00-04:00,29.260000228881836,29.260000228881836,29.18000030517578,29.18000030517578,5095.0
2026-07-24T10:50:00-04:00,29.270000457763672,29.290000915527344,29.25,29.280000686645508,1509.0
2026-07-24T10:55:00-04:00,29.280000686645508,29.30500030517578,29.280000686645508,29.30500030517578,1316.0
2026-07-24T11:00:00-04:00,29.280000686645508,29.280000686645508,29.280000686645508,29.280000686645508,786.0
2026-07-24T11:05:00-04:00,29.239999771118164,29.239999771118164,29.239999771118164,29.239999771118164,860.0
2026-07-24T11:10:00-04:00,29.174999237060547,29.375,29.174999237060547,29.375,2198.0
2026-07-24T11:15:00-04:00,29.389999389648438,29.5,29.3799991607666,29.5,3060.0
2026-07-24T11:20:00-04:00,29.524999618530273,29.579999923706055,29.5,29.520000457763672,2472.0
2026-07-24T11:25:00-04:00,29.53459930419922,29.53459930419922,29.53459930419922,29.53459930419922,280.0
2026-07-24T11:30:00-04:00,29.579999923706055,29.600000381469727,29.530000686645508,29.530000686645508,1724.0
2026-07-24T11:35:00-04:00,29.559999465942383,29.600000381469727,29.530000686645508,29.600000381469727,2366.0
2026-07-24T11:40:00-04:00,29.69890022277832,29.69890022277832,29.65999984741211,29.65999984741211,1352.0
2026-07-24T11:45:00-04:00,29.68000030517578,29.68000030517578,29.639999389648438,29.670000076293945,1579.0
2026-07-24T11:50:00-04:00,29.690000534057617,29.690000534057617,29.690000534057617,29.690000534057617,413.0
2026-07-24T11:55:00-04:00,29.65719985961914,29.729999542236328,29.65719985961914,29.719999313354492,1614.0
2026-07-24T12:00:00-04:00,29.690000534057617,29.690000534057617,29.690000534057617,29.690000534057617,555.0
2026-07-24T12:10:00-04:00,29.739999771118164,29.739999771118164,29.6299991607666,29.6299991607666,2554.0
2026-07-24T12:15:00-04:00,29.625,29.639999389648438,29.625,29.639999389648438,870.0
2026-07-24T12:20:00-04:00,29.65999984741211,29.674999237060547,29.65999984741211,29.674999237060547,843.0
2026-07-24T12:25:00-04:00,29.68000030517578,29.68000030517578,29.68000030517578,29.68000030517578,1191.0
2026-07-24T12:35:00-04:00,29.6200008392334,29.6200008392334,29.6200008392334,29.6200008392334,886.0
2026-07-24T12:40:00-04:00,29.600000381469727,29.6200008392334,29.600000381469727,29.6200008392334,3054.0
2026-07-24T12:45:00-04:00,29.6299991607666,29.700000762939453,29.594999313354492,29.700000762939453,22740.0
2026-07-24T12:50:00-04:00,29.75,29.760000228881836,29.71500015258789,29.760000228881836,1945.0
2026-07-24T12:55:00-04:00,29.760000228881836,29.809999465942383,29.760000228881836,29.809999465942383,1656.0
2026-07-24T13:00:00-04:00,29.799999237060547,29.799999237060547,29.799999237060547,29.799999237060547,495.0
2026-07-24T13:05:00-04:00,29.774999618530273,29.774999618530273,29.729999542236328,29.729999542236328,1612.0
2026-07-24T13:10:00-04:00,29.670000076293945,29.68000030517578,29.6299991607666,29.655000686645508,1370.0
2026-07-24T13:15:00-04:00,29.655000686645508,29.729999542236328,29.655000686645508,29.729999542236328,1954.0
2026-07-24T13:30:00-04:00,29.790000915527344,29.8700008392334,29.790000915527344,29.84000015258789,3921.0
2026-07-24T13:35:00-04:00,29.80500030517578,29.81999969482422,29.780000686645508,29.780000686645508,1415.0
2026-07-24T13:40:00-04:00,29.7549991607666,29.7549991607666,29.7549991607666,29.7549991607666,642.0
2026-07-24T13:50:00-04:00,29.729999542236328,29.729999542236328,29.729999542236328,29.729999542236328,633.0
2026-07-24T14:00:00-04:00,29.71500015258789,29.71500015258789,29.684999465942383,29.684999465942383,2123.0
2026-07-24T14:05:00-04:00,29.684999465942383,29.709999084472656,29.684999465942383,29.704999923706055,2617.0
2026-07-24T14:10:00-04:00,29.68000030517578,29.68000030517578,29.670000076293945,29.670000076293945,1563.0
2026-07-24T14:15:00-04:00,29.672000885009766,29.68000030517578,29.670000076293945,29.670000076293945,1123.0
2026-07-24T14:20:00-04:00,29.639999389648438,29.639999389648438,29.610000610351562,29.610000610351562,1095.0
2026-07-24T14:25:00-04:00,29.600000381469727,29.6200008392334,29.59000015258789,29.59000015258789,3901.0
2026-07-24T14:30:00-04:00,29.6200008392334,29.6200008392334,29.600000381469727,29.600000381469727,3815.0
2026-07-24T14:35:00-04:00,29.610000610351562,29.610000610351562,29.600000381469727,29.600000381469727,305.0
2026-07-24T14:40:00-04:00,29.604999542236328,29.604999542236328,29.514999389648438,29.530000686645508,24078.0
2026-07-24T14:45:00-04:00,29.56999969482422,29.575000762939453,29.56999969482422,29.56999969482422,2262.0
2026-07-24T14:50:00-04:00,29.559999465942383,29.579999923706055,29.5,29.530000686645508,8106.0
2026-07-24T14:55:00-04:00,29.5,29.5,29.489999771118164,29.5,842.0
2026-07-24T15:00:00-04:00,29.5,29.5,29.274999618530273,29.274999618530273,4791.0
2026-07-24T15:05:00-04:00,29.274999618530273,29.329999923706055,29.274999618530273,29.329999923706055,2332.0
2026-07-24T15:10:00-04:00,29.270000457763672,29.270000457763672,29.25,29.25,1382.0
2026-07-24T15:15:00-04:00,29.2549991607666,29.32819938659668,29.2549991607666,29.32819938659668,3190.0
2026-07-24T15:20:00-04:00,29.350000381469727,29.459999084472656,29.329999923706055,29.389999389648438,6554.0
2026-07-24T15:25:00-04:00,29.350000381469727,29.3700008392334,29.350000381469727,29.3700008392334,1506.0
2026-07-24T15:30:00-04:00,29.350000381469727,29.420000076293945,29.309999465942383,29.3700008392334,5201.0
2026-07-24T15:35:00-04:00,29.385000228881836,29.385000228881836,29.360000610351562,29.3700008392334,1441.0
2026-07-24T15:40:00-04:00,29.360000610351562,29.3799991607666,29.360000610351562,29.375,4996.0
2026-07-24T15:45:00-04:00,29.43000030517578,29.43000030517578,29.3700008392334,29.3700008392334,4064.0
2026-07-24T15:50:00-04:00,29.399999618530273,29.40999984741211,29.360000610351562,29.3700008392334,3569.0
2026-07-24T15:55:00-04:00,29.3799991607666,29.450000762939453,29.3799991607666,29.43000030517578,24786.0
2026-07-27T09:30:00-04:00,29.670000076293945,29.670000076293945,29.5,29.5,4566.0
2026-07-27T09:35:00-04:00,29.459999084472656,29.940000534057617,29.459999084472656,29.59000015258789,1335.0
2026-07-27T09:40:00-04:00,29.674800872802734,29.674800872802734,29.674800872802734,29.674800872802734,1062.0
2026-07-27T09:45:00-04:00,29.760000228881836,29.760000228881836,29.59000015258789,29.59000015258789,638.0
2026-07-27T09:50:00-04:00,29.739999771118164,29.739999771118164,29.5,29.5,2764.0
2026-07-27T09:55:00-04:00,29.5049991607666,29.5049991607666,29.320100784301758,29.320100784301758,1585.0
2026-07-27T10:05:00-04:00,29.524999618530273,29.530000686645508,29.524999618530273,29.530000686645508,996.0
2026-07-27T10:10:00-04:00,29.3700008392334,29.510000228881836,29.31999969482422,29.489999771118164,2800.0
2026-07-27T10:15:00-04:00,29.520000457763672,29.53499984741211,29.350000381469727,29.440000534057617,3218.0
2026-07-27T10:20:00-04:00,29.399999618530273,29.399999618530273,29.31999969482422,29.31999969482422,3743.0
2026-07-27T10:25:00-04:00,29.280000686645508,29.280000686645508,29.149999618530273,29.149999618530273,2778.0
2026-07-27T10:30:00-04:00,29.06399917602539,29.06399917602539,29.03499984741211,29.03499984741211,2006.0
2026-07-27T10:35:00-04:00,29.040000915527344,29.040000915527344,28.905000686645508,28.905000686645508,1871.0
2026-07-27T10:40:00-04:00,28.850000381469727,28.850000381469727,28.809999465942383,28.84000015258789,713.0
2026-07-27T10:45:00-04:00,28.84000015258789,28.950000762939453,28.84000015258789,28.950000762939453,2466.0
2026-07-27T10:50:00-04:00,28.96500015258789,29.030000686645508,28.940000534057617,29.030000686645508,2040.0
2026-07-27T10:55:00-04:00,29.200000762939453,29.46500015258789,29.200000762939453,29.46500015258789,7608.0
2026-07-27T11:00:00-04:00,29.469999313354492,29.475000381469727,29.399999618530273,29.454999923706055,2617.0
2026-07-27T11:05:00-04:00,29.459999084472656,29.459999084472656,29.459999084472656,29.459999084472656,424.0
2026-07-27T11:10:00-04:00,29.329999923706055,29.389999389648438,29.31999969482422,29.31999969482422,3303.0
2026-07-27T11:15:00-04:00,29.209999084472656,29.209999084472656,29.202499389648438,29.202499389648438,434.0
2026-07-27T11:20:00-04:00,29.165000915527344,29.270000457763672,29.165000915527344,29.260000228881836,1220.0
2026-07-27T11:25:00-04:00,29.25,29.25,29.200000762939453,29.219999313354492,840.0
2026-07-27T11:30:00-04:00,29.200000762939453,29.239999771118164,29.1299991607666,29.1299991607666,3069.0
2026-07-27T11:35:00-04:00,29.059999465942383,29.114999771118164,29.059999465942383,29.114999771118164,461.0
2026-07-27T11:40:00-04:00,29.059999465942383,29.1200008392334,29.059999465942383,29.1200008392334,1107.0
2026-07-27T11:45:00-04:00,29.059999465942383,29.1200008392334,29.059999465942383,29.059999465942383,1870.0
2026-07-27T11:50:00-04:00,29.084999084472656,29.084999084472656,29.084999084472656,29.084999084472656,1105.0
2026-07-27T11:55:00-04:00,29.059999465942383,29.094999313354492,29.059999465942383,29.094999313354492,843.0
2026-07-27T12:00:00-04:00,29.040000915527344,29.049999237060547,29.030000686645508,29.049999237060547,1144.0
2026-07-27T12:05:00-04:00,29.09000015258789,29.15999984741211,29.09000015258789,29.139999389648438,1784.0
2026-07-27T12:10:00-04:00,29.15999984741211,29.209999084472656,29.15999984741211,29.209999084472656,1367.0
2026-07-27T12:15:00-04:00,29.15999984741211,29.15999984741211,29.149999618530273,29.149999618530273,1017.0
2026-07-27T12:20:00-04:00,29.209999084472656,29.329999923706055,29.209999084472656,29.329999923706055,2840.0
2026-07-27T12:25:00-04:00,29.350000381469727,29.450000762939453,29.350000381469727,29.40999984741211,3920.0
2026-07-27T12:35:00-04:00,29.489999771118164,29.5,29.469999313354492,29.469999313354492,1535.0
2026-07-27T12:40:00-04:00,29.477500915527344,29.477500915527344,29.43000030517578,29.450000762939453,1255.0
2026-07-27T12:45:00-04:00,29.469999313354492,29.469999313354492,29.440000534057617,29.44499969482422,2248.0
2026-07-27T12:50:00-04:00,29.40999984741211,29.40999984741211,29.40999984741211,29.40999984741211,805.0
2026-07-27T12:55:00-04:00,29.299999237060547,29.309999465942383,29.280000686645508,29.299999237060547,1259.0
2026-07-27T13:00:00-04:00,29.229999542236328,29.229999542236328,29.200000762939453,29.200000762939453,840.0
2026-07-27T13:05:00-04:00,29.200000762939453,29.25,29.200000762939453,29.25,2603.0
2026-07-27T13:10:00-04:00,29.2549991607666,29.2549991607666,29.2549991607666,29.2549991607666,1342.0
2026-07-27T13:15:00-04:00,29.264999389648438,29.264999389648438,29.264999389648438,29.264999389648438,315.0
2026-07-27T13:20:00-04:00,29.309999465942383,29.3700008392334,29.309999465942383,29.3700008392334,1395.0
2026-07-27T13:25:00-04:00,29.270099639892578,29.325000762939453,29.270000457763672,29.270000457763672,3331.0
2026-07-27T13:30:00-04:00,29.389999389648438,29.389999389648438,29.389999389648438,29.389999389648438,574.0
2026-07-27T13:35:00-04:00,29.354999542236328,29.354999542236328,29.354999542236328,29.354999542236328,934.0
2026-07-27T13:40:00-04:00,29.3700008392334,29.440000534057617,29.3700008392334,29.440000534057617,2341.0
2026-07-27T13:45:00-04:00,29.34000015258789,29.360000610351562,29.329999923706055,29.34000015258789,1501.0
2026-07-27T13:50:00-04:00,29.295000076293945,29.295000076293945,29.295000076293945,29.295000076293945,1146.0
2026-07-27T14:00:00-04:00,29.329999923706055,29.389999389648438,29.329999923706055,29.389999389648438,714.0
2026-07-27T14:05:00-04:00,29.360000610351562,29.3700008392334,29.309999465942383,29.309999465942383,4889.0
2026-07-27T14:10:00-04:00,29.290000915527344,29.3700008392334,29.290000915527344,29.3700008392334,1356.0
2026-07-27T14:15:00-04:00,29.309999465942383,29.329999923706055,29.309999465942383,29.329999923706055,1253.0
2026-07-27T14:20:00-04:00,29.309999465942383,29.3700008392334,29.309999465942383,29.350000381469727,1007.0
2026-07-27T14:25:00-04:00,29.350000381469727,29.395000457763672,29.350000381469727,29.395000457763672,2291.0
2026-07-27T14:30:00-04:00,29.360000610351562,29.415000915527344,29.360000610351562,29.415000915527344,4017.0
2026-07-27T14:35:00-04:00,29.399999618530273,29.469999313354492,29.399999618530273,29.469999313354492,1528.0
2026-07-27T14:40:00-04:00,29.389999389648438,29.434999465942383,29.389999389648438,29.434999465942383,4011.0
2026-07-27T14:45:00-04:00,29.459999084472656,29.459999084472656,29.43000030517578,29.43000030517578,1060.0
2026-07-27T14:50:00-04:00,29.434999465942383,29.549999237060547,29.434999465942383,29.530000686645508,4643.0
2026-07-27T14:55:00-04:00,29.600000381469727,29.600000381469727,29.559999465942383,29.56999969482422,1724.0
2026-07-27T15:00:00-04:00,29.614999771118164,29.670000076293945,29.559999465942383,29.559999465942383,5087.0
2026-07-27T15:05:00-04:00,29.469999313354492,29.540000915527344,29.469999313354492,29.530000686645508,1671.0
2026-07-27T15:10:00-04:00,29.549999237060547,29.549999237060547,29.510000228881836,29.514999389648438,2928.0
2026-07-27T15:15:00-04:00,29.489999771118164,29.510000228881836,29.485000610351562,29.5049991607666,2042.0
2026-07-27T15:20:00-04:00,29.540000915527344,29.639999389648438,29.524999618530273,29.639999389648438,4033.0
2026-07-27T15:25:00-04:00,29.68000030517578,29.700000762939453,29.65999984741211,29.700000762939453,2647.0
2026-07-27T15:30:00-04:00,29.735000610351562,29.739999771118164,29.670000076293945,29.670000076293945,2762.0
2026-07-27T15:35:00-04:00,29.65999984741211,29.684999465942383,29.649999618530273,29.684999465942383,4508.0
2026-07-27T15:40:00-04:00,29.719999313354492,29.729999542236328,29.690000534057617,29.690000534057617,3565.0
2026-07-27T15:45:00-04:00,29.709999084472656,29.780000686645508,29.709999084472656,29.780000686645508,4719.0
2026-07-27T15:50:00-04:00,29.780000686645508,29.780000686645508,29.729999542236328,29.780000686645508,5929.0
2026-07-27T15:55:00-04:00,29.75,29.780000686645508,29.670000076293945,29.780000686645508,29975.0
2026-07-28T09:30:00-04:00,29.450000762939453,29.600000381469727,29.20509910583496,29.20509910583496,5279.0
2026-07-28T09:35:00-04:00,29.40999984741211,29.40999984741211,29.40999984741211,29.40999984741211,229.0
2026-07-28T09:40:00-04:00,29.229999542236328,29.364999771118164,29.15999984741211,29.2549991607666,2930.0
2026-07-28T09:45:00-04:00,29.139999389648438,29.239999771118164,29.1200008392334,29.239999771118164,2906.0
2026-07-28T09:50:00-04:00,29.209999084472656,29.209999084472656,29.110000610351562,29.110000610351562,1895.0
2026-07-28T09:55:00-04:00,29.1200008392334,29.1200008392334,29.100000381469727,29.100000381469727,652.0
2026-07-28T10:00:00-04:00,29.170000076293945,29.325000762939453,29.1299991607666,29.31999969482422,6257.0
2026-07-28T10:05:00-04:00,29.360000610351562,29.469999313354492,29.34000015258789,29.34000015258789,1919.0
2026-07-28T10:10:00-04:00,29.420000076293945,29.420000076293945,29.209999084472656,29.21500015258789,2676.0
2026-07-28T10:15:00-04:00,29.18000030517578,29.229999542236328,29.09000015258789,29.170000076293945,2791.0
2026-07-28T10:20:00-04:00,29.100000381469727,29.170000076293945,29.079999923706055,29.142900466918945,2546.0
2026-07-28T10:25:00-04:00,29.110000610351562,29.1200008392334,28.979999542236328,28.979999542236328,3394.0
2026-07-28T10:30:00-04:00,28.989999771118164,28.989999771118164,28.8799991607666,28.889999389648438,5498.0
2026-07-28T10:35:00-04:00,28.940000534057617,29.0049991607666,28.84000015258789,28.84000015258789,5649.0
2026-07-28T10:40:00-04:00,28.854999542236328,29.010000228881836,28.854999542236328,29.010000228881836,2271.0
2026-07-28T10:45:00-04:00,29.010000228881836,29.100000381469727,29.010000228881836,29.100000381469727,1081.0
2026-07-28T10:50:00-04:00,29.149999618530273,29.219999313354492,29.149999618530273,29.21500015258789,2498.0
2026-07-28T10:55:00-04:00,29.219999313354492,29.25,29.139999389648438,29.229999542236328,7958.0
2026-07-28T11:00:00-04:00,29.225000381469727,29.229999542236328,29.09000015258789,29.09000015258789,6775.0
2026-07-28T11:05:00-04:00,29.059999465942383,29.110000610351562,29.040000915527344,29.104999542236328,2940.0
2026-07-28T11:10:00-04:00,29.084999084472656,29.15999984741211,29.079999923706055,29.139999389648438,4576.0
2026-07-28T11:15:00-04:00,29.079999923706055,29.079999923706055,29.06999969482422,29.06999969482422,1624.0
2026-07-28T11:20:00-04:00,29.18000030517578,29.209999084472656,29.15999984741211,29.200000762939453,3718.0
2026-07-28T11:25:00-04:00,29.229999542236328,29.229999542236328,29.190000534057617,29.200000762939453,2134.0
2026-07-28T11:30:00-04:00,29.190000534057617,29.190000534057617,29.135000228881836,29.135000228881836,2722.0
2026-07-28T11:35:00-04:00,29.18000030517578,29.209999084472656,29.18000030517578,29.209999084472656,1656.0
2026-07-28T11:40:00-04:00,29.219999313354492,29.25,29.200000762939453,29.25,2282.0
2026-07-28T11:45:00-04:00,29.280000686645508,29.350000381469727,29.239999771118164,29.350000381469727,2386.0
2026-07-28T11:50:00-04:00,29.290000915527344,29.30500030517578,29.244199752807617,29.30500030517578,4058.0
2026-07-28T11:55:00-04:00,29.325000762939453,29.325000762939453,29.315000534057617,29.315000534057617,1619.0
2026-07-28T12:00:00-04:00,29.360000610351562,29.3799991607666,29.350000381469727,29.3799991607666,2434.0
2026-07-28T12:05:00-04:00,29.34000015258789,29.3700008392334,29.34000015258789,29.3700008392334,2101.0
2026-07-28T12:10:00-04:00,29.360000610351562,29.399999618530273,29.360000610351562,29.399999618530273,1650.0
2026-07-28T12:15:00-04:00,29.3700008392334,29.3700008392334,29.34000015258789,29.3700008392334,2372.0
2026-07-28T12:20:00-04:00,29.31999969482422,29.31999969482422,29.315000534057617,29.315000534057617,674.0
2026-07-28T12:25:00-04:00,29.329999923706055,29.334999084472656,29.329999923706055,29.334999084472656,597.0
2026-07-28T12:30:00-04:00,29.309999465942383,29.309999465942383,29.2450008392334,29.30500030517578,3621.0
2026-07-28T12:35:00-04:00,29.30500030517578,29.309999465942383,29.280000686645508,29.309999465942383,1632.0
2026-07-28T12:40:00-04:00,29.325000762939453,29.344999313354492,29.31999969482422,29.337400436401367,1524.0
2026-07-28T12:45:00-04:00,29.270000457763672,29.270000457763672,29.219999313354492,29.219999313354492,1811.0
2026-07-28T12:50:00-04:00,29.25,29.309999465942383,29.239999771118164,29.274999618530273,3125.0
2026-07-28T12:55:00-04:00,29.329999923706055,29.34000015258789,29.329999923706055,29.329999923706055,1314.0
2026-07-28T13:00:00-04:00,29.360000610351562,29.360000610351562,29.309999465942383,29.309999465942383,2154.0
2026-07-28T13:05:00-04:00,29.33099937438965,29.344999313354492,29.33099937438965,29.34000015258789,3450.0
2026-07-28T13:10:00-04:00,29.315000534057617,29.315000534057617,29.315000534057617,29.315000534057617,464.0
2026-07-28T13:15:00-04:00,29.31999969482422,29.31999969482422,29.287700653076172,29.299999237060547,1304.0
2026-07-28T13:20:00-04:00,29.31999969482422,29.415000915527344,29.31999969482422,29.415000915527344,6506.0
2026-07-28T13:25:00-04:00,29.43000030517578,29.469999313354492,29.43000030517578,29.440000534057617,4051.0
2026-07-28T13:30:00-04:00,29.40999984741211,29.5,29.385000228881836,29.4950008392334,2309.0
2026-07-28T13:35:00-04:00,29.56999969482422,29.56999969482422,29.55500030517578,29.55500030517578,2063.0
2026-07-28T13:40:00-04:00,29.549999237060547,29.549999237060547,29.469999313354492,29.469999313354492,3353.0
2026-07-28T13:45:00-04:00,29.420000076293945,29.440000534057617,29.3799991607666,29.43000030517578,4988.0
2026-07-28T13:50:00-04:00,29.399999618530273,29.43000030517578,29.34000015258789,29.3799991607666,6281.0
2026-07-28T13:55:00-04:00,29.34000015258789,29.420000076293945,29.329999923706055,29.420000076293945,2627.0
2026-07-28T14:00:00-04:00,29.420000076293945,29.450000762939453,29.389999389648438,29.420000076293945,3023.0
2026-07-28T14:05:00-04:00,29.420000076293945,29.43000030517578,29.399999618530273,29.40999984741211,3804.0
2026-07-28T14:10:00-04:00,29.399999618530273,29.399999618530273,29.399999618530273,29.399999618530273,2404.0
2026-07-28T14:20:00-04:00,29.399999618530273,29.399999618530273,29.399999618530273,29.399999618530273,515.0
2026-07-28T14:25:00-04:00,29.420000076293945,29.420000076293945,29.399999618530273,29.399999618530273,644.0
2026-07-28T14:30:00-04:00,29.420000076293945,29.510000228881836,29.420000076293945,29.489999771118164,4134.0
2026-07-28T14:35:00-04:00,29.5049991607666,29.549999237060547,29.5049991607666,29.540000915527344,3299.0
2026-07-28T14:40:00-04:00,29.540000915527344,29.600000381469727,29.540000915527344,29.579999923706055,2031.0
2026-07-28T14:45:00-04:00,29.56999969482422,29.6200008392334,29.56999969482422,29.56999969482422,3373.0
2026-07-28T14:50:00-04:00,29.59000015258789,29.6299991607666,29.59000015258789,29.610000610351562,4242.0
2026-07-28T14:55:00-04:00,29.610000610351562,29.6299991607666,29.59000015258789,29.610000610351562,4388.0
2026-07-28T15:00:00-04:00,29.6200008392334,29.700000762939453,29.604999542236328,29.684999465942383,4744.0
2026-07-28T15:05:00-04:00,29.75,29.75,29.655000686645508,29.655000686645508,3785.0
2026-07-28T15:10:00-04:00,29.690000534057617,29.700000762939453,29.63990020751953,29.659900665283203,3478.0
2026-07-28T15:15:00-04:00,29.684999465942383,29.739999771118164,29.684999465942383,29.739999771118164,2659.0
2026-07-28T15:20:00-04:00,29.75,29.790000915527344,29.75,29.7549991607666,3251.0
2026-07-28T15:25:00-04:00,29.75,29.75,29.729999542236328,29.739999771118164,3401.0
2026-07-28T15:30:00-04:00,29.760000228881836,29.760000228881836,29.69499969482422,29.709999084472656,6335.0
2026-07-28T15:35:00-04:00,29.719999313354492,29.739999771118164,29.639999389648438,29.645000457763672,7542.0
2026-07-28T15:40:00-04:00,29.65999984741211,29.719999313354492,29.65999984741211,29.709999084472656,4376.0
2026-07-28T15:45:00-04:00,29.719999313354492,29.719999313354492,29.674999237060547,29.674999237060547,7381.0
2026-07-28T15:50:00-04:00,29.68000030517578,29.795000076293945,29.68000030517578,29.780000686645508,10721.0
2026-07-28T15:55:00-04:00,29.780000686645508,29.920000076293945,29.65999984741211,29.700000762939453,67334.0
2026-07-29T09:30:00-04:00,29.360000610351562,29.549999237060547,28.9822998046875,28.9822998046875,5836.0
2026-07-29T09:35:00-04:00,29.479999542236328,29.479999542236328,29.375,29.375,437.0
2026-07-29T09:40:00-04:00,29.459999084472656,29.610000610351562,29.350000381469727,29.610000610351562,8858.0
2026-07-29T09:45:00-04:00,29.610000610351562,29.6200008392334,29.600000381469727,29.600000381469727,1302.0
2026-07-29T09:50:00-04:00,29.5,29.5,29.405000686645508,29.405000686645508,752.0
2026-07-29T09:55:00-04:00,29.270000457763672,29.3700008392334,29.19499969482422,29.344999313354492,4272.0
2026-07-29T10:00:00-04:00,29.34000015258789,29.34000015258789,29.34000015258789,29.34000015258789,706.0
2026-07-29T10:05:00-04:00,29.229999542236328,29.229999542236328,28.8799991607666,28.920000076293945,4338.0
2026-07-29T10:10:00-04:00,28.920000076293945,29.010000228881836,28.8799991607666,28.892499923706055,3443.0
2026-07-29T10:15:00-04:00,28.885000228881836,29.110000610351562,28.885000228881836,29.079999923706055,5146.0
2026-07-29T10:20:00-04:00,29.075000762939453,29.1200008392334,29.049999237060547,29.100000381469727,2593.0
2026-07-29T10:25:00-04:00,29.1200008392334,29.1200008392334,28.649999618530273,28.907499313354492,84645.0
2026-07-29T10:30:00-04:00,28.90999984741211,29.100000381469727,28.8799991607666,28.8799991607666,7498.0
2026-07-29T10:35:00-04:00,28.8799991607666,28.8799991607666,28.739999771118164,28.739999771118164,2825.0
2026-07-29T10:40:00-04:00,28.75,28.799999237060547,28.610000610351562,28.614999771118164,3452.0
2026-07-29T10:45:00-04:00,28.604999542236328,28.610000610351562,28.5,28.600000381469727,4081.0
2026-07-29T10:50:00-04:00,28.549999237060547,28.6200008392334,28.469999313354492,28.6200008392334,5193.0
2026-07-29T10:55:00-04:00,28.56999969482422,28.600000381469727,28.56999969482422,28.579999923706055,2532.0
2026-07-29T11:00:00-04:00,28.600000381469727,28.600000381469727,28.559999465942383,28.59000015258789,2081.0
2026-07-29T11:05:00-04:00,28.56999969482422,28.65999984741211,28.56999969482422,28.6299991607666,2063.0
2026-07-29T11:10:00-04:00,28.639999389648438,28.639999389648438,28.600000381469727,28.600000381469727,2087.0
2026-07-29T11:15:00-04:00,28.6200008392334,28.649999618530273,28.6200008392334,28.649999618530273,3145.0
2026-07-29T11:20:00-04:00,28.68000030517578,28.729999542236328,28.68000030517578,28.719999313354492,3635.0
2026-07-29T11:25:00-04:00,28.719999313354492,28.78499984741211,28.719999313354492,28.78499984741211,2902.0
2026-07-29T11:30:00-04:00,28.780000686645508,28.780000686645508,28.719999313354492,28.760000228881836,2712.0
2026-07-29T11:35:00-04:00,28.770000457763672,28.770000457763672,28.709999084472656,28.709999084472656,2083.0
2026-07-29T11:40:00-04:00,28.700000762939453,28.770000457763672,28.69499969482422,28.770000457763672,2957.0
2026-07-29T11:45:00-04:00,28.719999313354492,28.770000457763672,28.719999313354492,28.760000228881836,1459.0
2026-07-29T11:50:00-04:00,28.739999771118164,28.739999771118164,28.739999771118164,28.739999771118164,560.0
2026-07-29T11:55:00-04:00,28.75,28.809999465942383,28.75,28.809999465942383,3232.0
2026-07-29T12:00:00-04:00,28.809999465942383,28.809999465942383,28.770000457763672,28.780000686645508,1706.0
2026-07-29T12:05:00-04:00,28.75,28.760000228881836,28.68000030517578,28.719999313354492,3309.0
2026-07-29T12:10:00-04:00,28.739999771118164,28.75,28.639999389648438,28.639999389648438,2271.0
2026-07-29T12:15:00-04:00,28.635000228881836,28.709999084472656,28.635000228881836,28.709999084472656,5649.0
2026-07-29T12:20:00-04:00,28.71500015258789,28.8700008392334,28.709999084472656,28.81999969482422,10166.0
2026-07-29T12:25:00-04:00,28.8799991607666,28.920000076293945,28.8799991607666,28.895000457763672,1392.0
2026-07-29T12:30:00-04:00,28.940000534057617,28.940000534057617,28.889999389648438,28.899999618530273,1712.0
2026-07-29T12:35:00-04:00,28.84000015258789,28.84000015258789,28.84000015258789,28.84000015258789,2019.0
2026-07-29T12:40:00-04:00,28.854999542236328,28.854999542236328,28.809999465942383,28.809999465942383,508.0
2026-07-29T12:45:00-04:00,28.809999465942383,28.809999465942383,28.75,28.780000686645508,2480.0
2026-07-29T12:50:00-04:00,28.799999237060547,28.90999984741211,28.799999237060547,28.889999389648438,5241.0
2026-07-29T12:55:00-04:00,28.905000686645508,29.024999618530273,28.905000686645508,28.989999771118164,2253.0
2026-07-29T13:00:00-04:00,28.989999771118164,29.020000457763672,28.989999771118164,29.020000457763672,2006.0
2026-07-29T13:05:00-04:00,28.979999542236328,29.030000686645508,28.975000381469727,29.0,2846.0
2026-07-29T13:10:00-04:00,29.040000915527344,29.040000915527344,29.040000915527344,29.040000915527344,626.0
2026-07-29T13:15:00-04:00,29.045000076293945,29.06999969482422,29.040000915527344,29.045000076293945,1833.0
2026-07-29T13:20:00-04:00,29.06999969482422,29.110000610351562,29.059999465942383,29.059999465942383,1894.0
2026-07-29T13:25:00-04:00,29.049999237060547,29.059999465942383,29.020000457763672,29.020000457763672,2340.0
2026-07-29T13:30:00-04:00,28.979999542236328,29.06999969482422,28.969999313354492,29.06999969482422,3510.0
2026-07-29T13:35:00-04:00,29.049999237060547,29.049999237060547,29.0,29.0,497.0
2026-07-29T13:40:00-04:00,29.0,29.0,28.989999771118164,29.0,1772.0
2026-07-29T13:45:00-04:00,29.030000686645508,29.030000686645508,29.030000686645508,29.030000686645508,952.0
2026-07-29T13:50:00-04:00,29.079999923706055,29.1200008392334,29.079999923706055,29.100000381469727,882.0
2026-07-29T13:55:00-04:00,29.100000381469727,29.100000381469727,29.079999923706055,29.094999313354492,1279.0
2026-07-29T14:00:00-04:00,29.125,29.489999771118164,29.125,29.309999465942383,3482.0
2026-07-29T14:05:00-04:00,29.530000686645508,29.530000686645508,29.280000686645508,29.280000686645508,2672.0
2026-07-29T14:10:00-04:00,29.264999389648438,29.3799991607666,29.219999313354492,29.229999542236328,2890.0
2026-07-29T14:15:00-04:00,29.299999237060547,29.299999237060547,29.190000534057617,29.235000610351562,4245.0
2026-07-29T14:20:00-04:00,29.190000534057617,29.239999771118164,29.190000534057617,29.190000534057617,3177.0
2026-07-29T14:25:00-04:00,29.18000030517578,29.219999313354492,29.15999984741211,29.219999313354492,3185.0
2026-07-29T14:30:00-04:00,29.25,29.360000610351562,29.190000534057617,29.2549991607666,5802.0
2026-07-29T14:35:00-04:00,29.2549991607666,29.40999984741211,29.2549991607666,29.40999984741211,2820.0
2026-07-29T14:40:00-04:00,29.389999389648438,29.610000610351562,29.389999389648438,29.600000381469727,5401.0
2026-07-29T14:45:00-04:00,29.540000915527344,29.649999618530273,29.510000228881836,29.649999618530273,9548.0
2026-07-29T14:50:00-04:00,29.649999618530273,29.719999313354492,29.6200008392334,29.71500015258789,2099.0
2026-07-29T14:55:00-04:00,29.719999313354492,29.719999313354492,29.600000381469727,29.649999618530273,5085.0
2026-07-29T15:00:00-04:00,29.6200008392334,29.670000076293945,29.524999618530273,29.524999618530273,6800.0
2026-07-29T15:05:00-04:00,29.559999465942383,29.59000015258789,29.450000762939453,29.479999542236328,5285.0
2026-07-29T15:10:00-04:00,29.485000610351562,29.600000381469727,29.450000762939453,29.600000381469727,5385.0
2026-07-29T15:15:00-04:00,29.63249969482422,29.729999542236328,29.53499984741211,29.53499984741211,9508.0
2026-07-29T15:20:00-04:00,29.5,29.5,29.334999084472656,29.3700008392334,5248.0
2026-07-29T15:25:00-04:00,29.329999923706055,29.475000381469727,29.329999923706055,29.475000381469727,5736.0
2026-07-29T15:30:00-04:00,29.510000228881836,29.524999618530273,29.309999465942383,29.360000610351562,7192.0
2026-07-29T15:35:00-04:00,29.360000610351562,29.360000610351562,29.25,29.28499984741211,6616.0
2026-07-29T15:40:00-04:00,29.270000457763672,29.334999084472656,29.225000381469727,29.299999237060547,7965.0
2026-07-29T15:45:00-04:00,29.295000076293945,29.31999969482422,29.239999771118164,29.239999771118164,6888.0
2026-07-29T15:50:00-04:00,29.24250030517578,29.2549991607666,29.1200008392334,29.209999084472656,12006.0
2026-07-29T15:55:00-04:00,29.184999465942383,29.350000381469727,29.149999618530273,29.329999923706055,44809.0
2026-07-30T09:30:00-04:00,30.0,30.0,29.850000381469727,30.0,5309.0
2026-07-30T09:35:00-04:00,29.829999923706055,29.829999923706055,29.770000457763672,29.770000457763672,2076.0
2026-07-30T09:40:00-04:00,29.760000228881836,30.020000457763672,29.760000228881836,29.94499969482422,2508.0
2026-07-30T09:45:00-04:00,29.985000610351562,30.040000915527344,29.90999984741211,29.969999313354492,4371.0
2026-07-30T09:50:00-04:00,30.100000381469727,30.15999984741211,29.934999465942383,29.989999771118164,7018.0
2026-07-30T09:55:00-04:00,29.9950008392334,29.9950008392334,29.889999389648438,29.889999389648438,1964.0
2026-07-30T10:00:00-04:00,29.940000534057617,29.940000534057617,29.799999237060547,29.834999084472656,1581.0
2026-07-30T10:05:00-04:00,29.834999084472656,29.834999084472656,29.559999465942383,29.56999969482422,1144.0
2026-07-30T10:10:00-04:00,29.59000015258789,29.658899307250977,29.540000915527344,29.540000915527344,3416.0
2026-07-30T10:15:00-04:00,29.565000534057617,29.700000762939453,29.565000534057617,29.700000762939453,3126.0
2026-07-30T10:20:00-04:00,29.690000534057617,29.889999389648438,29.690000534057617,29.854999542236328,5048.0
2026-07-30T10:25:00-04:00,29.790000915527344,30.045000076293945,29.780000686645508,30.045000076293945,4628.0
2026-07-30T10:30:00-04:00,30.030000686645508,30.045000076293945,30.020000457763672,30.045000076293945,2033.0
2026-07-30T10:35:00-04:00,30.040000915527344,30.040000915527344,29.975000381469727,29.975000381469727,1508.0
2026-07-30T10:40:00-04:00,30.0049991607666,30.049999237060547,29.979999542236328,29.979999542236328,4343.0
2026-07-30T10:45:00-04:00,29.985000610351562,29.985000610351562,29.81999969482422,29.825000762939453,4198.0
2026-07-30T10:50:00-04:00,29.825000762939453,29.850000381469727,29.75,29.81999969482422,4397.0
2026-07-30T10:55:00-04:00,29.780000686645508,29.780000686645508,29.719999313354492,29.764999389648438,4228.0
2026-07-30T11:00:00-04:00,29.770000457763672,29.81999969482422,29.764999389648438,29.80500030517578,4340.0
2026-07-30T11:05:00-04:00,29.799999237060547,29.850000381469727,29.799999237060547,29.850000381469727,2117.0
2026-07-30T11:10:00-04:00,29.809999465942383,29.81999969482422,29.739999771118164,29.739999771118164,2149.0
2026-07-30T11:15:00-04:00,29.760000228881836,29.8700008392334,29.760000228881836,29.8700008392334,3857.0
2026-07-30T11:20:00-04:00,29.889999389648438,29.90999984741211,29.809999465942383,29.809999465942383,4214.0
2026-07-30T11:25:00-04:00,29.760000228881836,29.760000228881836,29.719999313354492,29.729999542236328,1800.0
2026-07-30T11:30:00-04:00,29.729999542236328,29.739999771118164,29.684999465942383,29.739999771118164,1531.0
2026-07-30T11:35:00-04:00,29.780000686645508,29.78499984741211,29.7450008392334,29.7450008392334,2197.0
2026-07-30T11:40:00-04:00,29.795000076293945,29.795000076293945,29.760000228881836,29.760000228881836,1004.0
2026-07-30T11:45:00-04:00,29.735000610351562,29.780000686645508,29.735000610351562,29.7549991607666,3119.0
2026-07-30T11:50:00-04:00,29.780000686645508,29.799999237060547,29.770000457763672,29.770000457763672,2350.0
2026-07-30T11:55:00-04:00,29.809999465942383,29.875,29.809999465942383,29.809999465942383,4235.0
2026-07-30T12:00:00-04:00,29.829999923706055,29.860000610351562,29.809999465942383,29.850000381469727,4127.0
2026-07-30T12:05:00-04:00,29.81999969482422,29.81999969482422,29.809999465942383,29.809999465942383,1024.0
2026-07-30T12:10:00-04:00,29.815000534057617,29.84000015258789,29.815000534057617,29.84000015258789,1011.0
2026-07-30T12:15:00-04:00,29.834999084472656,29.860000610351562,29.809999465942383,29.860000610351562,5264.0
2026-07-30T12:20:00-04:00,29.834999084472656,29.860000610351562,29.834999084472656,29.854999542236328,1168.0
2026-07-30T12:25:00-04:00,29.84000015258789,29.88249969482422,29.84000015258789,29.88249969482422,2529.0
2026-07-30T12:30:00-04:00,29.889999389648438,29.899999618530273,29.8799991607666,29.885000228881836,3769.0
2026-07-30T12:35:00-04:00,29.889999389648438,29.889999389648438,29.829999923706055,29.829999923706055,3191.0
2026-07-30T12:40:00-04:00,29.809999465942383,29.809999465942383,29.780000686645508,29.790000915527344,4722.0
2026-07-30T12:45:00-04:00,29.790000915527344,29.850000381469727,29.790000915527344,29.844999313354492,4354.0
2026-07-30T12:50:00-04:00,29.844999313354492,29.989999771118164,29.829999923706055,29.989999771118164,4036.0
2026-07-30T12:55:00-04:00,30.0,30.0049991607666,29.985000610351562,29.985000610351562,2464.0
2026-07-30T13:00:00-04:00,30.010000228881836,30.06999969482422,30.010000228881836,30.040000915527344,4103.0
2026-07-30T13:05:00-04:00,30.030000686645508,30.030000686645508,30.030000686645508,30.030000686645508,393.0
2026-07-30T13:10:00-04:00,30.020000457763672,30.020000457763672,29.950000762939453,29.950000762939453,2530.0
2026-07-30T13:15:00-04:00,29.950000762939453,29.969999313354492,29.94499969482422,29.969999313354492,4300.0
2026-07-30T13:20:00-04:00,29.970199584960938,29.970199584960938,29.834999084472656,29.915000915527344,5676.0
2026-07-30T13:25:00-04:00,29.892499923706055,29.90999984741211,29.892499923706055,29.899999618530273,1191.0
2026-07-30T13:30:00-04:00,29.860000610351562,29.860000610351562,29.860000610351562,29.860000610351562,693.0
2026-07-30T13:35:00-04:00,29.8700008392334,29.920000076293945,29.8700008392334,29.899999618530273,2768.0
2026-07-30T13:40:00-04:00,29.885000228881836,29.885000228881836,29.829999923706055,29.854999542236328,1953.0
2026-07-30T13:45:00-04:00,29.8700008392334,29.8700008392334,29.8700008392334,29.8700008392334,573.0
2026-07-30T13:50:00-04:00,29.84000015258789,29.860000610351562,29.834999084472656,29.850000381469727,3279.0
2026-07-30T13:55:00-04:00,29.854999542236328,29.854999542236328,29.84000015258789,29.850000381469727,1808.0
2026-07-30T14:00:00-04:00,29.860000610351562,29.864999771118164,29.829999923706055,29.829999923706055,2317.0
2026-07-30T14:05:00-04:00,29.809999465942383,29.809999465942383,29.799999237060547,29.809999465942383,849.0
2026-07-30T14:10:00-04:00,29.799999237060547,29.799999237060547,29.799999237060547,29.799999237060547,688.0
2026-07-30T14:15:00-04:00,29.799999237060547,29.799999237060547,29.760000228881836,29.760000228881836,3358.0
2026-07-30T14:20:00-04:00,29.760000228881836,29.780000686645508,29.760000228881836,29.774999618530273,1179.0
2026-07-30T14:25:00-04:00,29.780000686645508,29.809999465942383,29.700000762939453,29.700000762939453,3997.0
2026-07-30T14:30:00-04:00,29.75,29.799999237060547,29.75,29.770000457763672,5861.0
2026-07-30T14:35:00-04:00,29.770000457763672,29.770000457763672,29.770000457763672,29.770000457763672,923.0
2026-07-30T14:40:00-04:00,29.770000457763672,29.790000915527344,29.75,29.78499984741211,4408.0
2026-07-30T14:45:00-04:00,29.770000457763672,29.799999237060547,29.760000228881836,29.760000228881836,2949.0
2026-07-30T14:50:00-04:00,29.760000228881836,29.799999237060547,29.760000228881836,29.799999237060547,4326.0
2026-07-30T14:55:00-04:00,29.81999969482422,29.81999969482422,29.7549991607666,29.770000457763672,3934.0
2026-07-30T15:00:00-04:00,29.770000457763672,29.799999237060547,29.770000457763672,29.799999237060547,5652.0
2026-07-30T15:05:00-04:00,29.799999237060547,29.809999465942383,29.799999237060547,29.799999237060547,2098.0
2026-07-30T15:10:00-04:00,29.809999465942383,29.809999465942383,29.75,29.75,2808.0
2026-07-30T15:15:00-04:00,29.709999084472656,29.774999618530273,29.700000762939453,29.774999618530273,3159.0
2026-07-30T15:20:00-04:00,29.774999618530273,29.780000686645508,29.770000457763672,29.770000457763672,1404.0
2026-07-30T15:25:00-04:00,29.770000457763672,29.780000686645508,29.764999389648438,29.770000457763672,3148.0
2026-07-30T15:30:00-04:00,29.735000610351562,29.81999969482422,29.735000610351562,29.81999969482422,7289.0
2026-07-30T15:35:00-04:00,29.809999465942383,29.844999313354492,29.770000457763672,29.770000457763672,8163.0
2026-07-30T15:40:00-04:00,29.780000686645508,29.829999923706055,29.760000228881836,29.829999923706055,5361.0
2026-07-30T15:45:00-04:00,29.825000762939453,29.889999389648438,29.825000762939453,29.860000610351562,9311.0
2026-07-30T15:50:00-04:00,29.84000015258789,29.8799991607666,29.780000686645508,29.799999237060547,12474.0
2026-07-30T15:55:00-04:00,29.787500381469727,29.850000381469727,29.700000762939453,29.809999465942383,68436.0
2026-07-31T09:30:00-04:00,29.920000076293945,30.008499145507812,29.920000076293945,30.008499145507812,3816.0
2026-07-31T09:35:00-04:00,29.6299991607666,29.6299991607666,29.31999969482422,29.424999237060547,1886.0
2026-07-31T09:40:00-04:00,29.389999389648438,29.459999084472656,29.26799964904785,29.407499313354492,1609.0
2026-07-31T09:45:00-04:00,29.489999771118164,29.489999771118164,29.079999923706055,29.122499465942383,3463.0
2026-07-31T09:50:00-04:00,29.229999542236328,29.46500015258789,29.229999542236328,29.325000762939453,8193.0
2026-07-31T09:55:00-04:00,29.31999969482422,29.459999084472656,29.31999969482422,29.389999389648438,1223.0
2026-07-31T10:00:00-04:00,29.234600067138672,29.43000030517578,29.234600067138672,29.3799991607666,3529.0
2026-07-31T10:05:00-04:00,29.229999542236328,29.229999542236328,29.020099639892578,29.110000610351562,2023.0
2026-07-31T10:10:00-04:00,29.109899520874023,29.109899520874023,28.940099716186523,29.020000457763672,919.0
2026-07-31T10:15:00-04:00,29.059999465942383,29.110000610351562,28.950000762939453,29.0,7593.0
2026-07-31T10:20:00-04:00,29.100000381469727,29.1200008392334,29.040000915527344,29.045000076293945,3696.0
2026-07-31T10:25:00-04:00,29.079999923706055,29.260000228881836,29.079999923706055,29.260000228881836,1574.0
2026-07-31T10:30:00-04:00,29.309999465942383,29.309999465942383,29.209999084472656,29.295000076293945,1830.0
2026-07-31T10:35:00-04:00,29.399999618530273,29.399999618530273,29.399999618530273,29.399999618530273,281.0
2026-07-31T10:40:00-04:00,29.280000686645508,29.280000686645508,29.280000686645508,29.280000686645508,1190.0
2026-07-31T10:45:00-04:00,29.25,29.25,29.25,29.25,709.0
2026-07-31T10:50:00-04:00,29.31999969482422,29.31999969482422,29.31999969482422,29.31999969482422,1089.0
2026-07-31T10:55:00-04:00,29.405000686645508,29.559999465942383,29.405000686645508,29.559999465942383,3157.0
2026-07-31T11:00:00-04:00,29.56999969482422,29.579999923706055,29.520000457763672,29.579999923706055,2180.0
2026-07-31T11:05:00-04:00,29.65999984741211,29.65999984741211,29.579999923706055,29.610000610351562,2468.0
2026-07-31T11:10:00-04:00,29.520000457763672,29.530000686645508,29.479999542236328,29.530000686645508,1442.0
2026-07-31T11:15:00-04:00,29.559999465942383,29.584999084472656,29.450000762939453,29.469999313354492,2563.0
2026-07-31T11:20:00-04:00,29.420000076293945,29.420000076293945,29.420000076293945,29.420000076293945,1112.0
2026-07-31T11:25:00-04:00,29.3700008392334,29.3700008392334,29.350000381469727,29.350000381469727,759.0
2026-07-31T11:30:00-04:00,29.3700008392334,29.375,29.309999465942383,29.375,2308.0
2026-07-31T11:35:00-04:00,29.40999984741211,29.46500015258789,29.40999984741211,29.46500015258789,1390.0
2026-07-31T11:40:00-04:00,29.440000534057617,29.440000534057617,29.389999389648438,29.4143009185791,2337.0
2026-07-31T11:45:00-04:00,29.399999618530273,29.43000030517578,29.395000457763672,29.43000030517578,661.0
2026-07-31T11:50:00-04:00,29.405000686645508,29.489999771118164,29.405000686645508,29.479999542236328,2243.0
2026-07-31T11:55:00-04:00,29.540000915527344,29.540000915527344,29.520000457763672,29.520000457763672,1250.0
2026-07-31T12:00:00-04:00,29.549999237060547,29.559999465942383,29.520000457763672,29.520000457763672,2658.0
2026-07-31T12:05:00-04:00,29.489999771118164,29.489999771118164,29.44499969482422,29.489999771118164,2328.0
2026-07-31T12:10:00-04:00,29.4950008392334,29.4950008392334,29.459999084472656,29.459999084472656,1720.0
2026-07-31T12:15:00-04:00,29.459999084472656,29.479999542236328,29.440000534057617,29.459999084472656,1570.0
2026-07-31T12:20:00-04:00,29.479999542236328,29.520000457763672,29.479999542236328,29.520000457763672,1297.0
2026-07-31T12:25:00-04:00,29.5,29.510000228881836,29.5,29.5,1189.0
2026-07-31T12:30:00-04:00,29.540000915527344,29.55500030517578,29.540000915527344,29.55500030517578,916.0
2026-07-31T12:35:00-04:00,29.584999084472656,29.584999084472656,29.584999084472656,29.584999084472656,352.0
2026-07-31T12:40:00-04:00,29.56999969482422,29.56999969482422,29.479999542236328,29.479999542236328,2144.0
2026-07-31T12:45:00-04:00,29.5,29.5,29.5,29.5,568.0
2026-07-31T12:50:00-04:00,29.5,29.53499984741211,29.4950008392334,29.53499984741211,2607.0
2026-07-31T12:55:00-04:00,29.530000686645508,29.549999237060547,29.530000686645508,29.549999237060547,1866.0
2026-07-31T13:00:00-04:00,29.565000534057617,29.565000534057617,29.565000534057617,29.565000534057617,387.0
2026-07-31T13:05:00-04:00,29.575000762939453,29.575000762939453,29.540000915527344,29.540000915527344,1239.0
2026-07-31T13:10:00-04:00,29.55500030517578,29.59000015258789,29.55500030517578,29.59000015258789,1497.0
2026-07-31T13:15:00-04:00,29.600000381469727,29.600000381469727,29.56999969482422,29.59000015258789,1712.0
2026-07-31T13:20:00-04:00,29.625,29.625,29.625,29.625,386.0
2026-07-31T13:25:00-04:00,29.639999389648438,29.684999465942383,29.639999389648438,29.684999465942383,1524.0
2026-07-31T13:30:00-04:00,29.690000534057617,29.709999084472656,29.690000534057617,29.709999084472656,866.0
2026-07-31T13:35:00-04:00,29.68000030517578,29.700000762939453,29.65999984741211,29.690000534057617,3054.0
2026-07-31T13:40:00-04:00,29.709999084472656,29.725000381469727,29.709999084472656,29.725000381469727,983.0
2026-07-31T13:45:00-04:00,29.75,29.75,29.68000030517578,29.68000030517578,1411.0
2026-07-31T13:50:00-04:00,29.68000030517578,29.739999771118164,29.68000030517578,29.725000381469727,2247.0
2026-07-31T13:55:00-04:00,29.75,29.75,29.75,29.75,331.0
2026-07-31T14:00:00-04:00,29.739999771118164,29.739999771118164,29.69499969482422,29.69499969482422,1522.0
2026-07-31T14:05:00-04:00,29.68000030517578,29.700000762939453,29.68000030517578,29.690000534057617,1352.0
2026-07-31T14:10:00-04:00,29.690000534057617,29.690000534057617,29.639999389648438,29.639999389648438,1294.0
2026-07-31T14:15:00-04:00,29.639999389648438,29.735000610351562,29.639999389648438,29.735000610351562,4335.0
2026-07-31T14:20:00-04:00,29.700000762939453,29.700000762939453,29.6299991607666,29.639999389648438,3714.0
2026-07-31T14:25:00-04:00,29.670000076293945,29.68000030517578,29.670000076293945,29.68000030517578,1072.0
2026-07-31T14:30:00-04:00,29.65999984741211,29.68000030517578,29.620100021362305,29.620100021362305,2339.0
2026-07-31T14:35:00-04:00,29.665000915527344,29.729999542236328,29.665000915527344,29.71500015258789,2950.0
2026-07-31T14:40:00-04:00,29.71500015258789,29.739999771118164,29.700000762939453,29.700000762939453,1116.0
2026-07-31T14:45:00-04:00,29.71500015258789,29.71500015258789,29.674999237060547,29.690000534057617,2455.0
2026-07-31T14:50:00-04:00,29.690000534057617,29.690000534057617,29.68000030517578,29.68000030517578,580.0
2026-07-31T14:55:00-04:00,29.690000534057617,29.690000534057617,29.670000076293945,29.670000076293945,2649.0
2026-07-31T15:00:00-04:00,29.65999984741211,29.684999465942383,29.6200008392334,29.6299991607666,5364.0
2026-07-31T15:05:00-04:00,29.6299991607666,29.670000076293945,29.6299991607666,29.670000076293945,3100.0
2026-07-31T15:10:00-04:00,29.700000762939453,29.700000762939453,29.68000030517578,29.68000030517578,2685.0
2026-07-31T15:15:00-04:00,29.684999465942383,29.71500015258789,29.65999984741211,29.670000076293945,7006.0
2026-07-31T15:20:00-04:00,29.6299991607666,29.65999984741211,29.6299991607666,29.65999984741211,3066.0
2026-07-31T15:25:00-04:00,29.639999389648438,29.68000030517578,29.639999389648438,29.68000030517578,4225.0
2026-07-31T15:30:00-04:00,29.649999618530273,29.649999618530273,29.530000686645508,29.530000686645508,4481.0
2026-07-31T15:35:00-04:00,29.514999389648438,29.549999237060547,29.46500015258789,29.46500015258789,5806.0
2026-07-31T15:40:00-04:00,29.46500015258789,29.530000686645508,29.46500015258789,29.530000686645508,5921.0
2026-07-31T15:45:00-04:00,29.540000915527344,29.59000015258789,29.5049991607666,29.540000915527344,5511.0
2026-07-31T15:50:00-04:00,29.5,29.530000686645508,29.459999084472656,29.489999771118164,11527.0
2026-07-31T15:55:00-04:00,29.469999313354492,29.469999313354492,29.31999969482422,29.31999969482422,39131.0
2026-08-03T09:30:00-04:00,29.270000457763672,29.270000457763672,29.15999984741211,29.15999984741211,7398.0
2026-08-03T09:35:00-04:00,29.155000686645508,29.20199966430664,29.036100387573242,29.20199966430664,978.0
2026-08-03T09:40:00-04:00,29.0,29.020000457763672,28.969999313354492,28.969999313354492,1050.0
2026-08-03T09:45:00-04:00,29.0,29.049999237060547,28.969999313354492,28.969999313354492,1640.0
2026-08-03T09:50:00-04:00,28.915000915527344,28.924999237060547,28.915000915527344,28.924999237060547,682.0
2026-08-03T09:55:00-04:00,28.94499969482422,29.18000030517578,28.920000076293945,28.920000076293945,966.0
2026-08-03T10:00:00-04:00,28.959999084472656,29.052000045776367,28.959999084472656,29.04199981689453,2006.0
2026-08-03T10:05:00-04:00,29.045000076293945,29.045000076293945,28.885000228881836,28.959999084472656,5805.0
2026-08-03T10:10:00-04:00,28.825000762939453,29.040000915527344,28.825000762939453,29.040000915527344,3418.0
2026-08-03T10:15:00-04:00,29.040000915527344,29.059999465942383,28.90999984741211,29.059999465942383,2081.0
2026-08-03T10:20:00-04:00,29.064599990844727,29.064599990844727,28.950000762939453,28.979799270629883,2730.0
2026-08-03T10:25:00-04:00,28.959999084472656,29.0,28.920000076293945,28.940000534057617,3464.0
2026-08-03T10:30:00-04:00,28.920000076293945,28.920000076293945,28.809999465942383,28.829999923706055,2472.0
2026-08-03T10:35:00-04:00,28.899999618530273,28.899999618530273,28.899999618530273,28.899999618530273,422.0
2026-08-03T10:40:00-04:00,28.790000915527344,28.790000915527344,28.790000915527344,28.790000915527344,1073.0
2026-08-03T10:45:00-04:00,28.780000686645508,28.889999389648438,28.780000686645508,28.8799991607666,4530.0
2026-08-03T10:50:00-04:00,28.899999618530273,28.959999084472656,28.899999618530273,28.920000076293945,2979.0
2026-08-03T10:55:00-04:00,29.059999465942383,29.059999465942383,29.045000076293945,29.045000076293945,821.0
2026-08-03T11:00:00-04:00,29.020000457763672,29.020000457763672,28.959999084472656,28.959999084472656,1158.0
2026-08-03T11:05:00-04:00,28.959999084472656,28.959999084472656,28.8700008392334,28.8700008392334,4848.0
2026-08-03T11:10:00-04:00,28.84000015258789,28.84000015258789,28.75,28.75,1945.0
2026-08-03T11:15:00-04:00,28.770000457763672,28.875,28.770000457763672,28.81999969482422,4296.0
2026-08-03T11:20:00-04:00,28.779399871826172,28.78499984741211,28.770000457763672,28.770000457763672,1535.0
2026-08-03T11:25:00-04:00,28.75,28.75,28.579999923706055,28.579999923706055,1932.0
2026-08-03T11:30:00-04:00,28.6200008392334,28.690000534057617,28.5,28.690000534057617,6428.0
2026-08-03T11:35:00-04:00,28.709999084472656,28.71500015258789,28.649999618530273,28.649999618530273,2739.0
2026-08-03T11:40:00-04:00,28.719999313354492,28.75,28.709999084472656,28.739999771118164,2940.0
2026-08-03T11:45:00-04:00,28.780000686645508,28.780000686645508,28.770000457763672,28.770000457763672,1243.0
2026-08-03T11:50:00-04:00,28.790000915527344,28.815000534057617,28.770000457763672,28.809999465942383,3732.0
2026-08-03T11:55:00-04:00,28.799999237060547,28.799999237060547,28.690000534057617,28.690000534057617,2213.0
2026-08-03T12:00:00-04:00,28.709999084472656,28.709999084472656,28.665000915527344,28.690000534057617,2179.0
2026-08-03T12:05:00-04:00,28.649999618530273,28.649999618530273,28.59000015258789,28.6200008392334,1332.0
2026-08-03T12:10:00-04:00,28.600000381469727,28.600000381469727,28.594999313354492,28.594999313354492,959.0
2026-08-03T12:15:00-04:00,28.584199905395508,28.649999618530273,28.584199905395508,28.649999618530273,3201.0
2026-08-03T12:20:00-04:00,28.670000076293945,28.735000610351562,28.670000076293945,28.700000762939453,1998.0
2026-08-03T12:25:00-04:00,28.719999313354492,28.809999465942383,28.719999313354492,28.75,2848.0
2026-08-03T12:30:00-04:00,28.719999313354492,28.770000457763672,28.719999313354492,28.770000457763672,2073.0
2026-08-03T12:35:00-04:00,28.719999313354492,28.719999313354492,28.65999984741211,28.65999984741211,1270.0
2026-08-03T12:40:00-04:00,28.690000534057617,28.770000457763672,28.690000534057617,28.760000228881836,5196.0
2026-08-03T12:45:00-04:00,28.75,28.75,28.645000457763672,28.645000457763672,3335.0
2026-08-03T12:50:00-04:00,28.639999389648438,28.65999984741211,28.6200008392334,28.639999389648438,2866.0
2026-08-03T12:55:00-04:00,28.6299991607666,28.639999389648438,28.6200008392334,28.6200008392334,1090.0
2026-08-03T13:00:00-04:00,28.649999618530273,28.649999618530273,28.56999969482422,28.600000381469727,2417.0
2026-08-03T13:05:00-04:00,28.600000381469727,28.656200408935547,28.600000381469727,28.639999389648438,4679.0
2026-08-03T13:10:00-04:00,28.6200008392334,28.6299991607666,28.610000610351562,28.6299991607666,1329.0
2026-08-03T13:15:00-04:00,28.639999389648438,28.649999618530273,28.6299991607666,28.635000228881836,2474.0
2026-08-03T13:20:00-04:00,28.639999389648438,28.65999984741211,28.639999389648438,28.65999984741211,1022.0
2026-08-03T13:25:00-04:00,28.6343994140625,28.639999389648438,28.6343994140625,28.639999389648438,456.0
2026-08-03T13:30:00-04:00,28.65999984741211,28.68000030517578,28.635000228881836,28.649999618530273,3124.0
2026-08-03T13:35:00-04:00,28.649999618530273,28.649999618530273,28.649999618530273,28.649999618530273,841.0
2026-08-03T13:40:00-04:00,28.65999984741211,28.65999984741211,28.604999542236328,28.604999542236328,3280.0
2026-08-03T13:45:00-04:00,28.59000015258789,28.600000381469727,28.579999923706055,28.579999923706055,1737.0
2026-08-03T13:50:00-04:00,28.579999923706055,28.579999923706055,28.549999237060547,28.559999465942383,1222.0
2026-08-03T13:55:00-04:00,28.56999969482422,28.56999969482422,28.3700008392334,28.420000076293945,3456.0
2026-08-03T14:00:00-04:00,28.459999084472656,28.649999618530273,28.299999237060547,28.6299991607666,13153.0
2026-08-03T14:05:00-04:00,28.65999984741211,28.670000076293945,28.600000381469727,28.604999542236328,3874.0
2026-08-03T14:10:00-04:00,28.579999923706055,28.6481990814209,28.440000534057617,28.55500030517578,5382.0
2026-08-03T14:15:00-04:00,28.549999237060547,28.549999237060547,28.549999237060547,28.549999237060547,846.0
2026-08-03T14:20:00-04:00,28.545000076293945,28.600000381469727,28.545000076293945,28.575000762939453,2555.0
2026-08-03T14:25:00-04:00,28.540000915527344,28.549999237060547,28.489999771118164,28.50779914855957,2512.0
2026-08-03T14:30:00-04:00,28.514999389648438,28.56999969482422,28.514999389648438,28.56999969482422,3359.0
2026-08-03T14:35:00-04:00,28.530000686645508,28.565000534057617,28.489999771118164,28.53499984741211,15607.0
2026-08-03T14:40:00-04:00,28.549999237060547,28.56999969482422,28.540000915527344,28.540000915527344,1640.0
2026-08-03T14:45:00-04:00,28.549999237060547,28.549999237060547,28.520000457763672,28.520000457763672,713.0
2026-08-03T14:50:00-04:00,28.520000457763672,28.540000915527344,28.489999771118164,28.530000686645508,4275.0
2026-08-03T14:55:00-04:00,28.5,28.5049991607666,28.489999771118164,28.489999771118164,2860.0
2026-08-03T15:00:00-04:00,28.520000457763672,28.549999237060547,28.489999771118164,28.520000457763672,9127.0
2026-08-03T15:05:00-04:00,28.530000686645508,28.530000686645508,28.510000228881836,28.510000228881836,1198.0
2026-08-03T15:10:00-04:00,28.540000915527344,28.579999923706055,28.489999771118164,28.514999389648438,4791.0
2026-08-03T15:15:00-04:00,28.514999389648438,28.530000686645508,28.489999771118164,28.489999771118164,2489.0
2026-08-03T15:20:00-04:00,28.510000228881836,28.549999237060547,28.5,28.549999237060547,5207.0
2026-08-03T15:25:00-04:00,28.549999237060547,28.579999923706055,28.545000076293945,28.55500030517578,6330.0
2026-08-03T15:30:00-04:00,28.540000915527344,28.579999923706055,28.520000457763672,28.530000686645508,7292.0
2026-08-03T15:35:00-04:00,28.524999618530273,28.56999969482422,28.510000228881836,28.56999969482422,5987.0
2026-08-03T15:40:00-04:00,28.510000228881836,28.68000030517578,28.489999771118164,28.670000076293945,30106.0
2026-08-03T15:45:00-04:00,28.68000030517578,28.719999313354492,28.65999984741211,28.65999984741211,6009.0
2026-08-03T15:50:00-04:00,28.68000030517578,28.690000534057617,28.655000686645508,28.670000076293945,10935.0
2026-08-03T15:55:00-04:00,28.68000030517578,28.81999969482422,28.649999618530273,28.739999771118164,38276.0
2026-08-04T09:30:00-04:00,29.299999237060547,29.485000610351562,29.048099517822266,29.399999618530273,5783.0
2026-08-04T09:35:00-04:00,29.28499984741211,29.43000030517578,29.28499984741211,29.43000030517578,429.0
2026-08-04T09:40:00-04:00,29.375,29.638599395751953,29.375,29.638599395751953,470.0
2026-08-04T09:45:00-04:00,29.375,29.375,29.31999969482422,29.31999969482422,637.0
2026-08-04T09:50:00-04:00,29.15999984741211,29.15999984741211,29.15999984741211,29.15999984741211,520.0
2026-08-04T09:55:00-04:00,29.1299991607666,29.1299991607666,29.1200008392334,29.1200008392334,1207.0
2026-08-04T10:00:00-04:00,29.014999389648438,29.209999084472656,29.014999389648438,29.15999984741211,4237.0
2026-08-04T10:05:00-04:00,29.19499969482422,29.34000015258789,29.19499969482422,29.219999313354492,4957.0
2026-08-04T10:10:00-04:00,29.260000228881836,29.389999389648438,29.25,29.329999923706055,6411.0
2026-08-04T10:15:00-04:00,29.360000610351562,29.420000076293945,29.316299438476562,29.389999389648438,7601.0
2026-08-04T10:20:00-04:00,29.40999984741211,29.43000030517578,29.219999313354492,29.264999389648438,5803.0
2026-08-04T10:25:00-04:00,29.270000457763672,29.34000015258789,29.270000457763672,29.290000915527344,4900.0
2026-08-04T10:30:00-04:00,29.299999237060547,29.3700008392334,29.258499145507812,29.3700008392334,6313.0
2026-08-04T10:35:00-04:00,29.31999969482422,29.40999984741211,29.30500030517578,29.405000686645508,2625.0
2026-08-04T10:40:00-04:00,29.43000030517578,29.53499984741211,29.43000030517578,29.481800079345703,2611.0
2026-08-04T10:45:00-04:00,29.489999771118164,29.489999771118164,29.459999084472656,29.469999313354492,2526.0
2026-08-04T10:50:00-04:00,29.510000228881836,29.649999618530273,29.510000228881836,29.649999618530273,4365.0
2026-08-04T10:55:00-04:00,29.68000030517578,29.799999237060547,29.68000030517578,29.75,3893.0
2026-08-04T11:00:00-04:00,29.739999771118164,29.81999969482422,29.739999771118164,29.780000686645508,2733.0
2026-08-04T11:05:00-04:00,29.774999618530273,29.815000534057617,29.75,29.75,5174.0
2026-08-04T11:10:00-04:00,29.760000228881836,29.760000228881836,29.75,29.75,437.0
2026-08-04T11:15:00-04:00,29.75,29.75,29.665000915527344,29.665000915527344,3499.0
2026-08-04T11:20:00-04:00,29.6299991607666,29.6299991607666,29.614999771118164,29.625,2062.0
2026-08-04T11:25:00-04:00,29.625,29.649999618530273,29.604999542236328,29.639999389648438,2501.0
2026-08-04T11:30:00-04:00,29.65999984741211,29.68000030517578,29.649999618530273,29.68000030517578,2810.0
2026-08-04T11:35:00-04:00,29.690000534057617,29.80500030517578,29.68079948425293,29.80500030517578,3297.0
2026-08-04T11:40:00-04:00,29.780000686645508,29.8700008392334,29.780000686645508,29.8700008392334,1920.0
2026-08-04T11:45:00-04:00,29.8799991607666,29.889999389648438,29.850000381469727,29.850000381469727,2903.0
2026-08-04T11:50:00-04:00,29.860000610351562,29.899999618530273,29.860000610351562,29.8700008392334,10056.0
2026-08-04T11:55:00-04:00,29.8799991607666,29.8799991607666,29.850000381469727,29.850000381469727,2507.0
2026-08-04T12:00:00-04:00,29.850000381469727,29.8799991607666,29.850000381469727,29.8799991607666,1964.0
2026-08-04T12:05:00-04:00,29.899999618530273,29.989999771118164,29.86009979248047,29.920000076293945,6708.0
2026-08-04T12:10:00-04:00,29.899999618530273,29.905000686645508,29.860000610351562,29.860000610351562,2611.0
2026-08-04T12:15:00-04:00,29.850000381469727,30.100000381469727,29.850000381469727,30.06999969482422,12599.0
2026-08-04T12:20:00-04:00,30.059999465942383,30.149999618530273,30.059999465942383,30.149999618530273,1490.0
2026-08-04T12:25:00-04:00,30.149999618530273,30.170000076293945,30.110000610351562,30.1200008392334,3905.0
2026-08-04T12:30:00-04:00,30.1299991607666,30.149999618530273,30.125,30.125,1890.0
2026-08-04T12:35:00-04:00,30.18000030517578,30.200000762939453,30.170000076293945,30.170000076293945,3046.0
2026-08-04T12:40:00-04:00,30.174999237060547,30.174999237060547,30.149999618530273,30.149999618530273,532.0
2026-08-04T12:45:00-04:00,30.170000076293945,30.190000534057617,30.1299991607666,30.155000686645508,5839.0
2026-08-04T12:50:00-04:00,30.170000076293945,30.174999237060547,30.149999618530273,30.149999618530273,3623.0
2026-08-04T12:55:00-04:00,30.149999618530273,30.149999618530273,30.1299991607666,30.139999389648438,2346.0
2026-08-04T13:00:00-04:00,30.149999618530273,30.27989959716797,30.149999618530273,30.25,4253.0
2026-08-04T13:10:00-04:00,30.25,30.25,30.25,30.25,172.0
2026-08-04T13:15:00-04:00,30.2549991607666,30.350000381469727,30.235000610351562,30.309999465942383,7873.0
2026-08-04T13:20:00-04:00,30.350000381469727,30.395000457763672,30.329999923706055,30.395000457763672,2132.0
2026-08-04T13:25:00-04:00,30.3700008392334,30.399999618530273,30.290000915527344,30.290000915527344,11421.0
2026-08-04T13:30:00-04:00,30.280000686645508,30.280000686645508,30.2549991607666,30.2549991607666,2640.0
2026-08-04T13:35:00-04:00,30.260000228881836,30.290000915527344,30.239999771118164,30.25,4075.0
2026-08-04T13:40:00-04:00,30.239999771118164,30.25,30.209999084472656,30.209999084472656,2266.0
2026-08-04T13:45:00-04:00,30.219999313354492,30.25,30.190000534057617,30.190000534057617,3851.0
2026-08-04T13:50:00-04:00,30.139999389648438,30.139999389648438,30.09000015258789,30.1299991607666,3217.0
2026-08-04T13:55:00-04:00,30.149999618530273,30.200000762939453,30.139999389648438,30.15999984741211,3610.0
2026-08-04T14:00:00-04:00,30.170000076293945,30.170000076293945,30.040000915527344,30.049999237060547,4887.0
2026-08-04T14:05:00-04:00,30.059999465942383,30.15999984741211,30.040000915527344,30.15999984741211,8341.0
2026-08-04T14:10:00-04:00,30.110000610351562,30.110000610351562,30.104999542236328,30.104999542236328,2639.0
2026-08-04T14:15:00-04:00,30.1200008392334,30.1299991607666,30.1200008392334,30.125,1484.0
2026-08-04T14:20:00-04:00,30.104999542236328,30.1299991607666,30.104999542236328,30.125,2838.0
2026-08-04T14:25:00-04:00,30.125,30.174999237060547,30.125,30.170000076293945,4526.0
2026-08-04T14:30:00-04:00,30.170000076293945,30.184999465942383,30.170000076293945,30.184999465942383,1491.0
2026-08-04T14:35:00-04:00,30.184999465942383,30.200000762939453,30.184999465942383,30.200000762939453,4707.0
2026-08-04T14:40:00-04:00,30.184999465942383,30.200000762939453,30.1200008392334,30.145000457763672,8666.0
2026-08-04T14:45:00-04:00,30.139999389648438,30.170000076293945,30.139999389648438,30.149999618530273,3977.0
2026-08-04T14:50:00-04:00,30.165000915527344,30.170000076293945,30.1299991607666,30.1299991607666,7003.0
2026-08-04T14:55:00-04:00,30.139999389648438,30.139999389648438,30.139999389648438,30.139999389648438,920.0
2026-08-04T15:00:00-04:00,30.15999984741211,30.190000534057617,30.065000534057617,30.104999542236328,25411.0
2026-08-04T15:05:00-04:00,30.104999542236328,30.235000610351562,30.079999923706055,30.235000610351562,9833.0
2026-08-04T15:10:00-04:00,30.200000762939453,30.200000762939453,30.19499969482422,30.19499969482422,1227.0
2026-08-04T15:15:00-04:00,30.19499969482422,30.25,30.170000076293945,30.25,4617.0
2026-08-04T15:20:00-04:00,30.25,30.25,30.139999389648438,30.155000686645508,5791.0
2026-08-04T15:25:00-04:00,30.139999389648438,30.139999389648438,30.1200008392334,30.1200008392334,3354.0
2026-08-04T15:30:00-04:00,30.125,30.125,30.100000381469727,30.100000381469727,3347.0
2026-08-04T15:35:00-04:00,30.100000381469727,30.135000228881836,30.049999237060547,30.135000228881836,15332.0
2026-08-04T15:40:00-04:00,30.149999618530273,30.190000534057617,30.040000915527344,30.040000915527344,18266.0
2026-08-04T15:45:00-04:00,30.020000457763672,30.100000381469727,29.950000762939453,30.100000381469727,25048.0
2026-08-04T15:50:00-04:00,30.030000686645508,30.059999465942383,29.915000915527344,29.915000915527344,12937.0
2026-08-04T15:55:00-04:00,29.899999618530273,29.899999618530273,29.825000762939453,29.834999084472656,41116.0
2026-08-05T09:30:00-04:00,30.260000228881836,30.260000228881836,30.045000076293945,30.047500610351562,6039.0
2026-08-05T09:45:00-04:00,30.075000762939453,30.309999465942383,30.075000762939453,30.309999465942383,1194.0
2026-08-05T09:50:00-04:00,30.270000457763672,30.295000076293945,30.270000457763672,30.295000076293945,719.0
2026-08-05T09:55:00-04:00,30.270000457763672,30.270000457763672,30.209999084472656,30.264999389648438,2774.0
2026-08-05T10:00:00-04:00,30.18000030517578,30.18000030517578,30.170000076293945,30.170000076293945,1799.0
2026-08-05T10:05:00-04:00,30.264999389648438,30.264999389648438,30.264999389648438,30.264999389648438,703.0
2026-08-05T10:10:00-04:00,30.30500030517578,30.3799991607666,30.30500030517578,30.334999084472656,1828.0
2026-08-05T10:15:00-04:00,30.350000381469727,30.389999389648438,30.25,30.3799991607666,7758.0
2026-08-05T10:20:00-04:00,30.350000381469727,30.4950008392334,30.299999237060547,30.46500015258789,8881.0
2026-08-05T10:25:00-04:00,30.46500015258789,30.549999237060547,30.260000228881836,30.349899291992188,17167.0
2026-08-05T10:30:00-04:00,30.2549991607666,30.2549991607666,30.049999237060547,30.049999237060547,2174.0
2026-08-05T10:35:00-04:00,30.040000915527344,30.040000915527344,29.799999237060547,29.854999542236328,3022.0
2026-08-05T10:40:00-04:00,29.84000015258789,29.84000015258789,29.7549991607666,29.790000915527344,3552.0
2026-08-05T10:45:00-04:00,29.770000457763672,29.770000457763672,29.764999389648438,29.770000457763672,3407.0
2026-08-05T10:50:00-04:00,29.739999771118164,29.739999771118164,29.59000015258789,29.600000381469727,7024.0
2026-08-05T10:55:00-04:00,29.6299991607666,29.68000030517578,29.600000381469727,29.600000381469727,1699.0
2026-08-05T11:00:00-04:00,29.580900192260742,29.71500015258789,29.580900192260742,29.71500015258789,3194.0
2026-08-05T11:05:00-04:00,29.690000534057617,29.690000534057617,29.649999618530273,29.690000534057617,2492.0
2026-08-05T11:10:00-04:00,29.739999771118164,29.739999771118164,29.583999633789062,29.583999633789062,2030.0
2026-08-05T11:15:00-04:00,29.600000381469727,29.600000381469727,29.530000686645508,29.540000915527344,4056.0
2026-08-05T11:20:00-04:00,29.65999984741211,29.670000076293945,29.6471004486084,29.665000915527344,2272.0
2026-08-05T11:25:00-04:00,29.670000076293945,29.670000076293945,29.6200008392334,29.622499465942383,7171.0
2026-08-05T11:30:00-04:00,29.670000076293945,29.670000076293945,29.579999923706055,29.584999084472656,4591.0
2026-08-05T11:35:00-04:00,29.579999923706055,29.579999923706055,29.514999389648438,29.514999389648438,2130.0
2026-08-05T11:40:00-04:00,29.510000228881836,29.510000228881836,29.479999542236328,29.485000610351562,1942.0
2026-08-05T11:45:00-04:00,29.489999771118164,29.489999771118164,29.424999237060547,29.44499969482422,3862.0
2026-08-05T11:50:00-04:00,29.420000076293945,29.420000076293945,29.389999389648438,29.389999389648438,2446.0
2026-08-05T11:55:00-04:00,29.360000610351562,29.360000610351562,29.219999313354492,29.219999313354492,4021.0
2026-08-05T12:00:00-04:00,29.19499969482422,29.309999465942383,29.19499969482422,29.309999465942383,4539.0
2026-08-05T12:05:00-04:00,29.309999465942383,29.469999313354492,29.309999465942383,29.469999313354492,3904.0
2026-08-05T12:10:00-04:00,29.530000686645508,29.739999771118164,29.479999542236328,29.68000030517578,7640.0
2026-08-05T12:15:00-04:00,29.729999542236328,29.760000228881836,29.674999237060547,29.760000228881836,2087.0
2026-08-05T12:20:00-04:00,29.75,29.799999237060547,29.75,29.75,22276.0
2026-08-05T12:25:00-04:00,29.729999542236328,29.7549991607666,29.719999313354492,29.7450008392334,3209.0
2026-08-05T12:30:00-04:00,29.75,29.75,29.6299991607666,29.6299991607666,2458.0
2026-08-05T12:35:00-04:00,29.6200008392334,29.649999618530273,29.6200008392334,29.649999618530273,1437.0
2026-08-05T12:40:00-04:00,29.635000228881836,29.635000228881836,29.610000610351562,29.610000610351562,897.0
2026-08-05T12:45:00-04:00,29.600000381469727,29.65999984741211,29.575000762939453,29.65999984741211,5133.0
2026-08-05T12:50:00-04:00,29.709999084472656,29.709999084472656,29.700000762939453,29.700000762939453,1310.0
2026-08-05T12:55:00-04:00,29.69499969482422,29.709999084472656,29.65999984741211,29.700000762939453,3002.0
2026-08-05T13:00:00-04:00,29.690000534057617,29.690000534057617,29.649999618530273,29.649999618530273,1623.0
2026-08-05T13:05:00-04:00,29.645000457763672,29.670000076293945,29.645000457763672,29.65999984741211,2211.0
2026-08-05T13:10:00-04:00,29.610000610351562,29.6299991607666,29.610000610351562,29.6299991607666,918.0
2026-08-05T13:15:00-04:00,29.625,29.6299991607666,29.610700607299805,29.610700607299805,1098.0
2026-08-05T13:20:00-04:00,29.645000457763672,29.645000457763672,29.645000457763672,29.645000457763672,1058.0
2026-08-05T13:25:00-04:00,29.670000076293945,29.690000534057617,29.670000076293945,29.690000534057617,1613.0
2026-08-05T13:30:00-04:00,29.700000762939453,29.889999389648438,29.700000762939453,29.75,9116.0
2026-08-05T13:35:00-04:00,29.75,29.829999923706055,29.75,29.829999923706055,2180.0
2026-08-05T13:40:00-04:00,29.84000015258789,29.860000610351562,29.84000015258789,29.860000610351562,1109.0
2026-08-05T13:45:00-04:00,29.829999923706055,29.8799991607666,29.81999969482422,29.8799991607666,2277.0
2026-08-05T13:50:00-04:00,29.950000762939453,29.969999313354492,29.950000762939453,29.969999313354492,1629.0
2026-08-05T13:55:00-04:00,29.940000534057617,29.940000534057617,29.90999984741211,29.934999465942383,1701.0
2026-08-05T14:00:00-04:00,29.915000915527344,29.96500015258789,29.90999984741211,29.96500015258789,2285.0
2026-08-05T14:05:00-04:00,29.96500015258789,29.96500015258789,29.96500015258789,29.96500015258789,458.0
2026-08-05T14:10:00-04:00,29.989999771118164,30.059999465942383,29.989999771118164,30.040000915527344,2931.0
2026-08-05T14:15:00-04:00,30.010000228881836,30.06999969482422,30.010000228881836,30.05500030517578,2457.0
2026-08-05T14:20:00-04:00,30.049999237060547,30.049999237060547,30.014999389648438,30.014999389648438,1675.0
2026-08-05T14:25:00-04:00,30.030000686645508,30.049999237060547,30.030000686645508,30.049999237060547,1219.0
2026-08-05T14:30:00-04:00,30.0,30.079999923706055,30.0,30.079999923706055,4031.0
2026-08-05T14:35:00-04:00,30.100000381469727,30.110000610351562,30.09000015258789,30.09000015258789,3722.0
2026-08-05T14:40:00-04:00,30.110000610351562,30.149999618530273,30.110000610351562,30.135000228881836,990.0
2026-08-05T14:45:00-04:00,30.15999984741211,30.219999313354492,30.139999389648438,30.139999389648438,4313.0
2026-08-05T14:50:00-04:00,30.1200008392334,30.139999389648438,30.079999923706055,30.139999389648438,5453.0
2026-08-05T14:55:00-04:00,30.1299991607666,30.1299991607666,30.059999465942383,30.059999465942383,1979.0
2026-08-05T15:00:00-04:00,30.03499984741211,30.100000381469727,30.030000686645508,30.030000686645508,2774.0
2026-08-05T15:05:00-04:00,30.00119972229004,30.059999465942383,30.00119972229004,30.059999465942383,3254.0
2026-08-05T15:10:00-04:00,30.049999237060547,30.075000762939453,30.0,30.010000228881836,4468.0
2026-08-05T15:15:00-04:00,30.014999389648438,30.049999237060547,30.014999389648438,30.049999237060547,2956.0
2026-08-05T15:20:00-04:00,30.040000915527344,30.059999465942383,30.020000457763672,30.020000457763672,4455.0
2026-08-05T15:25:00-04:00,30.030000686645508,30.040000915527344,30.014999389648438,30.040000915527344,3254.0
2026-08-05T15:30:00-04:00,30.010000228881836,30.014999389648438,29.8700008392334,29.885000228881836,5401.0
2026-08-05T15:35:00-04:00,29.899999618530273,29.989999771118164,29.8799991607666,29.989999771118164,8514.0
2026-08-05T15:40:00-04:00,29.969999313354492,30.030000686645508,29.895000457763672,29.895000457763672,10854.0
2026-08-05T15:45:00-04:00,29.934999465942383,29.959999084472656,29.93000030517578,29.950000762939453,4160.0
2026-08-05T15:50:00-04:00,29.954999923706055,29.979999542236328,29.834999084472656,29.834999084472656,12318.0
2026-08-05T15:55:00-04:00,29.860000610351562,30.030000686645508,29.809999465942383,29.979999542236328,50413.0
2026-08-06T09:30:00-04:00,28.25,28.25,24.270000457763672,24.270000457763672,7222.0
2026-08-06T09:35:00-04:00,24.780000686645508,24.780000686645508,23.577899932861328,24.40999984741211,164725.0
2026-08-06T09:40:00-04:00,24.315000534057617,24.329999923706055,23.086299896240234,23.604999542236328,21529.0
2026-08-06T09:45:00-04:00,23.889999389648438,24.31999969482422,23.559999465942383,23.559999465942383,29600.0
2026-08-06T09:50:00-04:00,23.789400100708008,24.63010025024414,23.789400100708008,24.389999389648438,18705.0
2026-08-06T09:55:00-04:00,24.556800842285156,24.556800842285156,23.814800262451172,24.059999465942383,20385.0
2026-08-06T10:00:00-04:00,24.200000762939453,24.739900588989258,24.1200008392334,24.550199508666992,19883.0
2026-08-06T10:05:00-04:00,24.510000228881836,25.0,24.25,24.6299991607666,24515.0
2026-08-06T10:10:00-04:00,24.65999984741211,25.434999465942383,24.649999618530273,25.3700008392334,16085.0
2026-08-06T10:15:00-04:00,25.5,25.81999969482422,25.34000015258789,25.3799991607666,25329.0
2026-08-06T10:20:00-04:00,25.34000015258789,25.905000686645508,25.18000030517578,25.334999084472656,39858.0
2026-08-06T10:25:00-04:00,25.15999984741211,25.229999542236328,25.0,25.18000030517578,8148.0
2026-08-06T10:30:00-04:00,25.229999542236328,25.260000228881836,25.0,25.110000610351562,22723.0
2026-08-06T10:35:00-04:00,25.11750030517578,25.6200008392334,25.09000015258789,25.280000686645508,33419.0
2026-08-06T10:40:00-04:00,25.270000457763672,25.489999771118164,25.020000457763672,25.489999771118164,28281.0
2026-08-06T10:45:00-04:00,25.329999923706055,25.329999923706055,25.065000534057617,25.135000228881836,12409.0
2026-08-06T10:50:00-04:00,25.190000534057617,25.229999542236328,25.0,25.059999465942383,8359.0
2026-08-06T10:55:00-04:00,25.059999465942383,25.13319969177246,24.829999923706055,25.040000915527344,53770.0
2026-08-06T11:00:00-04:00,25.084999084472656,25.084999084472656,24.56999969482422,24.62380027770996,44677.0
2026-08-06T11:05:00-04:00,24.649999618530273,24.649999618530273,24.549999237060547,24.559999465942383,11251.0
2026-08-06T11:10:00-04:00,24.559999465942383,24.600000381469727,24.3799991607666,24.452499389648438,17324.0
2026-08-06T11:15:00-04:00,24.3799991607666,24.469999313354492,24.31999969482422,24.450000762939453,12307.0
2026-08-06T11:20:00-04:00,24.450000762939453,24.770000457763672,24.389999389648438,24.770000457763672,19351.0
2026-08-06T11:25:00-04:00,24.735000610351562,24.75,24.639999389648438,24.639999389648438,11104.0
2026-08-06T11:30:00-04:00,24.670000076293945,24.75,24.639999389648438,24.639999389648438,8101.0
2026-08-06T11:35:00-04:00,24.573699951171875,24.690000534057617,24.56999969482422,24.56999969482422,7974.0
2026-08-06T11:40:00-04:00,24.530000686645508,24.549999237060547,24.475000381469727,24.52549934387207,22933.0
2026-08-06T11:45:00-04:00,24.530000686645508,24.6200008392334,24.530000686645508,24.543699264526367,8086.0
2026-08-06T11:50:00-04:00,24.565000534057617,24.649999618530273,24.334999084472656,24.444700241088867,46018.0
2026-08-06T11:55:00-04:00,24.389999389648438,24.440000534057617,24.29010009765625,24.3799991607666,24854.0
2026-08-06T12:00:00-04:00,24.3799991607666,24.440000534057617,24.360000610351562,24.424999237060547,14906.0
2026-08-06T12:05:00-04:00,24.40999984741211,24.479999542236328,24.389999389648438,24.424999237060547,13445.0
2026-08-06T12:10:00-04:00,24.424999237060547,24.424999237060547,24.25,24.25,8430.0
2026-08-06T12:15:00-04:00,24.260000228881836,24.260000228881836,24.100000381469727,24.100000381469727,5164.0
2026-08-06T12:20:00-04:00,24.1299991607666,24.2450008392334,24.030099868774414,24.030099868774414,12619.0
2026-08-06T12:25:00-04:00,24.179500579833984,24.200000762939453,24.121000289916992,24.18000030517578,7274.0
2026-08-06T12:30:00-04:00,24.209999084472656,24.329999923706055,24.209999084472656,24.280000686645508,9830.0
2026-08-06T12:35:00-04:00,24.260000228881836,24.264999389648438,24.190000534057617,24.235000610351562,11160.0
2026-08-06T12:40:00-04:00,24.235000610351562,24.479999542236328,24.219999313354492,24.360000610351562,53198.0
2026-08-06T12:45:00-04:00,24.389999389648438,24.420000076293945,24.270099639892578,24.290000915527344,7986.0
2026-08-06T12:50:00-04:00,24.290000915527344,24.6299991607666,24.290000915527344,24.6299991607666,25108.0
2026-08-06T12:55:00-04:00,24.670499801635742,24.670499801635742,24.459999084472656,24.510000228881836,9382.0
2026-08-06T13:00:00-04:00,24.55500030517578,24.579999923706055,24.5,24.549999237060547,12991.0
2026-08-06T13:05:00-04:00,24.540000915527344,24.600000381469727,24.450000762939453,24.450000762939453,12657.0
2026-08-06T13:10:00-04:00,24.489999771118164,24.799999237060547,24.405000686645508,24.764999389648438,31406.0
2026-08-06T13:15:00-04:00,24.65999984741211,24.857900619506836,24.65999984741211,24.719999313354492,10402.0
2026-08-06T13:20:00-04:00,24.78499984741211,25.270000457763672,24.719999313354492,25.166000366210938,20719.0
2026-08-06T13:25:00-04:00,25.18000030517578,25.350000381469727,24.940000534057617,25.049999237060547,11209.0
2026-08-06T13:30:00-04:00,25.0,25.18000030517578,24.9950008392334,25.1200008392334,8561.0
2026-08-06T13:35:00-04:00,25.079999923706055,25.170000076293945,25.010000228881836,25.010000228881836,9758.0
2026-08-06T13:40:00-04:00,25.05500030517578,25.05500030517578,24.979999542236328,25.0049991607666,4230.0
2026-08-06T13:45:00-04:00,25.0049991607666,25.0049991607666,24.8700008392334,24.954999923706055,13812.0
2026-08-06T13:50:00-04:00,24.924999237060547,24.924999237060547,24.799999237060547,24.809999465942383,26129.0
2026-08-06T13:55:00-04:00,24.8700008392334,25.15999984741211,24.844999313354492,25.114999771118164,16112.0
2026-08-06T14:00:00-04:00,25.149999618530273,25.15999984741211,25.104999542236328,25.139999389648438,7590.0
2026-08-06T14:05:00-04:00,25.15999984741211,25.219999313354492,25.149999618530273,25.149999618530273,1982.0
2026-08-06T14:10:00-04:00,25.174999237060547,25.219900131225586,25.01099967956543,25.01099967956543,5910.0
2026-08-06T14:15:00-04:00,25.010000228881836,25.100000381469727,24.940000534057617,25.03499984741211,13814.0
2026-08-06T14:20:00-04:00,25.010000228881836,25.010000228881836,24.84000015258789,24.84000015258789,19072.0
2026-08-06T14:25:00-04:00,24.8799991607666,25.010000228881836,24.827499389648438,24.920000076293945,9563.0
2026-08-06T14:30:00-04:00,24.950000762939453,24.950000762939453,24.90999984741211,24.90999984741211,3887.0
2026-08-06T14:35:00-04:00,24.90999984741211,25.03499984741211,24.889999389648438,25.03499984741211,13632.0
2026-08-06T14:40:00-04:00,25.014999389648438,25.014999389648438,24.940000534057617,24.969999313354492,8782.0
2026-08-06T14:45:00-04:00,24.969999313354492,25.0,24.799999237060547,24.80500030517578,43702.0
2026-08-06T14:50:00-04:00,24.81999969482422,24.899999618530273,24.739999771118164,24.739999771118164,18057.0
2026-08-06T14:55:00-04:00,24.740100860595703,25.030000686645508,24.600000381469727,24.959999084472656,29668.0
2026-08-06T15:00:00-04:00,24.9950008392334,25.200000762939453,24.950000762939453,25.110000610351562,14721.0
2026-08-06T15:05:00-04:00,25.110000610351562,25.264999389648438,25.104999542236328,25.15999984741211,10813.0
2026-08-06T15:10:00-04:00,25.15999984741211,25.270000457763672,25.079999923706055,25.09000015258789,36215.0
2026-08-06T15:15:00-04:00,25.120100021362305,25.25,25.1200008392334,25.155000686645508,13002.0
2026-08-06T15:20:00-04:00,25.18000030517578,25.424999237060547,25.18000030517578,25.290000915527344,15650.0
2026-08-06T15:25:00-04:00,25.315000534057617,25.360000610351562,25.270000457763672,25.334999084472656,11669.0
2026-08-06T15:30:00-04:00,25.34000015258789,25.516000747680664,25.309999465942383,25.344999313354492,29609.0
2026-08-06T15:35:00-04:00,25.344999313354492,25.350000381469727,25.299999237060547,25.30500030517578,23012.0
2026-08-06T15:40:00-04:00,25.299999237060547,25.450000762939453,25.045000076293945,25.1299991607666,95936.0
2026-08-06T15:45:00-04:00,25.125,25.43000030517578,25.125,25.329999923706055,42997.0
2026-08-06T15:50:00-04:00,25.3700008392334,25.600000381469727,25.31999969482422,25.565000534057617,63473.0
2026-08-06T15:55:00-04:00,25.579999923706055,25.700000762939453,25.469999313354492,25.65999984741211,110286.0
2026-08-07T09:30:00-04:00,26.0,26.88599967956543,25.990100860595703,26.709999084472656,19933.0
2026-08-07T09:35:00-04:00,26.468599319458008,27.399999618530273,26.468599319458008,27.399999618530273,7016.0
2026-08-07T09:40:00-04:00,27.260799407958984,27.260799407958984,27.14419937133789,27.14419937133789,1455.0
2026-08-07T09:45:00-04:00,27.15999984741211,27.329999923706055,27.06999969482422,27.06999969482422,11188.0
2026-08-07T09:50:00-04:00,27.072500228881836,27.152799606323242,27.0,27.152799606323242,6029.0
2026-08-07T09:55:00-04:00,27.094999313354492,27.094999313354492,26.829999923706055,26.829999923706055,3812.0
2026-08-07T10:00:00-04:00,26.903499603271484,26.9778995513916,26.575000762939453,26.6299991607666,7076.0
2026-08-07T10:05:00-04:00,26.59000015258789,26.836000442504883,26.583799362182617,26.760000228881836,4628.0
2026-08-07T10:10:00-04:00,26.7549991607666,26.799999237060547,26.44499969482422,26.559999465942383,7590.0
2026-08-07T10:15:00-04:00,26.604999542236328,26.96500015258789,26.604999542236328,26.96500015258789,5421.0
2026-08-07T10:20:00-04:00,26.979999542236328,27.040000915527344,26.979999542236328,27.040000915527344,1395.0
2026-08-07T10:25:00-04:00,27.049999237060547,27.200000762939453,27.010000228881836,27.010000228881836,5464.0
2026-08-07T10:30:00-04:00,27.024999618530273,27.350000381469727,27.024999618530273,27.350000381469727,16646.0
2026-08-07T10:35:00-04:00,27.25,27.350000381469727,27.25,27.280000686645508,3556.0
2026-08-07T10:40:00-04:00,27.334999084472656,27.382600784301758,27.229999542236328,27.329999923706055,6094.0
2026-08-07T10:45:00-04:00,27.290000915527344,27.360000610351562,27.185100555419922,27.270000457763672,12566.0
2026-08-07T10:50:00-04:00,27.229999542236328,27.290000915527344,27.059999465942383,27.139999389648438,60597.0
2026-08-07T10:55:00-04:00,27.200000762939453,27.200000762939453,27.040000915527344,27.059999465942383,9347.0
2026-08-07T11:00:00-04:00,27.06999969482422,27.1200008392334,27.049999237060547,27.110000610351562,5045.0
2026-08-07T11:05:00-04:00,27.110000610351562,27.110000610351562,26.979999542236328,27.084999084472656,6160.0
2026-08-07T11:10:00-04:00,27.084999084472656,27.084999084472656,27.010000228881836,27.020000457763672,1998.0
2026-08-07T11:15:00-04:00,27.024999618530273,27.219999313354492,27.0,27.1299991607666,19504.0
2026-08-07T11:20:00-04:00,27.170000076293945,27.239999771118164,27.09000015258789,27.1200008392334,6481.0
2026-08-07T11:25:00-04:00,27.139999389648438,27.209999084472656,27.139999389648438,27.18000030517578,3655.0
2026-08-07T11:30:00-04:00,27.149999618530273,27.149999618530273,27.09000015258789,27.1299991607666,5101.0
2026-08-07T11:35:00-04:00,27.114999771118164,27.1200008392334,27.06999969482422,27.06999969482422,3055.0
2026-08-07T11:40:00-04:00,27.100000381469727,27.145000457763672,27.06999969482422,27.123300552368164,4347.0
2026-08-07T11:45:00-04:00,27.1200008392334,27.139999389648438,27.110000610351562,27.1299991607666,5534.0
2026-08-07T11:50:00-04:00,27.139999389648438,27.15999984741211,27.059999465942383,27.059999465942383,6022.0
2026-08-07T11:55:00-04:00,27.045000076293945,27.045000076293945,26.989999771118164,26.989999771118164,4559.0
2026-08-07T12:00:00-04:00,27.0,27.18000030517578,26.969999313354492,27.174999237060547,29778.0
2026-08-07T12:05:00-04:00,27.209999084472656,27.264999389648438,27.209999084472656,27.229999542236328,2628.0
2026-08-07T12:10:00-04:00,27.200000762939453,27.389999389648438,27.190000534057617,27.270000457763672,4081.0
2026-08-07T12:15:00-04:00,27.264999389648438,27.309999465942383,27.264999389648438,27.28499984741211,2358.0
2026-08-07T12:20:00-04:00,27.260000228881836,27.639999389648438,27.25,27.614999771118164,10746.0
2026-08-07T12:25:00-04:00,27.614999771118164,27.68000030517578,27.520000457763672,27.59000015258789,4948.0
2026-08-07T12:30:00-04:00,27.635000228881836,27.81999969482422,27.56999969482422,27.625,27585.0
2026-08-07T12:35:00-04:00,27.59000015258789,27.610000610351562,27.59000015258789,27.610000610351562,1981.0
2026-08-07T12:40:00-04:00,27.610000610351562,27.760000228881836,27.59000015258789,27.7549991607666,12234.0
2026-08-07T12:45:00-04:00,27.7549991607666,27.7549991607666,27.649999618530273,27.69499969482422,2550.0
2026-08-07T12:50:00-04:00,27.709999084472656,27.709999084472656,27.579999923706055,27.584999084472656,8562.0
2026-08-07T12:55:00-04:00,27.6200008392334,27.649999618530273,27.600000381469727,27.604999542236328,3687.0
2026-08-07T13:00:00-04:00,27.614999771118164,27.649999618530273,27.614999771118164,27.649999618530273,2371.0
2026-08-07T13:05:00-04:00,27.65999984741211,27.68000030517578,27.65999984741211,27.665000915527344,3059.0
2026-08-07T13:10:00-04:00,27.639999389648438,27.655000686645508,27.4950008392334,27.56999969482422,17735.0
2026-08-07T13:15:00-04:00,27.540000915527344,27.59000015258789,27.540000915527344,27.59000015258789,4357.0
2026-08-07T13:20:00-04:00,27.579999923706055,27.579999923706055,27.45989990234375,27.45989990234375,2855.0
2026-08-07T13:25:00-04:00,27.510099411010742,27.510099411010742,27.43000030517578,27.43000030517578,2409.0
2026-08-07T13:30:00-04:00,27.410999298095703,27.434999465942383,27.410999298095703,27.434999465942383,1335.0
2026-08-07T13:35:00-04:00,27.434999465942383,27.434999465942383,27.434999465942383,27.434999465942383,1104.0
2026-08-07T13:40:00-04:00,27.434999465942383,27.434999465942383,27.42099952697754,27.424999237060547,3290.0
2026-08-07T13:45:00-04:00,27.440000534057617,27.6200008392334,27.43000030517578,27.6200008392334,11591.0
2026-08-07T13:50:00-04:00,27.6200008392334,27.625,27.6200008392334,27.625,1011.0
2026-08-07T13:55:00-04:00,27.6299991607666,27.670000076293945,27.6299991607666,27.665000915527344,2507.0
2026-08-07T14:00:00-04:00,27.690000534057617,27.690000534057617,27.6200008392334,27.6200008392334,2338.0
2026-08-07T14:05:00-04:00,27.610000610351562,27.610000610351562,27.610000610351562,27.610000610351562,482.0
2026-08-07T14:10:00-04:00,27.600000381469727,27.600000381469727,27.350000381469727,27.360000610351562,10303.0
2026-08-07T14:15:00-04:00,27.344999313354492,27.344999313354492,27.344999313354492,27.344999313354492,1446.0
2026-08-07T14:20:00-04:00,27.329999923706055,27.329999923706055,27.2549991607666,27.2549991607666,3376.0
2026-08-07T14:25:00-04:00,27.219999313354492,27.225000381469727,27.219999313354492,27.225000381469727,1605.0
2026-08-07T14:30:00-04:00,27.225000381469727,27.299999237060547,27.225000381469727,27.290000915527344,6344.0
2026-08-07T14:35:00-04:00,27.309999465942383,27.440000534057617,27.309999465942383,27.43000030517578,12541.0
2026-08-07T14:40:00-04:00,27.450000762939453,27.475000381469727,27.43000030517578,27.475000381469727,2659.0
2026-08-07T14:45:00-04:00,27.469999313354492,27.65999984741211,27.469999313354492,27.649999618530273,6930.0
2026-08-07T14:50:00-04:00,27.655000686645508,27.655000686645508,27.610000610351562,27.625,1764.0
2026-08-07T14:55:00-04:00,27.625,27.65999984741211,27.600000381469727,27.649999618530273,4940.0
2026-08-07T15:00:00-04:00,27.670000076293945,27.7450008392334,27.649999618530273,27.719999313354492,8678.0
2026-08-07T15:05:00-04:00,27.735000610351562,27.790000915527344,27.735000610351562,27.739999771118164,6164.0
2026-08-07T15:10:00-04:00,27.735000610351562,27.735000610351562,27.611000061035156,27.611000061035156,4212.0
2026-08-07T15:15:00-04:00,27.6299991607666,27.6299991607666,27.540000915527344,27.55500030517578,6437.0
2026-08-07T15:20:00-04:00,27.56999969482422,27.719999313354492,27.56999969482422,27.670000076293945,12655.0
2026-08-07T15:25:00-04:00,27.570100784301758,27.6299991607666,27.53499984741211,27.549999237060547,5323.0
2026-08-07T15:30:00-04:00,27.549999237060547,27.670000076293945,27.415000915527344,27.43000030517578,76607.0
2026-08-07T15:35:00-04:00,27.434999465942383,27.434999465942383,27.280000686645508,27.280000686645508,14208.0
2026-08-07T15:40:00-04:00,27.190000534057617,27.219999313354492,27.05500030517578,27.06999969482422,15778.0
2026-08-07T15:45:00-04:00,27.06100082397461,27.110000610351562,27.0,27.084999084472656,14484.0
2026-08-07T15:50:00-04:00,27.100000381469727,27.170000076293945,27.059999465942383,27.15999984741211,16591.0
2026-08-07T15:55:00-04:00,27.190000534057617,27.469999313354492,27.190000534057617,27.31999969482422,51270.0
2026-08-10T09:30:00-04:00,26.0,26.489999771118164,25.825000762939453,26.40999984741211,47061.0
2026-08-10T09:35:00-04:00,26.628000259399414,26.75,26.405000686645508,26.459999084472656,5782.0
2026-08-10T09:40:00-04:00,26.190000534057617,26.31999969482422,26.190000534057617,26.31999969482422,972.0
2026-08-10T09:45:00-04:00,26.31999969482422,26.549999237060547,26.31999969482422,26.549999237060547,3040.0
2026-08-10T09:50:00-04:00,26.3700008392334,26.3700008392334,26.34000015258789,26.34000015258789,3097.0
2026-08-10T09:55:00-04:00,26.375,26.459999084472656,26.280000686645508,26.280000686645508,2026.0
2026-08-10T10:00:00-04:00,26.399999618530273,26.489999771118164,26.309999465942383,26.44300079345703,8914.0
2026-08-10T10:05:00-04:00,26.44300079345703,26.55500030517578,26.44300079345703,26.489999771118164,4395.0
2026-08-10T10:10:00-04:00,26.56999969482422,26.649999618530273,26.56999969482422,26.59000015258789,2288.0
2026-08-10T10:15:00-04:00,26.549999237060547,26.610000610351562,26.43000030517578,26.43000030517578,4296.0
2026-08-10T10:20:00-04:00,26.43000030517578,26.459999084472656,26.389999389648438,26.450000762939453,4732.0
2026-08-10T10:25:00-04:00,26.5,26.725000381469727,26.5,26.575000762939453,4837.0
2026-08-10T10:30:00-04:00,26.545000076293945,26.61009979248047,26.469999313354492,26.61009979248047,14710.0
2026-08-10T10:35:00-04:00,26.604999542236328,26.690000534057617,26.579999923706055,26.674999237060547,9229.0
2026-08-10T10:40:00-04:00,26.59000015258789,26.59000015258789,26.520000457763672,26.549999237060547,4016.0
2026-08-10T10:45:00-04:00,26.559999465942383,26.559999465942383,26.545000076293945,26.545000076293945,1304.0
2026-08-10T10:50:00-04:00,26.500099182128906,26.600000381469727,26.485000610351562,26.559999465942383,8292.0
2026-08-10T10:55:00-04:00,26.55500030517578,26.594999313354492,26.55500030517578,26.594999313354492,1668.0
2026-08-10T11:00:00-04:00,26.584999084472656,26.645000457763672,26.559999465942383,26.559999465942383,2799.0
2026-08-10T11:05:00-04:00,26.584999084472656,26.59000015258789,26.510000228881836,26.510000228881836,2799.0
2026-08-10T11:10:00-04:00,26.514999389648438,26.59000015258789,26.514999389648438,26.59000015258789,3778.0
2026-08-10T11:15:00-04:00,26.6200008392334,26.719999313354492,26.385000228881836,26.719999313354492,164598.0
2026-08-10T11:20:00-04:00,26.700000762939453,26.790000915527344,26.6299991607666,26.68000030517578,8829.0
2026-08-10T11:25:00-04:00,26.635000228881836,26.790000915527344,26.635000228881836,26.790000915527344,2089.0
2026-08-10T11:30:00-04:00,26.75,26.81999969482422,26.725000381469727,26.725000381469727,5467.0
2026-08-10T11:35:00-04:00,26.780000686645508,26.780000686645508,26.739999771118164,26.770000457763672,2628.0
2026-08-10T11:40:00-04:00,26.809999465942383,26.84000015258789,26.799999237060547,26.799999237060547,1922.0
2026-08-10T11:45:00-04:00,26.790000915527344,26.80500030517578,26.764999389648438,26.774999618530273,2309.0
2026-08-10T11:50:00-04:00,26.780000686645508,26.81999969482422,26.780000686645508,26.799999237060547,1987.0
2026-08-10T11:55:00-04:00,26.81999969482422,26.860000610351562,26.799999237060547,26.829999923706055,6290.0
2026-08-10T12:00:00-04:00,26.829999923706055,26.8700008392334,26.829999923706055,26.8700008392334,3885.0
2026-08-10T12:05:00-04:00,26.8799991607666,26.90999984741211,26.8700008392334,26.90999984741211,3587.0
2026-08-10T12:10:00-04:00,26.889999389648438,26.920000076293945,26.834999084472656,26.915000915527344,5277.0
2026-08-10T12:15:00-04:00,26.899799346923828,26.899799346923828,26.830900192260742,26.830900192260742,1330.0
2026-08-10T12:20:00-04:00,26.889999389648438,26.899999618530273,26.8799991607666,26.8799991607666,1450.0
2026-08-10T12:25:00-04:00,26.889999389648438,26.989999771118164,26.889999389648438,26.979999542236328,4864.0
2026-08-10T12:30:00-04:00,27.0,27.0,26.8700008392334,26.934999465942383,6212.0
2026-08-10T12:35:00-04:00,26.93000030517578,26.959999084472656,26.93000030517578,26.940000534057617,1641.0
2026-08-10T12:40:00-04:00,26.940000534057617,26.979999542236328,26.93000030517578,26.93000030517578,3426.0
2026-08-10T12:45:00-04:00,26.93000030517578,27.010000228881836,26.93000030517578,26.996200561523438,2924.0
2026-08-10T12:50:00-04:00,27.014999389648438,27.014999389648438,26.989999771118164,27.014999389648438,1459.0
2026-08-10T12:55:00-04:00,27.014999389648438,27.03499984741211,26.9950008392334,27.020000457763672,1887.0
2026-08-10T13:00:00-04:00,27.020000457763672,27.1299991607666,27.020000457763672,27.100000381469727,6425.0
2026-08-10T13:05:00-04:00,27.104999542236328,27.104999542236328,27.045000076293945,27.059999465942383,7968.0
2026-08-10T13:10:00-04:00,27.079999923706055,27.084999084472656,26.979999542236328,27.020000457763672,5182.0
2026-08-10T13:15:00-04:00,27.030000686645508,27.05500030517578,27.030000686645508,27.030000686645508,1915.0
2026-08-10T13:20:00-04:00,27.020000457763672,27.09000015258789,27.020000457763672,27.084999084472656,4071.0
2026-08-10T13:25:00-04:00,27.06999969482422,27.100000381469727,27.06999969482422,27.100000381469727,1894.0
2026-08-10T13:30:00-04:00,27.110000610351562,27.110000610351562,27.059999465942383,27.100000381469727,4198.0
2026-08-10T13:35:00-04:00,27.100000381469727,27.100000381469727,27.059999465942383,27.059999465942383,1494.0
2026-08-10T13:40:00-04:00,27.049999237060547,27.049999237060547,26.940000534057617,26.959999084472656,4190.0
2026-08-10T13:45:00-04:00,26.940000534057617,27.020000457763672,26.940000534057617,27.020000457763672,3277.0
2026-08-10T13:50:00-04:00,27.040000915527344,27.049999237060547,27.030000686645508,27.040000915527344,2552.0
2026-08-10T13:55:00-04:00,27.030000686645508,27.040000915527344,27.030000686645508,27.040000915527344,1044.0
2026-08-10T14:00:00-04:00,27.040000915527344,27.06999969482422,27.03499984741211,27.06999969482422,3585.0
2026-08-10T14:05:00-04:00,27.079999923706055,27.15999984741211,27.079999923706055,27.15999984741211,3875.0
2026-08-10T14:10:00-04:00,27.149999618530273,27.170000076293945,27.100000381469727,27.100000381469727,2798.0
2026-08-10T14:15:00-04:00,27.110000610351562,27.135000228881836,27.110000610351562,27.110000610351562,1078.0
2026-08-10T14:20:00-04:00,27.110000610351562,27.110000610351562,27.049999237060547,27.049999237060547,2250.0
2026-08-10T14:25:00-04:00,27.040000915527344,27.059999465942383,27.0049991607666,27.010000228881836,3767.0
2026-08-10T14:30:00-04:00,27.040000915527344,27.045000076293945,26.899999618530273,26.899999618530273,10383.0
2026-08-10T14:35:00-04:00,26.93000030517578,26.93000030517578,26.71500015258789,26.735000610351562,10426.0
2026-08-10T14:40:00-04:00,26.75,26.780000686645508,26.549999237060547,26.549999237060547,31835.0
2026-08-10T14:45:00-04:00,26.549999237060547,26.790000915527344,26.549999237060547,26.790000915527344,11566.0
2026-08-10T14:50:00-04:00,26.770000457763672,26.78499984741211,26.739999771118164,26.780000686645508,5761.0
2026-08-10T14:55:00-04:00,26.774999618530273,26.774999618530273,26.760000228881836,26.774999618530273,2001.0
2026-08-10T15:00:00-04:00,26.790000915527344,26.790000915527344,26.760000228881836,26.760000228881836,3677.0
2026-08-10T15:05:00-04:00,26.770000457763672,26.854999542236328,26.770000457763672,26.854999542236328,4382.0
2026-08-10T15:10:00-04:00,26.860000610351562,26.8700008392334,26.84000015258789,26.840099334716797,3769.0
2026-08-10T15:15:00-04:00,26.829999923706055,26.8700008392334,26.809999465942383,26.860000610351562,3847.0
2026-08-10T15:20:00-04:00,26.850000381469727,26.850000381469727,26.84000015258789,26.84000015258789,3019.0
2026-08-10T15:25:00-04:00,26.84000015258789,26.84000015258789,26.75,26.790000915527344,5359.0
2026-08-10T15:30:00-04:00,26.7549991607666,26.760000228881836,26.700000762939453,26.700000762939453,3692.0
2026-08-10T15:35:00-04:00,26.709999084472656,26.729999542236328,26.690000534057617,26.690000534057617,5228.0
2026-08-10T15:40:00-04:00,26.684999465942383,26.729999542236328,26.65999984741211,26.709999084472656,8588.0
2026-08-10T15:45:00-04:00,26.709999084472656,26.770000457763672,26.690000534057617,26.725000381469727,8427.0
2026-08-10T15:50:00-04:00,26.739999771118164,26.764999389648438,26.68000030517578,26.719999313354492,9004.0
2026-08-10T15:55:00-04:00,26.700000762939453,27.059999465942383,26.649999618530273,27.030000686645508,58549.0
2026-08-11T09:30:00-04:00,27.020000457763672,27.049999237060547,26.780000686645508,26.92300033569336,5619.0
2026-08-11T09:35:00-04:00,27.239999771118164,27.25,27.219999313354492,27.25,2064.0
2026-08-11T09:40:00-04:00,27.280000686645508,27.280000686645508,27.209999084472656,27.209999084472656,2005.0
2026-08-11T09:45:00-04:00,27.19499969482422,27.19499969482422,27.19499969482422,27.19499969482422,764.0
2026-08-11T09:50:00-04:00,27.27216148376465,27.27216148376465,27.049999237060547,27.079999923706055,3238.0
2026-08-11T09:55:00-04:00,27.1200008392334,27.1200008392334,27.1200008392334,27.1200008392334,694.0
2026-08-11T10:00:00-04:00,27.059999465942383,27.06999969482422,26.93000030517578,26.93000030517578,2790.0
2026-08-11T10:05:00-04:00,26.899900436401367,26.940000534057617,26.899900436401367,26.940000534057617,1907.0
2026-08-11T10:10:00-04:00,26.940000534057617,26.940000534057617,26.920000076293945,26.93000030517578,2306.0
2026-08-11T10:15:00-04:00,26.8799991607666,27.0,26.8799991607666,27.0,1162.0
2026-08-11T10:20:00-04:00,26.950000762939453,27.020000457763672,26.850000381469727,26.850000381469727,5747.0
2026-08-11T10:25:00-04:00,26.8700008392334,26.8700008392334,26.75,26.75,2206.0
2026-08-11T10:30:00-04:00,26.71500015258789,26.809999465942383,26.71500015258789,26.719999313354492,4047.0
2026-08-11T10:35:00-04:00,26.655000686645508,26.725000381469727,26.649999618530273,26.705699920654297,1279.0
2026-08-11T10:40:00-04:00,26.6299991607666,26.6299991607666,26.6299991607666,26.6299991607666,772.0
2026-08-11T10:45:00-04:00,26.639999389648438,26.639999389648438,26.559999465942383,26.610000610351562,3314.0
2026-08-11T10:50:00-04:00,26.6200008392334,26.639999389648438,26.600000381469727,26.600000381469727,1370.0
2026-08-11T10:55:00-04:00,26.6299991607666,26.649999618530273,26.6200008392334,26.6299991607666,1366.0
2026-08-11T11:00:00-04:00,26.600000381469727,26.6299991607666,26.59000015258789,26.6299991607666,2032.0
2026-08-11T11:05:00-04:00,26.59000015258789,26.59000015258789,26.475000381469727,26.475000381469727,2827.0
2026-08-11T11:10:00-04:00,26.485000610351562,26.5,26.420000076293945,26.450000762939453,2158.0
2026-08-11T11:15:00-04:00,26.440000534057617,26.450000762939453,26.371700286865234,26.371700286865234,3065.0
2026-08-11T11:20:00-04:00,26.389999389648438,26.389999389648438,26.260000228881836,26.260000228881836,3261.0
2026-08-11T11:25:00-04:00,26.229999542236328,26.260000228881836,26.15999984741211,26.15999984741211,1961.0
2026-08-11T11:30:00-04:00,26.190000534057617,26.190000534057617,26.15999984741211,26.190000534057617,2308.0
2026-08-11T11:35:00-04:00,26.149999618530273,26.15999984741211,26.079999923706055,26.079999923706055,4008.0
2026-08-11T11:40:00-04:00,26.100000381469727,26.3700008392334,26.06999969482422,26.3700008392334,6964.0
2026-08-11T11:45:00-04:00,26.440000534057617,26.440000534057617,26.3700008392334,26.3700008392334,2189.0
2026-08-11T11:50:00-04:00,26.399999618530273,26.420000076293945,26.399999618530273,26.420000076293945,2290.0
2026-08-11T11:55:00-04:00,26.420000076293945,26.469999313354492,26.420000076293945,26.459999084472656,3894.0
2026-08-11T12:00:00-04:00,26.489999771118164,26.510000228881836,26.420000076293945,26.479999542236328,5740.0
2026-08-11T12:05:00-04:00,26.485000610351562,26.485000610351562,26.43000030517578,26.43000030517578,1309.0
2026-08-11T12:10:00-04:00,26.43000030517578,26.485000610351562,26.43000030517578,26.485000610351562,1152.0
2026-08-11T12:15:00-04:00,26.4950008392334,26.4950008392334,26.459999084472656,26.489999771118164,1988.0
2026-08-11T12:20:00-04:00,26.5,26.575000762939453,26.489999771118164,26.56999969482422,6469.0
2026-08-11T12:25:00-04:00,26.56999969482422,26.600000381469727,26.559999465942383,26.559999465942383,1818.0
2026-08-11T12:30:00-04:00,26.530000686645508,26.53499984741211,26.530000686645508,26.53499984741211,1175.0
2026-08-11T12:35:00-04:00,26.510000228881836,26.510000228881836,26.510000228881836,26.510000228881836,930.0
2026-08-11T12:40:00-04:00,26.524999618530273,26.524999618530273,26.469999313354492,26.5,3220.0
2026-08-11T12:45:00-04:00,26.510000228881836,26.510000228881836,26.489999771118164,26.489999771118164,736.0
2026-08-11T12:50:00-04:00,26.510000228881836,26.520000457763672,26.489999771118164,26.520000457763672,2675.0
2026-08-11T12:55:00-04:00,26.530000686645508,26.540000915527344,26.524999618530273,26.524999618530273,1473.0
2026-08-11T13:00:00-04:00,26.549999237060547,26.6200008392334,26.549999237060547,26.561899185180664,3135.0
2026-08-11T13:05:00-04:00,26.56999969482422,26.610000610351562,26.549999237060547,26.559999465942383,3301.0
2026-08-11T13:10:00-04:00,26.540000915527344,26.56999969482422,26.530000686645508,26.559999465942383,1981.0
2026-08-11T13:15:00-04:00,26.559999465942383,26.59000015258789,26.559999465942383,26.559999465942383,2042.0
2026-08-11T13:20:00-04:00,26.559999465942383,26.575000762939453,26.549999237060547,26.549999237060547,1535.0
2026-08-11T13:25:00-04:00,26.530000686645508,26.530000686645508,26.5,26.5049991607666,5378.0
2026-08-11T13:30:00-04:00,26.5049991607666,26.600000381469727,26.5049991607666,26.600000381469727,4520.0
2026-08-11T13:35:00-04:00,26.625,26.69499969482422,26.625,26.690000534057617,16585.0
2026-08-11T13:40:00-04:00,26.68000030517578,26.725000381469727,26.68000030517578,26.700000762939453,4853.0
2026-08-11T13:45:00-04:00,26.704999923706055,26.709999084472656,26.690000534057617,26.690000534057617,1051.0
2026-08-11T13:50:00-04:00,26.709999084472656,26.709999084472656,26.690000534057617,26.69499969482422,2692.0
2026-08-11T13:55:00-04:00,26.719999313354492,26.739999771118164,26.68000030517578,26.68000030517578,12385.0
2026-08-11T14:05:00-04:00,26.69499969482422,26.69499969482422,26.639999389648438,26.65999984741211,2308.0
2026-08-11T14:10:00-04:00,26.635000228881836,26.65999984741211,26.6299991607666,26.639999389648438,2739.0
2026-08-11T14:15:00-04:00,26.610000610351562,26.639999389648438,26.59000015258789,26.6200008392334,2578.0
2026-08-11T14:20:00-04:00,26.579999923706055,26.579999923706055,26.55500030517578,26.55500030517578,1439.0
2026-08-11T14:25:00-04:00,26.579999923706055,26.59000015258789,26.56999969482422,26.56999969482422,2329.0
2026-08-11T14:30:00-04:00,26.579999923706055,26.639999389648438,26.575000762939453,26.6299991607666,4072.0
2026-08-11T14:35:00-04:00,26.65999984741211,26.75,26.65999984741211,26.75,7427.0
2026-08-11T14:40:00-04:00,26.719999313354492,26.809999465942383,26.700000762939453,26.809999465942383,6720.0
2026-08-11T14:45:00-04:00,26.799999237060547,26.84000015258789,26.799999237060547,26.84000015258789,2189.0
2026-08-11T14:50:00-04:00,26.84000015258789,26.84000015258789,26.834999084472656,26.84000015258789,2995.0
2026-08-11T14:55:00-04:00,26.829999923706055,26.829999923706055,26.81999969482422,26.81999969482422,2179.0
2026-08-11T15:00:00-04:00,26.824499130249023,26.824499130249023,26.774999618530273,26.780000686645508,5818.0
2026-08-11T15:05:00-04:00,26.760000228881836,26.829999923706055,26.75,26.809999465942383,6153.0
2026-08-11T15:10:00-04:00,26.84000015258789,26.84000015258789,26.790000915527344,26.80500030517578,5151.0
2026-08-11T15:15:00-04:00,26.780000686645508,26.790000915527344,26.75,26.790000915527344,3876.0
2026-08-11T15:20:00-04:00,26.795000076293945,26.84000015258789,26.795000076293945,26.84000015258789,3855.0
2026-08-11T15:25:00-04:00,26.829999923706055,26.8700008392334,26.829999923706055,26.84000015258789,7340.0
2026-08-11T15:30:00-04:00,26.829999923706055,26.829999923706055,26.7549991607666,26.760000228881836,4025.0
2026-08-11T15:35:00-04:00,26.770000457763672,26.780000686645508,26.700000762939453,26.739999771118164,81015.0
2026-08-11T15:40:00-04:00,26.739999771118164,26.790000915527344,26.739999771118164,26.78499984741211,14860.0
2026-08-11T15:45:00-04:00,26.78499984741211,26.84000015258789,26.78499984741211,26.81999969482422,5844.0
2026-08-11T15:50:00-04:00,26.829999923706055,26.915000915527344,26.81999969482422,26.90999984741211,13316.0
2026-08-11T15:55:00-04:00,26.899999618530273,27.010000228881836,26.875,26.975000381469727,43287.0
2026-08-12T09:30:00-04:00,27.219999313354492,27.219999313354492,26.861000061035156,26.861000061035156,6350.0
2026-08-12T09:35:00-04:00,26.850000381469727,26.850000381469727,26.850000381469727,26.850000381469727,1672.0
2026-08-12T09:40:00-04:00,26.951200485229492,26.951200485229492,26.951200485229492,26.951200485229492,738.0
2026-08-12T09:45:00-04:00,26.93000030517578,26.93000030517578,26.920000076293945,26.920000076293945,781.0
2026-08-12T09:50:00-04:00,26.842500686645508,26.903799057006836,26.842500686645508,26.903799057006836,1483.0
2026-08-12T10:00:00-04:00,26.760000228881836,26.760000228881836,26.690000534057617,26.760000228881836,620.0
2026-08-12T10:05:00-04:00,26.68000030517578,26.709999084472656,26.649999618530273,26.709999084472656,2646.0
2026-08-12T10:15:00-04:00,26.65999984741211,26.665000915527344,26.579999923706055,26.600000381469727,2865.0
2026-08-12T10:20:00-04:00,26.530000686645508,26.56999969482422,26.51746940612793,26.540000915527344,1454.0
2026-08-12T10:25:00-04:00,26.530000686645508,26.655000686645508,26.530000686645508,26.625,3792.0
2026-08-12T10:30:00-04:00,26.6200008392334,26.665000915527344,26.479999542236328,26.485000610351562,6698.0
2026-08-12T10:35:00-04:00,26.43000030517578,26.43000030517578,26.315000534057617,26.315000534057617,2245.0
2026-08-12T10:40:00-04:00,26.299999237060547,26.360000610351562,26.274499893188477,26.350000381469727,8575.0
2026-08-12T10:45:00-04:00,26.31999969482422,26.3700008392334,26.260000228881836,26.3700008392334,16797.0
2026-08-12T10:50:00-04:00,26.329999923706055,26.329999923706055,26.290000915527344,26.325000762939453,1666.0
2026-08-12T10:55:00-04:00,26.316299438476562,26.316299438476562,26.190000534057617,26.200000762939453,7175.0
2026-08-12T11:00:00-04:00,26.18000030517578,26.19499969482422,26.100000381469727,26.110000610351562,6256.0
2026-08-12T11:05:00-04:00,26.107999801635742,26.107999801635742,26.075000762939453,26.079999923706055,5421.0
2026-08-12T11:10:00-04:00,26.06999969482422,26.229999542236328,26.06999969482422,26.229999542236328,9146.0
2026-08-12T11:15:00-04:00,26.184999465942383,26.219999313354492,26.139999389648438,26.139999389648438,9294.0
2026-08-12T11:20:00-04:00,26.200000762939453,26.209999084472656,26.139999389648438,26.139999389648438,3818.0
2026-08-12T11:25:00-04:00,26.1299991607666,26.18000030517578,26.110000610351562,26.15999984741211,9581.0
2026-08-12T11:30:00-04:00,26.229999542236328,26.229999542236328,26.139999389648438,26.139999389648438,3498.0
2026-08-12T11:35:00-04:00,26.184999465942383,26.209999084472656,26.15999984741211,26.15999984741211,2107.0
2026-08-12T11:40:00-04:00,26.1299991607666,26.18000030517578,26.1200008392334,26.1200008392334,3698.0
2026-08-12T11:45:00-04:00,26.1299991607666,26.1299991607666,26.093000411987305,26.093000411987305,1715.0
2026-08-12T11:50:00-04:00,26.059999465942383,26.065000534057617,26.030000686645508,26.065000534057617,3446.0
2026-08-12T11:55:00-04:00,26.059999465942383,26.065000534057617,26.049999237060547,26.065000534057617,1529.0
2026-08-12T12:00:00-04:00,26.09000015258789,26.139999389648438,26.09000015258789,26.1299991607666,1956.0
2026-08-12T12:05:00-04:00,26.114999771118164,26.25,26.100000381469727,26.100000381469727,7915.0
2026-08-12T12:10:00-04:00,26.049999237060547,26.05500030517578,26.049999237060547,26.05500030517578,1343.0
2026-08-12T12:15:00-04:00,26.020000457763672,26.049999237060547,26.020000457763672,26.049999237060547,1169.0
2026-08-12T12:20:00-04:00,26.059999465942383,26.100000381469727,26.049999237060547,26.049999237060547,3052.0
2026-08-12T12:25:00-04:00,26.049999237060547,26.100000381469727,26.0,26.100000381469727,8027.0
2026-08-12T12:30:00-04:00,26.114999771118164,26.145000457763672,26.114999771118164,26.145000457763672,2007.0
2026-08-12T12:35:00-04:00,26.165000915527344,26.165000915527344,26.100000381469727,26.1200008392334,3595.0
2026-08-12T12:40:00-04:00,26.06999969482422,26.170000076293945,26.059999465942383,26.170000076293945,3241.0
2026-08-12T12:45:00-04:00,26.1299991607666,26.170000076293945,26.110000610351562,26.1299991607666,13091.0
2026-08-12T12:50:00-04:00,26.170000076293945,26.309999465942383,26.170000076293945,26.309999465942383,5872.0
2026-08-12T12:55:00-04:00,26.290000915527344,26.295000076293945,26.285499572753906,26.295000076293945,1474.0
2026-08-12T13:00:00-04:00,26.309999465942383,26.31999969482422,26.290000915527344,26.295000076293945,2597.0
2026-08-12T13:05:00-04:00,26.30500030517578,26.399999618530273,26.30500030517578,26.397499084472656,3225.0
2026-08-12T13:10:00-04:00,26.420000076293945,26.424999237060547,26.399999618530273,26.424999237060547,717.0
2026-08-12T13:15:00-04:00,26.399999618530273,26.405000686645508,26.360000610351562,26.3799991607666,5045.0
2026-08-12T13:20:00-04:00,26.299999237060547,26.31999969482422,26.299999237060547,26.315000534057617,1041.0
2026-08-12T13:25:00-04:00,26.315000534057617,26.329999923706055,26.299999237060547,26.31999969482422,3713.0
2026-08-12T13:30:00-04:00,26.34000015258789,26.360000610351562,26.34000015258789,26.360000610351562,1365.0
2026-08-12T13:35:00-04:00,26.34000015258789,26.344999313354492,26.309999465942383,26.329999923706055,3783.0
2026-08-12T13:40:00-04:00,26.315000534057617,26.34000015258789,26.299999237060547,26.30500030517578,2430.0
2026-08-12T13:45:00-04:00,26.30500030517578,26.31999969482422,26.30500030517578,26.309999465942383,1254.0
2026-08-12T13:50:00-04:00,26.290000915527344,26.290000915527344,26.25,26.260000228881836,4475.0
2026-08-12T13:55:00-04:00,26.260000228881836,26.264999389648438,26.219999313354492,26.229999542236328,5743.0
2026-08-12T14:00:00-04:00,26.260000228881836,26.274999618530273,26.260000228881836,26.264999389648438,2004.0
2026-08-12T14:05:00-04:00,26.270000457763672,26.270000457763672,26.270000457763672,26.270000457763672,1485.0
2026-08-12T14:10:00-04:00,26.260000228881836,26.270000457763672,26.25,26.270000457763672,1742.0
2026-08-12T14:15:00-04:00,26.264999389648438,26.28499984741211,26.264999389648438,26.28499984741211,2261.0
2026-08-12T14:20:00-04:00,26.270000457763672,26.270000457763672,26.204999923706055,26.204999923706055,2719.0
2026-08-12T14:25:00-04:00,26.219999313354492,26.2450008392334,26.190000534057617,26.225000381469727,2528.0
2026-08-12T14:30:00-04:00,26.219999313354492,26.219999313354492,26.211000442504883,26.219999313354492,894.0
2026-08-12T14:35:00-04:00,26.229999542236328,26.25,26.229999542236328,26.231000900268555,1655.0
2026-08-12T14:40:00-04:00,26.25,26.389999389648438,26.25,26.30500030517578,17275.0
2026-08-12T14:45:00-04:00,26.31999969482422,26.385000228881836,26.31999969482422,26.375,3157.0
2026-08-12T14:50:00-04:00,26.375,26.540000915527344,26.3700008392334,26.540000915527344,7601.0
2026-08-12T14:55:00-04:00,26.520000457763672,26.524999618530273,26.5,26.5,6055.0
2026-08-12T15:00:00-04:00,26.5,26.549999237060547,26.5,26.53499984741211,4566.0
2026-08-12T15:05:00-04:00,26.53499984741211,26.565000534057617,26.520000457763672,26.530000686645508,5311.0
2026-08-12T15:10:00-04:00,26.530000686645508,26.56999969482422,26.481399536132812,26.56999969482422,10708.0
2026-08-12T15:15:00-04:00,26.577199935913086,26.600000381469727,26.56999969482422,26.56999969482422,7347.0
2026-08-12T15:20:00-04:00,26.540000915527344,26.540000915527344,26.520000457763672,26.53499984741211,3276.0
2026-08-12T15:25:00-04:00,26.530000686645508,26.540000915527344,26.5,26.540000915527344,10063.0
2026-08-12T15:30:00-04:00,26.579999923706055,26.584999084472656,26.56999969482422,26.56999969482422,6197.0
2026-08-12T15:35:00-04:00,26.575000762939453,26.579999923706055,26.559999465942383,26.559999465942383,6590.0
2026-08-12T15:40:00-04:00,26.549999237060547,26.549999237060547,26.459999084472656,26.520000457763672,16820.0
2026-08-12T15:45:00-04:00,26.530000686645508,26.604999542236328,26.485000610351562,26.59000015258789,38859.0
2026-08-12T15:50:00-04:00,26.575000762939453,26.579999923706055,26.559999465942383,26.575000762939453,10053.0
2026-08-12T15:55:00-04:00,26.575000762939453,26.65999984741211,26.5,26.6200008392334,57341.0
2026-08-13T09:30:00-04:00,26.479999542236328,26.59000015258789,26.399999618530273,26.59000015258789,4823.0
2026-08-13T09:35:00-04:00,26.68000030517578,26.729999542236328,26.489999771118164,26.489999771118164,2854.0
2026-08-13T09:40:00-04:00,26.489999771118164,26.59000015258789,26.489999771118164,26.59000015258789,744.0
2026-08-13T09:45:00-04:00,26.610000610351562,26.610000610351562,26.510000228881836,26.550100326538086,1628.0
2026-08-13T09:50:00-04:00,26.613399505615234,26.6200008392334,26.600000381469727,26.6200008392334,1989.0
2026-08-13T10:00:00-04:00,26.690000534057617,26.780000686645508,26.690000534057617,26.780000686645508,2824.0
2026-08-13T10:05:00-04:00,26.739999771118164,26.739999771118164,26.56999969482422,26.579999923706055,4680.0
2026-08-13T10:10:00-04:00,26.6299991607666,26.6299991607666,26.604999542236328,26.604999542236328,1073.0
2026-08-13T10:15:00-04:00,26.639999389648438,26.670000076293945,26.594999313354492,26.594999313354492,1739.0
2026-08-13T10:20:00-04:00,26.594999313354492,26.649999618530273,26.594999313354492,26.649999618530273,846.0
2026-08-13T10:25:00-04:00,26.65999984741211,26.662500381469727,26.614999771118164,26.65999984741211,1902.0
2026-08-13T10:30:00-04:00,26.559999465942383,26.579999923706055,26.549999237060547,26.559999465942383,2863.0
2026-08-13T10:35:00-04:00,26.565000534057617,26.565000534057617,26.55500030517578,26.55500030517578,1325.0
2026-08-13T10:40:00-04:00,26.594999313354492,26.670000076293945,26.594999313354492,26.600000381469727,849.0
2026-08-13T10:45:00-04:00,26.594999313354492,26.709999084472656,26.594999313354492,26.670000076293945,1410.0
2026-08-13T10:50:00-04:00,26.6299991607666,26.795000076293945,26.6299991607666,26.670000076293945,2000.0
2026-08-13T10:55:00-04:00,26.65999984741211,26.719900131225586,26.65999984741211,26.674999237060547,1755.0
2026-08-13T11:00:00-04:00,26.719999313354492,26.764999389648438,26.670000076293945,26.670000076293945,5567.0
2026-08-13T11:05:00-04:00,26.68000030517578,26.68000030517578,26.68000030517578,26.68000030517578,588.0
2026-08-13T11:10:00-04:00,26.68000030517578,26.719999313354492,26.68000030517578,26.719999313354492,1733.0
2026-08-13T11:15:00-04:00,26.684999465942383,26.684999465942383,26.6299991607666,26.635000228881836,1854.0
2026-08-13T11:20:00-04:00,26.610000610351562,26.639999389648438,26.610000610351562,26.639999389648438,2522.0
2026-08-13T11:25:00-04:00,26.59000015258789,26.59000015258789,26.549999237060547,26.549999237060547,1720.0
2026-08-13T11:30:00-04:00,26.489999771118164,26.510000228881836,26.459999084472656,26.459999084472656,3337.0
2026-08-13T11:35:00-04:00,26.440000534057617,26.469999313354492,26.440000534057617,26.469999313354492,810.0
2026-08-13T11:40:00-04:00,26.479999542236328,26.479999542236328,26.440000534057617,26.44499969482422,2598.0
2026-08-13T11:45:00-04:00,26.479999542236328,26.510000228881836,26.454999923706055,26.475000381469727,4132.0
2026-08-13T11:50:00-04:00,26.510000228881836,26.520000457763672,26.5,26.510000228881836,1589.0
2026-08-13T11:55:00-04:00,26.520000457763672,26.520000457763672,26.5049991607666,26.520000457763672,1023.0
2026-08-13T12:00:00-04:00,26.510000228881836,26.510000228881836,26.5049991607666,26.5049991607666,495.0
2026-08-13T12:05:00-04:00,26.520000457763672,26.594999313354492,26.5049991607666,26.520000457763672,4586.0
2026-08-13T12:10:00-04:00,26.520000457763672,26.520000457763672,26.520000457763672,26.520000457763672,1292.0
2026-08-13T12:15:00-04:00,26.549999237060547,26.549999237060547,26.5,26.5,2305.0
2026-08-13T12:20:00-04:00,26.514999389648438,26.514999389648438,26.514999389648438,26.514999389648438,643.0
2026-08-13T12:25:00-04:00,26.540000915527344,26.559999465942383,26.540000915527344,26.540000915527344,1626.0
2026-08-13T12:30:00-04:00,26.56999969482422,26.575000762939453,26.56999969482422,26.575000762939453,1205.0
2026-08-13T12:35:00-04:00,26.584999084472656,26.584999084472656,26.56999969482422,26.579999923706055,1820.0
2026-08-13T12:40:00-04:00,26.540000915527344,26.579999923706055,26.540000915527344,26.579999923706055,4217.0
2026-08-13T12:45:00-04:00,26.584999084472656,26.584999084472656,26.579999923706055,26.579999923706055,451.0
2026-08-13T12:50:00-04:00,26.56999969482422,26.579999923706055,26.520000457763672,26.520000457763672,2685.0
2026-08-13T12:55:00-04:00,26.524999618530273,26.524999618530273,26.520000457763672,26.520000457763672,497.0
2026-08-13T13:00:00-04:00,26.53499984741211,26.594999313354492,26.53499984741211,26.56999969482422,3133.0
2026-08-13T13:05:00-04:00,26.540000915527344,26.559999465942383,26.540000915527344,26.559999465942383,1624.0
2026-08-13T13:10:00-04:00,26.540000915527344,26.549999237060547,26.53499984741211,26.53499984741211,2427.0
2026-08-13T13:15:00-04:00,26.520000457763672,26.520000457763672,26.479999542236328,26.479999542236328,1704.0
2026-08-13T13:20:00-04:00,26.479999542236328,26.489999771118164,26.469999313354492,26.479999542236328,3123.0
2026-08-13T13:25:00-04:00,26.479999542236328,26.479999542236328,26.440000534057617,26.440000534057617,1929.0
2026-08-13T13:30:00-04:00,26.424999237060547,26.424999237060547,26.40999984741211,26.40999984741211,1015.0
2026-08-13T13:35:00-04:00,26.389999389648438,26.40999984741211,26.350000381469727,26.350000381469727,3549.0
2026-08-13T13:45:00-04:00,26.350000381469727,26.350000381469727,26.311199188232422,26.337499618530273,1825.0
2026-08-13T13:50:00-04:00,26.334999084472656,26.334999084472656,26.309999465942383,26.309999465942383,1310.0
2026-08-13T13:55:00-04:00,26.31369972229004,26.350000381469727,26.309999465942383,26.309999465942383,3056.0
2026-08-13T14:00:00-04:00,26.350000381469727,26.354999542236328,26.350000381469727,26.354999542236328,1241.0
2026-08-13T14:05:00-04:00,26.360000610351562,26.3799991607666,26.350000381469727,26.3799991607666,2894.0
2026-08-13T14:10:00-04:00,26.389999389648438,26.389999389648438,26.34000015258789,26.34000015258789,1889.0
2026-08-13T14:15:00-04:00,26.334999084472656,26.334999084472656,26.239999771118164,26.25,5084.0
2026-08-13T14:20:00-04:00,26.270000457763672,26.280000686645508,26.270000457763672,26.270000457763672,3748.0
2026-08-13T14:25:00-04:00,26.270000457763672,26.270000457763672,26.25,26.2549991607666,1878.0
2026-08-13T14:30:00-04:00,26.260000228881836,26.270000457763672,26.2549991607666,26.270000457763672,3171.0
2026-08-13T14:35:00-04:00,26.270000457763672,26.290000915527344,26.270000457763672,26.290000915527344,2019.0
2026-08-13T14:40:00-04:00,26.28499984741211,26.28499984741211,26.239999771118164,26.239999771118164,2379.0
2026-08-13T14:45:00-04:00,26.269899368286133,26.269899368286133,26.18000030517578,26.25,7542.0
2026-08-13T14:50:00-04:00,26.2450008392334,26.262500762939453,26.219999313354492,26.262500762939453,3135.0
2026-08-13T14:55:00-04:00,26.290000915527344,26.344999313354492,26.290000915527344,26.290000915527344,5079.0
2026-08-13T15:00:00-04:00,26.31999969482422,26.31999969482422,26.21500015258789,26.219999313354492,4944.0
2026-08-13T15:05:00-04:00,26.25,26.25,26.239999771118164,26.2450008392334,2416.0
2026-08-13T15:10:00-04:00,26.239999771118164,26.264999389648438,26.219999313354492,26.219999313354492,6196.0
2026-08-13T15:15:00-04:00,26.200000762939453,26.219999313354492,26.19499969482422,26.200000762939453,4781.0
2026-08-13T15:20:00-04:00,26.190000534057617,26.190000534057617,26.149999618530273,26.149999618530273,4307.0
2026-08-13T15:25:00-04:00,26.139999389648438,26.139999389648438,26.040000915527344,26.049999237060547,7251.0
2026-08-13T15:30:00-04:00,26.065000534057617,26.1299991607666,26.065000534057617,26.100000381469727,8750.0
2026-08-13T15:35:00-04:00,26.09000015258789,26.170000076293945,26.059999465942383,26.155000686645508,9623.0
2026-08-13T15:40:00-04:00,26.155000686645508,26.225000381469727,26.155000686645508,26.200000762939453,8775.0
2026-08-13T15:45:00-04:00,26.18000030517578,26.229999542236328,26.18000030517578,26.21500015258789,10239.0
2026-08-13T15:50:00-04:00,26.260000228881836,26.389999389648438,26.229999542236328,26.350000381469727,21554.0
2026-08-13T15:55:00-04:00,26.31999969482422,26.43000030517578,26.229999542236328,26.260000228881836,41758.0
2026-08-14T09:30:00-04:00,26.309999465942383,26.309999465942383,26.264999389648438,26.264999389648438,4778.0
2026-08-14T09:35:00-04:00,26.26300048828125,26.26300048828125,26.26300048828125,26.26300048828125,303.0
2026-08-14T09:40:00-04:00,26.489999771118164,26.5,26.450000762939453,26.469999313354492,4540.0
2026-08-14T09:45:00-04:00,26.469999313354492,26.469999313354492,26.43000030517578,26.43000030517578,916.0
2026-08-14T09:50:00-04:00,26.450000762939453,26.559999465942383,26.450000762939453,26.5049991607666,1801.0
2026-08-14T09:55:00-04:00,26.479999542236328,26.559999465942383,26.479999542236328,26.540000915527344,1746.0
2026-08-14T10:00:00-04:00,26.578100204467773,26.594999313354492,26.578100204467773,26.594999313354492,2488.0
2026-08-14T10:05:00-04:00,26.559999465942383,26.56999969482422,26.469999313354492,26.469999313354492,3291.0
2026-08-14T10:10:00-04:00,26.469999313354492,26.469999313354492,26.450000762939453,26.450000762939453,550.0
2026-08-14T10:15:00-04:00,26.450000762939453,26.450000762939453,26.25,26.25,3935.0
2026-08-14T10:20:00-04:00,26.219999313354492,26.260000228881836,26.190000534057617,26.260000228881836,1957.0
2026-08-14T10:25:00-04:00,26.31999969482422,26.405000686645508,26.31999969482422,26.405000686645508,3390.0
2026-08-14T10:30:00-04:00,26.5,26.520000457763672,26.5,26.520000457763672,719.0
2026-08-14T10:35:00-04:00,26.489999771118164,26.5049991607666,26.459999084472656,26.5049991607666,1324.0
2026-08-14T10:40:00-04:00,26.559999465942383,26.559999465942383,26.510000228881836,26.510000228881836,841.0
2026-08-14T10:45:00-04:00,26.510000228881836,26.514999389648438,26.459999084472656,26.459999084472656,1789.0
2026-08-14T10:50:00-04:00,26.450000762939453,26.450000762939453,26.450000762939453,26.450000762939453,623.0
2026-08-14T10:55:00-04:00,26.454999923706055,26.454999923706055,26.420000076293945,26.420000076293945,1315.0
2026-08-14T11:00:00-04:00,26.56999969482422,26.610000610351562,26.520000457763672,26.520000457763672,778.0
2026-08-14T11:05:00-04:00,26.5,26.510000228881836,26.469999313354492,26.469999313354492,1460.0
2026-08-14T11:10:00-04:00,26.489999771118164,26.489999771118164,26.469999313354492,26.469999313354492,518.0
2026-08-14T11:15:00-04:00,26.459999084472656,26.459999084472656,26.334999084472656,26.334999084472656,4300.0
2026-08-14T11:20:00-04:00,26.270000457763672,26.274999618530273,26.264999389648438,26.274999618530273,1704.0
2026-08-14T11:25:00-04:00,26.229999542236328,26.235000610351562,26.225000381469727,26.235000610351562,520.0
2026-08-14T11:30:00-04:00,26.235000610351562,26.235000610351562,26.149999618530273,26.149999618530273,3813.0
2026-08-14T11:35:00-04:00,26.149999618530273,26.229999542236328,26.149999618530273,26.209999084472656,2597.0
2026-08-14T11:40:00-04:00,26.200000762939453,26.200000762939453,26.184999465942383,26.190000534057617,1281.0
2026-08-14T11:45:00-04:00,26.264999389648438,26.264999389648438,26.264999389648438,26.264999389648438,699.0
2026-08-14T11:50:00-04:00,26.30500030517578,26.30500030517578,26.260000228881836,26.270000457763672,1243.0
2026-08-14T11:55:00-04:00,26.31920051574707,26.31920051574707,26.28499984741211,26.28499984741211,945.0
2026-08-14T12:05:00-04:00,26.25,26.280000686645508,26.239999771118164,26.280000686645508,1691.0
2026-08-14T12:10:00-04:00,26.257999420166016,26.257999420166016,26.239999771118164,26.239999771118164,932.0
2026-08-14T12:15:00-04:00,26.299999237060547,26.299999237060547,26.299999237060547,26.299999237060547,1099.0
2026-08-14T12:20:00-04:00,26.309999465942383,26.309999465942383,26.309999465942383,26.309999465942383,481.0
2026-08-14T12:25:00-04:00,26.31999969482422,26.40999984741211,26.31999969482422,26.40999984741211,2812.0
2026-08-14T12:30:00-04:00,26.40999984741211,26.40999984741211,26.3799991607666,26.3799991607666,1353.0
2026-08-14T12:40:00-04:00,26.40999984741211,26.420000076293945,26.399999618530273,26.399999618530273,1212.0
2026-08-14T12:45:00-04:00,26.399999618530273,26.399999618530273,26.3700008392334,26.3700008392334,1541.0
2026-08-14T12:50:00-04:00,26.3799991607666,26.389999389648438,26.3799991607666,26.389999389648438,577.0
2026-08-14T12:55:00-04:00,26.389999389648438,26.424999237060547,26.3700008392334,26.389999389648438,4412.0
2026-08-14T13:00:00-04:00,26.389999389648438,26.389999389648438,26.350000381469727,26.389999389648438,1888.0
2026-08-14T13:05:00-04:00,26.360000610351562,26.3799991607666,26.329999923706055,26.360000610351562,3254.0
2026-08-14T13:10:00-04:00,26.360000610351562,26.40999984741211,26.360000610351562,26.40999984741211,2037.0
2026-08-14T13:15:00-04:00,26.420000076293945,26.420000076293945,26.40999984741211,26.40999984741211,1328.0
2026-08-14T13:20:00-04:00,26.440000534057617,26.440000534057617,26.440000534057617,26.440000534057617,450.0
2026-08-14T13:25:00-04:00,26.40999984741211,26.40999984741211,26.34000015258789,26.34000015258789,2627.0
2026-08-14T13:30:00-04:00,26.31999969482422,26.31999969482422,26.290000915527344,26.299999237060547,3853.0
2026-08-14T13:35:00-04:00,26.309999465942383,26.309999465942383,26.280000686645508,26.309999465942383,1726.0
2026-08-14T13:40:00-04:00,26.31999969482422,26.329999923706055,26.299999237060547,26.329999923706055,2000.0
2026-08-14T13:45:00-04:00,26.297100067138672,26.297100067138672,26.297100067138672,26.297100067138672,854.0
2026-08-14T13:50:00-04:00,26.280000686645508,26.280000686645508,26.280000686645508,26.280000686645508,981.0
2026-08-14T13:55:00-04:00,26.264999389648438,26.264999389648438,26.264999389648438,26.264999389648438,1655.0
2026-08-14T14:00:00-04:00,26.260000228881836,26.325000762939453,26.260000228881836,26.31999969482422,2829.0
2026-08-14T14:10:00-04:00,26.325000762939453,26.354999542236328,26.325000762939453,26.354999542236328,1137.0
2026-08-14T14:15:00-04:00,26.350000381469727,26.360000610351562,26.31999969482422,26.31999969482422,1678.0
2026-08-14T14:20:00-04:00,26.329999923706055,26.3799991607666,26.329999923706055,26.3799991607666,2589.0
2026-08-14T14:25:00-04:00,26.360000610351562,26.364999771118164,26.360000610351562,26.364999771118164,1776.0
2026-08-14T14:35:00-04:00,26.375,26.40999984741211,26.375,26.40999984741211,2651.0
2026-08-14T14:40:00-04:00,26.395000457763672,26.399999618530273,26.395000457763672,26.399999618530273,479.0
2026-08-14T14:45:00-04:00,26.40999984741211,26.40999984741211,26.389999389648438,26.389999389648438,1741.0
2026-08-14T14:50:00-04:00,26.405000686645508,26.405000686645508,26.405000686645508,26.405000686645508,700.0
2026-08-14T14:55:00-04:00,26.40999984741211,26.426300048828125,26.40999984741211,26.426300048828125,1299.0
2026-08-14T15:00:00-04:00,26.420000076293945,26.420000076293945,26.34000015258789,26.34000015258789,4269.0
2026-08-14T15:05:00-04:00,26.315000534057617,26.364999771118164,26.315000534057617,26.364999771118164,2499.0
2026-08-14T15:10:00-04:00,26.3799991607666,26.3799991607666,26.360000610351562,26.360000610351562,1463.0
2026-08-14T15:15:00-04:00,26.360000610351562,26.360000610351562,26.34000015258789,26.350000381469727,1643.0
2026-08-14T15:20:00-04:00,26.360000610351562,26.360000610351562,26.360000610351562,26.360000610351562,934.0
2026-08-14T15:25:00-04:00,26.360000610351562,26.360000610351562,26.309999465942383,26.309999465942383,2681.0
2026-08-14T15:30:00-04:00,26.34000015258789,26.34000015258789,26.31999969482422,26.31999969482422,3415.0
2026-08-14T15:35:00-04:00,26.329999923706055,26.3700008392334,26.322999954223633,26.34000015258789,5883.0
2026-08-14T15:40:00-04:00,26.31999969482422,26.360000610351562,26.31999969482422,26.354999542236328,3496.0
2026-08-14T15:45:00-04:00,26.295000076293945,26.299999237060547,26.260000228881836,26.299999237060547,7659.0
2026-08-14T15:50:00-04:00,26.29450035095215,26.309999465942383,26.280000686645508,26.280000686645508,6049.0
2026-08-14T15:55:00-04:00,26.235000610351562,26.360000610351562,26.200000762939453,26.34000015258789,31419.0
2026-08-17T09:30:00-04:00,26.489999771118164,26.649999618530273,26.415000915527344,26.639999389648438,11116.0
2026-08-17T09:35:00-04:00,26.670000076293945,26.670000076293945,26.5,26.5,1038.0
2026-08-17T09:40:00-04:00,26.783000946044922,26.86400032043457,26.783000946044922,26.86400032043457,610.0
2026-08-17T09:45:00-04:00,26.709999084472656,26.850000381469727,26.670000076293945,26.850000381469727,950.0
2026-08-17T09:50:00-04:00,26.860000610351562,26.864999771118164,26.860000610351562,26.864999771118164,1290.0
2026-08-17T09:55:00-04:00,26.649999618530273,26.649999618530273,26.579999923706055,26.59000015258789,1646.0
2026-08-17T10:00:00-04:00,26.450000762939453,26.450000762939453,26.350000381469727,26.350000381469727,2282.0
2026-08-17T10:05:00-04:00,26.420000076293945,26.420000076293945,26.329999923706055,26.329999923706055,1799.0
2026-08-17T10:10:00-04:00,26.309999465942383,26.444700241088867,26.280000686645508,26.444700241088867,1436.0
2026-08-17T10:15:00-04:00,26.260000228881836,26.270000457763672,26.2549991607666,26.2549991607666,1154.0
2026-08-17T10:20:00-04:00,26.472900390625,26.472900390625,26.34000015258789,26.350000381469727,1281.0
2026-08-17T10:25:00-04:00,26.40999984741211,26.40999984741211,26.334999084472656,26.375,1106.0
2026-08-17T10:30:00-04:00,26.420000076293945,26.420000076293945,26.34000015258789,26.34000015258789,2775.0
2026-08-17T10:40:00-04:00,26.300100326538086,26.375,26.300100326538086,26.375,582.0
2026-08-17T10:45:00-04:00,26.385000228881836,26.399999618530273,26.385000228881836,26.395000457763672,811.0
2026-08-17T10:50:00-04:00,26.450000762939453,26.510000228881836,26.290000915527344,26.290000915527344,4347.0
2026-08-17T10:55:00-04:00,26.264999389648438,26.329999923706055,26.264999389648438,26.329999923706055,2459.0
2026-08-17T11:00:00-04:00,26.329999923706055,26.329999923706055,26.309999465942383,26.329999923706055,669.0
2026-08-17T11:05:00-04:00,26.329999923706055,26.3700008392334,26.274999618530273,26.34000015258789,4375.0
2026-08-17T11:15:00-04:00,26.309999465942383,26.31999969482422,26.28499984741211,26.31999969482422,2638.0
2026-08-17T11:25:00-04:00,26.270000457763672,26.270000457763672,26.2450008392334,26.2450008392334,1495.0
2026-08-17T11:30:00-04:00,26.260000228881836,26.260000228881836,26.209999084472656,26.209999084472656,1156.0
2026-08-17T11:35:00-04:00,26.274999618530273,26.31999969482422,26.229999542236328,26.31999969482422,7651.0
2026-08-17T11:40:00-04:00,26.352500915527344,26.40999984741211,26.299999237060547,26.299999237060547,478.0
2026-08-17T11:45:00-04:00,26.354999542236328,26.39900016784668,26.354999542236328,26.39900016784668,601.0
2026-08-17T11:50:00-04:00,26.375,26.399999618530273,26.375,26.3799991607666,2555.0
2026-08-17T11:55:00-04:00,26.3700008392334,26.389999389648438,26.350000381469727,26.3700008392334,2160.0
2026-08-17T12:00:00-04:00,26.3799991607666,26.3799991607666,26.350000381469727,26.350000381469727,1414.0
2026-08-17T12:05:00-04:00,26.344999313354492,26.399999618530273,26.329999923706055,26.3799991607666,3733.0
2026-08-17T12:10:00-04:00,26.40999984741211,26.424999237060547,26.229999542236328,26.280000686645508,22340.0
2026-08-17T12:15:00-04:00,26.31999969482422,26.43000030517578,26.31999969482422,26.34000015258789,3153.0
2026-08-17T12:20:00-04:00,26.389999389648438,26.43000030517578,26.360000610351562,26.364999771118164,2585.0
2026-08-17T12:25:00-04:00,26.34000015258789,26.350000381469727,26.31999969482422,26.350000381469727,1946.0
2026-08-17T12:30:00-04:00,26.350000381469727,26.3700008392334,26.350000381469727,26.3700008392334,704.0
2026-08-17T12:35:00-04:00,26.3700008392334,26.3700008392334,26.30500030517578,26.329999923706055,4659.0
2026-08-17T12:40:00-04:00,26.329999923706055,26.350000381469727,26.329999923706055,26.350000381469727,1212.0
2026-08-17T12:45:00-04:00,26.354999542236328,26.389999389648438,26.354999542236328,26.389999389648438,2029.0
2026-08-17T12:50:00-04:00,26.360000610351562,26.360000610351562,26.360000610351562,26.360000610351562,224.0
2026-08-17T12:55:00-04:00,26.3700008392334,26.3799991607666,26.3700008392334,26.3799991607666,1585.0
2026-08-17T13:00:00-04:00,26.389999389648438,26.389999389648438,26.350000381469727,26.350000381469727,2297.0
2026-08-17T13:05:00-04:00,26.34000015258789,26.350000381469727,26.314599990844727,26.314599990844727,2093.0
2026-08-17T13:10:00-04:00,26.270000457763672,26.309999465942383,26.267499923706055,26.309999465942383,3452.0
2026-08-17T13:15:00-04:00,26.270000457763672,26.270000457763672,26.25,26.25,985.0
2026-08-17T13:20:00-04:00,26.219999313354492,26.24489974975586,26.209999084472656,26.209999084472656,1609.0
2026-08-17T13:25:00-04:00,26.16069984436035,26.18000030517578,26.149999618530273,26.165000915527344,2454.0
2026-08-17T13:30:00-04:00,26.15999984741211,26.15999984741211,26.15999984741211,26.15999984741211,859.0
2026-08-17T13:35:00-04:00,26.170000076293945,26.18000030517578,26.139999389648438,26.139999389648438,2498.0
2026-08-17T13:40:00-04:00,26.139999389648438,26.15999984741211,26.139999389648438,26.15999984741211,2533.0
2026-08-17T13:45:00-04:00,26.15999984741211,26.18000030517578,26.15999984741211,26.170000076293945,1676.0
2026-08-17T13:50:00-04:00,26.170000076293945,26.170000076293945,26.110000610351562,26.1200008392334,2341.0
2026-08-17T13:55:00-04:00,26.1200008392334,26.145000457763672,26.11050033569336,26.145000457763672,2452.0
2026-08-17T14:00:00-04:00,26.149999618530273,26.149999618530273,26.056699752807617,26.056699752807617,3867.0
2026-08-17T14:05:00-04:00,26.084999084472656,26.112600326538086,26.084999084472656,26.112600326538086,568.0
2026-08-17T14:10:00-04:00,26.100000381469727,26.170000076293945,26.079999923706055,26.170000076293945,4963.0
2026-08-17T14:15:00-04:00,26.229999542236328,26.229999542236328,26.219999313354492,26.219999313354492,462.0
2026-08-17T14:20:00-04:00,26.200000762939453,26.209999084472656,26.190000534057617,26.209999084472656,1459.0
2026-08-17T14:25:00-04:00,26.229999542236328,26.229999542236328,26.20009994506836,26.20009994506836,1512.0
2026-08-17T14:30:00-04:00,26.219999313354492,26.219999313354492,26.190000534057617,26.190000534057617,1234.0
2026-08-17T14:35:00-04:00,26.19499969482422,26.209999084472656,26.19499969482422,26.209999084472656,803.0
2026-08-17T14:40:00-04:00,26.204999923706055,26.209999084472656,26.204999923706055,26.209999084472656,853.0
2026-08-17T14:45:00-04:00,26.209999084472656,26.219999313354492,26.200000762939453,26.20599937438965,3922.0
2026-08-17T14:50:00-04:00,26.209999084472656,26.209999084472656,26.20359992980957,26.20359992980957,1046.0
2026-08-17T14:55:00-04:00,26.209999084472656,26.209999084472656,26.170000076293945,26.170000076293945,2354.0
2026-08-17T15:00:00-04:00,26.1299991607666,26.1299991607666,26.06999969482422,26.06999969482422,1753.0
2026-08-17T15:05:00-04:00,26.05500030517578,26.05500030517578,26.030000686645508,26.030000686645508,5538.0
2026-08-17T15:10:00-04:00,26.05500030517578,26.05500030517578,26.030000686645508,26.030000686645508,1352.0
2026-08-17T15:15:00-04:00,26.010000228881836,26.040000915527344,26.0,26.0,3797.0
2026-08-17T15:20:00-04:00,26.024999618530273,26.024999618530273,26.010000228881836,26.010000228881836,1486.0
2026-08-17T15:25:00-04:00,26.040000915527344,26.045000076293945,26.020000457763672,26.030000686645508,4215.0
2026-08-17T15:30:00-04:00,26.010000228881836,26.010000228881836,25.950000762939453,25.950000762939453,8150.0
2026-08-17T15:35:00-04:00,25.950000762939453,26.030000686645508,25.950000762939453,26.024999618530273,5800.0
2026-08-17T15:40:00-04:00,26.024999618530273,26.049999237060547,26.024999618530273,26.045000076293945,4005.0
2026-08-17T15:45:00-04:00,26.030000686645508,26.040000915527344,25.989999771118164,26.0,5689.0
2026-08-17T15:50:00-04:00,25.979999542236328,26.030000686645508,25.959999084472656,25.959999084472656,8716.0
2026-08-17T15:55:00-04:00,25.975000381469727,25.975000381469727,25.770000457763672,25.790000915527344,46037.0
2026-08-18T09:30:00-04:00,25.889999389648438,25.90999984741211,25.510000228881836,25.510000228881836,9911.0
2026-08-18T09:35:00-04:00,25.56999969482422,25.6299991607666,25.56999969482422,25.6299991607666,1352.0
2026-08-18T09:40:00-04:00,25.59000015258789,25.59000015258789,25.450000762939453,25.459999084472656,3838.0
2026-08-18T09:45:00-04:00,25.40999984741211,25.40999984741211,25.40999984741211,25.40999984741211,760.0
2026-08-18T09:50:00-04:00,25.31999969482422,25.31999969482422,25.204999923706055,25.204999923706055,608.0
2026-08-18T09:55:00-04:00,25.484600067138672,25.5,25.484600067138672,25.5,781.0
2026-08-18T10:00:00-04:00,25.290000915527344,25.364999771118164,25.290000915527344,25.364999771118164,3489.0
2026-08-18T10:05:00-04:00,25.280000686645508,25.280000686645508,25.149999618530273,25.149999618530273,1378.0
2026-08-18T10:10:00-04:00,25.084999084472656,25.114999771118164,25.084999084472656,25.114999771118164,1443.0
2026-08-18T10:15:00-04:00,25.145000457763672,25.190000534057617,25.145000457763672,25.15999984741211,1318.0
2026-08-18T10:20:00-04:00,25.15999984741211,25.248180389404297,25.15999984741211,25.222000122070312,2709.0
2026-08-18T10:25:00-04:00,25.229999542236328,25.229999542236328,25.225000381469727,25.225000381469727,466.0
2026-08-18T10:30:00-04:00,25.280000686645508,25.280000686645508,25.25,25.25,1216.0
2026-08-18T10:35:00-04:00,25.200000762939453,25.209999084472656,25.200000762939453,25.200000762939453,645.0
2026-08-18T10:40:00-04:00,25.20009994506836,25.239999771118164,25.170000076293945,25.219900131225586,2530.0
2026-08-18T10:45:00-04:00,25.219999313354492,25.34000015258789,25.219999313354492,25.34000015258789,1941.0
2026-08-18T10:50:00-04:00,25.290000915527344,25.299999237060547,25.260000228881836,25.260000228881836,2692.0
2026-08-18T10:55:00-04:00,25.204999923706055,25.204999923706055,25.079999923706055,25.079999923706055,5435.0
2026-08-18T11:00:00-04:00,25.075000762939453,25.079999923706055,25.059999465942383,25.079999923706055,742.0
2026-08-18T11:05:00-04:00,25.110000610351562,25.110000610351562,24.850000381469727,24.850000381469727,8291.0
2026-08-18T11:10:00-04:00,24.895000457763672,24.895000457763672,24.844999313354492,24.8799991607666,2797.0
2026-08-18T11:15:00-04:00,24.809999465942383,24.809999465942383,24.809999465942383,24.809999465942383,484.0
2026-08-18T11:20:00-04:00,24.770000457763672,24.799999237060547,24.770000457763672,24.790000915527344,1453.0
2026-08-18T11:25:00-04:00,24.790000915527344,24.790000915527344,24.790000915527344,24.790000915527344,1046.0
2026-08-18T11:30:00-04:00,24.81999969482422,24.81999969482422,24.770000457763672,24.80500030517578,1356.0
2026-08-18T11:35:00-04:00,24.833799362182617,24.833799362182617,24.829999923706055,24.829999923706055,2571.0
2026-08-18T11:40:00-04:00,24.770000457763672,24.770000457763672,24.75,24.75,2590.0
2026-08-18T11:45:00-04:00,24.760000228881836,24.8799991607666,24.72010040283203,24.8799991607666,2679.0
2026-08-18T11:50:00-04:00,24.860000610351562,24.93000030517578,24.860000610351562,24.93000030517578,612.0
2026-08-18T11:55:00-04:00,24.829999923706055,24.950000762939453,24.829999923706055,24.950000762939453,5520.0
2026-08-18T12:05:00-04:00,24.940000534057617,24.940000534057617,24.899999618530273,24.899999618530273,850.0
2026-08-18T12:10:00-04:00,24.870399475097656,24.899999618530273,24.8700008392334,24.895000457763672,1876.0
2026-08-18T12:15:00-04:00,24.860000610351562,24.93000030517578,24.860000610351562,24.899999618530273,3267.0
2026-08-18T12:20:00-04:00,24.8700008392334,24.8700008392334,24.8700008392334,24.8700008392334,572.0
2026-08-18T12:25:00-04:00,24.8700008392334,24.899999618530273,24.809999465942383,24.809999465942383,5058.0
2026-08-18T12:30:00-04:00,24.829999923706055,24.834999084472656,24.829999923706055,24.834999084472656,559.0
2026-08-18T12:35:00-04:00,24.81999969482422,24.834999084472656,24.81999969482422,24.834999084472656,487.0
2026-08-18T12:40:00-04:00,24.860000610351562,24.8700008392334,24.84000015258789,24.84000015258789,3071.0
2026-08-18T12:45:00-04:00,24.860000610351562,24.860000610351562,24.840099334716797,24.840099334716797,773.0
2026-08-18T12:50:00-04:00,24.850000381469727,24.850000381469727,24.81999969482422,24.81999969482422,2014.0
2026-08-18T12:55:00-04:00,24.84269905090332,24.84269905090332,24.84000015258789,24.84000015258789,1076.0
2026-08-18T13:00:00-04:00,24.84000015258789,24.860000610351562,24.84000015258789,24.860000610351562,2743.0
2026-08-18T13:05:00-04:00,24.84000015258789,24.90999984741211,24.8302001953125,24.90999984741211,10375.0
2026-08-18T13:10:00-04:00,24.90999984741211,24.90999984741211,24.8700008392334,24.8700008392334,2336.0
2026-08-18T13:15:00-04:00,24.864999771118164,24.864999771118164,24.719999313354492,24.719999313354492,7969.0
2026-08-18T13:20:00-04:00,24.700000762939453,24.742700576782227,24.68000030517578,24.700000762939453,4752.0
2026-08-18T13:25:00-04:00,24.709999084472656,24.709999084472656,24.687400817871094,24.687400817871094,1251.0
2026-08-18T13:30:00-04:00,24.680099487304688,24.709999084472656,24.680099487304688,24.709999084472656,544.0
2026-08-18T13:35:00-04:00,24.68000030517578,24.68000030517578,24.610000610351562,24.6200008392334,3752.0
2026-08-18T13:40:00-04:00,24.649999618530273,24.649999618530273,24.549999237060547,24.549999237060547,3221.0
2026-08-18T13:45:00-04:00,24.559999465942383,24.559999465942383,24.559999465942383,24.559999465942383,924.0
2026-08-18T13:50:00-04:00,24.540000915527344,24.610000610351562,24.469999313354492,24.600000381469727,29193.0
2026-08-18T13:55:00-04:00,24.649999618530273,24.65999984741211,24.649999618530273,24.65999984741211,1867.0
2026-08-18T14:00:00-04:00,24.690000534057617,24.690000534057617,24.690000534057617,24.690000534057617,1549.0
2026-08-18T14:05:00-04:00,24.69499969482422,24.69499969482422,24.670000076293945,24.670000076293945,2224.0
2026-08-18T14:10:00-04:00,24.690000534057617,24.700000762939453,24.670000076293945,24.700000762939453,1761.0
2026-08-18T14:15:00-04:00,24.700000762939453,24.739999771118164,24.700000762939453,24.739999771118164,3437.0
2026-08-18T14:20:00-04:00,24.7450008392334,24.860000610351562,24.7450008392334,24.815000534057617,2885.0
2026-08-18T14:25:00-04:00,24.799999237060547,24.829999923706055,24.799999237060547,24.81999969482422,1764.0
2026-08-18T14:30:00-04:00,24.834999084472656,24.834999084472656,24.834999084472656,24.834999084472656,1037.0
2026-08-18T14:35:00-04:00,24.8799991607666,24.90999984741211,24.84000015258789,24.854999542236328,4894.0
2026-08-18T14:40:00-04:00,24.850000381469727,24.850000381469727,24.780000686645508,24.780000686645508,1831.0
2026-08-18T14:45:00-04:00,24.780000686645508,24.790000915527344,24.770000457763672,24.780000686645508,2022.0
2026-08-18T14:50:00-04:00,24.770000457763672,24.770000457763672,24.770000457763672,24.770000457763672,1022.0
2026-08-18T14:55:00-04:00,24.75,24.829999923706055,24.75,24.829999923706055,4437.0
2026-08-18T15:00:00-04:00,24.829999923706055,24.860000610351562,24.809999465942383,24.809999465942383,4928.0
2026-08-18T15:05:00-04:00,24.829999923706055,24.83489990234375,24.809999465942383,24.809999465942383,2463.0
2026-08-18T15:10:00-04:00,24.809999465942383,24.809999465942383,24.760000228881836,24.78499984741211,16453.0
2026-08-18T15:15:00-04:00,24.760000228881836,24.8799991607666,24.7450008392334,24.854999542236328,29229.0
2026-08-18T15:20:00-04:00,24.860000610351562,24.860000610351562,24.737499237060547,24.831300735473633,5694.0
2026-08-18T15:25:00-04:00,24.80500030517578,24.809999465942383,24.795000076293945,24.795000076293945,2225.0
2026-08-18T15:30:00-04:00,24.795000076293945,24.829999923706055,24.780000686645508,24.809999465942383,9443.0
2026-08-18T15:35:00-04:00,24.809999465942383,24.815000534057617,24.780000686645508,24.790000915527344,14273.0
2026-08-18T15:40:00-04:00,24.790000915527344,24.829999923706055,24.760000228881836,24.799999237060547,12056.0
2026-08-18T15:45:00-04:00,24.790000915527344,24.790000915527344,24.725000381469727,24.7549991607666,16018.0
2026-08-18T15:50:00-04:00,24.75,24.780000686645508,24.725000381469727,24.739999771118164,50803.0
2026-08-18T15:55:00-04:00,24.739999771118164,24.860000610351562,24.709999084472656,24.729999542236328,98582.0
2026-08-19T09:30:00-04:00,25.25,25.389999389648438,25.030000686645508,25.385000228881836,3608.0
2026-08-19T09:35:00-04:00,25.100000381469727,25.299999237060547,25.100000381469727,25.209999084472656,4068.0
2026-08-19T09:40:00-04:00,25.239999771118164,25.40999984741211,25.100000381469727,25.21500015258789,3271.0
2026-08-19T09:45:00-04:00,25.21500015258789,25.21500015258789,25.21500015258789,25.21500015258789,256.0
2026-08-19T09:50:00-04:00,25.2450008392334,25.2450008392334,25.2450008392334,25.2450008392334,1269.0
2026-08-19T09:55:00-04:00,25.399999618530273,25.479999542236328,25.395000457763672,25.479999542236328,2430.0
2026-08-19T10:00:00-04:00,25.485000610351562,25.614999771118164,25.485000610351562,25.614999771118164,565.0
2026-08-19T10:05:00-04:00,25.684999465942383,25.684999465942383,25.614999771118164,25.614999771118164,717.0
2026-08-19T10:10:00-04:00,25.545000076293945,25.920000076293945,25.545000076293945,25.920000076293945,61535.0
2026-08-19T10:15:00-04:00,25.854999542236328,25.979999542236328,25.790000915527344,25.979999542236328,4330.0
2026-08-19T10:20:00-04:00,25.93000030517578,25.959999084472656,25.90999984741211,25.959999084472656,1777.0
2026-08-19T10:25:00-04:00,25.90999984741211,25.97010040283203,25.90999984741211,25.97010040283203,2227.0
2026-08-19T10:30:00-04:00,26.045000076293945,26.094999313354492,26.020000457763672,26.09000015258789,4709.0
2026-08-19T10:35:00-04:00,26.059999465942383,26.190000534057617,26.030099868774414,26.190000534057617,3864.0
2026-08-19T10:40:00-04:00,26.280000686645508,26.280000686645508,26.200000762939453,26.270000457763672,1325.0
2026-08-19T10:45:00-04:00,26.200000762939453,26.246200561523438,26.139999389648438,26.18000030517578,4051.0
2026-08-19T10:50:00-04:00,26.170000076293945,26.190000534057617,26.170000076293945,26.174999237060547,2672.0
2026-08-19T10:55:00-04:00,26.239999771118164,26.309999465942383,26.239999771118164,26.260000228881836,2784.0
2026-08-19T11:00:00-04:00,26.25,26.31999969482422,26.200000762939453,26.200000762939453,3405.0
2026-08-19T11:05:00-04:00,26.190000534057617,26.239999771118164,26.170000076293945,26.239999771118164,2381.0
2026-08-19T11:10:00-04:00,26.239999771118164,26.270000457763672,26.209999084472656,26.270000457763672,2476.0
2026-08-19T11:15:00-04:00,26.299999237060547,26.309999465942383,26.25,26.260000228881836,3553.0
2026-08-19T11:20:00-04:00,26.280000686645508,26.450000762939453,26.280000686645508,26.399999618530273,3726.0
2026-08-19T11:25:00-04:00,26.350000381469727,26.350000381469727,26.31999969482422,26.31999969482422,1703.0
2026-08-19T11:30:00-04:00,26.329999923706055,26.353099822998047,26.219999313354492,26.219999313354492,3078.0
2026-08-19T11:35:00-04:00,26.229999542236328,26.229999542236328,26.200000762939453,26.200000762939453,1139.0
2026-08-19T11:40:00-04:00,26.170000076293945,26.194900512695312,26.100000381469727,26.170000076293945,5861.0
2026-08-19T11:45:00-04:00,26.19499969482422,26.200000762939453,26.19499969482422,26.200000762939453,1059.0
2026-08-19T11:50:00-04:00,26.25,26.25,26.190000534057617,26.190000534057617,3746.0
2026-08-19T11:55:00-04:00,26.190000534057617,26.40999984741211,26.190000534057617,26.40999984741211,7854.0
2026-08-19T12:00:00-04:00,26.40999984741211,26.450000762939453,26.40999984741211,26.440000534057617,1872.0
2026-08-19T12:05:00-04:00,26.450000762939453,26.479999542236328,26.450000762939453,26.469999313354492,3058.0
2026-08-19T12:10:00-04:00,26.5,26.5,26.43000030517578,26.479999542236328,1746.0
2026-08-19T12:15:00-04:00,26.450000762939453,26.450000762939453,26.450000762939453,26.450000762939453,323.0
2026-08-19T12:20:00-04:00,26.440000534057617,26.44499969482422,26.43000030517578,26.44499969482422,1922.0
2026-08-19T12:25:00-04:00,26.420000076293945,26.420000076293945,26.389999389648438,26.40999984741211,1219.0
2026-08-19T12:30:00-04:00,26.3799991607666,26.389999389648438,26.360000610351562,26.360000610351562,2569.0
2026-08-19T12:35:00-04:00,26.360000610351562,26.364999771118164,26.360000610351562,26.364999771118164,1573.0
2026-08-19T12:40:00-04:00,26.329999923706055,26.329999923706055,26.31999969482422,26.31999969482422,698.0
2026-08-19T12:45:00-04:00,26.309999465942383,26.309999465942383,26.290000915527344,26.290000915527344,1273.0
2026-08-19T12:50:00-04:00,26.309999465942383,26.309999465942383,26.270000457763672,26.270000457763672,1657.0
2026-08-19T12:55:00-04:00,26.2549991607666,26.350000381469727,26.25,26.350000381469727,3417.0
2026-08-19T13:00:00-04:00,26.399999618530273,26.40999984741211,26.329999923706055,26.40999984741211,1908.0
2026-08-19T13:10:00-04:00,26.398300170898438,26.398300170898438,26.322500228881836,26.360000610351562,3341.0
2026-08-19T13:15:00-04:00,26.329999923706055,26.329999923706055,26.295000076293945,26.295000076293945,1505.0
2026-08-19T13:20:00-04:00,26.280000686645508,26.299999237060547,26.280000686645508,26.299999237060547,1633.0
2026-08-19T13:25:00-04:00,26.299999237060547,26.350000381469727,26.28499984741211,26.350000381469727,3402.0
2026-08-19T13:30:00-04:00,26.360000610351562,26.360000610351562,26.34000015258789,26.344999313354492,1814.0
2026-08-19T13:35:00-04:00,26.344999313354492,26.344999313354492,26.31999969482422,26.31999969482422,2892.0
2026-08-19T13:40:00-04:00,26.350000381469727,26.360000610351562,26.299999237060547,26.299999237060547,3840.0
2026-08-19T13:45:00-04:00,26.309999465942383,26.31999969482422,26.25,26.309999465942383,7191.0
2026-08-19T13:50:00-04:00,26.329999923706055,26.329999923706055,26.290000915527344,26.30500030517578,2824.0
2026-08-19T13:55:00-04:00,26.31999969482422,26.350000381469727,26.30500030517578,26.329999923706055,4711.0
2026-08-19T14:00:00-04:00,26.350000381469727,26.350000381469727,25.985000610351562,25.985000610351562,25789.0
2026-08-19T14:05:00-04:00,26.020000457763672,26.059999465942383,26.014999389648438,26.014999389648438,2726.0
2026-08-19T14:10:00-04:00,26.024999618530273,26.09000015258789,26.024999618530273,26.084999084472656,2456.0
2026-08-19T14:15:00-04:00,26.110000610351562,26.1200008392334,25.979999542236328,25.979999542236328,9456.0
2026-08-19T14:20:00-04:00,25.93000030517578,25.93000030517578,25.799999237060547,25.799999237060547,3621.0
2026-08-19T14:25:00-04:00,25.719999313354492,25.719999313354492,25.65999984741211,25.684999465942383,3148.0
2026-08-19T14:30:00-04:00,25.649999618530273,25.729999542236328,25.649999618530273,25.729999542236328,2784.0
2026-08-19T14:35:00-04:00,25.760000228881836,25.829999923706055,25.739999771118164,25.829999923706055,4568.0
2026-08-19T14:40:00-04:00,25.950000762939453,25.979999542236328,25.950000762939453,25.959999084472656,2280.0
2026-08-19T14:45:00-04:00,25.959999084472656,25.959999084472656,25.84000015258789,25.84000015258789,2994.0
2026-08-19T14:50:00-04:00,25.764999389648438,25.850000381469727,25.739999771118164,25.850000381469727,4583.0
2026-08-19T14:55:00-04:00,25.850000381469727,25.889999389648438,25.850000381469727,25.850000381469727,3141.0
2026-08-19T15:00:00-04:00,25.825000762939453,25.864999771118164,25.825000762939453,25.850000381469727,2706.0
2026-08-19T15:05:00-04:00,25.850000381469727,25.8799991607666,25.850000381469727,25.8700008392334,3288.0
2026-08-19T15:10:00-04:00,25.829999923706055,25.829999923706055,25.78499984741211,25.78499984741211,2224.0
2026-08-19T15:15:00-04:00,25.760000228881836,25.790000915527344,25.59000015258789,25.670000076293945,18667.0
2026-08-19T15:20:00-04:00,25.670000076293945,25.729999542236328,25.670000076293945,25.709999084472656,3254.0
2026-08-19T15:25:00-04:00,25.700000762939453,25.739999771118164,25.69499969482422,25.725299835205078,5761.0
2026-08-19T15:30:00-04:00,25.725000381469727,25.78499984741211,25.725000381469727,25.78499984741211,3602.0
2026-08-19T15:35:00-04:00,25.78499984741211,25.850000381469727,25.719999313354492,25.829999923706055,9884.0
2026-08-19T15:40:00-04:00,25.815000534057617,25.815000534057617,25.780000686645508,25.799999237060547,5378.0
2026-08-19T15:45:00-04:00,25.790000915527344,25.8799991607666,25.790000915527344,25.84000015258789,6374.0
2026-08-19T15:50:00-04:00,25.799999237060547,25.829999923706055,25.7450008392334,25.780000686645508,11333.0
2026-08-19T15:55:00-04:00,25.780000686645508,25.799999237060547,25.65999984741211,25.709999084472656,58272.0
2026-08-20T09:30:00-04:00,25.350000381469727,25.350000381469727,25.350000381469727,25.350000381469727,3952.0
2026-08-20T09:35:00-04:00,25.131799697875977,25.415000915527344,25.131799697875977,25.415000915527344,1736.0
2026-08-20T09:40:00-04:00,25.46500015258789,25.4950008392334,25.46500015258789,25.4950008392334,4563.0
2026-08-20T09:45:00-04:00,25.4950008392334,25.4950008392334,25.4950008392334,25.4950008392334,500.0
2026-08-20T09:55:00-04:00,25.3799991607666,25.3799991607666,25.14080047607422,25.14080047607422,3943.0
2026-08-20T10:00:00-04:00,25.290000915527344,25.440000534057617,25.290000915527344,25.290000915527344,4879.0
2026-08-20T10:05:00-04:00,25.290000915527344,25.360000610351562,25.2549991607666,25.360000610351562,2022.0
2026-08-20T10:10:00-04:00,25.389999389648438,25.5,25.3799991607666,25.420000076293945,2022.0
2026-08-20T10:15:00-04:00,25.399999618530273,25.549999237060547,25.399999618530273,25.549999237060547,6550.0
2026-08-20T10:20:00-04:00,25.454999923706055,25.46500015258789,25.420000076293945,25.420000076293945,1066.0
2026-08-20T10:25:00-04:00,25.469999313354492,25.520000457763672,25.459999084472656,25.520000457763672,2003.0
2026-08-20T10:30:00-04:00,25.459999084472656,25.524999618530273,25.459999084472656,25.459999084472656,10132.0
2026-08-20T10:35:00-04:00,25.530000686645508,25.530000686645508,25.40999984741211,25.40999984741211,1896.0
2026-08-20T10:40:00-04:00,25.479999542236328,25.479999542236328,25.475000381469727,25.475000381469727,1097.0
2026-08-20T10:45:00-04:00,25.530000686645508,25.530000686645508,25.475000381469727,25.475000381469727,735.0
2026-08-20T10:50:00-04:00,25.469999313354492,25.479999542236328,25.469999313354492,25.479999542236328,730.0
2026-08-20T10:55:00-04:00,25.520000457763672,25.559999465942383,25.5,25.540000915527344,3882.0
2026-08-20T11:00:00-04:00,25.6299991607666,25.709999084472656,25.6299991607666,25.690000534057617,3608.0
2026-08-20T11:05:00-04:00,25.59000015258789,25.59000015258789,25.350000381469727,25.40999984741211,9856.0
2026-08-20T11:10:00-04:00,25.344999313354492,25.420000076293945,25.31999969482422,25.420000076293945,2930.0
2026-08-20T11:15:00-04:00,25.40999984741211,25.440000534057617,25.36009979248047,25.440000534057617,3362.0
2026-08-20T11:20:00-04:00,25.454999923706055,25.454999923706055,25.360000610351562,25.389999389648438,1758.0
2026-08-20T11:25:00-04:00,25.420000076293945,25.43000030517578,25.3799991607666,25.43000030517578,1337.0
2026-08-20T11:30:00-04:00,25.434999465942383,25.434999465942383,25.3700008392334,25.3700008392334,1552.0
2026-08-20T11:35:00-04:00,25.3700008392334,25.3700008392334,25.239999771118164,25.25,2814.0
2026-08-20T11:40:00-04:00,25.25,25.3700008392334,25.25,25.329999923706055,3373.0
2026-08-20T11:45:00-04:00,25.309999465942383,25.34000015258789,25.309999465942383,25.34000015258789,1005.0
2026-08-20T11:50:00-04:00,25.334999084472656,25.3799991607666,25.329999923706055,25.329999923706055,1665.0
2026-08-20T11:55:00-04:00,25.360000610351562,25.3799991607666,25.309999465942383,25.309999465942383,17012.0
2026-08-20T12:00:00-04:00,25.309999465942383,25.329999923706055,25.299999237060547,25.309999465942383,1359.0
2026-08-20T12:05:00-04:00,25.31999969482422,25.329999923706055,25.31999969482422,25.31999969482422,1465.0
2026-08-20T12:10:00-04:00,25.290000915527344,25.290000915527344,25.290000915527344,25.290000915527344,774.0
2026-08-20T12:15:00-04:00,25.280000686645508,25.280000686645508,25.270000457763672,25.270000457763672,941.0
2026-08-20T12:20:00-04:00,25.299999237060547,25.299999237060547,25.270000457763672,25.270000457763672,931.0
2026-08-20T12:25:00-04:00,25.270000457763672,25.270000457763672,25.235000610351562,25.260000228881836,20224.0
2026-08-20T12:30:00-04:00,25.2450008392334,25.274999618530273,25.15999984741211,25.165000915527344,13384.0
2026-08-20T12:35:00-04:00,25.184999465942383,25.209999084472656,25.184999465942383,25.209999084472656,1350.0
2026-08-20T12:40:00-04:00,25.219999313354492,25.239999771118164,25.200000762939453,25.200000762939453,2171.0
2026-08-20T12:45:00-04:00,25.20400047302246,25.229999542236328,25.20400047302246,25.219999313354492,1780.0
2026-08-20T12:50:00-04:00,25.219999313354492,25.219999313354492,25.219999313354492,25.219999313354492,717.0
2026-08-20T12:55:00-04:00,25.21500015258789,25.21500015258789,25.190000534057617,25.190000534057617,2370.0
2026-08-20T13:00:00-04:00,25.139999389648438,25.15999984741211,25.1200008392334,25.1200008392334,1004.0
2026-08-20T13:05:00-04:00,25.135000228881836,25.135000228881836,25.110000610351562,25.110000610351562,1148.0
2026-08-20T13:10:00-04:00,25.09000015258789,25.100000381469727,25.059999465942383,25.06999969482422,2795.0
2026-08-20T13:15:00-04:00,25.065000534057617,25.065000534057617,25.04010009765625,25.04010009765625,807.0
2026-08-20T13:20:00-04:00,25.065000534057617,25.09000015258789,25.0,25.0,5803.0
2026-08-20T13:25:00-04:00,24.9950008392334,24.9950008392334,24.969999313354492,24.969999313354492,1168.0
2026-08-20T13:30:00-04:00,24.969999313354492,24.969999313354492,24.780000686645508,24.799999237060547,9410.0
2026-08-20T13:35:00-04:00,24.815000534057617,24.815000534057617,24.815000534057617,24.815000534057617,432.0
2026-08-20T13:40:00-04:00,24.84000015258789,24.899999618530273,24.84000015258789,24.875,5053.0
2026-08-20T13:45:00-04:00,24.8799991607666,24.889999389648438,24.8799991607666,24.889999389648438,822.0
2026-08-20T13:50:00-04:00,24.899999618530273,24.899999618530273,24.860000610351562,24.860000610351562,1400.0
2026-08-20T13:55:00-04:00,24.8700008392334,24.8799991607666,24.829999923706055,24.829999923706055,2710.0
2026-08-20T14:00:00-04:00,24.790000915527344,24.81999969482422,24.78499984741211,24.78499984741211,3283.0
2026-08-20T14:05:00-04:00,24.770000457763672,24.770000457763672,24.670000076293945,24.719999313354492,4281.0
2026-08-20T14:10:00-04:00,24.65999984741211,24.670000076293945,24.627700805664062,24.627700805664062,1124.0
2026-08-20T14:15:00-04:00,24.709999084472656,24.709999084472656,24.545000076293945,24.6299991607666,4925.0
2026-08-20T14:20:00-04:00,24.649999618530273,24.670000076293945,24.649999618530273,24.670000076293945,1114.0
2026-08-20T14:25:00-04:00,24.674999237060547,24.709999084472656,24.674999237060547,24.709999084472656,1472.0
2026-08-20T14:30:00-04:00,24.729999542236328,24.75,24.719999313354492,24.75,2505.0
2026-08-20T14:40:00-04:00,24.7549991607666,24.7549991607666,24.735000610351562,24.735000610351562,1383.0
2026-08-20T14:45:00-04:00,24.700000762939453,24.739999771118164,24.700000762939453,24.719999313354492,4633.0
2026-08-20T14:50:00-04:00,24.729999542236328,24.739999771118164,24.729999542236328,24.735000610351562,1421.0
2026-08-20T14:55:00-04:00,24.71500015258789,24.719999313354492,24.68000030517578,24.704999923706055,1722.0
2026-08-20T15:00:00-04:00,24.68000030517578,24.690000534057617,24.6299991607666,24.6299991607666,2511.0
2026-08-20T15:05:00-04:00,24.6200008392334,24.665000915527344,24.6200008392334,24.6299991607666,5716.0
2026-08-20T15:10:00-04:00,24.614999771118164,24.614999771118164,24.530000686645508,24.56999969482422,12275.0
2026-08-20T15:15:00-04:00,24.579999923706055,24.6200008392334,24.530000686645508,24.540000915527344,8570.0
2026-08-20T15:20:00-04:00,24.520000457763672,24.719999313354492,24.520000457763672,24.69499969482422,5550.0
2026-08-20T15:25:00-04:00,24.69499969482422,24.69499969482422,24.610000610351562,24.639999389648438,6955.0
2026-08-20T15:30:00-04:00,24.62380027770996,24.689899444580078,24.62380027770996,24.6299991607666,7540.0
2026-08-20T15:35:00-04:00,24.6200008392334,24.68000030517578,24.6200008392334,24.6200008392334,10157.0
2026-08-20T15:40:00-04:00,24.65999984741211,24.65999984741211,24.610000610351562,24.639999389648438,7653.0
2026-08-20T15:45:00-04:00,24.649999618530273,24.649999618530273,24.520000457763672,24.579999923706055,10087.0
2026-08-20T15:50:00-04:00,24.59000015258789,24.639999389648438,24.540000915527344,24.540000915527344,14433.0
2026-08-20T15:55:00-04:00,24.53499984741211,24.649999618530273,24.450000762939453,24.639999389648438,60774.0
2026-08-21T09:30:00-04:00,25.190000534057617,25.200000762939453,25.040000915527344,25.078699111938477,11661.0
2026-08-21T09:35:00-04:00,25.219999313354492,25.25,25.139999389648438,25.25,2354.0
2026-08-21T09:40:00-04:00,25.204999923706055,25.389999389648438,25.204999923706055,25.364999771118164,3015.0
2026-08-21T09:45:00-04:00,25.469999313354492,25.479999542236328,25.469999313354492,25.479999542236328,707.0
2026-08-21T09:50:00-04:00,25.540000915527344,25.649999618530273,25.540000915527344,25.549999237060547,1434.0
2026-08-21T09:55:00-04:00,25.55500030517578,25.55500030517578,25.520000457763672,25.53499984741211,1236.0
2026-08-21T10:00:00-04:00,25.565000534057617,25.565000534057617,25.479999542236328,25.479999542236328,713.0
2026-08-21T10:05:00-04:00,25.469999313354492,25.469999313354492,25.309999465942383,25.309999465942383,2534.0
2026-08-21T10:10:00-04:00,25.274999618530273,25.399999618530273,25.15999984741211,25.15999984741211,3078.0
2026-08-21T10:15:00-04:00,25.139999389648438,25.149999618530273,25.059999465942383,25.079999923706055,2218.0
2026-08-21T10:20:00-04:00,25.030099868774414,25.1299991607666,25.014999389648438,25.100000381469727,4628.0
2026-08-21T10:25:00-04:00,25.139999389648438,25.229999542236328,25.1299991607666,25.229999542236328,7161.0
2026-08-21T10:30:00-04:00,25.299999237060547,25.389999389648438,25.299999237060547,25.389999389648438,1830.0
2026-08-21T10:35:00-04:00,25.395000457763672,25.415000915527344,25.329999923706055,25.329999923706055,1800.0
2026-08-21T10:40:00-04:00,25.360000610351562,25.43000030517578,25.360000610351562,25.43000030517578,1084.0
2026-08-21T10:45:00-04:00,25.3799991607666,25.420000076293945,25.3700008392334,25.420000076293945,2207.0
2026-08-21T10:50:00-04:00,25.420000076293945,25.420000076293945,25.3700008392334,25.3700008392334,1321.0
2026-08-21T10:55:00-04:00,25.3799991607666,25.40999984741211,25.329999923706055,25.389999389648438,2348.0
2026-08-21T11:00:00-04:00,25.440000534057617,25.440000534057617,25.360000610351562,25.399999618530273,2574.0
2026-08-21T11:05:00-04:00,25.395299911499023,25.55500030517578,25.395299911499023,25.55500030517578,2372.0
2026-08-21T11:10:00-04:00,25.579999923706055,25.59000015258789,25.479999542236328,25.479999542236328,2328.0
2026-08-21T11:15:00-04:00,25.469999313354492,25.469999313354492,25.405000686645508,25.405000686645508,1336.0
2026-08-21T11:20:00-04:00,25.360000610351562,25.420000076293945,25.360000610351562,25.40999984741211,1578.0
2026-08-21T11:25:00-04:00,25.440000534057617,25.440000534057617,25.4143009185791,25.4143009185791,940.0
2026-08-21T11:30:00-04:00,25.399999618530273,25.489999771118164,25.385000228881836,25.489999771118164,4406.0
2026-08-21T11:35:00-04:00,25.530000686645508,25.530000686645508,25.530000686645508,25.530000686645508,600.0
2026-08-21T11:40:00-04:00,25.53499984741211,25.53499984741211,25.510000228881836,25.510000228881836,1521.0
2026-08-21T11:45:00-04:00,25.520000457763672,25.549999237060547,25.489999771118164,25.489999771118164,2277.0
2026-08-21T11:50:00-04:00,25.5049991607666,25.5049991607666,25.489999771118164,25.489999771118164,1345.0
2026-08-21T11:55:00-04:00,25.4950008392334,25.524999618530273,25.4950008392334,25.5,1647.0
2026-08-21T12:00:00-04:00,25.510000228881836,25.510000228881836,25.510000228881836,25.510000228881836,702.0
2026-08-21T12:05:00-04:00,25.524999618530273,25.524999618530273,25.510000228881836,25.510000228881836,3104.0
2026-08-21T12:10:00-04:00,25.510000228881836,25.559999465942383,25.510000228881836,25.524999618530273,4281.0
2026-08-21T12:15:00-04:00,25.530000686645508,25.530000686645508,25.530000686645508,25.530000686645508,758.0
2026-08-21T12:20:00-04:00,25.520000457763672,25.56999969482422,25.489999771118164,25.5,3483.0
2026-08-21T12:25:00-04:00,25.549999237060547,25.549999237060547,25.549999237060547,25.549999237060547,561.0
2026-08-21T12:30:00-04:00,25.540000915527344,25.540000915527344,25.540000915527344,25.540000915527344,1710.0
2026-08-21T12:35:00-04:00,25.510000228881836,25.56999969482422,25.510000228881836,25.56999969482422,2116.0
2026-08-21T12:40:00-04:00,25.56999969482422,25.56999969482422,25.469999313354492,25.56999969482422,25083.0
2026-08-21T12:45:00-04:00,25.55500030517578,25.579999923706055,25.520000457763672,25.530000686645508,3032.0
2026-08-21T12:50:00-04:00,25.514999389648438,25.579999923706055,25.514999389648438,25.579999923706055,5039.0
2026-08-21T12:55:00-04:00,25.594999313354492,25.594999313354492,25.594999313354492,25.594999313354492,268.0
2026-08-21T13:00:00-04:00,25.610000610351562,25.75,25.579999923706055,25.75,8710.0
2026-08-21T13:05:00-04:00,25.75,25.770000457763672,25.719999313354492,25.719999313354492,1717.0
2026-08-21T13:10:00-04:00,25.75,25.75,25.71500015258789,25.71500015258789,1611.0
2026-08-21T13:15:00-04:00,25.719999313354492,25.719999313354492,25.639999389648438,25.639999389648438,2657.0
2026-08-21T13:20:00-04:00,25.639999389648438,25.639999389648438,25.639999389648438,25.639999389648438,1560.0
2026-08-21T13:25:00-04:00,25.600000381469727,25.670000076293945,25.600000381469727,25.670000076293945,2269.0
2026-08-21T13:30:00-04:00,25.649999618530273,25.739599227905273,25.649999618530273,25.725000381469727,3062.0
2026-08-21T13:35:00-04:00,25.729999542236328,25.729999542236328,25.6299991607666,25.6299991607666,3325.0
2026-08-21T13:40:00-04:00,25.6200008392334,25.68000030517578,25.584999084472656,25.655000686645508,4027.0
2026-08-21T13:45:00-04:00,25.655000686645508,25.690000534057617,25.655000686645508,25.65999984741211,2247.0
2026-08-21T13:50:00-04:00,25.690000534057617,25.690000534057617,25.6299991607666,25.6299991607666,2240.0
2026-08-21T13:55:00-04:00,25.649999618530273,25.68000030517578,25.649999618530273,25.670000076293945,2422.0
2026-08-21T14:00:00-04:00,25.670000076293945,25.670000076293945,25.65999984741211,25.65999984741211,1095.0
2026-08-21T14:05:00-04:00,25.670000076293945,25.71500015258789,25.670000076293945,25.690000534057617,3211.0
2026-08-21T14:10:00-04:00,25.68000030517578,25.760000228881836,25.670000076293945,25.760000228881836,4629.0
2026-08-21T14:15:00-04:00,25.760000228881836,25.81999969482422,25.739999771118164,25.799999237060547,2787.0
2026-08-21T14:20:00-04:00,25.809999465942383,25.969999313354492,25.809999465942383,25.969999313354492,5070.0
2026-08-21T14:25:00-04:00,25.940000534057617,25.954999923706055,25.860000610351562,25.860000610351562,4460.0
2026-08-21T14:30:00-04:00,25.86829948425293,25.86829948425293,25.799999237060547,25.799999237060547,4453.0
2026-08-21T14:35:00-04:00,25.81999969482422,25.844999313354492,25.799999237060547,25.815000534057617,6295.0
2026-08-21T14:40:00-04:00,25.80739974975586,25.93000030517578,25.80739974975586,25.889999389648438,3410.0
2026-08-21T14:45:00-04:00,25.915000915527344,25.940000534057617,25.899999618530273,25.899999618530273,4589.0
2026-08-21T14:50:00-04:00,25.889999389648438,25.90999984741211,25.860000610351562,25.90999984741211,4712.0
2026-08-21T14:55:00-04:00,25.90999984741211,25.954999923706055,25.90999984741211,25.94499969482422,2216.0
2026-08-21T15:00:00-04:00,25.969999313354492,25.97010040283203,25.780000686645508,25.829999923706055,8106.0
2026-08-21T15:05:00-04:00,25.829999923706055,25.84000015258789,25.829999923706055,25.84000015258789,1461.0
2026-08-21T15:10:00-04:00,25.809999465942383,25.829999923706055,25.78499984741211,25.81999969482422,3833.0
2026-08-21T15:15:00-04:00,25.81999969482422,25.81999969482422,25.75,25.770000457763672,6948.0
2026-08-21T15:20:00-04:00,25.790000915527344,25.799999237060547,25.790000915527344,25.799999237060547,2964.0
2026-08-21T15:25:00-04:00,25.780000686645508,25.81999969482422,25.739999771118164,25.760000228881836,5242.0
2026-08-21T15:30:00-04:00,25.760000228881836,25.81999969482422,25.760000228881836,25.799999237060547,7618.0
2026-08-21T15:35:00-04:00,25.809999465942383,25.809999465942383,25.795000076293945,25.80500030517578,4667.0
2026-08-21T15:40:00-04:00,25.780000686645508,25.790000915527344,25.729999542236328,25.790000915527344,8617.0
2026-08-21T15:45:00-04:00,25.809999465942383,25.850000381469727,25.799999237060547,25.850000381469727,8358.0
2026-08-21T15:50:00-04:00,25.860000610351562,25.895000457763672,25.75,25.895000457763672,19899.0
2026-08-21T15:55:00-04:00,25.899999618530273,26.010000228881836,25.809999465942383,25.989999771118164,61016.0
2026-08-24T09:30:00-04:00,26.31999969482422,26.382999420166016,26.229999542236328,26.257999420166016,12342.0
2026-08-24T09:35:00-04:00,26.358999252319336,26.40999984741211,26.1200008392334,26.1200008392334,6569.0
2026-08-24T09:40:00-04:00,26.059999465942383,26.059999465942383,25.90999984741211,25.90999984741211,1985.0
2026-08-24T09:45:00-04:00,26.020000457763672,26.020000457763672,25.989999771118164,26.010000228881836,630.0
2026-08-24T09:50:00-04:00,25.954999923706055,25.954999923706055,25.780000686645508,25.795000076293945,2846.0
2026-08-24T09:55:00-04:00,25.875,25.875,25.875,25.875,370.0
2026-08-24T10:00:00-04:00,25.704999923706055,25.704999923706055,25.693199157714844,25.693199157714844,1171.0
2026-08-24T10:10:00-04:00,25.80500030517578,25.80500030517578,25.80500030517578,25.80500030517578,574.0
2026-08-24T10:15:00-04:00,25.690000534057617,25.75,25.639999389648438,25.75,2861.0
2026-08-24T10:20:00-04:00,25.71179962158203,25.795000076293945,25.71179962158203,25.795000076293945,2075.0
2026-08-24T10:25:00-04:00,25.795000076293945,25.84000015258789,25.795000076293945,25.84000015258789,2125.0
2026-08-24T10:30:00-04:00,25.81999969482422,25.81999969482422,25.729999542236328,25.729999542236328,3578.0
2026-08-24T10:40:00-04:00,25.719999313354492,25.719999313354492,25.719999313354492,25.719999313354492,1766.0
2026-08-24T10:45:00-04:00,25.704999923706055,25.780000686645508,25.670000076293945,25.68000030517578,5522.0
2026-08-24T10:50:00-04:00,25.684999465942383,25.684999465942383,25.684999465942383,25.684999465942383,635.0
2026-08-24T10:55:00-04:00,25.729999542236328,25.729999542236328,25.670000076293945,25.674999237060547,1210.0
2026-08-24T11:00:00-04:00,25.674999237060547,25.674999237060547,25.6200008392334,25.6200008392334,2239.0
2026-08-24T11:05:00-04:00,25.600000381469727,25.600000381469727,25.309999465942383,25.31999969482422,39636.0
2026-08-24T11:10:00-04:00,25.30500030517578,25.387500762939453,25.280000686645508,25.280000686645508,2547.0
2026-08-24T11:15:00-04:00,25.270000457763672,25.270000457763672,25.209999084472656,25.260000228881836,3423.0
2026-08-24T11:20:00-04:00,25.299999237060547,25.31999969482422,25.09000015258789,25.139999389648438,3877.0
2026-08-24T11:25:00-04:00,25.110000610351562,25.190000534057617,25.06999969482422,25.174999237060547,5095.0
2026-08-24T11:30:00-04:00,25.139999389648438,25.139999389648438,25.040000915527344,25.125,2667.0
2026-08-24T11:35:00-04:00,25.125,25.149999618530273,25.059999465942383,25.149999618530273,5594.0
2026-08-24T11:40:00-04:00,25.135000228881836,25.15999984741211,25.135000228881836,25.149999618530273,2022.0
2026-08-24T11:45:00-04:00,25.155000686645508,25.18000030517578,25.09000015258789,25.09000015258789,2807.0
2026-08-24T11:50:00-04:00,25.09000015258789,25.09000015258789,25.030000686645508,25.03499984741211,2497.0
2026-08-24T11:55:00-04:00,25.020000457763672,25.020000457763672,24.950000762939453,24.975000381469727,5516.0
2026-08-24T12:00:00-04:00,25.020000457763672,25.020000457763672,24.979999542236328,25.0,4780.0
2026-08-24T12:05:00-04:00,25.0049991607666,25.0049991607666,24.920000076293945,24.950000762939453,3920.0
2026-08-24T12:10:00-04:00,24.93000030517578,24.989999771118164,24.93000030517578,24.979999542236328,2577.0
2026-08-24T12:15:00-04:00,25.010000228881836,25.010000228881836,25.0049991607666,25.0049991607666,1080.0
2026-08-24T12:20:00-04:00,25.0049991607666,25.0049991607666,24.969999313354492,24.985000610351562,3772.0
2026-08-24T12:25:00-04:00,24.950000762939453,24.950000762939453,24.850000381469727,24.8700008392334,5771.0
2026-08-24T12:30:00-04:00,24.84000015258789,24.84000015258789,24.680099487304688,24.680099487304688,3717.0
2026-08-24T12:35:00-04:00,24.694000244140625,24.770000457763672,24.690000534057617,24.752500534057617,4828.0
2026-08-24T12:40:00-04:00,24.729999542236328,24.729999542236328,24.71500015258789,24.729999542236328,2692.0
2026-08-24T12:45:00-04:00,24.709999084472656,24.709999084472656,24.530000686645508,24.530000686645508,7310.0
2026-08-24T12:50:00-04:00,24.530000686645508,24.554000854492188,24.520000457763672,24.53499984741211,2960.0
2026-08-24T12:55:00-04:00,24.559999465942383,24.649999618530273,24.559999465942383,24.6200008392334,3755.0
2026-08-24T13:00:00-04:00,24.604999542236328,24.760000228881836,24.604999542236328,24.75,3631.0
2026-08-24T13:05:00-04:00,24.735000610351562,24.739999771118164,24.729999542236328,24.735000610351562,1626.0
2026-08-24T13:10:00-04:00,24.719999313354492,24.84000015258789,24.68000030517578,24.68000030517578,5486.0
2026-08-24T13:15:00-04:00,24.65999984741211,24.670000076293945,24.649999618530273,24.649999618530273,1394.0
2026-08-24T13:20:00-04:00,24.639999389648438,24.65999984741211,24.600000381469727,24.622699737548828,5400.0
2026-08-24T13:25:00-04:00,24.665000915527344,24.665000915527344,24.6299991607666,24.6299991607666,877.0
2026-08-24T13:35:00-04:00,24.665000915527344,24.665000915527344,24.457298278808594,24.479999542236328,13277.0
2026-08-24T13:40:00-04:00,24.479999542236328,24.502099990844727,24.450000762939453,24.502099990844727,7579.0
2026-08-24T13:45:00-04:00,24.475000381469727,24.510000228881836,24.475000381469727,24.510000228881836,1351.0
2026-08-24T13:50:00-04:00,24.469999313354492,24.489999771118164,24.459999084472656,24.469999313354492,2491.0
2026-08-24T13:55:00-04:00,24.479999542236328,24.479999542236328,24.420000076293945,24.43000030517578,8826.0
2026-08-24T14:00:00-04:00,24.43000030517578,24.489999771118164,24.43000030517578,24.489999771118164,4915.0
2026-08-24T14:05:00-04:00,24.5,24.540000915527344,24.485000610351562,24.4950008392334,7216.0
2026-08-24T14:10:00-04:00,24.5,24.5,24.4950008392334,24.4950008392334,965.0
2026-08-24T14:15:00-04:00,24.4950008392334,24.519899368286133,24.489999771118164,24.489999771118164,1638.0
2026-08-24T14:20:00-04:00,24.510000228881836,24.520000457763672,24.479999542236328,24.479999542236328,3686.0
2026-08-24T14:25:00-04:00,24.469999313354492,24.469999313354492,24.440000534057617,24.46500015258789,3618.0
2026-08-24T14:30:00-04:00,24.46500015258789,24.489999771118164,24.459999084472656,24.46500015258789,3944.0
2026-08-24T14:35:00-04:00,24.450000762939453,24.46500015258789,24.450000762939453,24.459999084472656,1105.0
2026-08-24T14:40:00-04:00,24.440000534057617,24.46500015258789,24.434999465942383,24.434999465942383,3739.0
2026-08-24T14:45:00-04:00,24.43000030517578,24.440000534057617,24.43000030517578,24.434999465942383,4039.0
2026-08-24T14:50:00-04:00,24.440000534057617,24.5,24.440000534057617,24.459999084472656,5082.0
2026-08-24T14:55:00-04:00,24.43000030517578,24.459999084472656,24.43000030517578,24.440000534057617,3967.0
2026-08-24T15:00:00-04:00,24.43000030517578,24.510000228881836,24.420000076293945,24.510000228881836,9252.0
2026-08-24T15:05:00-04:00,24.479999542236328,24.479999542236328,24.459999084472656,24.459999084472656,2163.0
2026-08-24T15:10:00-04:00,24.5,24.649999618530273,24.46500015258789,24.649999618530273,27367.0
2026-08-24T15:15:00-04:00,24.68000030517578,24.700000762939453,24.53499984741211,24.575000762939453,6160.0
2026-08-24T15:20:00-04:00,24.56999969482422,24.56999969482422,24.510000228881836,24.53499984741211,3824.0
2026-08-24T15:25:00-04:00,24.53499984741211,24.549999237060547,24.493999481201172,24.549999237060547,8148.0
2026-08-24T15:30:00-04:00,24.540000915527344,24.610000610351562,24.540000915527344,24.600000381469727,9371.0
2026-08-24T15:35:00-04:00,24.610000610351562,24.610000610351562,24.56999969482422,24.600000381469727,6253.0
2026-08-24T15:40:00-04:00,24.600000381469727,24.635000228881836,24.549999237060547,24.610000610351562,13079.0
2026-08-24T15:45:00-04:00,24.604999542236328,24.6200008392334,24.559999465942383,24.604999542236328,10916.0
2026-08-24T15:50:00-04:00,24.6200008392334,24.6200008392334,24.549999237060547,24.610000610351562,16860.0
2026-08-24T15:55:00-04:00,24.59000015258789,24.610000610351562,24.479999542236328,24.5,55190.0
2026-08-25T09:30:00-04:00,24.540000915527344,24.582599639892578,24.18000030517578,24.450000762939453,12587.0
2026-08-25T09:35:00-04:00,24.489999771118164,24.549999237060547,24.489999771118164,24.549999237060547,3034.0
2026-08-25T09:40:00-04:00,24.584999084472656,24.584999084472656,24.475000381469727,24.483200073242188,3775.0
2026-08-25T09:45:00-04:00,24.510000228881836,24.59000015258789,24.43000030517578,24.59000015258789,1502.0
2026-08-25T09:50:00-04:00,24.579999923706055,24.59000015258789,24.565000534057617,24.565000534057617,2510.0
2026-08-25T09:55:00-04:00,24.65999984741211,24.65999984741211,24.65999984741211,24.65999984741211,695.0
2026-08-25T10:00:00-04:00,24.6200008392334,24.6200008392334,24.4950008392334,24.4950008392334,2146.0
2026-08-25T10:05:00-04:00,24.440000534057617,24.510000228881836,24.40999984741211,24.510000228881836,1899.0
2026-08-25T10:10:00-04:00,24.56999969482422,24.56999969482422,24.46500015258789,24.524999618530273,1342.0
2026-08-25T10:15:00-04:00,24.510000228881836,24.510000228881836,24.334999084472656,24.34000015258789,4277.0
2026-08-25T10:20:00-04:00,24.30500030517578,24.309999465942383,24.30500030517578,24.30500030517578,1399.0
2026-08-25T10:25:00-04:00,24.30500030517578,24.424999237060547,24.304100036621094,24.424999237060547,2350.0
2026-08-25T10:30:00-04:00,24.360000610351562,24.36009979248047,24.360000610351562,24.360000610351562,1113.0
2026-08-25T10:35:00-04:00,24.3799991607666,24.44499969482422,24.329999923706055,24.399999618530273,7645.0
2026-08-25T10:40:00-04:00,24.420000076293945,24.420000076293945,24.3799991607666,24.3799991607666,1470.0
2026-08-25T10:45:00-04:00,24.399999618530273,24.405000686645508,24.34000015258789,24.375,4306.0
2026-08-25T10:50:00-04:00,24.34000015258789,24.399999618530273,24.31999969482422,24.389999389648438,5534.0
2026-08-25T10:55:00-04:00,24.399999618530273,24.440000534057617,24.399999618530273,24.440000534057617,1700.0
2026-08-25T11:00:00-04:00,24.469999313354492,24.5049991607666,24.454999923706055,24.454999923706055,2279.0
2026-08-25T11:05:00-04:00,24.420000076293945,24.43000030517578,24.360000610351562,24.375,1589.0
2026-08-25T11:10:00-04:00,24.389999389648438,24.40999984741211,24.389999389648438,24.405000686645508,2300.0
2026-08-25T11:15:00-04:00,24.405000686645508,24.440000534057617,24.405000686645508,24.440000534057617,2609.0
2026-08-25T11:20:00-04:00,24.454999923706055,24.454999923706055,24.454999923706055,24.454999923706055,874.0
2026-08-25T11:25:00-04:00,24.399999618530273,24.434999465942383,24.380800247192383,24.434999465942383,2610.0
2026-08-25T11:30:00-04:00,24.450000762939453,24.450000762939453,24.3799991607666,24.399999618530273,4702.0
2026-08-25T11:35:00-04:00,24.43000030517578,24.43000030517578,24.34000015258789,24.344999313354492,4129.0
2026-08-25T11:40:00-04:00,24.325000762939453,24.325000762939453,24.30500030517578,24.30500030517578,812.0
2026-08-25T11:45:00-04:00,24.325000762939453,24.360000610351562,24.325000762939453,24.350000381469727,2835.0
2026-08-25T11:50:00-04:00,24.309999465942383,24.329999923706055,24.30500030517578,24.30500030517578,850.0
2026-08-25T11:55:00-04:00,24.329999923706055,24.350000381469727,24.31999969482422,24.31999969482422,1481.0
2026-08-25T12:00:00-04:00,24.300100326538086,24.300100326538086,24.300100326538086,24.300100326538086,385.0
2026-08-25T12:05:00-04:00,24.31999969482422,24.31999969482422,24.290000915527344,24.295000076293945,3704.0
2026-08-25T12:10:00-04:00,24.309999465942383,24.329999923706055,24.290000915527344,24.309999465942383,1979.0
2026-08-25T12:15:00-04:00,24.290000915527344,24.299999237060547,24.200000762939453,24.2549991607666,26362.0
2026-08-25T12:20:00-04:00,24.2549991607666,24.270000457763672,24.2549991607666,24.270000457763672,2469.0
2026-08-25T12:25:00-04:00,24.260000228881836,24.260000228881836,24.259599685668945,24.259599685668945,1723.0
2026-08-25T12:30:00-04:00,24.260000228881836,24.290000915527344,24.25,24.274999618530273,3717.0
2026-08-25T12:35:00-04:00,24.270000457763672,24.270000457763672,24.270000457763672,24.270000457763672,493.0
2026-08-25T12:40:00-04:00,24.260000228881836,24.270000457763672,24.260000228881836,24.270000457763672,2774.0
2026-08-25T12:45:00-04:00,24.280000686645508,24.31999969482422,24.280000686645508,24.31999969482422,2880.0
2026-08-25T12:50:00-04:00,24.34000015258789,24.34000015258789,24.31999969482422,24.31999969482422,1246.0
2026-08-25T12:55:00-04:00,24.334999084472656,24.334999084472656,24.299999237060547,24.309999465942383,2397.0
2026-08-25T13:00:00-04:00,24.29520034790039,24.29520034790039,24.29520034790039,24.29520034790039,459.0
2026-08-25T13:05:00-04:00,24.30500030517578,24.360000610351562,24.30500030517578,24.360000610351562,2366.0
2026-08-25T13:15:00-04:00,24.350000381469727,24.350000381469727,24.34000015258789,24.34000015258789,822.0
2026-08-25T13:20:00-04:00,24.360000610351562,24.360000610351562,24.350000381469727,24.350000381469727,1402.0
2026-08-25T13:25:00-04:00,24.354999542236328,24.354999542236328,24.354999542236328,24.354999542236328,754.0
2026-08-25T13:30:00-04:00,24.354999542236328,24.354999542236328,24.34000015258789,24.344999313354492,1612.0
2026-08-25T13:35:00-04:00,24.344999313354492,24.344999313354492,24.329999923706055,24.344999313354492,1513.0
2026-08-25T13:40:00-04:00,24.360000610351562,24.3700008392334,24.350000381469727,24.360000610351562,3084.0
2026-08-25T13:45:00-04:00,24.350000381469727,24.350000381469727,24.290000915527344,24.290000915527344,3023.0
2026-08-25T13:50:00-04:00,24.290000915527344,24.290000915527344,24.290000915527344,24.290000915527344,580.0
2026-08-25T13:55:00-04:00,24.290000915527344,24.353500366210938,24.290000915527344,24.322500228881836,12760.0
2026-08-25T14:00:00-04:00,24.31999969482422,24.325000762939453,24.31999969482422,24.325000762939453,1701.0
2026-08-25T14:05:00-04:00,24.329999923706055,24.329999923706055,24.309999465942383,24.315000534057617,1070.0
2026-08-25T14:10:00-04:00,24.329999923706055,24.329999923706055,24.329999923706055,24.329999923706055,1603.0
2026-08-25T14:15:00-04:00,24.334999084472656,24.334999084472656,24.31999969482422,24.31999969482422,889.0
2026-08-25T14:20:00-04:00,24.350000381469727,24.3700008392334,24.350000381469727,24.3700008392334,1419.0
2026-08-25T14:25:00-04:00,24.3700008392334,24.3700008392334,24.3700008392334,24.3700008392334,485.0
2026-08-25T14:30:00-04:00,24.3700008392334,24.399999618530273,24.360000610351562,24.3799991607666,6332.0
2026-08-25T14:35:00-04:00,24.399999618530273,24.399999618530273,24.385000228881836,24.385000228881836,1150.0
2026-08-25T14:40:00-04:00,24.40999984741211,24.40999984741211,24.389999389648438,24.389999389648438,525.0
2026-08-25T14:45:00-04:00,24.420000076293945,24.420000076293945,24.389999389648438,24.389999389648438,1452.0
2026-08-25T14:50:00-04:00,24.389999389648438,24.389999389648438,24.364999771118164,24.389999389648438,1399.0
2026-08-25T14:55:00-04:00,24.364999771118164,24.389999389648438,24.364999771118164,24.389999389648438,2425.0
2026-08-25T15:00:00-04:00,24.389999389648438,24.40999984741211,24.3700008392334,24.385000228881836,4845.0
2026-08-25T15:05:00-04:00,24.360000610351562,24.3700008392334,24.299999237060547,24.309999465942383,5091.0
2026-08-25T15:10:00-04:00,24.34000015258789,24.34000015258789,24.270000457763672,24.270000457763672,5953.0
2026-08-25T15:15:00-04:00,24.290000915527344,24.31999969482422,24.290000915527344,24.31999969482422,2927.0
2026-08-25T15:20:00-04:00,24.327999114990234,24.329999923706055,24.325000762939453,24.329999923706055,2324.0
2026-08-25T15:25:00-04:00,24.350000381469727,24.479999542236328,24.350000381469727,24.479999542236328,4803.0
2026-08-25T15:30:00-04:00,24.459999084472656,24.56399917602539,24.43000030517578,24.559999465942383,11101.0
2026-08-25T15:35:00-04:00,24.559999465942383,24.579999923706055,24.540000915527344,24.579999923706055,3000.0
2026-08-25T15:40:00-04:00,24.575000762939453,24.6200008392334,24.559999465942383,24.6200008392334,5821.0
2026-08-25T15:45:00-04:00,24.6200008392334,24.6200008392334,24.559999465942383,24.559999465942383,7797.0
2026-08-25T15:50:00-04:00,24.579999923706055,24.65999984741211,24.56999969482422,24.64900016784668,9635.0
2026-08-25T15:55:00-04:00,24.649999618530273,24.670000076293945,24.559999465942383,24.56999969482422,43361.0
2026-08-26T09:30:00-04:00,24.549999237060547,24.559999465942383,24.510000228881836,24.53499984741211,9296.0
2026-08-26T09:35:00-04:00,24.441200256347656,24.441200256347656,24.441200256347656,24.441200256347656,239.0
2026-08-26T09:40:00-04:00,24.670000076293945,24.709999084472656,24.6200008392334,24.709999084472656,1421.0
2026-08-26T09:45:00-04:00,24.704999923706055,24.704999923706055,24.704999923706055,24.704999923706055,805.0
2026-08-26T09:55:00-04:00,24.709999084472656,24.709999084472656,24.709999084472656,24.709999084472656,280.0
2026-08-26T10:00:00-04:00,24.84000015258789,24.84000015258789,24.71500015258789,24.829999923706055,858.0
2026-08-26T10:05:00-04:00,24.799999237060547,24.959999084472656,24.799999237060547,24.959999084472656,2274.0
2026-08-26T10:10:00-04:00,24.905000686645508,24.90999984741211,24.719999313354492,24.719999313354492,2496.0
2026-08-26T10:15:00-04:00,24.719999313354492,24.719999313354492,24.711252212524414,24.711252212524414,997.0
2026-08-26T10:20:00-04:00,24.65999984741211,24.69499969482422,24.65999984741211,24.69499969482422,2062.0
2026-08-26T10:25:00-04:00,24.709999084472656,24.815000534057617,24.68000030517578,24.815000534057617,5260.0
2026-08-26T10:30:00-04:00,24.834999084472656,24.834999084472656,24.780000686645508,24.829999923706055,2994.0
2026-08-26T10:40:00-04:00,24.829999923706055,24.829999923706055,24.829999923706055,24.829999923706055,383.0
2026-08-26T10:45:00-04:00,24.799999237060547,24.809999465942383,24.760000228881836,24.790000915527344,5024.0
2026-08-26T10:50:00-04:00,24.719999313354492,24.739999771118164,24.709999084472656,24.709999084472656,1181.0
2026-08-26T10:55:00-04:00,24.719999313354492,24.719999313354492,24.690000534057617,24.700000762939453,2107.0
2026-08-26T11:00:00-04:00,24.690000534057617,24.709999084472656,24.674999237060547,24.700000762939453,3757.0
2026-08-26T11:05:00-04:00,24.700000762939453,24.75,24.700000762939453,24.733600616455078,3170.0
2026-08-26T11:10:00-04:00,24.739999771118164,24.739999771118164,24.719999313354492,24.729999542236328,1140.0
2026-08-26T11:15:00-04:00,24.709999084472656,24.729999542236328,24.68000030517578,24.729999542236328,3657.0
2026-08-26T11:25:00-04:00,24.760000228881836,24.770000457763672,24.760000228881836,24.770000457763672,1129.0
2026-08-26T11:30:00-04:00,24.719999313354492,24.719999313354492,24.700000762939453,24.71500015258789,891.0
2026-08-26T11:35:00-04:00,24.68000030517578,24.68000030517578,24.670000076293945,24.670000076293945,728.0
2026-08-26T11:40:00-04:00,24.690000534057617,24.69499969482422,24.690000534057617,24.69499969482422,1729.0
2026-08-26T11:50:00-04:00,24.68779945373535,24.718299865722656,24.68000030517578,24.718299865722656,1528.0
2026-08-26T11:55:00-04:00,24.684999465942383,24.75,24.684999465942383,24.75,2805.0
2026-08-26T12:00:00-04:00,24.780000686645508,24.780000686645508,24.780000686645508,24.780000686645508,874.0
2026-08-26T12:05:00-04:00,24.790000915527344,24.790000915527344,24.790000915527344,24.790000915527344,729.0
2026-08-26T12:10:00-04:00,24.760000228881836,24.760000228881836,24.690000534057617,24.700000762939453,35314.0
2026-08-26T12:15:00-04:00,24.674999237060547,24.780000686645508,24.674999237060547,24.780000686645508,3737.0
2026-08-26T12:20:00-04:00,24.799999237060547,24.799999237060547,24.780000686645508,24.780000686645508,1460.0
2026-08-26T12:25:00-04:00,24.770000457763672,24.770000457763672,24.770000457763672,24.770000457763672,1131.0
2026-08-26T12:35:00-04:00,24.770000457763672,24.770000457763672,24.729999542236328,24.729999542236328,2151.0
2026-08-26T12:40:00-04:00,24.735000610351562,24.770000457763672,24.735000610351562,24.769899368286133,3198.0
2026-08-26T12:45:00-04:00,24.770000457763672,24.780000686645508,24.739999771118164,24.780000686645508,3258.0
2026-08-26T12:50:00-04:00,24.760000228881836,24.760000228881836,24.760000228881836,24.760000228881836,447.0
2026-08-26T13:00:00-04:00,24.770000457763672,24.827199935913086,24.770000457763672,24.81999969482422,4419.0
2026-08-26T13:05:00-04:00,24.799999237060547,24.799999237060547,24.770000457763672,24.770000457763672,1284.0
2026-08-26T13:10:00-04:00,24.760000228881836,24.760000228881836,24.760000228881836,24.760000228881836,1491.0
2026-08-26T13:20:00-04:00,24.809999465942383,24.809999465942383,24.809999465942383,24.809999465942383,127.0
2026-08-26T13:25:00-04:00,24.78653907775879,24.809999465942383,24.78653907775879,24.809999465942383,1737.0
2026-08-26T13:30:00-04:00,24.815000534057617,24.833999633789062,24.815000534057617,24.833999633789062,1160.0
2026-08-26T13:35:00-04:00,24.809999465942383,24.8700008392334,24.809999465942383,24.8700008392334,2760.0
2026-08-26T13:40:00-04:00,24.905000686645508,24.905000686645508,24.905000686645508,24.905000686645508,1823.0
2026-08-26T13:50:00-04:00,24.920000076293945,25.0,24.920000076293945,25.0,9354.0
2026-08-26T13:55:00-04:00,25.0,25.0,24.950000762939453,24.979999542236328,1436.0
2026-08-26T14:00:00-04:00,24.940000534057617,24.975000381469727,24.93000030517578,24.975000381469727,3369.0
2026-08-26T14:05:00-04:00,24.940000534057617,24.940000534057617,24.8799991607666,24.8799991607666,4825.0
2026-08-26T14:10:00-04:00,24.850000381469727,24.850000381469727,24.850000381469727,24.850000381469727,1336.0
2026-08-26T14:15:00-04:00,24.81999969482422,24.81999969482422,24.815000534057617,24.815000534057617,931.0
2026-08-26T14:20:00-04:00,24.78499984741211,24.795000076293945,24.78499984741211,24.795000076293945,768.0
2026-08-26T14:25:00-04:00,24.770000457763672,24.780000686645508,24.770000457763672,24.780000686645508,2110.0
2026-08-26T14:30:00-04:00,24.75589942932129,24.774999618530273,24.709999084472656,24.709999084472656,3666.0
2026-08-26T14:35:00-04:00,24.719999313354492,24.799999237060547,24.709999084472656,24.799999237060547,6169.0
2026-08-26T14:45:00-04:00,24.80500030517578,24.80500030517578,24.774999618530273,24.80500030517578,975.0
2026-08-26T14:50:00-04:00,24.790000915527344,24.790000915527344,24.790000915527344,24.790000915527344,1168.0
2026-08-26T15:00:00-04:00,24.770000457763672,24.80500030517578,24.770000457763672,24.80500030517578,3411.0
2026-08-26T15:05:00-04:00,24.80500030517578,24.80500030517578,24.760000228881836,24.760000228881836,3324.0
2026-08-26T15:10:00-04:00,24.729999542236328,24.729999542236328,24.700000762939453,24.704999923706055,7356.0
2026-08-26T15:15:00-04:00,24.719999313354492,24.729999542236328,24.68000030517578,24.690000534057617,4120.0
2026-08-26T15:20:00-04:00,24.68000030517578,24.68000030517578,24.645000457763672,24.645000457763672,2072.0
2026-08-26T15:25:00-04:00,24.65999984741211,24.65999984741211,24.649999618530273,24.649999618530273,4392.0
2026-08-26T15:30:00-04:00,24.639999389648438,24.639999389648438,24.6200008392334,24.6200008392334,3732.0
2026-08-26T15:35:00-04:00,24.614999771118164,24.65999984741211,24.614999771118164,24.65169906616211,3617.0
2026-08-26T15:40:00-04:00,24.649999618530273,24.670000076293945,24.6299991607666,24.6299991607666,4799.0
2026-08-26T15:45:00-04:00,24.649999618530273,24.65999984741211,24.610000610351562,24.6299991607666,11325.0
2026-08-26T15:50:00-04:00,24.600000381469727,24.600000381469727,24.520000457763672,24.520000457763672,9055.0
2026-08-26T15:55:00-04:00,24.530000686645508,24.69499969482422,24.510000228881836,24.649999618530273,39875.0
2026-08-27T09:30:00-04:00,24.399999618530273,24.614999771118164,24.399999618530273,24.614999771118164,4707.0
2026-08-27T09:35:00-04:00,24.459999084472656,24.579999923706055,24.459999084472656,24.579999923706055,675.0
2026-08-27T09:45:00-04:00,24.56999969482422,24.56999969482422,24.4950008392334,24.540000915527344,1831.0
2026-08-27T09:50:00-04:00,24.59000015258789,24.59000015258789,24.55500030517578,24.56999969482422,2344.0
2026-08-27T09:55:00-04:00,24.59000015258789,24.600000381469727,24.545000076293945,24.59000015258789,1220.0
2026-08-27T10:00:00-04:00,24.53499984741211,24.53499984741211,24.4950008392334,24.4950008392334,1908.0
2026-08-27T10:05:00-04:00,24.450000762939453,24.450000762939453,24.420000076293945,24.420000076293945,1698.0
2026-08-27T10:10:00-04:00,24.459999084472656,24.497499465942383,24.389999389648438,24.415000915527344,8657.0
2026-08-27T10:15:00-04:00,24.440000534057617,24.440000534057617,24.315000534057617,24.350000381469727,4138.0
2026-08-27T10:20:00-04:00,24.360000610351562,24.399999618530273,24.344999313354492,24.344999313354492,3315.0
2026-08-27T10:25:00-04:00,24.329999923706055,24.364599227905273,24.31999969482422,24.36009979248047,2591.0
2026-08-27T10:30:00-04:00,24.40999984741211,24.450000762939453,24.40999984741211,24.450000762939453,2141.0
2026-08-27T10:35:00-04:00,24.479999542236328,24.479999542236328,24.405000686645508,24.405000686645508,1697.0
2026-08-27T10:40:00-04:00,24.440000534057617,24.510000228881836,24.440000534057617,24.510000228881836,1838.0
2026-08-27T10:45:00-04:00,24.54010009765625,24.59000015258789,24.54010009765625,24.579999923706055,1093.0
2026-08-27T10:50:00-04:00,24.549999237060547,24.549999237060547,24.530000686645508,24.530000686645508,1266.0
2026-08-27T10:55:00-04:00,24.56999969482422,24.59000015258789,24.56999969482422,24.59000015258789,830.0
2026-08-27T11:00:00-04:00,24.579999923706055,24.592500686645508,24.559999465942383,24.559999465942383,10243.0
2026-08-27T11:05:00-04:00,24.56999969482422,24.610000610351562,24.56999969482422,24.579999923706055,4793.0
2026-08-27T11:10:00-04:00,24.639999389648438,24.654199600219727,24.639999389648438,24.654199600219727,1201.0
2026-08-27T11:15:00-04:00,24.690000534057617,24.709999084472656,24.665000915527344,24.704999923706055,2328.0
2026-08-27T11:20:00-04:00,24.68000030517578,24.68000030517578,24.579999923706055,24.655000686645508,5582.0
2026-08-27T11:25:00-04:00,24.690000534057617,24.690000534057617,24.690000534057617,24.690000534057617,1223.0
2026-08-27T11:30:00-04:00,24.704999923706055,24.729999542236328,24.704999923706055,24.729999542236328,3175.0
2026-08-27T11:35:00-04:00,24.739999771118164,24.739999771118164,24.670000076293945,24.670000076293945,2720.0
2026-08-27T11:40:00-04:00,24.700000762939453,24.700000762939453,24.700000762939453,24.700000762939453,425.0
2026-08-27T11:45:00-04:00,24.700000762939453,24.700000762939453,24.65999984741211,24.65999984741211,1529.0
2026-08-27T11:50:00-04:00,24.68000030517578,24.719999313354492,24.68000030517578,24.719999313354492,1600.0
2026-08-27T11:55:00-04:00,24.719999313354492,24.735000610351562,24.700000762939453,24.719999313354492,3754.0
2026-08-27T12:00:00-04:00,24.719999313354492,24.719999313354492,24.700000762939453,24.719999313354492,1231.0
2026-08-27T12:05:00-04:00,24.719999313354492,24.725000381469727,24.68000030517578,24.71500015258789,5717.0
2026-08-27T12:10:00-04:00,24.709999084472656,24.709999084472656,24.68000030517578,24.685100555419922,2476.0
2026-08-27T12:15:00-04:00,24.684999465942383,24.690000534057617,24.684999465942383,24.690000534057617,1176.0
2026-08-27T12:20:00-04:00,24.700000762939453,24.71500015258789,24.690000534057617,24.690000534057617,1902.0
2026-08-27T12:25:00-04:00,24.709999084472656,24.709999084472656,24.709999084472656,24.709999084472656,935.0
2026-08-27T12:30:00-04:00,24.65999984741211,24.68000030517578,24.655000686645508,24.68000030517578,2523.0
2026-08-27T12:35:00-04:00,24.690000534057617,24.739999771118164,24.68000030517578,24.739999771118164,2530.0
2026-08-27T12:40:00-04:00,24.760000228881836,24.764999389648438,24.760000228881836,24.764999389648438,1097.0
2026-08-27T12:45:00-04:00,24.760000228881836,24.760000228881836,24.719999313354492,24.719999313354492,2088.0
2026-08-27T12:50:00-04:00,24.719999313354492,24.75,24.59000015258789,24.69499969482422,33129.0
2026-08-27T12:55:00-04:00,24.69499969482422,24.69499969482422,24.65999984741211,24.65999984741211,1681.0
2026-08-27T13:00:00-04:00,24.65999984741211,24.756200790405273,24.65999984741211,24.719999313354492,5582.0
2026-08-27T13:05:00-04:00,24.719999313354492,24.895099639892578,24.719999313354492,24.895099639892578,6954.0
2026-08-27T13:15:00-04:00,24.920000076293945,24.920000076293945,24.920000076293945,24.920000076293945,1045.0
2026-08-27T13:25:00-04:00,24.920000076293945,24.920000076293945,24.864999771118164,24.8799991607666,916.0
2026-08-27T13:30:00-04:00,24.859100341796875,24.905000686645508,24.854999542236328,24.854999542236328,2864.0
2026-08-27T13:35:00-04:00,24.850000381469727,24.850000381469727,24.78499984741211,24.78499984741211,4090.0
2026-08-27T13:40:00-04:00,24.760000228881836,24.795000076293945,24.760000228881836,24.795000076293945,2714.0
2026-08-27T13:45:00-04:00,24.770000457763672,24.770000457763672,24.760000228881836,24.760000228881836,1094.0
2026-08-27T13:50:00-04:00,24.739999771118164,24.79159927368164,24.739999771118164,24.79159927368164,1640.0
2026-08-27T13:55:00-04:00,24.75,24.75,24.75,24.75,431.0
2026-08-27T14:00:00-04:00,24.75,24.780000686645508,24.75,24.75,2449.0
2026-08-27T14:05:00-04:00,24.760000228881836,24.799999237060547,24.743200302124023,24.790000915527344,7508.0
2026-08-27T14:10:00-04:00,24.790000915527344,24.809999465942383,24.790000915527344,24.809999465942383,1586.0
2026-08-27T14:15:00-04:00,24.81999969482422,24.81999969482422,24.799999237060547,24.809999465942383,1588.0
2026-08-27T14:20:00-04:00,24.81999969482422,24.860000610351562,24.809999465942383,24.850000381469727,3671.0
2026-08-27T14:25:00-04:00,24.84000015258789,24.84000015258789,24.84000015258789,24.84000015258789,582.0
2026-08-27T14:30:00-04:00,24.829999923706055,24.8700008392334,24.829999923706055,24.8700008392334,2108.0
2026-08-27T14:35:00-04:00,24.860000610351562,24.940000534057617,24.860000610351562,24.93000030517578,3610.0
2026-08-27T14:40:00-04:00,24.940000534057617,24.959999084472656,24.940000534057617,24.959999084472656,695.0
2026-08-27T14:45:00-04:00,24.959999084472656,25.0,24.950000762939453,24.959999084472656,5263.0
2026-08-27T14:50:00-04:00,24.93000030517578,24.93000030517578,24.885000228881836,24.885000228881836,2759.0
2026-08-27T14:55:00-04:00,24.8799991607666,24.979999542236328,24.875,24.94059944152832,8551.0
2026-08-27T15:00:00-04:00,25.0,25.014999389648438,24.989999771118164,25.0049991607666,3740.0
2026-08-27T15:05:00-04:00,24.979999542236328,24.979999542236328,24.93000030517578,24.940000534057617,3442.0
2026-08-27T15:10:00-04:00,24.959299087524414,24.969999313354492,24.940000534057617,24.940000534057617,1993.0
2026-08-27T15:15:00-04:00,24.940000534057617,24.940000534057617,24.90999984741211,24.924999237060547,3478.0
2026-08-27T15:20:00-04:00,24.924999237060547,24.96500015258789,24.899999618530273,24.954999923706055,20078.0
2026-08-27T15:25:00-04:00,24.950000762939453,24.969999313354492,24.94499969482422,24.969999313354492,6198.0
2026-08-27T15:30:00-04:00,24.969999313354492,24.969999313354492,24.950000762939453,24.96500015258789,3047.0
2026-08-27T15:35:00-04:00,24.969999313354492,25.010000228881836,24.940000534057617,25.0,10686.0
2026-08-27T15:40:00-04:00,25.0,25.020000457763672,24.969999313354492,25.014999389648438,5738.0
2026-08-27T15:45:00-04:00,25.020000457763672,25.059999465942383,25.010000228881836,25.010000228881836,9759.0
2026-08-27T15:50:00-04:00,25.020000457763672,25.020000457763672,24.979999542236328,25.0049991607666,10124.0
2026-08-27T15:55:00-04:00,25.0049991607666,25.075000762939453,24.940000534057617,24.950000762939453,50251.0
2026-08-28T09:30:00-04:00,25.079999923706055,25.399999618530273,25.079999923706055,25.3799991607666,6676.0
2026-08-28T09:35:00-04:00,25.31999969482422,25.31999969482422,25.31999969482422,25.31999969482422,259.0
2026-08-28T09:40:00-04:00,25.31999969482422,25.329999923706055,25.020000457763672,25.049999237060547,2107.0
2026-08-28T09:45:00-04:00,25.020000457763672,25.125,25.020000457763672,25.125,1924.0
2026-08-28T10:00:00-04:00,24.940000534057617,24.950000762939453,24.81999969482422,24.81999969482422,912.0
2026-08-28T10:05:00-04:00,24.81999969482422,24.979999542236328,24.75,24.979999542236328,21728.0
2026-08-28T10:10:00-04:00,24.889999389648438,24.889999389648438,24.809999465942383,24.809999465942383,1286.0
2026-08-28T10:15:00-04:00,24.860000610351562,24.8700008392334,24.854999542236328,24.854999542236328,1103.0
2026-08-28T10:20:00-04:00,24.84000015258789,24.899999618530273,24.770000457763672,24.770000457763672,2236.0
2026-08-28T10:25:00-04:00,24.799999237060547,24.799999237060547,24.700000762939453,24.700000762939453,2090.0
2026-08-28T10:30:00-04:00,24.71500015258789,24.799999237060547,24.71500015258789,24.799999237060547,2041.0
2026-08-28T10:35:00-04:00,24.90999984741211,24.90999984741211,24.8700008392334,24.8700008392334,673.0
2026-08-28T10:40:00-04:00,24.8700008392334,24.969999313354492,24.84000015258789,24.969999313354492,3454.0
2026-08-28T10:45:00-04:00,24.989999771118164,25.110000610351562,24.940000534057617,25.100000381469727,4402.0
2026-08-28T10:50:00-04:00,25.114999771118164,25.114999771118164,25.09000015258789,25.104999542236328,2398.0
2026-08-28T10:55:00-04:00,25.149999618530273,25.170000076293945,25.1200008392334,25.170000076293945,1745.0
2026-08-28T11:00:00-04:00,25.1200008392334,25.1200008392334,25.049999237060547,25.059999465942383,1853.0
2026-08-28T11:05:00-04:00,25.040000915527344,25.07200050354004,25.03499984741211,25.07200050354004,738.0
2026-08-28T11:10:00-04:00,25.030000686645508,25.049999237060547,25.010000228881836,25.010000228881836,1703.0
2026-08-28T11:15:00-04:00,25.024999618530273,25.040000915527344,25.024999618530273,25.040000915527344,2014.0
2026-08-28T11:20:00-04:00,25.079999923706055,25.1200008392334,25.059999465942383,25.1200008392334,1846.0
2026-08-28T11:25:00-04:00,25.06999969482422,25.06999969482422,25.06999969482422,25.06999969482422,431.0
2026-08-28T11:30:00-04:00,25.059999465942383,25.11870002746582,25.059999465942383,25.084999084472656,2452.0
2026-08-28T11:35:00-04:00,25.079999923706055,25.079999923706055,24.94499969482422,24.969999313354492,3724.0
2026-08-28T11:40:00-04:00,24.950000762939453,24.954999923706055,24.950000762939453,24.954999923706055,592.0
2026-08-28T11:45:00-04:00,24.950000762939453,24.989999771118164,24.920000076293945,24.975000381469727,8678.0
2026-08-28T11:50:00-04:00,24.979999542236328,24.989999771118164,24.969999313354492,24.969999313354492,3263.0
2026-08-28T11:55:00-04:00,24.934999465942383,24.934999465942383,24.915000915527344,24.934999465942383,1346.0
2026-08-28T12:00:00-04:00,24.934999465942383,24.934999465942383,24.889999389648438,24.895000457763672,8376.0
2026-08-28T12:05:00-04:00,24.885000228881836,24.920000076293945,24.885000228881836,24.899999618530273,3923.0
2026-08-28T12:10:00-04:00,24.93160057067871,24.93160057067871,24.719999313354492,24.780000686645508,16877.0
2026-08-28T12:15:00-04:00,24.704999923706055,24.760000228881836,24.704999923706055,24.75,3527.0
2026-08-28T12:20:00-04:00,24.719999313354492,24.719999313354492,24.639999389648438,24.700000762939453,3312.0
2026-08-28T12:25:00-04:00,24.68000030517578,24.709999084472656,24.68000030517578,24.700000762939453,1209.0
2026-08-28T12:30:00-04:00,24.719999313354492,24.75,24.709999084472656,24.75,1309.0
2026-08-28T12:35:00-04:00,24.739999771118164,24.815000534057617,24.739999771118164,24.809999465942383,2431.0
2026-08-28T12:40:00-04:00,24.75,24.75,24.75,24.75,328.0
2026-08-28T12:45:00-04:00,24.780000686645508,24.780000686645508,24.770000457763672,24.770000457763672,1234.0
2026-08-28T12:50:00-04:00,24.75,24.790000915527344,24.739999771118164,24.780000686645508,1195.0
2026-08-28T12:55:00-04:00,24.78499984741211,24.84000015258789,24.78499984741211,24.799999237060547,4070.0
2026-08-28T13:00:00-04:00,24.670000076293945,24.719999313354492,24.645000457763672,24.719999313354492,4101.0
2026-08-28T13:05:00-04:00,24.729999542236328,24.790000915527344,24.729999542236328,24.790000915527344,1286.0
2026-08-28T13:10:00-04:00,24.770000457763672,24.799999237060547,24.770000457763672,24.799999237060547,1086.0
2026-08-28T13:15:00-04:00,24.790000915527344,24.809999465942383,24.790000915527344,24.790800094604492,1434.0
2026-08-28T13:20:00-04:00,24.815000534057617,24.815000534057617,24.815000534057617,24.815000534057617,141.0
2026-08-28T13:25:00-04:00,24.829999923706055,24.854999542236328,24.809999465942383,24.854999542236328,2948.0
2026-08-28T13:30:00-04:00,24.892499923706055,24.892499923706055,24.850099563598633,24.850099563598633,1891.0
2026-08-28T13:35:00-04:00,24.84000015258789,24.850000381469727,24.84000015258789,24.850000381469727,803.0
2026-08-28T13:40:00-04:00,24.809999465942383,24.829999923706055,24.795000076293945,24.829999923706055,1577.0
2026-08-28T13:45:00-04:00,24.84000015258789,24.8799991607666,24.84000015258789,24.8799991607666,843.0
2026-08-28T13:50:00-04:00,24.875,24.875,24.860000610351562,24.860000610351562,1078.0
2026-08-28T13:55:00-04:00,24.86280059814453,24.8700008392334,24.86280059814453,24.86750030517578,633.0
2026-08-28T14:00:00-04:00,24.850000381469727,24.860000610351562,24.829999923706055,24.829999923706055,1687.0
2026-08-28T14:05:00-04:00,24.829999923706055,24.8700008392334,24.829999923706055,24.8700008392334,2239.0
2026-08-28T14:10:00-04:00,24.860000610351562,24.860000610351562,24.829999923706055,24.834999084472656,1047.0
2026-08-28T14:15:00-04:00,24.81999969482422,24.834999084472656,24.81999969482422,24.834999084472656,642.0
2026-08-28T14:20:00-04:00,24.84000015258789,24.899999618530273,24.84000015258789,24.885099411010742,2468.0
2026-08-28T14:25:00-04:00,24.889999389648438,24.90999984741211,24.889999389648438,24.899999618530273,2585.0
2026-08-28T14:30:00-04:00,24.920000076293945,24.920000076293945,24.920000076293945,24.920000076293945,115.0
2026-08-28T14:35:00-04:00,24.905000686645508,24.90999984741211,24.890100479125977,24.90999984741211,2488.0
2026-08-28T14:40:00-04:00,24.920000076293945,24.920000076293945,24.905000686645508,24.905000686645508,1389.0
2026-08-28T14:45:00-04:00,24.90999984741211,24.920000076293945,24.90999984741211,24.90999984741211,1685.0
2026-08-28T14:50:00-04:00,24.90999984741211,24.90999984741211,24.889999389648438,24.889999389648438,2094.0
2026-08-28T14:55:00-04:00,24.8799991607666,24.90999984741211,24.8799991607666,24.90999984741211,2702.0
2026-08-28T15:00:00-04:00,24.90999984741211,24.91320037841797,24.899999618530273,24.91320037841797,1678.0
2026-08-28T15:05:00-04:00,24.920000076293945,25.040000915527344,24.920000076293945,25.040000915527344,6044.0
2026-08-28T15:10:00-04:00,25.059999465942383,25.065000534057617,25.040000915527344,25.048099517822266,1776.0
2026-08-28T15:15:00-04:00,25.030000686645508,25.030000686645508,24.885000228881836,24.889999389648438,14765.0
2026-08-28T15:20:00-04:00,24.8700008392334,24.895000457763672,24.854999542236328,24.8700008392334,3946.0
2026-08-28T15:25:00-04:00,24.889999389648438,24.93000030517578,24.864999771118164,24.8700008392334,7007.0
2026-08-28T15:30:00-04:00,24.850000381469727,24.860000610351562,24.80500030517578,24.850000381469727,6219.0
2026-08-28T15:35:00-04:00,24.84000015258789,24.84000015258789,24.78499984741211,24.790000915527344,3941.0
2026-08-28T15:40:00-04:00,24.790000915527344,24.860000610351562,24.75,24.829999923706055,14792.0
2026-08-28T15:45:00-04:00,24.825000762939453,24.825000762939453,24.7450008392334,24.780000686645508,8720.0
2026-08-28T15:50:00-04:00,24.780000686645508,24.825000762939453,24.780000686645508,24.81999969482422,12485.0
2026-08-28T15:55:00-04:00,24.81999969482422,24.84000015258789,24.6200008392334,24.6200008392334,53003.0
2026-08-31T09:30:00-04:00,24.639999389648438,24.829999923706055,24.500999450683594,24.60300064086914,6104.0
2026-08-31T09:35:00-04:00,24.604999542236328,24.719999313354492,24.604999542236328,24.719999313354492,1217.0
2026-08-31T09:40:00-04:00,24.6200008392334,24.6200008392334,24.469999313354492,24.469999313354492,3260.0
2026-08-31T09:45:00-04:00,24.454999923706055,24.454999923706055,24.454999923706055,24.454999923706055,622.0
2026-08-31T09:50:00-04:00,24.454999923706055,24.639999389648438,24.454999923706055,24.639999389648438,2177.0
2026-08-31T09:55:00-04:00,24.6299991607666,24.71500015258789,24.6299991607666,24.639999389648438,563.0
2026-08-31T10:00:00-04:00,24.639999389648438,24.704999923706055,24.639999389648438,24.690000534057617,470.0
2026-08-31T10:05:00-04:00,24.69499969482422,24.69499969482422,24.5,24.5049991607666,2132.0
2026-08-31T10:10:00-04:00,24.5,24.584999084472656,24.5,24.510000228881836,2009.0
2026-08-31T10:15:00-04:00,24.510000228881836,24.549999237060547,24.454999923706055,24.454999923706055,847.0
2026-08-31T10:20:00-04:00,24.469999313354492,24.475000381469727,24.385000228881836,24.399999618530273,2881.0
2026-08-31T10:25:00-04:00,24.399999618530273,24.459999084472656,24.350000381469727,24.459999084472656,4837.0
2026-08-31T10:30:00-04:00,24.420000076293945,24.489999771118164,24.420000076293945,24.489999771118164,1913.0
2026-08-31T10:35:00-04:00,24.56999969482422,24.700000762939453,24.56999969482422,24.635000228881836,3358.0
2026-08-31T10:40:00-04:00,24.657699584960938,24.68000030517578,24.635000228881836,24.635000228881836,2757.0
2026-08-31T10:45:00-04:00,24.68000030517578,24.68000030517578,24.635000228881836,24.635000228881836,2017.0
2026-08-31T10:50:00-04:00,24.600000381469727,24.600000381469727,24.530000686645508,24.559999465942383,1329.0
2026-08-31T10:55:00-04:00,24.559999465942383,24.559999465942383,24.5,24.5,1024.0
2026-08-31T11:00:00-04:00,24.514999389648438,24.540000915527344,24.489999771118164,24.5,2908.0
2026-08-31T11:05:00-04:00,24.5049991607666,24.530000686645508,24.4950008392334,24.520000457763672,1595.0
2026-08-31T11:10:00-04:00,24.520000457763672,24.520000457763672,24.520000457763672,24.520000457763672,870.0
2026-08-31T11:15:00-04:00,24.5,24.53499984741211,24.5,24.5,1605.0
2026-08-31T11:20:00-04:00,24.4950008392334,24.524999618530273,24.4950008392334,24.520000457763672,2101.0
2026-08-31T11:25:00-04:00,24.520000457763672,24.540000915527344,24.520000457763672,24.540000915527344,842.0
2026-08-31T11:30:00-04:00,24.520299911499023,24.545000076293945,24.510000228881836,24.510000228881836,1559.0
2026-08-31T11:35:00-04:00,24.530000686645508,24.549999237060547,24.520000457763672,24.549999237060547,1701.0
2026-08-31T11:40:00-04:00,24.559999465942383,24.59000015258789,24.559999465942383,24.575000762939453,1182.0
2026-08-31T11:45:00-04:00,24.579999923706055,24.579999923706055,24.559999465942383,24.559999465942383,1233.0
2026-08-31T11:50:00-04:00,24.565000534057617,24.59000015258789,24.565000534057617,24.59000015258789,850.0
2026-08-31T11:55:00-04:00,24.59000015258789,24.6299991607666,24.579999923706055,24.610000610351562,1856.0
2026-08-31T12:00:00-04:00,24.610000610351562,24.665000915527344,24.600000381469727,24.600000381469727,3240.0
2026-08-31T12:05:00-04:00,24.59000015258789,24.59000015258789,24.579999923706055,24.579999923706055,1913.0
2026-08-31T12:10:00-04:00,24.579999923706055,24.600000381469727,24.579999923706055,24.600000381469727,2202.0
2026-08-31T12:15:00-04:00,24.570100784301758,24.59000015258789,24.540000915527344,24.55500030517578,4045.0
2026-08-31T12:20:00-04:00,24.559999465942383,24.579999923706055,24.485000610351562,24.510000228881836,4273.0
2026-08-31T12:30:00-04:00,24.549999237060547,24.559999465942383,24.53499984741211,24.559999465942383,1193.0
2026-08-31T12:35:00-04:00,24.545000076293945,24.545000076293945,24.5049991607666,24.5049991607666,2011.0
2026-08-31T12:40:00-04:00,24.520000457763672,24.540000915527344,24.520000457763672,24.540000915527344,880.0
2026-08-31T12:45:00-04:00,24.549999237060547,24.549999237060547,24.520000457763672,24.530000686645508,1917.0
2026-08-31T12:50:00-04:00,24.53499984741211,24.53499984741211,24.530000686645508,24.53499984741211,1287.0
2026-08-31T12:55:00-04:00,24.510000228881836,24.54990005493164,24.510000228881836,24.530000686645508,6307.0
2026-08-31T13:00:00-04:00,24.530000686645508,24.59000015258789,24.510000228881836,24.549999237060547,4117.0
2026-08-31T13:05:00-04:00,24.575000762939453,24.575000762939453,24.530000686645508,24.530000686645508,1726.0
2026-08-31T13:10:00-04:00,24.549999237060547,24.575000762939453,24.540000915527344,24.565000534057617,1630.0
2026-08-31T13:15:00-04:00,24.565000534057617,24.56999969482422,24.530000686645508,24.530000686645508,3376.0
2026-08-31T13:20:00-04:00,24.520000457763672,24.549999237060547,24.520000457763672,24.549999237060547,870.0
2026-08-31T13:25:00-04:00,24.540000915527344,24.549999237060547,24.540000915527344,24.549999237060547,895.0
2026-08-31T13:30:00-04:00,24.540000915527344,24.549999237060547,24.520000457763672,24.549999237060547,1521.0
2026-08-31T13:35:00-04:00,24.559999465942383,24.579999923706055,24.549999237060547,24.559999465942383,2444.0
2026-08-31T13:40:00-04:00,24.559999465942383,24.559999465942383,24.55500030517578,24.55500030517578,894.0
2026-08-31T13:45:00-04:00,24.55500030517578,24.579999923706055,24.55500030517578,24.575000762939453,1718.0
2026-08-31T13:50:00-04:00,24.56999969482422,24.575000762939453,24.559999465942383,24.559999465942383,1759.0
2026-08-31T13:55:00-04:00,24.559999465942383,24.579999923706055,24.559999465942383,24.559999465942383,1051.0
2026-08-31T14:00:00-04:00,24.559999465942383,24.6200008392334,24.559999465942383,24.59000015258789,5235.0
2026-08-31T14:05:00-04:00,24.604999542236328,24.604999542236328,24.559999465942383,24.559999465942383,3683.0
2026-08-31T14:10:00-04:00,24.579999923706055,24.579999923706055,24.575000762939453,24.575000762939453,1394.0
2026-08-31T14:15:00-04:00,24.604999542236328,24.6200008392334,24.604999542236328,24.604999542236328,1909.0
2026-08-31T14:20:00-04:00,24.6200008392334,24.6299991607666,24.6200008392334,24.6200008392334,1003.0
2026-08-31T14:25:00-04:00,24.635000228881836,24.639999389648438,24.610000610351562,24.639999389648438,2422.0
2026-08-31T14:30:00-04:00,24.639999389648438,24.65999984741211,24.6200008392334,24.6200008392334,3273.0
2026-08-31T14:35:00-04:00,24.625,24.6299991607666,24.610000610351562,24.6200008392334,1897.0
2026-08-31T14:40:00-04:00,24.639999389648438,24.649999618530273,24.6299991607666,24.649999618530273,2618.0
2026-08-31T14:45:00-04:00,24.645000457763672,24.65999984741211,24.6299991607666,24.65999984741211,1824.0
2026-08-31T14:50:00-04:00,24.6299991607666,24.6299991607666,24.60099983215332,24.610000610351562,9433.0
2026-08-31T14:55:00-04:00,24.600000381469727,24.614999771118164,24.579999923706055,24.614999771118164,11343.0
2026-08-31T15:00:00-04:00,24.610000610351562,24.6200008392334,24.59000015258789,24.610000610351562,3171.0
2026-08-31T15:05:00-04:00,24.610000610351562,24.610000610351562,24.610000610351562,24.610000610351562,992.0
2026-08-31T15:10:00-04:00,24.610000610351562,24.6299991607666,24.59000015258789,24.600000381469727,3927.0
2026-08-31T15:15:00-04:00,24.604999542236328,24.649999618530273,24.604999542236328,24.6299991607666,3237.0
2026-08-31T15:20:00-04:00,24.639999389648438,24.655000686645508,24.6299991607666,24.655000686645508,2768.0
2026-08-31T15:25:00-04:00,24.670000076293945,24.684999465942383,24.65999984741211,24.670000076293945,3186.0
2026-08-31T15:30:00-04:00,24.68000030517578,24.700000762939453,24.68000030517578,24.68000030517578,5883.0
2026-08-31T15:35:00-04:00,24.719999313354492,24.75,24.71500015258789,24.739999771118164,6483.0
2026-08-31T15:40:00-04:00,24.7549991607666,24.7549991607666,24.729999542236328,24.75,3384.0
2026-08-31T15:45:00-04:00,24.75,24.850000381469727,24.729999542236328,24.829999923706055,13667.0
2026-08-31T15:50:00-04:00,24.81999969482422,24.864999771118164,24.790000915527344,24.84000015258789,18240.0
2026-08-31T15:55:00-04:00,24.829999923706055,24.90999984741211,24.75,24.8700008392334,53340.0
2026-09-01T09:30:00-04:00,24.34000015258789,24.459999084472656,24.34000015258789,24.3799991607666,5633.0
2026-09-01T09:35:00-04:00,24.459999084472656,24.5,24.260000228881836,24.260000228881836,3729.0
2026-09-01T09:40:00-04:00,24.325000762939453,24.325000762939453,24.170000076293945,24.25,2706.0
2026-09-01T09:45:00-04:00,24.315000534057617,24.315000534057617,24.315000534057617,24.315000534057617,116.0
2026-09-01T09:50:00-04:00,24.360000610351562,24.360000610351562,24.360000610351562,24.360000610351562,437.0
2026-09-01T09:55:00-04:00,24.290000915527344,24.360000610351562,24.2731990814209,24.360000610351562,1301.0
2026-09-01T10:00:00-04:00,24.364999771118164,24.610000610351562,24.364999771118164,24.610000610351562,1881.0
2026-09-01T10:05:00-04:00,24.5049991607666,24.725000381469727,24.5049991607666,24.725000381469727,3958.0
2026-09-01T10:10:00-04:00,24.6200008392334,24.6200008392334,24.489999771118164,24.56999969482422,4052.0
2026-09-01T10:15:00-04:00,24.75,24.75,24.600000381469727,24.600000381469727,600.0
2026-09-01T10:20:00-04:00,24.65999984741211,24.65999984741211,24.559999465942383,24.559999465942383,2221.0
2026-09-01T10:25:00-04:00,24.530000686645508,24.530000686645508,24.510000228881836,24.510000228881836,412.0
2026-09-01T10:30:00-04:00,24.545000076293945,24.545000076293945,24.489999771118164,24.4950008392334,1324.0
2026-09-01T10:35:00-04:00,24.43000030517578,24.43000030517578,24.329999923706055,24.329999923706055,1832.0
2026-09-01T10:40:00-04:00,24.31999969482422,24.3700008392334,24.31999969482422,24.3700008392334,2156.0
2026-09-01T10:45:00-04:00,24.3700008392334,24.3700008392334,24.33279800415039,24.3700008392334,1407.0
2026-09-01T10:50:00-04:00,24.344999313354492,24.43000030517578,24.344999313354492,24.43000030517578,1231.0
2026-09-01T10:55:00-04:00,24.440000534057617,24.5,24.440000534057617,24.5,1935.0
2026-09-01T11:00:00-04:00,24.4950008392334,24.520000457763672,24.3799991607666,24.385000228881836,1873.0
2026-09-01T11:05:00-04:00,24.385000228881836,24.389999389648438,24.350000381469727,24.364999771118164,2103.0
2026-09-01T11:10:00-04:00,24.389999389648438,24.420000076293945,24.389999389648438,24.405000686645508,1858.0
2026-09-01T11:15:00-04:00,24.405000686645508,24.405000686645508,24.405000686645508,24.405000686645508,987.0
2026-09-01T11:20:00-04:00,24.479999542236328,24.479999542236328,24.454999923706055,24.454999923706055,638.0
2026-09-01T11:25:00-04:00,24.454999923706055,24.489999771118164,24.454999923706055,24.489999771118164,1886.0
2026-09-01T11:30:00-04:00,24.5,24.510000228881836,24.469999313354492,24.510000228881836,1796.0
2026-09-01T11:35:00-04:00,24.545000076293945,24.545000076293945,24.5,24.5049991607666,1349.0
2026-09-01T11:40:00-04:00,24.530000686645508,24.530000686645508,24.3799991607666,24.530000686645508,31047.0
2026-09-01T11:45:00-04:00,24.59000015258789,24.59000015258789,24.59000015258789,24.59000015258789,1431.0
2026-09-01T11:50:00-04:00,24.6200008392334,24.649999618530273,24.6200008392334,24.649999618530273,956.0
2026-09-01T12:00:00-04:00,24.639999389648438,24.700000762939453,24.639999389648438,24.700000762939453,847.0
2026-09-01T12:05:00-04:00,24.690000534057617,24.690000534057617,24.639999389648438,24.649999618530273,2248.0
2026-09-01T12:10:00-04:00,24.68000030517578,24.68000030517578,24.68000030517578,24.68000030517578,715.0
2026-09-01T12:15:00-04:00,24.655000686645508,24.65999984741211,24.6299991607666,24.65999984741211,2796.0
2026-09-01T12:20:00-04:00,24.6299991607666,24.6299991607666,24.530000686645508,24.530000686645508,2829.0
2026-09-01T12:25:00-04:00,24.5,24.530000686645508,24.5,24.524999618530273,1954.0
2026-09-01T12:30:00-04:00,24.5,24.5049991607666,24.469999313354492,24.497499465942383,2254.0
2026-09-01T12:35:00-04:00,24.5,24.545000076293945,24.5,24.545000076293945,2603.0
2026-09-01T12:40:00-04:00,24.56999969482422,24.6299991607666,24.559999465942383,24.610000610351562,5033.0
2026-09-01T12:45:00-04:00,24.59000015258789,24.594999313354492,24.59000015258789,24.594999313354492,936.0
2026-09-01T12:50:00-04:00,24.6200008392334,24.639999389648438,24.610000610351562,24.610000610351562,2650.0
2026-09-01T12:55:00-04:00,24.68000030517578,24.68000030517578,24.604999542236328,24.604999542236328,1041.0
2026-09-01T13:00:00-04:00,24.579999923706055,24.579999923706055,24.559999465942383,24.559999465942383,1101.0
2026-09-01T13:05:00-04:00,24.530000686645508,24.540000915527344,24.5,24.540000915527344,2673.0
2026-09-01T13:15:00-04:00,24.530000686645508,24.530000686645508,24.5,24.520000457763672,1767.0
2026-09-01T13:20:00-04:00,24.5,24.540000915527344,24.5,24.520000457763672,3216.0
2026-09-01T13:25:00-04:00,24.545000076293945,24.545000076293945,24.459999084472656,24.520000457763672,3459.0
2026-09-01T13:30:00-04:00,24.549999237060547,24.579999923706055,24.549999237060547,24.559999465942383,3117.0
2026-09-01T13:35:00-04:00,24.56999969482422,24.579999923706055,24.559999465942383,24.565000534057617,4347.0
2026-09-01T13:40:00-04:00,24.537099838256836,24.610000610351562,24.530000686645508,24.540000915527344,6567.0
2026-09-01T13:45:00-04:00,24.520000457763672,24.520000457763672,24.389999389648438,24.405000686645508,3861.0
2026-09-01T13:50:00-04:00,24.399999618530273,24.454999923706055,24.3799991607666,24.424999237060547,3131.0
2026-09-01T13:55:00-04:00,24.399999618530273,24.415000915527344,24.325000762939453,24.405000686645508,6261.0
2026-09-01T14:00:00-04:00,24.40999984741211,24.40999984741211,24.389999389648438,24.395000457763672,2236.0
2026-09-01T14:05:00-04:00,24.399999618530273,24.450000762939453,24.399999618530273,24.450000762939453,3583.0
2026-09-01T14:10:00-04:00,24.440000534057617,24.469999313354492,24.440000534057617,24.459999084472656,3907.0
2026-09-01T14:15:00-04:00,24.450000762939453,24.565000534057617,24.450000762939453,24.565000534057617,4035.0
2026-09-01T14:20:00-04:00,24.540000915527344,24.559999465942383,24.540000915527344,24.540000915527344,1023.0
2026-09-01T14:25:00-04:00,24.549999237060547,24.559999465942383,24.510000228881836,24.540000915527344,3973.0
2026-09-01T14:30:00-04:00,24.55500030517578,24.55500030517578,24.530000686645508,24.530000686645508,1945.0
2026-09-01T14:35:00-04:00,24.540000915527344,24.540000915527344,24.520000457763672,24.524999618530273,1238.0
2026-09-01T14:40:00-04:00,24.5,24.524999618530273,24.469999313354492,24.4950008392334,2167.0
2026-09-01T14:45:00-04:00,24.4950008392334,24.4950008392334,24.46500015258789,24.479999542236328,1709.0
2026-09-01T14:50:00-04:00,24.469999313354492,24.489999771118164,24.459999084472656,24.469999313354492,2903.0
2026-09-01T14:55:00-04:00,24.469999313354492,24.489999771118164,24.440000534057617,24.450000762939453,3348.0
2026-09-01T15:00:00-04:00,24.479999542236328,24.489999771118164,24.43000030517578,24.479999542236328,2986.0
2026-09-01T15:05:00-04:00,24.440000534057617,24.440000534057617,24.329999923706055,24.389999389648438,13579.0
2026-09-01T15:10:00-04:00,24.389999389648438,24.44499969482422,24.389999389648438,24.424999237060547,4959.0
2026-09-01T15:15:00-04:00,24.43000030517578,24.469999313354492,24.43000030517578,24.43000030517578,6589.0
2026-09-01T15:20:00-04:00,24.43000030517578,24.440000534057617,24.399999618530273,24.440000534057617,5279.0
2026-09-01T15:25:00-04:00,24.440000534057617,24.479999542236328,24.440000534057617,24.46500015258789,6486.0
2026-09-01T15:30:00-04:00,24.459999084472656,24.469999313354492,24.450000762939453,24.454999923706055,11416.0
2026-09-01T15:35:00-04:00,24.440000534057617,24.44499969482422,24.389999389648438,24.415000915527344,15061.0
2026-09-01T15:40:00-04:00,24.415000915527344,24.475000381469727,24.415000915527344,24.459999084472656,10058.0
2026-09-01T15:45:00-04:00,24.450000762939453,24.450000762939453,24.389999389648438,24.415000915527344,17912.0
2026-09-01T15:50:00-04:00,24.399999618530273,24.479999542236328,24.399999618530273,24.43000030517578,27841.0
2026-09-01T15:55:00-04:00,24.40999984741211,24.450000762939453,24.3799991607666,24.450000762939453,38628.0
2026-09-02T09:30:00-04:00,24.799999237060547,25.030000686645508,24.799999237060547,25.030000686645508,6056.0
2026-09-02T09:35:00-04:00,25.149999618530273,25.15999984741211,25.084999084472656,25.15999984741211,1248.0
2026-09-02T09:40:00-04:00,25.190000534057617,25.350000381469727,25.190000534057617,25.200000762939453,2532.0
2026-09-02T09:45:00-04:00,25.329999923706055,25.34762191772461,25.329999923706055,25.34000015258789,779.0
2026-09-02T09:50:00-04:00,25.280000686645508,25.350000381469727,25.280000686645508,25.350000381469727,1572.0
2026-09-02T09:55:00-04:00,25.389999389648438,25.389999389648438,25.389999389648438,25.389999389648438,1992.0
2026-09-02T10:00:00-04:00,25.510000228881836,25.520000457763672,25.510000228881836,25.520000457763672,719.0
2026-09-02T10:05:00-04:00,25.600000381469727,25.639999389648438,25.55500030517578,25.56999969482422,2602.0
2026-09-02T10:10:00-04:00,25.625,25.6299991607666,25.450000762939453,25.450000762939453,5035.0
2026-09-02T10:15:00-04:00,25.485000610351562,25.530000686645508,25.440099716186523,25.530000686645508,2895.0
2026-09-02T10:20:00-04:00,25.485000610351562,25.520000457763672,25.3700008392334,25.3700008392334,4382.0
2026-09-02T10:25:00-04:00,25.350000381469727,25.3799991607666,25.300100326538086,25.375,6996.0
2026-09-02T10:30:00-04:00,25.510000228881836,25.510000228881836,25.510000228881836,25.510000228881836,760.0
2026-09-02T10:35:00-04:00,25.469999313354492,25.5,25.469999313354492,25.4950008392334,1146.0
2026-09-02T10:40:00-04:00,25.5,25.5,25.5,25.5,171.0
2026-09-02T10:45:00-04:00,25.5049991607666,25.5049991607666,25.5,25.5,1039.0
2026-09-02T10:50:00-04:00,25.510000228881836,25.540000915527344,25.510000228881836,25.520000457763672,1417.0
2026-09-02T10:55:00-04:00,25.53499984741211,25.55500030517578,25.5,25.5,2449.0
2026-09-02T11:00:00-04:00,25.469999313354492,25.479999542236328,25.469999313354492,25.479999542236328,785.0
2026-09-02T11:05:00-04:00,25.5,25.520000457763672,25.5,25.520000457763672,1927.0
2026-09-02T11:10:00-04:00,25.53380012512207,25.56999969482422,25.53380012512207,25.5674991607666,1566.0
2026-09-02T11:15:00-04:00,25.565000534057617,25.610000610351562,25.530000686645508,25.610000610351562,3676.0
2026-09-02T11:20:00-04:00,25.604999542236328,25.604999542236328,25.56999969482422,25.575000762939453,2494.0
2026-09-02T11:25:00-04:00,25.579999923706055,25.579999923706055,25.559999465942383,25.579999923706055,1867.0
2026-09-02T11:30:00-04:00,25.610000610351562,25.610000610351562,25.510000228881836,25.530000686645508,3738.0
2026-09-02T11:35:00-04:00,25.510000228881836,25.540000915527344,25.510000228881836,25.540000915527344,1914.0
2026-09-02T11:40:00-04:00,25.520000457763672,25.530000686645508,25.520000457763672,25.530000686645508,1546.0
2026-09-02T11:45:00-04:00,25.575000762939453,25.610000610351562,25.575000762939453,25.610000610351562,2916.0
2026-09-02T11:50:00-04:00,25.600000381469727,25.600000381469727,25.600000381469727,25.600000381469727,363.0
2026-09-02T11:55:00-04:00,25.6200008392334,25.670000076293945,25.6200008392334,25.65999984741211,2512.0
2026-09-02T12:00:00-04:00,25.639999389648438,25.639999389648438,25.610000610351562,25.610000610351562,722.0
2026-09-02T12:05:00-04:00,25.610000610351562,25.635000228881836,25.579999923706055,25.584999084472656,2656.0
2026-09-02T12:10:00-04:00,25.59950065612793,25.600000381469727,25.575000762939453,25.600000381469727,1939.0
2026-09-02T12:15:00-04:00,25.59000015258789,25.59000015258789,25.59000015258789,25.59000015258789,605.0
2026-09-02T12:20:00-04:00,25.59000015258789,25.610000610351562,25.59000015258789,25.604999542236328,1074.0
2026-09-02T12:25:00-04:00,25.579999923706055,25.579999923706055,25.559999465942383,25.559999465942383,1632.0
2026-09-02T12:30:00-04:00,25.559999465942383,25.579999923706055,25.55500030517578,25.579999923706055,1659.0
2026-09-02T12:35:00-04:00,25.59000015258789,25.600000381469727,25.579999923706055,25.579999923706055,1347.0
2026-09-02T12:40:00-04:00,25.594999313354492,25.6200008392334,25.594999313354492,25.614999771118164,1510.0
2026-09-02T12:45:00-04:00,25.65999984741211,25.65999984741211,25.59000015258789,25.59000015258789,2573.0
2026-09-02T12:50:00-04:00,25.579999923706055,25.6299991607666,25.579999923706055,25.6299991607666,1836.0
2026-09-02T12:55:00-04:00,25.639999389648438,25.725000381469727,25.639999389648438,25.68000030517578,4840.0
2026-09-02T13:00:00-04:00,25.690000534057617,25.709999084472656,25.690000534057617,25.700000762939453,1588.0
2026-09-02T13:05:00-04:00,25.68000030517578,25.690000534057617,25.68000030517578,25.690000534057617,1098.0
2026-09-02T13:10:00-04:00,25.68000030517578,25.68000030517578,25.65999984741211,25.68000030517578,2317.0
2026-09-02T13:15:00-04:00,25.670000076293945,25.670000076293945,25.549999237060547,25.549999237060547,2347.0
2026-09-02T13:20:00-04:00,25.520000457763672,25.524999618530273,25.520000457763672,25.524999618530273,767.0
2026-09-02T13:25:00-04:00,25.520000457763672,25.59000015258789,25.520000457763672,25.579999923706055,2155.0
2026-09-02T13:30:00-04:00,25.579999923706055,25.610000610351562,25.579999923706055,25.610000610351562,2601.0
2026-09-02T13:40:00-04:00,25.6200008392334,25.6200008392334,25.59000015258789,25.59000015258789,729.0
2026-09-02T13:45:00-04:00,25.600000381469727,25.65999984741211,25.600000381469727,25.610000610351562,3131.0
2026-09-02T13:50:00-04:00,25.614999771118164,25.614999771118164,25.600000381469727,25.610000610351562,1188.0
2026-09-02T13:55:00-04:00,25.610000610351562,25.6299991607666,25.604999542236328,25.6200008392334,2029.0
2026-09-02T14:00:00-04:00,25.600000381469727,25.6200008392334,25.59000015258789,25.6200008392334,1209.0
2026-09-02T14:05:00-04:00,25.6299991607666,25.6299991607666,25.614999771118164,25.614999771118164,698.0
2026-09-02T14:10:00-04:00,25.614999771118164,25.639999389648438,25.614999771118164,25.639999389648438,2301.0
2026-09-02T14:15:00-04:00,25.649999618530273,25.700000762939453,25.649999618530273,25.700000762939453,2158.0
2026-09-02T14:20:00-04:00,25.68000030517578,25.68000030517578,25.65999984741211,25.65999984741211,1180.0
2026-09-02T14:25:00-04:00,25.670000076293945,25.700000762939453,25.670000076293945,25.690000534057617,3744.0
2026-09-02T14:30:00-04:00,25.709999084472656,25.75,25.709999084472656,25.729999542236328,3207.0
2026-09-02T14:35:00-04:00,25.729999542236328,25.760000228881836,25.729999542236328,25.760000228881836,1214.0
2026-09-02T14:40:00-04:00,25.760000228881836,25.799999237060547,25.760000228881836,25.799999237060547,1599.0
2026-09-02T14:45:00-04:00,25.78350067138672,25.81999969482422,25.770000457763672,25.770000457763672,3641.0
2026-09-02T14:50:00-04:00,25.78499984741211,25.78499984741211,25.780000686645508,25.78499984741211,1331.0
2026-09-02T14:55:00-04:00,25.799999237060547,25.80500030517578,25.770000457763672,25.770000457763672,6954.0
2026-09-02T15:00:00-04:00,25.774999618530273,25.774999618530273,25.690000534057617,25.690000534057617,5397.0
2026-09-02T15:05:00-04:00,25.670000076293945,25.760000228881836,25.670000076293945,25.729999542236328,3640.0
2026-09-02T15:10:00-04:00,25.735000610351562,25.80500030517578,25.735000610351562,25.80500030517578,2911.0
2026-09-02T15:15:00-04:00,25.790000915527344,25.809999465942383,25.790000915527344,25.790000915527344,3615.0
2026-09-02T15:20:00-04:00,25.78499984741211,25.799999237060547,25.770000457763672,25.795000076293945,3584.0
2026-09-02T15:25:00-04:00,25.790000915527344,25.799999237060547,25.75,25.75,5960.0
2026-09-02T15:30:00-04:00,25.75,25.75860023498535,25.670000076293945,25.670000076293945,7120.0
2026-09-02T15:35:00-04:00,25.65999984741211,25.65999984741211,25.59000015258789,25.6200008392334,7177.0
2026-09-02T15:40:00-04:00,25.584999084472656,25.59000015258789,25.549999237060547,25.579999923706055,6958.0
2026-09-02T15:45:00-04:00,25.579999923706055,25.649999618530273,25.559999465942383,25.6200008392334,13445.0
2026-09-02T15:50:00-04:00,25.59000015258789,25.610000610351562,25.559999465942383,25.600000381469727,10879.0
2026-09-02T15:55:00-04:00,25.59000015258789,25.600000381469727,25.510000228881836,25.600000381469727,58792.0
2026-09-03T09:30:00-04:00,26.139999389648438,26.34000015258789,25.84000015258789,25.84000015258789,4839.0
2026-09-03T09:35:00-04:00,25.65999984741211,25.65999984741211,25.5,25.5,1329.0
2026-09-03T09:40:00-04:00,25.5,25.5,25.450000762939453,25.450000762939453,1048.0
2026-09-03T09:45:00-04:00,25.309999465942383,25.309999465942383,25.25,25.25,511.0
2026-09-03T09:50:00-04:00,25.299999237060547,25.299999237060547,25.260000228881836,25.260000228881836,533.0
2026-09-03T09:55:00-04:00,25.270000457763672,25.270000457763672,25.260000228881836,25.260000228881836,738.0
2026-09-03T10:00:00-04:00,25.25,25.25,24.858800888061523,24.8700008392334,3649.0
2026-09-03T10:05:00-04:00,24.924999237060547,24.924999237060547,24.84000015258789,24.905000686645508,1641.0
2026-09-03T10:10:00-04:00,24.81999969482422,24.90999984741211,24.810100555419922,24.90999984741211,1514.0
2026-09-03T10:15:00-04:00,24.821800231933594,25.239999771118164,24.821800231933594,25.125,5889.0
2026-09-03T10:20:00-04:00,25.219999313354492,25.260000228881836,25.219999313354492,25.2450008392334,2565.0
2026-09-03T10:25:00-04:00,25.15999984741211,25.25,25.139999389648438,25.139999389648438,3611.0
2026-09-03T10:30:00-04:00,25.1200008392334,25.1200008392334,25.1200008392334,25.1200008392334,613.0
2026-09-03T10:35:00-04:00,25.1200008392334,25.219999313354492,25.1200008392334,25.219999313354492,1777.0
2026-09-03T10:40:00-04:00,25.299999237060547,25.30500030517578,25.264999389648438,25.264999389648438,1749.0
2026-09-03T10:45:00-04:00,25.350000381469727,25.350000381469727,25.290000915527344,25.350000381469727,2368.0
2026-09-03T10:50:00-04:00,25.372800827026367,25.459999084472656,25.360000610351562,25.440000534057617,2103.0
2026-09-03T10:55:00-04:00,25.450000762939453,25.479999542236328,25.405000686645508,25.479999542236328,5229.0
2026-09-03T11:00:00-04:00,25.459999084472656,25.459999084472656,25.415000915527344,25.415000915527344,1959.0
2026-09-03T11:05:00-04:00,25.420000076293945,25.43000030517578,25.329999923706055,25.329999923706055,2384.0
2026-09-03T11:10:00-04:00,25.2549991607666,25.302499771118164,25.2549991607666,25.295000076293945,3257.0
2026-09-03T11:15:00-04:00,25.295000076293945,25.40999984741211,25.295000076293945,25.40999984741211,3683.0
2026-09-03T11:20:00-04:00,25.424999237060547,25.499500274658203,25.424999237060547,25.459999084472656,1206.0
2026-09-03T11:25:00-04:00,25.46500015258789,25.46500015258789,25.454999923706055,25.454999923706055,1317.0
2026-09-03T11:30:00-04:00,25.40999984741211,25.40999984741211,25.329999923706055,25.329999923706055,1244.0
2026-09-03T11:35:00-04:00,25.360000610351562,25.360000610351562,25.354999542236328,25.354999542236328,665.0
2026-09-03T11:40:00-04:00,25.350000381469727,25.350000381469727,25.31999969482422,25.31999969482422,973.0
2026-09-03T11:45:00-04:00,25.309999465942383,25.344999313354492,25.309999465942383,25.320100784301758,2073.0
2026-09-03T11:50:00-04:00,25.299999237060547,25.299999237060547,25.299999237060547,25.299999237060547,1124.0
2026-09-03T11:55:00-04:00,25.219999313354492,25.219999313354492,25.200000762939453,25.200000762939453,808.0
2026-09-03T12:00:00-04:00,25.190000534057617,25.190000534057617,25.09000015258789,25.09000015258789,1643.0
2026-09-03T12:05:00-04:00,25.084999084472656,25.1200008392334,25.084999084472656,25.114999771118164,1584.0
2026-09-03T12:10:00-04:00,25.079999923706055,25.110000610351562,25.06999969482422,25.100000381469727,1613.0
2026-09-03T12:15:00-04:00,25.1299991607666,25.200000762939453,25.1299991607666,25.200000762939453,3343.0
2026-09-03T12:20:00-04:00,25.20599937438965,25.20599937438965,25.165000915527344,25.165000915527344,2287.0
2026-09-03T12:35:00-04:00,25.170000076293945,25.200000762939453,25.149999618530273,25.174999237060547,1679.0
2026-09-03T12:40:00-04:00,25.15999984741211,25.15999984741211,25.15999984741211,25.15999984741211,799.0
2026-09-03T12:45:00-04:00,25.149999618530273,25.15999984741211,25.149999618530273,25.149999618530273,1235.0
2026-09-03T12:50:00-04:00,25.139999389648438,25.219999313354492,25.1299991607666,25.219999313354492,3509.0
2026-09-03T12:55:00-04:00,25.25,25.25,25.18000030517578,25.18000030517578,1337.0
2026-09-03T13:00:00-04:00,25.200000762939453,25.200000762939453,25.170000076293945,25.170000076293945,472.0
2026-09-03T13:05:00-04:00,25.18000030517578,25.209999084472656,25.18000030517578,25.209999084472656,692.0
2026-09-03T13:10:00-04:00,25.209999084472656,25.21500015258789,25.18000030517578,25.200000762939453,5546.0
2026-09-03T13:15:00-04:00,25.18000030517578,25.21500015258789,25.18000030517578,25.204999923706055,2799.0
2026-09-03T13:20:00-04:00,25.21500015258789,25.21500015258789,25.188499450683594,25.188499450683594,858.0
2026-09-03T13:25:00-04:00,25.21500015258789,25.25,25.21500015258789,25.25,888.0
2026-09-03T13:30:00-04:00,25.200000762939453,25.225000381469727,25.200000762939453,25.21500015258789,1722.0
2026-09-03T13:35:00-04:00,25.239999771118164,25.239999771118164,25.225000381469727,25.239999771118164,1396.0
2026-09-03T13:40:00-04:00,25.235000610351562,25.270000457763672,25.235000610351562,25.270000457763672,2921.0
2026-09-03T13:45:00-04:00,25.239999771118164,25.270000457763672,25.239999771118164,25.270000457763672,2804.0
2026-09-03T13:50:00-04:00,25.239999771118164,25.239999771118164,25.229999542236328,25.229999542236328,1433.0
2026-09-03T13:55:00-04:00,25.219999313354492,25.25,25.219999313354492,25.25,2012.0
2026-09-03T14:00:00-04:00,25.290000915527344,25.290000915527344,25.274999618530273,25.28499984741211,1292.0
2026-09-03T14:05:00-04:00,25.260000228881836,25.280000686645508,25.260000228881836,25.260000228881836,1249.0
2026-09-03T14:10:00-04:00,25.25,25.25,25.190000534057617,25.239999771118164,5362.0
2026-09-03T14:20:00-04:00,25.239999771118164,25.239999771118164,25.200000762939453,25.200000762939453,905.0
2026-09-03T14:25:00-04:00,25.239999771118164,25.2450008392334,25.200000762939453,25.2450008392334,2194.0
2026-09-03T14:30:00-04:00,25.2450008392334,25.2450008392334,25.210399627685547,25.210399627685547,799.0
2026-09-03T14:35:00-04:00,25.25,25.290000915527344,25.239999771118164,25.239999771118164,1991.0
2026-09-03T14:40:00-04:00,25.235000610351562,25.235000610351562,25.209999084472656,25.209999084472656,866.0
2026-09-03T14:45:00-04:00,25.235000610351562,25.270000457763672,25.200000762939453,25.229999542236328,5218.0
2026-09-03T14:50:00-04:00,25.190000534057617,25.25,25.190000534057617,25.229999542236328,3576.0
2026-09-03T14:55:00-04:00,25.190000534057617,25.190000534057617,25.190000534057617,25.190000534057617,1106.0
2026-09-03T15:00:00-04:00,25.200000762939453,25.200000762939453,25.09000015258789,25.100000381469727,4667.0
2026-09-03T15:05:00-04:00,25.1200008392334,25.135000228881836,25.114999771118164,25.114999771118164,3262.0
2026-09-03T15:10:00-04:00,25.1200008392334,25.190000534057617,25.1200008392334,25.170000076293945,2240.0
2026-09-03T15:15:00-04:00,25.165000915527344,25.165000915527344,25.1200008392334,25.139999389648438,3177.0
2026-09-03T15:20:00-04:00,25.135000228881836,25.135000228881836,25.1200008392334,25.1200008392334,1420.0
2026-09-03T15:25:00-04:00,25.110000610351562,25.1299991607666,25.100000381469727,25.125,2831.0
2026-09-03T15:30:00-04:00,25.1299991607666,25.1299991607666,25.100000381469727,25.100000381469727,2322.0
2026-09-03T15:35:00-04:00,25.100000381469727,25.204999923706055,25.100000381469727,25.149999618530273,7786.0
2026-09-03T15:40:00-04:00,25.15999984741211,25.190000534057617,25.149999618530273,25.155000686645508,3393.0
2026-09-03T15:45:00-04:00,25.155000686645508,25.219999313354492,25.155000686645508,25.21500015258789,3867.0
2026-09-03T15:50:00-04:00,25.2450008392334,25.28499984741211,25.200000762939453,25.239999771118164,8274.0
2026-09-03T15:55:00-04:00,25.25,25.25,25.06999969482422,25.149999618530273,28774.0
2026-09-04T09:30:00-04:00,25.06999969482422,25.104999542236328,25.06999969482422,25.104999542236328,7436.0
2026-09-04T09:40:00-04:00,25.020000457763672,25.260000228881836,25.020000457763672,25.260000228881836,2069.0
2026-09-04T09:50:00-04:00,25.274999618530273,25.364999771118164,25.274999618530273,25.364999771118164,409.0
2026-09-04T09:55:00-04:00,25.3700008392334,25.3700008392334,25.3700008392334,25.3700008392334,835.0
2026-09-04T10:05:00-04:00,25.389999389648438,25.389999389648438,25.389999389648438,25.389999389648438,842.0
2026-09-04T10:10:00-04:00,25.399999618530273,25.399999618530273,25.3799991607666,25.3799991607666,525.0
2026-09-04T10:15:00-04:00,25.5,25.59000015258789,25.400100708007812,25.400100708007812,1797.0
2026-09-04T10:20:00-04:00,25.530000686645508,25.540000915527344,25.4950008392334,25.4950008392334,1804.0
2026-09-04T10:25:00-04:00,25.540000915527344,25.540000915527344,25.5,25.5,3088.0
2026-09-04T10:30:00-04:00,25.5,25.5,25.479999542236328,25.479999542236328,919.0
2026-09-04T10:35:00-04:00,25.520000457763672,25.520000457763672,25.3799991607666,25.3799991607666,3396.0
2026-09-04T10:40:00-04:00,25.440000534057617,25.440000534057617,25.440000534057617,25.440000534057617,403.0
2026-09-04T10:45:00-04:00,25.43000030517578,25.440000534057617,25.420000076293945,25.420000076293945,1377.0
2026-09-04T10:50:00-04:00,25.440000534057617,25.489999771118164,25.420000076293945,25.459999084472656,3756.0
2026-09-04T10:55:00-04:00,25.450000762939453,25.479999542236328,25.450000762939453,25.469999313354492,800.0
2026-09-04T11:00:00-04:00,25.520000457763672,25.520000457763672,25.469999313354492,25.469999313354492,1693.0
2026-09-04T11:05:00-04:00,25.459999084472656,25.459999084472656,25.420000076293945,25.420000076293945,1377.0
2026-09-04T11:10:00-04:00,25.40999984741211,25.450000762939453,25.40999984741211,25.450000762939453,2236.0
2026-09-04T11:15:00-04:00,25.450000762939453,25.459999084472656,25.450000762939453,25.450000762939453,1816.0
2026-09-04T11:20:00-04:00,25.43000030517578,25.43000030517578,25.3799991607666,25.3799991607666,2261.0
2026-09-04T11:25:00-04:00,25.399999618530273,25.469999313354492,25.399999618530273,25.440000534057617,4724.0
2026-09-04T11:30:00-04:00,25.440000534057617,25.459999084472656,25.440000534057617,25.450000762939453,967.0
2026-09-04T11:35:00-04:00,25.454999923706055,25.454999923706055,25.454999923706055,25.454999923706055,844.0
2026-09-04T11:40:00-04:00,25.454999923706055,25.454999923706055,25.454999923706055,25.454999923706055,271.0
2026-09-04T11:45:00-04:00,25.46500015258789,25.46500015258789,25.454999923706055,25.454999923706055,843.0
2026-09-04T11:50:00-04:00,25.46500015258789,25.46500015258789,25.46500015258789,25.46500015258789,776.0
2026-09-04T11:55:00-04:00,25.450000762939453,25.5,25.450000762939453,25.5,4221.0
2026-09-04T12:00:00-04:00,25.479999542236328,25.510000228881836,25.479999542236328,25.5049991607666,2125.0
2026-09-04T12:05:00-04:00,25.5049991607666,25.530000686645508,25.489999771118164,25.489999771118164,2302.0
2026-09-04T12:10:00-04:00,25.485000610351562,25.485000610351562,25.485000610351562,25.485000610351562,558.0
2026-09-04T12:15:00-04:00,25.510000228881836,25.510000228881836,25.4950008392334,25.4950008392334,888.0
2026-09-04T12:20:00-04:00,25.479999542236328,25.520000457763672,25.450000762939453,25.459999084472656,5732.0
2026-09-04T12:25:00-04:00,25.420000076293945,25.420000076293945,25.399999618530273,25.40999984741211,1482.0
2026-09-04T12:30:00-04:00,25.420000076293945,25.447500228881836,25.399999618530273,25.424999237060547,2483.0
2026-09-04T12:35:00-04:00,25.440000534057617,25.440000534057617,25.410499572753906,25.410499572753906,524.0
2026-09-04T12:40:00-04:00,25.440000534057617,25.549999237060547,25.3799991607666,25.469999313354492,7938.0
2026-09-04T12:55:00-04:00,25.489999771118164,25.510000228881836,25.475000381469727,25.510000228881836,2356.0
2026-09-04T13:00:00-04:00,25.479999542236328,25.479999542236328,25.469999313354492,25.469999313354492,1076.0
2026-09-04T13:10:00-04:00,25.450000762939453,25.520000457763672,25.420000076293945,25.520000457763672,3607.0
2026-09-04T13:20:00-04:00,25.469999313354492,25.479999542236328,25.469999313354492,25.479999542236328,939.0
2026-09-04T13:25:00-04:00,25.459999084472656,25.510000228881836,25.450000762939453,25.469999313354492,2233.0
2026-09-04T13:30:00-04:00,25.459999084472656,25.459999084472656,25.459999084472656,25.459999084472656,1302.0
2026-09-04T13:35:00-04:00,25.489999771118164,25.510000228881836,25.489999771118164,25.510000228881836,1077.0
2026-09-04T13:40:00-04:00,25.5049991607666,25.5049991607666,25.5049991607666,25.5049991607666,602.0
2026-09-04T13:45:00-04:00,25.489999771118164,25.489999771118164,25.479999542236328,25.479999542236328,335.0
2026-09-04T13:50:00-04:00,25.459999084472656,25.475000381469727,25.459999084472656,25.475000381469727,1365.0
2026-09-04T13:55:00-04:00,25.440000534057617,25.514999389648438,25.440000534057617,25.514999389648438,1759.0
2026-09-04T14:00:00-04:00,25.510000228881836,25.510000228881836,25.510000228881836,25.510000228881836,532.0
2026-09-04T14:05:00-04:00,25.510000228881836,25.520000457763672,25.5,25.5,1848.0
2026-09-04T14:10:00-04:00,25.520000457763672,25.520000457763672,25.520000457763672,25.520000457763672,569.0
2026-09-04T14:15:00-04:00,25.530000686645508,25.540000915527344,25.510000228881836,25.520000457763672,2137.0
2026-09-04T14:20:00-04:00,25.530000686645508,25.540000915527344,25.510000228881836,25.530000686645508,1706.0
2026-09-04T14:25:00-04:00,25.530000686645508,25.530000686645508,25.510000228881836,25.510000228881836,1350.0
2026-09-04T14:30:00-04:00,25.510000228881836,25.540000915527344,25.510000228881836,25.520000457763672,1337.0
2026-09-04T14:35:00-04:00,25.540000915527344,25.540000915527344,25.510000228881836,25.510000228881836,1906.0
2026-09-04T14:40:00-04:00,25.524999618530273,25.559999465942383,25.524999618530273,25.559999465942383,2481.0
2026-09-04T14:45:00-04:00,25.530000686645508,25.549999237060547,25.450000762939453,25.450000762939453,3357.0
2026-09-04T14:50:00-04:00,25.43000030517578,25.43000030517578,25.3799991607666,25.389999389648438,2506.0
2026-09-04T14:55:00-04:00,25.37619972229004,25.37619972229004,25.354999542236328,25.360000610351562,1300.0
2026-09-04T15:00:00-04:00,25.350000381469727,25.389999389648438,25.329999923706055,25.329999923706055,2709.0
2026-09-04T15:05:00-04:00,25.350000381469727,25.375,25.34000015258789,25.34000015258789,2153.0
2026-09-04T15:10:00-04:00,25.34000015258789,25.34000015258789,25.3302001953125,25.334999084472656,1116.0
2026-09-04T15:15:00-04:00,25.31999969482422,25.34000015258789,25.31999969482422,25.31999969482422,1710.0
2026-09-04T15:20:00-04:00,25.309999465942383,25.329999923706055,25.270000457763672,25.290000915527344,6337.0
2026-09-04T15:25:00-04:00,25.295000076293945,25.309999465942383,25.280000686645508,25.280000686645508,8374.0
2026-09-04T15:30:00-04:00,25.270000457763672,25.329999923706055,25.270000457763672,25.329999923706055,3602.0
2026-09-04T15:35:00-04:00,25.309999465942383,25.325000762939453,25.299999237060547,25.299999237060547,2990.0
2026-09-04T15:40:00-04:00,25.290000915527344,25.290000915527344,25.270000457763672,25.274999618530273,4309.0
2026-09-04T15:45:00-04:00,25.299999237060547,25.309999465942383,25.260000228881836,25.309999465942383,11904.0
2026-09-04T15:50:00-04:00,25.299999237060547,25.309999465942383,25.260000228881836,25.280000686645508,6681.0
2026-09-04T15:55:00-04:00,25.264999389648438,25.337499618530273,25.200000762939453,25.299999237060547,39690.0
