timestamp,open,high,low,close,volume
2026-06-11T09:30:00-04:00,73.98999786376953,74.66000366210938,73.9800033569336,74.27999877929688,1745881.0
2026-06-11T09:35:00-04:00,74.25,74.75,74.2300033569336,74.31999969482422,478950.0
2026-06-11T09:40:00-04:00,74.26499938964844,74.29000091552734,73.7699966430664,73.96499633789062,325172.0
2026-06-11T09:45:00-04:00,73.94999694824219,74.93000030517578,73.93000030517578,74.69999694824219,406238.0
2026-06-11T09:50:00-04:00,74.70500183105469,74.91000366210938,74.62000274658203,74.80000305175781,371157.0
2026-06-11T09:55:00-04:00,74.83999633789062,74.96245574951172,74.51000213623047,74.55999755859375,266473.0
2026-06-11T10:00:00-04:00,74.56999969482422,74.58000183105469,74.34989929199219,74.45999908447266,218518.0
2026-06-11T10:05:00-04:00,74.44999694824219,74.44999694824219,74.08999633789062,74.13999938964844,228376.0
2026-06-11T10:10:00-04:00,74.12999725341797,74.1500015258789,73.7699966430664,74.04000091552734,324629.0
2026-06-11T10:15:00-04:00,74.02999877929688,74.27999877929688,73.97000122070312,73.98999786376953,215714.0
2026-06-11T10:20:00-04:00,73.97000122070312,74.72000122070312,73.94000244140625,74.52999877929688,319372.0
2026-06-11T10:25:00-04:00,74.5199966430664,74.61000061035156,74.30999755859375,74.45999908447266,168855.0
2026-06-11T10:30:00-04:00,74.44999694824219,74.62999725341797,74.4000015258789,74.58000183105469,156927.0
2026-06-11T10:35:00-04:00,74.55000305175781,74.87000274658203,74.51000213623047,74.81500244140625,186515.0
2026-06-11T10:40:00-04:00,74.80999755859375,74.91000366210938,74.54000091552734,74.55999755859375,213543.0
2026-06-11T10:45:00-04:00,74.55000305175781,74.70999908447266,74.4800033569336,74.66000366210938,195483.0
2026-06-11T10:50:00-04:00,74.66000366210938,74.7699966430664,74.54000091552734,74.5999984741211,108108.0
2026-06-11T10:55:00-04:00,74.58999633789062,74.66000366210938,74.3550033569336,74.48999786376953,149442.0
2026-06-11T11:00:00-04:00,74.5,74.61000061035156,74.30000305175781,74.45999908447266,175559.0
2026-06-11T11:05:00-04:00,74.47000122070312,75.0199966430664,74.44000244140625,74.83999633789062,229061.0
2026-06-11T11:10:00-04:00,74.86000061035156,75.12999725341797,74.7699966430664,74.9000015258789,380130.0
2026-06-11T11:15:00-04:00,74.88999938964844,75.05000305175781,74.83000183105469,74.95999908447266,127662.0
2026-06-11T11:20:00-04:00,74.94999694824219,75.2300033569336,74.94000244140625,74.97000122070312,306555.0
2026-06-11T11:25:00-04:00,74.9749984741211,75.12000274658203,74.87000274658203,75.02999877929688,145992.0
2026-06-11T11:30:00-04:00,75.01000213623047,75.1801986694336,74.98999786376953,75.06999969482422,151667.0
2026-06-11T11:35:00-04:00,75.08000183105469,75.31999969482422,75.06999969482422,75.26000213623047,130354.0
2026-06-11T11:40:00-04:00,75.27999877929688,75.37999725341797,75.19000244140625,75.26000213623047,154858.0
2026-06-11T11:45:00-04:00,75.26000213623047,75.36000061035156,75.08000183105469,75.0999984741211,148876.0
2026-06-11T11:50:00-04:00,75.1050033569336,75.18990325927734,75.06629943847656,75.0999984741211,97471.0
2026-06-11T11:55:00-04:00,75.09010314941406,75.125,74.94999694824219,75.0999984741211,154510.0
2026-06-11T12:00:00-04:00,75.08999633789062,75.2300033569336,75.0199966430664,75.04000091552734,127398.0
2026-06-11T12:05:00-04:00,75.02999877929688,75.18000030517578,74.95999908447266,75.11000061035156,64471.0
2026-06-11T12:10:00-04:00,75.0999984741211,75.33000183105469,75.08499908447266,75.33000183105469,69267.0
2026-06-11T12:15:00-04:00,75.33999633789062,75.44999694824219,75.13999938964844,75.19000244140625,369940.0
2026-06-11T12:20:00-04:00,75.19999694824219,75.2249984741211,75.0199966430664,75.05999755859375,188327.0
2026-06-11T12:25:00-04:00,75.06999969482422,75.08000183105469,74.8499984741211,74.87000274658203,163270.0
2026-06-11T12:30:00-04:00,74.8499984741211,75.33999633789062,74.83039855957031,75.23999786376953,207973.0
2026-06-11T12:35:00-04:00,75.23999786376953,75.25,75.05000305175781,75.08999633789062,122519.0
2026-06-11T12:40:00-04:00,75.12000274658203,75.25,75.0999984741211,75.18000030517578,61340.0
2026-06-11T12:45:00-04:00,75.19000244140625,75.27999877929688,75.1500015258789,75.2300033569336,101355.0
2026-06-11T12:50:00-04:00,75.2300033569336,75.2699966430664,75.13999938964844,75.16000366210938,92719.0
2026-06-11T12:55:00-04:00,75.16999816894531,75.26000213623047,75.13670349121094,75.1449966430664,109660.0
2026-06-11T13:00:00-04:00,75.1500015258789,75.23999786376953,75.0199966430664,75.05000305175781,149675.0
2026-06-11T13:05:00-04:00,75.04000091552734,75.12999725341797,74.9800033569336,75.08999633789062,144372.0
2026-06-11T13:10:00-04:00,75.08999633789062,75.2249984741211,75.04499816894531,75.12000274658203,149235.0
2026-06-11T13:15:00-04:00,75.12000274658203,75.16000366210938,74.98999786376953,75.12000274658203,125569.0
2026-06-11T13:20:00-04:00,75.12000274658203,75.20999908447266,75.01000213623047,75.19000244140625,138949.0
2026-06-11T13:25:00-04:00,75.18000030517578,76.43000030517578,75.16100311279297,76.40499877929688,675018.0
2026-06-11T13:30:00-04:00,76.44999694824219,77.51000213623047,76.41000366210938,77.41999816894531,895177.0
2026-06-11T13:35:00-04:00,77.41999816894531,77.66999816894531,76.99500274658203,77.4800033569336,780539.0
2026-06-11T13:40:00-04:00,77.5,77.8949966430664,77.30999755859375,77.73999786376953,745509.0
2026-06-11T13:45:00-04:00,77.71499633789062,77.80000305175781,77.19999694824219,77.26000213623047,377403.0
2026-06-11T13:50:00-04:00,77.2699966430664,77.37999725341797,76.98500061035156,77.08509826660156,242866.0
2026-06-11T13:55:00-04:00,77.06999969482422,77.08070373535156,76.83999633789062,76.93000030517578,231210.0
2026-06-11T14:00:00-04:00,76.93000030517578,76.98989868164062,76.25,76.38999938964844,325934.0
2026-06-11T14:05:00-04:00,76.37000274658203,76.58000183105469,76.20500183105469,76.47000122070312,393116.0
2026-06-11T14:10:00-04:00,76.4749984741211,76.8499984741211,76.45999908447266,76.83999633789062,312460.0
2026-06-11T14:15:00-04:00,76.83999633789062,77.11000061035156,76.79000091552734,77.04000091552734,275457.0
2026-06-11T14:20:00-04:00,77.02999877929688,77.12000274658203,76.80000305175781,77.05000305175781,626348.0
2026-06-11T14:25:00-04:00,77.04000091552734,77.12940216064453,76.91000366210938,76.95999908447266,241242.0
2026-06-11T14:30:00-04:00,76.93000030517578,77.0199966430664,76.75,76.81999969482422,233945.0
2026-06-11T14:35:00-04:00,76.81500244140625,76.91999816894531,76.7249984741211,76.77999877929688,216445.0
2026-06-11T14:40:00-04:00,76.77999877929688,76.9749984741211,76.7699966430664,76.97000122070312,170765.0
2026-06-11T14:45:00-04:00,76.97000122070312,77.1500015258789,76.95999908447266,77.11000061035156,197298.0
2026-06-11T14:50:00-04:00,77.1050033569336,77.1500015258789,77.0199966430664,77.04000091552734,236179.0
2026-06-11T14:55:00-04:00,77.04000091552734,77.08499908447266,76.94999694824219,77.0199966430664,207459.0
2026-06-11T15:00:00-04:00,77.0199966430664,77.26000213623047,77.0199966430664,77.1500015258789,202398.0
2026-06-11T15:05:00-04:00,77.1500015258789,77.19000244140625,76.95500183105469,77.15989685058594,164872.0
2026-06-11T15:10:00-04:00,77.13999938964844,77.5199966430664,77.12999725341797,77.37999725341797,362989.0
2026-06-11T15:15:00-04:00,77.38999938964844,77.63999938964844,77.28949737548828,77.63999938964844,365358.0
2026-06-11T15:20:00-04:00,77.6500015258789,77.69999694824219,77.51000213623047,77.58999633789062,260298.0
2026-06-11T15:25:00-04:00,77.58999633789062,77.70960235595703,77.5250015258789,77.6500015258789,307684.0
2026-06-11T15:30:00-04:00,77.66000366210938,78.0999984741211,77.6500015258789,77.9800033569336,511347.0
2026-06-11T15:35:00-04:00,77.9800033569336,78.02999877929688,77.87000274658203,77.91000366210938,358567.0
2026-06-11T15:40:00-04:00,77.91000366210938,78.17500305175781,77.88999938964844,77.98999786376953,439961.0
2026-06-11T15:45:00-04:00,77.9800033569336,78.05000305175781,77.73999786376953,77.80000305175781,372084.0
2026-06-11T15:50:00-04:00,77.80999755859375,77.87000274658203,77.63999938964844,77.83000183105469,550185.0
2026-06-11T15:55:00-04:00,77.82499694824219,77.91000366210938,77.66000366210938,77.7750015258789,1631338.0
2026-06-12T09:30:00-04:00,78.54000091552734,78.98999786376953,78.3499984741211,78.36000061035156,1934614.0
2026-06-12T09:35:00-04:00,78.37999725341797,78.86499786376953,78.31999969482422,78.48999786376953,749095.0
2026-06-12T09:40:00-04:00,78.48500061035156,78.56999969482422,77.76000213623047,78.05000305175781,681528.0
2026-06-12T09:45:00-04:00,78.06999969482422,78.37999725341797,77.81999969482422,78.37999725341797,489912.0
2026-06-12T09:50:00-04:00,78.3499984741211,78.58000183105469,78.23999786376953,78.44989776611328,405798.0
2026-06-12T09:55:00-04:00,78.44999694824219,78.75,78.41999816894531,78.66000366210938,416649.0
2026-06-12T10:00:00-04:00,78.68000030517578,79.11000061035156,78.62999725341797,79.01499938964844,302228.0
2026-06-12T10:05:00-04:00,79.01499938964844,79.37000274658203,78.7699966430664,79.36000061035156,387236.0
2026-06-12T10:10:00-04:00,79.36000061035156,79.36000061035156,78.93000030517578,78.93990325927734,363465.0
2026-06-12T10:15:00-04:00,78.93000030517578,79.12000274658203,78.79000091552734,78.93000030517578,212061.0
2026-06-12T10:20:00-04:00,78.94999694824219,79.0999984741211,78.6500015258789,78.73999786376953,213864.0
2026-06-12T10:25:00-04:00,78.73999786376953,78.87999725341797,78.62000274658203,78.66000366210938,155167.0
2026-06-12T10:30:00-04:00,78.6500015258789,78.80999755859375,78.5,78.5999984741211,241332.0
2026-06-12T10:35:00-04:00,78.58000183105469,78.80000305175781,78.51000213623047,78.76000213623047,529365.0
2026-06-12T10:40:00-04:00,78.77999877929688,78.77999877929688,78.2249984741211,78.33000183105469,173576.0
2026-06-12T10:45:00-04:00,78.31999969482422,78.48999786376953,78.12000274658203,78.25,210636.0
2026-06-12T10:50:00-04:00,78.25,79.23999786376953,78.22000122070312,79.23999786376953,501226.0
2026-06-12T10:55:00-04:00,79.20500183105469,79.44999694824219,79.12000274658203,79.19999694824219,273676.0
2026-06-12T11:00:00-04:00,79.19000244140625,79.41000366210938,79.0999984741211,79.3499984741211,312398.0
2026-06-12T11:05:00-04:00,79.33999633789062,79.70500183105469,79.32499694824219,79.66000366210938,321323.0
2026-06-12T11:10:00-04:00,79.66000366210938,79.83000183105469,79.5,79.83000183105469,493612.0
2026-06-12T11:15:00-04:00,79.81999969482422,79.9000015258789,79.61000061035156,79.77999877929688,260057.0
2026-06-12T11:20:00-04:00,79.77999877929688,80.12000274658203,79.62999725341797,80.04499816894531,290007.0
2026-06-12T11:25:00-04:00,80.04499816894531,80.13999938964844,79.82499694824219,79.87000274658203,224537.0
2026-06-12T11:30:00-04:00,79.86000061035156,79.94000244140625,79.68499755859375,79.70500183105469,198407.0
2026-06-12T11:35:00-04:00,79.70999908447266,79.95999908447266,79.58999633789062,79.75499725341797,343720.0
2026-06-12T11:40:00-04:00,79.76000213623047,79.77999877929688,79.44999694824219,79.48999786376953,167687.0
2026-06-12T11:45:00-04:00,79.47000122070312,79.69999694824219,79.3499984741211,79.41999816894531,113083.0
2026-06-12T11:50:00-04:00,79.44000244140625,79.5999984741211,79.3499984741211,79.5,106984.0
2026-06-12T11:55:00-04:00,79.5,79.56999969482422,79.30000305175781,79.33000183105469,113154.0
2026-06-12T12:00:00-04:00,79.31999969482422,79.44999694824219,79.19999694824219,79.37000274658203,114119.0
2026-06-12T12:05:00-04:00,79.36499786376953,79.6050033569336,79.26499938964844,79.52999877929688,116414.0
2026-06-12T12:10:00-04:00,79.51000213623047,80.36000061035156,79.44000244140625,80.16999816894531,704770.0
2026-06-12T12:15:00-04:00,80.17500305175781,80.55999755859375,80.04000091552734,80.08000183105469,553985.0
2026-06-12T12:20:00-04:00,80.06999969482422,80.27999877929688,80.06999969482422,80.08000183105469,227108.0
2026-06-12T12:25:00-04:00,80.07499694824219,80.18000030517578,80.01000213623047,80.04000091552734,117013.0
2026-06-12T12:30:00-04:00,80.0199966430664,80.08999633789062,79.94000244140625,80.02999877929688,135666.0
2026-06-12T12:35:00-04:00,80.02999877929688,80.1500015258789,79.92500305175781,80.13999938964844,112115.0
2026-06-12T12:40:00-04:00,80.12999725341797,80.29000091552734,80.0199966430664,80.03500366210938,136344.0
2026-06-12T12:45:00-04:00,80.04499816894531,80.2300033569336,80.0,80.22000122070312,104197.0
2026-06-12T12:50:00-04:00,80.19999694824219,80.30999755859375,80.125,80.2301025390625,173721.0
2026-06-12T12:55:00-04:00,80.23500061035156,80.33999633789062,80.11000061035156,80.27999877929688,156087.0
2026-06-12T13:00:00-04:00,80.27999877929688,80.33999633789062,80.20999908447266,80.30750274658203,131086.0
2026-06-12T13:05:00-04:00,80.30999755859375,80.6500015258789,80.29000091552734,80.47000122070312,353282.0
2026-06-12T13:10:00-04:00,80.45999908447266,80.4800033569336,80.30000305175781,80.42500305175781,286920.0
2026-06-12T13:15:00-04:00,80.43000030517578,80.5,80.30999755859375,80.45999908447266,171942.0
2026-06-12T13:20:00-04:00,80.47000122070312,80.55000305175781,80.4000015258789,80.41999816894531,264793.0
2026-06-12T13:25:00-04:00,80.41899871826172,80.5,80.37999725341797,80.47000122070312,228769.0
2026-06-12T13:30:00-04:00,80.47000122070312,80.55999755859375,80.4000015258789,80.5,169482.0
2026-06-12T13:35:00-04:00,80.5,80.58000183105469,80.42500305175781,80.48999786376953,107792.0
2026-06-12T13:40:00-04:00,80.47000122070312,80.62000274658203,80.44999694824219,80.61499786376953,105575.0
2026-06-12T13:45:00-04:00,80.5999984741211,80.6500015258789,80.5199966430664,80.55999755859375,103121.0
2026-06-12T13:50:00-04:00,80.55500030517578,80.5999984741211,80.51000213623047,80.55000305175781,87073.0
2026-06-12T13:55:00-04:00,80.53500366210938,80.55000305175781,80.41999816894531,80.51000213623047,97480.0
2026-06-12T14:00:00-04:00,80.5199966430664,80.57499694824219,80.42330169677734,80.44999694824219,168156.0
2026-06-12T14:05:00-04:00,80.44999694824219,80.52999877929688,80.37999725341797,80.48500061035156,211912.0
2026-06-12T14:10:00-04:00,80.48999786376953,80.55000305175781,80.43000030517578,80.44499969482422,133789.0
2026-06-12T14:15:00-04:00,80.44000244140625,80.52999877929688,80.375,80.44999694824219,88613.0
2026-06-12T14:20:00-04:00,80.44999694824219,80.5199966430664,80.44000244140625,80.5199966430664,108276.0
2026-06-12T14:25:00-04:00,80.51499938964844,80.55999755859375,80.43499755859375,80.44999694824219,79745.0
2026-06-12T14:30:00-04:00,80.44999694824219,80.4800033569336,80.3499984741211,80.37000274658203,108009.0
2026-06-12T14:35:00-04:00,80.37999725341797,80.51000213623047,80.33499908447266,80.48999786376953,107261.0
2026-06-12T14:40:00-04:00,80.48999786376953,80.56999969482422,80.44499969482422,80.49500274658203,372661.0
2026-06-12T14:45:00-04:00,80.48500061035156,80.50499725341797,80.31500244140625,80.33999633789062,164015.0
2026-06-12T14:50:00-04:00,80.34500122070312,80.41000366210938,80.33000183105469,80.36000061035156,55142.0
2026-06-12T14:55:00-04:00,80.36000061035156,80.36499786376953,80.06500244140625,80.08000183105469,236650.0
2026-06-12T15:00:00-04:00,80.11000061035156,80.23999786376953,80.07499694824219,80.2300033569336,95620.0
2026-06-12T15:05:00-04:00,80.2300033569336,80.27999877929688,80.16999816894531,80.19000244140625,110378.0
2026-06-12T15:10:00-04:00,80.19000244140625,80.25,80.12999725341797,80.16999816894531,198906.0
2026-06-12T15:15:00-04:00,80.16000366210938,80.19000244140625,80.08000183105469,80.19000244140625,122198.0
2026-06-12T15:20:00-04:00,80.19000244140625,80.21499633789062,80.12999725341797,80.13999938964844,130052.0
2026-06-12T15:25:00-04:00,80.13999938964844,80.19499969482422,80.0999984741211,80.1050033569336,163808.0
2026-06-12T15:30:00-04:00,80.0999984741211,80.2300033569336,79.96009826660156,79.96009826660156,295702.0
2026-06-12T15:35:00-04:00,79.95999908447266,80.0999984741211,79.84010314941406,79.96499633789062,350972.0
2026-06-12T15:40:00-04:00,79.95999908447266,80.01000213623047,79.8499984741211,79.87000274658203,196058.0
2026-06-12T15:45:00-04:00,79.86000061035156,79.93000030517578,79.79350280761719,79.9000015258789,220981.0
2026-06-12T15:50:00-04:00,79.91000366210938,80.01000213623047,79.83999633789062,79.85579681396484,339757.0
2026-06-12T15:55:00-04:00,79.86000061035156,80.08999633789062,79.83000183105469,80.04000091552734,1245729.0
2026-06-15T09:30:00-04:00,85.41500091552734,86.74500274658203,85.38009643554688,86.20999908447266,3368840.0
2026-06-15T09:35:00-04:00,86.2249984741211,86.76000213623047,85.97000122070312,86.66999816894531,1307610.0
2026-06-15T09:40:00-04:00,86.66999816894531,86.87999725341797,86.41000366210938,86.54000091552734,928562.0
2026-06-15T09:45:00-04:00,86.5199966430664,86.57620239257812,86.16999816894531,86.19999694824219,457511.0
2026-06-15T09:50:00-04:00,86.20999908447266,86.47000122070312,86.16500091552734,86.37000274658203,735945.0
2026-06-15T09:55:00-04:00,86.37000274658203,86.51499938964844,86.30000305175781,86.48999786376953,617105.0
2026-06-15T10:00:00-04:00,86.48999786376953,86.58999633789062,86.30000305175781,86.5,263711.0
2026-06-15T10:05:00-04:00,86.5,86.68000030517578,86.41999816894531,86.62999725341797,405071.0
2026-06-15T10:10:00-04:00,86.62999725341797,86.62999725341797,86.05999755859375,86.06999969482422,540065.0
2026-06-15T10:15:00-04:00,86.07499694824219,86.29499816894531,86.05999755859375,86.27999877929688,371300.0
2026-06-15T10:20:00-04:00,86.28009796142578,86.30999755859375,86.04000091552734,86.12000274658203,333506.0
2026-06-15T10:25:00-04:00,86.11000061035156,86.47000122070312,86.0999984741211,86.41999816894531,279481.0
2026-06-15T10:30:00-04:00,86.42500305175781,86.48999786376953,85.81999969482422,85.84500122070312,199009.0
2026-06-15T10:35:00-04:00,85.8499984741211,85.93000030517578,85.66000366210938,85.77999877929688,289553.0
2026-06-15T10:40:00-04:00,85.78500366210938,85.8499984741211,85.55999755859375,85.56999969482422,226671.0
2026-06-15T10:45:00-04:00,85.56999969482422,86.16999816894531,85.56999969482422,86.16000366210938,394583.0
2026-06-15T10:50:00-04:00,86.16999816894531,86.19000244140625,85.98999786376953,86.11000061035156,279109.0
2026-06-15T10:55:00-04:00,86.08999633789062,86.12000274658203,85.88999938964844,85.93499755859375,202813.0
2026-06-15T11:00:00-04:00,85.93000030517578,85.95999908447266,85.79000091552734,85.88999938964844,159839.0
2026-06-15T11:05:00-04:00,85.88999938964844,85.9800033569336,85.77999877929688,85.84500122070312,205322.0
2026-06-15T11:10:00-04:00,85.84500122070312,85.87999725341797,85.61000061035156,85.62000274658203,206750.0
2026-06-15T11:15:00-04:00,85.625,85.81999969482422,85.61499786376953,85.75499725341797,237795.0
2026-06-15T11:20:00-04:00,85.76000213623047,86.04509735107422,85.7249984741211,86.04000091552734,216654.0
2026-06-15T11:25:00-04:00,86.05000305175781,86.08000183105469,85.8949966430664,86.06999969482422,193134.0
2026-06-15T11:30:00-04:00,86.06009674072266,86.0999984741211,85.93000030517578,85.98999786376953,249256.0
2026-06-15T11:35:00-04:00,86.0,86.23999786376953,85.95500183105469,86.22010040283203,296629.0
2026-06-15T11:40:00-04:00,86.22000122070312,86.2249984741211,86.05999755859375,86.12000274658203,221981.0
2026-06-15T11:45:00-04:00,86.12000274658203,86.16999816894531,85.98999786376953,85.98999786376953,148109.0
2026-06-15T11:50:00-04:00,85.98500061035156,86.02999877929688,85.875,85.91500091552734,151120.0
2026-06-15T11:55:00-04:00,85.91500091552734,85.98999786376953,85.86499786376953,85.91000366210938,159871.0
2026-06-15T12:00:00-04:00,85.90499877929688,85.91500091552734,85.7249984741211,85.86000061035156,173610.0
2026-06-15T12:05:00-04:00,85.87000274658203,85.91999816894531,85.70999908447266,85.71499633789062,208408.0
2026-06-15T12:10:00-04:00,85.72000122070312,85.73999786376953,85.54499816894531,85.56900024414062,209657.0
2026-06-15T12:15:00-04:00,85.56999969482422,85.69000244140625,85.52999877929688,85.57499694824219,240122.0
2026-06-15T12:20:00-04:00,85.57499694824219,85.62000274658203,85.5062026977539,85.59500122070312,289495.0
2026-06-15T12:25:00-04:00,85.5999984741211,85.66000366210938,85.53500366210938,85.63999938964844,235508.0
2026-06-15T12:30:00-04:00,85.63999938964844,85.76000213623047,85.625,85.75499725341797,199842.0
2026-06-15T12:35:00-04:00,85.75199890136719,85.80000305175781,85.56500244140625,85.58000183105469,303831.0
2026-06-15T12:40:00-04:00,85.58000183105469,85.63999938964844,85.3499984741211,85.41999816894531,370888.0
2026-06-15T12:45:00-04:00,85.41999816894531,85.4749984741211,85.30500030517578,85.3550033569336,257926.0
2026-06-15T12:50:00-04:00,85.36750030517578,85.43499755859375,85.3499984741211,85.43000030517578,148749.0
2026-06-15T12:55:00-04:00,85.42500305175781,85.44999694824219,85.36499786376953,85.44000244140625,126557.0
2026-06-15T13:00:00-04:00,85.44000244140625,85.44999694824219,85.23999786376953,85.30500030517578,193575.0
2026-06-15T13:05:00-04:00,85.30999755859375,85.34500122070312,85.13999938964844,85.21499633789062,284742.0
2026-06-15T13:10:00-04:00,85.20999908447266,85.38999938964844,85.20500183105469,85.27300262451172,275751.0
2026-06-15T13:15:00-04:00,85.2750015258789,85.33999633789062,85.24500274658203,85.29000091552734,359016.0
2026-06-15T13:20:00-04:00,85.29499816894531,85.38999938964844,85.26499938964844,85.37000274658203,202918.0
2026-06-15T13:25:00-04:00,85.37999725341797,85.43000030517578,85.32749938964844,85.3499984741211,145607.0
2026-06-15T13:30:00-04:00,85.3499984741211,85.37000274658203,85.18000030517578,85.18450164794922,124726.0
2026-06-15T13:35:00-04:00,85.18000030517578,85.18000030517578,84.93000030517578,84.95999908447266,203808.0
2026-06-15T13:40:00-04:00,84.94000244140625,85.06500244140625,84.83999633789062,84.9800033569336,297286.0
2026-06-15T13:45:00-04:00,84.9800033569336,85.07499694824219,84.94000244140625,85.06999969482422,158003.0
2026-06-15T13:50:00-04:00,85.06999969482422,85.07250213623047,84.8499984741211,84.91000366210938,204953.0
2026-06-15T13:55:00-04:00,84.9000015258789,85.0199966430664,84.87999725341797,85.0199966430664,130641.0
2026-06-15T14:00:00-04:00,85.0199966430664,85.02999877929688,84.83000183105469,84.91999816894531,194920.0
2026-06-15T14:05:00-04:00,84.91500091552734,84.97000122070312,84.83999633789062,84.87999725341797,169211.0
2026-06-15T14:10:00-04:00,84.87999725341797,84.95999908447266,84.81500244140625,84.95999908447266,143166.0
2026-06-15T14:15:00-04:00,84.97000122070312,85.0199966430664,84.8949966430664,85.01499938964844,126701.0
2026-06-15T14:20:00-04:00,85.01499938964844,85.11000061035156,84.98500061035156,85.06510162353516,163642.0
2026-06-15T14:25:00-04:00,85.06999969482422,85.1500015258789,85.01499938964844,85.04000091552734,167842.0
2026-06-15T14:30:00-04:00,85.04000091552734,85.05000305175781,84.88500213623047,84.9749984741211,344645.0
2026-06-15T14:35:00-04:00,84.9749984741211,85.05000305175781,84.95999908447266,85.01499938964844,124173.0
2026-06-15T14:40:00-04:00,85.01499938964844,85.05999755859375,84.9749984741211,85.01499938964844,136429.0
2026-06-15T14:45:00-04:00,85.01499938964844,85.04499816894531,84.95999908447266,84.9749984741211,149983.0
2026-06-15T14:50:00-04:00,84.9749984741211,85.02999877929688,84.94499969482422,85.0250015258789,163899.0
2026-06-15T14:55:00-04:00,85.0250015258789,85.07499694824219,84.94999694824219,84.94999694824219,178441.0
2026-06-15T15:00:00-04:00,84.95500183105469,85.02999877929688,84.86009979248047,84.87000274658203,164903.0
2026-06-15T15:05:00-04:00,84.87000274658203,84.91999816894531,84.81999969482422,84.8499984741211,171339.0
2026-06-15T15:10:00-04:00,84.8499984741211,84.85030364990234,84.70999908447266,84.83000183105469,186065.0
2026-06-15T15:15:00-04:00,84.83999633789062,84.91500091552734,84.80999755859375,84.90989685058594,272686.0
2026-06-15T15:20:00-04:00,84.9000015258789,85.01499938964844,84.88500213623047,84.9800033569336,257197.0
2026-06-15T15:25:00-04:00,84.9800033569336,85.0,84.84159851074219,84.86000061035156,312257.0
2026-06-15T15:30:00-04:00,84.87000274658203,84.9800033569336,84.80500030517578,84.81999969482422,228902.0
2026-06-15T15:35:00-04:00,84.81999969482422,84.88500213623047,84.75,84.84500122070312,241724.0
2026-06-15T15:40:00-04:00,84.84500122070312,84.86000061035156,84.70999908447266,84.70999908447266,350621.0
2026-06-15T15:45:00-04:00,84.70999908447266,84.88999938964844,84.70999908447266,84.86990356445312,448501.0
2026-06-15T15:50:00-04:00,84.83999633789062,85.08000183105469,84.83000183105469,85.05000305175781,579944.0
2026-06-15T15:55:00-04:00,85.05000305175781,85.27999877929688,84.97000122070312,85.2300033569336,2672814.0
2026-06-16T09:30:00-04:00,86.1500015258789,87.05000305175781,86.1500015258789,86.69999694824219,1756568.0
2026-06-16T09:35:00-04:00,86.69999694824219,86.86000061035156,86.51000213623047,86.69999694824219,505681.0
2026-06-16T09:40:00-04:00,86.69000244140625,87.20999908447266,86.62000274658203,87.19999694824219,334097.0
2026-06-16T09:45:00-04:00,87.22000122070312,87.27999877929688,87.05000305175781,87.22000122070312,331198.0
2026-06-16T09:50:00-04:00,87.22000122070312,87.30999755859375,87.15499877929688,87.22000122070312,320516.0
2026-06-16T09:55:00-04:00,87.22000122070312,87.23999786376953,86.95999908447266,87.06999969482422,313786.0
2026-06-16T10:00:00-04:00,87.06999969482422,87.4000015258789,87.05000305175781,87.3499984741211,318833.0
2026-06-16T10:05:00-04:00,87.3499984741211,87.3499984741211,87.01000213623047,87.05000305175781,182740.0
2026-06-16T10:10:00-04:00,87.05000305175781,87.30500030517578,87.01000213623047,87.18000030517578,231363.0
2026-06-16T10:15:00-04:00,87.16999816894531,87.19999694824219,86.4000015258789,86.44499969482422,520519.0
2026-06-16T10:20:00-04:00,86.44999694824219,86.48999786376953,86.05000305175781,86.20999908447266,365442.0
2026-06-16T10:25:00-04:00,86.20999908447266,86.26000213623047,85.75499725341797,85.9000015258789,422365.0
2026-06-16T10:30:00-04:00,85.91000366210938,85.98999786376953,85.66000366210938,85.91000366210938,315544.0
2026-06-16T10:35:00-04:00,85.91000366210938,86.63999938964844,85.8499984741211,86.58999633789062,358915.0
2026-06-16T10:40:00-04:00,86.58000183105469,86.69499969482422,86.45999908447266,86.6500015258789,147240.0
2026-06-16T10:45:00-04:00,86.63999938964844,86.81999969482422,86.58499908447266,86.66999816894531,142275.0
2026-06-16T10:50:00-04:00,86.68000030517578,86.7699966430664,86.51000213623047,86.54000091552734,178299.0
2026-06-16T10:55:00-04:00,86.54000091552734,86.69000244140625,86.45999908447266,86.54000091552734,502884.0
2026-06-16T11:00:00-04:00,86.55999755859375,86.66000366210938,86.5,86.56500244140625,122931.0
2026-06-16T11:05:00-04:00,86.55999755859375,86.74500274658203,86.55000305175781,86.61000061035156,67347.0
2026-06-16T11:10:00-04:00,86.61000061035156,86.76000213623047,86.56999969482422,86.70999908447266,104970.0
2026-06-16T11:15:00-04:00,86.70999908447266,86.94000244140625,86.69170379638672,86.71499633789062,213028.0
2026-06-16T11:20:00-04:00,86.72000122070312,86.77999877929688,86.47000122070312,86.4749984741211,148355.0
2026-06-16T11:25:00-04:00,86.47000122070312,86.5199966430664,86.30999755859375,86.4800033569336,154257.0
2026-06-16T11:30:00-04:00,86.4800033569336,86.56999969482422,86.44000244140625,86.48999786376953,146578.0
2026-06-16T11:35:00-04:00,86.48999786376953,86.54000091552734,86.36499786376953,86.41000366210938,133813.0
2026-06-16T11:40:00-04:00,86.41000366210938,86.43000030517578,86.25489807128906,86.3499984741211,114587.0
2026-06-16T11:45:00-04:00,86.3499984741211,86.36000061035156,85.96489715576172,86.18000030517578,247408.0
2026-06-16T11:50:00-04:00,86.17659759521484,86.61000061035156,86.1449966430664,86.55999755859375,129256.0
2026-06-16T11:55:00-04:00,86.56999969482422,87.05999755859375,86.56999969482422,86.80999755859375,239194.0
2026-06-16T12:00:00-04:00,86.80999755859375,87.12999725341797,86.80000305175781,86.84200286865234,199900.0
2026-06-16T12:05:00-04:00,86.8499984741211,87.12999725341797,86.84500122070312,87.11000061035156,268005.0
2026-06-16T12:10:00-04:00,87.1050033569336,87.19000244140625,87.06999969482422,87.16000366210938,131375.0
2026-06-16T12:15:00-04:00,87.16999816894531,87.23999786376953,87.1449966430664,87.23999786376953,138014.0
2026-06-16T12:20:00-04:00,87.23500061035156,87.23500061035156,87.12000274658203,87.19999694824219,115495.0
2026-06-16T12:25:00-04:00,87.19000244140625,87.2750015258789,87.16999816894531,87.26000213623047,81910.0
2026-06-16T12:30:00-04:00,87.26000213623047,87.2699966430664,87.0199966430664,87.02999877929688,102782.0
2026-06-16T12:35:00-04:00,87.0199966430664,87.12999725341797,86.99500274658203,87.12999725341797,64403.0
2026-06-16T12:40:00-04:00,87.12999725341797,87.16999816894531,87.08000183105469,87.11000061035156,69812.0
2026-06-16T12:45:00-04:00,87.0999984741211,87.11990356445312,87.02999877929688,87.03500366210938,74897.0
2026-06-16T12:50:00-04:00,87.03500366210938,87.08999633789062,86.97000122070312,87.04000091552734,100428.0
2026-06-16T12:55:00-04:00,87.04000091552734,87.09500122070312,87.0199966430664,87.05000305175781,87033.0
2026-06-16T13:00:00-04:00,87.05000305175781,87.08499908447266,86.94999694824219,87.05999755859375,93628.0
2026-06-16T13:05:00-04:00,87.05999755859375,87.09500122070312,87.0,87.06999969482422,63584.0
2026-06-16T13:10:00-04:00,87.06999969482422,87.12999725341797,87.02999877929688,87.05999755859375,87121.0
2026-06-16T13:15:00-04:00,87.04000091552734,87.1050033569336,86.9800033569336,87.02999877929688,127652.0
2026-06-16T13:20:00-04:00,87.02999877929688,87.04000091552734,86.82499694824219,86.93499755859375,148050.0
2026-06-16T13:25:00-04:00,86.93000030517578,86.95999908447266,86.8550033569336,86.93000030517578,123624.0
2026-06-16T13:30:00-04:00,86.93000030517578,87.04000091552734,86.88999938964844,87.02999877929688,108306.0
2026-06-16T13:35:00-04:00,87.02999877929688,87.08000183105469,86.97000122070312,86.98500061035156,105659.0
2026-06-16T13:40:00-04:00,86.98999786376953,87.1050033569336,86.95500183105469,87.08999633789062,596015.0
2026-06-16T13:45:00-04:00,87.08999633789062,87.12999725341797,87.01000213623047,87.11499786376953,108443.0
2026-06-16T13:50:00-04:00,87.12000274658203,87.23500061035156,87.11000061035156,87.21499633789062,189102.0
2026-06-16T13:55:00-04:00,87.22000122070312,87.30000305175781,87.19999694824219,87.29000091552734,119384.0
2026-06-16T14:00:00-04:00,87.29000091552734,87.4000015258789,87.2699966430664,87.3499984741211,154072.0
2026-06-16T14:05:00-04:00,87.3499984741211,87.38999938964844,87.29000091552734,87.3499984741211,105611.0
2026-06-16T14:10:00-04:00,87.3499984741211,87.41500091552734,87.30500030517578,87.34500122070312,133918.0
2026-06-16T14:15:00-04:00,87.3499984741211,87.38500213623047,87.30000305175781,87.37000274658203,109978.0
2026-06-16T14:20:00-04:00,87.36000061035156,87.43000030517578,87.31009674072266,87.43000030517578,61319.0
2026-06-16T14:25:00-04:00,87.41999816894531,87.5199966430664,87.4000015258789,87.48999786376953,118846.0
2026-06-16T14:30:00-04:00,87.48999786376953,87.54499816894531,87.44999694824219,87.4800033569336,132676.0
2026-06-16T14:35:00-04:00,87.47000122070312,87.5199966430664,87.41500091552734,87.43499755859375,112629.0
2026-06-16T14:40:00-04:00,87.44000244140625,87.46499633789062,87.375,87.3949966430664,89846.0
2026-06-16T14:45:00-04:00,87.4000015258789,87.4229965209961,87.29000091552734,87.29000091552734,125816.0
2026-06-16T14:50:00-04:00,87.28500366210938,87.37000274658203,87.26000213623047,87.31500244140625,101208.0
2026-06-16T14:55:00-04:00,87.30999755859375,87.37000274658203,87.20500183105469,87.23999786376953,163278.0
2026-06-16T15:00:00-04:00,87.24500274658203,87.33999633789062,87.18000030517578,87.30500030517578,121409.0
2026-06-16T15:05:00-04:00,87.30500030517578,87.38999938964844,87.25,87.2699966430664,88373.0
2026-06-16T15:10:00-04:00,87.2699966430664,87.33999633789062,87.25499725341797,87.2750015258789,235870.0
2026-06-16T15:15:00-04:00,87.27999877929688,87.45500183105469,87.19000244140625,87.44499969482422,288025.0
2026-06-16T15:20:00-04:00,87.44999694824219,87.58000183105469,87.4000015258789,87.55000305175781,275582.0
2026-06-16T15:25:00-04:00,87.54000091552734,87.55999755859375,87.46499633789062,87.51499938964844,202514.0
2026-06-16T15:30:00-04:00,87.5199966430664,87.58499908447266,87.36000061035156,87.36000061035156,343696.0
2026-06-16T15:35:00-04:00,87.3499984741211,87.3949966430664,87.2750015258789,87.27999877929688,274435.0
2026-06-16T15:40:00-04:00,87.27010345458984,87.37000274658203,87.23999786376953,87.33999633789062,243490.0
2026-06-16T15:45:00-04:00,87.33499908447266,87.41000366210938,87.30500030517578,87.3550033569336,352800.0
2026-06-16T15:50:00-04:00,87.36000061035156,87.48999786376953,87.20999908447266,87.34500122070312,606648.0
2026-06-16T15:55:00-04:00,87.3499984741211,87.3499984741211,87.0999984741211,87.24500274658203,1513451.0
2026-06-17T09:30:00-04:00,87.19999694824219,87.44999694824219,86.95999908447266,87.27999877929688,884002.0
2026-06-17T09:35:00-04:00,87.27999877929688,87.6050033569336,87.18000030517578,87.4800033569336,253034.0
2026-06-17T09:40:00-04:00,87.4800033569336,88.22000122070312,87.44999694824219,88.19000244140625,409178.0
2026-06-17T09:45:00-04:00,88.19000244140625,88.33999633789062,88.12000274658203,88.19000244140625,314053.0
2026-06-17T09:50:00-04:00,88.19999694824219,88.5199966430664,87.97010040283203,87.9800033569336,254750.0
2026-06-17T09:55:00-04:00,87.9800033569336,88.11499786376953,87.87000274658203,87.87999725341797,232853.0
2026-06-17T10:00:00-04:00,87.88999938964844,88.37000274658203,87.79000091552734,88.36000061035156,148910.0
2026-06-17T10:05:00-04:00,88.3499984741211,88.76000213623047,88.30999755859375,88.58000183105469,202706.0
2026-06-17T10:10:00-04:00,88.56500244140625,88.7301025390625,88.38999938964844,88.4800033569336,238049.0
2026-06-17T10:15:00-04:00,88.48999786376953,88.69000244140625,88.4000015258789,88.62999725341797,198298.0
2026-06-17T10:20:00-04:00,88.62999725341797,89.5199966430664,88.62000274658203,89.4000015258789,324396.0
2026-06-17T10:25:00-04:00,89.38999938964844,89.62999725341797,89.30000305175781,89.38999938964844,382968.0
2026-06-17T10:30:00-04:00,89.38999938964844,89.52999877929688,89.22000122070312,89.36000061035156,220973.0
2026-06-17T10:35:00-04:00,89.3499984741211,89.45999908447266,89.04499816894531,89.13999938964844,205323.0
2026-06-17T10:40:00-04:00,89.1500015258789,89.25499725341797,88.98999786376953,89.11000061035156,206741.0
2026-06-17T10:45:00-04:00,89.0999984741211,89.12999725341797,88.06999969482422,88.54199981689453,644213.0
2026-06-17T10:50:00-04:00,88.58999633789062,89.02999877929688,88.44999694824219,88.94000244140625,313737.0
2026-06-17T10:55:00-04:00,88.94000244140625,89.0,88.66000366210938,88.83999633789062,502541.0
2026-06-17T11:00:00-04:00,88.8499984741211,89.05000305175781,88.83000183105469,89.05000305175781,203716.0
2026-06-17T11:05:00-04:00,89.04000091552734,89.04000091552734,88.81999969482422,88.86000061035156,225805.0
2026-06-17T11:10:00-04:00,88.8499984741211,89.16000366210938,88.8499984741211,89.13999938964844,266179.0
2026-06-17T11:15:00-04:00,89.13999938964844,89.33000183105469,89.08999633789062,89.30999755859375,220858.0
2026-06-17T11:20:00-04:00,89.31999969482422,89.36000061035156,89.22000122070312,89.29499816894531,191409.0
2026-06-17T11:25:00-04:00,89.30000305175781,89.41500091552734,89.19999694824219,89.38500213623047,300798.0
2026-06-17T11:30:00-04:00,89.38500213623047,89.40499877929688,89.25,89.2699966430664,275696.0
2026-06-17T11:35:00-04:00,89.27999877929688,89.3499984741211,89.08000183105469,89.23999786376953,355202.0
2026-06-17T11:40:00-04:00,89.23999786376953,89.29000091552734,89.13999938964844,89.19999694824219,190487.0
2026-06-17T11:45:00-04:00,89.20999908447266,89.3550033569336,89.19000244140625,89.30999755859375,210877.0
2026-06-17T11:50:00-04:00,89.30999755859375,89.36000061035156,89.11000061035156,89.2750015258789,638170.0
2026-06-17T11:55:00-04:00,89.2750015258789,89.37999725341797,89.26080322265625,89.28990173339844,211977.0
2026-06-17T12:00:00-04:00,89.29000091552734,89.3550033569336,89.19999694824219,89.23999786376953,215259.0
2026-06-17T12:05:00-04:00,89.24500274658203,89.33499908447266,89.2300033569336,89.26499938964844,205953.0
2026-06-17T12:10:00-04:00,89.26499938964844,89.3499984741211,89.19999694824219,89.34500122070312,199681.0
2026-06-17T12:15:00-04:00,89.3499984741211,89.46499633789062,89.33999633789062,89.44499969482422,156427.0
2026-06-17T12:20:00-04:00,89.44499969482422,89.53500366210938,89.4000015258789,89.41500091552734,160007.0
2026-06-17T12:25:00-04:00,89.41500091552734,89.49500274658203,89.37000274658203,89.44000244140625,210376.0
2026-06-17T12:30:00-04:00,89.43000030517578,89.5,89.3499984741211,89.3550033569336,136266.0
2026-06-17T12:35:00-04:00,89.3499984741211,89.4000015258789,89.26000213623047,89.28500366210938,176187.0
2026-06-17T12:40:00-04:00,89.27999877929688,89.34500122070312,89.21499633789062,89.29000091552734,169600.0
2026-06-17T12:45:00-04:00,89.27999877929688,89.38500213623047,89.23999786376953,89.26499938964844,220012.0
2026-06-17T12:50:00-04:00,89.2699966430664,89.34500122070312,89.25499725341797,89.30999755859375,204462.0
2026-06-17T12:55:00-04:00,89.31999969482422,89.45500183105469,89.26000213623047,89.45010375976562,212115.0
2026-06-17T13:00:00-04:00,89.45500183105469,89.62999725341797,89.4000015258789,89.5199966430664,288339.0
2026-06-17T13:05:00-04:00,89.52010345458984,89.63999938964844,89.44999694824219,89.59249877929688,230630.0
2026-06-17T13:10:00-04:00,89.58999633789062,89.63999938964844,89.45999908447266,89.5,211929.0
2026-06-17T13:15:00-04:00,89.48500061035156,89.49500274658203,89.3499984741211,89.38500213623047,175859.0
2026-06-17T13:20:00-04:00,89.38500213623047,89.48999786376953,89.37999725341797,89.44999694824219,237298.0
2026-06-17T13:25:00-04:00,89.44999694824219,89.5199966430664,89.41999816894531,89.4800033569336,156742.0
2026-06-17T13:30:00-04:00,89.4800033569336,89.70999908447266,89.44999694824219,89.62000274658203,242900.0
2026-06-17T13:35:00-04:00,89.61000061035156,89.84500122070312,89.5199966430664,89.80999755859375,221076.0
2026-06-17T13:40:00-04:00,89.80999755859375,89.98999786376953,89.79000091552734,89.87999725341797,224314.0
2026-06-17T13:45:00-04:00,89.88500213623047,89.94499969482422,89.84500122070312,89.91000366210938,199939.0
2026-06-17T13:50:00-04:00,89.91999816894531,89.91999816894531,89.7699966430664,89.82499694824219,134242.0
2026-06-17T13:55:00-04:00,89.81999969482422,89.83000183105469,89.7300033569336,89.76000213623047,223451.0
2026-06-17T14:00:00-04:00,89.75,89.75,87.11000061035156,87.12000274658203,1756286.0
2026-06-17T14:05:00-04:00,87.13999938964844,87.19000244140625,86.27999877929688,86.75,2354888.0
2026-06-17T14:10:00-04:00,86.76000213623047,87.08309936523438,86.51000213623047,86.6500015258789,1248479.0
2026-06-17T14:15:00-04:00,86.66999816894531,87.43000030517578,86.6500015258789,87.3550033569336,1194431.0
2026-06-17T14:20:00-04:00,87.36000061035156,87.43000030517578,86.95999908447266,87.0,330705.0
2026-06-17T14:25:00-04:00,87.01000213623047,87.05000305175781,86.47000122070312,87.03500366210938,1292878.0
2026-06-17T14:30:00-04:00,87.04000091552734,87.88999938964844,86.37999725341797,86.56999969482422,1369870.0
2026-06-17T14:35:00-04:00,86.5999984741211,88.18000030517578,86.55000305175781,87.79000091552734,772872.0
2026-06-17T14:40:00-04:00,87.80999755859375,88.29000091552734,87.51000213623047,88.23999786376953,609632.0
2026-06-17T14:45:00-04:00,88.23500061035156,88.54000091552734,87.98999786376953,88.33999633789062,570178.0
2026-06-17T14:50:00-04:00,88.31999969482422,88.47000122070312,88.12999725341797,88.23999786376953,349351.0
2026-06-17T14:55:00-04:00,88.21499633789062,88.2300033569336,87.4800033569336,87.75,824026.0
2026-06-17T15:00:00-04:00,87.7300033569336,88.16000366210938,87.28500366210938,87.29000091552734,1074428.0
2026-06-17T15:05:00-04:00,87.30999755859375,87.56999969482422,87.18000030517578,87.36000061035156,634649.0
2026-06-17T15:10:00-04:00,87.36000061035156,87.78500366210938,87.27999877929688,87.68499755859375,1369542.0
2026-06-17T15:15:00-04:00,87.68000030517578,87.70999908447266,86.08999633789062,86.11000061035156,1804528.0
2026-06-17T15:20:00-04:00,86.1050033569336,86.1050033569336,85.37000274658203,85.37000274658203,1659872.0
2026-06-17T15:25:00-04:00,85.37000274658203,85.98999786376953,85.36000061035156,85.47000122070312,1478482.0
2026-06-17T15:30:00-04:00,85.44999694824219,85.56999969482422,85.04000091552734,85.08999633789062,1007906.0
2026-06-17T15:35:00-04:00,85.08999633789062,85.31999969482422,84.76000213623047,84.80999755859375,967865.0
2026-06-17T15:40:00-04:00,84.80999755859375,85.05000305175781,84.73999786376953,84.8499984741211,733699.0
2026-06-17T15:45:00-04:00,84.87000274658203,85.23500061035156,84.83499908447266,85.05000305175781,618306.0
2026-06-17T15:50:00-04:00,85.04000091552734,85.20999908447266,84.7699966430664,84.83999633789062,1392597.0
2026-06-17T15:55:00-04:00,84.83000183105469,85.0250015258789,84.29000091552734,84.4000015258789,4381984.0
2026-06-18T09:30:00-04:00,84.91000366210938,86.2699966430664,84.91000366210938,86.05000305175781,1683450.0
2026-06-18T09:35:00-04:00,86.04000091552734,86.56999969482422,85.83999633789062,86.2300033569336,756931.0
2026-06-18T09:40:00-04:00,86.2300033569336,86.27999877929688,85.63999938964844,85.80999755859375,537186.0
2026-06-18T09:45:00-04:00,85.79000091552734,85.83000183105469,85.08000183105469,85.41999816894531,531422.0
2026-06-18T09:50:00-04:00,85.41999816894531,85.44999694824219,84.88999938964844,85.05999755859375,288188.0
2026-06-18T09:55:00-04:00,85.0999984741211,85.11000061035156,84.19000244140625,84.60060119628906,657914.0
2026-06-18T10:00:00-04:00,84.62000274658203,84.62999725341797,84.0,84.23999786376953,547057.0
2026-06-18T10:05:00-04:00,84.26000213623047,84.68599700927734,84.08999633789062,84.38999938964844,402144.0
2026-06-18T10:10:00-04:00,84.4000015258789,84.41999816894531,84.08999633789062,84.1500015258789,261526.0
2026-06-18T10:15:00-04:00,84.12999725341797,84.31999969482422,83.77999877929688,84.20999908447266,434337.0
2026-06-18T10:20:00-04:00,84.22000122070312,84.69999694824219,84.19000244140625,84.51000213623047,343822.0
2026-06-18T10:25:00-04:00,84.51000213623047,84.71499633789062,84.22000122070312,84.23999786376953,239996.0
2026-06-18T10:30:00-04:00,84.22000122070312,84.4000015258789,84.04000091552734,84.4000015258789,214597.0
2026-06-18T10:35:00-04:00,84.41000366210938,84.5199966430664,84.12000274658203,84.19000244140625,143925.0
2026-06-18T10:40:00-04:00,84.18000030517578,84.20999908447266,83.41000366210938,83.4198989868164,271404.0
2026-06-18T10:45:00-04:00,83.41449737548828,83.56999969482422,83.2699966430664,83.5,535598.0
2026-06-18T10:50:00-04:00,83.5,83.62000274658203,83.41000366210938,83.58000183105469,316483.0
2026-06-18T10:55:00-04:00,83.58999633789062,83.83000183105469,83.3550033569336,83.58000183105469,338315.0
2026-06-18T11:00:00-04:00,83.58000183105469,83.93000030517578,83.55999755859375,83.70999908447266,368943.0
2026-06-18T11:05:00-04:00,83.70999908447266,83.7699966430664,83.56999969482422,83.62000274658203,248503.0
2026-06-18T11:10:00-04:00,83.62000274658203,83.62000274658203,83.11000061035156,83.16999816894531,509264.0
2026-06-18T11:15:00-04:00,83.16999816894531,83.30000305175781,83.10199737548828,83.19499969482422,301941.0
2026-06-18T11:20:00-04:00,83.19999694824219,83.37000274658203,83.11000061035156,83.16500091552734,279270.0
2026-06-18T11:25:00-04:00,83.15499877929688,83.29000091552734,82.97000122070312,83.04000091552734,377091.0
2026-06-18T11:30:00-04:00,83.0199966430664,83.2300033569336,82.91999816894531,83.11979675292969,369221.0
2026-06-18T11:35:00-04:00,83.11499786376953,83.11499786376953,82.51000213623047,82.70999908447266,417798.0
2026-06-18T11:40:00-04:00,82.72000122070312,82.9800033569336,82.72000122070312,82.83000183105469,367355.0
2026-06-18T11:45:00-04:00,82.82499694824219,82.83999633789062,82.58499908447266,82.62999725341797,595765.0
2026-06-18T11:50:00-04:00,82.62000274658203,82.82499694824219,82.55000305175781,82.58999633789062,283073.0
2026-06-18T11:55:00-04:00,82.6050033569336,82.69000244140625,82.51000213623047,82.55500030517578,319268.0
2026-06-18T12:00:00-04:00,82.55000305175781,82.9000015258789,82.51000213623047,82.70999908447266,1310154.0
2026-06-18T12:05:00-04:00,82.69999694824219,82.88999938964844,82.67500305175781,82.77999877929688,402064.0
2026-06-18T12:10:00-04:00,82.7699966430664,82.7699966430664,82.41500091552734,82.43499755859375,458665.0
2026-06-18T12:15:00-04:00,82.44499969482422,82.5199966430664,82.19000244140625,82.27999877929688,433857.0
2026-06-18T12:20:00-04:00,82.2699966430664,82.31999969482422,82.16000366210938,82.22000122070312,613841.0
2026-06-18T12:25:00-04:00,82.22000122070312,82.38999938964844,82.125,82.16500091552734,560364.0
2026-06-18T12:30:00-04:00,82.16999816894531,82.30000305175781,82.11000061035156,82.125,713971.0
2026-06-18T12:35:00-04:00,82.12999725341797,82.18000030517578,81.96499633789062,82.0999984741211,611761.0
2026-06-18T12:40:00-04:00,82.0999984741211,82.12999725341797,81.96499633789062,81.97000122070312,639596.0
2026-06-18T12:45:00-04:00,81.97000122070312,81.98999786376953,81.6906967163086,81.69999694824219,545903.0
2026-06-18T12:50:00-04:00,81.69999694824219,81.76499938964844,81.55000305175781,81.62000274658203,650789.0
2026-06-18T12:55:00-04:00,81.62000274658203,81.72000122070312,81.48999786376953,81.70999908447266,565556.0
2026-06-18T13:00:00-04:00,81.72000122070312,81.86000061035156,81.54000091552734,81.84010314941406,543793.0
2026-06-18T13:05:00-04:00,81.84500122070312,81.97000122070312,81.80999755859375,81.8499984741211,789181.0
2026-06-18T13:10:00-04:00,81.8499984741211,81.8550033569336,81.52999877929688,81.57499694824219,1021478.0
2026-06-18T13:15:00-04:00,81.57499694824219,81.69999694824219,81.47000122070312,81.68000030517578,748005.0
2026-06-18T13:20:00-04:00,81.69000244140625,81.88999938964844,81.68000030517578,81.74500274658203,615395.0
2026-06-18T13:25:00-04:00,81.73999786376953,81.83999633789062,81.67500305175781,81.69010162353516,484173.0
2026-06-18T13:30:00-04:00,81.69999694824219,81.9800033569336,81.69999694824219,81.91000366210938,203716.0
2026-06-18T13:35:00-04:00,81.91000366210938,81.97000122070312,81.84310150146484,81.86499786376953,156407.0
2026-06-18T13:40:00-04:00,81.87000274658203,82.09339904785156,81.83000183105469,82.05000305175781,148504.0
2026-06-18T13:45:00-04:00,82.05999755859375,82.17500305175781,82.0199966430664,82.1500015258789,186396.0
2026-06-18T13:50:00-04:00,82.1500015258789,82.23400115966797,82.11000061035156,82.16999816894531,95850.0
2026-06-18T13:55:00-04:00,82.17500305175781,82.27999877929688,82.12000274658203,82.16500091552734,152182.0
2026-06-18T14:00:00-04:00,82.16999816894531,82.23500061035156,82.12000274658203,82.22000122070312,165882.0
2026-06-18T14:05:00-04:00,82.22000122070312,82.31999969482422,82.16999816894531,82.30999755859375,128557.0
2026-06-18T14:10:00-04:00,82.30500030517578,82.36000061035156,82.1500015258789,82.18000030517578,138582.0
2026-06-18T14:15:00-04:00,82.18000030517578,82.31999969482422,82.1500015258789,82.24500274658203,248764.0
2026-06-18T14:20:00-04:00,82.24500274658203,82.24500274658203,82.12000274658203,82.23999786376953,295810.0
2026-06-18T14:25:00-04:00,82.23999786376953,82.43000030517578,82.2300033569336,82.30000305175781,138230.0
2026-06-18T14:30:00-04:00,82.30000305175781,82.31999969482422,82.16999816894531,82.30000305175781,212238.0
2026-06-18T14:35:00-04:00,82.30999755859375,82.4749984741211,82.23999786376953,82.4749984741211,140715.0
2026-06-18T14:40:00-04:00,82.45999908447266,82.5,82.375,82.44000244140625,143813.0
2026-06-18T14:45:00-04:00,82.44499969482422,82.4749984741211,82.30989837646484,82.3550033569336,120207.0
2026-06-18T14:50:00-04:00,82.3499984741211,82.41999816894531,82.2750015258789,82.34500122070312,134936.0
2026-06-18T14:55:00-04:00,82.34500122070312,82.4800033569336,82.33999633789062,82.34149932861328,179117.0
2026-06-18T15:00:00-04:00,82.33999633789062,82.38999938964844,82.02999877929688,82.04499816894531,319129.0
2026-06-18T15:05:00-04:00,82.04000091552734,82.05000305175781,81.81999969482422,81.91999816894531,198596.0
2026-06-18T15:10:00-04:00,81.9000015258789,82.05000305175781,81.77999877929688,82.0,173526.0
2026-06-18T15:15:00-04:00,82.0,82.08999633789062,81.93000030517578,82.08999633789062,164961.0
2026-06-18T15:20:00-04:00,82.08999633789062,82.22000122070312,82.02999877929688,82.16999816894531,112491.0
2026-06-18T15:25:00-04:00,82.17500305175781,82.2699966430664,82.11499786376953,82.18000030517578,139455.0
2026-06-18T15:30:00-04:00,82.19000244140625,82.27999877929688,82.12999725341797,82.23999786376953,250856.0
2026-06-18T15:35:00-04:00,82.23999786376953,82.47000122070312,82.23999786376953,82.46749877929688,306104.0
2026-06-18T15:40:00-04:00,82.44999694824219,82.62999725341797,82.43000030517578,82.55000305175781,246470.0
2026-06-18T15:45:00-04:00,82.55000305175781,82.76499938964844,82.55000305175781,82.75499725341797,365752.0
2026-06-18T15:50:00-04:00,82.75,82.98999786376953,82.69999694824219,82.81999969482422,823791.0
2026-06-18T15:55:00-04:00,82.81999969482422,82.94000244140625,82.45999908447266,82.54000091552734,1376941.0
2026-06-22T09:30:00-04:00,80.41999816894531,81.66999816894531,80.1500015258789,81.0,1744406.0
2026-06-22T09:35:00-04:00,80.97000122070312,81.48999786376953,80.91999816894531,81.29000091552734,349654.0
2026-06-22T09:40:00-04:00,81.31999969482422,81.44999694824219,81.0199966430664,81.25,596490.0
2026-06-22T09:45:00-04:00,81.25,81.5999984741211,81.06999969482422,81.41000366210938,319687.0
2026-06-22T09:50:00-04:00,81.43000030517578,81.46499633789062,81.11000061035156,81.25,250832.0
2026-06-22T09:55:00-04:00,81.25,81.31999969482422,81.05999755859375,81.16999816894531,243907.0
2026-06-22T10:00:00-04:00,81.18000030517578,81.22000122070312,80.51000213623047,80.9000015258789,369013.0
2026-06-22T10:05:00-04:00,80.88009643554688,81.4800033569336,80.87999725341797,81.33000183105469,258308.0
2026-06-22T10:10:00-04:00,81.31999969482422,81.37000274658203,80.95999908447266,81.09500122070312,417909.0
2026-06-22T10:15:00-04:00,81.0999984741211,81.18000030517578,80.62999725341797,80.66000366210938,171550.0
2026-06-22T10:20:00-04:00,80.6500015258789,80.70999908447266,80.47000122070312,80.5999984741211,206657.0
2026-06-22T10:25:00-04:00,80.58999633789062,80.66999816894531,80.43000030517578,80.5,238292.0
2026-06-22T10:30:00-04:00,80.51000213623047,80.66000366210938,80.3499984741211,80.59500122070312,187655.0
2026-06-22T10:35:00-04:00,80.58999633789062,80.81999969482422,80.54000091552734,80.70999908447266,229999.0
2026-06-22T10:40:00-04:00,80.69999694824219,80.87000274658203,80.58999633789062,80.59500122070312,230152.0
2026-06-22T10:45:00-04:00,80.5999984741211,81.06999969482422,80.59500122070312,81.0,325314.0
2026-06-22T10:50:00-04:00,80.98999786376953,81.12999725341797,80.93000030517578,80.95999908447266,249947.0
2026-06-22T10:55:00-04:00,80.95999908447266,81.33000183105469,80.88999938964844,81.19499969482422,163877.0
2026-06-22T11:00:00-04:00,81.19999694824219,81.37000274658203,81.1500015258789,81.3499984741211,275946.0
2026-06-22T11:05:00-04:00,81.34500122070312,81.52999877929688,81.2699966430664,81.33000183105469,252807.0
2026-06-22T11:10:00-04:00,81.33999633789062,81.41999816894531,81.29000091552734,81.33999633789062,97310.0
2026-06-22T11:15:00-04:00,81.32499694824219,81.33999633789062,81.05999755859375,81.11000061035156,99325.0
2026-06-22T11:20:00-04:00,81.11000061035156,81.1500015258789,80.94999694824219,81.1050033569336,156595.0
2026-06-22T11:25:00-04:00,81.0999984741211,81.18000030517578,81.01000213623047,81.1050033569336,148075.0
2026-06-22T11:30:00-04:00,81.11000061035156,81.22000122070312,81.06999969482422,81.08999633789062,197464.0
2026-06-22T11:35:00-04:00,81.08000183105469,81.13999938964844,80.94400024414062,81.0,112784.0
2026-06-22T11:40:00-04:00,80.98999786376953,81.11000061035156,80.98999786376953,81.06999969482422,139564.0
2026-06-22T11:45:00-04:00,81.06999969482422,81.12000274658203,80.68000030517578,80.69000244140625,181201.0
2026-06-22T11:50:00-04:00,80.70999908447266,80.87999725341797,80.70999908447266,80.8499984741211,155119.0
2026-06-22T11:55:00-04:00,80.8499984741211,81.03990173339844,80.83999633789062,80.97000122070312,104670.0
2026-06-22T12:00:00-04:00,80.97000122070312,81.11499786376953,80.8949966430664,80.94999694824219,131444.0
2026-06-22T12:05:00-04:00,80.94000244140625,80.94999694824219,80.73500061035156,80.76499938964844,102515.0
2026-06-22T12:10:00-04:00,80.76000213623047,80.90499877929688,80.75499725341797,80.88999938964844,101931.0
2026-06-22T12:15:00-04:00,80.89800262451172,80.98999786376953,80.83999633789062,80.9800033569336,79591.0
2026-06-22T12:20:00-04:00,80.9800033569336,81.04000091552734,80.8499984741211,80.94000244140625,81182.0
2026-06-22T12:25:00-04:00,80.93000030517578,81.05000305175781,80.91000366210938,81.04000091552734,57478.0
2026-06-22T12:30:00-04:00,81.02999877929688,81.125,80.96499633789062,81.12000274658203,79981.0
2026-06-22T12:35:00-04:00,81.12999725341797,81.20999908447266,81.06999969482422,81.08000183105469,70594.0
2026-06-22T12:40:00-04:00,81.08000183105469,81.125,80.98500061035156,81.1050033569336,66930.0
2026-06-22T12:45:00-04:00,81.0999984741211,81.0999984741211,81.01000213623047,81.08999633789062,86308.0
2026-06-22T12:50:00-04:00,81.08499908447266,81.23999786376953,81.06999969482422,81.22010040283203,160392.0
2026-06-22T12:55:00-04:00,81.22509765625,81.28500366210938,81.0999984741211,81.19999694824219,169709.0
2026-06-22T13:00:00-04:00,81.20999908447266,81.22000122070312,81.06999969482422,81.11000061035156,111645.0
2026-06-22T13:05:00-04:00,81.0999984741211,81.0999984741211,81.0,81.04000091552734,80838.0
2026-06-22T13:10:00-04:00,81.03500366210938,81.06500244140625,80.98500061035156,81.01000213623047,68125.0
2026-06-22T13:15:00-04:00,81.0199966430664,81.06999969482422,80.98500061035156,81.02999877929688,82401.0
2026-06-22T13:20:00-04:00,81.02999877929688,81.08000183105469,80.98999786376953,81.00499725341797,87472.0
2026-06-22T13:25:00-04:00,81.01000213623047,81.02999877929688,80.91000366210938,80.93499755859375,77278.0
2026-06-22T13:30:00-04:00,80.92500305175781,80.9800033569336,80.7699966430664,80.80999755859375,102253.0
2026-06-22T13:35:00-04:00,80.81999969482422,80.92500305175781,80.73500061035156,80.91000366210938,88092.0
2026-06-22T13:40:00-04:00,80.91500091552734,80.95999908447266,80.86499786376953,80.94000244140625,68910.0
2026-06-22T13:45:00-04:00,80.94499969482422,81.03500366210938,80.93000030517578,81.0250015258789,120079.0
2026-06-22T13:50:00-04:00,81.0199966430664,81.05000305175781,80.93499755859375,80.95999908447266,94543.0
2026-06-22T13:55:00-04:00,80.95999908447266,81.03500366210938,80.92500305175781,80.98999786376953,89082.0
2026-06-22T14:00:00-04:00,80.98999786376953,81.05000305175781,80.94999694824219,81.02999877929688,96641.0
2026-06-22T14:05:00-04:00,81.02999877929688,81.18499755859375,81.02999877929688,81.18000030517578,98677.0
2026-06-22T14:10:00-04:00,81.16999816894531,81.26000213623047,81.0999984741211,81.22000122070312,95390.0
2026-06-22T14:15:00-04:00,81.21499633789062,81.27999877929688,81.18499755859375,81.25499725341797,80735.0
2026-06-22T14:20:00-04:00,81.26000213623047,81.375,81.22000122070312,81.29000091552734,109909.0
2026-06-22T14:25:00-04:00,81.29000091552734,81.31999969482422,81.17500305175781,81.25,81537.0
2026-06-22T14:30:00-04:00,81.25499725341797,81.30000305175781,81.2300033569336,81.26000213623047,164608.0
2026-06-22T14:35:00-04:00,81.26499938964844,81.40499877929688,81.24500274658203,81.375,114844.0
2026-06-22T14:40:00-04:00,81.37999725341797,81.44999694824219,81.33000183105469,81.37000274658203,123357.0
2026-06-22T14:45:00-04:00,81.37000274658203,81.48999786376953,81.3550033569336,81.4749984741211,119359.0
2026-06-22T14:50:00-04:00,81.4800033569336,81.50499725341797,81.38500213623047,81.40499877929688,109591.0
2026-06-22T14:55:00-04:00,81.4000015258789,81.41000366210938,81.33999633789062,81.37000274658203,108244.0
2026-06-22T15:00:00-04:00,81.37000274658203,81.41999816894531,81.31999969482422,81.375,124209.0
2026-06-22T15:05:00-04:00,81.375,81.4000015258789,81.23999786376953,81.31999969482422,120665.0
2026-06-22T15:10:00-04:00,81.30999755859375,81.33000183105469,81.22000122070312,81.22000122070312,117235.0
2026-06-22T15:15:00-04:00,81.2300033569336,81.25499725341797,81.13500213623047,81.23500061035156,151578.0
2026-06-22T15:20:00-04:00,81.2300033569336,81.23500061035156,81.08000183105469,81.12000274658203,123121.0
2026-06-22T15:25:00-04:00,81.12999725341797,81.13980102539062,81.02999877929688,81.02999877929688,135210.0
2026-06-22T15:30:00-04:00,81.0199966430664,81.18000030517578,80.9749984741211,81.09500122070312,161653.0
2026-06-22T15:35:00-04:00,81.0999984741211,81.18000030517578,81.06500244140625,81.12999725341797,146214.0
2026-06-22T15:40:00-04:00,81.12999725341797,81.13500213623047,80.94000244140625,80.96499633789062,230325.0
2026-06-22T15:45:00-04:00,80.97000122070312,81.16500091552734,80.95500183105469,81.12999725341797,214131.0
2026-06-22T15:50:00-04:00,81.12999725341797,81.25,81.11000061035156,81.20999908447266,330954.0
2026-06-22T15:55:00-04:00,81.22000122070312,81.48500061035156,81.22000122070312,81.41999816894531,1236637.0
2026-06-23T09:30:00-04:00,77.77999877929688,78.19999694824219,77.25,78.16000366210938,2484820.0
2026-06-23T09:35:00-04:00,78.13999938964844,78.27999877929688,77.75,78.22000122070312,419336.0
2026-06-23T09:40:00-04:00,78.23999786376953,78.58999633789062,78.04000091552734,78.19000244140625,554526.0
2026-06-23T09:45:00-04:00,78.18000030517578,78.5999984741211,78.02010345458984,78.56999969482422,798010.0
2026-06-23T09:50:00-04:00,78.58999633789062,78.94999694824219,78.56999969482422,78.94000244140625,441152.0
2026-06-23T09:55:00-04:00,78.91000366210938,79.04000091552734,78.77999877929688,78.91000366210938,518768.0
2026-06-23T10:00:00-04:00,78.91000366210938,79.11499786376953,78.72000122070312,78.95500183105469,329274.0
2026-06-23T10:05:00-04:00,78.94999694824219,79.05999755859375,78.7300033569336,79.02999877929688,242027.0
2026-06-23T10:10:00-04:00,79.0199966430664,79.22000122070312,78.70999908447266,78.86000061035156,177663.0
2026-06-23T10:15:00-04:00,78.86000061035156,78.9800033569336,78.58999633789062,78.94999694824219,161560.0
2026-06-23T10:20:00-04:00,78.94000244140625,78.9800033569336,78.58999633789062,78.58999633789062,215782.0
2026-06-23T10:25:00-04:00,78.58999633789062,78.62999725341797,78.37000274658203,78.5250015258789,244537.0
2026-06-23T10:30:00-04:00,78.5,78.55000305175781,78.12999725341797,78.23780059814453,255961.0
2026-06-23T10:35:00-04:00,78.2249984741211,78.38999938964844,78.05999755859375,78.2301025390625,174053.0
2026-06-23T10:40:00-04:00,78.23999786376953,78.31999969482422,78.0999984741211,78.22000122070312,222437.0
2026-06-23T10:45:00-04:00,78.2249984741211,78.29000091552734,77.91000366210938,78.12000274658203,326356.0
2026-06-23T10:50:00-04:00,78.11000061035156,78.23500061035156,77.97000122070312,78.11000061035156,131840.0
2026-06-23T10:55:00-04:00,78.0999984741211,78.2699966430664,78.05000305175781,78.20500183105469,101077.0
2026-06-23T11:00:00-04:00,78.20999908447266,78.61000061035156,78.13999938964844,78.44999694824219,178215.0
2026-06-23T11:05:00-04:00,78.44999694824219,78.47000122070312,78.14199829101562,78.18499755859375,135605.0
2026-06-23T11:10:00-04:00,78.19999694824219,78.36000061035156,78.14990234375,78.36000061035156,255551.0
2026-06-23T11:15:00-04:00,78.36000061035156,78.37000274658203,78.07499694824219,78.08999633789062,303042.0
2026-06-23T11:20:00-04:00,78.08999633789062,78.21009826660156,78.02999877929688,78.06999969482422,194230.0
2026-06-23T11:25:00-04:00,78.06999969482422,78.21980285644531,78.03500366210938,78.0999984741211,169314.0
2026-06-23T11:30:00-04:00,78.11000061035156,78.37999725341797,78.08499908447266,78.26000213623047,148614.0
2026-06-23T11:35:00-04:00,78.2699966430664,78.44000244140625,78.2699966430664,78.32499694824219,167125.0
2026-06-23T11:40:00-04:00,78.33000183105469,78.5199966430664,78.27999877929688,78.44409942626953,228539.0
2026-06-23T11:45:00-04:00,78.44000244140625,78.48999786376953,78.3301010131836,78.33499908447266,107763.0
2026-06-23T11:50:00-04:00,78.33999633789062,78.52999877929688,78.26000213623047,78.51000213623047,119404.0
2026-06-23T11:55:00-04:00,78.5,78.62999725341797,78.44000244140625,78.62999725341797,72084.0
2026-06-23T12:00:00-04:00,78.63999938964844,78.73999786376953,78.58000183105469,78.69000244140625,138792.0
2026-06-23T12:05:00-04:00,78.69000244140625,78.7750015258789,78.61990356445312,78.73500061035156,81546.0
2026-06-23T12:10:00-04:00,78.73999786376953,78.94000244140625,78.73999786376953,78.91500091552734,113337.0
2026-06-23T12:15:00-04:00,78.91999816894531,78.9800033569336,78.7699966430664,78.94999694824219,157010.0
2026-06-23T12:20:00-04:00,78.94999694824219,79.02999877929688,78.9000015258789,78.93499755859375,88066.0
2026-06-23T12:25:00-04:00,78.91999816894531,78.9800033569336,78.83000183105469,78.83999633789062,86802.0
2026-06-23T12:30:00-04:00,78.8499984741211,78.86000061035156,78.71499633789062,78.7300033569336,179056.0
2026-06-23T12:35:00-04:00,78.7300033569336,78.80500030517578,78.71499633789062,78.79499816894531,151290.0
2026-06-23T12:40:00-04:00,78.79499816894531,78.80500030517578,78.70999908447266,78.79499816894531,131507.0
2026-06-23T12:45:00-04:00,78.79499816894531,78.80500030517578,78.63999938964844,78.66999816894531,198597.0
2026-06-23T12:50:00-04:00,78.66999816894531,78.68499755859375,78.56999969482422,78.68499755859375,198379.0
2026-06-23T12:55:00-04:00,78.69000244140625,78.73999786376953,78.61000061035156,78.68000030517578,150709.0
2026-06-23T13:00:00-04:00,78.66999816894531,78.80999755859375,78.66000366210938,78.70500183105469,111426.0
2026-06-23T13:05:00-04:00,78.72000122070312,78.86499786376953,78.67500305175781,78.83000183105469,102379.0
2026-06-23T13:10:00-04:00,78.83499908447266,79.05500030517578,78.81999969482422,79.03500366210938,115568.0
2026-06-23T13:15:00-04:00,79.04000091552734,79.04000091552734,78.86499786376953,78.88500213623047,120039.0
2026-06-23T13:20:00-04:00,78.87999725341797,79.01000213623047,78.875,78.93000030517578,98180.0
2026-06-23T13:25:00-04:00,78.91999816894531,78.94000244140625,78.8499984741211,78.86499786376953,169694.0
2026-06-23T13:30:00-04:00,78.86509704589844,78.875,78.7699966430664,78.81999969482422,89417.0
2026-06-23T13:35:00-04:00,78.81999969482422,78.8550033569336,78.75,78.7699966430664,148201.0
2026-06-23T13:40:00-04:00,78.7699966430664,78.80000305175781,78.69129943847656,78.76000213623047,113823.0
2026-06-23T13:45:00-04:00,78.76000213623047,78.7699966430664,78.68000030517578,78.69499969482422,206383.0
2026-06-23T13:50:00-04:00,78.69000244140625,78.70999908447266,78.44000244140625,78.44000244140625,112708.0
2026-06-23T13:55:00-04:00,78.44499969482422,78.48999786376953,78.38999938964844,78.41000366210938,98064.0
2026-06-23T14:00:00-04:00,78.41999816894531,78.55000305175781,78.4000015258789,78.47000122070312,115255.0
2026-06-23T14:05:00-04:00,78.47000122070312,78.5,78.30000305175781,78.38999938964844,103780.0
2026-06-23T14:10:00-04:00,78.4000015258789,78.4198989868164,78.31999969482422,78.33000183105469,139843.0
2026-06-23T14:15:00-04:00,78.32499694824219,78.3499984741211,78.19999694824219,78.22000122070312,89939.0
2026-06-23T14:20:00-04:00,78.2300033569336,78.3499984741211,78.17009735107422,78.26000213623047,74895.0
2026-06-23T14:25:00-04:00,78.26000213623047,78.26000213623047,78.12999725341797,78.1500015258789,109520.0
2026-06-23T14:30:00-04:00,78.1449966430664,78.17500305175781,78.08999633789062,78.08999633789062,114539.0
2026-06-23T14:35:00-04:00,78.0999984741211,78.18000030517578,78.08509826660156,78.09729766845703,132392.0
2026-06-23T14:40:00-04:00,78.08999633789062,78.08999633789062,77.86000061035156,77.8949966430664,230212.0
2026-06-23T14:45:00-04:00,77.9000015258789,77.90499877929688,77.72000122070312,77.7300033569336,318352.0
2026-06-23T14:50:00-04:00,77.7300033569336,77.88999938964844,77.7300033569336,77.87000274658203,268170.0
2026-06-23T14:55:00-04:00,77.87000274658203,77.9800033569336,77.81500244140625,77.94606018066406,220939.0
2026-06-23T15:00:00-04:00,77.93499755859375,78.12000274658203,77.83999633789062,78.04000091552734,199059.0
2026-06-23T15:05:00-04:00,78.04000091552734,78.16999816894531,77.7249984741211,77.7300033569336,276779.0
2026-06-23T15:10:00-04:00,77.7300033569336,77.87000274658203,77.68000030517578,77.69000244140625,314975.0
2026-06-23T15:15:00-04:00,77.69000244140625,77.74500274658203,77.44999694824219,77.45500183105469,433769.0
2026-06-23T15:20:00-04:00,77.45999908447266,77.79000091552734,77.45999908447266,77.70999908447266,294814.0
2026-06-23T15:25:00-04:00,77.70999908447266,77.79000091552734,77.66000366210938,77.7750015258789,278570.0
2026-06-23T15:30:00-04:00,77.77999877929688,77.91999816894531,77.69000244140625,77.83999633789062,263990.0
2026-06-23T15:35:00-04:00,77.83999633789062,77.97000122070312,77.79000091552734,77.80000305175781,257952.0
2026-06-23T15:40:00-04:00,77.80000305175781,77.83999633789062,77.69999694824219,77.76499938964844,374946.0
2026-06-23T15:45:00-04:00,77.76000213623047,77.80000305175781,77.69000244140625,77.80000305175781,246039.0
2026-06-23T15:50:00-04:00,77.80000305175781,77.83999633789062,77.56999969482422,77.78500366210938,510041.0
2026-06-23T15:55:00-04:00,77.78500366210938,77.86000061035156,77.5999984741211,77.69999694824219,1876444.0
2026-06-24T09:30:00-04:00,74.18499755859375,75.62000274658203,74.08000183105469,75.43000030517578,3364298.0
2026-06-24T09:35:00-04:00,75.44999694824219,75.66000366210938,74.87999725341797,75.51499938964844,779297.0
2026-06-24T09:40:00-04:00,75.5199966430664,75.58999633789062,75.13999938964844,75.51000213623047,397011.0
2026-06-24T09:45:00-04:00,75.5199966430664,75.91000366210938,75.38999938964844,75.87000274658203,615184.0
2026-06-24T09:50:00-04:00,75.83999633789062,76.4000015258789,75.80999755859375,75.86000061035156,696775.0
2026-06-24T09:55:00-04:00,75.86499786376953,76.19999694824219,75.70999908447266,76.18000030517578,371712.0
2026-06-24T10:00:00-04:00,76.16999816894531,76.23999786376953,75.44499969482422,75.4749984741211,417948.0
2026-06-24T10:05:00-04:00,75.47000122070312,76.02100372314453,75.44999694824219,75.9800033569336,376116.0
2026-06-24T10:10:00-04:00,75.96499633789062,76.11000061035156,75.61000061035156,75.70999908447266,286251.0
2026-06-24T10:15:00-04:00,75.69000244140625,75.75,75.32499694824219,75.55000305175781,342453.0
2026-06-24T10:20:00-04:00,75.54000091552734,75.58000183105469,75.3499984741211,75.37999725341797,239307.0
2026-06-24T10:25:00-04:00,75.38999938964844,75.44999694824219,75.2699966430664,75.31999969482422,179219.0
2026-06-24T10:30:00-04:00,75.30000305175781,75.4749984741211,75.30000305175781,75.38999938964844,166810.0
2026-06-24T10:35:00-04:00,75.4000015258789,75.58000183105469,75.08000183105469,75.11000061035156,249238.0
2026-06-24T10:40:00-04:00,75.12999725341797,75.1500015258789,74.91000366210938,75.12000274658203,207443.0
2026-06-24T10:45:00-04:00,75.11000061035156,75.31999969482422,74.875,75.18000030517578,381997.0
2026-06-24T10:50:00-04:00,75.18000030517578,75.33000183105469,75.1500015258789,75.17500305175781,157191.0
2026-06-24T10:55:00-04:00,75.16999816894531,75.21499633789062,74.96499633789062,75.08000183105469,210564.0
2026-06-24T11:00:00-04:00,75.08000183105469,75.12999725341797,74.8499984741211,74.9000015258789,188285.0
2026-06-24T11:05:00-04:00,74.9000015258789,74.91000366210938,74.62000274658203,74.75836944580078,220940.0
2026-06-24T11:10:00-04:00,74.75,74.83999633789062,74.63999938964844,74.66000366210938,205111.0
2026-06-24T11:15:00-04:00,74.66999816894531,74.97000122070312,74.65499877929688,74.93000030517578,226575.0
2026-06-24T11:20:00-04:00,74.94999694824219,75.11000061035156,74.87999725341797,74.94000244140625,249053.0
2026-06-24T11:25:00-04:00,74.93000030517578,75.02999877929688,74.76000213623047,75.01000213623047,305564.0
2026-06-24T11:30:00-04:00,75.01000213623047,75.01499938964844,74.80000305175781,74.86000061035156,169111.0
2026-06-24T11:35:00-04:00,74.8499984741211,74.87999725341797,74.50499725341797,74.54000091552734,275783.0
2026-06-24T11:40:00-04:00,74.52999877929688,74.55000305175781,74.38999938964844,74.52999877929688,333164.0
2026-06-24T11:45:00-04:00,74.52999877929688,74.56999969482422,74.36000061035156,74.55999755859375,367039.0
2026-06-24T11:50:00-04:00,74.55999755859375,74.66999816894531,74.5,74.55500030517578,245046.0
2026-06-24T11:55:00-04:00,74.55500030517578,74.57499694824219,74.45500183105469,74.51499938964844,130074.0
2026-06-24T12:00:00-04:00,74.5199966430664,74.64289855957031,74.47000122070312,74.62999725341797,133211.0
2026-06-24T12:05:00-04:00,74.62999725341797,74.69999694824219,74.4800033569336,74.52999877929688,165739.0
2026-06-24T12:10:00-04:00,74.52999877929688,74.58000183105469,74.44000244140625,74.54000091552734,154999.0
2026-06-24T12:15:00-04:00,74.55500030517578,74.62000274658203,74.47000122070312,74.61000061035156,174828.0
2026-06-24T12:20:00-04:00,74.62000274658203,74.83999633789062,74.5999984741211,74.83499908447266,231251.0
2026-06-24T12:25:00-04:00,74.83000183105469,75.04000091552734,74.78500366210938,75.0199966430664,353651.0
2026-06-24T12:30:00-04:00,75.0199966430664,75.03500366210938,74.87000274658203,74.94999694824219,205527.0
2026-06-24T12:35:00-04:00,74.95500183105469,75.1500015258789,74.94999694824219,75.0999984741211,247971.0
2026-06-24T12:40:00-04:00,75.08999633789062,75.19999694824219,74.92500305175781,74.99500274658203,278000.0
2026-06-24T12:45:00-04:00,75.0,75.02999877929688,74.8550033569336,74.86000061035156,229495.0
2026-06-24T12:50:00-04:00,74.8499984741211,74.92500305175781,74.83000183105469,74.8499984741211,211178.0
2026-06-24T12:55:00-04:00,74.84500122070312,74.875,74.79199981689453,74.87000274658203,149303.0
2026-06-24T13:00:00-04:00,74.86000061035156,74.94999694824219,74.80000305175781,74.87000274658203,310582.0
2026-06-24T13:05:00-04:00,74.875,74.87999725341797,74.55999755859375,74.6500015258789,177517.0
2026-06-24T13:10:00-04:00,74.66999816894531,74.76000213623047,74.61000061035156,74.61499786376953,124760.0
2026-06-24T13:15:00-04:00,74.61499786376953,74.66999816894531,74.41500091552734,74.4800033569336,187923.0
2026-06-24T13:20:00-04:00,74.4800033569336,74.49500274658203,74.2300033569336,74.30999755859375,380801.0
2026-06-24T13:25:00-04:00,74.30000305175781,74.3499984741211,74.20690155029297,74.26000213623047,214635.0
2026-06-24T13:30:00-04:00,74.2699966430664,74.30000305175781,74.12999725341797,74.29000091552734,187610.0
2026-06-24T13:35:00-04:00,74.30000305175781,74.3499984741211,74.0999984741211,74.25,227357.0
2026-06-24T13:40:00-04:00,74.23999786376953,74.25,74.05000305175781,74.08999633789062,136710.0
2026-06-24T13:45:00-04:00,74.08999633789062,74.12000274658203,73.9000015258789,73.95999908447266,316191.0
2026-06-24T13:50:00-04:00,73.94999694824219,74.05999755859375,73.9000015258789,73.95999908447266,212678.0
2026-06-24T13:55:00-04:00,73.95999908447266,74.08000183105469,73.86499786376953,73.88999938964844,252529.0
2026-06-24T14:00:00-04:00,73.9000015258789,73.97000122070312,73.72000122070312,73.81999969482422,688140.0
2026-06-24T14:05:00-04:00,73.81999969482422,74.11000061035156,73.80999755859375,74.0999984741211,207332.0
2026-06-24T14:10:00-04:00,74.0999984741211,74.19000244140625,74.05000305175781,74.125,213182.0
2026-06-24T14:15:00-04:00,74.12689971923828,74.23999786376953,74.06999969482422,74.08499908447266,239389.0
2026-06-24T14:20:00-04:00,74.08000183105469,74.1500015258789,74.0,74.11000061035156,132261.0
2026-06-24T14:25:00-04:00,74.1050033569336,74.30000305175781,74.0801010131836,74.25,142638.0
2026-06-24T14:30:00-04:00,74.26000213623047,74.4000015258789,74.20999908447266,74.2300033569336,157586.0
2026-06-24T14:35:00-04:00,74.2300033569336,74.25,73.94999694824219,73.99500274658203,229133.0
2026-06-24T14:40:00-04:00,74.0,74.05500030517578,73.95999908447266,74.05000305175781,101596.0
2026-06-24T14:45:00-04:00,74.04000091552734,74.04499816894531,73.80999755859375,73.8499984741211,128974.0
2026-06-24T14:50:00-04:00,73.8499984741211,73.97000122070312,73.76000213623047,73.95999908447266,192012.0
2026-06-24T14:55:00-04:00,73.96499633789062,74.06999969482422,73.91000366210938,73.94000244140625,166802.0
2026-06-24T15:00:00-04:00,73.95999908447266,74.0999984741211,73.78500366210938,74.02999877929688,244918.0
2026-06-24T15:05:00-04:00,74.02999877929688,74.05000305175781,73.72000122070312,73.76000213623047,198307.0
2026-06-24T15:10:00-04:00,73.76000213623047,73.83999633789062,73.69999694824219,73.83000183105469,147721.0
2026-06-24T15:15:00-04:00,73.82499694824219,73.82499694824219,73.72989654541016,73.7699966430664,151490.0
2026-06-24T15:20:00-04:00,73.76000213623047,73.81999969482422,73.69999694824219,73.81999969482422,295898.0
2026-06-24T15:25:00-04:00,73.81999969482422,74.08499908447266,73.80999755859375,74.0250015258789,284795.0
2026-06-24T15:30:00-04:00,74.02999877929688,74.19000244140625,73.96499633789062,74.15499877929688,342258.0
2026-06-24T15:35:00-04:00,74.1500015258789,74.1500015258789,73.94999694824219,74.0,315304.0
2026-06-24T15:40:00-04:00,74.0,74.1050033569336,73.90499877929688,74.08000183105469,329569.0
2026-06-24T15:45:00-04:00,74.08000183105469,74.23999786376953,74.05999755859375,74.2300033569336,288102.0
2026-06-24T15:50:00-04:00,74.2300033569336,74.47000122070312,74.18000030517578,74.45999908447266,441020.0
2026-06-24T15:55:00-04:00,74.44999694824219,74.63500213623047,74.37999725341797,74.61000061035156,1619201.0
2026-06-25T09:30:00-04:00,76.48999786376953,76.7300033569336,75.65499877929688,75.94000244140625,2191194.0
2026-06-25T09:35:00-04:00,75.94999694824219,76.2750015258789,75.58000183105469,75.60009765625,474446.0
2026-06-25T09:40:00-04:00,75.61000061035156,75.6500015258789,74.91999816894531,74.9800033569336,347238.0
2026-06-25T09:45:00-04:00,75.0199966430664,75.20999908447266,74.69999694824219,75.18000030517578,385815.0
2026-06-25T09:50:00-04:00,75.18000030517578,75.44000244140625,74.86000061035156,74.92500305175781,233014.0
2026-06-25T09:55:00-04:00,74.93000030517578,74.98999786376953,74.52999877929688,74.80999755859375,275219.0
2026-06-25T10:00:00-04:00,74.80000305175781,75.6500015258789,74.80000305175781,75.38999938964844,393881.0
2026-06-25T10:05:00-04:00,75.4000015258789,75.80000305175781,75.4000015258789,75.68000030517578,211702.0
2026-06-25T10:10:00-04:00,75.72000122070312,75.97000122070312,75.66500091552734,75.69999694824219,200205.0
2026-06-25T10:15:00-04:00,75.70999908447266,75.9000015258789,75.37000274658203,75.58999633789062,213779.0
2026-06-25T10:20:00-04:00,75.57499694824219,75.80000305175781,75.47000122070312,75.54000091552734,175806.0
2026-06-25T10:25:00-04:00,75.55000305175781,76.19000244140625,75.5250015258789,76.08000183105469,520645.0
2026-06-25T10:30:00-04:00,76.05999755859375,76.28500366210938,75.90499877929688,76.07499694824219,426174.0
2026-06-25T10:35:00-04:00,76.08989715576172,76.08999633789062,75.83000183105469,75.91999816894531,229792.0
2026-06-25T10:40:00-04:00,75.91999816894531,75.98999786376953,75.7300033569336,75.81999969482422,338423.0
2026-06-25T10:45:00-04:00,75.83000183105469,76.01000213623047,75.69999694824219,75.9800033569336,173455.0
2026-06-25T10:50:00-04:00,75.98500061035156,76.44000244140625,75.98500061035156,76.23999786376953,227972.0
2026-06-25T10:55:00-04:00,76.23049926757812,76.25,76.06999969482422,76.18499755859375,221406.0
2026-06-25T11:00:00-04:00,76.18000030517578,76.25,76.05259704589844,76.18499755859375,238299.0
2026-06-25T11:05:00-04:00,76.19000244140625,76.4000015258789,76.12999725341797,76.16999816894531,307381.0
2026-06-25T11:10:00-04:00,76.16000366210938,76.25,75.59500122070312,75.63500213623047,303785.0
2026-06-25T11:15:00-04:00,75.63999938964844,75.87999725341797,75.47000122070312,75.87000274658203,169731.0
2026-06-25T11:20:00-04:00,75.87999725341797,76.55999755859375,75.80000305175781,76.5,445969.0
2026-06-25T11:25:00-04:00,76.5,76.58000183105469,76.18000030517578,76.30999755859375,258175.0
2026-06-25T11:30:00-04:00,76.30999755859375,76.5,76.18000030517578,76.20500183105469,361870.0
2026-06-25T11:35:00-04:00,76.19999694824219,76.3550033569336,76.13999938964844,76.26000213623047,141399.0
2026-06-25T11:40:00-04:00,76.26000213623047,76.30000305175781,76.16999816894531,76.22000122070312,237990.0
2026-06-25T11:45:00-04:00,76.21499633789062,76.4000015258789,76.05999755859375,76.08999633789062,1535877.0
2026-06-25T11:50:00-04:00,76.0999984741211,76.36000061035156,76.06069946289062,76.16999816894531,194071.0
2026-06-25T11:55:00-04:00,76.19000244140625,76.28500366210938,76.14939880371094,76.2699966430664,135798.0
2026-06-25T12:00:00-04:00,76.27999877929688,76.5,76.19999694824219,76.41999816894531,254920.0
2026-06-25T12:05:00-04:00,76.41999816894531,76.43499755859375,76.2300033569336,76.25,501953.0
2026-06-25T12:10:00-04:00,76.25,76.61000061035156,76.25,76.61000061035156,155352.0
2026-06-25T12:15:00-04:00,76.62000274658203,76.87999725341797,76.58999633789062,76.81500244140625,179196.0
2026-06-25T12:20:00-04:00,76.83000183105469,76.88999938964844,76.61000061035156,76.66000366210938,238778.0
2026-06-25T12:25:00-04:00,76.66999816894531,76.92500305175781,76.5999984741211,76.80249786376953,2115933.0
2026-06-25T12:30:00-04:00,76.80999755859375,76.81999969482422,76.46499633789062,76.5,942956.0
2026-06-25T12:35:00-04:00,76.5,76.5199966430664,76.37999725341797,76.41000366210938,117389.0
2026-06-25T12:40:00-04:00,76.41000366210938,76.43000030517578,76.33999633789062,76.36000061035156,114349.0
2026-06-25T12:45:00-04:00,76.37000274658203,76.46499633789062,76.18000030517578,76.45500183105469,135578.0
2026-06-25T12:50:00-04:00,76.44999694824219,76.58000183105469,76.37999725341797,76.52999877929688,111764.0
2026-06-25T12:55:00-04:00,76.54000091552734,76.55999755859375,76.43000030517578,76.55500030517578,108197.0
2026-06-25T13:00:00-04:00,76.55999755859375,76.55999755859375,76.4000015258789,76.5,134772.0
2026-06-25T13:05:00-04:00,76.4800033569336,76.50499725341797,76.41000366210938,76.45500183105469,102204.0
2026-06-25T13:10:00-04:00,76.45999908447266,76.55500030517578,76.44000244140625,76.4800033569336,99906.0
2026-06-25T13:15:00-04:00,76.4800033569336,76.61499786376953,76.37999725341797,76.37999725341797,141070.0
2026-06-25T13:20:00-04:00,76.38999938964844,76.45999908447266,76.33999633789062,76.41999816894531,103264.0
2026-06-25T13:25:00-04:00,76.43000030517578,76.52999877929688,76.40499877929688,76.44000244140625,102463.0
2026-06-25T13:30:00-04:00,76.44999694824219,76.51000213623047,76.41999816894531,76.45999908447266,83391.0
2026-06-25T13:35:00-04:00,76.45999908447266,76.5999984741211,76.44000244140625,76.51499938964844,129926.0
2026-06-25T13:40:00-04:00,76.51000213623047,76.55000305175781,76.40499877929688,76.43000030517578,87257.0
2026-06-25T13:45:00-04:00,76.43000030517578,76.43000030517578,76.25499725341797,76.29499816894531,103017.0
2026-06-25T13:50:00-04:00,76.29499816894531,76.33999633789062,76.23999786376953,76.29000091552734,106092.0
2026-06-25T13:55:00-04:00,76.29000091552734,76.3550033569336,76.26000213623047,76.31999969482422,92576.0
2026-06-25T14:00:00-04:00,76.33000183105469,76.33999633789062,75.93000030517578,75.95999908447266,150669.0
2026-06-25T14:05:00-04:00,75.96499633789062,76.0999984741211,75.86000061035156,76.05000305175781,123042.0
2026-06-25T14:10:00-04:00,76.05000305175781,76.13500213623047,75.97000122070312,76.00499725341797,86525.0
2026-06-25T14:15:00-04:00,76.0,76.19000244140625,75.97000122070312,76.16000366210938,99199.0
2026-06-25T14:20:00-04:00,76.16000366210938,76.19000244140625,76.05000305175781,76.08999633789062,85954.0
2026-06-25T14:25:00-04:00,76.08999633789062,76.28500366210938,76.08999633789062,76.28500366210938,171683.0
2026-06-25T14:30:00-04:00,76.27999877929688,76.27999877929688,75.94999694824219,75.94999694824219,219312.0
2026-06-25T14:35:00-04:00,75.94999694824219,76.01499938964844,75.9000015258789,75.99500274658203,148024.0
2026-06-25T14:40:00-04:00,75.98999786376953,75.98999786376953,75.9000015258789,75.94999694824219,190271.0
2026-06-25T14:45:00-04:00,75.94999694824219,75.94999694824219,75.7300033569336,75.81999969482422,133111.0
2026-06-25T14:50:00-04:00,75.80999755859375,75.9800033569336,75.80999755859375,75.87999725341797,168197.0
2026-06-25T14:55:00-04:00,75.87999725341797,75.96499633789062,75.87999725341797,75.95999908447266,126895.0
2026-06-25T15:00:00-04:00,75.95999908447266,75.97000122070312,75.79000091552734,75.80000305175781,157487.0
2026-06-25T15:05:00-04:00,75.79000091552734,75.97000122070312,75.77999877929688,75.95500183105469,128257.0
2026-06-25T15:10:00-04:00,75.95500183105469,76.0199966430664,75.91000366210938,75.9749984741211,140178.0
2026-06-25T15:15:00-04:00,75.9800033569336,75.99500274658203,75.86499786376953,75.88999938964844,171154.0
2026-06-25T15:20:00-04:00,75.87999725341797,76.0199966430664,75.87000274658203,76.0199966430664,192345.0
2026-06-25T15:25:00-04:00,76.0250015258789,76.08499908447266,75.94999694824219,75.98999786376953,161992.0
2026-06-25T15:30:00-04:00,75.98999786376953,76.01499938964844,75.9000015258789,75.93000030517578,161910.0
2026-06-25T15:35:00-04:00,75.91999816894531,75.94000244140625,75.83000183105469,75.88500213623047,183817.0
2026-06-25T15:40:00-04:00,75.88999938964844,75.91999816894531,75.78199768066406,75.86499786376953,230804.0
2026-06-25T15:45:00-04:00,75.87000274658203,75.91500091552734,75.82499694824219,75.83499908447266,303713.0
2026-06-25T15:50:00-04:00,75.83999633789062,75.94000244140625,75.7249984741211,75.91999816894531,464073.0
2026-06-25T15:55:00-04:00,75.93000030517578,75.94999694824219,75.63999938964844,75.68000030517578,1676423.0
2026-06-26T09:30:00-04:00,76.66000366210938,77.0199966430664,76.19000244140625,76.80000305175781,1143241.0
2026-06-26T09:35:00-04:00,76.79000091552734,77.08000183105469,76.62999725341797,76.80999755859375,382299.0
2026-06-26T09:40:00-04:00,76.80500030517578,77.77999877929688,76.80500030517578,77.58000183105469,685632.0
2026-06-26T09:45:00-04:00,77.58999633789062,77.58999633789062,77.0,77.06999969482422,602053.0
2026-06-26T09:50:00-04:00,77.05999755859375,77.41999816894531,77.05000305175781,77.13500213623047,623354.0
2026-06-26T09:55:00-04:00,77.13999938964844,77.79000091552734,77.08999633789062,77.68000030517578,468548.0
2026-06-26T10:00:00-04:00,77.67500305175781,77.88999938964844,77.44000244140625,77.76000213623047,491671.0
2026-06-26T10:05:00-04:00,77.75,77.7699966430664,77.39089965820312,77.61499786376953,242310.0
2026-06-26T10:10:00-04:00,77.61000061035156,78.13999938964844,77.48999786376953,77.94000244140625,448701.0
2026-06-26T10:15:00-04:00,77.94000244140625,78.37010192871094,77.91000366210938,77.94000244140625,442163.0
2026-06-26T10:20:00-04:00,77.94000244140625,78.12000274658203,77.91000366210938,77.95999908447266,199289.0
2026-06-26T10:25:00-04:00,77.95500183105469,78.11000061035156,77.81999969482422,77.86000061035156,145921.0
2026-06-26T10:30:00-04:00,77.86000061035156,77.87999725341797,77.37000274658203,77.4000015258789,155453.0
2026-06-26T10:35:00-04:00,77.41000366210938,77.62000274658203,77.38999938964844,77.56999969482422,221325.0
2026-06-26T10:40:00-04:00,77.57499694824219,77.74500274658203,77.44999694824219,77.58999633789062,196970.0
2026-06-26T10:45:00-04:00,77.58499908447266,78.0,77.58000183105469,77.91000366210938,120465.0
2026-06-26T10:50:00-04:00,77.9000015258789,77.95999908447266,77.77999877929688,77.87000274658203,120634.0
2026-06-26T10:55:00-04:00,77.875,77.98999786376953,77.66000366210938,77.70999908447266,193558.0
2026-06-26T11:00:00-04:00,77.70999908447266,77.83999633789062,77.61000061035156,77.63999938964844,269093.0
2026-06-26T11:05:00-04:00,77.62000274658203,77.70999908447266,77.51000213623047,77.70249938964844,114363.0
2026-06-26T11:10:00-04:00,77.70999908447266,77.70999908447266,77.43000030517578,77.51000213623047,98037.0
2026-06-26T11:15:00-04:00,77.51000213623047,77.94999694824219,77.44999694824219,77.94999694824219,114732.0
2026-06-26T11:20:00-04:00,77.94999694824219,78.0250015258789,77.80999755859375,78.0199966430664,210638.0
2026-06-26T11:25:00-04:00,78.01000213623047,78.02999877929688,77.88999938964844,77.94000244140625,133316.0
2026-06-26T11:30:00-04:00,77.94000244140625,78.12000274658203,77.93000030517578,78.02999877929688,136526.0
2026-06-26T11:35:00-04:00,78.0250015258789,78.48500061035156,78.0250015258789,78.44000244140625,382152.0
2026-06-26T11:40:00-04:00,78.44499969482422,78.4800033569336,78.28500366210938,78.32499694824219,185703.0
2026-06-26T11:45:00-04:00,78.33000183105469,78.3499984741211,78.23999786376953,78.33499908447266,1495134.0
2026-06-26T11:50:00-04:00,78.33499908447266,78.3550033569336,77.91000366210938,78.05999755859375,288483.0
2026-06-26T11:55:00-04:00,78.05960083007812,78.37000274658203,78.05960083007812,78.30999755859375,109796.0
2026-06-26T12:00:00-04:00,78.30999755859375,78.34500122070312,78.12000274658203,78.12999725341797,184062.0
2026-06-26T12:05:00-04:00,78.11499786376953,78.19999694824219,78.0199966430664,78.11000061035156,142375.0
2026-06-26T12:10:00-04:00,78.11000061035156,78.30000305175781,78.05999755859375,78.18000030517578,152561.0
2026-06-26T12:15:00-04:00,78.19000244140625,78.25,78.08999633789062,78.12999725341797,94170.0
2026-06-26T12:20:00-04:00,78.12999725341797,78.1500015258789,77.91010284423828,77.9800033569336,212545.0
2026-06-26T12:25:00-04:00,77.97000122070312,78.08999633789062,77.92500305175781,77.94999694824219,134242.0
2026-06-26T12:30:00-04:00,77.94000244140625,78.13999938964844,77.94000244140625,78.05999755859375,105833.0
2026-06-26T12:35:00-04:00,78.06999969482422,78.08999633789062,77.94000244140625,77.94999694824219,182479.0
2026-06-26T12:40:00-04:00,77.94999694824219,77.94999694824219,77.86000061035156,77.87000274658203,139059.0
2026-06-26T12:45:00-04:00,77.87999725341797,77.9000015258789,77.80000305175781,77.87000274658203,78299.0
2026-06-26T12:50:00-04:00,77.875,77.94999694824219,77.83999633789062,77.94999694824219,70376.0
2026-06-26T12:55:00-04:00,77.95999908447266,77.96499633789062,77.86000061035156,77.90499877929688,54211.0
2026-06-26T13:00:00-04:00,77.91000366210938,77.97000122070312,77.8499984741211,77.95999908447266,68420.0
2026-06-26T13:05:00-04:00,77.9800033569336,78.02999877929688,77.94999694824219,77.9800033569336,58561.0
2026-06-26T13:10:00-04:00,77.9749984741211,77.9800033569336,77.8949966430664,77.94499969482422,169343.0
2026-06-26T13:15:00-04:00,77.94000244140625,77.94000244140625,77.77999877929688,77.78500366210938,81477.0
2026-06-26T13:20:00-04:00,77.79000091552734,77.80999755859375,77.69999694824219,77.78500366210938,69946.0
2026-06-26T13:25:00-04:00,77.77999877929688,77.79000091552734,77.66000366210938,77.69999694824219,104896.0
2026-06-26T13:30:00-04:00,77.70999908447266,77.7699966430664,77.58999633789062,77.63999938964844,85591.0
2026-06-26T13:35:00-04:00,77.62999725341797,77.63999938964844,77.4000015258789,77.41999816894531,122090.0
2026-06-26T13:40:00-04:00,77.43000030517578,77.44999694824219,77.36000061035156,77.44000244140625,119333.0
2026-06-26T13:45:00-04:00,77.44000244140625,77.51000213623047,77.37999725341797,77.4749984741211,104607.0
2026-06-26T13:50:00-04:00,77.47000122070312,77.54000091552734,77.37000274658203,77.44000244140625,176369.0
2026-06-26T13:55:00-04:00,77.44000244140625,77.45989990234375,77.38999938964844,77.43499755859375,84383.0
2026-06-26T14:00:00-04:00,77.44000244140625,77.47000122070312,77.30999755859375,77.38999938964844,109382.0
2026-06-26T14:05:00-04:00,77.38999938964844,77.41500091552734,77.30999755859375,77.33999633789062,107939.0
2026-06-26T14:10:00-04:00,77.33999633789062,77.36499786376953,77.30500030517578,77.31999969482422,77943.0
2026-06-26T14:15:00-04:00,77.31999969482422,77.33000183105469,77.2300033569336,77.26499938964844,131585.0
2026-06-26T14:20:00-04:00,77.26000213623047,77.30000305175781,77.21499633789062,77.24500274658203,97462.0
2026-06-26T14:25:00-04:00,77.23999786376953,77.29000091552734,77.15499877929688,77.20999908447266,89865.0
2026-06-26T14:30:00-04:00,77.20999908447266,77.2699966430664,77.18499755859375,77.19000244140625,96757.0
2026-06-26T14:35:00-04:00,77.18000030517578,77.18499755859375,77.11000061035156,77.1500015258789,98556.0
2026-06-26T14:40:00-04:00,77.15499877929688,77.26499938964844,77.11499786376953,77.23999786376953,84745.0
2026-06-26T14:45:00-04:00,77.23999786376953,77.23999786376953,77.01000213623047,77.05000305175781,103154.0
2026-06-26T14:50:00-04:00,77.05999755859375,77.18499755859375,77.01000213623047,77.12000274658203,118537.0
2026-06-26T14:55:00-04:00,77.12999725341797,77.19000244140625,77.05999755859375,77.06999969482422,117785.0
2026-06-26T15:00:00-04:00,77.06999969482422,77.1050033569336,76.98999786376953,76.99690246582031,100533.0
2026-06-26T15:05:00-04:00,76.99500274658203,77.16500091552734,76.99500274658203,77.1500015258789,97668.0
2026-06-26T15:10:00-04:00,77.13999938964844,77.19000244140625,77.08000183105469,77.18499755859375,112417.0
2026-06-26T15:15:00-04:00,77.18000030517578,77.20999908447266,77.12999725341797,77.13990020751953,127615.0
2026-06-26T15:20:00-04:00,77.12999725341797,77.13500213623047,76.94499969482422,77.05500030517578,157074.0
2026-06-26T15:25:00-04:00,77.04000091552734,77.06999969482422,76.94999694824219,77.0199966430664,104218.0
2026-06-26T15:30:00-04:00,77.0250015258789,77.18499755859375,76.97000122070312,77.17500305175781,236957.0
2026-06-26T15:35:00-04:00,77.17500305175781,77.2249984741211,77.0199966430664,77.05000305175781,200465.0
2026-06-26T15:40:00-04:00,77.05000305175781,77.11000061035156,76.9800033569336,77.08000183105469,231871.0
2026-06-26T15:45:00-04:00,77.0790023803711,77.11499786376953,76.9800033569336,77.01000213623047,273231.0
2026-06-26T15:50:00-04:00,77.01499938964844,77.18000030517578,76.99500274658203,77.125,463164.0
2026-06-26T15:55:00-04:00,77.125,77.20999908447266,76.95999908447266,76.97000122070312,1165499.0
2026-06-29T09:30:00-04:00,76.12999725341797,76.19499969482422,75.3499984741211,75.75,1104460.0
2026-06-29T09:35:00-04:00,75.7750015258789,75.94000244140625,75.37000274658203,75.55000305175781,513487.0
2026-06-29T09:40:00-04:00,75.5199966430664,75.91999816894531,75.47000122070312,75.80999755859375,399274.0
2026-06-29T09:45:00-04:00,75.80999755859375,76.0199966430664,75.30000305175781,75.3727035522461,257281.0
2026-06-29T09:50:00-04:00,75.3499984741211,75.6500015258789,75.29000091552734,75.37000274658203,242375.0
2026-06-29T09:55:00-04:00,75.37000274658203,75.62000274658203,75.27999877929688,75.55000305175781,400736.0
2026-06-29T10:00:00-04:00,75.56999969482422,75.62000274658203,75.23999786376953,75.41000366210938,297846.0
2026-06-29T10:05:00-04:00,75.38999938964844,75.4000015258789,75.12999725341797,75.26000213623047,375996.0
2026-06-29T10:10:00-04:00,75.29000091552734,75.38999938964844,74.88999938964844,74.8949966430664,370126.0
2026-06-29T10:15:00-04:00,74.88999938964844,75.18000030517578,74.58999633789062,75.1500015258789,555159.0
2026-06-29T10:20:00-04:00,75.13999938964844,75.41000366210938,75.02999877929688,75.38009643554688,222359.0
2026-06-29T10:25:00-04:00,75.38999938964844,75.98999786376953,75.37000274658203,75.86499786376953,293387.0
2026-06-29T10:30:00-04:00,75.87000274658203,76.0999984741211,75.69999694824219,75.76499938964844,222109.0
2026-06-29T10:35:00-04:00,75.7699966430664,75.81999969482422,75.44000244140625,75.45999908447266,158910.0
2026-06-29T10:40:00-04:00,75.45999908447266,75.51000213623047,75.06999969482422,75.08000183105469,164729.0
2026-06-29T10:45:00-04:00,75.08000183105469,75.19000244140625,74.9000015258789,75.16000366210938,211732.0
2026-06-29T10:50:00-04:00,75.1500015258789,75.4000015258789,75.1500015258789,75.29000091552734,175711.0
2026-06-29T10:55:00-04:00,75.29000091552734,75.4000015258789,75.16000366210938,75.24810028076172,200375.0
2026-06-29T11:00:00-04:00,75.25,75.37999725341797,75.1500015258789,75.1500015258789,163936.0
2026-06-29T11:05:00-04:00,75.13999938964844,75.3499984741211,75.13999938964844,75.26499938964844,133767.0
2026-06-29T11:10:00-04:00,75.25,75.30000305175781,75.11499786376953,75.19999694824219,130318.0
2026-06-29T11:15:00-04:00,75.20500183105469,75.4000015258789,75.1500015258789,75.1500015258789,151047.0
2026-06-29T11:20:00-04:00,75.16000366210938,75.16000366210938,74.94999694824219,74.98999786376953,150430.0
2026-06-29T11:25:00-04:00,75.0,75.2300033569336,74.98999786376953,75.20999908447266,120215.0
2026-06-29T11:30:00-04:00,75.22000122070312,75.41999816894531,75.20999908447266,75.33499908447266,172399.0
2026-06-29T11:35:00-04:00,75.33000183105469,75.36000061035156,75.20999908447266,75.34500122070312,160732.0
2026-06-29T11:40:00-04:00,75.33999633789062,75.39019775390625,75.30000305175781,75.37000274658203,87429.0
2026-06-29T11:45:00-04:00,75.36000061035156,75.55500030517578,75.36000061035156,75.49500274658203,96386.0
2026-06-29T11:50:00-04:00,75.48999786376953,75.66510009765625,75.45999908447266,75.62999725341797,82831.0
2026-06-29T11:55:00-04:00,75.63500213623047,75.73500061035156,75.61000061035156,75.70999908447266,102562.0
2026-06-29T12:00:00-04:00,75.69999694824219,75.84500122070312,75.69999694824219,75.74500274658203,106054.0
2026-06-29T12:05:00-04:00,75.73999786376953,75.80999755859375,75.7300033569336,75.75,68689.0
2026-06-29T12:10:00-04:00,75.76000213623047,75.83000183105469,75.69999694824219,75.73999786376953,87563.0
2026-06-29T12:15:00-04:00,75.73999786376953,75.7699966430664,75.66999816894531,75.74500274658203,111606.0
2026-06-29T12:20:00-04:00,75.73999786376953,75.80000305175781,75.66500091552734,75.70999908447266,79599.0
2026-06-29T12:25:00-04:00,75.69999694824219,75.69999694824219,75.51499938964844,75.52999877929688,97675.0
2026-06-29T12:30:00-04:00,75.53500366210938,75.54000091552734,75.375,75.41510009765625,179725.0
2026-06-29T12:35:00-04:00,75.41999816894531,75.44000244140625,75.23999786376953,75.24500274658203,201319.0
2026-06-29T12:40:00-04:00,75.23999786376953,75.31999969482422,75.16500091552734,75.2750015258789,217593.0
2026-06-29T12:45:00-04:00,75.2699966430664,75.41999816894531,75.26499938964844,75.41999816894531,159363.0
2026-06-29T12:50:00-04:00,75.41999816894531,75.4800033569336,75.38999938964844,75.43000030517578,156368.0
2026-06-29T12:55:00-04:00,75.44000244140625,75.44000244140625,75.37000274658203,75.41000366210938,49670.0
2026-06-29T13:00:00-04:00,75.41000366210938,75.51000213623047,75.38999938964844,75.51000213623047,103192.0
2026-06-29T13:05:00-04:00,75.5,75.73999786376953,75.5,75.69000244140625,130072.0
2026-06-29T13:10:00-04:00,75.68000030517578,75.70999908447266,75.6500015258789,75.66999816894531,95358.0
2026-06-29T13:15:00-04:00,75.66000366210938,75.83000183105469,75.62999725341797,75.79499816894531,131194.0
2026-06-29T13:20:00-04:00,75.79000091552734,75.80999755859375,75.70999908447266,75.70999908447266,106427.0
2026-06-29T13:25:00-04:00,75.70999908447266,75.80999755859375,75.69000244140625,75.7300033569336,108913.0
2026-06-29T13:30:00-04:00,75.7300033569336,75.73999786376953,75.67500305175781,75.7249984741211,128329.0
2026-06-29T13:35:00-04:00,75.7300033569336,75.79000091552734,75.72000122070312,75.76000213623047,84907.0
2026-06-29T13:40:00-04:00,75.75,75.76000213623047,75.61000061035156,75.61000061035156,89701.0
2026-06-29T13:45:00-04:00,75.62000274658203,75.625,75.51000213623047,75.52999877929688,116626.0
2026-06-29T13:50:00-04:00,75.54000091552734,75.72000122070312,75.54000091552734,75.70999908447266,80557.0
2026-06-29T13:55:00-04:00,75.70999908447266,75.77999877929688,75.66999816894531,75.69499969482422,77957.0
2026-06-29T14:00:00-04:00,75.69999694824219,75.80500030517578,75.66999816894531,75.7699966430664,70230.0
2026-06-29T14:05:00-04:00,75.7750015258789,75.7750015258789,75.66000366210938,75.66000366210938,71329.0
2026-06-29T14:10:00-04:00,75.66000366210938,75.73999786376953,75.66000366210938,75.70500183105469,164347.0
2026-06-29T14:15:00-04:00,75.69999694824219,75.72000122070312,75.68000030517578,75.69000244140625,144844.0
2026-06-29T14:20:00-04:00,75.68000030517578,75.73500061035156,75.6500015258789,75.7300033569336,86479.0
2026-06-29T14:25:00-04:00,75.7300033569336,75.77999877929688,75.62999725341797,75.68000030517578,161459.0
2026-06-29T14:30:00-04:00,75.68000030517578,75.69000244140625,75.63500213623047,75.69000244140625,88579.0
2026-06-29T14:35:00-04:00,75.68499755859375,75.7300033569336,75.6698989868164,75.71499633789062,69436.0
2026-06-29T14:40:00-04:00,75.72000122070312,75.79000091552734,75.68900299072266,75.7300033569336,70331.0
2026-06-29T14:45:00-04:00,75.73999786376953,75.76000213623047,75.66500091552734,75.7249984741211,104070.0
2026-06-29T14:50:00-04:00,75.7249984741211,75.73999786376953,75.69000244140625,75.69499969482422,68540.0
2026-06-29T14:55:00-04:00,75.69499969482422,75.69499969482422,75.58000183105469,75.63999938964844,76437.0
2026-06-29T15:00:00-04:00,75.63999938964844,75.68000030517578,75.51000213623047,75.51100158691406,85182.0
2026-06-29T15:05:00-04:00,75.51000213623047,75.62999725341797,75.48999786376953,75.5999984741211,113748.0
2026-06-29T15:10:00-04:00,75.58999633789062,75.6050033569336,75.45369720458984,75.4800033569336,89513.0
2026-06-29T15:15:00-04:00,75.47000122070312,75.52999877929688,75.44499969482422,75.51499938964844,196222.0
2026-06-29T15:20:00-04:00,75.5,75.54000091552734,75.37999725341797,75.51499938964844,408813.0
2026-06-29T15:25:00-04:00,75.5199966430664,75.6084976196289,75.5199966430664,75.55500030517578,193420.0
2026-06-29T15:30:00-04:00,75.55999755859375,75.68499755859375,75.55500030517578,75.67500305175781,129205.0
2026-06-29T15:35:00-04:00,75.67990112304688,75.73500061035156,75.6500015258789,75.66999816894531,133131.0
2026-06-29T15:40:00-04:00,75.66999816894531,75.72000122070312,75.62000274658203,75.70999908447266,104385.0
2026-06-29T15:45:00-04:00,75.71499633789062,75.75,75.68499755859375,75.69499969482422,144560.0
2026-06-29T15:50:00-04:00,75.69999694824219,75.76000213623047,75.5199966430664,75.56999969482422,374358.0
2026-06-29T15:55:00-04:00,75.58000183105469,75.72000122070312,75.5199966430664,75.69999694824219,967846.0
2026-06-30T09:30:00-04:00,75.38999938964844,75.93000030517578,74.7300033569336,74.8499984741211,1016899.0
2026-06-30T09:35:00-04:00,74.8499984741211,74.94499969482422,74.06999969482422,74.08999633789062,666686.0
2026-06-30T09:40:00-04:00,74.0999984741211,74.4000015258789,74.09010314941406,74.1500015258789,622075.0
2026-06-30T09:45:00-04:00,74.16999816894531,74.30999755859375,73.88999938964844,74.05000305175781,696619.0
2026-06-30T09:50:00-04:00,74.04000091552734,74.55500030517578,74.01000213623047,74.37999725341797,770528.0
2026-06-30T09:55:00-04:00,74.37999725341797,74.59500122070312,74.33499908447266,74.48999786376953,278101.0
2026-06-30T10:00:00-04:00,74.4800033569336,74.62000274658203,74.12000274658203,74.16000366210938,242034.0
2026-06-30T10:05:00-04:00,74.16000366210938,74.81999969482422,74.06500244140625,74.80000305175781,240661.0
2026-06-30T10:10:00-04:00,74.79000091552734,75.01000213623047,74.7300033569336,74.91500091552734,575282.0
2026-06-30T10:15:00-04:00,74.90499877929688,75.33000183105469,74.90499877929688,75.15499877929688,362692.0
2026-06-30T10:20:00-04:00,75.18000030517578,75.56800079345703,75.14009857177734,75.5199966430664,220111.0
2026-06-30T10:25:00-04:00,75.5,75.50920104980469,75.19499969482422,75.23999786376953,186047.0
2026-06-30T10:30:00-04:00,75.2300033569336,75.30000305175781,75.05000305175781,75.08499908447266,163238.0
2026-06-30T10:35:00-04:00,75.09500122070312,75.19000244140625,74.91999816894531,75.05999755859375,190075.0
2026-06-30T10:40:00-04:00,75.06999969482422,75.33000183105469,75.05000305175781,75.22000122070312,200931.0
2026-06-30T10:45:00-04:00,75.20999908447266,75.2300033569336,74.86000061035156,74.86000061035156,313863.0
2026-06-30T10:50:00-04:00,74.87000274658203,75.01000213623047,74.74199676513672,74.78990173339844,156275.0
2026-06-30T10:55:00-04:00,74.79000091552734,74.83000183105469,74.58000183105469,74.5999984741211,140322.0
2026-06-30T11:00:00-04:00,74.58999633789062,74.91000366210938,74.58999633789062,74.7699966430664,154809.0
2026-06-30T11:05:00-04:00,74.7699966430664,74.83000183105469,74.68499755859375,74.76599884033203,137375.0
2026-06-30T11:10:00-04:00,74.75499725341797,74.9000015258789,74.71499633789062,74.8646011352539,111017.0
2026-06-30T11:15:00-04:00,74.86000061035156,74.87000274658203,74.58000183105469,74.62000274658203,134197.0
2026-06-30T11:20:00-04:00,74.62999725341797,74.66999816894531,74.38999938964844,74.5,427423.0
2026-06-30T11:25:00-04:00,74.48500061035156,74.66999816894531,74.4800033569336,74.62000274658203,120897.0
2026-06-30T11:30:00-04:00,74.62000274658203,74.80999755859375,74.61000061035156,74.79000091552734,100051.0
2026-06-30T11:35:00-04:00,74.79000091552734,74.83999633789062,74.68499755859375,74.7300033569336,134784.0
2026-06-30T11:40:00-04:00,74.72000122070312,74.7750015258789,74.69000244140625,74.7249984741211,76239.0
2026-06-30T11:45:00-04:00,74.72000122070312,74.97000122070312,74.72000122070312,74.94000244140625,91063.0
2026-06-30T11:50:00-04:00,74.94000244140625,75.09500122070312,74.93499755859375,75.02989959716797,79302.0
2026-06-30T11:55:00-04:00,75.02999877929688,75.03780364990234,74.93000030517578,74.9800033569336,67978.0
2026-06-30T12:00:00-04:00,74.9749984741211,75.05799865722656,74.9749984741211,75.02999877929688,81882.0
2026-06-30T12:05:00-04:00,75.02999877929688,75.05000305175781,74.91000366210938,74.91500091552734,109671.0
2026-06-30T12:10:00-04:00,74.91999816894531,75.08999633789062,74.91929626464844,75.08000183105469,59331.0
2026-06-30T12:15:00-04:00,75.08999633789062,75.1050033569336,75.018798828125,75.05500030517578,72835.0
2026-06-30T12:20:00-04:00,75.05999755859375,75.16999816894531,75.0199966430664,75.04000091552734,82659.0
2026-06-30T12:25:00-04:00,75.02999877929688,75.12999725341797,74.95999908447266,75.11000061035156,110173.0
2026-06-30T12:30:00-04:00,75.11000061035156,75.16999816894531,75.07499694824219,75.13999938964844,74744.0
2026-06-30T12:35:00-04:00,75.13999938964844,75.26499938964844,75.07009887695312,75.25,99606.0
2026-06-30T12:40:00-04:00,75.23999786376953,75.2699966430664,75.19000244140625,75.26000213623047,69084.0
2026-06-30T12:45:00-04:00,75.26000213623047,75.2699966430664,75.15499877929688,75.16999816894531,76124.0
2026-06-30T12:50:00-04:00,75.16999816894531,75.22000122070312,75.1449966430664,75.20999908447266,71729.0
2026-06-30T12:55:00-04:00,75.19999694824219,75.20500183105469,75.1050033569336,75.12989807128906,68781.0
2026-06-30T13:00:00-04:00,75.12000274658203,75.17500305175781,75.08000183105469,75.12999725341797,71888.0
2026-06-30T13:05:00-04:00,75.12000274658203,75.12000274658203,74.9800033569336,75.04000091552734,56021.0
2026-06-30T13:10:00-04:00,75.02999877929688,75.05999755859375,74.96499633789062,75.05999755859375,76987.0
2026-06-30T13:15:00-04:00,75.05000305175781,75.11000061035156,75.02999877929688,75.07499694824219,54699.0
2026-06-30T13:20:00-04:00,75.07499694824219,75.0999984741211,75.01499938964844,75.01499938964844,75973.0
2026-06-30T13:25:00-04:00,75.01000213623047,75.06999969482422,74.9800033569336,75.04000091552734,78157.0
2026-06-30T13:30:00-04:00,75.05000305175781,75.12000274658203,75.04000091552734,75.06999969482422,94145.0
2026-06-30T13:35:00-04:00,75.06500244140625,75.08499908447266,75.01000213623047,75.05999755859375,41000.0
2026-06-30T13:40:00-04:00,75.06999969482422,75.2300033569336,75.06999969482422,75.19499969482422,50539.0
2026-06-30T13:45:00-04:00,75.19499969482422,75.30999755859375,75.16999816894531,75.26000213623047,65180.0
2026-06-30T13:50:00-04:00,75.2698974609375,75.37000274658203,75.2698974609375,75.3499984741211,54021.0
2026-06-30T13:55:00-04:00,75.33999633789062,75.43000030517578,75.33000183105469,75.42500305175781,56845.0
2026-06-30T14:00:00-04:00,75.43000030517578,75.47000122070312,75.37000274658203,75.4000015258789,91481.0
2026-06-30T14:05:00-04:00,75.41000366210938,75.43499755859375,75.37000274658203,75.40010070800781,51516.0
2026-06-30T14:10:00-04:00,75.4000015258789,75.44000244140625,75.36499786376953,75.37000274658203,55469.0
2026-06-30T14:15:00-04:00,75.37000274658203,75.44999694824219,75.3550033569336,75.44000244140625,117651.0
2026-06-30T14:20:00-04:00,75.43499755859375,75.47000122070312,75.37000274658203,75.43000030517578,148718.0
2026-06-30T14:25:00-04:00,75.43000030517578,75.47000122070312,75.33999633789062,75.37000274658203,62610.0
2026-06-30T14:30:00-04:00,75.36499786376953,75.36499786376953,75.30500030517578,75.3499984741211,90982.0
2026-06-30T14:35:00-04:00,75.3499984741211,75.3949966430664,75.31999969482422,75.33000183105469,80652.0
2026-06-30T14:40:00-04:00,75.33000183105469,75.41999816894531,75.27999877929688,75.40499877929688,78761.0
2026-06-30T14:45:00-04:00,75.41000366210938,75.58000183105469,75.4000015258789,75.56999969482422,94254.0
2026-06-30T14:50:00-04:00,75.56999969482422,75.61000061035156,75.52999877929688,75.56999969482422,110469.0
2026-06-30T14:55:00-04:00,75.56999969482422,75.56999969482422,75.50990295410156,75.52999877929688,99024.0
2026-06-30T15:00:00-04:00,75.52999877929688,75.58999633789062,75.48500061035156,75.48500061035156,66692.0
2026-06-30T15:05:00-04:00,75.4800033569336,75.51000213623047,75.44499969482422,75.5,166087.0
2026-06-30T15:10:00-04:00,75.5,75.55000305175781,75.44000244140625,75.5199966430664,88339.0
2026-06-30T15:15:00-04:00,75.5250015258789,75.58560180664062,75.5,75.54000091552734,84510.0
2026-06-30T15:20:00-04:00,75.54499816894531,75.55000305175781,75.47000122070312,75.5199966430664,118247.0
2026-06-30T15:25:00-04:00,75.51499938964844,75.5199966430664,75.44000244140625,75.44000244140625,105436.0
2026-06-30T15:30:00-04:00,75.43000030517578,75.54000091552734,75.41999816894531,75.44640350341797,144553.0
2026-06-30T15:35:00-04:00,75.45500183105469,75.47000122070312,75.34500122070312,75.41000366210938,134783.0
2026-06-30T15:40:00-04:00,75.4000015258789,75.4000015258789,75.30999755859375,75.31999969482422,187221.0
2026-06-30T15:45:00-04:00,75.31500244140625,75.37999725341797,75.30000305175781,75.36499786376953,214447.0
2026-06-30T15:50:00-04:00,75.36000061035156,75.4000015258789,75.08999633789062,75.125,455258.0
2026-06-30T15:55:00-04:00,75.125,75.45999908447266,75.08999633789062,75.41999816894531,1622986.0
2026-07-01T09:30:00-04:00,75.43000030517578,75.9000015258789,75.13999938964844,75.56999969482422,926841.0
2026-07-01T09:35:00-04:00,75.58499908447266,75.80000305175781,75.45500183105469,75.61000061035156,335999.0
2026-07-01T09:40:00-04:00,75.58999633789062,77.0,75.55000305175781,76.94000244140625,1345170.0
2026-07-01T09:45:00-04:00,76.91999816894531,77.37000274658203,76.5,76.58000183105469,1045187.0
2026-07-01T09:50:00-04:00,76.57499694824219,76.9000015258789,76.46499633789062,76.55000305175781,239001.0
2026-07-01T09:55:00-04:00,76.55000305175781,76.7699966430664,76.43000030517578,76.7249984741211,230553.0
2026-07-01T10:00:00-04:00,76.76000213623047,77.22000122070312,76.62999725341797,77.0199966430664,385887.0
2026-07-01T10:05:00-04:00,77.0199966430664,77.47000122070312,76.9800033569336,77.43009948730469,240712.0
2026-07-01T10:10:00-04:00,77.44499969482422,77.68499755859375,77.37000274658203,77.5000991821289,381604.0
2026-07-01T10:15:00-04:00,77.5,77.68000030517578,77.30999755859375,77.66000366210938,326000.0
2026-07-01T10:20:00-04:00,77.6500015258789,78.12000274658203,77.63999938964844,78.08000183105469,458906.0
2026-07-01T10:25:00-04:00,78.06999969482422,78.15499877929688,77.48999786376953,77.56999969482422,353904.0
2026-07-01T10:30:00-04:00,77.56999969482422,77.69000244140625,77.41000366210938,77.68000030517578,149318.0
2026-07-01T10:35:00-04:00,77.67500305175781,77.81999969482422,77.55500030517578,77.56999969482422,240331.0
2026-07-01T10:40:00-04:00,77.58000183105469,77.62000274658203,76.91000366210938,76.94000244140625,261960.0
2026-07-01T10:45:00-04:00,76.93499755859375,76.97000122070312,76.62999725341797,76.69999694824219,310138.0
2026-07-01T10:50:00-04:00,76.72000122070312,76.76000213623047,76.58000183105469,76.5999984741211,80217.0
2026-07-01T10:55:00-04:00,76.58999633789062,76.6500015258789,76.41999816894531,76.55999755859375,189898.0
2026-07-01T11:00:00-04:00,76.55999755859375,76.59980010986328,76.44999694824219,76.58999633789062,224801.0
2026-07-01T11:05:00-04:00,76.58499908447266,76.72000122070312,76.19000244140625,76.29499816894531,191257.0
2026-07-01T11:10:00-04:00,76.29000091552734,76.54000091552734,76.29000091552734,76.52999877929688,94825.0
2026-07-01T11:15:00-04:00,76.55000305175781,76.87999725341797,76.55000305175781,76.70999908447266,166685.0
2026-07-01T11:20:00-04:00,76.69999694824219,76.83000183105469,76.58999633789062,76.66000366210938,124872.0
2026-07-01T11:25:00-04:00,76.66000366210938,76.77010345458984,76.56999969482422,76.73999786376953,128667.0
2026-07-01T11:30:00-04:00,76.73999786376953,76.75,76.6050033569336,76.62000274658203,120556.0
2026-07-01T11:35:00-04:00,76.63999938964844,76.73999786376953,76.5999984741211,76.6449966430664,177719.0
2026-07-01T11:40:00-04:00,76.6449966430664,76.76000213623047,76.58999633789062,76.63999938964844,202625.0
2026-07-01T11:45:00-04:00,76.6449966430664,76.70999908447266,76.5999984741211,76.70999908447266,157977.0
2026-07-01T11:50:00-04:00,76.7249984741211,76.8499984741211,76.70999908447266,76.7699966430664,131433.0
2026-07-01T11:55:00-04:00,76.76000213623047,76.76499938964844,76.66000366210938,76.7300033569336,82943.0
2026-07-01T12:00:00-04:00,76.7300033569336,76.8949966430664,76.7300033569336,76.8499984741211,90987.0
2026-07-01T12:05:00-04:00,76.83999633789062,76.98500061035156,76.81999969482422,76.83999633789062,75400.0
2026-07-01T12:10:00-04:00,76.83000183105469,76.87000274658203,76.75,76.80999755859375,49900.0
2026-07-01T12:15:00-04:00,76.80999755859375,76.81500244140625,76.72000122070312,76.81500244140625,63564.0
2026-07-01T12:20:00-04:00,76.80999755859375,76.8499984741211,76.70099639892578,76.7300033569336,56980.0
2026-07-01T12:25:00-04:00,76.73500061035156,76.75,76.69000244140625,76.72000122070312,74493.0
2026-07-01T12:30:00-04:00,76.7300033569336,76.77999877929688,76.59500122070312,76.5999984741211,78411.0
2026-07-01T12:35:00-04:00,76.5999984741211,76.70500183105469,76.5999984741211,76.61000061035156,68821.0
2026-07-01T12:40:00-04:00,76.6050033569336,76.61000061035156,76.44999694824219,76.5199966430664,92589.0
2026-07-01T12:45:00-04:00,76.52999877929688,76.54000091552734,76.38999938964844,76.41000366210938,80245.0
2026-07-01T12:50:00-04:00,76.4000015258789,76.43499755859375,76.31999969482422,76.40560150146484,84414.0
2026-07-01T12:55:00-04:00,76.40499877929688,76.45999908447266,76.32499694824219,76.33999633789062,148455.0
2026-07-01T13:00:00-04:00,76.3499984741211,76.43499755859375,76.2301025390625,76.28929901123047,104640.0
2026-07-01T13:05:00-04:00,76.27999877929688,76.28500366210938,76.10710144042969,76.12000274658203,94492.0
2026-07-01T13:10:00-04:00,76.11650085449219,76.22000122070312,76.07499694824219,76.20899963378906,85355.0
2026-07-01T13:15:00-04:00,76.21499633789062,76.2300033569336,76.08999633789062,76.18000030517578,62185.0
2026-07-01T13:20:00-04:00,76.18000030517578,76.33000183105469,76.18000030517578,76.25,86101.0
2026-07-01T13:25:00-04:00,76.25499725341797,76.28500366210938,76.20999908447266,76.23500061035156,69593.0
2026-07-01T13:30:00-04:00,76.23500061035156,76.41999816894531,76.22000122070312,76.2300033569336,79463.0
2026-07-01T13:35:00-04:00,76.23500061035156,76.31999969482422,76.22000122070312,76.29000091552734,95842.0
2026-07-01T13:40:00-04:00,76.29000091552734,76.33000183105469,76.24500274658203,76.25,101545.0
2026-07-01T13:45:00-04:00,76.25499725341797,76.26499938964844,76.18000030517578,76.20999908447266,89714.0
2026-07-01T13:50:00-04:00,76.20929718017578,76.26000213623047,76.12999725341797,76.18000030517578,77104.0
2026-07-01T13:55:00-04:00,76.16999816894531,76.19000244140625,76.12000274658203,76.16670227050781,77870.0
2026-07-01T14:00:00-04:00,76.16500091552734,76.26000213623047,76.1500015258789,76.21499633789062,76943.0
2026-07-01T14:05:00-04:00,76.21499633789062,76.22000122070312,76.11000061035156,76.12999725341797,56301.0
2026-07-01T14:10:00-04:00,76.13500213623047,76.16799926757812,76.07499694824219,76.11000061035156,63285.0
2026-07-01T14:15:00-04:00,76.0999984741211,76.11000061035156,75.95999908447266,76.08000183105469,61696.0
2026-07-01T14:20:00-04:00,76.08499908447266,76.1449966430664,76.05000305175781,76.11000061035156,92333.0
2026-07-01T14:25:00-04:00,76.0999984741211,76.11000061035156,75.91000366210938,75.91999816894531,177409.0
2026-07-01T14:30:00-04:00,75.94000244140625,76.04000091552734,75.93000030517578,76.01499938964844,129024.0
2026-07-01T14:35:00-04:00,76.01499938964844,76.07499694824219,75.94999694824219,76.02999877929688,123836.0
2026-07-01T14:40:00-04:00,76.0250015258789,76.0250015258789,75.94000244140625,75.9791030883789,88374.0
2026-07-01T14:45:00-04:00,75.9749984741211,75.9800033569336,75.83999633789062,75.85359954833984,129015.0
2026-07-01T14:50:00-04:00,75.86000061035156,75.87000274658203,75.76000213623047,75.76000213623047,115676.0
2026-07-01T14:55:00-04:00,75.76499938964844,75.87999725341797,75.76000213623047,75.87000274658203,131901.0
2026-07-01T15:00:00-04:00,75.86499786376953,75.9749984741211,75.86000061035156,75.91999816894531,151500.0
2026-07-01T15:05:00-04:00,75.93000030517578,76.1449966430664,75.90499877929688,76.1050033569336,171623.0
2026-07-01T15:10:00-04:00,76.0999984741211,76.0999984741211,75.94000244140625,75.9749984741211,170600.0
2026-07-01T15:15:00-04:00,75.9749984741211,76.01000213623047,75.90499877929688,75.94999694824219,174230.0
2026-07-01T15:20:00-04:00,75.95500183105469,75.97000122070312,75.78500366210938,75.80010223388672,152263.0
2026-07-01T15:25:00-04:00,75.80999755859375,75.81999969482422,75.72000122070312,75.76499938964844,199098.0
2026-07-01T15:30:00-04:00,75.76000213623047,75.81999969482422,75.72000122070312,75.7249984741211,170934.0
2026-07-01T15:35:00-04:00,75.7249984741211,75.74500274658203,75.65499877929688,75.65499877929688,185544.0
2026-07-01T15:40:00-04:00,75.65499877929688,75.69499969482422,75.58999633789062,75.5999984741211,231722.0
2026-07-01T15:45:00-04:00,75.5999984741211,75.67500305175781,75.54000091552734,75.58000183105469,307404.0
2026-07-01T15:50:00-04:00,75.58999633789062,75.5999984741211,75.27999877929688,75.375,757232.0
2026-07-01T15:55:00-04:00,75.36000061035156,75.36499786376953,74.9800033569336,75.08000183105469,2957824.0
2026-07-02T09:30:00-04:00,77.70999908447266,78.51000213623047,77.41000366210938,78.25499725341797,3241834.0
2026-07-02T09:35:00-04:00,78.25499725341797,78.83999633789062,78.1500015258789,78.81500244140625,739213.0
2026-07-02T09:40:00-04:00,78.81999969482422,78.95999908447266,78.37000274658203,78.77999877929688,544372.0
2026-07-02T09:45:00-04:00,78.7699966430664,79.06999969482422,78.6982192993164,79.0,534886.0
2026-07-02T09:50:00-04:00,79.02999877929688,79.19999694824219,78.31999969482422,78.3550033569336,412993.0
2026-07-02T09:55:00-04:00,78.3499984741211,78.93000030517578,78.31999969482422,78.80000305175781,329953.0
2026-07-02T10:00:00-04:00,78.80000305175781,78.91999816894531,78.0999984741211,78.19499969482422,304572.0
2026-07-02T10:05:00-04:00,78.19999694824219,78.56999969482422,78.12999725341797,78.3499984741211,244057.0
2026-07-02T10:10:00-04:00,78.37000274658203,78.66999816894531,78.08999633789062,78.61000061035156,397700.0
2026-07-02T10:15:00-04:00,78.5999984741211,78.63999938964844,78.29000091552734,78.56999969482422,235776.0
2026-07-02T10:20:00-04:00,78.58999633789062,78.59500122070312,77.98999786376953,78.06500244140625,247144.0
2026-07-02T10:25:00-04:00,78.06999969482422,78.18000030517578,77.70999908447266,77.81999969482422,217300.0
2026-07-02T10:30:00-04:00,77.83999633789062,78.20999908447266,77.77999877929688,77.87999725341797,195512.0
2026-07-02T10:35:00-04:00,77.87999725341797,78.19950103759766,77.79000091552734,78.1500015258789,190424.0
2026-07-02T10:40:00-04:00,78.13999938964844,78.13999938964844,77.55999755859375,77.87000274658203,440999.0
2026-07-02T10:45:00-04:00,77.88999938964844,78.30000305175781,77.83000183105469,78.30000305175781,346609.0
2026-07-02T10:50:00-04:00,78.30999755859375,78.41000366210938,77.91999816894531,78.04000091552734,228589.0
2026-07-02T10:55:00-04:00,78.05000305175781,78.37000274658203,78.04000091552734,78.34500122070312,145457.0
2026-07-02T11:00:00-04:00,78.33000183105469,78.48999786376953,78.11000061035156,78.12000274658203,308873.0
2026-07-02T11:05:00-04:00,78.12999725341797,78.12999725341797,77.56999969482422,77.88999938964844,246678.0
2026-07-02T11:10:00-04:00,77.88999938964844,78.30999755859375,77.87999725341797,78.12000274658203,207092.0
2026-07-02T11:15:00-04:00,78.11000061035156,78.25,77.79499816894531,77.83999633789062,129010.0
2026-07-02T11:20:00-04:00,77.87000274658203,78.1500015258789,77.7699966430664,78.1500015258789,89010.0
2026-07-02T11:25:00-04:00,78.16000366210938,78.16999816894531,77.98999786376953,78.0,112702.0
2026-07-02T11:30:00-04:00,78.00499725341797,78.7699966430664,78.0,78.68000030517578,522675.0
2026-07-02T11:35:00-04:00,78.68000030517578,78.75,78.54000091552734,78.62000274658203,316082.0
2026-07-02T11:40:00-04:00,78.62000274658203,78.70999908447266,78.50499725341797,78.51000213623047,227088.0
2026-07-02T11:45:00-04:00,78.5,78.62000274658203,78.44000244140625,78.45999908447266,134181.0
2026-07-02T11:50:00-04:00,78.44999694824219,78.44999694824219,78.19999694824219,78.34500122070312,130319.0
2026-07-02T11:55:00-04:00,78.33999633789062,78.38500213623047,78.20999908447266,78.31999969482422,103604.0
2026-07-02T12:00:00-04:00,78.31999969482422,78.61000061035156,78.30999755859375,78.4000015258789,1246758.0
2026-07-02T12:05:00-04:00,78.38999938964844,78.45999908447266,78.2300033569336,78.30000305175781,155213.0
2026-07-02T12:10:00-04:00,78.30999755859375,78.63999938964844,78.30999755859375,78.56500244140625,157683.0
2026-07-02T12:15:00-04:00,78.56500244140625,78.56999969482422,78.33499908447266,78.48500061035156,129103.0
2026-07-02T12:20:00-04:00,78.4800033569336,78.4800033569336,78.13999938964844,78.16500091552734,151407.0
2026-07-02T12:25:00-04:00,78.17500305175781,78.30999755859375,78.06999969482422,78.0999984741211,81656.0
2026-07-02T12:30:00-04:00,78.08000183105469,78.08999633789062,77.69000244140625,77.72000122070312,166047.0
2026-07-02T12:35:00-04:00,77.70999908447266,77.79000091552734,77.50499725341797,77.77999877929688,286344.0
2026-07-02T12:40:00-04:00,77.77999877929688,78.08000183105469,77.75499725341797,78.04000091552734,167958.0
2026-07-02T12:45:00-04:00,78.02999877929688,78.02999877929688,77.87000274658203,77.9000015258789,161525.0
2026-07-02T12:50:00-04:00,77.9000015258789,78.02999877929688,77.80999755859375,77.9749984741211,111386.0
2026-07-02T12:55:00-04:00,77.9749984741211,77.9749984741211,77.78500366210938,77.88999938964844,125949.0
2026-07-02T13:00:00-04:00,77.87999725341797,77.87999725341797,77.63500213623047,77.66999816894531,112309.0
2026-07-02T13:05:00-04:00,77.66999816894531,77.83999633789062,77.58000183105469,77.69999694824219,96876.0
2026-07-02T13:10:00-04:00,77.70999908447266,77.73999786376953,77.52999877929688,77.5999984741211,86451.0
2026-07-02T13:15:00-04:00,77.58000183105469,77.63999938964844,77.4800033569336,77.51000213623047,121610.0
2026-07-02T13:20:00-04:00,77.51000213623047,77.54000091552734,77.33999633789062,77.38999938964844,176540.0
2026-07-02T13:25:00-04:00,77.38999938964844,77.44499969482422,77.31999969482422,77.34500122070312,226984.0
2026-07-02T13:30:00-04:00,77.33999633789062,77.38500213623047,77.22000122070312,77.22000122070312,282191.0
2026-07-02T13:35:00-04:00,77.22000122070312,77.2699966430664,77.0199966430664,77.08999633789062,251556.0
2026-07-02T13:40:00-04:00,77.08000183105469,77.13999938964844,77.0199966430664,77.08999633789062,293717.0
2026-07-02T13:45:00-04:00,77.08999633789062,77.10009765625,76.95999908447266,77.02999877929688,154234.0
2026-07-02T13:50:00-04:00,77.0199966430664,77.03500366210938,76.94999694824219,76.99500274658203,166852.0
2026-07-02T13:55:00-04:00,77.0,77.0199966430664,76.81500244140625,76.83000183105469,161987.0
2026-07-02T14:00:00-04:00,76.83499908447266,77.16999816894531,76.7750015258789,77.05500030517578,1971351.0
2026-07-02T14:05:00-04:00,77.05000305175781,77.55000305175781,77.04499816894531,77.54000091552734,181079.0
2026-07-02T14:10:00-04:00,77.54000091552734,77.66000366210938,77.51499938964844,77.56999969482422,146886.0
2026-07-02T14:15:00-04:00,77.56999969482422,77.57499694824219,77.37000274658203,77.48500061035156,99555.0
2026-07-02T14:20:00-04:00,77.4800033569336,77.56999969482422,77.45500183105469,77.55999755859375,91838.0
2026-07-02T14:25:00-04:00,77.55500030517578,77.7699966430664,77.54000091552734,77.7699966430664,114972.0
2026-07-02T14:30:00-04:00,77.7699966430664,77.9999008178711,77.76499938964844,77.91000366210938,174426.0
2026-07-02T14:35:00-04:00,77.91999816894531,77.9749984741211,77.8499984741211,77.95999908447266,111565.0
2026-07-02T14:40:00-04:00,77.95999908447266,77.98999786376953,77.8550033569336,77.8550033569336,103349.0
2026-07-02T14:45:00-04:00,77.85800170898438,77.875,77.75,77.86000061035156,109228.0
2026-07-02T14:50:00-04:00,77.86000061035156,77.93000030517578,77.77999877929688,77.79000091552734,94947.0
2026-07-02T14:55:00-04:00,77.78009796142578,77.86499786376953,77.73999786376953,77.86000061035156,90593.0
2026-07-02T15:00:00-04:00,77.87000274658203,77.93499755859375,77.58999633789062,77.62000274658203,121192.0
2026-07-02T15:05:00-04:00,77.62999725341797,77.7300033569336,77.55999755859375,77.5999984741211,99582.0
2026-07-02T15:10:00-04:00,77.5999984741211,77.5999984741211,77.38999938964844,77.41500091552734,218171.0
2026-07-02T15:15:00-04:00,77.41999816894531,77.44000244140625,77.2750015258789,77.33499908447266,114433.0
2026-07-02T15:20:00-04:00,77.33560180664062,77.3499984741211,77.23999786376953,77.31999969482422,221072.0
2026-07-02T15:25:00-04:00,77.32499694824219,77.5999984741211,77.24500274658203,77.54499816894531,187966.0
2026-07-02T15:30:00-04:00,77.55000305175781,77.67500305175781,77.5,77.5999984741211,176183.0
2026-07-02T15:35:00-04:00,77.61000061035156,77.65499877929688,77.54000091552734,77.61000061035156,130862.0
2026-07-02T15:40:00-04:00,77.62000274658203,77.80999755859375,77.5999984741211,77.7300033569336,248463.0
2026-07-02T15:45:00-04:00,77.73999786376953,77.96499633789062,77.73999786376953,77.96499633789062,441805.0
2026-07-02T15:50:00-04:00,77.9800033569336,78.31999969482422,77.9800033569336,78.31999969482422,374971.0
2026-07-02T15:55:00-04:00,78.31999969482422,78.47000122070312,78.08999633789062,78.40499877929688,1785503.0
2026-07-06T09:30:00-04:00,79.5199966430664,80.18000030517578,79.44499969482422,79.49500274658203,1409795.0
2026-07-06T09:35:00-04:00,79.49500274658203,79.69000244140625,79.12999725341797,79.32499694824219,793729.0
2026-07-06T09:40:00-04:00,79.33000183105469,79.5,78.87999725341797,79.2699966430664,375999.0
2026-07-06T09:45:00-04:00,79.27999877929688,79.28500366210938,78.80000305175781,78.90499877929688,227278.0
2026-07-06T09:50:00-04:00,78.91999816894531,79.0,78.7300033569336,78.75199890136719,276620.0
2026-07-06T09:55:00-04:00,78.75,78.79000091552734,78.25,78.69000244140625,406035.0
2026-07-06T10:00:00-04:00,78.68000030517578,78.69000244140625,78.16010284423828,78.18499755859375,296057.0
2026-07-06T10:05:00-04:00,78.15499877929688,78.2300033569336,77.68000030517578,77.92500305175781,335670.0
2026-07-06T10:10:00-04:00,77.91999816894531,78.12999725341797,77.73999786376953,77.87000274658203,259156.0
2026-07-06T10:15:00-04:00,77.87000274658203,77.87000274658203,77.5,77.66000366210938,184381.0
2026-07-06T10:20:00-04:00,77.68000030517578,78.04000091552734,77.6500015258789,77.87999725341797,221177.0
2026-07-06T10:25:00-04:00,77.88999938964844,78.29000091552734,77.88999938964844,78.23999786376953,138172.0
2026-07-06T10:30:00-04:00,78.25,78.2699966430664,78.07499694824219,78.23999786376953,164967.0
2026-07-06T10:35:00-04:00,78.2300033569336,78.2300033569336,77.95999908447266,78.0,162206.0
2026-07-06T10:40:00-04:00,77.95999908447266,77.98999786376953,77.81999969482422,77.87000274658203,99697.0
2026-07-06T10:45:00-04:00,77.86000061035156,77.95999908447266,77.75,77.8499984741211,117183.0
2026-07-06T10:50:00-04:00,77.8499984741211,78.13500213623047,77.8499984741211,78.07499694824219,142280.0
2026-07-06T10:55:00-04:00,78.08999633789062,78.33000183105469,78.01000213623047,78.31999969482422,95458.0
2026-07-06T11:00:00-04:00,78.31999969482422,78.54499816894531,78.23999786376953,78.51000213623047,147067.0
2026-07-06T11:05:00-04:00,78.51000213623047,78.63500213623047,78.45999908447266,78.55000305175781,150734.0
2026-07-06T11:10:00-04:00,78.55000305175781,78.58000183105469,78.43000030517578,78.4800033569336,139855.0
2026-07-06T11:15:00-04:00,78.47000122070312,78.51000213623047,78.37000274658203,78.44499969482422,110944.0
2026-07-06T11:20:00-04:00,78.43000030517578,78.45999908447266,78.36499786376953,78.36499786376953,114493.0
2026-07-06T11:25:00-04:00,78.37000274658203,78.44000244140625,78.2750015258789,78.43000030517578,130926.0
2026-07-06T11:30:00-04:00,78.41000366210938,78.50499725341797,78.4000015258789,78.5,140508.0
2026-07-06T11:35:00-04:00,78.5,78.57499694824219,78.4000015258789,78.55970001220703,85914.0
2026-07-06T11:40:00-04:00,78.55500030517578,78.62000274658203,78.48999786376953,78.55999755859375,90073.0
2026-07-06T11:45:00-04:00,78.55999755859375,78.58000183105469,78.40499877929688,78.49500274658203,112308.0
2026-07-06T11:50:00-04:00,78.48999786376953,78.51499938964844,78.33000183105469,78.37000274658203,95574.0
2026-07-06T11:55:00-04:00,78.37999725341797,78.41999816894531,78.31999969482422,78.41500091552734,99141.0
2026-07-06T12:00:00-04:00,78.4000015258789,78.43000030517578,78.25,78.29000091552734,88368.0
2026-07-06T12:05:00-04:00,78.29000091552734,78.33999633789062,78.25,78.30999755859375,86092.0
2026-07-06T12:10:00-04:00,78.30000305175781,78.31500244140625,78.1050033569336,78.1050033569336,103026.0
2026-07-06T12:15:00-04:00,78.11000061035156,78.20500183105469,78.08999633789062,78.19000244140625,87185.0
2026-07-06T12:20:00-04:00,78.19999694824219,78.20999908447266,78.13999938964844,78.18499755859375,53577.0
2026-07-06T12:25:00-04:00,78.18000030517578,78.18000030517578,78.08499908447266,78.15499877929688,98117.0
2026-07-06T12:30:00-04:00,78.15499877929688,78.33000183105469,78.12999725341797,78.30999755859375,111058.0
2026-07-06T12:35:00-04:00,78.31999969482422,78.38500213623047,78.29000091552734,78.3499984741211,60386.0
2026-07-06T12:40:00-04:00,78.3499984741211,78.3499984741211,78.30000305175781,78.33000183105469,50845.0
2026-07-06T12:45:00-04:00,78.32499694824219,78.36000061035156,78.27999877929688,78.36000061035156,55963.0
2026-07-06T12:50:00-04:00,78.37000274658203,78.44999694824219,78.3550033569336,78.36000061035156,70961.0
2026-07-06T12:55:00-04:00,78.3550033569336,78.38500213623047,78.30999755859375,78.36000061035156,84059.0
2026-07-06T13:00:00-04:00,78.3499984741211,78.38999938964844,78.20999908447266,78.21499633789062,93903.0
2026-07-06T13:05:00-04:00,78.21499633789062,78.43000030517578,78.20999908447266,78.41999816894531,89488.0
2026-07-06T13:10:00-04:00,78.41000366210938,78.44989776611328,78.30000305175781,78.44499969482422,51250.0
2026-07-06T13:15:00-04:00,78.44000244140625,78.44499969482422,78.29000091552734,78.30000305175781,49811.0
2026-07-06T13:20:00-04:00,78.29000091552734,78.4000015258789,78.22000122070312,78.3949966430664,73687.0
2026-07-06T13:25:00-04:00,78.41000366210938,78.5199966430664,78.3949966430664,78.41000366210938,77947.0
2026-07-06T13:30:00-04:00,78.41000366210938,78.42500305175781,78.30999755859375,78.36499786376953,53658.0
2026-07-06T13:35:00-04:00,78.36499786376953,78.375,78.27999877929688,78.31999969482422,45812.0
2026-07-06T13:40:00-04:00,78.30999755859375,78.31500244140625,78.17500305175781,78.26499938964844,58307.0
2026-07-06T13:45:00-04:00,78.26000213623047,78.44000244140625,78.22000122070312,78.43499755859375,29059.0
2026-07-06T13:50:00-04:00,78.43000030517578,78.53990173339844,78.4000015258789,78.48999786376953,57305.0
2026-07-06T13:55:00-04:00,78.48999786376953,78.56999969482422,78.47000122070312,78.55000305175781,86683.0
2026-07-06T14:00:00-04:00,78.55999755859375,78.58999633789062,78.42500305175781,78.45999908447266,66124.0
2026-07-06T14:05:00-04:00,78.45999908447266,78.56999969482422,78.44000244140625,78.56999969482422,30809.0
2026-07-06T14:10:00-04:00,78.56999969482422,78.58000183105469,78.48500061035156,78.51499938964844,55276.0
2026-07-06T14:15:00-04:00,78.52999877929688,78.72000122070312,78.5199966430664,78.70999908447266,55646.0
2026-07-06T14:20:00-04:00,78.69999694824219,78.8499984741211,78.68499755859375,78.83999633789062,57693.0
2026-07-06T14:25:00-04:00,78.8499984741211,78.95999908447266,78.83000183105469,78.93499755859375,76174.0
2026-07-06T14:30:00-04:00,78.92500305175781,79.01799774169922,78.87999725341797,78.95999908447266,82236.0
2026-07-06T14:35:00-04:00,78.95999908447266,79.1449966430664,78.8499984741211,78.87000274658203,225887.0
2026-07-06T14:40:00-04:00,78.87000274658203,78.91000366210938,78.77999877929688,78.77999877929688,118551.0
2026-07-06T14:45:00-04:00,78.77999877929688,78.83000183105469,78.75,78.81500244140625,73912.0
2026-07-06T14:50:00-04:00,78.80999755859375,78.83000183105469,78.73999786376953,78.75499725341797,117738.0
2026-07-06T14:55:00-04:00,78.75,78.80999755859375,78.69000244140625,78.77999877929688,38855.0
2026-07-06T15:00:00-04:00,78.79000091552734,78.8550033569336,78.74019622802734,78.76499938964844,84579.0
2026-07-06T15:05:00-04:00,78.76000213623047,78.78500366210938,78.70500183105469,78.7699966430664,51494.0
2026-07-06T15:10:00-04:00,78.79000091552734,78.80999755859375,78.75,78.77999877929688,56401.0
2026-07-06T15:15:00-04:00,78.77999877929688,78.91000366210938,78.75,78.8949966430664,76196.0
2026-07-06T15:20:00-04:00,78.8949966430664,79.02999877929688,78.875,79.02999877929688,84179.0
2026-07-06T15:25:00-04:00,79.0260009765625,79.13999938964844,79.0260009765625,79.05000305175781,308712.0
2026-07-06T15:30:00-04:00,79.05000305175781,79.06999969482422,78.95500183105469,79.06999969482422,163056.0
2026-07-06T15:35:00-04:00,79.06500244140625,79.06500244140625,78.87000274658203,78.87999725341797,135038.0
2026-07-06T15:40:00-04:00,78.87999725341797,78.98999786376953,78.8550033569336,78.98500061035156,138179.0
2026-07-06T15:45:00-04:00,78.98999786376953,79.0999984741211,78.98500061035156,79.04499816894531,147319.0
2026-07-06T15:50:00-04:00,79.04000091552734,79.06500244140625,78.82499694824219,78.94000244140625,323218.0
2026-07-06T15:55:00-04:00,78.93000030517578,78.94000244140625,78.62999725341797,78.73999786376953,694227.0
2026-07-07T09:30:00-04:00,78.3499984741211,78.38999938964844,77.70999908447266,78.20020294189453,1087969.0
2026-07-07T09:35:00-04:00,78.19999694824219,78.7300033569336,77.94000244140625,78.33999633789062,447197.0
2026-07-07T09:40:00-04:00,78.33000183105469,78.79000091552734,78.13999938964844,78.55999755859375,172057.0
2026-07-07T09:45:00-04:00,78.54000091552734,78.58000183105469,78.0,78.07430267333984,154541.0
2026-07-07T09:50:00-04:00,78.08000183105469,78.15499877929688,77.80000305175781,77.93499755859375,263272.0
2026-07-07T09:55:00-04:00,77.93499755859375,77.96499633789062,77.51000213623047,77.60459899902344,207513.0
2026-07-07T10:00:00-04:00,77.58999633789062,77.69999694824219,77.37000274658203,77.44999694824219,183964.0
2026-07-07T10:05:00-04:00,77.47000122070312,77.4800033569336,76.93000030517578,77.15499877929688,299120.0
2026-07-07T10:10:00-04:00,77.1500015258789,77.16000366210938,76.52347564697266,76.54000091552734,383641.0
2026-07-07T10:15:00-04:00,76.55999755859375,76.66000366210938,76.34500122070312,76.6449966430664,315286.0
2026-07-07T10:20:00-04:00,76.6500015258789,76.7300033569336,76.0999984741211,76.11000061035156,213194.0
2026-07-07T10:25:00-04:00,76.0999984741211,76.33000183105469,75.93000030517578,76.30999755859375,270909.0
2026-07-07T10:30:00-04:00,76.31999969482422,76.45999908447266,76.0999984741211,76.19000244140625,210415.0
2026-07-07T10:35:00-04:00,76.18000030517578,76.19000244140625,75.94999694824219,76.0,169442.0
2026-07-07T10:40:00-04:00,75.98999786376953,76.12000274658203,75.87000274658203,76.03500366210938,242660.0
2026-07-07T10:45:00-04:00,76.04000091552734,76.31999969482422,76.0,76.31999969482422,247911.0
2026-07-07T10:50:00-04:00,76.33000183105469,76.41999816894531,76.23999786376953,76.29000091552734,165789.0
2026-07-07T10:55:00-04:00,76.31999969482422,76.37999725341797,76.1500015258789,76.25,143458.0
2026-07-07T11:00:00-04:00,76.25,76.31999969482422,76.20999908447266,76.2699966430664,186832.0
2026-07-07T11:05:00-04:00,76.27159881591797,76.58000183105469,76.22000122070312,76.55000305175781,172536.0
2026-07-07T11:10:00-04:00,76.55000305175781,76.55999755859375,76.25,76.25,129891.0
2026-07-07T11:15:00-04:00,76.25,76.25,76.03500366210938,76.07499694824219,137878.0
2026-07-07T11:20:00-04:00,76.08999633789062,76.19000244140625,76.04000091552734,76.16000366210938,76575.0
2026-07-07T11:25:00-04:00,76.1500015258789,76.22000122070312,76.11000061035156,76.19000244140625,70245.0
2026-07-07T11:30:00-04:00,76.19999694824219,76.28500366210938,76.13999938964844,76.13999938964844,136877.0
2026-07-07T11:35:00-04:00,76.11000061035156,76.13500213623047,76.05000305175781,76.05999755859375,92462.0
2026-07-07T11:40:00-04:00,76.06639862060547,76.11000061035156,75.9800033569336,76.11000061035156,122555.0
2026-07-07T11:45:00-04:00,76.09719848632812,76.29000091552734,76.04000091552734,76.04000091552734,121303.0
2026-07-07T11:50:00-04:00,76.02999877929688,76.20500183105469,76.01000213623047,76.0999984741211,118749.0
2026-07-07T11:55:00-04:00,76.0999984741211,76.11000061035156,75.94999694824219,76.06999969482422,130569.0
2026-07-07T12:00:00-04:00,76.08000183105469,76.20999908447266,76.06999969482422,76.18000030517578,70392.0
2026-07-07T12:05:00-04:00,76.19000244140625,76.37999725341797,76.16999816894531,76.2750015258789,194429.0
2026-07-07T12:10:00-04:00,76.27999877929688,76.37999725341797,76.27999877929688,76.37000274658203,66587.0
2026-07-07T12:15:00-04:00,76.37000274658203,76.5199966430664,76.3499984741211,76.51010131835938,60488.0
2026-07-07T12:20:00-04:00,76.5199966430664,76.72000122070312,76.5199966430664,76.61499786376953,104942.0
2026-07-07T12:25:00-04:00,76.62000274658203,76.84500122070312,76.61000061035156,76.7750015258789,89207.0
2026-07-07T12:30:00-04:00,76.76000213623047,76.875,76.63999938964844,76.66000366210938,156306.0
2026-07-07T12:35:00-04:00,76.65499877929688,76.69000244140625,76.56999969482422,76.5999984741211,151317.0
2026-07-07T12:40:00-04:00,76.5999984741211,76.66999816894531,76.48999786376953,76.59500122070312,116409.0
2026-07-07T12:45:00-04:00,76.5999984741211,76.63999938964844,76.5199966430664,76.5999984741211,56234.0
2026-07-07T12:50:00-04:00,76.5999984741211,76.66000366210938,76.54000091552734,76.55000305175781,65956.0
2026-07-07T12:55:00-04:00,76.55000305175781,76.58999633789062,76.4749984741211,76.58499908447266,52043.0
2026-07-07T13:00:00-04:00,76.58999633789062,76.62999725341797,76.55000305175781,76.59049987792969,47638.0
2026-07-07T13:05:00-04:00,76.61000061035156,76.67500305175781,76.54499816894531,76.62000274658203,61267.0
2026-07-07T13:10:00-04:00,76.62000274658203,76.62999725341797,76.4749984741211,76.51000213623047,53031.0
2026-07-07T13:15:00-04:00,76.5199966430664,76.55500030517578,76.44499969482422,76.55500030517578,108350.0
2026-07-07T13:20:00-04:00,76.55999755859375,76.71990203857422,76.55500030517578,76.6500015258789,53633.0
2026-07-07T13:25:00-04:00,76.6449966430664,76.70999908447266,76.58999633789062,76.70999908447266,47430.0
2026-07-07T13:30:00-04:00,76.73999786376953,76.78500366210938,76.71499633789062,76.75509643554688,51605.0
2026-07-07T13:35:00-04:00,76.76000213623047,76.82499694824219,76.75499725341797,76.81009674072266,37914.0
2026-07-07T13:40:00-04:00,76.80999755859375,76.91999816894531,76.80500030517578,76.88999938964844,38656.0
2026-07-07T13:45:00-04:00,76.9000015258789,76.91000366210938,76.7699966430664,76.80500030517578,82453.0
2026-07-07T13:50:00-04:00,76.80500030517578,76.80500030517578,76.67500305175781,76.72000122070312,74640.0
2026-07-07T13:55:00-04:00,76.72000122070312,76.7300033569336,76.66500091552734,76.7300033569336,76411.0
2026-07-07T14:00:00-04:00,76.73500061035156,76.76000213623047,76.54000091552734,76.58000183105469,139795.0
2026-07-07T14:05:00-04:00,76.58000183105469,76.5999984741211,76.4800033569336,76.51000213623047,99879.0
2026-07-07T14:10:00-04:00,76.51000213623047,76.61000061035156,76.48999786376953,76.54000091552734,85073.0
2026-07-07T14:15:00-04:00,76.53500366210938,76.57499694824219,76.4800033569336,76.55500030517578,123852.0
2026-07-07T14:20:00-04:00,76.55500030517578,76.63999938964844,76.53500366210938,76.56500244140625,79605.0
2026-07-07T14:25:00-04:00,76.55999755859375,76.62999725341797,76.5,76.51000213623047,91997.0
2026-07-07T14:30:00-04:00,76.5,76.55000305175781,76.3550033569336,76.4000015258789,265900.0
2026-07-07T14:35:00-04:00,76.38999938964844,76.5,76.375,76.4749984741211,93251.0
2026-07-07T14:40:00-04:00,76.4749984741211,76.4800033569336,76.36000061035156,76.41999816894531,80374.0
2026-07-07T14:45:00-04:00,76.43000030517578,76.44999694824219,76.12999725341797,76.2300033569336,126592.0
2026-07-07T14:50:00-04:00,76.2249984741211,76.25900268554688,76.02999877929688,76.05999755859375,148201.0
2026-07-07T14:55:00-04:00,76.06500244140625,76.12999725341797,75.98999786376953,76.01000213623047,143506.0
2026-07-07T15:00:00-04:00,76.0,76.01000213623047,75.66000366210938,75.87999725341797,278591.0
2026-07-07T15:05:00-04:00,75.875,75.94000244140625,75.52999877929688,75.56500244140625,418241.0
2026-07-07T15:10:00-04:00,75.56999969482422,75.60990142822266,75.44000244140625,75.54499816894531,417485.0
2026-07-07T15:15:00-04:00,75.54000091552734,75.54000091552734,75.12999725341797,75.36499786376953,471738.0
2026-07-07T15:20:00-04:00,75.36000061035156,75.50499725341797,75.29000091552734,75.44999694824219,267129.0
2026-07-07T15:25:00-04:00,75.44499969482422,75.56999969482422,75.32499694824219,75.4749984741211,308821.0
2026-07-07T15:30:00-04:00,75.47000122070312,75.7300033569336,75.46499633789062,75.72000122070312,286876.0
2026-07-07T15:35:00-04:00,75.70999908447266,75.71499633789062,75.53500366210938,75.59500122070312,294738.0
2026-07-07T15:40:00-04:00,75.58999633789062,75.5999984741211,75.48999786376953,75.55000305175781,349431.0
2026-07-07T15:45:00-04:00,75.54000091552734,75.7300033569336,75.53500366210938,75.69999694824219,451410.0
2026-07-07T15:50:00-04:00,75.70999908447266,75.84500122070312,75.55999755859375,75.84500122070312,696561.0
2026-07-07T15:55:00-04:00,75.83999633789062,75.9800033569336,75.74500274658203,75.80999755859375,1700600.0
2026-07-08T09:30:00-04:00,74.08999633789062,74.73999786376953,73.68000030517578,74.68000030517578,1601736.0
2026-07-08T09:35:00-04:00,74.66999816894531,74.76000213623047,74.37999725341797,74.70999908447266,352711.0
2026-07-08T09:40:00-04:00,74.69999694824219,74.69999694824219,74.30000305175781,74.41000366210938,280005.0
2026-07-08T09:45:00-04:00,74.4000015258789,74.80999755859375,74.13999938964844,74.13999938964844,354342.0
2026-07-08T09:50:00-04:00,74.13999938964844,74.38999938964844,74.08000183105469,74.26499938964844,217094.0
2026-07-08T09:55:00-04:00,74.25,74.375,73.97000122070312,74.27999877929688,344216.0
2026-07-08T10:00:00-04:00,74.27999877929688,74.27999877929688,73.98500061035156,74.08999633789062,216976.0
2026-07-08T10:05:00-04:00,74.0999984741211,74.13999938964844,73.83000183105469,74.0,276806.0
2026-07-08T10:10:00-04:00,73.98999786376953,74.0199966430664,73.52999877929688,73.61000061035156,443252.0
2026-07-08T10:15:00-04:00,73.61000061035156,73.6500015258789,73.30000305175781,73.37000274658203,701073.0
2026-07-08T10:20:00-04:00,73.3499984741211,73.73999786376953,73.30500030517578,73.6500015258789,236031.0
2026-07-08T10:25:00-04:00,73.6500015258789,73.83999633789062,73.58000183105469,73.74500274658203,231112.0
2026-07-08T10:30:00-04:00,73.74500274658203,73.79499816894531,73.30999755859375,73.5,845459.0
2026-07-08T10:35:00-04:00,73.48999786376953,73.54000091552734,73.24500274658203,73.31500244140625,405614.0
2026-07-08T10:40:00-04:00,73.30999755859375,73.37999725341797,72.76029968261719,72.79499816894531,697717.0
2026-07-08T10:45:00-04:00,72.79499816894531,72.80999755859375,72.49500274658203,72.5,627918.0
2026-07-08T10:50:00-04:00,72.49500274658203,72.91000366210938,72.49500274658203,72.81500244140625,500794.0
2026-07-08T10:55:00-04:00,72.80999755859375,72.8499984741211,72.62000274658203,72.75,243614.0
2026-07-08T11:00:00-04:00,72.75,72.83000183105469,72.68000030517578,72.73500061035156,190096.0
2026-07-08T11:05:00-04:00,72.72000122070312,72.95999908447266,72.6050033569336,72.6050033569336,235296.0
2026-07-08T11:10:00-04:00,72.6050033569336,72.62999725341797,72.37000274658203,72.38999938964844,312930.0
2026-07-08T11:15:00-04:00,72.4000015258789,72.43749237060547,72.125,72.29000091552734,363870.0
2026-07-08T11:20:00-04:00,72.29000091552734,72.32499694824219,71.88999938964844,71.94999694824219,389539.0
2026-07-08T11:25:00-04:00,71.95999908447266,72.1050033569336,71.91500091552734,72.08000183105469,308097.0
2026-07-08T11:30:00-04:00,72.08499908447266,72.11000061035156,71.94000244140625,72.08999633789062,267082.0
2026-07-08T11:35:00-04:00,72.0999984741211,72.20999908447266,72.08000183105469,72.0999984741211,284763.0
2026-07-08T11:40:00-04:00,72.1050033569336,72.30999755859375,72.1050033569336,72.29499816894531,292283.0
2026-07-08T11:45:00-04:00,72.29000091552734,72.29000091552734,72.05500030517578,72.13999938964844,174137.0
2026-07-08T11:50:00-04:00,72.13500213623047,72.1500015258789,72.03500366210938,72.12000274658203,217782.0
2026-07-08T11:55:00-04:00,72.11499786376953,72.19999694824219,72.02999877929688,72.18499755859375,320255.0
2026-07-08T12:00:00-04:00,72.19000244140625,72.31500244140625,72.17500305175781,72.30000305175781,412226.0
2026-07-08T12:05:00-04:00,72.30000305175781,72.44000244140625,72.29000091552734,72.42500305175781,185792.0
2026-07-08T12:10:00-04:00,72.43000030517578,72.55999755859375,72.43000030517578,72.54000091552734,288967.0
2026-07-08T12:15:00-04:00,72.53690338134766,72.69999694824219,72.51000213623047,72.67510223388672,275571.0
2026-07-08T12:20:00-04:00,72.66999816894531,72.81999969482422,72.66999816894531,72.70999908447266,212856.0
2026-07-08T12:25:00-04:00,72.70999908447266,72.8499984741211,72.66999816894531,72.79000091552734,184809.0
2026-07-08T12:30:00-04:00,72.77999877929688,72.93000030517578,72.76000213623047,72.7699966430664,124529.0
2026-07-08T12:35:00-04:00,72.76000213623047,72.88999938964844,72.59200286865234,72.73999786376953,235169.0
2026-07-08T12:40:00-04:00,72.73999786376953,73.08999633789062,72.66999816894531,73.05999755859375,351973.0
2026-07-08T12:45:00-04:00,73.05999755859375,73.16000366210938,72.98999786376953,73.1500015258789,178250.0
2026-07-08T12:50:00-04:00,73.16000366210938,73.36000061035156,73.12999725341797,73.30000305175781,151003.0
2026-07-08T12:55:00-04:00,73.30999755859375,73.43000030517578,73.30999755859375,73.31279754638672,190542.0
2026-07-08T13:00:00-04:00,73.31500244140625,73.33000183105469,73.16999816894531,73.2699966430664,262514.0
2026-07-08T13:05:00-04:00,73.26499938964844,73.55000305175781,73.26499938964844,73.48999786376953,196601.0
2026-07-08T13:10:00-04:00,73.48500061035156,73.48500061035156,73.30999755859375,73.31500244140625,122353.0
2026-07-08T13:15:00-04:00,73.31999969482422,73.41000366210938,73.29000091552734,73.31999969482422,89882.0
2026-07-08T13:20:00-04:00,73.31999969482422,73.53900146484375,73.29000091552734,73.52999877929688,119505.0
2026-07-08T13:25:00-04:00,73.52999877929688,73.68000030517578,73.5,73.62000274658203,139133.0
2026-07-08T13:30:00-04:00,73.625,73.70999908447266,73.51499938964844,73.55000305175781,141670.0
2026-07-08T13:35:00-04:00,73.55500030517578,73.58499908447266,73.3949966430664,73.40499877929688,189010.0
2026-07-08T13:40:00-04:00,73.40499877929688,73.40499877929688,73.30500030517578,73.32499694824219,121167.0
2026-07-08T13:45:00-04:00,73.30999755859375,73.32499694824219,73.22000122070312,73.22000122070312,71315.0
2026-07-08T13:50:00-04:00,73.22000122070312,73.38500213623047,73.20999908447266,73.2750015258789,87240.0
2026-07-08T13:55:00-04:00,73.27999877929688,73.30000305175781,73.18499755859375,73.29000091552734,92877.0
2026-07-08T14:00:00-04:00,73.27999877929688,73.51000213623047,73.1500015258789,73.37000274658203,175088.0
2026-07-08T14:05:00-04:00,73.36499786376953,73.43000030517578,73.20999908447266,73.30000305175781,205329.0
2026-07-08T14:10:00-04:00,73.29000091552734,73.5,73.2699966430664,73.5,108580.0
2026-07-08T14:15:00-04:00,73.48999786376953,73.5,73.26000213623047,73.30999755859375,131548.0
2026-07-08T14:20:00-04:00,73.30999755859375,73.33000183105469,73.23999786376953,73.30999755859375,104888.0
2026-07-08T14:25:00-04:00,73.30999755859375,73.37000274658203,73.26499938964844,73.31999969482422,80766.0
2026-07-08T14:30:00-04:00,73.31999969482422,73.34500122070312,73.20500183105469,73.21659851074219,108167.0
2026-07-08T14:35:00-04:00,73.22000122070312,73.34839630126953,73.18000030517578,73.30000305175781,161436.0
2026-07-08T14:40:00-04:00,73.30049896240234,73.37999725341797,73.26499938964844,73.37999725341797,92141.0
2026-07-08T14:45:00-04:00,73.37000274658203,73.6500015258789,73.36000061035156,73.63999938964844,138484.0
2026-07-08T14:50:00-04:00,73.62999725341797,73.63999938964844,73.46499633789062,73.48999786376953,158989.0
2026-07-08T14:55:00-04:00,73.4800033569336,73.4800033569336,73.375,73.47000122070312,87444.0
2026-07-08T15:00:00-04:00,73.48500061035156,73.61000061035156,73.45500183105469,73.50499725341797,276645.0
2026-07-08T15:05:00-04:00,73.49500274658203,73.625,73.47000122070312,73.57499694824219,138233.0
2026-07-08T15:10:00-04:00,73.57499694824219,73.58000183105469,73.44499969482422,73.5,151987.0
2026-07-08T15:15:00-04:00,73.50499725341797,73.50499725341797,73.41500091552734,73.47000122070312,120639.0
2026-07-08T15:20:00-04:00,73.46499633789062,73.5199966430664,73.3949966430664,73.44499969482422,186191.0
2026-07-08T15:25:00-04:00,73.44999694824219,73.55000305175781,73.40499877929688,73.5199966430664,145307.0
2026-07-08T15:30:00-04:00,73.51499938964844,73.58999633789062,73.41999816894531,73.44499969482422,220046.0
2026-07-08T15:35:00-04:00,73.44000244140625,73.5199966430664,73.40499877929688,73.46499633789062,225587.0
2026-07-08T15:40:00-04:00,73.46499633789062,73.57499694824219,73.43499755859375,73.55999755859375,255271.0
2026-07-08T15:45:00-04:00,73.55500030517578,73.55500030517578,73.38500213623047,73.3949966430664,375919.0
2026-07-08T15:50:00-04:00,73.38999938964844,73.54499816894531,73.33999633789062,73.54499816894531,420272.0
2026-07-08T15:55:00-04:00,73.55000305175781,73.57499694824219,73.45999908447266,73.54000091552734,1263038.0
2026-07-09T09:30:00-04:00,75.1500015258789,75.23999786376953,74.41000366210938,74.44999694824219,1307433.0
2026-07-09T09:35:00-04:00,74.44999694824219,74.75,74.31999969482422,74.68000030517578,253042.0
2026-07-09T09:40:00-04:00,74.68000030517578,75.20999908447266,74.48999786376953,75.12000274658203,272974.0
2026-07-09T09:45:00-04:00,75.11000061035156,75.12000274658203,74.79000091552734,74.88999938964844,213160.0
2026-07-09T09:50:00-04:00,74.9000015258789,75.31999969482422,74.76000213623047,75.20999908447266,316780.0
2026-07-09T09:55:00-04:00,75.20999908447266,75.37000274658203,75.16000366210938,75.16000366210938,189443.0
2026-07-09T10:00:00-04:00,75.16000366210938,75.5,75.0999984741211,75.4800033569336,185157.0
2026-07-09T10:05:00-04:00,75.48999786376953,75.55999755859375,75.23999786376953,75.30000305175781,199313.0
2026-07-09T10:10:00-04:00,75.30000305175781,75.3550033569336,75.04499816894531,75.2249984741211,478376.0
2026-07-09T10:15:00-04:00,75.22000122070312,75.28500366210938,75.01000213623047,75.08999633789062,234821.0
2026-07-09T10:20:00-04:00,75.08000183105469,75.26000213623047,74.87000274658203,75.25499725341797,214370.0
2026-07-09T10:25:00-04:00,75.25,75.55999755859375,75.24009704589844,75.52999877929688,229208.0
2026-07-09T10:30:00-04:00,75.54000091552734,75.56009674072266,75.30000305175781,75.3499984741211,273207.0
2026-07-09T10:35:00-04:00,75.3499984741211,75.47000122070312,75.26499938964844,75.44499969482422,111752.0
2026-07-09T10:40:00-04:00,75.44999694824219,75.5199966430664,75.37000274658203,75.38999938964844,138243.0
2026-07-09T10:45:00-04:00,75.39009857177734,75.51000213623047,75.16999816894531,75.18000030517578,162185.0
2026-07-09T10:50:00-04:00,75.17500305175781,75.17500305175781,74.95999908447266,75.12999725341797,166506.0
2026-07-09T10:55:00-04:00,75.12000274658203,75.33000183105469,74.9800033569336,75.29499816894531,193985.0
2026-07-09T11:00:00-04:00,75.30000305175781,75.42500305175781,75.29000091552734,75.37000274658203,96333.0
2026-07-09T11:05:00-04:00,75.375,75.52999877929688,75.32779693603516,75.33000183105469,316554.0
2026-07-09T11:10:00-04:00,75.33000183105469,75.3550033569336,75.23999786376953,75.2699966430664,96486.0
2026-07-09T11:15:00-04:00,75.26000213623047,75.37999725341797,75.23999786376953,75.29000091552734,74467.0
2026-07-09T11:20:00-04:00,75.29000091552734,75.4800033569336,75.23999786376953,75.45999908447266,76923.0
2026-07-09T11:25:00-04:00,75.44999694824219,75.49500274658203,75.41999816894531,75.4800033569336,110101.0
2026-07-09T11:30:00-04:00,75.4800033569336,75.48999786376953,75.42500305175781,75.4800033569336,123489.0
2026-07-09T11:35:00-04:00,75.4800033569336,75.5999984741211,75.46499633789062,75.5999984741211,186005.0
2026-07-09T11:40:00-04:00,75.59500122070312,75.76000213623047,75.5250015258789,75.75499725341797,164214.0
2026-07-09T11:45:00-04:00,75.75499725341797,75.80999755859375,75.70999908447266,75.73999786376953,115109.0
2026-07-09T11:50:00-04:00,75.73500061035156,75.80000305175781,75.64360046386719,75.66000366210938,177939.0
2026-07-09T11:55:00-04:00,75.66000366210938,75.71499633789062,75.61000061035156,75.70999908447266,93405.0
2026-07-09T12:00:00-04:00,75.70999908447266,75.8499984741211,75.69499969482422,75.80000305175781,111611.0
2026-07-09T12:05:00-04:00,75.80000305175781,75.91500091552734,75.79000091552734,75.9000015258789,91008.0
2026-07-09T12:10:00-04:00,75.8949966430664,75.98999786376953,75.87049865722656,75.96499633789062,95147.0
2026-07-09T12:15:00-04:00,75.96499633789062,76.00499725341797,75.80999755859375,75.83000183105469,194729.0
2026-07-09T12:20:00-04:00,75.83999633789062,75.8499984741211,75.79000091552734,75.80999755859375,77345.0
2026-07-09T12:25:00-04:00,75.80000305175781,75.80000305175781,75.69999694824219,75.77999877929688,67380.0
2026-07-09T12:30:00-04:00,75.77999877929688,75.9000015258789,75.75,75.80000305175781,66096.0
2026-07-09T12:35:00-04:00,75.77999877929688,75.87999725341797,75.7699966430664,75.83499908447266,116096.0
2026-07-09T12:40:00-04:00,75.83000183105469,75.86000061035156,75.81999969482422,75.83000183105469,50837.0
2026-07-09T12:45:00-04:00,75.82499694824219,75.8499984741211,75.7699966430664,75.80799865722656,112256.0
2026-07-09T12:50:00-04:00,75.80999755859375,75.88500213623047,75.79000091552734,75.87030029296875,61943.0
2026-07-09T12:55:00-04:00,75.8770980834961,75.8770980834961,75.7300033569336,75.73999786376953,72914.0
2026-07-09T13:00:00-04:00,75.73999786376953,75.7750015258789,75.70999908447266,75.75,63402.0
2026-07-09T13:05:00-04:00,75.73999786376953,75.7699966430664,75.69000244140625,75.74500274658203,75654.0
2026-07-09T13:10:00-04:00,75.73999786376953,75.75,75.69499969482422,75.72000122070312,115270.0
2026-07-09T13:15:00-04:00,75.71499633789062,75.79499816894531,75.625,75.79499816894531,94546.0
2026-07-09T13:20:00-04:00,75.80000305175781,75.81500244140625,75.73500061035156,75.80000305175781,42919.0
2026-07-09T13:25:00-04:00,75.79000091552734,75.82009887695312,75.74500274658203,75.80999755859375,62898.0
2026-07-09T13:30:00-04:00,75.81500244140625,75.8499984741211,75.74500274658203,75.74500274658203,128842.0
2026-07-09T13:35:00-04:00,75.74500274658203,75.75,75.68000030517578,75.69499969482422,322116.0
2026-07-09T13:40:00-04:00,75.69000244140625,75.7750015258789,75.67500305175781,75.76499938964844,80657.0
2026-07-09T13:45:00-04:00,75.7699966430664,75.95500183105469,75.7699966430664,75.93499755859375,57008.0
2026-07-09T13:50:00-04:00,75.93000030517578,75.9800033569336,75.90499877929688,75.96499633789062,51529.0
2026-07-09T13:55:00-04:00,75.96499633789062,76.03500366210938,75.91999816894531,76.02999877929688,91355.0
2026-07-09T14:00:00-04:00,76.05000305175781,76.05000305175781,75.83000183105469,75.8499984741211,64459.0
2026-07-09T14:05:00-04:00,75.8499984741211,75.94529724121094,75.81310272216797,75.93000030517578,55007.0
2026-07-09T14:10:00-04:00,75.93499755859375,75.94000244140625,75.83000183105469,75.83499908447266,92877.0
2026-07-09T14:15:00-04:00,75.82499694824219,75.83499908447266,75.79000091552734,75.82499694824219,55204.0
2026-07-09T14:20:00-04:00,75.82499694824219,75.83499908447266,75.75,75.82499694824219,74502.0
2026-07-09T14:25:00-04:00,75.82499694824219,75.8550033569336,75.80999755859375,75.81999969482422,94556.0
2026-07-09T14:30:00-04:00,75.81999969482422,75.83499908447266,75.76000213623047,75.79000091552734,144743.0
2026-07-09T14:35:00-04:00,75.78500366210938,75.79000091552734,75.62000274658203,75.66000366210938,103452.0
2026-07-09T14:40:00-04:00,75.6500015258789,75.79499816894531,75.62999725341797,75.70999908447266,106203.0
2026-07-09T14:45:00-04:00,75.70999908447266,75.80500030517578,75.67500305175781,75.80000305175781,60811.0
2026-07-09T14:50:00-04:00,75.79499816894531,75.80999755859375,75.70999908447266,75.7300033569336,124758.0
2026-07-09T14:55:00-04:00,75.7300033569336,75.75,75.69999694824219,75.70999908447266,82637.0
2026-07-09T15:00:00-04:00,75.71499633789062,75.73999786376953,75.6449966430664,75.69229888916016,173942.0
2026-07-09T15:05:00-04:00,75.69499969482422,75.76499938964844,75.67500305175781,75.68000030517578,74108.0
2026-07-09T15:10:00-04:00,75.67500305175781,75.74500274658203,75.66000366210938,75.72000122070312,70600.0
2026-07-09T15:15:00-04:00,75.7300033569336,75.7750015258789,75.69499969482422,75.75499725341797,71667.0
2026-07-09T15:20:00-04:00,75.75499725341797,75.76000213623047,75.62000274658203,75.62999725341797,83604.0
2026-07-09T15:25:00-04:00,75.63999938964844,75.69499969482422,75.62000274658203,75.6500015258789,76625.0
2026-07-09T15:30:00-04:00,75.6500015258789,75.65499877929688,75.55500030517578,75.5999984741211,156614.0
2026-07-09T15:35:00-04:00,75.5999984741211,75.5999984741211,75.45999908447266,75.50499725341797,141216.0
2026-07-09T15:40:00-04:00,75.51000213623047,75.52999877929688,75.46499633789062,75.5082015991211,145281.0
2026-07-09T15:45:00-04:00,75.50499725341797,75.69000244140625,75.5,75.68499755859375,165159.0
2026-07-09T15:50:00-04:00,75.68000030517578,75.71499633789062,75.5199966430664,75.54499816894531,329514.0
2026-07-09T15:55:00-04:00,75.54499816894531,75.88999938964844,75.52999877929688,75.77999877929688,1514270.0
2026-07-10T09:30:00-04:00,75.08999633789062,75.94000244140625,74.98999786376953,75.48500061035156,667172.0
2026-07-10T09:35:00-04:00,75.48500061035156,75.875,75.44999694824219,75.8031005859375,114256.0
2026-07-10T09:40:00-04:00,75.77999877929688,75.80000305175781,75.44999694824219,75.45999908447266,172390.0
2026-07-10T09:45:00-04:00,75.45999908447266,75.68000030517578,75.3499984741211,75.6449966430664,97999.0
2026-07-10T09:50:00-04:00,75.6500015258789,75.69000244140625,75.38999938964844,75.44999694824219,186335.0
2026-07-10T09:55:00-04:00,75.44999694824219,75.45999908447266,75.23999786376953,75.3499984741211,102444.0
2026-07-10T10:00:00-04:00,75.33999633789062,75.41999816894531,75.30000305175781,75.41999816894531,115581.0
2026-07-10T10:05:00-04:00,75.4000015258789,75.52999877929688,75.31999969482422,75.4800033569336,98297.0
2026-07-10T10:10:00-04:00,75.48999786376953,75.54000091552734,75.37999725341797,75.44000244140625,71510.0
2026-07-10T10:15:00-04:00,75.44000244140625,75.66000366210938,75.38999938964844,75.6500015258789,96800.0
2026-07-10T10:20:00-04:00,75.66000366210938,75.76499938964844,75.56999969482422,75.5999984741211,102586.0
2026-07-10T10:25:00-04:00,75.58999633789062,75.95999908447266,75.5199966430664,75.81999969482422,95875.0
2026-07-10T10:30:00-04:00,75.83999633789062,75.94999694824219,74.51000213623047,75.23999786376953,674741.0
2026-07-10T10:35:00-04:00,75.2300033569336,75.68000030517578,75.06999969482422,75.63999938964844,199561.0
2026-07-10T10:40:00-04:00,75.6449966430664,75.66000366210938,75.43000030517578,75.5999984741211,96391.0
2026-07-10T10:45:00-04:00,75.58999633789062,75.80000305175781,75.5,75.77999877929688,87191.0
2026-07-10T10:50:00-04:00,75.77999877929688,75.79000091552734,75.45500183105469,75.45999908447266,85261.0
2026-07-10T10:55:00-04:00,75.47000122070312,75.47000122070312,75.22000122070312,75.2750015258789,154648.0
2026-07-10T11:00:00-04:00,75.2699966430664,75.38999938964844,75.12999725341797,75.23999786376953,103402.0
2026-07-10T11:05:00-04:00,75.26000213623047,75.26000213623047,75.0999984741211,75.0999984741211,85695.0
2026-07-10T11:10:00-04:00,75.11000061035156,75.27999877929688,75.06999969482422,75.11029815673828,59202.0
2026-07-10T11:15:00-04:00,75.12999725341797,75.3499984741211,75.11000061035156,75.2750015258789,82731.0
2026-07-10T11:20:00-04:00,75.2750015258789,75.62999725341797,75.2699966430664,75.61000061035156,156137.0
2026-07-10T11:25:00-04:00,75.62000274658203,75.69000244140625,75.51000213623047,75.56500244140625,82620.0
2026-07-10T11:30:00-04:00,75.58000183105469,75.58000183105469,75.44000244140625,75.52010345458984,48211.0
2026-07-10T11:35:00-04:00,75.52999877929688,75.53500366210938,75.37000274658203,75.41999816894531,50762.0
2026-07-10T11:40:00-04:00,75.41000366210938,75.47000122070312,75.3499984741211,75.47000122070312,46294.0
2026-07-10T11:45:00-04:00,75.4800033569336,75.61000061035156,75.47000122070312,75.5999984741211,85633.0
2026-07-10T11:50:00-04:00,75.5999984741211,75.80999755859375,75.55999755859375,75.80000305175781,49161.0
2026-07-10T11:55:00-04:00,75.80999755859375,75.93000030517578,75.76000213623047,75.93000030517578,64156.0
2026-07-10T12:00:00-04:00,75.94000244140625,76.04000091552734,75.8499984741211,75.87000274658203,64859.0
2026-07-10T12:05:00-04:00,75.87000274658203,75.87000274658203,75.77999877929688,75.8499984741211,30435.0
2026-07-10T12:10:00-04:00,75.83000183105469,75.88999938964844,75.79000091552734,75.83000183105469,33304.0
2026-07-10T12:15:00-04:00,75.84500122070312,75.91000366210938,75.77999877929688,75.78500366210938,42799.0
2026-07-10T12:20:00-04:00,75.79000091552734,75.79499816894531,75.66000366210938,75.7300033569336,55832.0
2026-07-10T12:25:00-04:00,75.75,75.83999633789062,75.72000122070312,75.80000305175781,37184.0
2026-07-10T12:30:00-04:00,75.80000305175781,75.83999633789062,75.76000213623047,75.76000213623047,45495.0
2026-07-10T12:35:00-04:00,75.76000213623047,75.83000183105469,75.7300033569336,75.79499816894531,58352.0
2026-07-10T12:40:00-04:00,75.79000091552734,75.8499984741211,75.76499938964844,75.7699966430664,64295.0
2026-07-10T12:45:00-04:00,75.7750015258789,75.83000183105469,75.7750015258789,75.77999877929688,25175.0
2026-07-10T12:50:00-04:00,75.79000091552734,75.81999969482422,75.6500015258789,75.69000244140625,43369.0
2026-07-10T12:55:00-04:00,75.69000244140625,75.70999908447266,75.63999938964844,75.63999938964844,46353.0
2026-07-10T13:00:00-04:00,75.62999725341797,75.68000030517578,75.5999984741211,75.61000061035156,26640.0
2026-07-10T13:05:00-04:00,75.5999984741211,75.5999984741211,75.5199966430664,75.56500244140625,44417.0
2026-07-10T13:10:00-04:00,75.55999755859375,75.62000274658203,75.55000305175781,75.61000061035156,38402.0
2026-07-10T13:15:00-04:00,75.5999984741211,75.6500015258789,75.58999633789062,75.6050033569336,18862.0
2026-07-10T13:20:00-04:00,75.61000061035156,75.70999908447266,75.5999984741211,75.68000030517578,30311.0
2026-07-10T13:25:00-04:00,75.66999816894531,75.69000244140625,75.5999984741211,75.5999984741211,22027.0
2026-07-10T13:30:00-04:00,75.62000274658203,75.67500305175781,75.5999984741211,75.66000366210938,11081.0
2026-07-10T13:35:00-04:00,75.66000366210938,75.66000366210938,75.59500122070312,75.61000061035156,35516.0
2026-07-10T13:40:00-04:00,75.63999938964844,75.7249984741211,75.62000274658203,75.69000244140625,114157.0
2026-07-10T13:45:00-04:00,75.69000244140625,75.73999786376953,75.68000030517578,75.69999694824219,67026.0
2026-07-10T13:50:00-04:00,75.70999908447266,75.80000305175781,75.70999908447266,75.70999908447266,22222.0
2026-07-10T13:55:00-04:00,75.70999908447266,75.70999908447266,75.55000305175781,75.57499694824219,56970.0
2026-07-10T14:00:00-04:00,75.58999633789062,75.61000061035156,75.5199966430664,75.58999633789062,125487.0
2026-07-10T14:05:00-04:00,75.58999633789062,75.66999816894531,75.58999633789062,75.66000366210938,50311.0
2026-07-10T14:10:00-04:00,75.6500015258789,75.69999694824219,75.5999984741211,75.6449966430664,53916.0
2026-07-10T14:15:00-04:00,75.63999938964844,75.6500015258789,75.5199966430664,75.56999969482422,55151.0
2026-07-10T14:20:00-04:00,75.58000183105469,75.66999816894531,75.58000183105469,75.6500015258789,26226.0
2026-07-10T14:25:00-04:00,75.63999938964844,75.68499755859375,75.625,75.63999938964844,44892.0
2026-07-10T14:30:00-04:00,75.63999938964844,75.68000030517578,75.63999938964844,75.66560363769531,22601.0
2026-07-10T14:35:00-04:00,75.66000366210938,75.68000030517578,75.55999755859375,75.55999755859375,24552.0
2026-07-10T14:40:00-04:00,75.56999969482422,75.58000183105469,75.5,75.52999877929688,41269.0
2026-07-10T14:45:00-04:00,75.52989959716797,75.54000091552734,75.48999786376953,75.51000213623047,20901.0
2026-07-10T14:50:00-04:00,75.51000213623047,75.54000091552734,75.48999786376953,75.52999877929688,46379.0
2026-07-10T14:55:00-04:00,75.52999877929688,75.59500122070312,75.52999877929688,75.58499908447266,70277.0
2026-07-10T15:00:00-04:00,75.56999969482422,75.58999633789062,75.48999786376953,75.55000305175781,53152.0
2026-07-10T15:05:00-04:00,75.54000091552734,75.6500015258789,75.53500366210938,75.6500015258789,63446.0
2026-07-10T15:10:00-04:00,75.6500015258789,75.72000122070312,75.6500015258789,75.72000122070312,31015.0
2026-07-10T15:15:00-04:00,75.70999908447266,75.76000213623047,75.66000366210938,75.66999816894531,36024.0
2026-07-10T15:20:00-04:00,75.66500091552734,75.69000244140625,75.62999725341797,75.66000366210938,41873.0
2026-07-10T15:25:00-04:00,75.6500015258789,75.7300033569336,75.62000274658203,75.69999694824219,44358.0
2026-07-10T15:30:00-04:00,75.69999694824219,75.72000122070312,75.63500213623047,75.6449966430664,84505.0
2026-07-10T15:35:00-04:00,75.63999938964844,75.69000244140625,75.6050033569336,75.66999816894531,63773.0
2026-07-10T15:40:00-04:00,75.66999816894531,75.7300033569336,75.65499877929688,75.66500091552734,77818.0
2026-07-10T15:45:00-04:00,75.66500091552734,75.73999786376953,75.6500015258789,75.73500061035156,92698.0
2026-07-10T15:50:00-04:00,75.73999786376953,75.74500274658203,75.53500366210938,75.55989837646484,210983.0
2026-07-10T15:55:00-04:00,75.55000305175781,75.56999969482422,75.36000061035156,75.55000305175781,624336.0
2026-07-13T09:30:00-04:00,74.0999984741211,74.63999938964844,73.88999938964844,74.19000244140625,702863.0
2026-07-13T09:35:00-04:00,74.20999908447266,74.52999877929688,73.90499877929688,73.91999816894531,420225.0
2026-07-13T09:40:00-04:00,73.91000366210938,74.06999969482422,73.77999877929688,73.97000122070312,440538.0
2026-07-13T09:45:00-04:00,73.95999908447266,74.36000061035156,73.94000244140625,74.02999877929688,434038.0
2026-07-13T09:50:00-04:00,74.0199966430664,74.12999725341797,73.77999877929688,74.08999633789062,206569.0
2026-07-13T09:55:00-04:00,74.08000183105469,74.12999725341797,73.83000183105469,73.83000183105469,406844.0
2026-07-13T10:00:00-04:00,73.81999969482422,73.91999816894531,73.63500213623047,73.73999786376953,381233.0
2026-07-13T10:05:00-04:00,73.75,73.88999938964844,73.58000183105469,73.86000061035156,176518.0
2026-07-13T10:10:00-04:00,73.8499984741211,74.1500015258789,73.77999877929688,73.98999786376953,172725.0
2026-07-13T10:15:00-04:00,73.97000122070312,74.0999984741211,73.22000122070312,73.91000366210938,694038.0
2026-07-13T10:20:00-04:00,73.91999816894531,74.04000091552734,73.55000305175781,74.0199966430664,219303.0
2026-07-13T10:25:00-04:00,74.01000213623047,74.23999786376953,73.80999755859375,74.0,451434.0
2026-07-13T10:30:00-04:00,73.98999786376953,74.02999877929688,73.86000061035156,74.0,252031.0
2026-07-13T10:35:00-04:00,74.0,74.0,73.71499633789062,73.84500122070312,193546.0
2026-07-13T10:40:00-04:00,73.83000183105469,73.83000183105469,73.48999786376953,73.73999786376953,245069.0
2026-07-13T10:45:00-04:00,73.73999786376953,73.972900390625,73.6500015258789,73.94999694824219,113566.0
2026-07-13T10:50:00-04:00,73.94000244140625,73.98999786376953,73.76000213623047,73.8499984741211,70139.0
2026-07-13T10:55:00-04:00,73.8499984741211,74.0999984741211,73.7300033569336,74.08999633789062,186954.0
2026-07-13T11:00:00-04:00,74.11000061035156,74.20999908447266,73.93000030517578,73.93000030517578,217485.0
2026-07-13T11:05:00-04:00,73.95999908447266,74.0199966430664,73.8499984741211,73.87000274658203,173701.0
2026-07-13T11:10:00-04:00,73.87000274658203,74.0199966430664,73.87000274658203,73.94999694824219,157285.0
2026-07-13T11:15:00-04:00,73.95500183105469,74.04000091552734,73.86000061035156,74.01000213623047,115431.0
2026-07-13T11:20:00-04:00,74.0,74.12000274658203,73.91000366210938,74.08000183105469,183847.0
2026-07-13T11:25:00-04:00,74.08000183105469,74.0999984741211,73.97000122070312,74.06999969482422,135604.0
2026-07-13T11:30:00-04:00,74.06999969482422,74.06999969482422,73.91000366210938,73.91000366210938,121083.0
2026-07-13T11:35:00-04:00,73.91000366210938,73.95500183105469,73.83000183105469,73.83000183105469,108297.0
2026-07-13T11:40:00-04:00,73.83000183105469,73.83000183105469,73.75,73.80000305175781,91082.0
2026-07-13T11:45:00-04:00,73.80000305175781,73.80000305175781,73.70500183105469,73.76499938964844,105936.0
2026-07-13T11:50:00-04:00,73.7699966430664,73.77999877929688,73.62000274658203,73.71499633789062,150433.0
2026-07-13T11:55:00-04:00,73.72000122070312,73.7300033569336,73.61000061035156,73.6449966430664,96810.0
2026-07-13T12:00:00-04:00,73.63999938964844,73.75,73.625,73.69000244140625,63931.0
2026-07-13T12:05:00-04:00,73.69000244140625,73.72000122070312,73.62999725341797,73.68000030517578,54572.0
2026-07-13T12:10:00-04:00,73.68000030517578,73.75,73.6603012084961,73.69499969482422,119362.0
2026-07-13T12:15:00-04:00,73.69499969482422,73.69999694824219,73.58000183105469,73.61000061035156,95055.0
2026-07-13T12:20:00-04:00,73.61000061035156,73.63999938964844,73.5199966430664,73.55000305175781,89648.0
2026-07-13T12:25:00-04:00,73.54000091552734,73.55000305175781,73.37999725341797,73.48999786376953,111005.0
2026-07-13T12:30:00-04:00,73.4800033569336,73.4800033569336,73.06999969482422,73.08000183105469,207401.0
2026-07-13T12:35:00-04:00,73.07990264892578,73.18000030517578,72.83499908447266,73.15499877929688,336352.0
2026-07-13T12:40:00-04:00,73.1500015258789,73.21019744873047,73.08000183105469,73.11499786376953,278542.0
2026-07-13T12:45:00-04:00,73.11499786376953,73.20500183105469,73.07499694824219,73.0999984741211,207587.0
2026-07-13T12:50:00-04:00,73.09500122070312,73.12000274658203,72.91999816894531,73.07499694824219,130452.0
2026-07-13T12:55:00-04:00,73.06999969482422,73.1500015258789,72.95500183105469,73.13999938964844,108634.0
2026-07-13T13:00:00-04:00,73.1500015258789,73.26000213623047,73.12000274658203,73.16000366210938,107581.0
2026-07-13T13:05:00-04:00,73.1500015258789,73.29000091552734,73.11000061035156,73.25,87517.0
2026-07-13T13:10:00-04:00,73.26000213623047,73.29000091552734,73.19000244140625,73.19000244140625,142291.0
2026-07-13T13:15:00-04:00,73.19999694824219,73.2750015258789,73.19000244140625,73.19499969482422,127917.0
2026-07-13T13:20:00-04:00,73.19499969482422,73.24500274658203,73.1449966430664,73.16999816894531,96198.0
2026-07-13T13:25:00-04:00,73.18000030517578,73.19000244140625,73.12000274658203,73.1449966430664,117581.0
2026-07-13T13:30:00-04:00,73.1500015258789,73.2249984741211,73.07499694824219,73.22000122070312,61744.0
2026-07-13T13:35:00-04:00,73.22000122070312,73.22000122070312,73.0999984741211,73.13500213623047,75243.0
2026-07-13T13:40:00-04:00,73.12999725341797,73.20999908447266,73.05999755859375,73.19499969482422,77086.0
2026-07-13T13:45:00-04:00,73.19999694824219,73.2300033569336,73.04000091552734,73.05500030517578,115018.0
2026-07-13T13:50:00-04:00,73.05000305175781,73.08999633789062,72.95999908447266,73.0199966430664,226292.0
2026-07-13T13:55:00-04:00,73.0199966430664,73.05000305175781,72.97000122070312,72.98999786376953,131342.0
2026-07-13T14:00:00-04:00,72.98999786376953,73.11000061035156,72.94999694824219,72.94999694824219,170119.0
2026-07-13T14:05:00-04:00,72.95999908447266,73.11000061035156,72.94999694824219,73.00499725341797,103084.0
2026-07-13T14:10:00-04:00,73.01000213623047,73.06999969482422,72.91999816894531,73.04499816894531,95023.0
2026-07-13T14:15:00-04:00,73.04499816894531,73.06999969482422,72.84500122070312,72.9000015258789,89150.0
2026-07-13T14:20:00-04:00,72.88999938964844,72.97000122070312,72.86000061035156,72.95999908447266,74732.0
2026-07-13T14:25:00-04:00,72.97000122070312,72.98999786376953,72.8949966430664,72.91000366210938,68080.0
2026-07-13T14:30:00-04:00,72.91000366210938,73.01000213623047,72.8499984741211,72.91999816894531,86866.0
2026-07-13T14:35:00-04:00,72.91999816894531,73.08999633789062,72.91999816894531,73.02999877929688,183642.0
2026-07-13T14:40:00-04:00,73.0199966430664,73.08499908447266,72.99500274658203,73.05500030517578,116156.0
2026-07-13T14:45:00-04:00,73.05999755859375,73.19000244140625,73.02999877929688,73.16999816894531,300875.0
2026-07-13T14:50:00-04:00,73.16000366210938,73.28500366210938,73.13999938964844,73.22000122070312,231135.0
2026-07-13T14:55:00-04:00,73.20999908447266,73.2699966430664,73.05999755859375,73.12999725341797,152192.0
2026-07-13T15:00:00-04:00,73.125,73.19999694824219,73.0250015258789,73.1769027709961,103800.0
2026-07-13T15:05:00-04:00,73.17500305175781,73.19499969482422,73.01499938964844,73.02999877929688,207536.0
2026-07-13T15:10:00-04:00,73.0250015258789,73.08000183105469,72.9749984741211,73.04000091552734,119023.0
2026-07-13T15:15:00-04:00,73.04499816894531,73.0999984741211,73.0199966430664,73.05500030517578,83900.0
2026-07-13T15:20:00-04:00,73.05500030517578,73.06999969482422,72.88500213623047,73.0,139287.0
2026-07-13T15:25:00-04:00,72.99500274658203,73.02999877929688,72.9800033569336,73.0,152181.0
2026-07-13T15:30:00-04:00,72.99500274658203,73.0999984741211,72.95999908447266,73.05500030517578,244798.0
2026-07-13T15:35:00-04:00,73.05000305175781,73.0999984741211,72.9800033569336,73.05500030517578,166293.0
2026-07-13T15:40:00-04:00,73.05500030517578,73.2249984741211,73.05000305175781,73.19000244140625,241582.0
2026-07-13T15:45:00-04:00,73.18499755859375,73.20999908447266,73.05000305175781,73.125,259972.0
2026-07-13T15:50:00-04:00,73.12999725341797,73.33999633789062,73.05999755859375,73.30000305175781,476193.0
2026-07-13T15:55:00-04:00,73.29499816894531,73.45500183105469,73.25,73.375,2307674.0
2026-07-14T09:30:00-04:00,76.0999984741211,76.86000061035156,75.94999694824219,76.41000366210938,3087293.0
2026-07-14T09:35:00-04:00,76.41999816894531,76.63999938964844,76.08999633789062,76.625,309644.0
2026-07-14T09:40:00-04:00,76.58999633789062,76.80000305175781,76.44000244140625,76.75,412019.0
2026-07-14T09:45:00-04:00,76.75,76.75,76.33000183105469,76.58000183105469,273185.0
2026-07-14T09:50:00-04:00,76.57499694824219,76.74500274658203,76.23999786376953,76.2699966430664,294641.0
2026-07-14T09:55:00-04:00,76.27999877929688,76.43000030517578,76.125,76.12999725341797,262790.0
2026-07-14T10:00:00-04:00,76.11000061035156,76.4000015258789,75.99199676513672,76.05000305175781,227649.0
2026-07-14T10:05:00-04:00,76.05000305175781,76.3499984741211,76.0,76.25499725341797,199878.0
2026-07-14T10:10:00-04:00,76.26000213623047,76.4000015258789,76.13999938964844,76.30999755859375,257161.0
2026-07-14T10:15:00-04:00,76.30999755859375,76.30999755859375,75.98999786376953,76.11499786376953,245324.0
2026-07-14T10:20:00-04:00,76.0999984741211,76.6050033569336,76.08000183105469,76.23999786376953,179424.0
2026-07-14T10:25:00-04:00,76.26029968261719,76.26029968261719,75.95999908447266,76.06999969482422,158884.0
2026-07-14T10:30:00-04:00,76.06999969482422,76.54000091552734,75.81999969482422,76.2699966430664,381688.0
2026-07-14T10:35:00-04:00,76.26000213623047,76.29000091552734,75.83000183105469,75.9800033569336,243458.0
2026-07-14T10:40:00-04:00,75.98999786376953,76.08000183105469,75.75499725341797,75.75499725341797,149443.0
2026-07-14T10:45:00-04:00,75.77999877929688,75.9800033569336,75.6780014038086,75.70999908447266,161605.0
2026-07-14T10:50:00-04:00,75.72000122070312,75.86000061035156,75.58999633789062,75.86000061035156,350193.0
2026-07-14T10:55:00-04:00,75.87000274658203,75.91999816894531,75.75499725341797,75.81999969482422,150391.0
2026-07-14T11:00:00-04:00,75.81500244140625,76.12999725341797,75.5999984741211,75.9800033569336,244725.0
2026-07-14T11:05:00-04:00,75.97000122070312,76.05000305175781,75.81999969482422,75.95999908447266,146162.0
2026-07-14T11:10:00-04:00,75.94999694824219,75.95999908447266,75.62999725341797,75.6449966430664,247277.0
2026-07-14T11:15:00-04:00,75.63999938964844,75.69999694824219,75.5,75.51000213623047,178146.0
2026-07-14T11:20:00-04:00,75.5,75.66500091552734,75.45999908447266,75.61990356445312,74944.0
2026-07-14T11:25:00-04:00,75.62000274658203,75.62999725341797,75.48999786376953,75.55999755859375,316784.0
2026-07-14T11:30:00-04:00,75.55999755859375,75.58999633789062,75.37999725341797,75.43000030517578,119772.0
2026-07-14T11:35:00-04:00,75.43000030517578,75.44499969482422,75.29499816894531,75.30000305175781,96742.0
2026-07-14T11:40:00-04:00,75.30000305175781,75.30000305175781,75.02999877929688,75.30000305175781,199499.0
2026-07-14T11:45:00-04:00,75.30000305175781,75.48999786376953,75.30000305175781,75.38999938964844,166502.0
2026-07-14T11:50:00-04:00,75.4000015258789,75.43000030517578,75.14009857177734,75.14009857177734,106545.0
2026-07-14T11:55:00-04:00,75.1500015258789,75.19000244140625,75.0999984741211,75.13999938964844,75251.0
2026-07-14T12:00:00-04:00,75.1500015258789,75.16999816894531,74.9800033569336,75.0250015258789,135611.0
2026-07-14T12:05:00-04:00,75.02999877929688,75.04000091552734,74.91999816894531,74.94000244140625,92834.0
2026-07-14T12:10:00-04:00,74.95989990234375,75.01000213623047,74.87000274658203,74.94999694824219,67538.0
2026-07-14T12:15:00-04:00,74.94499969482422,75.02999877929688,74.87999725341797,75.00499725341797,81907.0
2026-07-14T12:20:00-04:00,75.00499725341797,75.0250015258789,74.875,74.93000030517578,41841.0
2026-07-14T12:25:00-04:00,74.92500305175781,75.04000091552734,74.92500305175781,75.02999877929688,52087.0
2026-07-14T12:30:00-04:00,75.02999877929688,75.1050033569336,74.9843978881836,75.0,75239.0
2026-07-14T12:35:00-04:00,74.98999786376953,75.03500366210938,74.91000366210938,74.94999694824219,86210.0
2026-07-14T12:40:00-04:00,74.94999694824219,75.00499725341797,74.91999816894531,74.94000244140625,63741.0
2026-07-14T12:45:00-04:00,74.94000244140625,74.98500061035156,74.67500305175781,74.76000213623047,97706.0
2026-07-14T12:50:00-04:00,74.76499938964844,74.79000091552734,74.70999908447266,74.7699966430664,84310.0
2026-07-14T12:55:00-04:00,74.7699966430664,74.79000091552734,74.69499969482422,74.7249984741211,58432.0
2026-07-14T13:00:00-04:00,74.7300033569336,74.77410125732422,74.6449966430664,74.66000366210938,67711.0
2026-07-14T13:05:00-04:00,74.66000366210938,74.66999816894531,74.52999877929688,74.6500015258789,215912.0
2026-07-14T13:10:00-04:00,74.6500015258789,74.74500274658203,74.55000305175781,74.55500030517578,59942.0
2026-07-14T13:15:00-04:00,74.55999755859375,74.59500122070312,74.51499938964844,74.55500030517578,83413.0
2026-07-14T13:20:00-04:00,74.55999755859375,74.66999816894531,74.54000091552734,74.62999725341797,71469.0
2026-07-14T13:25:00-04:00,74.62999725341797,74.75,74.625,74.74500274658203,32890.0
2026-07-14T13:30:00-04:00,74.76000213623047,74.80000305175781,74.69499969482422,74.70999908447266,47437.0
2026-07-14T13:35:00-04:00,74.70999908447266,74.83999633789062,74.69999694824219,74.78500366210938,137675.0
2026-07-14T13:40:00-04:00,74.78500366210938,74.87000274658203,74.73999786376953,74.83499908447266,163495.0
2026-07-14T13:45:00-04:00,74.83499908447266,74.8949966430664,74.75,74.87000274658203,106353.0
2026-07-14T13:50:00-04:00,74.875,74.98999786376953,74.875,74.9800033569336,99384.0
2026-07-14T13:55:00-04:00,74.9800033569336,75.0,74.94000244140625,74.94999694824219,124776.0
2026-07-14T14:00:00-04:00,74.94000244140625,74.94000244140625,74.79000091552734,74.83499908447266,126102.0
2026-07-14T14:05:00-04:00,74.83499908447266,74.87000274658203,74.81999969482422,74.84500122070312,36828.0
2026-07-14T14:10:00-04:00,74.84500122070312,74.91999816894531,74.83999633789062,74.91000366210938,64309.0
2026-07-14T14:15:00-04:00,74.91000366210938,74.9800033569336,74.8949966430664,74.94499969482422,62361.0
2026-07-14T14:20:00-04:00,74.93499755859375,74.94000244140625,74.82499694824219,74.82499694824219,60004.0
2026-07-14T14:25:00-04:00,74.82499694824219,74.91000366210938,74.79499816894531,74.88999938964844,117689.0
2026-07-14T14:30:00-04:00,74.88999938964844,74.91999816894531,74.7750015258789,74.86499786376953,99609.0
2026-07-14T14:35:00-04:00,74.86499786376953,74.86499786376953,74.70999908447266,74.75,76568.0
2026-07-14T14:40:00-04:00,74.74500274658203,74.74500274658203,74.4800033569336,74.51000213623047,186293.0
2026-07-14T14:45:00-04:00,74.5199966430664,74.57499694824219,74.49500274658203,74.55500030517578,92908.0
2026-07-14T14:50:00-04:00,74.55999755859375,74.66500091552734,74.53500366210938,74.66500091552734,68534.0
2026-07-14T14:55:00-04:00,74.66500091552734,74.7300033569336,74.625,74.70500183105469,64904.0
2026-07-14T15:00:00-04:00,74.69999694824219,74.72000122070312,74.55500030517578,74.58000183105469,122502.0
2026-07-14T15:05:00-04:00,74.58999633789062,74.70500183105469,74.56590270996094,74.66500091552734,82305.0
2026-07-14T15:10:00-04:00,74.66999816894531,74.81999969482422,74.6449966430664,74.78500366210938,91959.0
2026-07-14T15:15:00-04:00,74.77999877929688,74.83000183105469,74.72000122070312,74.76499938964844,92287.0
2026-07-14T15:20:00-04:00,74.76000213623047,74.76000213623047,74.69499969482422,74.71499633789062,113729.0
2026-07-14T15:25:00-04:00,74.71499633789062,74.71499633789062,74.6449966430664,74.6449966430664,110923.0
2026-07-14T15:30:00-04:00,74.6449966430664,74.66500091552734,74.55500030517578,74.63999938964844,155740.0
2026-07-14T15:35:00-04:00,74.62999725341797,74.69999694824219,74.62000274658203,74.68000030517578,115956.0
2026-07-14T15:40:00-04:00,74.68000030517578,74.69999694824219,74.5999984741211,74.6500015258789,169182.0
2026-07-14T15:45:00-04:00,74.6500015258789,74.75,74.6500015258789,74.7249984741211,198967.0
2026-07-14T15:50:00-04:00,74.72000122070312,74.7249984741211,74.55000305175781,74.68499755859375,402913.0
2026-07-14T15:55:00-04:00,74.68499755859375,74.98999786376953,74.6500015258789,74.87000274658203,1446865.0
2026-07-15T09:30:00-04:00,74.55000305175781,75.29000091552734,74.51000213623047,75.11000061035156,930276.0
2026-07-15T09:35:00-04:00,75.11000061035156,75.23999786376953,74.76000213623047,74.76000213623047,336422.0
2026-07-15T09:40:00-04:00,74.76000213623047,74.76000213623047,74.44000244140625,74.5250015258789,327689.0
2026-07-15T09:45:00-04:00,74.5,74.51000213623047,74.19999694824219,74.25,127633.0
2026-07-15T09:50:00-04:00,74.23999786376953,74.45999908447266,74.08000183105469,74.38999938964844,192632.0
2026-07-15T09:55:00-04:00,74.37999725341797,74.79000091552734,74.30500030517578,74.58999633789062,228058.0
2026-07-15T10:00:00-04:00,74.58999633789062,74.66000366210938,74.37999725341797,74.51000213623047,116805.0
2026-07-15T10:05:00-04:00,74.52999877929688,74.65499877929688,74.37999725341797,74.48500061035156,119192.0
2026-07-15T10:10:00-04:00,74.5,74.5199966430664,74.33000183105469,74.4000015258789,166739.0
2026-07-15T10:15:00-04:00,74.41999816894531,74.55999755859375,74.19999694824219,74.27999877929688,129896.0
2026-07-15T10:20:00-04:00,74.29000091552734,74.37999725341797,74.08999633789062,74.1500015258789,109822.0
2026-07-15T10:25:00-04:00,74.16000366210938,74.5,74.11000061035156,74.4000015258789,199880.0
2026-07-15T10:30:00-04:00,74.41000366210938,74.5,74.16000366210938,74.47000122070312,71937.0
2026-07-15T10:35:00-04:00,74.47000122070312,74.51499938964844,74.04000091552734,74.06999969482422,161452.0
2026-07-15T10:40:00-04:00,74.06999969482422,74.08000183105469,73.83000183105469,73.91999816894531,162911.0
2026-07-15T10:45:00-04:00,73.91999816894531,73.95999908447266,73.65619659423828,73.91999816894531,185775.0
2026-07-15T10:50:00-04:00,73.91000366210938,73.94000244140625,73.68000030517578,73.72000122070312,118867.0
2026-07-15T10:55:00-04:00,73.75,73.98500061035156,73.7249984741211,73.95999908447266,150899.0
2026-07-15T11:00:00-04:00,73.9749984741211,74.0199966430664,73.79000091552734,73.81999969482422,149923.0
2026-07-15T11:05:00-04:00,73.82499694824219,73.91000366210938,73.7300033569336,73.76000213623047,70886.0
2026-07-15T11:10:00-04:00,73.75,73.83000183105469,73.29000091552734,73.30999755859375,176112.0
2026-07-15T11:15:00-04:00,73.30000305175781,73.37000274658203,73.16000366210938,73.2249984741211,132268.0
2026-07-15T11:20:00-04:00,73.20999908447266,73.20999908447266,72.86499786376953,73.19000244140625,209917.0
2026-07-15T11:25:00-04:00,73.19499969482422,73.36000061035156,73.12000274658203,73.31999969482422,139246.0
2026-07-15T11:30:00-04:00,73.33000183105469,73.38999938964844,73.16000366210938,73.36000061035156,96687.0
2026-07-15T11:35:00-04:00,73.37000274658203,73.41000366210938,73.30000305175781,73.31999969482422,104053.0
2026-07-15T11:40:00-04:00,73.33000183105469,73.375,73.23999786376953,73.2699966430664,109784.0
2026-07-15T11:45:00-04:00,73.26000213623047,73.37000274658203,73.18000030517578,73.30500030517578,85001.0
2026-07-15T11:50:00-04:00,73.30000305175781,73.40499877929688,73.25499725341797,73.40499877929688,55980.0
2026-07-15T11:55:00-04:00,73.4000015258789,73.4000015258789,73.30000305175781,73.30999755859375,52327.0
2026-07-15T12:00:00-04:00,73.31500244140625,73.38500213623047,73.18070220947266,73.2300033569336,69305.0
2026-07-15T12:05:00-04:00,73.23999786376953,73.23999786376953,73.12000274658203,73.20500183105469,82381.0
2026-07-15T12:10:00-04:00,73.21499633789062,73.22000122070312,73.01000213623047,73.0199966430664,68203.0
2026-07-15T12:15:00-04:00,73.01000213623047,73.13999938964844,72.9749984741211,72.9749984741211,82932.0
2026-07-15T12:20:00-04:00,72.9749984741211,73.0199966430664,72.86000061035156,72.90499877929688,104789.0
2026-07-15T12:25:00-04:00,72.9000015258789,72.9800033569336,72.83000183105469,72.875,123936.0
2026-07-15T12:30:00-04:00,72.875,72.95999908447266,72.70999908447266,72.73500061035156,170060.0
2026-07-15T12:35:00-04:00,72.7300033569336,72.76000213623047,72.63999938964844,72.70500183105469,153660.0
2026-07-15T12:40:00-04:00,72.69999694824219,72.81500244140625,72.66000366210938,72.80500030517578,103356.0
2026-07-15T12:45:00-04:00,72.80000305175781,73.12000274658203,72.79000091552734,73.0250015258789,239284.0
2026-07-15T12:50:00-04:00,73.01000213623047,73.2699966430664,73.0,73.05000305175781,180163.0
2026-07-15T12:55:00-04:00,73.05000305175781,73.16999816894531,72.9800033569336,73.0999984741211,146610.0
2026-07-15T13:00:00-04:00,73.09500122070312,73.30500030517578,73.09500122070312,73.29000091552734,88987.0
2026-07-15T13:05:00-04:00,73.29000091552734,73.42500305175781,73.25,73.38500213623047,157439.0
2026-07-15T13:10:00-04:00,73.37999725341797,73.45999908447266,73.26499938964844,73.27999877929688,86558.0
2026-07-15T13:15:00-04:00,73.26499938964844,73.38500213623047,73.2300033569336,73.36000061035156,52295.0
2026-07-15T13:20:00-04:00,73.37000274658203,73.52999877929688,73.36000061035156,73.5,69800.0
2026-07-15T13:25:00-04:00,73.5,73.73999786376953,73.48999786376953,73.73999786376953,155841.0
2026-07-15T13:30:00-04:00,73.7300033569336,74.00499725341797,73.72000122070312,73.9800033569336,226317.0
2026-07-15T13:35:00-04:00,73.9800033569336,74.1050033569336,73.96499633789062,74.08000183105469,137052.0
2026-07-15T13:40:00-04:00,74.08000183105469,74.13500213623047,74.01499938964844,74.1050033569336,108069.0
2026-07-15T13:45:00-04:00,74.0999984741211,74.23500061035156,74.05000305175781,74.2249984741211,88420.0
2026-07-15T13:50:00-04:00,74.2249984741211,74.2249984741211,74.08999633789062,74.20010375976562,135721.0
2026-07-15T13:55:00-04:00,74.20500183105469,74.32499694824219,74.19000244140625,74.26000213623047,146314.0
2026-07-15T14:00:00-04:00,74.25499725341797,74.53500366210938,74.23999786376953,74.47000122070312,153465.0
2026-07-15T14:05:00-04:00,74.47000122070312,74.4749984741211,74.36000061035156,74.41000366210938,89984.0
2026-07-15T14:10:00-04:00,74.4000015258789,74.51499938964844,74.37999725341797,74.50499725341797,69616.0
2026-07-15T14:15:00-04:00,74.51000213623047,74.625,74.46499633789062,74.5,171020.0
2026-07-15T14:20:00-04:00,74.5,74.58499908447266,74.44000244140625,74.55500030517578,84788.0
2026-07-15T14:25:00-04:00,74.55500030517578,74.74500274658203,74.55500030517578,74.7300033569336,103532.0
2026-07-15T14:30:00-04:00,74.72000122070312,74.9800033569336,74.71499633789062,74.76000213623047,155219.0
2026-07-15T14:35:00-04:00,74.75,74.75,74.61000061035156,74.62000274658203,80037.0
2026-07-15T14:40:00-04:00,74.62000274658203,74.66000366210938,74.52999877929688,74.54000091552734,86332.0
2026-07-15T14:45:00-04:00,74.52999877929688,74.59500122070312,74.44000244140625,74.44000244140625,108942.0
2026-07-15T14:50:00-04:00,74.44000244140625,74.44999694824219,74.33999633789062,74.40730285644531,125260.0
2026-07-15T14:55:00-04:00,74.40499877929688,74.44499969482422,74.2699966430664,74.33999633789062,82516.0
2026-07-15T15:00:00-04:00,74.33000183105469,74.375,74.27999877929688,74.34249877929688,70514.0
2026-07-15T15:05:00-04:00,74.34500122070312,74.43949890136719,74.30000305175781,74.43949890136719,108189.0
2026-07-15T15:10:00-04:00,74.42500305175781,74.5199966430664,74.38999938964844,74.47000122070312,79135.0
2026-07-15T15:15:00-04:00,74.4749984741211,74.48999786376953,74.29000091552734,74.29000091552734,98137.0
2026-07-15T15:20:00-04:00,74.29000091552734,74.29000091552734,74.12999725341797,74.22000122070312,188083.0
2026-07-15T15:25:00-04:00,74.2249984741211,74.29000091552734,74.18000030517578,74.25,116118.0
2026-07-15T15:30:00-04:00,74.2699966430664,74.30500030517578,74.08999633789062,74.11000061035156,226851.0
2026-07-15T15:35:00-04:00,74.1050033569336,74.26000213623047,74.06999969482422,74.21499633789062,186080.0
2026-07-15T15:40:00-04:00,74.21499633789062,74.2750015258789,74.16999816894531,74.18000030517578,219350.0
2026-07-15T15:45:00-04:00,74.16999816894531,74.25499725341797,74.05000305175781,74.05999755859375,216600.0
2026-07-15T15:50:00-04:00,74.06999969482422,74.16999816894531,73.9800033569336,74.12000274658203,315119.0
2026-07-15T15:55:00-04:00,74.11499786376953,74.18499755859375,73.91000366210938,74.0199966430664,1684901.0
2026-07-16T09:30:00-04:00,72.87999725341797,72.9000015258789,72.1500015258789,72.18009948730469,1188992.0
2026-07-16T09:35:00-04:00,72.19499969482422,72.29000091552734,71.86000061035156,71.88999938964844,614627.0
2026-07-16T09:40:00-04:00,71.90499877929688,72.12000274658203,71.74500274658203,71.83999633789062,561784.0
2026-07-16T09:45:00-04:00,71.8499984741211,72.37000274658203,71.8499984741211,72.12000274658203,433210.0
2026-07-16T09:50:00-04:00,72.12000274658203,72.44999694824219,72.0999984741211,72.0999984741211,349576.0
2026-07-16T09:55:00-04:00,72.08999633789062,72.19000244140625,71.94000244140625,72.02999877929688,244196.0
2026-07-16T10:00:00-04:00,72.02999877929688,72.27999877929688,71.99500274658203,72.16999816894531,363894.0
2026-07-16T10:05:00-04:00,72.16000366210938,72.36499786376953,72.01000213623047,72.27999877929688,214282.0
2026-07-16T10:10:00-04:00,72.27999877929688,72.33999633789062,71.9800033569336,72.0250015258789,298983.0
2026-07-16T10:15:00-04:00,72.0250015258789,72.16000366210938,71.94499969482422,72.0999984741211,237588.0
2026-07-16T10:20:00-04:00,72.10800170898438,72.13999938964844,71.88999938964844,71.95999908447266,272475.0
2026-07-16T10:25:00-04:00,71.94999694824219,72.2699966430664,71.88999938964844,72.21499633789062,280376.0
2026-07-16T10:30:00-04:00,72.20999908447266,72.21499633789062,71.94999694824219,72.05999755859375,244683.0
2026-07-16T10:35:00-04:00,72.06999969482422,72.06999969482422,71.86499786376953,71.88500213623047,215035.0
2026-07-16T10:40:00-04:00,71.88999938964844,72.06500244140625,71.87000274658203,72.05999755859375,175202.0
2026-07-16T10:45:00-04:00,72.06999969482422,72.11499786376953,71.71499633789062,71.71499633789062,340789.0
2026-07-16T10:50:00-04:00,71.71499633789062,71.81999969482422,71.51499938964844,71.56500244140625,410898.0
2026-07-16T10:55:00-04:00,71.55999755859375,71.87000274658203,71.50499725341797,71.87000274658203,208209.0
2026-07-16T11:00:00-04:00,71.86000061035156,71.87000274658203,71.58999633789062,71.62999725341797,196384.0
2026-07-16T11:05:00-04:00,71.62999725341797,71.62999725341797,71.41000366210938,71.5,311916.0
2026-07-16T11:10:00-04:00,71.50499725341797,71.51000213623047,71.29000091552734,71.40499877929688,168630.0
2026-07-16T11:15:00-04:00,71.41000366210938,71.4749984741211,71.33999633789062,71.38500213623047,167974.0
2026-07-16T11:20:00-04:00,71.38500213623047,71.5999984741211,71.33999633789062,71.58000183105469,277432.0
2026-07-16T11:25:00-04:00,71.58000183105469,71.87999725341797,71.58000183105469,71.70999908447266,206665.0
2026-07-16T11:30:00-04:00,71.72000122070312,71.94999694824219,71.61499786376953,71.91999816894531,160549.0
2026-07-16T11:35:00-04:00,71.91999816894531,72.05999755859375,71.81999969482422,72.01000213623047,116185.0
2026-07-16T11:40:00-04:00,72.0199966430664,72.07499694824219,71.94499969482422,71.95999908447266,163078.0
2026-07-16T11:45:00-04:00,71.95500183105469,71.95999908447266,71.7300033569336,71.87000274658203,159822.0
2026-07-16T11:50:00-04:00,71.875,71.97000122070312,71.81009674072266,71.88999938964844,73438.0
2026-07-16T11:55:00-04:00,71.87999725341797,71.91000366210938,71.76110076904297,71.79000091552734,79569.0
2026-07-16T12:00:00-04:00,71.80000305175781,71.80500030517578,71.55000305175781,71.55000305175781,128222.0
2026-07-16T12:05:00-04:00,71.54499816894531,71.6500015258789,71.5199966430664,71.64019775390625,150181.0
2026-07-16T12:10:00-04:00,71.62999725341797,71.62999725341797,71.41000366210938,71.41000366210938,147051.0
2026-07-16T12:15:00-04:00,71.4000015258789,71.63999938964844,71.3550033569336,71.60130310058594,456464.0
2026-07-16T12:20:00-04:00,71.5999984741211,71.5999984741211,71.38999938964844,71.43000030517578,440628.0
2026-07-16T12:25:00-04:00,71.43000030517578,71.4749984741211,71.33000183105469,71.37999725341797,176939.0
2026-07-16T12:30:00-04:00,71.37000274658203,71.50900268554688,71.36499786376953,71.45999908447266,132602.0
2026-07-16T12:35:00-04:00,71.45999908447266,71.56500244140625,71.41000366210938,71.48999786376953,90039.0
2026-07-16T12:40:00-04:00,71.49500274658203,71.54000091552734,71.43000030517578,71.45999908447266,162217.0
2026-07-16T12:45:00-04:00,71.45500183105469,71.4749984741211,71.30500030517578,71.43499755859375,144617.0
2026-07-16T12:50:00-04:00,71.43000030517578,71.66000366210938,71.41000366210938,71.66000366210938,114195.0
2026-07-16T12:55:00-04:00,71.65499877929688,71.80000305175781,71.65499877929688,71.73999786376953,131959.0
2026-07-16T13:00:00-04:00,71.73999786376953,71.76499938964844,71.62999725341797,71.69999694824219,80811.0
2026-07-16T13:05:00-04:00,71.69999694824219,71.69999694824219,71.57499694824219,71.59500122070312,126202.0
2026-07-16T13:10:00-04:00,71.5999984741211,71.61000061035156,71.5,71.51000213623047,69853.0
2026-07-16T13:15:00-04:00,71.48999786376953,71.54499816894531,71.43000030517578,71.46499633789062,73551.0
2026-07-16T13:20:00-04:00,71.47000122070312,71.4999008178711,71.38500213623047,71.41000366210938,114026.0
2026-07-16T13:25:00-04:00,71.41000366210938,71.44589233398438,71.33999633789062,71.44000244140625,114812.0
2026-07-16T13:30:00-04:00,71.44499969482422,71.4749984741211,71.30500030517578,71.30999755859375,69774.0
2026-07-16T13:35:00-04:00,71.31999969482422,71.36499786376953,71.25,71.26499938964844,127161.0
2026-07-16T13:40:00-04:00,71.2699966430664,71.28500366210938,71.20999908447266,71.25499725341797,182748.0
2026-07-16T13:45:00-04:00,71.25,71.33999633789062,71.20500183105469,71.30500030517578,107225.0
2026-07-16T13:50:00-04:00,71.30999755859375,71.33000183105469,71.2249984741211,71.31999969482422,116244.0
2026-07-16T13:55:00-04:00,71.31999969482422,71.32499694824219,71.19999694824219,71.23999786376953,128726.0
2026-07-16T14:00:00-04:00,71.23999786376953,71.2699966430664,71.1449966430664,71.18000030517578,127908.0
2026-07-16T14:05:00-04:00,71.17500305175781,71.3499984741211,71.1500015258789,71.27999877929688,117957.0
2026-07-16T14:10:00-04:00,71.29000091552734,71.38009643554688,71.27230072021484,71.30500030517578,103546.0
2026-07-16T14:15:00-04:00,71.30000305175781,71.41000366210938,71.26000213623047,71.4000015258789,116145.0
2026-07-16T14:20:00-04:00,71.38999938964844,71.47000122070312,71.37000274658203,71.38999938964844,129254.0
2026-07-16T14:25:00-04:00,71.38999938964844,71.3949966430664,71.29000091552734,71.30999755859375,102970.0
2026-07-16T14:30:00-04:00,71.30999755859375,71.31999969482422,71.125,71.13999938964844,164260.0
2026-07-16T14:35:00-04:00,71.12999725341797,71.13749694824219,71.04000091552734,71.12000274658203,116677.0
2026-07-16T14:40:00-04:00,71.11000061035156,71.2699966430664,71.05999755859375,71.23999786376953,263150.0
2026-07-16T14:45:00-04:00,71.23999786376953,71.31500244140625,71.2300033569336,71.28500366210938,107267.0
2026-07-16T14:50:00-04:00,71.27999877929688,71.37000274658203,71.2300033569336,71.25,126397.0
2026-07-16T14:55:00-04:00,71.2300033569336,71.26000213623047,71.19000244140625,71.23999786376953,95949.0
2026-07-16T15:00:00-04:00,71.23999786376953,71.44999694824219,71.22000122070312,71.44000244140625,102889.0
2026-07-16T15:05:00-04:00,71.44000244140625,71.51499938964844,71.31500244140625,71.3949966430664,86735.0
2026-07-16T15:10:00-04:00,71.38999938964844,71.4749984741211,71.36000061035156,71.47000122070312,113324.0
2026-07-16T15:15:00-04:00,71.47000122070312,71.5,71.3949966430664,71.5,135247.0
2026-07-16T15:20:00-04:00,71.5,71.52999877929688,71.41000366210938,71.48500061035156,145028.0
2026-07-16T15:25:00-04:00,71.48999786376953,71.5199966430664,71.42500305175781,71.44999694824219,177752.0
2026-07-16T15:30:00-04:00,71.44499969482422,71.48500061035156,71.28009796142578,71.29000091552734,263746.0
2026-07-16T15:35:00-04:00,71.28500366210938,71.33999633789062,71.16000366210938,71.32499694824219,256596.0
2026-07-16T15:40:00-04:00,71.31999969482422,71.3499984741211,71.25,71.2500991821289,217782.0
2026-07-16T15:45:00-04:00,71.25499725341797,71.27999877929688,71.18000030517578,71.27999877929688,355190.0
2026-07-16T15:50:00-04:00,71.29000091552734,71.61499786376953,71.27999877929688,71.58000183105469,430135.0
2026-07-16T15:55:00-04:00,71.56999969482422,71.63999938964844,71.33999633789062,71.45999908447266,2377559.0
2026-07-17T09:30:00-04:00,70.4000015258789,70.4000015258789,69.76000213623047,69.7699966430664,1040278.0
2026-07-17T09:35:00-04:00,69.77999877929688,70.23999786376953,69.73999786376953,70.14009857177734,703510.0
2026-07-17T09:40:00-04:00,70.13999938964844,70.5,69.97000122070312,70.02999877929688,412377.0
2026-07-17T09:45:00-04:00,70.02999877929688,70.47000122070312,69.9000015258789,70.43000030517578,438354.0
2026-07-17T09:50:00-04:00,70.41999816894531,70.83999633789062,70.38999938964844,70.5999984741211,690678.0
2026-07-17T09:55:00-04:00,70.58999633789062,70.9000015258789,70.4800033569336,70.79000091552734,291742.0
2026-07-17T10:00:00-04:00,70.80000305175781,71.19999694824219,70.66000366210938,71.05000305175781,725614.0
2026-07-17T10:05:00-04:00,71.02999877929688,71.29499816894531,71.0199966430664,71.18000030517578,431242.0
2026-07-17T10:10:00-04:00,71.19000244140625,71.22000122070312,70.91999816894531,70.97000122070312,165290.0
2026-07-17T10:15:00-04:00,70.94000244140625,71.29000091552734,70.93000030517578,71.03900146484375,208496.0
2026-07-17T10:20:00-04:00,71.01499938964844,71.19000244140625,70.87000274658203,71.06999969482422,326332.0
2026-07-17T10:25:00-04:00,71.06999969482422,71.12999725341797,70.81999969482422,70.87000274658203,107104.0
2026-07-17T10:30:00-04:00,70.87000274658203,70.87000274658203,70.51000213623047,70.66000366210938,180271.0
2026-07-17T10:35:00-04:00,70.66000366210938,70.9000015258789,70.66000366210938,70.86499786376953,155974.0
2026-07-17T10:40:00-04:00,70.8499984741211,70.87000274658203,70.66999816894531,70.73500061035156,112132.0
2026-07-17T10:45:00-04:00,70.72000122070312,70.81999969482422,70.58000183105469,70.70999908447266,123803.0
2026-07-17T10:50:00-04:00,70.72000122070312,70.9000015258789,70.66000366210938,70.69000244140625,92079.0
2026-07-17T10:55:00-04:00,70.69000244140625,70.87999725341797,70.62999725341797,70.77999877929688,128994.0
2026-07-17T11:00:00-04:00,70.79000091552734,70.95999908447266,70.69000244140625,70.95999908447266,273768.0
2026-07-17T11:05:00-04:00,70.94999694824219,71.20999908447266,70.7750015258789,71.18000030517578,1107457.0
2026-07-17T11:10:00-04:00,71.19000244140625,71.31500244140625,70.86000061035156,71.0199966430664,238972.0
2026-07-17T11:15:00-04:00,71.0199966430664,71.125,70.95999908447266,71.06999969482422,133875.0
2026-07-17T11:20:00-04:00,71.07499694824219,71.16000366210938,70.9800033569336,71.05999755859375,103210.0
2026-07-17T11:25:00-04:00,71.05000305175781,71.3499984741211,71.05000305175781,71.32499694824219,205187.0
2026-07-17T11:30:00-04:00,71.31999969482422,71.3499984741211,71.07499694824219,71.19000244140625,219945.0
2026-07-17T11:35:00-04:00,71.19999694824219,71.4000015258789,71.1500015258789,71.4000015258789,108239.0
2026-07-17T11:40:00-04:00,71.41000366210938,71.43000030517578,71.17627716064453,71.29000091552734,89305.0
2026-07-17T11:45:00-04:00,71.27999877929688,71.42500305175781,71.25,71.37999725341797,75682.0
2026-07-17T11:50:00-04:00,71.36799621582031,71.66500091552734,71.36000061035156,71.66500091552734,171556.0
2026-07-17T11:55:00-04:00,71.66000366210938,71.72000122070312,71.62000274658203,71.72000122070312,122006.0
2026-07-17T12:00:00-04:00,71.71499633789062,71.73999786376953,71.43000030517578,71.62999725341797,271271.0
2026-07-17T12:05:00-04:00,71.63279724121094,71.91000366210938,71.58000183105469,71.87000274658203,123297.0
2026-07-17T12:10:00-04:00,71.87999725341797,71.93000030517578,71.7300033569336,71.7699966430664,106542.0
2026-07-17T12:15:00-04:00,71.7699966430664,71.86000061035156,71.7249984741211,71.75,110068.0
2026-07-17T12:20:00-04:00,71.76000213623047,71.76000213623047,71.51000213623047,71.55999755859375,70405.0
2026-07-17T12:25:00-04:00,71.55000305175781,71.6500015258789,71.4800033569336,71.55000305175781,101404.0
2026-07-17T12:30:00-04:00,71.54000091552734,71.58999633789062,71.45999908447266,71.45999908447266,121092.0
2026-07-17T12:35:00-04:00,71.46980285644531,71.5,71.40499877929688,71.41999816894531,83769.0
2026-07-17T12:40:00-04:00,71.42500305175781,71.58000183105469,71.3949966430664,71.58000183105469,49650.0
2026-07-17T12:45:00-04:00,71.58000183105469,71.68000030517578,71.54000091552734,71.68000030517578,46367.0
2026-07-17T12:50:00-04:00,71.69999694824219,71.70500183105469,71.6050033569336,71.61389923095703,38947.0
2026-07-17T12:55:00-04:00,71.61499786376953,71.62000274658203,71.53500366210938,71.58499908447266,81497.0
2026-07-17T13:00:00-04:00,71.58999633789062,71.7699966430664,71.58999633789062,71.6500015258789,51334.0
2026-07-17T13:05:00-04:00,71.6500015258789,71.78500366210938,71.6500015258789,71.7750015258789,51163.0
2026-07-17T13:10:00-04:00,71.7750015258789,71.80999755859375,71.62999725341797,71.62999725341797,52360.0
2026-07-17T13:15:00-04:00,71.625,71.79499816894531,71.62000274658203,71.72000122070312,64327.0
2026-07-17T13:20:00-04:00,71.70999908447266,71.77999877929688,71.69999694824219,71.72000122070312,61059.0
2026-07-17T13:25:00-04:00,71.72000122070312,71.75499725341797,71.68000030517578,71.69000244140625,58080.0
2026-07-17T13:30:00-04:00,71.69000244140625,71.74500274658203,71.68000030517578,71.70999908447266,81230.0
2026-07-17T13:35:00-04:00,71.70999908447266,71.81999969482422,71.66500091552734,71.79499816894531,240619.0
2026-07-17T13:40:00-04:00,71.79499816894531,71.80000305175781,71.5199966430664,71.58499908447266,222788.0
2026-07-17T13:45:00-04:00,71.58499908447266,71.70500183105469,71.58499908447266,71.70500183105469,177239.0
2026-07-17T13:50:00-04:00,71.70999908447266,71.71499633789062,71.55000305175781,71.61000061035156,108470.0
2026-07-17T13:55:00-04:00,71.5999984741211,71.6050033569336,71.48999786376953,71.55500030517578,99650.0
2026-07-17T14:00:00-04:00,71.55030059814453,71.56999969482422,71.36000061035156,71.36499786376953,119750.0
2026-07-17T14:05:00-04:00,71.36000061035156,71.36000061035156,71.24500274658203,71.2750015258789,70473.0
2026-07-17T14:10:00-04:00,71.27999877929688,71.30500030517578,71.16999816894531,71.20500183105469,63709.0
2026-07-17T14:15:00-04:00,71.20120239257812,71.23500061035156,71.11000061035156,71.18000030517578,129615.0
2026-07-17T14:20:00-04:00,71.18000030517578,71.22000122070312,71.0999984741211,71.13999938964844,92012.0
2026-07-17T14:25:00-04:00,71.13999938964844,71.20500183105469,71.11499786376953,71.19999694824219,64855.0
2026-07-17T14:30:00-04:00,71.19999694824219,71.31999969482422,71.16000366210938,71.21499633789062,103534.0
2026-07-17T14:35:00-04:00,71.21499633789062,71.27999877929688,71.19499969482422,71.21499633789062,87948.0
2026-07-17T14:40:00-04:00,71.22000122070312,71.2300033569336,71.08999633789062,71.13500213623047,122977.0
2026-07-17T14:45:00-04:00,71.13500213623047,71.1500015258789,71.08000183105469,71.08000183105469,116232.0
2026-07-17T14:50:00-04:00,71.08000183105469,71.25499725341797,71.05500030517578,71.25499725341797,93842.0
2026-07-17T14:55:00-04:00,71.2699966430664,71.2750015258789,71.19010162353516,71.23999786376953,108566.0
2026-07-17T15:00:00-04:00,71.23999786376953,71.24500274658203,71.12000274658203,71.13500213623047,71683.0
2026-07-17T15:05:00-04:00,71.13999938964844,71.1500015258789,71.0,71.0199966430664,74020.0
2026-07-17T15:10:00-04:00,71.0199966430664,71.07499694824219,71.00499725341797,71.0199966430664,107504.0
2026-07-17T15:15:00-04:00,71.01000213623047,71.05000305175781,70.93499755859375,70.94999694824219,120959.0
2026-07-17T15:20:00-04:00,70.94999694824219,70.94999694824219,70.83999633789062,70.8550033569336,142076.0
2026-07-17T15:25:00-04:00,70.8550033569336,71.02999877929688,70.84500122070312,71.01000213623047,154876.0
2026-07-17T15:30:00-04:00,71.0199966430664,71.08999633789062,71.0,71.01000213623047,163263.0
2026-07-17T15:35:00-04:00,71.0,71.13500213623047,70.9800033569336,71.04000091552734,148472.0
2026-07-17T15:40:00-04:00,71.02999877929688,71.22000122070312,71.01499938964844,71.18000030517578,185544.0
2026-07-17T15:45:00-04:00,71.18000030517578,71.2300033569336,71.09500122070312,71.1500015258789,466784.0
2026-07-17T15:50:00-04:00,71.1449966430664,71.37000274658203,71.0999984741211,71.3499984741211,395414.0
2026-07-17T15:55:00-04:00,71.36000061035156,71.38999938964844,71.2300033569336,71.30999755859375,1168335.0
2026-07-20T09:30:00-04:00,71.13999938964844,71.58999633789062,70.95999908447266,71.23999786376953,885112.0
2026-07-20T09:35:00-04:00,71.23999786376953,71.5250015258789,71.11000061035156,71.48999786376953,134514.0
2026-07-20T09:40:00-04:00,71.4800033569336,71.61000061035156,71.1500015258789,71.19999694824219,136393.0
2026-07-20T09:45:00-04:00,71.19999694824219,71.2699966430664,71.08000183105469,71.13999938964844,124724.0
2026-07-20T09:50:00-04:00,71.1500015258789,71.30000305175781,70.87000274658203,71.05000305175781,183481.0
2026-07-20T09:55:00-04:00,71.04000091552734,71.16000366210938,70.87000274658203,70.9000015258789,84198.0
2026-07-20T10:00:00-04:00,70.88999938964844,70.94999694824219,70.72000122070312,70.80999755859375,104313.0
2026-07-20T10:05:00-04:00,70.79000091552734,70.93000030517578,70.75,70.77999877929688,100807.0
2026-07-20T10:10:00-04:00,70.79000091552734,70.83000183105469,70.62000274658203,70.62999725341797,387307.0
2026-07-20T10:15:00-04:00,70.62000274658203,70.80999755859375,70.55999755859375,70.7300033569336,142901.0
2026-07-20T10:20:00-04:00,70.72000122070312,70.80500030517578,70.5199966430664,70.79000091552734,113539.0
2026-07-20T10:25:00-04:00,70.79000091552734,70.91000366210938,70.7300033569336,70.80000305175781,108770.0
2026-07-20T10:30:00-04:00,70.80999755859375,70.87999725341797,70.69999694824219,70.73999786376953,74961.0
2026-07-20T10:35:00-04:00,70.7300033569336,70.86000061035156,70.62000274658203,70.80999755859375,111002.0
2026-07-20T10:40:00-04:00,70.80000305175781,70.86000061035156,70.72000122070312,70.75,56290.0
2026-07-20T10:45:00-04:00,70.7300033569336,71.05999755859375,70.69000244140625,70.88999938964844,133081.0
2026-07-20T10:50:00-04:00,70.87999725341797,71.0199966430664,70.86499786376953,70.93000030517578,63059.0
2026-07-20T10:55:00-04:00,70.91999816894531,70.9800033569336,70.80000305175781,70.88999938964844,70082.0
2026-07-20T11:00:00-04:00,70.88999938964844,71.06999969482422,70.7699966430664,70.94000244140625,78766.0
2026-07-20T11:05:00-04:00,70.93000030517578,71.30000305175781,70.80000305175781,71.30000305175781,172635.0
2026-07-20T11:10:00-04:00,71.30000305175781,71.30000305175781,71.05999755859375,71.0999984741211,214382.0
2026-07-20T11:15:00-04:00,71.12000274658203,71.19999694824219,71.08000183105469,71.1449966430664,140176.0
2026-07-20T11:20:00-04:00,71.13999938964844,71.2300033569336,71.0999984741211,71.20999908447266,93353.0
2026-07-20T11:25:00-04:00,71.19999694824219,71.2699966430664,71.11000061035156,71.16999816894531,146115.0
2026-07-20T11:30:00-04:00,71.16999816894531,71.16999816894531,71.05500030517578,71.06999969482422,105988.0
2026-07-20T11:35:00-04:00,71.06999969482422,71.06999969482422,70.91999816894531,70.94000244140625,71688.0
2026-07-20T11:40:00-04:00,70.94000244140625,71.05999755859375,70.92500305175781,71.05999755859375,60593.0
2026-07-20T11:45:00-04:00,71.05999755859375,71.22000122070312,71.04000091552734,71.19999694824219,122479.0
2026-07-20T11:50:00-04:00,71.20500183105469,71.31999969482422,71.16999816894531,71.26000213623047,74234.0
2026-07-20T11:55:00-04:00,71.26000213623047,71.29000091552734,71.23300170898438,71.25,100808.0
2026-07-20T12:00:00-04:00,71.25,71.38999938964844,71.23999786376953,71.37000274658203,77807.0
2026-07-20T12:05:00-04:00,71.37000274658203,71.55000305175781,71.37000274658203,71.4800033569336,178951.0
2026-07-20T12:10:00-04:00,71.4800033569336,71.5199966430664,71.37999725341797,71.43689727783203,67172.0
2026-07-20T12:15:00-04:00,71.43499755859375,71.48999786376953,71.36000061035156,71.375,86878.0
2026-07-20T12:20:00-04:00,71.37000274658203,71.37000274658203,71.33000183105469,71.3550033569336,319120.0
2026-07-20T12:25:00-04:00,71.36000061035156,71.4000015258789,71.30999755859375,71.31999969482422,81682.0
2026-07-20T12:30:00-04:00,71.30999755859375,71.31999969482422,71.16000366210938,71.16000366210938,92579.0
2026-07-20T12:35:00-04:00,71.16000366210938,71.29000091552734,71.16000366210938,71.29000091552734,64057.0
2026-07-20T12:40:00-04:00,71.29499816894531,71.31999969482422,70.92500305175781,71.16999816894531,290794.0
2026-07-20T12:45:00-04:00,71.16999816894531,71.29499816894531,71.12999725341797,71.2750015258789,80208.0
2026-07-20T12:50:00-04:00,71.2699966430664,71.27999877929688,71.15989685058594,71.17990112304688,101945.0
2026-07-20T12:55:00-04:00,71.16999816894531,71.20999908447266,71.08999633789062,71.13500213623047,40470.0
2026-07-20T13:00:00-04:00,71.12999725341797,71.22000122070312,71.125,71.16999816894531,38003.0
2026-07-20T13:05:00-04:00,71.18000030517578,71.27999877929688,71.13999938964844,71.25,56412.0
2026-07-20T13:10:00-04:00,71.24500274658203,71.25,71.08000183105469,71.16999816894531,78317.0
2026-07-20T13:15:00-04:00,71.16000366210938,71.16999816894531,71.08999633789062,71.12000274658203,55399.0
2026-07-20T13:20:00-04:00,71.125,71.29000091552734,71.11000061035156,71.19999694824219,66891.0
2026-07-20T13:25:00-04:00,71.19999694824219,71.22000122070312,71.13500213623047,71.18499755859375,46679.0
2026-07-20T13:30:00-04:00,71.19000244140625,71.23999786376953,71.13999938964844,71.19000244140625,51778.0
2026-07-20T13:35:00-04:00,71.18000030517578,71.2300033569336,71.12000274658203,71.125,68780.0
2026-07-20T13:40:00-04:00,71.125,71.1500015258789,71.05000305175781,71.11000061035156,38471.0
2026-07-20T13:45:00-04:00,71.1050033569336,71.1500015258789,71.08499908447266,71.08999633789062,45875.0
2026-07-20T13:50:00-04:00,71.08000183105469,71.11000061035156,71.02999877929688,71.05500030517578,155520.0
2026-07-20T13:55:00-04:00,71.06099700927734,71.17500305175781,71.01010131835938,71.16500091552734,310706.0
2026-07-20T14:00:00-04:00,71.16999816894531,71.30999755859375,71.16999816894531,71.19000244140625,82995.0
2026-07-20T14:05:00-04:00,71.19100189208984,71.28500366210938,71.1510009765625,71.2750015258789,62417.0
2026-07-20T14:10:00-04:00,71.2699966430664,71.33999633789062,71.23500061035156,71.24500274658203,60375.0
2026-07-20T14:15:00-04:00,71.24500274658203,71.29000091552734,71.2300033569336,71.26000213623047,69450.0
2026-07-20T14:20:00-04:00,71.2677993774414,71.2677993774414,71.125,71.16999816894531,87281.0
2026-07-20T14:25:00-04:00,71.16500091552734,71.22000122070312,71.13999938964844,71.1500015258789,58657.0
2026-07-20T14:30:00-04:00,71.1449966430664,71.1500015258789,71.0,71.02100372314453,51862.0
2026-07-20T14:35:00-04:00,71.02999877929688,71.08000183105469,70.98999786376953,71.00499725341797,51581.0
2026-07-20T14:40:00-04:00,71.0,71.05000305175781,70.97000122070312,70.9749984741211,49823.0
2026-07-20T14:45:00-04:00,70.97000122070312,71.0250015258789,70.88999938964844,70.99099731445312,46376.0
2026-07-20T14:50:00-04:00,70.9800033569336,71.05999755859375,70.97000122070312,71.01000213623047,37171.0
2026-07-20T14:55:00-04:00,71.01499938964844,71.01499938964844,70.94100189208984,71.00499725341797,33270.0
2026-07-20T15:00:00-04:00,70.99500274658203,71.03500366210938,70.83999633789062,70.86100006103516,50559.0
2026-07-20T15:05:00-04:00,70.87000274658203,70.93000030517578,70.80999755859375,70.92500305175781,49188.0
2026-07-20T15:10:00-04:00,70.92500305175781,70.95999908447266,70.82029724121094,70.82499694824219,58580.0
2026-07-20T15:15:00-04:00,70.81999969482422,70.86000061035156,70.7750015258789,70.84500122070312,61018.0
2026-07-20T15:20:00-04:00,70.84500122070312,70.90499877929688,70.802001953125,70.875,114596.0
2026-07-20T15:25:00-04:00,70.87000274658203,70.9800033569336,70.77999877929688,70.94000244140625,292136.0
2026-07-20T15:30:00-04:00,70.95999908447266,71.08999633789062,70.94499969482422,71.01499938964844,239297.0
2026-07-20T15:35:00-04:00,71.01499938964844,71.0250015258789,70.87000274658203,70.94999694824219,215167.0
2026-07-20T15:40:00-04:00,70.94999694824219,71.0199966430664,70.93499755859375,70.99500274658203,245439.0
2026-07-20T15:45:00-04:00,70.99500274658203,71.06999969482422,70.95999908447266,71.06999969482422,162075.0
2026-07-20T15:50:00-04:00,71.06999969482422,71.06999969482422,70.80030059814453,70.8550033569336,200579.0
2026-07-20T15:55:00-04:00,70.86000061035156,70.86000061035156,70.65499877929688,70.73999786376953,728789.0
2026-07-21T09:30:00-04:00,72.44000244140625,72.90499877929688,72.44000244140625,72.86000061035156,1476685.0
2026-07-21T09:35:00-04:00,72.86000061035156,73.06999969482422,72.51029968261719,72.66000366210938,405274.0
2026-07-21T09:40:00-04:00,72.63999938964844,72.66000366210938,72.23999786376953,72.31500244140625,222733.0
2026-07-21T09:45:00-04:00,72.32499694824219,72.54499816894531,72.21281433105469,72.37999725341797,331908.0
2026-07-21T09:50:00-04:00,72.38999938964844,72.51950073242188,72.11000061035156,72.31999969482422,181947.0
2026-07-21T09:55:00-04:00,72.33000183105469,72.4000015258789,72.22000122070312,72.33499908447266,194568.0
2026-07-21T10:00:00-04:00,72.33499908447266,72.76000213623047,72.33000183105469,72.75499725341797,205401.0
2026-07-21T10:05:00-04:00,72.75,72.87999725341797,72.66000366210938,72.7300033569336,144357.0
2026-07-21T10:10:00-04:00,72.70999908447266,73.2300033569336,72.70999908447266,73.19999694824219,239651.0
2026-07-21T10:15:00-04:00,73.19499969482422,73.23999786376953,72.94000244140625,73.12000274658203,190077.0
2026-07-21T10:20:00-04:00,73.12950134277344,73.12950134277344,72.9000015258789,72.94999694824219,96037.0
2026-07-21T10:25:00-04:00,72.94000244140625,73.13999938964844,72.87999725341797,73.13999938964844,117965.0
2026-07-21T10:30:00-04:00,73.12999725341797,73.26640319824219,73.05999755859375,73.06500244140625,159853.0
2026-07-21T10:35:00-04:00,73.06999969482422,73.08499908447266,72.94000244140625,73.02999877929688,165793.0
2026-07-21T10:40:00-04:00,73.02999877929688,73.20500183105469,73.01000213623047,73.19000244140625,83495.0
2026-07-21T10:45:00-04:00,73.19000244140625,73.28199768066406,73.02999877929688,73.27999877929688,133546.0
2026-07-21T10:50:00-04:00,73.27200317382812,73.32499694824219,73.18000030517578,73.2300033569336,148339.0
2026-07-21T10:55:00-04:00,73.2300033569336,73.3550033569336,73.18000030517578,73.3499984741211,97844.0
2026-07-21T11:00:00-04:00,73.3499984741211,73.43000030517578,73.28500366210938,73.29499816894531,176581.0
2026-07-21T11:05:00-04:00,73.29000091552734,73.4800033569336,73.20999908447266,73.47000122070312,156187.0
2026-07-21T11:10:00-04:00,73.46499633789062,73.69999694824219,73.46499633789062,73.69000244140625,170788.0
2026-07-21T11:15:00-04:00,73.68000030517578,73.87000274658203,73.66999816894531,73.81999969482422,191188.0
2026-07-21T11:20:00-04:00,73.81999969482422,73.91999816894531,73.7699966430664,73.91000366210938,241319.0
2026-07-21T11:25:00-04:00,73.9000015258789,74.07499694824219,73.86000061035156,73.97309875488281,227821.0
2026-07-21T11:30:00-04:00,73.9749984741211,74.01000213623047,73.8865966796875,74.0,114431.0
2026-07-21T11:35:00-04:00,74.00499725341797,74.08999633789062,73.9800033569336,74.05000305175781,131808.0
2026-07-21T11:40:00-04:00,74.05999755859375,74.11000061035156,73.98500061035156,73.99500274658203,109278.0
2026-07-21T11:45:00-04:00,73.98999786376953,73.9999008178711,73.7699966430664,73.77989959716797,182085.0
2026-07-21T11:50:00-04:00,73.77999877929688,73.91000366210938,73.77999877929688,73.88500213623047,56482.0
2026-07-21T11:55:00-04:00,73.88500213623047,73.93000030517578,73.83999633789062,73.84989929199219,57626.0
2026-07-21T12:00:00-04:00,73.83999633789062,73.94999694824219,73.83000183105469,73.94999694824219,65923.0
2026-07-21T12:05:00-04:00,73.94999694824219,73.94999694824219,73.88999938964844,73.92019653320312,57625.0
2026-07-21T12:10:00-04:00,73.91999816894531,73.98999786376953,73.88500213623047,73.98999786376953,53701.0
2026-07-21T12:15:00-04:00,73.9800033569336,74.08000183105469,73.97010040283203,74.05999755859375,84641.0
2026-07-21T12:20:00-04:00,74.05500030517578,74.11250305175781,74.02999877929688,74.08000183105469,135054.0
2026-07-21T12:25:00-04:00,74.08000183105469,74.0896987915039,73.98999786376953,74.01499938964844,57518.0
2026-07-21T12:30:00-04:00,74.01000213623047,74.0199966430664,73.97000122070312,74.01000213623047,69560.0
2026-07-21T12:35:00-04:00,74.01000213623047,74.04499816894531,73.88500213623047,73.88500213623047,79721.0
2026-07-21T12:40:00-04:00,73.87999725341797,73.93499755859375,73.86499786376953,73.88999938964844,118239.0
2026-07-21T12:45:00-04:00,73.89250183105469,73.9800033569336,73.8594970703125,73.9749984741211,78092.0
2026-07-21T12:50:00-04:00,73.9749984741211,74.0896987915039,73.97000122070312,74.0719985961914,81868.0
2026-07-21T12:55:00-04:00,74.06999969482422,74.07499694824219,74.02999877929688,74.06999969482422,75493.0
2026-07-21T13:00:00-04:00,74.06999969482422,74.08499908447266,73.93499755859375,73.9800033569336,49699.0
2026-07-21T13:05:00-04:00,73.9749984741211,74.0250015258789,73.97000122070312,74.0199966430664,81812.0
2026-07-21T13:10:00-04:00,74.0199966430664,74.0199966430664,73.95999908447266,73.97949981689453,72821.0
2026-07-21T13:15:00-04:00,73.9800033569336,74.01000213623047,73.93499755859375,73.94000244140625,97024.0
2026-07-21T13:20:00-04:00,73.93499755859375,74.03500366210938,73.93499755859375,74.0250015258789,88388.0
2026-07-21T13:25:00-04:00,74.02999877929688,74.05500030517578,73.97000122070312,74.05000305175781,88337.0
2026-07-21T13:30:00-04:00,74.05500030517578,74.06999969482422,73.94989776611328,73.94999694824219,59797.0
2026-07-21T13:35:00-04:00,73.95500183105469,74.01499938964844,73.92500305175781,73.92500305175781,76056.0
2026-07-21T13:40:00-04:00,73.93000030517578,73.94999694824219,73.86499786376953,73.90499877929688,120981.0
2026-07-21T13:45:00-04:00,73.90499877929688,73.94499969482422,73.87999725341797,73.93769836425781,69334.0
2026-07-21T13:50:00-04:00,73.93009948730469,74.0,73.91999816894531,73.96499633789062,91508.0
2026-07-21T13:55:00-04:00,73.96499633789062,73.98999786376953,73.94000244140625,73.98500061035156,75713.0
2026-07-21T14:00:00-04:00,73.9800033569336,74.0,73.94000244140625,73.97000122070312,77265.0
2026-07-21T14:05:00-04:00,73.96499633789062,74.08499908447266,73.96499633789062,74.06999969482422,71594.0
2026-07-21T14:10:00-04:00,74.06999969482422,74.12000274658203,74.052001953125,74.05999755859375,122223.0
2026-07-21T14:15:00-04:00,74.05999755859375,74.05999755859375,73.9800033569336,73.99500274658203,78825.0
2026-07-21T14:20:00-04:00,73.99500274658203,74.1500015258789,73.9800033569336,74.13500213623047,147864.0
2026-07-21T14:25:00-04:00,74.12999725341797,74.2249984741211,74.12999725341797,74.16999816894531,120695.0
2026-07-21T14:30:00-04:00,74.17500305175781,74.18000030517578,74.08000183105469,74.09500122070312,151742.0
2026-07-21T14:35:00-04:00,74.08999633789062,74.1050033569336,73.98999786376953,73.99330139160156,116875.0
2026-07-21T14:40:00-04:00,73.98999786376953,74.01000213623047,73.94000244140625,73.94000244140625,63218.0
2026-07-21T14:45:00-04:00,73.94499969482422,73.95999908447266,73.875,73.9000015258789,53686.0
2026-07-21T14:50:00-04:00,73.8949966430664,73.89689636230469,73.80000305175781,73.80999755859375,106682.0
2026-07-21T14:55:00-04:00,73.80000305175781,73.83000183105469,73.74500274658203,73.76499938964844,130128.0
2026-07-21T15:00:00-04:00,73.76499938964844,73.90499877929688,73.73999786376953,73.9000015258789,137735.0
2026-07-21T15:05:00-04:00,73.88999938964844,73.8949966430664,73.77999877929688,73.77999877929688,118355.0
2026-07-21T15:10:00-04:00,73.77999877929688,73.81999969482422,73.73999786376953,73.74500274658203,53220.0
2026-07-21T15:15:00-04:00,73.73999786376953,73.80999755859375,73.7249984741211,73.80000305175781,86476.0
2026-07-21T15:20:00-04:00,73.80000305175781,73.80500030517578,73.7300033569336,73.75,82224.0
2026-07-21T15:25:00-04:00,73.73999786376953,73.77999877929688,73.72000122070312,73.73999786376953,102551.0
2026-07-21T15:30:00-04:00,73.73500061035156,73.80000305175781,73.73452758789062,73.7750015258789,105778.0
2026-07-21T15:35:00-04:00,73.7750015258789,73.78990173339844,73.71499633789062,73.75499725341797,125710.0
2026-07-21T15:40:00-04:00,73.75499725341797,73.93000030517578,73.75499725341797,73.90499877929688,205290.0
2026-07-21T15:45:00-04:00,73.90499877929688,74.0,73.9000015258789,74.0,263979.0
2026-07-21T15:50:00-04:00,74.0,74.1449966430664,73.99500274658203,74.13999938964844,569020.0
2026-07-21T15:55:00-04:00,74.13500213623047,74.22000122070312,74.1050033569336,74.18000030517578,1533076.0
2026-07-22T09:30:00-04:00,75.91999816894531,76.83999633789062,75.91999816894531,76.72000122070312,1411196.0
2026-07-22T09:35:00-04:00,76.70999908447266,77.16999816894531,76.55999755859375,77.12999725341797,439846.0
2026-07-22T09:40:00-04:00,77.11000061035156,77.4386978149414,76.93000030517578,77.31999969482422,564933.0
2026-07-22T09:45:00-04:00,77.33000183105469,77.5,77.2699966430664,77.36000061035156,355636.0
2026-07-22T09:50:00-04:00,77.36000061035156,77.44999694824219,77.22000122070312,77.2750015258789,232311.0
2026-07-22T09:55:00-04:00,77.27999877929688,77.55500030517578,77.22000122070312,77.44000244140625,292536.0
2026-07-22T10:00:00-04:00,77.44000244140625,77.48999786376953,77.31500244140625,77.43000030517578,373119.0
2026-07-22T10:05:00-04:00,77.42500305175781,77.49500274658203,77.23999786376953,77.33999633789062,416742.0
2026-07-22T10:10:00-04:00,77.34010314941406,77.6449966430664,77.32499694824219,77.54949951171875,426570.0
2026-07-22T10:15:00-04:00,77.54499816894531,77.54499816894531,77.29000091552734,77.31999969482422,228871.0
2026-07-22T10:20:00-04:00,77.33000183105469,77.4000015258789,77.2300033569336,77.30999755859375,355859.0
2026-07-22T10:25:00-04:00,77.33000183105469,77.3949966430664,77.12999725341797,77.2300033569336,264216.0
2026-07-22T10:30:00-04:00,77.2300033569336,77.54386138916016,77.21499633789062,77.41000366210938,255447.0
2026-07-22T10:35:00-04:00,77.41999816894531,77.52999877929688,77.375,77.4000015258789,128760.0
2026-07-22T10:40:00-04:00,77.41500091552734,77.55509948730469,77.30000305175781,77.5,178778.0
2026-07-22T10:45:00-04:00,77.5,77.55999755859375,77.22989654541016,77.31999969482422,174373.0
2026-07-22T10:50:00-04:00,77.32499694824219,77.37999725341797,77.24500274658203,77.26000213623047,102894.0
2026-07-22T10:55:00-04:00,77.23999786376953,77.35749816894531,77.1050033569336,77.33499908447266,226399.0
2026-07-22T11:00:00-04:00,77.33999633789062,77.41000366210938,77.31999969482422,77.38500213623047,511855.0
2026-07-22T11:05:00-04:00,77.38500213623047,77.45500183105469,77.37000274658203,77.4000015258789,169223.0
2026-07-22T11:10:00-04:00,77.40499877929688,77.62000274658203,77.3949966430664,77.59500122070312,258832.0
2026-07-22T11:15:00-04:00,77.58999633789062,77.6050033569336,77.48999786376953,77.53500366210938,182482.0
2026-07-22T11:20:00-04:00,77.53500366210938,77.67500305175781,77.51000213623047,77.62000274658203,182100.0
2026-07-22T11:25:00-04:00,77.61499786376953,77.69000244140625,77.55500030517578,77.55999755859375,253698.0
2026-07-22T11:30:00-04:00,77.55500030517578,77.66999816894531,77.51000213623047,77.63999938964844,221992.0
2026-07-22T11:35:00-04:00,77.63999938964844,77.69999694824219,77.6050033569336,77.6449966430664,152994.0
2026-07-22T11:40:00-04:00,77.63999938964844,77.7249984741211,77.62999725341797,77.71499633789062,127308.0
2026-07-22T11:45:00-04:00,77.71499633789062,77.98999786376953,77.70500183105469,77.9800033569336,208599.0
2026-07-22T11:50:00-04:00,77.9749984741211,77.9800033569336,77.81999969482422,77.81999969482422,165204.0
2026-07-22T11:55:00-04:00,77.80999755859375,77.81500244140625,77.54499816894531,77.62000274658203,316855.0
2026-07-22T12:00:00-04:00,77.62000274658203,77.63500213623047,77.37000274658203,77.375,315705.0
2026-07-22T12:05:00-04:00,77.37999725341797,77.48999786376953,77.30000305175781,77.33499908447266,229744.0
2026-07-22T12:10:00-04:00,77.33000183105469,77.33999633789062,77.08000183105469,77.11499786376953,236680.0
2026-07-22T12:15:00-04:00,77.11499786376953,77.15499877929688,77.00309753417969,77.1500015258789,214152.0
2026-07-22T12:20:00-04:00,77.13999938964844,77.1449966430664,76.97000122070312,77.0199966430664,153645.0
2026-07-22T12:25:00-04:00,77.0199966430664,77.0199966430664,76.875,76.95999908447266,93307.0
2026-07-22T12:30:00-04:00,76.95999908447266,76.99500274658203,76.88999938964844,76.8949966430664,73503.0
2026-07-22T12:35:00-04:00,76.9000015258789,76.91999816894531,76.76242065429688,76.82499694824219,128418.0
2026-07-22T12:40:00-04:00,76.82499694824219,76.9000015258789,76.81999969482422,76.86000061035156,170679.0
2026-07-22T12:45:00-04:00,76.86000061035156,76.8763427734375,76.62999725341797,76.65499877929688,114713.0
2026-07-22T12:50:00-04:00,76.65499877929688,76.75,76.62000274658203,76.7300033569336,140452.0
2026-07-22T12:55:00-04:00,76.73500061035156,76.8499984741211,76.7300033569336,76.83999633789062,103320.0
2026-07-22T13:00:00-04:00,76.83000183105469,76.86000061035156,76.6050033569336,76.68000030517578,106084.0
2026-07-22T13:05:00-04:00,76.66999816894531,76.72000122070312,76.54000091552734,76.61000061035156,123783.0
2026-07-22T13:10:00-04:00,76.61000061035156,76.68000030517578,76.55999755859375,76.58000183105469,80547.0
2026-07-22T13:15:00-04:00,76.56999969482422,76.5999984741211,76.5,76.5199966430664,69502.0
2026-07-22T13:20:00-04:00,76.5199966430664,76.66000366210938,76.48999786376953,76.6050033569336,100008.0
2026-07-22T13:25:00-04:00,76.5999984741211,76.62999725341797,76.55000305175781,76.59500122070312,143451.0
2026-07-22T13:30:00-04:00,76.58999633789062,76.69499969482422,76.58000183105469,76.61750030517578,101606.0
2026-07-22T13:35:00-04:00,76.62000274658203,76.66000366210938,76.52999877929688,76.54000091552734,59392.0
2026-07-22T13:40:00-04:00,76.54000091552734,76.58000183105469,76.5,76.56500244140625,64591.0
2026-07-22T13:45:00-04:00,76.56500244140625,76.69000244140625,76.56500244140625,76.68499755859375,66247.0
2026-07-22T13:50:00-04:00,76.68499755859375,76.7300033569336,76.61000061035156,76.61499786376953,69794.0
2026-07-22T13:55:00-04:00,76.61000061035156,76.72000122070312,76.55999755859375,76.70999908447266,63399.0
2026-07-22T14:00:00-04:00,76.70999908447266,76.71499633789062,76.58000183105469,76.59500122070312,70686.0
2026-07-22T14:05:00-04:00,76.58999633789062,76.61990356445312,76.55000305175781,76.55000305175781,60475.0
2026-07-22T14:10:00-04:00,76.55000305175781,76.56500244140625,76.44999694824219,76.46499633789062,94281.0
2026-07-22T14:15:00-04:00,76.45999908447266,76.4800033569336,76.3949966430664,76.44999694824219,51620.0
2026-07-22T14:20:00-04:00,76.44499969482422,76.48999786376953,76.41000366210938,76.45500183105469,75410.0
2026-07-22T14:25:00-04:00,76.45500183105469,76.46499633789062,76.38500213623047,76.43499755859375,69161.0
2026-07-22T14:30:00-04:00,76.44770050048828,76.44999694824219,76.29000091552734,76.31999969482422,130560.0
2026-07-22T14:35:00-04:00,76.30999755859375,76.38500213623047,76.30000305175781,76.33000183105469,103863.0
2026-07-22T14:40:00-04:00,76.33499908447266,76.36000061035156,76.29000091552734,76.34500122070312,54310.0
2026-07-22T14:45:00-04:00,76.3499984741211,76.37999725341797,76.30000305175781,76.32499694824219,50668.0
2026-07-22T14:50:00-04:00,76.31999969482422,76.40499877929688,76.30500030517578,76.375,127990.0
2026-07-22T14:55:00-04:00,76.37000274658203,76.42500305175781,76.31999969482422,76.33000183105469,64620.0
2026-07-22T15:00:00-04:00,76.33000183105469,76.3499984741211,76.23500061035156,76.28500366210938,93678.0
2026-07-22T15:05:00-04:00,76.28500366210938,76.375,76.27999877929688,76.31999969482422,79450.0
2026-07-22T15:10:00-04:00,76.31500244140625,76.42500305175781,76.26499938964844,76.31999969482422,108709.0
2026-07-22T15:15:00-04:00,76.31999969482422,76.46990203857422,76.30500030517578,76.37999725341797,95398.0
2026-07-22T15:20:00-04:00,76.37000274658203,76.44999694824219,76.25,76.44499969482422,113142.0
2026-07-22T15:25:00-04:00,76.44000244140625,76.55000305175781,76.3949966430664,76.53690338134766,124437.0
2026-07-22T15:30:00-04:00,76.53500366210938,76.55500030517578,76.44000244140625,76.5199966430664,195368.0
2026-07-22T15:35:00-04:00,76.51000213623047,76.5250015258789,76.37999725341797,76.51000213623047,279922.0
2026-07-22T15:40:00-04:00,76.51499938964844,76.61000061035156,76.50499725341797,76.58499908447266,169239.0
2026-07-22T15:45:00-04:00,76.58999633789062,76.73999786376953,76.58100128173828,76.73500061035156,264166.0
2026-07-22T15:50:00-04:00,76.73999786376953,76.76499938964844,76.43000030517578,76.5199966430664,412353.0
2026-07-22T15:55:00-04:00,76.5199966430664,76.75,76.48500061035156,76.70999908447266,1285220.0
2026-07-23T09:30:00-04:00,74.44200134277344,75.16000366210938,73.97000122070312,74.91999816894531,1693264.0
2026-07-23T09:35:00-04:00,74.91000366210938,75.08000183105469,74.73999786376953,74.7699966430664,260917.0
2026-07-23T09:40:00-04:00,74.79000091552734,75.2300033569336,74.76000213623047,75.02999877929688,275485.0
2026-07-23T09:45:00-04:00,75.02999877929688,75.08999633789062,74.72000122070312,74.79000091552734,323068.0
2026-07-23T09:50:00-04:00,74.79000091552734,75.13999938964844,74.69999694824219,75.12999725341797,214184.0
2026-07-23T09:55:00-04:00,75.12000274658203,75.19000244140625,74.4749984741211,74.48999786376953,306880.0
2026-07-23T10:00:00-04:00,74.5,74.7699966430664,74.5,74.62999725341797,275051.0
2026-07-23T10:05:00-04:00,74.62999725341797,74.80500030517578,74.33000183105469,74.58000183105469,184531.0
2026-07-23T10:10:00-04:00,74.58000183105469,74.99500274658203,74.52999877929688,74.80000305175781,276609.0
2026-07-23T10:15:00-04:00,74.80000305175781,75.0199966430664,74.77999877929688,74.91000366210938,278396.0
2026-07-23T10:20:00-04:00,74.9000015258789,74.93000030517578,74.66999816894531,74.88200378417969,195786.0
2026-07-23T10:25:00-04:00,74.83000183105469,75.33000183105469,74.83000183105469,75.31999969482422,204712.0
2026-07-23T10:30:00-04:00,75.30000305175781,75.3499984741211,75.04000091552734,75.06999969482422,290189.0
2026-07-23T10:35:00-04:00,75.08000183105469,75.31999969482422,75.00499725341797,75.30000305175781,112226.0
2026-07-23T10:40:00-04:00,75.30000305175781,75.36000061035156,74.93499755859375,74.95999908447266,151463.0
2026-07-23T10:45:00-04:00,74.94999694824219,75.13999938964844,74.91000366210938,75.01000213623047,161919.0
2026-07-23T10:50:00-04:00,75.01000213623047,75.05999755859375,74.75,74.76000213623047,117923.0
2026-07-23T10:55:00-04:00,74.76750183105469,74.88999938964844,74.73999786376953,74.77999877929688,74593.0
2026-07-23T11:00:00-04:00,74.80000305175781,74.81999969482422,74.5199966430664,74.61000061035156,152035.0
2026-07-23T11:05:00-04:00,74.61000061035156,74.625,74.31999969482422,74.33000183105469,146057.0
2026-07-23T11:10:00-04:00,74.33000183105469,74.4000015258789,74.19999694824219,74.25,241965.0
2026-07-23T11:15:00-04:00,74.25499725341797,74.45999908447266,74.21499633789062,74.26499938964844,174746.0
2026-07-23T11:20:00-04:00,74.26499938964844,74.33999633789062,73.90499877929688,74.08999633789062,281147.0
2026-07-23T11:25:00-04:00,74.0999984741211,74.12000274658203,73.97750091552734,73.9800033569336,142633.0
2026-07-23T11:30:00-04:00,73.9749984741211,74.08000183105469,73.8499984741211,74.08000183105469,160382.0
2026-07-23T11:35:00-04:00,74.08499908447266,74.37999725341797,74.08499908447266,74.33000183105469,104426.0
2026-07-23T11:40:00-04:00,74.31999969482422,74.48999786376953,74.31999969482422,74.33000183105469,81883.0
2026-07-23T11:45:00-04:00,74.30000305175781,74.41000366210938,74.2750015258789,74.29000091552734,70278.0
2026-07-23T11:50:00-04:00,74.29000091552734,74.46499633789062,74.26000213623047,74.45999908447266,117717.0
2026-07-23T11:55:00-04:00,74.46499633789062,74.5250015258789,74.30000305175781,74.33999633789062,102044.0
2026-07-23T12:00:00-04:00,74.33999633789062,74.58509826660156,74.33000183105469,74.54000091552734,69991.0
2026-07-23T12:05:00-04:00,74.54000091552734,74.58999633789062,74.46499633789062,74.54000091552734,79054.0
2026-07-23T12:10:00-04:00,74.55000305175781,74.70999908447266,74.55000305175781,74.69000244140625,66809.0
2026-07-23T12:15:00-04:00,74.68000030517578,74.76000213623047,74.58000183105469,74.63999938964844,89576.0
2026-07-23T12:20:00-04:00,74.6500015258789,74.87000274658203,74.6500015258789,74.8301010131836,49845.0
2026-07-23T12:25:00-04:00,74.83499908447266,74.97000122070312,74.80999755859375,74.94999694824219,60904.0
2026-07-23T12:30:00-04:00,74.94999694824219,74.94999694824219,74.79499816894531,74.79499816894531,76072.0
2026-07-23T12:35:00-04:00,74.79499816894531,74.9800033569336,74.79499816894531,74.94999694824219,55643.0
2026-07-23T12:40:00-04:00,74.95999908447266,74.97000122070312,74.8499984741211,74.8550033569336,52754.0
2026-07-23T12:45:00-04:00,74.8550033569336,74.97000122070312,74.80000305175781,74.91000366210938,88987.0
2026-07-23T12:50:00-04:00,74.9000015258789,74.97000122070312,74.8499984741211,74.89510345458984,53173.0
2026-07-23T12:55:00-04:00,74.9000015258789,75.13999938964844,74.9000015258789,75.125,59712.0
2026-07-23T13:00:00-04:00,75.12999725341797,75.2300033569336,75.05000305175781,75.19999694824219,83979.0
2026-07-23T13:05:00-04:00,75.19999694824219,75.26000213623047,75.0801010131836,75.1500015258789,56728.0
2026-07-23T13:10:00-04:00,75.16000366210938,75.19000244140625,75.05999755859375,75.06999969482422,61192.0
2026-07-23T13:15:00-04:00,75.05999755859375,75.13999938964844,75.04000091552734,75.05000305175781,53321.0
2026-07-23T13:20:00-04:00,75.05500030517578,75.16999816894531,75.05000305175781,75.11000061035156,40250.0
2026-07-23T13:25:00-04:00,75.11000061035156,75.16999816894531,75.09500122070312,75.11499786376953,35953.0
2026-07-23T13:30:00-04:00,75.11000061035156,75.1500015258789,75.05999755859375,75.08989715576172,56127.0
2026-07-23T13:35:00-04:00,75.08000183105469,75.08000183105469,74.9800033569336,75.0,52338.0
2026-07-23T13:40:00-04:00,75.00499725341797,75.05000305175781,74.93499755859375,74.98999786376953,83728.0
2026-07-23T13:45:00-04:00,74.98500061035156,75.04000091552734,74.94999694824219,74.98500061035156,122986.0
2026-07-23T13:50:00-04:00,74.9800033569336,74.9800033569336,74.88999938964844,74.91999816894531,53301.0
2026-07-23T13:55:00-04:00,74.91999816894531,74.91999816894531,74.80500030517578,74.81500244140625,136194.0
2026-07-23T14:00:00-04:00,74.81500244140625,74.81500244140625,74.68499755859375,74.69000244140625,97105.0
2026-07-23T14:05:00-04:00,74.68000030517578,74.7699966430664,74.66000366210938,74.68499755859375,66962.0
2026-07-23T14:10:00-04:00,74.69000244140625,74.76010131835938,74.63999938964844,74.69999694824219,69280.0
2026-07-23T14:15:00-04:00,74.69999694824219,74.7699966430664,74.68000030517578,74.74500274658203,66615.0
2026-07-23T14:20:00-04:00,74.75,74.80500030517578,74.73999786376953,74.75,98685.0
2026-07-23T14:25:00-04:00,74.75,74.8550033569336,74.69999694824219,74.84500122070312,57756.0
2026-07-23T14:30:00-04:00,74.84500122070312,74.94999694824219,74.84500122070312,74.91999816894531,80737.0
2026-07-23T14:35:00-04:00,74.91999816894531,74.96499633789062,74.91000366210938,74.96499633789062,75189.0
2026-07-23T14:40:00-04:00,74.96499633789062,75.01000213623047,74.93499755859375,74.9800033569336,79830.0
2026-07-23T14:45:00-04:00,74.9800033569336,75.03500366210938,74.93000030517578,74.94499969482422,113239.0
2026-07-23T14:50:00-04:00,74.94499969482422,74.95989990234375,74.8499984741211,74.8499984741211,79707.0
2026-07-23T14:55:00-04:00,74.84500122070312,74.88500213623047,74.80500030517578,74.86499786376953,112409.0
2026-07-23T15:00:00-04:00,74.86499786376953,74.9000015258789,74.68000030517578,74.68499755859375,73163.0
2026-07-23T15:05:00-04:00,74.68000030517578,74.7301025390625,74.58999633789062,74.58999633789062,138850.0
2026-07-23T15:10:00-04:00,74.58999633789062,74.58999633789062,74.4800033569336,74.48999786376953,267263.0
2026-07-23T15:15:00-04:00,74.48999786376953,74.62999725341797,74.47000122070312,74.55000305175781,92304.0
2026-07-23T15:20:00-04:00,74.55500030517578,74.70999908447266,74.55500030517578,74.70500183105469,95637.0
2026-07-23T15:25:00-04:00,74.70999908447266,74.80000305175781,74.70999908447266,74.7699966430664,142738.0
2026-07-23T15:30:00-04:00,74.7699966430664,74.83999633789062,74.55999755859375,74.63999938964844,228519.0
2026-07-23T15:35:00-04:00,74.63999938964844,74.76499938964844,74.625,74.70999908447266,216439.0
2026-07-23T15:40:00-04:00,74.70999908447266,74.75499725341797,74.6500015258789,74.66000366210938,160545.0
2026-07-23T15:45:00-04:00,74.66500091552734,74.7300033569336,74.625,74.69499969482422,198311.0
2026-07-23T15:50:00-04:00,74.69999694824219,74.94000244140625,74.69499969482422,74.91500091552734,397604.0
2026-07-23T15:55:00-04:00,74.91500091552734,75.06999969482422,74.80999755859375,75.0199966430664,1403137.0
2026-07-24T09:30:00-04:00,75.5,75.5199966430664,74.68000030517578,74.7249984741211,606590.0
2026-07-24T09:35:00-04:00,74.72000122070312,75.30999755859375,74.62000274658203,75.30999755859375,156519.0
2026-07-24T09:40:00-04:00,75.30000305175781,75.31999969482422,75.01000213623047,75.26000213623047,138083.0
2026-07-24T09:45:00-04:00,75.23999786376953,75.5,75.11000061035156,75.5,163321.0
2026-07-24T09:50:00-04:00,75.48999786376953,75.5199966430664,75.16999816894531,75.2750015258789,163795.0
2026-07-24T09:55:00-04:00,75.2699966430664,75.47000122070312,75.05999755859375,75.41000366210938,138212.0
2026-07-24T10:00:00-04:00,75.43000030517578,75.55000305175781,75.23999786376953,75.25,111886.0
2026-07-24T10:05:00-04:00,75.27999877929688,75.375,75.05999755859375,75.33999633789062,141224.0
2026-07-24T10:10:00-04:00,75.41999816894531,75.46499633789062,75.30999755859375,75.31999969482422,110225.0
2026-07-24T10:15:00-04:00,75.33000183105469,75.38999938964844,74.95999908447266,75.04989624023438,67461.0
2026-07-24T10:20:00-04:00,75.05000305175781,75.48999786376953,74.98999786376953,75.37000274658203,323333.0
2026-07-24T10:25:00-04:00,75.37999725341797,75.66000366210938,75.36000061035156,75.5199966430664,237584.0
2026-07-24T10:30:00-04:00,75.52999877929688,75.62000274658203,75.36000061035156,75.44999694824219,140098.0
2026-07-24T10:35:00-04:00,75.44999694824219,75.5199966430664,75.23999786376953,75.25,91965.0
2026-07-24T10:40:00-04:00,75.24500274658203,75.33000183105469,75.168701171875,75.26499938964844,99924.0
2026-07-24T10:45:00-04:00,75.25,75.27999877929688,75.06999969482422,75.25,117636.0
2026-07-24T10:50:00-04:00,75.26000213623047,75.4000015258789,75.22000122070312,75.25,120986.0
2026-07-24T10:55:00-04:00,75.26000213623047,75.51000213623047,75.26000213623047,75.33000183105469,84178.0
2026-07-24T11:00:00-04:00,75.33999633789062,75.45999908447266,75.2699966430664,75.31999969482422,339292.0
2026-07-24T11:05:00-04:00,75.31999969482422,75.34500122070312,75.16000366210938,75.22000122070312,131042.0
2026-07-24T11:10:00-04:00,75.22000122070312,76.05999755859375,75.20999908447266,75.98999786376953,613608.0
2026-07-24T11:15:00-04:00,75.94000244140625,76.4000015258789,75.86000061035156,76.0999984741211,571420.0
2026-07-24T11:20:00-04:00,76.11000061035156,76.41000366210938,76.0999984741211,76.19999694824219,151645.0
2026-07-24T11:25:00-04:00,76.19999694824219,76.31999969482422,76.08000183105469,76.30000305175781,207277.0
2026-07-24T11:30:00-04:00,76.29000091552734,76.3499984741211,76.04620361328125,76.04620361328125,136284.0
2026-07-24T11:35:00-04:00,76.04000091552734,76.33999633789062,76.02010345458984,76.33000183105469,175922.0
2026-07-24T11:40:00-04:00,76.33000183105469,76.4800033569336,76.12000274658203,76.1500015258789,152264.0
2026-07-24T11:45:00-04:00,76.16000366210938,76.22989654541016,76.1050033569336,76.13999938964844,121324.0
2026-07-24T11:50:00-04:00,76.1500015258789,76.20500183105469,76.12000274658203,76.18000030517578,77686.0
2026-07-24T11:55:00-04:00,76.19000244140625,76.21499633789062,76.06999969482422,76.1500015258789,84296.0
2026-07-24T12:00:00-04:00,76.1449966430664,76.30999755859375,76.01000213623047,76.30500030517578,86792.0
2026-07-24T12:05:00-04:00,76.30000305175781,76.3499984741211,76.20999908447266,76.31690216064453,68564.0
2026-07-24T12:10:00-04:00,76.31999969482422,76.3499984741211,76.08999633789062,76.0999984741211,82454.0
2026-07-24T12:15:00-04:00,76.0999984741211,76.0999984741211,76.02999877929688,76.05000305175781,56511.0
2026-07-24T12:20:00-04:00,76.05999755859375,76.20999908447266,76.04000091552734,76.18000030517578,188326.0
2026-07-24T12:25:00-04:00,76.18000030517578,76.24089813232422,76.04000091552734,76.06500244140625,68427.0
2026-07-24T12:30:00-04:00,76.05000305175781,76.05500030517578,75.91000366210938,75.9800033569336,111975.0
2026-07-24T12:35:00-04:00,75.9800033569336,76.01000213623047,75.7750015258789,75.80999755859375,52833.0
2026-07-24T12:40:00-04:00,75.80999755859375,75.80999755859375,75.69000244140625,75.69999694824219,97021.0
2026-07-24T12:45:00-04:00,75.69999694824219,75.72000122070312,75.58999633789062,75.62000274658203,59338.0
2026-07-24T12:50:00-04:00,75.62000274658203,75.66999816894531,75.58999633789062,75.63999938964844,51097.0
2026-07-24T12:55:00-04:00,75.62999725341797,75.79499816894531,75.55999755859375,75.76000213623047,96450.0
2026-07-24T13:00:00-04:00,75.75,75.79000091552734,75.69999694824219,75.75499725341797,45171.0
2026-07-24T13:05:00-04:00,75.76000213623047,75.76499938964844,75.54000091552734,75.55999755859375,93919.0
2026-07-24T13:10:00-04:00,75.55999755859375,75.5999984741211,75.47000122070312,75.57499694824219,225767.0
2026-07-24T13:15:00-04:00,75.57009887695312,75.70999908447266,75.55000305175781,75.70999908447266,46243.0
2026-07-24T13:20:00-04:00,75.72000122070312,75.74500274658203,75.6449966430664,75.72000122070312,59583.0
2026-07-24T13:25:00-04:00,75.7249984741211,75.76000213623047,75.66999816894531,75.75,45222.0
2026-07-24T13:30:00-04:00,75.76000213623047,75.79000091552734,75.68499755859375,75.7300033569336,46641.0
2026-07-24T13:35:00-04:00,75.7300033569336,75.73999786376953,75.62999725341797,75.62999725341797,35166.0
2026-07-24T13:40:00-04:00,75.62999725341797,75.66000366210938,75.5999984741211,75.63999938964844,91059.0
2026-07-24T13:45:00-04:00,75.62999725341797,75.69000244140625,75.6050033569336,75.65499877929688,52831.0
2026-07-24T13:50:00-04:00,75.6500015258789,75.68000030517578,75.56060028076172,75.5999984741211,39145.0
2026-07-24T13:55:00-04:00,75.5999984741211,75.66000366210938,75.58999633789062,75.61000061035156,50012.0
2026-07-24T14:00:00-04:00,75.61000061035156,75.61499786376953,75.52999877929688,75.58499908447266,52504.0
2026-07-24T14:05:00-04:00,75.58999633789062,75.63999938964844,75.56999969482422,75.61000061035156,44510.0
2026-07-24T14:10:00-04:00,75.61499786376953,75.62000274658203,75.41500091552734,75.42500305175781,48905.0
2026-07-24T14:15:00-04:00,75.41999816894531,75.44999694824219,75.33999633789062,75.33999633789062,45989.0
2026-07-24T14:20:00-04:00,75.33999633789062,75.37750244140625,75.29000091552734,75.36000061035156,45595.0
2026-07-24T14:25:00-04:00,75.36000061035156,75.36000061035156,75.19999694824219,75.21499633789062,56254.0
2026-07-24T14:30:00-04:00,75.22000122070312,75.2509994506836,75.05999755859375,75.08999633789062,62055.0
2026-07-24T14:35:00-04:00,75.08000183105469,75.19000244140625,75.02999877929688,75.12999725341797,65046.0
2026-07-24T14:40:00-04:00,75.12000274658203,75.12000274658203,74.97000122070312,75.0199966430664,64118.0
2026-07-24T14:45:00-04:00,75.02999877929688,75.20999908447266,75.01000213623047,75.12000274658203,70605.0
2026-07-24T14:50:00-04:00,75.12000274658203,75.19999694824219,75.08000183105469,75.16999816894531,48535.0
2026-07-24T14:55:00-04:00,75.16999816894531,75.19000244140625,75.12999725341797,75.13500213623047,40303.0
2026-07-24T15:00:00-04:00,75.13500213623047,75.17500305175781,75.05999755859375,75.06999969482422,107626.0
2026-07-24T15:05:00-04:00,75.08000183105469,75.13500213623047,74.9749984741211,74.98999786376953,83691.0
2026-07-24T15:10:00-04:00,74.9800033569336,75.05999755859375,74.90499877929688,74.91000366210938,65948.0
2026-07-24T15:15:00-04:00,74.91000366210938,75.00499725341797,74.87000274658203,74.97000122070312,89852.0
2026-07-24T15:20:00-04:00,74.97309875488281,75.03500366210938,74.86000061035156,74.87030029296875,110659.0
2026-07-24T15:25:00-04:00,74.87000274658203,74.9800033569336,74.8499984741211,74.94999694824219,76552.0
2026-07-24T15:30:00-04:00,74.95999908447266,75.08999633789062,74.94000244140625,75.05000305175781,94260.0
2026-07-24T15:35:00-04:00,75.05000305175781,75.1500015258789,74.96499633789062,74.97000122070312,123590.0
2026-07-24T15:40:00-04:00,74.97000122070312,75.05999755859375,74.94999694824219,75.05999755859375,137516.0
2026-07-24T15:45:00-04:00,75.06999969482422,75.20999908447266,75.06999969482422,75.17500305175781,187796.0
2026-07-24T15:50:00-04:00,75.18000030517578,75.22000122070312,75.04499816894531,75.16000366210938,185311.0
2026-07-24T15:55:00-04:00,75.16500091552734,75.25,75.08999633789062,75.20999908447266,524521.0
2026-07-27T09:30:00-04:00,76.20999908447266,76.55000305175781,75.58499908447266,75.8499984741211,778021.0
2026-07-27T09:35:00-04:00,75.86000061035156,76.33000183105469,75.86000061035156,76.16500091552734,219855.0
2026-07-27T09:40:00-04:00,76.16000366210938,76.23100280761719,75.93000030517578,76.0999984741211,142378.0
2026-07-27T09:45:00-04:00,76.11000061035156,76.23999786376953,75.94499969482422,76.04000091552734,179797.0
2026-07-27T09:50:00-04:00,76.05000305175781,76.20999908447266,75.9000015258789,75.9000015258789,118398.0
2026-07-27T09:55:00-04:00,75.90499877929688,75.92500305175781,75.52999877929688,75.63999938964844,212961.0
2026-07-27T10:00:00-04:00,75.62000274658203,75.80999755859375,75.53500366210938,75.6500015258789,207675.0
2026-07-27T10:05:00-04:00,75.66000366210938,75.70999908447266,75.52999877929688,75.61000061035156,171703.0
2026-07-27T10:10:00-04:00,75.58999633789062,75.61499786376953,75.1698989868164,75.44999694824219,370590.0
2026-07-27T10:15:00-04:00,75.45500183105469,75.5199966430664,75.20999908447266,75.30999755859375,180643.0
2026-07-27T10:20:00-04:00,75.29000091552734,75.30000305175781,74.94000244140625,75.0199966430664,114825.0
2026-07-27T10:25:00-04:00,75.0199966430664,75.05509948730469,74.77100372314453,74.80000305175781,107758.0
2026-07-27T10:30:00-04:00,74.80999755859375,74.85030364990234,74.61000061035156,74.65499877929688,446854.0
2026-07-27T10:35:00-04:00,74.6500015258789,74.7300033569336,74.4800033569336,74.63999938964844,179163.0
2026-07-27T10:40:00-04:00,74.62000274658203,74.63999938964844,74.25,74.37000274658203,264451.0
2026-07-27T10:45:00-04:00,74.4000015258789,75.07530212402344,74.4000015258789,75.05999755859375,180900.0
2026-07-27T10:50:00-04:00,75.05999755859375,75.2750015258789,74.98500061035156,75.25,122524.0
2026-07-27T10:55:00-04:00,75.26000213623047,75.69999694824219,75.19999694824219,75.6500015258789,119973.0
2026-07-27T11:00:00-04:00,75.63999938964844,75.63999938964844,75.37000274658203,75.56999969482422,75012.0
2026-07-27T11:05:00-04:00,75.58000183105469,75.69000244140625,75.45999908447266,75.46050262451172,64110.0
2026-07-27T11:10:00-04:00,75.47000122070312,75.58000183105469,75.4000015258789,75.45999908447266,58719.0
2026-07-27T11:15:00-04:00,75.45999908447266,75.62000274658203,75.38999938964844,75.5999984741211,101383.0
2026-07-27T11:20:00-04:00,75.62999725341797,75.75,75.4000015258789,75.41999816894531,93809.0
2026-07-27T11:25:00-04:00,75.38999938964844,75.41999816894531,75.22000122070312,75.33000183105469,185303.0
2026-07-27T11:30:00-04:00,75.31999969482422,75.37999725341797,75.11499786376953,75.12000274658203,78491.0
2026-07-27T11:35:00-04:00,75.125,75.16500091552734,74.9800033569336,75.04000091552734,76318.0
2026-07-27T11:40:00-04:00,75.05500030517578,75.22010040283203,74.99500274658203,75.22000122070312,68941.0
2026-07-27T11:45:00-04:00,75.2300033569336,75.23999786376953,75.08000183105469,75.0999984741211,74589.0
2026-07-27T11:50:00-04:00,75.11499786376953,75.19999694824219,75.07499694824219,75.11000061035156,84698.0
2026-07-27T11:55:00-04:00,75.11000061035156,75.19499969482422,75.11000061035156,75.18499755859375,45679.0
2026-07-27T12:00:00-04:00,75.18009948730469,75.2300033569336,75.11000061035156,75.16500091552734,62794.0
2026-07-27T12:05:00-04:00,75.16999816894531,75.36000061035156,75.13999938964844,75.36000061035156,51176.0
2026-07-27T12:10:00-04:00,75.36499786376953,75.44000244140625,75.31999969482422,75.3499984741211,55276.0
2026-07-27T12:15:00-04:00,75.34500122070312,75.48999786376953,75.33000183105469,75.48989868164062,76634.0
2026-07-27T12:20:00-04:00,75.4800033569336,75.5999984741211,75.44000244140625,75.4800033569336,74799.0
2026-07-27T12:25:00-04:00,75.4800033569336,75.94000244140625,75.4800033569336,75.8550033569336,261000.0
2026-07-27T12:30:00-04:00,75.86000061035156,76.13999938964844,75.8499984741211,76.11499786376953,124700.0
2026-07-27T12:35:00-04:00,76.11499786376953,76.318603515625,76.02999877929688,76.08000183105469,130252.0
2026-07-27T12:40:00-04:00,76.08000183105469,76.08000183105469,75.91000366210938,75.94999694824219,65624.0
2026-07-27T12:45:00-04:00,75.95500183105469,75.98999786376953,75.86000061035156,75.86499786376953,60854.0
2026-07-27T12:50:00-04:00,75.86000061035156,75.86000061035156,75.66999816894531,75.72000122070312,67592.0
2026-07-27T12:55:00-04:00,75.72000122070312,75.72000122070312,75.5999984741211,75.6500015258789,85315.0
2026-07-27T13:00:00-04:00,75.6500015258789,75.6500015258789,75.36499786376953,75.38999938964844,131192.0
2026-07-27T13:05:00-04:00,75.39019775390625,75.41999816894531,75.27999877929688,75.33999633789062,72575.0
2026-07-27T13:10:00-04:00,75.34500122070312,75.4800033569336,75.27999877929688,75.43000030517578,64962.0
2026-07-27T13:15:00-04:00,75.43000030517578,75.45999908447266,75.29000091552734,75.31999969482422,68247.0
2026-07-27T13:20:00-04:00,75.31999969482422,75.47000122070312,75.2699966430664,75.30000305175781,72124.0
2026-07-27T13:25:00-04:00,75.31999969482422,75.34500122070312,75.26000213623047,75.29499816894531,44172.0
2026-07-27T13:30:00-04:00,75.29000091552734,75.43000030517578,75.26000213623047,75.40499877929688,29975.0
2026-07-27T13:35:00-04:00,75.4000015258789,75.41000366210938,75.33000183105469,75.33999633789062,37654.0
2026-07-27T13:40:00-04:00,75.33000183105469,75.33999633789062,75.23999786376953,75.23999786376953,57346.0
2026-07-27T13:45:00-04:00,75.24500274658203,75.30120086669922,75.20500183105469,75.20999908447266,32783.0
2026-07-27T13:50:00-04:00,75.20999908447266,75.30000305175781,75.19000244140625,75.25,40219.0
2026-07-27T13:55:00-04:00,75.26000213623047,75.3550033569336,75.26000213623047,75.33499908447266,43103.0
2026-07-27T14:00:00-04:00,75.33499908447266,75.3949966430664,75.30999755859375,75.30999755859375,63046.0
2026-07-27T14:05:00-04:00,75.30999755859375,75.36499786376953,75.27999877929688,75.29000091552734,32379.0
2026-07-27T14:10:00-04:00,75.29000091552734,75.29000091552734,75.20999908447266,75.25,35844.0
2026-07-27T14:15:00-04:00,75.23999786376953,75.28500366210938,75.13500213623047,75.2249984741211,52595.0
2026-07-27T14:20:00-04:00,75.19000244140625,75.29000091552734,75.19000244140625,75.2750015258789,60926.0
2026-07-27T14:25:00-04:00,75.2699966430664,75.29000091552734,75.16000366210938,75.16999816894531,50397.0
2026-07-27T14:30:00-04:00,75.16999816894531,75.16999816894531,75.08000183105469,75.08000183105469,44866.0
2026-07-27T14:35:00-04:00,75.08000183105469,75.11000061035156,75.0199966430664,75.02549743652344,71140.0
2026-07-27T14:40:00-04:00,75.02999877929688,75.19000244140625,75.01000213623047,75.08999633789062,172847.0
2026-07-27T14:45:00-04:00,75.08000183105469,75.1500015258789,75.04499816894531,75.05999755859375,38764.0
2026-07-27T14:50:00-04:00,75.06500244140625,75.33999633789062,75.05000305175781,75.30999755859375,55573.0
2026-07-27T14:55:00-04:00,75.30999755859375,75.43000030517578,75.30999755859375,75.43000030517578,71262.0
2026-07-27T15:00:00-04:00,75.43000030517578,75.5,75.37999725341797,75.44499969482422,95403.0
2026-07-27T15:05:00-04:00,75.44000244140625,75.68499755859375,75.40499877929688,75.66999816894531,92217.0
2026-07-27T15:10:00-04:00,75.66000366210938,75.72000122070312,75.55999755859375,75.55999755859375,80751.0
2026-07-27T15:15:00-04:00,75.56999969482422,75.79000091552734,75.55999755859375,75.79000091552734,88792.0
2026-07-27T15:20:00-04:00,75.79499816894531,75.90499877929688,75.79000091552734,75.87999725341797,97395.0
2026-07-27T15:25:00-04:00,75.87999725341797,75.96499633789062,75.83000183105469,75.95999908447266,106869.0
2026-07-27T15:30:00-04:00,75.94999694824219,75.9800033569336,75.875,75.93000030517578,94339.0
2026-07-27T15:35:00-04:00,75.91999816894531,75.94499969482422,75.8550033569336,75.86000061035156,105608.0
2026-07-27T15:40:00-04:00,75.86000061035156,75.94999694824219,75.80999755859375,75.87000274658203,116402.0
2026-07-27T15:45:00-04:00,75.87000274658203,75.92500305175781,75.8550033569336,75.92500305175781,130952.0
2026-07-27T15:50:00-04:00,75.93000030517578,75.93000030517578,75.75029754638672,75.82499694824219,254959.0
2026-07-27T15:55:00-04:00,75.82499694824219,75.82499694824219,75.6500015258789,75.72000122070312,752459.0
2026-07-28T09:30:00-04:00,74.5,74.66000366210938,74.18000030517578,74.33000183105469,452306.0
2026-07-28T09:35:00-04:00,74.4000015258789,74.44999694824219,73.5999984741211,73.62000274658203,370385.0
2026-07-28T09:40:00-04:00,73.61499786376953,73.80000305175781,73.5199966430664,73.77999877929688,352487.0
2026-07-28T09:45:00-04:00,73.79499816894531,73.8499984741211,73.45999908447266,73.7300033569336,266019.0
2026-07-28T09:50:00-04:00,73.73999786376953,73.79000091552734,73.33000183105469,73.52999877929688,316463.0
2026-07-28T09:55:00-04:00,73.53500366210938,73.62999725341797,73.44000244140625,73.56999969482422,119355.0
2026-07-28T10:00:00-04:00,73.55999755859375,74.08999633789062,73.55000305175781,74.0250015258789,121900.0
2026-07-28T10:05:00-04:00,74.01000213623047,74.2699966430664,73.99500274658203,74.19999694824219,177412.0
2026-07-28T10:10:00-04:00,74.19999694824219,74.50499725341797,73.91000366210938,73.94999694824219,166894.0
2026-07-28T10:15:00-04:00,73.95999908447266,74.01000213623047,73.66999816894531,73.68000030517578,159611.0
2026-07-28T10:20:00-04:00,73.67500305175781,73.73100280761719,73.40499877929688,73.62999725341797,186224.0
2026-07-28T10:25:00-04:00,73.63999938964844,73.74500274658203,73.55500030517578,73.7300033569336,193561.0
2026-07-28T10:30:00-04:00,73.72000122070312,73.81990051269531,73.5999984741211,73.66400146484375,185228.0
2026-07-28T10:35:00-04:00,73.66500091552734,73.87000274658203,73.52999877929688,73.58999633789062,161905.0
2026-07-28T10:40:00-04:00,73.58499908447266,73.875,73.55000305175781,73.80500030517578,202148.0
2026-07-28T10:45:00-04:00,73.80500030517578,74.11000061035156,73.68000030517578,74.07990264892578,254308.0
2026-07-28T10:50:00-04:00,74.06999969482422,74.18000030517578,73.94999694824219,73.97000122070312,91540.0
2026-07-28T10:55:00-04:00,73.9800033569336,74.04499816894531,73.80999755859375,73.80999755859375,165475.0
2026-07-28T11:00:00-04:00,73.80999755859375,73.98999786376953,73.73999786376953,73.75,74201.0
2026-07-28T11:05:00-04:00,73.73999786376953,73.95999908447266,73.63999938964844,73.93000030517578,87413.0
2026-07-28T11:10:00-04:00,73.94000244140625,74.37000274658203,73.94000244140625,74.20999908447266,250918.0
2026-07-28T11:15:00-04:00,74.20999908447266,74.33000183105469,74.05000305175781,74.22000122070312,526214.0
2026-07-28T11:20:00-04:00,74.2300033569336,74.63999938964844,74.2300033569336,74.63999938964844,141921.0
2026-07-28T11:25:00-04:00,74.65499877929688,74.75,74.48999786376953,74.53500366210938,164821.0
2026-07-28T11:30:00-04:00,74.55000305175781,74.68499755859375,74.43499755859375,74.56999969482422,78265.0
2026-07-28T11:35:00-04:00,74.56999969482422,74.79000091552734,74.55000305175781,74.69499969482422,96563.0
2026-07-28T11:40:00-04:00,74.68000030517578,74.81999969482422,74.61000061035156,74.79499816894531,108173.0
2026-07-28T11:45:00-04:00,74.79000091552734,74.98999786376953,74.79000091552734,74.9749984741211,160732.0
2026-07-28T11:50:00-04:00,74.9800033569336,75.08999633789062,74.91999816894531,75.03500366210938,226534.0
2026-07-28T11:55:00-04:00,75.04499816894531,75.125,74.97000122070312,75.125,73742.0
2026-07-28T12:00:00-04:00,75.12999725341797,75.1449966430664,74.98999786376953,75.05500030517578,61114.0
2026-07-28T12:05:00-04:00,75.04000091552734,75.08999633789062,74.91999816894531,74.98500061035156,57216.0
2026-07-28T12:10:00-04:00,74.98500061035156,75.05000305175781,74.91999816894531,74.94499969482422,83222.0
2026-07-28T12:15:00-04:00,74.94999694824219,74.9749984741211,74.78500366210938,74.87950134277344,50809.0
2026-07-28T12:20:00-04:00,74.875,74.91999816894531,74.76000213623047,74.83000183105469,59048.0
2026-07-28T12:25:00-04:00,74.83989715576172,74.86000061035156,74.76000213623047,74.76000213623047,67405.0
2026-07-28T12:30:00-04:00,74.75499725341797,74.75499725341797,74.6449966430664,74.67500305175781,66976.0
2026-07-28T12:35:00-04:00,74.66999816894531,74.72000122070312,74.57499694824219,74.5999984741211,33873.0
2026-07-28T12:40:00-04:00,74.5999984741211,74.63999938964844,74.55999755859375,74.58499908447266,49888.0
2026-07-28T12:45:00-04:00,74.58499908447266,74.59500122070312,74.44999694824219,74.5,241536.0
2026-07-28T12:50:00-04:00,74.5,74.7699966430664,74.5,74.75,72171.0
2026-07-28T12:55:00-04:00,74.75,74.81500244140625,74.7300033569336,74.80000305175781,59492.0
2026-07-28T13:00:00-04:00,74.8030014038086,74.8499984741211,74.69999694824219,74.75,43715.0
2026-07-28T13:05:00-04:00,74.73999786376953,74.78500366210938,74.6449966430664,74.6449966430664,54009.0
2026-07-28T13:10:00-04:00,74.63999938964844,74.63999938964844,74.55000305175781,74.58000183105469,52795.0
2026-07-28T13:15:00-04:00,74.58000183105469,74.58999633789062,74.5,74.5199966430664,39624.0
2026-07-28T13:20:00-04:00,74.5,74.69999694824219,74.5,74.5,85966.0
2026-07-28T13:25:00-04:00,74.48999786376953,74.61000061035156,74.45999908447266,74.51499938964844,37984.0
2026-07-28T13:30:00-04:00,74.5199966430664,74.55000305175781,74.46499633789062,74.54000091552734,39138.0
2026-07-28T13:35:00-04:00,74.54499816894531,74.55500030517578,74.37000274658203,74.38500213623047,63967.0
2026-07-28T13:40:00-04:00,74.37999725341797,74.38999938964844,74.1500015258789,74.1500015258789,80060.0
2026-07-28T13:45:00-04:00,74.16000366210938,74.2300033569336,74.06500244140625,74.22000122070312,74803.0
2026-07-28T13:50:00-04:00,74.20500183105469,74.20500183105469,74.06999969482422,74.07499694824219,50911.0
2026-07-28T13:55:00-04:00,74.07499694824219,74.08999633789062,73.97000122070312,74.05500030517578,74924.0
2026-07-28T14:00:00-04:00,74.05000305175781,74.16000366210938,74.03230285644531,74.1500015258789,68357.0
2026-07-28T14:05:00-04:00,74.1500015258789,74.20999908447266,74.11499786376953,74.20999908447266,39179.0
2026-07-28T14:10:00-04:00,74.21499633789062,74.21800231933594,74.13999938964844,74.13999938964844,31837.0
2026-07-28T14:15:00-04:00,74.13999938964844,74.26000213623047,74.12999725341797,74.2300033569336,35249.0
2026-07-28T14:20:00-04:00,74.2249984741211,74.26000213623047,74.13999938964844,74.16500091552734,42618.0
2026-07-28T14:25:00-04:00,74.16500091552734,74.19000244140625,74.13999938964844,74.18000030517578,45620.0
2026-07-28T14:30:00-04:00,74.16999816894531,74.20999908447266,74.12999725341797,74.19499969482422,71825.0
2026-07-28T14:35:00-04:00,74.19999694824219,74.31500244140625,74.18000030517578,74.25,61727.0
2026-07-28T14:40:00-04:00,74.25499725341797,74.28500366210938,74.2300033569336,74.26499938964844,185638.0
2026-07-28T14:45:00-04:00,74.2699966430664,74.34500122070312,74.21499633789062,74.27999877929688,51616.0
2026-07-28T14:50:00-04:00,74.27999877929688,74.31500244140625,74.20999908447266,74.2249984741211,36137.0
2026-07-28T14:55:00-04:00,74.20999908447266,74.30999755859375,74.19499969482422,74.2750015258789,37907.0
2026-07-28T15:00:00-04:00,74.2699966430664,74.43000030517578,74.26499938964844,74.41529846191406,68907.0
2026-07-28T15:05:00-04:00,74.41500091552734,74.47000122070312,74.37000274658203,74.41500091552734,73531.0
2026-07-28T15:10:00-04:00,74.41000366210938,74.43499755859375,74.33999633789062,74.3634033203125,97922.0
2026-07-28T15:15:00-04:00,74.37000274658203,74.44000244140625,74.3550033569336,74.41999816894531,95492.0
2026-07-28T15:20:00-04:00,74.41000366210938,74.5199966430664,74.40499877929688,74.4800033569336,164607.0
2026-07-28T15:25:00-04:00,74.4800033569336,74.49500274658203,74.37000274658203,74.4000015258789,170925.0
2026-07-28T15:30:00-04:00,74.40499877929688,74.41999816894531,74.28099822998047,74.32499694824219,232191.0
2026-07-28T15:35:00-04:00,74.32499694824219,74.33499908447266,74.1500015258789,74.15989685058594,182976.0
2026-07-28T15:40:00-04:00,74.16000366210938,74.29000091552734,74.16000366210938,74.29000091552734,221509.0
2026-07-28T15:45:00-04:00,74.28500366210938,74.30999755859375,74.21499633789062,74.21499633789062,233288.0
2026-07-28T15:50:00-04:00,74.20999908447266,74.41999816894531,74.20999908447266,74.36499786376953,531809.0
2026-07-28T15:55:00-04:00,74.36000061035156,74.36499786376953,74.19999694824219,74.26000213623047,2064429.0
2026-07-29T09:30:00-04:00,73.94000244140625,74.11000061035156,73.33999633789062,73.44999694824219,606971.0
2026-07-29T09:35:00-04:00,73.44000244140625,73.56999969482422,73.23500061035156,73.38999938964844,260378.0
2026-07-29T09:40:00-04:00,73.38999938964844,73.43000030517578,73.18000030517578,73.29000091552734,256472.0
2026-07-29T09:45:00-04:00,73.29000091552734,73.36000061035156,73.1050033569336,73.2300033569336,274062.0
2026-07-29T09:50:00-04:00,73.20999908447266,73.2300033569336,72.91999816894531,73.01000213623047,284882.0
2026-07-29T09:55:00-04:00,73.0,73.0,72.62000274658203,72.95999908447266,432939.0
2026-07-29T10:00:00-04:00,72.95999908447266,73.06999969482422,72.83000183105469,72.95999908447266,325221.0
2026-07-29T10:05:00-04:00,72.95999908447266,73.05000305175781,72.62999725341797,72.7300033569336,167427.0
2026-07-29T10:10:00-04:00,72.70999908447266,72.72000122070312,72.29000091552734,72.44000244140625,209108.0
2026-07-29T10:15:00-04:00,72.44999694824219,72.7300033569336,72.44000244140625,72.69999694824219,214427.0
2026-07-29T10:20:00-04:00,72.71499633789062,72.91000366210938,72.68000030517578,72.9000015258789,116600.0
2026-07-29T10:25:00-04:00,72.88999938964844,72.88999938964844,72.62999725341797,72.7249984741211,136461.0
2026-07-29T10:30:00-04:00,72.70999908447266,72.88999938964844,72.69999694824219,72.72000122070312,152057.0
2026-07-29T10:35:00-04:00,72.69999694824219,72.70999908447266,72.44999694824219,72.5,101427.0
2026-07-29T10:40:00-04:00,72.48999786376953,72.58999633789062,72.2300033569336,72.29000091552734,210021.0
2026-07-29T10:45:00-04:00,72.30000305175781,72.44999694824219,72.25,72.41999816894531,156458.0
2026-07-29T10:50:00-04:00,72.44000244140625,72.5999984741211,72.38999938964844,72.58999633789062,122994.0
2026-07-29T10:55:00-04:00,72.5999984741211,72.6500015258789,72.45999908447266,72.62000274658203,115151.0
2026-07-29T11:00:00-04:00,72.62999725341797,72.9000015258789,72.5,72.83509826660156,209704.0
2026-07-29T11:05:00-04:00,72.83499908447266,72.87000274658203,72.7300033569336,72.86000061035156,170054.0
2026-07-29T11:10:00-04:00,72.86000061035156,72.86000061035156,72.58000183105469,72.66000366210938,218624.0
2026-07-29T11:15:00-04:00,72.63999938964844,72.80999755859375,72.62000274658203,72.70500183105469,150209.0
2026-07-29T11:20:00-04:00,72.69999694824219,72.87000274658203,72.66999816894531,72.81999969482422,174201.0
2026-07-29T11:25:00-04:00,72.81999969482422,72.9000015258789,72.7300033569336,72.81500244140625,118965.0
2026-07-29T11:30:00-04:00,72.80999755859375,72.87999725341797,72.73500061035156,72.80500030517578,147900.0
2026-07-29T11:35:00-04:00,72.80999755859375,72.9000015258789,72.62000274658203,72.625,127082.0
2026-07-29T11:40:00-04:00,72.62000274658203,72.62999725341797,72.53500366210938,72.56999969482422,178587.0
2026-07-29T11:45:00-04:00,72.55999755859375,72.65499877929688,72.52989959716797,72.61000061035156,119712.0
2026-07-29T11:50:00-04:00,72.61000061035156,72.62999725341797,72.45999908447266,72.4749984741211,108498.0
2026-07-29T11:55:00-04:00,72.4749984741211,72.5199966430664,72.375,72.4800033569336,102255.0
2026-07-29T12:00:00-04:00,72.4800033569336,72.5199966430664,72.25499725341797,72.26000213623047,95261.0
2026-07-29T12:05:00-04:00,72.26000213623047,72.43000030517578,72.19999694824219,72.41999816894531,139847.0
2026-07-29T12:10:00-04:00,72.42500305175781,72.44999694824219,72.20999908447266,72.20999908447266,148788.0
2026-07-29T12:15:00-04:00,72.20500183105469,72.30000305175781,72.18000030517578,72.27999877929688,109751.0
2026-07-29T12:20:00-04:00,72.27999877929688,72.56999969482422,72.25,72.48500061035156,191970.0
2026-07-29T12:25:00-04:00,72.48999786376953,72.68499755859375,72.4800033569336,72.66999816894531,108983.0
2026-07-29T12:30:00-04:00,72.68000030517578,72.83999633789062,72.67500305175781,72.79000091552734,112395.0
2026-07-29T12:35:00-04:00,72.79000091552734,72.83999633789062,72.69999694824219,72.71499633789062,62192.0
2026-07-29T12:40:00-04:00,72.72000122070312,72.7699966430664,72.66999816894531,72.69999694824219,45633.0
2026-07-29T12:45:00-04:00,72.69000244140625,72.80500030517578,72.66999816894531,72.79000091552734,69525.0
2026-07-29T12:50:00-04:00,72.79000091552734,72.93000030517578,72.7699966430664,72.87000274658203,107948.0
2026-07-29T12:55:00-04:00,72.87000274658203,73.20500183105469,72.86000061035156,73.13999938964844,203090.0
2026-07-29T13:00:00-04:00,73.15499877929688,73.29000091552734,73.12999725341797,73.26000213623047,144569.0
2026-07-29T13:05:00-04:00,73.25,73.33999633789062,73.17019653320312,73.25499725341797,88981.0
2026-07-29T13:10:00-04:00,73.25,73.54499816894531,73.2300033569336,73.47149658203125,154997.0
2026-07-29T13:15:00-04:00,73.47640228271484,73.69999694824219,73.44000244140625,73.64969635009766,152023.0
2026-07-29T13:20:00-04:00,73.63500213623047,73.9800033569336,73.63500213623047,73.8550033569336,196789.0
2026-07-29T13:25:00-04:00,73.8499984741211,73.8550033569336,73.63500213623047,73.63500213623047,224813.0
2026-07-29T13:30:00-04:00,73.62999725341797,73.95999908447266,73.61000061035156,73.83999633789062,241502.0
2026-07-29T13:35:00-04:00,73.83999633789062,73.8499984741211,73.68000030517578,73.83000183105469,217055.0
2026-07-29T13:40:00-04:00,73.81999969482422,74.12000274658203,73.80999755859375,73.94999694824219,321612.0
2026-07-29T13:45:00-04:00,73.94999694824219,74.06500244140625,73.88999938964844,74.00499725341797,250940.0
2026-07-29T13:50:00-04:00,74.01000213623047,74.0250015258789,73.86000061035156,73.94999694824219,122097.0
2026-07-29T13:55:00-04:00,73.94000244140625,73.94499969482422,73.76000213623047,73.8499984741211,125435.0
2026-07-29T14:00:00-04:00,73.80999755859375,75.7300033569336,73.80999755859375,74.77999877929688,1389833.0
2026-07-29T14:05:00-04:00,74.7699966430664,75.21499633789062,74.66999816894531,74.7699966430664,329800.0
2026-07-29T14:10:00-04:00,74.7699966430664,75.06999969482422,74.58999633789062,74.72000122070312,192996.0
2026-07-29T14:15:00-04:00,74.72000122070312,74.91000366210938,74.23989868164062,74.25,202986.0
2026-07-29T14:20:00-04:00,74.25,74.27999877929688,74.08999633789062,74.0999984741211,122128.0
2026-07-29T14:25:00-04:00,74.11000061035156,74.2979965209961,74.0,74.29000091552734,198998.0
2026-07-29T14:30:00-04:00,74.30000305175781,74.54000091552734,73.76000213623047,74.16000366210938,516620.0
2026-07-29T14:35:00-04:00,74.16999816894531,74.7300033569336,73.9800033569336,74.68000030517578,291990.0
2026-07-29T14:40:00-04:00,74.66000366210938,75.1500015258789,74.62000274658203,75.03500366210938,431856.0
2026-07-29T14:45:00-04:00,74.98999786376953,75.45999908447266,74.94000244140625,75.36000061035156,549801.0
2026-07-29T14:50:00-04:00,75.36000061035156,75.54000091552734,75.1500015258789,75.45500183105469,593711.0
2026-07-29T14:55:00-04:00,75.44499969482422,75.80999755859375,75.41000366210938,75.76000213623047,956128.0
2026-07-29T15:00:00-04:00,75.76499938964844,76.02999877929688,75.30000305175781,75.33999633789062,630151.0
2026-07-29T15:05:00-04:00,75.34500122070312,75.5199966430664,75.12999725341797,75.18499755859375,257764.0
2026-07-29T15:10:00-04:00,75.18000030517578,75.53500366210938,75.0,75.51000213623047,444175.0
2026-07-29T15:15:00-04:00,75.48999786376953,75.6500015258789,75.20999908447266,75.22270202636719,364584.0
2026-07-29T15:20:00-04:00,75.22000122070312,75.25,74.58999633789062,74.76000213623047,590449.0
2026-07-29T15:25:00-04:00,74.75499725341797,74.86000061035156,74.51000213623047,74.81999969482422,319451.0
2026-07-29T15:30:00-04:00,74.82499694824219,75.0199966430664,74.30000305175781,74.52999877929688,384196.0
2026-07-29T15:35:00-04:00,74.5199966430664,74.73999786376953,74.27999877929688,74.27999877929688,247358.0
2026-07-29T15:40:00-04:00,74.29499816894531,74.47000122070312,74.19000244140625,74.24009704589844,268136.0
2026-07-29T15:45:00-04:00,74.25,74.31999969482422,73.9800033569336,74.1500015258789,403720.0
2026-07-29T15:50:00-04:00,74.13999938964844,74.18000030517578,73.81500244140625,74.06500244140625,401232.0
2026-07-29T15:55:00-04:00,74.05999755859375,74.05999755859375,73.5,73.5999984741211,2457075.0
2026-07-30T09:30:00-04:00,75.3499984741211,75.44999694824219,74.41010284423828,74.43000030517578,1324267.0
2026-07-30T09:35:00-04:00,74.41999816894531,74.94999694824219,74.30000305175781,74.62000274658203,794943.0
2026-07-30T09:40:00-04:00,74.5999984741211,75.08000183105469,74.43000030517578,74.79499816894531,246778.0
2026-07-30T09:45:00-04:00,74.80999755859375,75.5,74.80999755859375,75.4000015258789,308996.0
2026-07-30T09:50:00-04:00,75.38500213623047,75.63999938964844,75.36000061035156,75.55999755859375,394492.0
2026-07-30T09:55:00-04:00,75.55000305175781,75.61000061035156,75.27999877929688,75.47000122070312,244800.0
2026-07-30T10:00:00-04:00,75.48999786376953,75.7300033569336,75.43000030517578,75.64250183105469,432350.0
2026-07-30T10:05:00-04:00,75.6500015258789,75.69499969482422,74.86199951171875,75.04499816894531,512053.0
2026-07-30T10:10:00-04:00,75.02999877929688,75.16999816894531,74.84200286865234,74.9000015258789,224160.0
2026-07-30T10:15:00-04:00,74.88999938964844,74.99500274658203,74.76000213623047,74.83000183105469,121793.0
2026-07-30T10:20:00-04:00,74.83499908447266,75.2249984741211,74.79000091552734,74.91999816894531,209259.0
2026-07-30T10:25:00-04:00,74.93000030517578,75.2249984741211,74.8949966430664,75.2249984741211,111553.0
2026-07-30T10:30:00-04:00,75.2300033569336,75.4800033569336,75.13999938964844,75.26000213623047,154551.0
2026-07-30T10:35:00-04:00,75.2699966430664,75.56999969482422,75.16000366210938,75.54000091552734,223946.0
2026-07-30T10:40:00-04:00,75.52999877929688,75.68000030517578,75.5199966430664,75.6500015258789,167373.0
2026-07-30T10:45:00-04:00,75.63999938964844,75.69000244140625,75.33000183105469,75.52999877929688,206604.0
2026-07-30T10:50:00-04:00,75.54000091552734,75.55500030517578,75.19999694824219,75.20999908447266,142046.0
2026-07-30T10:55:00-04:00,75.19999694824219,75.29000091552734,74.9800033569336,75.26000213623047,272855.0
2026-07-30T11:00:00-04:00,75.2699966430664,75.32599639892578,75.05999755859375,75.24500274658203,98943.0
2026-07-30T11:05:00-04:00,75.23999786376953,75.30999755859375,75.01000213623047,75.12000274658203,88003.0
2026-07-30T11:10:00-04:00,75.11000061035156,75.11000061035156,74.58000183105469,74.61000061035156,162392.0
2026-07-30T11:15:00-04:00,74.5999984741211,75.04000091552734,74.58999633789062,74.98999786376953,187962.0
2026-07-30T11:20:00-04:00,75.0,75.0199966430664,74.72000122070312,74.72000122070312,107064.0
2026-07-30T11:25:00-04:00,74.7300033569336,74.83999633789062,74.5199966430664,74.79499816894531,80275.0
2026-07-30T11:30:00-04:00,74.80000305175781,75.05999755859375,74.72000122070312,75.05000305175781,63986.0
2026-07-30T11:35:00-04:00,75.05999755859375,75.2699966430664,75.0,75.25,125267.0
2026-07-30T11:40:00-04:00,75.25,75.4000015258789,75.16999816894531,75.30999755859375,119294.0
2026-07-30T11:45:00-04:00,75.31999969482422,75.43499755859375,75.29000091552734,75.3499984741211,54185.0
2026-07-30T11:50:00-04:00,75.3499984741211,75.49810028076172,75.33000183105469,75.44000244140625,98688.0
2026-07-30T11:55:00-04:00,75.44999694824219,75.63999938964844,75.44640350341797,75.52999877929688,102539.0
2026-07-30T12:00:00-04:00,75.54499816894531,75.81999969482422,75.54199981689453,75.80000305175781,159818.0
2026-07-30T12:05:00-04:00,75.80000305175781,75.80999755859375,75.62000274658203,75.68000030517578,99580.0
2026-07-30T12:10:00-04:00,75.68000030517578,75.81999969482422,75.62999725341797,75.77999877929688,117774.0
2026-07-30T12:15:00-04:00,75.7750015258789,75.87000274658203,75.76000213623047,75.80999755859375,104266.0
2026-07-30T12:20:00-04:00,75.80000305175781,75.98999786376953,75.77999877929688,75.98999786376953,77739.0
2026-07-30T12:25:00-04:00,75.9800033569336,76.0250015258789,75.95500183105469,75.9800033569336,90301.0
2026-07-30T12:30:00-04:00,75.9800033569336,75.9937973022461,75.86499786376953,75.87999725341797,102389.0
2026-07-30T12:35:00-04:00,75.87999725341797,75.94000244140625,75.81999969482422,75.83999633789062,89867.0
2026-07-30T12:40:00-04:00,75.83999633789062,75.83999633789062,75.61000061035156,75.61000061035156,84943.0
2026-07-30T12:45:00-04:00,75.6500015258789,75.75,75.63999938964844,75.73999786376953,83262.0
2026-07-30T12:50:00-04:00,75.73999786376953,75.80999755859375,75.70999908447266,75.76000213623047,66859.0
2026-07-30T12:55:00-04:00,75.7750015258789,75.95999908447266,75.7699966430664,75.94999694824219,76424.0
2026-07-30T13:00:00-04:00,75.94999694824219,76.0199966430664,75.83999633789062,75.8499984741211,87486.0
2026-07-30T13:05:00-04:00,75.8550033569336,75.91000366210938,75.83999633789062,75.87999725341797,98831.0
2026-07-30T13:10:00-04:00,75.88500213623047,75.93000030517578,75.82499694824219,75.82499694824219,93112.0
2026-07-30T13:15:00-04:00,75.82499694824219,75.91999816894531,75.80000305175781,75.91999816894531,60733.0
2026-07-30T13:20:00-04:00,75.92500305175781,76.01000213623047,75.88999938964844,76.01000213623047,61931.0
2026-07-30T13:25:00-04:00,76.0,76.0,75.80000305175781,75.81999969482422,96407.0
2026-07-30T13:30:00-04:00,75.83999633789062,75.8499984741211,75.73999786376953,75.79000091552734,216215.0
2026-07-30T13:35:00-04:00,75.79000091552734,75.94999694824219,75.78990173339844,75.80999755859375,76681.0
2026-07-30T13:40:00-04:00,75.81999969482422,75.93000030517578,75.81999969482422,75.90499877929688,123886.0
2026-07-30T13:45:00-04:00,75.9000015258789,75.97000122070312,75.83999633789062,75.83999633789062,63609.0
2026-07-30T13:50:00-04:00,75.83999633789062,75.88999938964844,75.7699966430664,75.78500366210938,46510.0
2026-07-30T13:55:00-04:00,75.77999877929688,75.8499984741211,75.76000213623047,75.83999633789062,56802.0
2026-07-30T14:00:00-04:00,75.83999633789062,75.91999816894531,75.83999633789062,75.8499984741211,78908.0
2026-07-30T14:05:00-04:00,75.83999633789062,75.95999908447266,75.83999633789062,75.94000244140625,47858.0
2026-07-30T14:10:00-04:00,75.94000244140625,76.00499725341797,75.91999816894531,76.0,86238.0
2026-07-30T14:15:00-04:00,76.00499725341797,76.0199966430664,75.9000015258789,75.90499877929688,77291.0
2026-07-30T14:20:00-04:00,75.9094009399414,75.9800033569336,75.86499786376953,75.86499786376953,143638.0
2026-07-30T14:25:00-04:00,75.86499786376953,75.92009735107422,75.83499908447266,75.91999816894531,50437.0
2026-07-30T14:30:00-04:00,75.91999816894531,75.95999908447266,75.9000015258789,75.93499755859375,84637.0
2026-07-30T14:35:00-04:00,75.93000030517578,75.93000030517578,75.80500030517578,75.80500030517578,80832.0
2026-07-30T14:40:00-04:00,75.80500030517578,75.88999938964844,75.80000305175781,75.8499984741211,66131.0
2026-07-30T14:45:00-04:00,75.8550033569336,75.8550033569336,75.75499725341797,75.76000213623047,56478.0
2026-07-30T14:50:00-04:00,75.76000213623047,75.77999877929688,75.68000030517578,75.72000122070312,88330.0
2026-07-30T14:55:00-04:00,75.7300033569336,75.81500244140625,75.7300033569336,75.80999755859375,55347.0
2026-07-30T15:00:00-04:00,75.80999755859375,75.99500274658203,75.80999755859375,75.98500061035156,74288.0
2026-07-30T15:05:00-04:00,75.9800033569336,76.01499938964844,75.94999694824219,75.99500274658203,161159.0
2026-07-30T15:10:00-04:00,76.0,76.11000061035156,75.95999908447266,76.08470153808594,286059.0
2026-07-30T15:15:00-04:00,76.08000183105469,76.33000183105469,76.0250015258789,76.25499725341797,187287.0
2026-07-30T15:20:00-04:00,76.25,76.27999877929688,76.20999908447266,76.21499633789062,121858.0
2026-07-30T15:25:00-04:00,76.21199798583984,76.36000061035156,76.20999908447266,76.33999633789062,178818.0
2026-07-30T15:30:00-04:00,76.33000183105469,76.55000305175781,76.31500244140625,76.54499816894531,313524.0
2026-07-30T15:35:00-04:00,76.54499816894531,76.58999633789062,76.44850158691406,76.48999786376953,292186.0
2026-07-30T15:40:00-04:00,76.48999786376953,76.61499786376953,76.47000122070312,76.59500122070312,315662.0
2026-07-30T15:45:00-04:00,76.58000183105469,76.66999816894531,76.53500366210938,76.58999633789062,322366.0
2026-07-30T15:50:00-04:00,76.58000183105469,76.61000061035156,76.48500061035156,76.56999969482422,453168.0
2026-07-30T15:55:00-04:00,76.55999755859375,76.80999755859375,76.49500274658203,76.73999786376953,2302206.0
2026-07-31T09:30:00-04:00,74.87999725341797,75.31999969482422,74.44000244140625,74.44000244140625,1192605.0
2026-07-31T09:35:00-04:00,74.43000030517578,74.5,73.83999633789062,73.86000061035156,533594.0
2026-07-31T09:40:00-04:00,73.9000015258789,74.05999755859375,73.80000305175781,73.86499786376953,435805.0
2026-07-31T09:45:00-04:00,73.87999725341797,73.94999694824219,73.58000183105469,73.70999908447266,467606.0
2026-07-31T09:50:00-04:00,73.72000122070312,73.8550033569336,73.66000366210938,73.69999694824219,509631.0
2026-07-31T09:55:00-04:00,73.69000244140625,73.83999633789062,73.62999725341797,73.66999816894531,383587.0
2026-07-31T10:00:00-04:00,73.66000366210938,73.87000274658203,73.62999725341797,73.66000366210938,223989.0
2026-07-31T10:05:00-04:00,73.66999816894531,73.68000030517578,73.0,73.06999969482422,353584.0
2026-07-31T10:10:00-04:00,73.06999969482422,73.27999877929688,72.91999816894531,73.09500122070312,487458.0
2026-07-31T10:15:00-04:00,73.09500122070312,73.36000061035156,72.91999816894531,73.23500061035156,416340.0
2026-07-31T10:20:00-04:00,73.2300033569336,73.61000061035156,73.16500091552734,73.30999755859375,328109.0
2026-07-31T10:25:00-04:00,73.31999969482422,73.75,73.29000091552734,73.72000122070312,188835.0
2026-07-31T10:30:00-04:00,73.73999786376953,73.95999908447266,73.66000366210938,73.87999725341797,263540.0
2026-07-31T10:35:00-04:00,73.86000061035156,74.1449966430664,73.86000061035156,73.94999694824219,223929.0
2026-07-31T10:40:00-04:00,73.94999694824219,74.04499816894531,73.87000274658203,73.97000122070312,91615.0
2026-07-31T10:45:00-04:00,73.97000122070312,74.37000274658203,73.94000244140625,74.30999755859375,158841.0
2026-07-31T10:50:00-04:00,74.30999755859375,74.54000091552734,74.30999755859375,74.37999725341797,126347.0
2026-07-31T10:55:00-04:00,74.4000015258789,74.7699966430664,74.37999725341797,74.6500015258789,240176.0
2026-07-31T11:00:00-04:00,74.68000030517578,74.70999908447266,74.53009796142578,74.6500015258789,140742.0
2026-07-31T11:05:00-04:00,74.6500015258789,74.73999786376953,74.51000213623047,74.5999984741211,133913.0
2026-07-31T11:10:00-04:00,74.61000061035156,74.61499786376953,74.31999969482422,74.56999969482422,88634.0
2026-07-31T11:15:00-04:00,74.56999969482422,74.87000274658203,74.29000091552734,74.37999725341797,90801.0
2026-07-31T11:20:00-04:00,74.37999725341797,74.38999938964844,74.19879913330078,74.20500183105469,90139.0
2026-07-31T11:25:00-04:00,74.19999694824219,74.26000213623047,74.06999969482422,74.12999725341797,148507.0
2026-07-31T11:30:00-04:00,74.13999938964844,74.16999816894531,73.8550033569336,73.98999786376953,155947.0
2026-07-31T11:35:00-04:00,73.98500061035156,74.20999908447266,73.94000244140625,74.16999816894531,71650.0
2026-07-31T11:40:00-04:00,74.16500091552734,74.18499755859375,73.9749984741211,74.05000305175781,46304.0
2026-07-31T11:45:00-04:00,74.05999755859375,74.07499694824219,73.90989685058594,73.93000030517578,73890.0
2026-07-31T11:50:00-04:00,73.94000244140625,74.18000030517578,73.91999816894531,74.16999816894531,79090.0
2026-07-31T11:55:00-04:00,74.18000030517578,74.2699966430664,74.12000274658203,74.23999786376953,87469.0
2026-07-31T12:00:00-04:00,74.2300033569336,74.27349853515625,74.11990356445312,74.15499877929688,43893.0
2026-07-31T12:05:00-04:00,74.1500015258789,74.1500015258789,73.9800033569336,74.03500366210938,71381.0
2026-07-31T12:10:00-04:00,74.02999877929688,74.22000122070312,74.02999877929688,74.18000030517578,123078.0
2026-07-31T12:15:00-04:00,74.18000030517578,74.18000030517578,74.0199966430664,74.08999633789062,56869.0
2026-07-31T12:20:00-04:00,74.06999969482422,74.22000122070312,74.05999755859375,74.19000244140625,61256.0
2026-07-31T12:25:00-04:00,74.19999694824219,74.19999694824219,74.05000305175781,74.16999816894531,48252.0
2026-07-31T12:30:00-04:00,74.18000030517578,74.37999725341797,74.17500305175781,74.37000274658203,49226.0
2026-07-31T12:35:00-04:00,74.36499786376953,74.48999786376953,74.36499786376953,74.47000122070312,106205.0
2026-07-31T12:40:00-04:00,74.47000122070312,74.48500061035156,74.20999908447266,74.22000122070312,116995.0
2026-07-31T12:45:00-04:00,74.22000122070312,74.29000091552734,74.12000274658203,74.16000366210938,101645.0
2026-07-31T12:50:00-04:00,74.16000366210938,74.29000091552734,74.16000366210938,74.19000244140625,65396.0
2026-07-31T12:55:00-04:00,74.19000244140625,74.27999877929688,74.19000244140625,74.20999908447266,38993.0
2026-07-31T13:00:00-04:00,74.19999694824219,74.25,74.18000030517578,74.18000030517578,57039.0
2026-07-31T13:05:00-04:00,74.17500305175781,74.20500183105469,74.02619934082031,74.04000091552734,72557.0
2026-07-31T13:10:00-04:00,74.03500366210938,74.23999786376953,74.0199966430664,74.23999786376953,61764.0
2026-07-31T13:15:00-04:00,74.23999786376953,74.25,74.13999938964844,74.20999908447266,49466.0
2026-07-31T13:20:00-04:00,74.20999908447266,74.26000213623047,74.12000274658203,74.2300033569336,44909.0
2026-07-31T13:25:00-04:00,74.2300033569336,74.33000183105469,74.15499877929688,74.26689910888672,75594.0
2026-07-31T13:30:00-04:00,74.27999877929688,74.37999725341797,74.23999786376953,74.29000091552734,70024.0
2026-07-31T13:35:00-04:00,74.29000091552734,74.37999725341797,74.26000213623047,74.30000305175781,108308.0
2026-07-31T13:40:00-04:00,74.30999755859375,74.37999725341797,74.30999755859375,74.37000274658203,45619.0
2026-07-31T13:45:00-04:00,74.36000061035156,74.42500305175781,74.23999786376953,74.2699966430664,97645.0
2026-07-31T13:50:00-04:00,74.26000213623047,74.38169860839844,74.22000122070312,74.26000213623047,51520.0
2026-07-31T13:55:00-04:00,74.26000213623047,74.41500091552734,74.26000213623047,74.41000366210938,49223.0
2026-07-31T14:00:00-04:00,74.41000366210938,74.44000244140625,74.302001953125,74.30999755859375,57964.0
2026-07-31T14:05:00-04:00,74.30500030517578,74.30500030517578,74.16999816894531,74.18499755859375,56041.0
2026-07-31T14:10:00-04:00,74.18000030517578,74.19000244140625,74.08999633789062,74.13500213623047,127907.0
2026-07-31T14:15:00-04:00,74.12999725341797,74.36000061035156,74.12999725341797,74.2699966430664,89273.0
2026-07-31T14:20:00-04:00,74.2699966430664,74.31500244140625,74.19000244140625,74.30500030517578,64696.0
2026-07-31T14:25:00-04:00,74.29000091552734,74.33999633789062,74.25,74.33000183105469,55508.0
2026-07-31T14:30:00-04:00,74.31999969482422,74.36000061035156,74.24500274658203,74.30999755859375,99194.0
2026-07-31T14:35:00-04:00,74.31009674072266,74.4800033569336,74.2699966430664,74.4677963256836,79150.0
2026-07-31T14:40:00-04:00,74.4656982421875,74.5,74.41000366210938,74.4800033569336,87530.0
2026-07-31T14:45:00-04:00,74.47000122070312,74.54000091552734,74.37999725341797,74.47000122070312,127245.0
2026-07-31T14:50:00-04:00,74.47000122070312,74.4800033569336,74.41000366210938,74.44000244140625,87761.0
2026-07-31T14:55:00-04:00,74.43000030517578,74.44999694824219,74.30999755859375,74.37000274658203,136858.0
2026-07-31T15:00:00-04:00,74.36499786376953,74.46499633789062,74.20999908447266,74.25,75350.0
2026-07-31T15:05:00-04:00,74.26000213623047,74.38999938964844,74.26000213623047,74.36000061035156,72144.0
2026-07-31T15:10:00-04:00,74.36000061035156,74.38500213623047,74.30909729003906,74.33999633789062,65898.0
2026-07-31T15:15:00-04:00,74.33999633789062,74.37000274658203,74.30000305175781,74.34500122070312,84367.0
2026-07-31T15:20:00-04:00,74.34500122070312,74.41999816894531,74.30000305175781,74.31500244140625,138920.0
2026-07-31T15:25:00-04:00,74.31500244140625,74.375,74.30500030517578,74.33499908447266,113952.0
2026-07-31T15:30:00-04:00,74.33499908447266,74.3499984741211,74.20999908447266,74.31500244140625,286341.0
2026-07-31T15:35:00-04:00,74.31009674072266,74.37000274658203,74.25,74.26000213623047,224813.0
2026-07-31T15:40:00-04:00,74.25,74.46499633789062,74.22000122070312,74.45999908447266,265215.0
2026-07-31T15:45:00-04:00,74.45999908447266,74.54000091552734,74.41000366210938,74.44999694824219,211683.0
2026-07-31T15:50:00-04:00,74.45999908447266,74.45999908447266,74.19999694824219,74.26000213623047,466777.0
2026-07-31T15:55:00-04:00,74.26000213623047,74.26000213623047,74.08999633789062,74.11000061035156,1256756.0
2026-08-03T09:30:00-04:00,74.30999755859375,74.37999725341797,73.73999786376953,73.7699966430664,974861.0
2026-08-03T09:35:00-04:00,73.75,74.12999725341797,73.62000274658203,73.87000274658203,240309.0
2026-08-03T09:40:00-04:00,73.87000274658203,74.11000061035156,73.7699966430664,74.04000091552734,219489.0
2026-08-03T09:45:00-04:00,74.04000091552734,74.37069702148438,74.03800201416016,74.18000030517578,185204.0
2026-08-03T09:50:00-04:00,74.16000366210938,74.44999694824219,74.11000061035156,74.33000183105469,139739.0
2026-08-03T09:55:00-04:00,74.33000183105469,74.68000030517578,74.33000183105469,74.5199966430664,166353.0
2026-08-03T10:00:00-04:00,74.5,74.70999908447266,74.28500366210938,74.28500366210938,225488.0
2026-08-03T10:05:00-04:00,74.27999877929688,74.4800033569336,74.2300033569336,74.4000015258789,129202.0
2026-08-03T10:10:00-04:00,74.4000015258789,74.77999877929688,74.375,74.69999694824219,109784.0
2026-08-03T10:15:00-04:00,74.70999908447266,74.97000122070312,74.68000030517578,74.68000030517578,154666.0
2026-08-03T10:20:00-04:00,74.66999816894531,74.88500213623047,74.60195922851562,74.8550033569336,110373.0
2026-08-03T10:25:00-04:00,74.87000274658203,74.94000244140625,74.80000305175781,74.82499694824219,84684.0
2026-08-03T10:30:00-04:00,74.81999969482422,74.98999786376953,74.81999969482422,74.9800033569336,92677.0
2026-08-03T10:35:00-04:00,74.98500061035156,75.0250015258789,74.81999969482422,74.8550033569336,132641.0
2026-08-03T10:40:00-04:00,74.8499984741211,75.18000030517578,74.80500030517578,75.1500015258789,165261.0
2026-08-03T10:45:00-04:00,75.13999938964844,75.1500015258789,74.98999786376953,75.1449966430664,116675.0
2026-08-03T10:50:00-04:00,75.13999938964844,75.27999877929688,75.05999755859375,75.26000213623047,144296.0
2026-08-03T10:55:00-04:00,75.2699966430664,75.52999877929688,75.2699966430664,75.38999938964844,145678.0
2026-08-03T11:00:00-04:00,75.38999938964844,75.41000366210938,75.2300033569336,75.29000091552734,153782.0
2026-08-03T11:05:00-04:00,75.27999877929688,75.27999877929688,75.07499694824219,75.08000183105469,88641.0
2026-08-03T11:10:00-04:00,75.06999969482422,75.13999938964844,75.02999877929688,75.05000305175781,159168.0
2026-08-03T11:15:00-04:00,75.06500244140625,75.18000030517578,75.04499816894531,75.13500213623047,146992.0
2026-08-03T11:20:00-04:00,75.1500015258789,75.18000030517578,75.07499694824219,75.13500213623047,163297.0
2026-08-03T11:25:00-04:00,75.13500213623047,75.1449966430664,74.83999633789062,74.92500305175781,180767.0
2026-08-03T11:30:00-04:00,74.93499755859375,75.0,74.8499984741211,74.94000244140625,108355.0
2026-08-03T11:35:00-04:00,74.94999694824219,74.95999908447266,74.83999633789062,74.94989776611328,77074.0
2026-08-03T11:40:00-04:00,74.95500183105469,75.05999755859375,74.94000244140625,74.9800033569336,138989.0
2026-08-03T11:45:00-04:00,74.9749984741211,75.33999633789062,74.9749984741211,75.31999969482422,190723.0
2026-08-03T11:50:00-04:00,75.31999969482422,75.4800033569336,75.31999969482422,75.47000122070312,99364.0
2026-08-03T11:55:00-04:00,75.45999908447266,75.45999908447266,75.31500244140625,75.32499694824219,76238.0
2026-08-03T12:00:00-04:00,75.33000183105469,75.41999816894531,75.30999755859375,75.37999725341797,145388.0
2026-08-03T12:05:00-04:00,75.37999725341797,75.37999725341797,75.20500183105469,75.26499938964844,112559.0
2026-08-03T12:10:00-04:00,75.2699966430664,75.32499694824219,75.18499755859375,75.24500274658203,94509.0
2026-08-03T12:15:00-04:00,75.24500274658203,75.29000091552734,75.20999908447266,75.26499938964844,162474.0
2026-08-03T12:20:00-04:00,75.2699966430664,75.33999633789062,75.26000213623047,75.32499694824219,72537.0
2026-08-03T12:25:00-04:00,75.33499908447266,75.41999816894531,75.29000091552734,75.30999755859375,38978.0
2026-08-03T12:30:00-04:00,75.31999969482422,75.36000061035156,75.2699966430664,75.31999969482422,37860.0
2026-08-03T12:35:00-04:00,75.30999755859375,75.375,75.17500305175781,75.18990325927734,44697.0
2026-08-03T12:40:00-04:00,75.19000244140625,75.2300033569336,75.14099884033203,75.19000244140625,47806.0
2026-08-03T12:45:00-04:00,75.18499755859375,75.23500061035156,75.16999816894531,75.19499969482422,36082.0
2026-08-03T12:50:00-04:00,75.18000030517578,75.19000244140625,75.10009765625,75.14510345458984,57108.0
2026-08-03T12:55:00-04:00,75.12999725341797,75.17500305175781,75.11000061035156,75.15499877929688,30526.0
2026-08-03T13:00:00-04:00,75.16000366210938,75.16500091552734,74.9800033569336,75.0154037475586,67544.0
2026-08-03T13:05:00-04:00,75.01000213623047,75.125,74.9800033569336,75.11000061035156,61940.0
2026-08-03T13:10:00-04:00,75.11000061035156,75.13999938964844,75.06999969482422,75.125,53799.0
2026-08-03T13:15:00-04:00,75.125,75.19999694824219,75.12000274658203,75.1500015258789,58790.0
2026-08-03T13:20:00-04:00,75.16000366210938,75.16999816894531,75.12000274658203,75.16000366210938,48182.0
2026-08-03T13:25:00-04:00,75.16500091552734,75.19000244140625,75.125,75.15499877929688,39415.0
2026-08-03T13:30:00-04:00,75.16000366210938,75.27999877929688,75.16000366210938,75.2750015258789,54388.0
2026-08-03T13:35:00-04:00,75.2750015258789,75.3499984741211,75.23999786376953,75.24949645996094,54808.0
2026-08-03T13:40:00-04:00,75.25,75.26000213623047,75.16000366210938,75.21990203857422,70510.0
2026-08-03T13:45:00-04:00,75.20999908447266,75.23999786376953,75.16000366210938,75.16010284423828,49213.0
2026-08-03T13:50:00-04:00,75.16000366210938,75.17500305175781,75.125,75.16000366210938,86402.0
2026-08-03T13:55:00-04:00,75.16000366210938,75.2249984741211,75.15499877929688,75.19999694824219,58209.0
2026-08-03T14:00:00-04:00,75.20500183105469,75.30000305175781,75.18000030517578,75.26499938964844,86229.0
2026-08-03T14:05:00-04:00,75.26000213623047,75.43000030517578,75.25499725341797,75.41500091552734,88675.0
2026-08-03T14:10:00-04:00,75.41000366210938,75.45999908447266,75.31999969482422,75.33999633789062,138324.0
2026-08-03T14:15:00-04:00,75.3499984741211,75.43000030517578,75.34500122070312,75.36000061035156,47009.0
2026-08-03T14:20:00-04:00,75.37000274658203,75.40499877929688,75.33999633789062,75.37999725341797,53158.0
2026-08-03T14:25:00-04:00,75.37000274658203,75.37999725341797,75.29499816894531,75.32499694824219,67427.0
2026-08-03T14:30:00-04:00,75.31999969482422,75.34500122070312,75.2699966430664,75.2699966430664,54377.0
2026-08-03T14:35:00-04:00,75.2699966430664,75.29000091552734,75.18000030517578,75.18000030517578,56559.0
2026-08-03T14:40:00-04:00,75.18000030517578,75.23500061035156,75.16000366210938,75.23500061035156,61397.0
2026-08-03T14:45:00-04:00,75.22000122070312,75.33000183105469,75.20999908447266,75.33000183105469,88714.0
2026-08-03T14:50:00-04:00,75.33999633789062,75.35970306396484,75.30999755859375,75.33999633789062,125304.0
2026-08-03T14:55:00-04:00,75.33999633789062,75.38999938964844,75.2699966430664,75.27999877929688,84563.0
2026-08-03T15:00:00-04:00,75.27999877929688,75.48999786376953,75.27999877929688,75.47000122070312,121956.0
2026-08-03T15:05:00-04:00,75.47000122070312,75.48500061035156,75.38999938964844,75.44999694824219,99532.0
2026-08-03T15:10:00-04:00,75.44999694824219,75.53500366210938,75.43499755859375,75.49500274658203,82214.0
2026-08-03T15:15:00-04:00,75.49500274658203,75.66999816894531,75.49500274658203,75.66999816894531,120801.0
2026-08-03T15:20:00-04:00,75.66999816894531,75.91500091552734,75.65499877929688,75.91000366210938,181771.0
2026-08-03T15:25:00-04:00,75.90499877929688,75.9749984741211,75.86499786376953,75.86499786376953,272858.0
2026-08-03T15:30:00-04:00,75.87999725341797,75.96499633789062,75.83999633789062,75.86000061035156,162693.0
2026-08-03T15:35:00-04:00,75.87000274658203,75.91500091552734,75.73999786376953,75.81500244140625,195690.0
2026-08-03T15:40:00-04:00,75.81600189208984,75.83499908447266,75.73500061035156,75.77999877929688,133817.0
2026-08-03T15:45:00-04:00,75.77999877929688,75.8949966430664,75.74500274658203,75.88999938964844,140126.0
2026-08-03T15:50:00-04:00,75.88999938964844,76.0199966430664,75.83999633789062,75.98999786376953,375879.0
2026-08-03T15:55:00-04:00,75.989501953125,76.12000274658203,75.88500213623047,76.02999877929688,1531968.0
2026-08-04T09:30:00-04:00,77.61000061035156,78.08000183105469,77.5250015258789,78.05999755859375,1684950.0
2026-08-04T09:35:00-04:00,78.08000183105469,78.52999877929688,78.08000183105469,78.43000030517578,494698.0
2026-08-04T09:40:00-04:00,78.4209976196289,78.62000274658203,78.20999908447266,78.20999908447266,312453.0
2026-08-04T09:45:00-04:00,78.19999694824219,78.36000061035156,78.05500030517578,78.30999755859375,580780.0
2026-08-04T09:50:00-04:00,78.30999755859375,78.4800033569336,78.30000305175781,78.44999694824219,287114.0
2026-08-04T09:55:00-04:00,78.44999694824219,78.48999786376953,78.07009887695312,78.16000366210938,209853.0
2026-08-04T10:00:00-04:00,78.18000030517578,78.54000091552734,78.11000061035156,78.4000015258789,233979.0
2026-08-04T10:05:00-04:00,78.38999938964844,78.66999816894531,78.3499984741211,78.5199966430664,307665.0
2026-08-04T10:10:00-04:00,78.52999877929688,78.86000061035156,78.4801025390625,78.70999908447266,465120.0
2026-08-04T10:15:00-04:00,78.69999694824219,78.77999877929688,78.18000030517578,78.2300033569336,272802.0
2026-08-04T10:20:00-04:00,78.23999786376953,78.29000091552734,77.9312973022461,78.01000213623047,176882.0
2026-08-04T10:25:00-04:00,78.0199966430664,78.02999877929688,77.6500015258789,77.66000366210938,600889.0
2026-08-04T10:30:00-04:00,77.65499877929688,77.87999725341797,77.48500061035156,77.48999786376953,518959.0
2026-08-04T10:35:00-04:00,77.5,77.58999633789062,77.2300033569336,77.36499786376953,763430.0
2026-08-04T10:40:00-04:00,77.36000061035156,77.41000366210938,77.01000213623047,77.12999725341797,596818.0
2026-08-04T10:45:00-04:00,77.12999725341797,77.4800033569336,77.09500122070312,77.46499633789062,233437.0
2026-08-04T10:50:00-04:00,77.45999908447266,77.62000274658203,77.45500183105469,77.61499786376953,194438.0
2026-08-04T10:55:00-04:00,77.62000274658203,77.74500274658203,77.46499633789062,77.70999908447266,198628.0
2026-08-04T11:00:00-04:00,77.70999908447266,77.79010009765625,77.62999725341797,77.76000213623047,103364.0
2026-08-04T11:05:00-04:00,77.76000213623047,77.91999816894531,77.72010040283203,77.91000366210938,123265.0
2026-08-04T11:10:00-04:00,77.91000366210938,78.01499938964844,77.83499908447266,77.83499908447266,164562.0
2026-08-04T11:15:00-04:00,77.83499908447266,77.84500122070312,77.58999633789062,77.5999984741211,154768.0
2026-08-04T11:20:00-04:00,77.61000061035156,77.6500015258789,77.50499725341797,77.55999755859375,97001.0
2026-08-04T11:25:00-04:00,77.55500030517578,77.71499633789062,77.52999877929688,77.66999816894531,84183.0
2026-08-04T11:30:00-04:00,77.66999816894531,77.72000122070312,77.55000305175781,77.55000305175781,69928.0
2026-08-04T11:35:00-04:00,77.55000305175781,77.79000091552734,77.52999877929688,77.7249984741211,177823.0
2026-08-04T11:40:00-04:00,77.72000122070312,77.94999694824219,77.72000122070312,77.9000015258789,152001.0
2026-08-04T11:45:00-04:00,77.9000015258789,78.0199966430664,77.86000061035156,77.98999786376953,112762.0
2026-08-04T11:50:00-04:00,78.0,78.23999786376953,78.0,78.19999694824219,151075.0
2026-08-04T11:55:00-04:00,78.21499633789062,78.30500030517578,78.1500015258789,78.16000366210938,91998.0
2026-08-04T12:00:00-04:00,78.16000366210938,78.25,78.08499908447266,78.1050033569336,121344.0
2026-08-04T12:05:00-04:00,78.1050033569336,78.19999694824219,78.08999633789062,78.18499755859375,144395.0
2026-08-04T12:10:00-04:00,78.18000030517578,78.20999908447266,78.02999877929688,78.04499816894531,73580.0
2026-08-04T12:15:00-04:00,78.04499816894531,78.08999633789062,78.01000213623047,78.03500366210938,67839.0
2026-08-04T12:20:00-04:00,78.02999877929688,78.33999633789062,78.02999877929688,78.27999877929688,98665.0
2026-08-04T12:25:00-04:00,78.2699966430664,78.33999633789062,78.19000244140625,78.23999786376953,91390.0
2026-08-04T12:30:00-04:00,78.23999786376953,78.29000091552734,78.19000244140625,78.26499938964844,95002.0
2026-08-04T12:35:00-04:00,78.26000213623047,78.30999755859375,78.18000030517578,78.19499969482422,101332.0
2026-08-04T12:40:00-04:00,78.19499969482422,78.25,78.125,78.23999786376953,120907.0
2026-08-04T12:45:00-04:00,78.25,78.4000015258789,78.25,78.37000274658203,114796.0
2026-08-04T12:50:00-04:00,78.37000274658203,78.44499969482422,78.28500366210938,78.30000305175781,68399.0
2026-08-04T12:55:00-04:00,78.27999877929688,78.41000366210938,78.2750015258789,78.36000061035156,66260.0
2026-08-04T13:00:00-04:00,78.37000274658203,78.5199966430664,78.3499984741211,78.5,97883.0
2026-08-04T13:05:00-04:00,78.5250015258789,78.55999755859375,78.47000122070312,78.53500366210938,111293.0
2026-08-04T13:10:00-04:00,78.52999877929688,78.55999755859375,78.4749984741211,78.50499725341797,98125.0
2026-08-04T13:15:00-04:00,78.50499725341797,78.51000213623047,78.36000061035156,78.375,102539.0
2026-08-04T13:20:00-04:00,78.37999725341797,78.4800033569336,78.37000274658203,78.45999908447266,151764.0
2026-08-04T13:25:00-04:00,78.46499633789062,78.48999786376953,78.33499908447266,78.3550033569336,72077.0
2026-08-04T13:30:00-04:00,78.3499984741211,78.3949966430664,78.2750015258789,78.3949966430664,102148.0
2026-08-04T13:35:00-04:00,78.38999938964844,78.5,78.375,78.41500091552734,98294.0
2026-08-04T13:40:00-04:00,78.41999816894531,78.5,78.41000366210938,78.48999786376953,56477.0
2026-08-04T13:45:00-04:00,78.49500274658203,78.59500122070312,78.48500061035156,78.50499725341797,107183.0
2026-08-04T13:50:00-04:00,78.50499725341797,78.51499938964844,78.33000183105469,78.37000274658203,128000.0
2026-08-04T13:55:00-04:00,78.36000061035156,78.43000030517578,78.26499938964844,78.2699966430664,78262.0
2026-08-04T14:00:00-04:00,78.2699966430664,78.3949966430664,78.22019958496094,78.30500030517578,103900.0
2026-08-04T14:05:00-04:00,78.30999755859375,78.41500091552734,78.30500030517578,78.38500213623047,76485.0
2026-08-04T14:10:00-04:00,78.37999725341797,78.44499969482422,78.3499984741211,78.44499969482422,90705.0
2026-08-04T14:15:00-04:00,78.44999694824219,78.45999908447266,78.32499694824219,78.33000183105469,91761.0
2026-08-04T14:20:00-04:00,78.31999969482422,78.36000061035156,78.29000091552734,78.30000305175781,80499.0
2026-08-04T14:25:00-04:00,78.30000305175781,78.34500122070312,78.20999908447266,78.21499633789062,110472.0
2026-08-04T14:30:00-04:00,78.22000122070312,78.30999755859375,78.12000274658203,78.16999816894531,194852.0
2026-08-04T14:35:00-04:00,78.1698989868164,78.19999694824219,78.01499938964844,78.04000091552734,139692.0
2026-08-04T14:40:00-04:00,78.02999877929688,78.05000305175781,77.90499877929688,77.95999908447266,213971.0
2026-08-04T14:45:00-04:00,77.97000122070312,78.08000183105469,77.95999908447266,78.04000091552734,89954.0
2026-08-04T14:50:00-04:00,78.05000305175781,78.13500213623047,78.0199966430664,78.04000091552734,209418.0
2026-08-04T14:55:00-04:00,78.04499816894531,78.1050033569336,77.98999786376953,78.05500030517578,152839.0
2026-08-04T15:00:00-04:00,78.05999755859375,78.19499969482422,78.02999877929688,78.12000274658203,131810.0
2026-08-04T15:05:00-04:00,78.12999725341797,78.33999633789062,78.12999725341797,78.33999633789062,117228.0
2026-08-04T15:10:00-04:00,78.33999633789062,78.36000061035156,78.17500305175781,78.17500305175781,141965.0
2026-08-04T15:15:00-04:00,78.18000030517578,78.29499816894531,78.1449966430664,78.29000091552734,97563.0
2026-08-04T15:20:00-04:00,78.29000091552734,78.31999969482422,78.11499786376953,78.12000274658203,107696.0
2026-08-04T15:25:00-04:00,78.12000274658203,78.20500183105469,78.08000183105469,78.18000030517578,90165.0
2026-08-04T15:30:00-04:00,78.19000244140625,78.19000244140625,78.06210327148438,78.1449966430664,152740.0
2026-08-04T15:35:00-04:00,78.1449966430664,78.1500015258789,78.05999755859375,78.09500122070312,123697.0
2026-08-04T15:40:00-04:00,78.09500122070312,78.11990356445312,78.01000213623047,78.01499938964844,149979.0
2026-08-04T15:45:00-04:00,78.02200317382812,78.0250015258789,77.91500091552734,77.91999816894531,303786.0
2026-08-04T15:50:00-04:00,77.93000030517578,77.93000030517578,77.62999725341797,77.63500213623047,493214.0
2026-08-04T15:55:00-04:00,77.62999725341797,77.98999786376953,77.58000183105469,77.8949966430664,1617521.0
2026-08-05T09:30:00-04:00,82.19999694824219,83.54000091552734,82.12999725341797,82.43000030517578,3526863.0
2026-08-05T09:35:00-04:00,82.43000030517578,82.55000305175781,81.80999755859375,82.125,871287.0
2026-08-05T09:40:00-04:00,82.12000274658203,82.51499938964844,81.97000122070312,82.3949966430664,441955.0
2026-08-05T09:45:00-04:00,82.4000015258789,82.55999755859375,82.16999816894531,82.41000366210938,555479.0
2026-08-05T09:50:00-04:00,82.4000015258789,82.77999877929688,82.2750015258789,82.75,437833.0
2026-08-05T09:55:00-04:00,82.76000213623047,82.87999725341797,82.65499877929688,82.81999969482422,389919.0
2026-08-05T10:00:00-04:00,82.80999755859375,82.92500305175781,82.58999633789062,82.91999816894531,588308.0
2026-08-05T10:05:00-04:00,82.91500091552734,83.5,82.91000366210938,83.38999938964844,753293.0
2026-08-05T10:10:00-04:00,83.38999938964844,83.68000030517578,83.31999969482422,83.63999938964844,743224.0
2026-08-05T10:15:00-04:00,83.64749908447266,83.91000366210938,83.5999984741211,83.7750015258789,595499.0
2026-08-05T10:20:00-04:00,83.7699966430664,83.80999755859375,83.41500091552734,83.73999786376953,675370.0
2026-08-05T10:25:00-04:00,83.7300033569336,83.9749984741211,83.70500183105469,83.74500274658203,574258.0
2026-08-05T10:30:00-04:00,83.73999786376953,83.81500244140625,83.53500366210938,83.6500015258789,512002.0
2026-08-05T10:35:00-04:00,83.63999938964844,83.84989929199219,83.48500061035156,83.52999877929688,610200.0
2026-08-05T10:40:00-04:00,83.5250015258789,83.87000274658203,83.45500183105469,83.8499984741211,621641.0
2026-08-05T10:45:00-04:00,83.83999633789062,84.07990264892578,83.7699966430664,84.06009674072266,713336.0
2026-08-05T10:50:00-04:00,84.05000305175781,84.08000183105469,83.19390106201172,83.5199966430664,566894.0
2026-08-05T10:55:00-04:00,83.52999877929688,83.73999786376953,83.34500122070312,83.36000061035156,1810146.0
2026-08-05T11:00:00-04:00,83.37000274658203,83.91000366210938,83.33999633789062,83.7698974609375,578533.0
2026-08-05T11:05:00-04:00,83.7699966430664,84.01000213623047,83.73999786376953,84.01000213623047,485532.0
2026-08-05T11:10:00-04:00,84.0,84.16999816894531,83.94999694824219,84.04000091552734,510659.0
2026-08-05T11:15:00-04:00,84.04000091552734,84.2249984741211,83.86000061035156,84.20999908447266,979798.0
2026-08-05T11:20:00-04:00,84.19000244140625,84.2699966430664,84.06999969482422,84.20999908447266,328532.0
2026-08-05T11:25:00-04:00,84.19999694824219,84.30999755859375,84.12000274658203,84.19000244140625,382629.0
2026-08-05T11:30:00-04:00,84.18000030517578,84.30999755859375,83.81999969482422,83.93499755859375,558202.0
2026-08-05T11:35:00-04:00,83.93499755859375,84.16000366210938,83.9000015258789,84.1500015258789,332975.0
2026-08-05T11:40:00-04:00,84.1500015258789,84.15499877929688,83.87000274658203,83.94499969482422,304708.0
2026-08-05T11:45:00-04:00,83.94000244140625,83.97000122070312,83.80500030517578,83.83999633789062,884788.0
2026-08-05T11:50:00-04:00,83.84500122070312,83.84500122070312,83.52400207519531,83.55500030517578,439696.0
2026-08-05T11:55:00-04:00,83.55000305175781,83.55000305175781,83.21499633789062,83.33000183105469,317877.0
2026-08-05T12:00:00-04:00,83.31500244140625,83.5,83.20999908447266,83.25,319044.0
2026-08-05T12:05:00-04:00,83.24500274658203,83.33999633789062,83.16999816894531,83.31999969482422,430608.0
2026-08-05T12:10:00-04:00,83.31999969482422,83.40499877929688,83.11499786376953,83.28500366210938,221835.0
2026-08-05T12:15:00-04:00,83.29000091552734,83.55999755859375,83.29000091552734,83.50499725341797,296259.0
2026-08-05T12:20:00-04:00,83.51000213623047,83.66000366210938,83.4749984741211,83.51000213623047,232451.0
2026-08-05T12:25:00-04:00,83.51499938964844,83.76000213623047,83.51000213623047,83.72000122070312,186390.0
2026-08-05T12:30:00-04:00,83.7249984741211,83.7699966430664,83.53500366210938,83.63999938964844,129292.0
2026-08-05T12:35:00-04:00,83.63999938964844,83.76000213623047,83.52999877929688,83.63999938964844,142177.0
2026-08-05T12:40:00-04:00,83.63999938964844,83.69999694824219,83.38500213623047,83.41500091552734,199282.0
2026-08-05T12:45:00-04:00,83.4000015258789,83.43000030517578,83.27999877929688,83.38999938964844,389328.0
2026-08-05T12:50:00-04:00,83.38500213623047,83.55000305175781,83.37999725341797,83.55000305175781,217671.0
2026-08-05T12:55:00-04:00,83.54499816894531,83.55000305175781,83.30999755859375,83.36730194091797,223826.0
2026-08-05T13:00:00-04:00,83.36499786376953,83.41000366210938,83.20999908447266,83.26000213623047,158211.0
2026-08-05T13:05:00-04:00,83.2699966430664,83.36000061035156,83.19010162353516,83.19999694824219,118769.0
2026-08-05T13:10:00-04:00,83.19000244140625,83.29499816894531,83.125,83.18000030517578,162617.0
2026-08-05T13:15:00-04:00,83.17500305175781,83.22000122070312,83.11000061035156,83.11499786376953,170930.0
2026-08-05T13:20:00-04:00,83.11000061035156,83.25789642333984,83.06999969482422,83.11000061035156,176796.0
2026-08-05T13:25:00-04:00,83.11000061035156,83.30999755859375,83.06999969482422,83.2699966430664,173894.0
2026-08-05T13:30:00-04:00,83.2699966430664,83.41000366210938,83.12999725341797,83.36000061035156,206357.0
2026-08-05T13:35:00-04:00,83.37000274658203,83.5,83.34500122070312,83.48999786376953,218267.0
2026-08-05T13:40:00-04:00,83.48999786376953,83.56999969482422,83.42500305175781,83.43000030517578,208726.0
2026-08-05T13:45:00-04:00,83.43000030517578,83.66999816894531,83.4000015258789,83.63999938964844,207487.0
2026-08-05T13:50:00-04:00,83.63999938964844,83.66999816894531,83.4800033569336,83.48999786376953,169132.0
2026-08-05T13:55:00-04:00,83.4800033569336,83.58000183105469,83.41000366210938,83.41999816894531,148293.0
2026-08-05T14:00:00-04:00,83.41000366210938,83.5199966430664,83.33999633789062,83.44000244140625,137177.0
2026-08-05T14:05:00-04:00,83.44000244140625,83.48500061035156,83.3949966430664,83.44000244140625,101128.0
2026-08-05T14:10:00-04:00,83.44000244140625,83.45999908447266,83.21499633789062,83.22000122070312,78022.0
2026-08-05T14:15:00-04:00,83.22000122070312,83.38999938964844,83.20999908447266,83.36499786376953,102543.0
2026-08-05T14:20:00-04:00,83.36000061035156,83.51000213623047,83.36000061035156,83.41999816894531,135058.0
2026-08-05T14:25:00-04:00,83.41999816894531,83.51000213623047,83.41999816894531,83.45999908447266,154027.0
2026-08-05T14:30:00-04:00,83.45999908447266,83.4800033569336,83.13500213623047,83.1395034790039,237012.0
2026-08-05T14:35:00-04:00,83.13999938964844,83.19960021972656,83.125,83.125,145678.0
2026-08-05T14:40:00-04:00,83.12000274658203,83.17500305175781,83.1050033569336,83.13500213623047,204617.0
2026-08-05T14:45:00-04:00,83.12999725341797,83.25499725341797,83.11499786376953,83.17500305175781,196563.0
2026-08-05T14:50:00-04:00,83.18000030517578,83.2300033569336,83.16000366210938,83.2249984741211,265942.0
2026-08-05T14:55:00-04:00,83.2249984741211,83.30500030517578,83.18000030517578,83.18000030517578,126597.0
2026-08-05T15:00:00-04:00,83.18499755859375,83.44999694824219,83.16500091552734,83.44999694824219,131981.0
2026-08-05T15:05:00-04:00,83.44499969482422,83.56999969482422,83.36000061035156,83.5199966430664,160003.0
2026-08-05T15:10:00-04:00,83.51499938964844,83.7249984741211,83.4749984741211,83.69000244140625,255383.0
2026-08-05T15:15:00-04:00,83.68000030517578,83.72000122070312,83.56999969482422,83.58499908447266,233488.0
2026-08-05T15:20:00-04:00,83.58999633789062,83.74500274658203,83.57499694824219,83.73999786376953,218520.0
2026-08-05T15:25:00-04:00,83.73999786376953,83.80000305175781,83.70500183105469,83.74500274658203,210511.0
2026-08-05T15:30:00-04:00,83.74500274658203,83.79000091552734,83.5999984741211,83.68499755859375,355810.0
2026-08-05T15:35:00-04:00,83.68499755859375,83.69499969482422,83.61499786376953,83.68499755859375,231241.0
2026-08-05T15:40:00-04:00,83.68499755859375,83.9000015258789,83.6500015258789,83.74500274658203,398936.0
2026-08-05T15:45:00-04:00,83.73500061035156,83.7750015258789,83.53500366210938,83.6050033569336,439542.0
2026-08-05T15:50:00-04:00,83.61000061035156,83.79000091552734,83.50499725341797,83.73999786376953,743509.0
2026-08-05T15:55:00-04:00,83.73999786376953,83.94000244140625,83.62000274658203,83.66999816894531,2500787.0
2026-08-06T09:30:00-04:00,82.44000244140625,82.91999816894531,82.18000030517578,82.63999938964844,1459557.0
2026-08-06T09:35:00-04:00,82.65499877929688,83.4000015258789,82.62000274658203,83.2699966430664,495143.0
2026-08-06T09:40:00-04:00,83.27999877929688,83.79000091552734,83.27999877929688,83.51000213623047,371555.0
2026-08-06T09:45:00-04:00,83.5199966430664,83.91999816894531,83.37000274658203,83.59049987792969,658719.0
2026-08-06T09:50:00-04:00,83.58999633789062,83.68000030517578,83.30999755859375,83.41000366210938,328425.0
2026-08-06T09:55:00-04:00,83.44000244140625,83.55000305175781,83.30000305175781,83.47000122070312,473240.0
2026-08-06T10:00:00-04:00,83.47000122070312,83.69999694824219,83.45999908447266,83.69000244140625,368315.0
2026-08-06T10:05:00-04:00,83.68499755859375,83.9800033569336,83.61000061035156,83.7699966430664,299523.0
2026-08-06T10:10:00-04:00,83.77999877929688,84.25,83.77999877929688,84.08000183105469,406399.0
2026-08-06T10:15:00-04:00,84.08000183105469,84.13999938964844,83.83999633789062,84.01000213623047,391082.0
2026-08-06T10:20:00-04:00,83.9800033569336,84.0199966430664,83.56999969482422,83.6500015258789,368110.0
2026-08-06T10:25:00-04:00,83.66000366210938,83.70999908447266,83.4800033569336,83.55000305175781,178087.0
2026-08-06T10:30:00-04:00,83.55000305175781,83.88500213623047,83.54000091552734,83.77999877929688,157036.0
2026-08-06T10:35:00-04:00,83.77999877929688,84.08999633789062,83.77999877929688,83.93499755859375,191961.0
2026-08-06T10:40:00-04:00,83.93000030517578,84.33000183105469,83.91000366210938,84.25,195994.0
2026-08-06T10:45:00-04:00,84.24500274658203,84.26000213623047,83.87000274658203,83.87000274658203,157668.0
2026-08-06T10:50:00-04:00,83.875,84.38999938964844,83.80000305175781,84.37999725341797,344409.0
2026-08-06T10:55:00-04:00,84.37000274658203,84.4800033569336,84.11000061035156,84.26000213623047,249851.0
2026-08-06T11:00:00-04:00,84.2699966430664,84.36000061035156,83.875,84.00990295410156,596191.0
2026-08-06T11:05:00-04:00,84.01000213623047,84.13500213623047,83.90499877929688,83.95999908447266,123023.0
2026-08-06T11:10:00-04:00,83.94999694824219,84.02999877929688,83.77999877929688,83.83999633789062,208807.0
2026-08-06T11:15:00-04:00,83.81999969482422,83.87999725341797,83.62999725341797,83.72000122070312,260567.0
2026-08-06T11:20:00-04:00,83.7300033569336,83.80000305175781,83.48999786376953,83.58000183105469,356187.0
2026-08-06T11:25:00-04:00,83.58000183105469,83.78800201416016,83.54000091552734,83.68000030517578,220440.0
2026-08-06T11:30:00-04:00,83.69000244140625,83.70999908447266,83.33999633789062,83.33999633789062,150002.0
2026-08-06T11:35:00-04:00,83.3499984741211,83.43000030517578,83.25,83.27999877929688,207630.0
2026-08-06T11:40:00-04:00,83.29000091552734,83.31999969482422,83.125,83.2300033569336,196167.0
2026-08-06T11:45:00-04:00,83.2300033569336,83.44499969482422,83.19000244140625,83.36000061035156,149851.0
2026-08-06T11:50:00-04:00,83.3499984741211,83.44999694824219,82.9749984741211,83.0,280703.0
2026-08-06T11:55:00-04:00,83.0,83.13999938964844,82.875,82.90499877929688,251009.0
2026-08-06T12:00:00-04:00,82.91000366210938,83.01499938964844,82.76000213623047,82.87999725341797,346874.0
2026-08-06T12:05:00-04:00,82.87999725341797,83.0999984741211,82.87000274658203,83.06999969482422,158597.0
2026-08-06T12:10:00-04:00,83.08000183105469,83.18000030517578,82.86000061035156,82.93000030517578,105095.0
2026-08-06T12:15:00-04:00,82.93000030517578,82.95500183105469,82.70999908447266,82.7699966430664,208600.0
2026-08-06T12:20:00-04:00,82.76000213623047,82.8499984741211,82.61499786376953,82.69999694824219,167233.0
2026-08-06T12:25:00-04:00,82.69999694824219,82.91999816894531,82.68000030517578,82.87999725341797,118475.0
2026-08-06T12:30:00-04:00,82.88999938964844,83.12999725341797,82.88999938964844,83.11000061035156,107961.0
2026-08-06T12:35:00-04:00,83.11000061035156,83.37000274658203,83.11000061035156,83.3499984741211,180595.0
2026-08-06T12:40:00-04:00,83.33999633789062,83.4000015258789,83.2300033569336,83.33499908447266,127530.0
2026-08-06T12:45:00-04:00,83.32499694824219,83.4000015258789,83.2300033569336,83.37999725341797,240051.0
2026-08-06T12:50:00-04:00,83.38999938964844,83.4800033569336,83.36499786376953,83.47000122070312,122334.0
2026-08-06T12:55:00-04:00,83.46499633789062,83.66999816894531,83.46499633789062,83.66000366210938,162100.0
2026-08-06T13:00:00-04:00,83.68000030517578,83.80000305175781,83.62000274658203,83.7300033569336,108832.0
2026-08-06T13:05:00-04:00,83.7301025390625,83.80000305175781,83.62000274658203,83.74500274658203,139218.0
2026-08-06T13:10:00-04:00,83.73999786376953,83.79499816894531,83.62999725341797,83.63999938964844,101524.0
2026-08-06T13:15:00-04:00,83.63999938964844,83.69999694824219,83.54000091552734,83.68000030517578,89708.0
2026-08-06T13:20:00-04:00,83.69000244140625,83.75,83.59500122070312,83.62999725341797,65510.0
2026-08-06T13:25:00-04:00,83.63999938964844,83.73999786376953,83.63999938964844,83.66999816894531,86235.0
2026-08-06T13:30:00-04:00,83.66000366210938,83.75499725341797,83.62999725341797,83.7300033569336,72345.0
2026-08-06T13:35:00-04:00,83.75,83.80000305175781,83.68000030517578,83.72000122070312,90138.0
2026-08-06T13:40:00-04:00,83.73999786376953,83.77999877929688,83.69000244140625,83.73999786376953,60181.0
2026-08-06T13:45:00-04:00,83.73999786376953,83.80500030517578,83.67009735107422,83.7300033569336,85028.0
2026-08-06T13:50:00-04:00,83.7249984741211,83.97000122070312,83.7249984741211,83.91000366210938,321905.0
2026-08-06T13:55:00-04:00,83.9000015258789,83.91999816894531,83.81999969482422,83.9000015258789,84214.0
2026-08-06T14:00:00-04:00,83.90499877929688,83.92500305175781,83.7300033569336,83.80500030517578,87008.0
2026-08-06T14:05:00-04:00,83.80000305175781,83.8949966430664,83.79000091552734,83.88500213623047,74046.0
2026-08-06T14:10:00-04:00,83.88500213623047,83.91999816894531,83.76499938964844,83.81500244140625,70822.0
2026-08-06T14:15:00-04:00,83.81999969482422,83.94499969482422,83.72000122070312,83.91999816894531,135863.0
2026-08-06T14:20:00-04:00,83.91999816894531,83.96800231933594,83.82499694824219,83.875,75668.0
2026-08-06T14:25:00-04:00,83.87000274658203,83.95500183105469,83.83999633789062,83.91500091552734,86965.0
2026-08-06T14:30:00-04:00,83.91000366210938,83.93800354003906,83.72000122070312,83.77100372314453,88903.0
2026-08-06T14:35:00-04:00,83.7699966430664,83.83499908447266,83.76000213623047,83.7750015258789,344570.0
2026-08-06T14:40:00-04:00,83.7699966430664,83.80500030517578,83.69000244140625,83.7249984741211,2647105.0
2026-08-06T14:45:00-04:00,83.7249984741211,83.83000183105469,83.7249984741211,83.73999786376953,126682.0
2026-08-06T14:50:00-04:00,83.7300033569336,83.80500030517578,83.7249984741211,83.75499725341797,97645.0
2026-08-06T14:55:00-04:00,83.75,83.8499984741211,83.7249984741211,83.79499816894531,95803.0
2026-08-06T15:00:00-04:00,83.80000305175781,83.90499877929688,83.79119873046875,83.8949966430664,155928.0
2026-08-06T15:05:00-04:00,83.9000015258789,83.91500091552734,83.83000183105469,83.91500091552734,77606.0
2026-08-06T15:10:00-04:00,83.91500091552734,83.97000122070312,83.79499816894531,83.79499816894531,88280.0
2026-08-06T15:15:00-04:00,83.79000091552734,83.80500030517578,83.69000244140625,83.76499938964844,155838.0
2026-08-06T15:20:00-04:00,83.7699966430664,83.84500122070312,83.6500015258789,83.6500015258789,157982.0
2026-08-06T15:25:00-04:00,83.66000366210938,83.7249984741211,83.52999877929688,83.56999969482422,146391.0
2026-08-06T15:30:00-04:00,83.56999969482422,83.63500213623047,83.51000213623047,83.58000183105469,233582.0
2026-08-06T15:35:00-04:00,83.58499908447266,83.61000061035156,83.44000244140625,83.44000244140625,180348.0
2026-08-06T15:40:00-04:00,83.44499969482422,83.47000122070312,83.18499755859375,83.26000213623047,317672.0
2026-08-06T15:45:00-04:00,83.26000213623047,83.51499938964844,83.26000213623047,83.50499725341797,195152.0
2026-08-06T15:50:00-04:00,83.5,83.91999816894531,83.48999786376953,83.82499694824219,364332.0
2026-08-06T15:55:00-04:00,83.81999969482422,84.01000213623047,83.72000122070312,83.90010070800781,1450746.0
2026-08-07T09:30:00-04:00,89.30999755859375,90.20999908447266,89.04000091552734,89.5,5760550.0
2026-08-07T09:35:00-04:00,89.51000213623047,90.0999984741211,89.36009979248047,90.06999969482422,1430238.0
2026-08-07T09:40:00-04:00,90.06999969482422,90.4000015258789,89.95500183105469,90.12999725341797,1235551.0
2026-08-07T09:45:00-04:00,90.125,90.44499969482422,89.87000274658203,90.38999938964844,1282139.0
2026-08-07T09:50:00-04:00,90.3949966430664,90.55000305175781,90.12000274658203,90.54000091552734,724289.0
2026-08-07T09:55:00-04:00,90.52999877929688,90.55500030517578,89.8949966430664,90.17500305175781,845423.0
2026-08-07T10:00:00-04:00,90.18000030517578,90.23999786376953,89.4000015258789,89.4000015258789,922735.0
2026-08-07T10:05:00-04:00,89.4010009765625,89.69999694824219,89.32499694824219,89.61000061035156,645690.0
2026-08-07T10:10:00-04:00,89.62000274658203,89.80500030517578,89.1500015258789,89.36000061035156,541270.0
2026-08-07T10:15:00-04:00,89.3550033569336,90.06500244140625,89.09200286865234,90.04000091552734,776716.0
2026-08-07T10:20:00-04:00,90.03500366210938,90.19000244140625,89.55999755859375,89.65499877929688,1990610.0
2026-08-07T10:25:00-04:00,89.65160369873047,90.02999877929688,89.62000274658203,89.810302734375,506245.0
2026-08-07T10:30:00-04:00,89.81500244140625,89.82499694824219,89.38999938964844,89.5199966430664,428877.0
2026-08-07T10:35:00-04:00,89.52999877929688,89.73999786376953,89.41999816894531,89.51000213623047,456340.0
2026-08-07T10:40:00-04:00,89.50499725341797,89.88999938964844,89.44999694824219,89.69999694824219,473304.0
2026-08-07T10:45:00-04:00,89.70999908447266,89.9749984741211,89.45999908447266,89.55999755859375,356475.0
2026-08-07T10:50:00-04:00,89.55999755859375,89.7699966430664,89.51499938964844,89.66500091552734,380526.0
2026-08-07T10:55:00-04:00,89.66999816894531,89.75,89.33000183105469,89.36000061035156,329242.0
2026-08-07T11:00:00-04:00,89.37000274658203,89.80000305175781,89.3499984741211,89.72000122070312,291435.0
2026-08-07T11:05:00-04:00,89.71499633789062,90.08999633789062,89.70999908447266,90.02999877929688,340700.0
2026-08-07T11:10:00-04:00,90.04000091552734,90.37000274658203,90.00499725341797,90.33499908447266,801999.0
2026-08-07T11:15:00-04:00,90.33000183105469,90.80000305175781,90.13999938964844,90.16999816894531,483447.0
2026-08-07T11:20:00-04:00,90.16500091552734,90.24500274658203,90.05000305175781,90.18000030517578,286538.0
2026-08-07T11:25:00-04:00,90.19000244140625,90.3499984741211,90.16999816894531,90.17549896240234,349085.0
2026-08-07T11:30:00-04:00,90.18000030517578,90.22000122070312,89.95999908447266,89.9800033569336,367571.0
2026-08-07T11:35:00-04:00,89.9800033569336,90.04000091552734,89.9000015258789,89.96499633789062,539151.0
2026-08-07T11:40:00-04:00,89.94499969482422,89.9800033569336,89.70500183105469,89.72000122070312,202439.0
2026-08-07T11:45:00-04:00,89.72000122070312,89.80999755859375,89.6449966430664,89.77999877929688,188251.0
2026-08-07T11:50:00-04:00,89.7750015258789,89.83000183105469,89.52999877929688,89.69000244140625,307965.0
2026-08-07T11:55:00-04:00,89.69499969482422,89.78500366210938,89.58999633789062,89.62000274658203,234367.0
2026-08-07T12:00:00-04:00,89.62999725341797,89.94499969482422,89.55999755859375,89.94499969482422,262962.0
2026-08-07T12:05:00-04:00,89.94999694824219,90.20500183105469,89.94499969482422,90.16000366210938,196711.0
2026-08-07T12:10:00-04:00,90.15499877929688,90.20500183105469,89.97000122070312,90.0250015258789,346932.0
2026-08-07T12:15:00-04:00,90.0199966430664,90.12000274658203,89.87999725341797,89.87999725341797,170324.0
2026-08-07T12:20:00-04:00,89.87000274658203,90.04499816894531,89.69499969482422,89.69499969482422,329248.0
2026-08-07T12:25:00-04:00,89.69499969482422,89.69499969482422,89.40499877929688,89.44000244140625,285664.0
2026-08-07T12:30:00-04:00,89.43000030517578,89.44999694824219,89.18000030517578,89.32499694824219,242750.0
2026-08-07T12:35:00-04:00,89.33000183105469,89.38999938964844,89.22000122070312,89.27999877929688,196586.0
2026-08-07T12:40:00-04:00,89.29000091552734,89.37000274658203,89.16000366210938,89.24500274658203,123313.0
2026-08-07T12:45:00-04:00,89.24500274658203,89.25499725341797,89.13500213623047,89.2300033569336,314937.0
2026-08-07T12:50:00-04:00,89.2300033569336,89.2699966430664,88.9000015258789,88.94499969482422,297799.0
2026-08-07T12:55:00-04:00,88.93499755859375,88.94499969482422,88.55999755859375,88.55999755859375,383977.0
2026-08-07T13:00:00-04:00,88.56500244140625,88.83000183105469,88.44000244140625,88.83000183105469,294459.0
2026-08-07T13:05:00-04:00,88.81999969482422,88.9800033569336,88.80500030517578,88.95500183105469,244634.0
2026-08-07T13:10:00-04:00,88.95999908447266,89.04000091552734,88.80000305175781,88.86000061035156,167730.0
2026-08-07T13:15:00-04:00,88.86000061035156,88.96990203857422,88.81500244140625,88.9000015258789,144524.0
2026-08-07T13:20:00-04:00,88.9000015258789,89.08499908447266,88.9000015258789,89.08499908447266,236838.0
2026-08-07T13:25:00-04:00,89.08499908447266,89.19999694824219,89.02999877929688,89.13999938964844,143251.0
2026-08-07T13:30:00-04:00,89.1449966430664,89.17500305175781,88.92500305175781,89.01000213623047,173763.0
2026-08-07T13:35:00-04:00,89.00499725341797,89.12999725341797,88.86000061035156,89.11499786376953,149600.0
2026-08-07T13:40:00-04:00,89.11499786376953,89.26000213623047,89.08999633789062,89.12000274658203,151699.0
2026-08-07T13:45:00-04:00,89.12000274658203,89.23500061035156,89.08999633789062,89.19000244140625,116662.0
2026-08-07T13:50:00-04:00,89.19999694824219,89.30999755859375,89.19999694824219,89.2750015258789,123131.0
2026-08-07T13:55:00-04:00,89.27999877929688,89.31999969482422,89.2300033569336,89.24500274658203,128775.0
2026-08-07T14:00:00-04:00,89.24500274658203,89.30500030517578,89.0999984741211,89.16000366210938,151540.0
2026-08-07T14:05:00-04:00,89.15899658203125,89.20500183105469,89.05999755859375,89.125,180845.0
2026-08-07T14:10:00-04:00,89.125,89.16629791259766,88.8550033569336,88.8949966430664,256594.0
2026-08-07T14:15:00-04:00,88.88500213623047,88.99500274658203,88.88500213623047,88.88999938964844,184902.0
2026-08-07T14:20:00-04:00,88.88999938964844,89.0250015258789,88.81999969482422,88.87000274658203,265682.0
2026-08-07T14:25:00-04:00,88.87000274658203,89.0,88.86499786376953,88.99500274658203,185117.0
2026-08-07T14:30:00-04:00,88.99500274658203,89.08999633789062,88.94999694824219,89.04499816894531,271779.0
2026-08-07T14:35:00-04:00,89.05999755859375,89.23999786376953,89.05999755859375,89.1050033569336,267305.0
2026-08-07T14:40:00-04:00,89.0999984741211,89.0999984741211,88.86499786376953,88.88999938964844,155861.0
2026-08-07T14:45:00-04:00,88.88999938964844,89.0999984741211,88.88500213623047,89.07499694824219,154657.0
2026-08-07T14:50:00-04:00,89.08000183105469,89.0999984741211,88.95999908447266,88.98999786376953,182344.0
2026-08-07T14:55:00-04:00,88.98999786376953,89.05999755859375,88.95500183105469,89.05999755859375,204329.0
2026-08-07T15:00:00-04:00,89.05500030517578,89.45999908447266,89.05500030517578,89.2249984741211,256661.0
2026-08-07T15:05:00-04:00,89.2249984741211,89.58999633789062,89.2249984741211,89.58000183105469,217516.0
2026-08-07T15:10:00-04:00,89.58000183105469,89.625,89.4800033569336,89.51499938964844,268271.0
2026-08-07T15:15:00-04:00,89.51499938964844,89.67500305175781,89.46499633789062,89.53500366210938,258207.0
2026-08-07T15:20:00-04:00,89.54000091552734,89.71499633789062,89.54000091552734,89.55000305175781,315709.0
2026-08-07T15:25:00-04:00,89.55000305175781,89.66000366210938,89.48999786376953,89.62999725341797,231610.0
2026-08-07T15:30:00-04:00,89.63500213623047,89.65499877929688,89.38999938964844,89.5,295304.0
2026-08-07T15:35:00-04:00,89.49500274658203,89.53500366210938,89.4000015258789,89.5250015258789,338647.0
2026-08-07T15:40:00-04:00,89.5199966430664,89.52999877929688,89.3499984741211,89.42500305175781,339499.0
2026-08-07T15:45:00-04:00,89.42500305175781,89.63500213623047,89.41999816894531,89.59500122070312,436206.0
2026-08-07T15:50:00-04:00,89.58999633789062,89.8499984741211,89.58999633789062,89.67500305175781,1011634.0
2026-08-07T15:55:00-04:00,89.68000030517578,89.95999908447266,89.5999984741211,89.87999725341797,2619637.0
2026-08-10T09:30:00-04:00,88.9000015258789,89.23999786376953,88.0199966430664,88.37999725341797,1744406.0
2026-08-10T09:35:00-04:00,88.375,88.69999694824219,88.12999725341797,88.27999877929688,529767.0
2026-08-10T09:40:00-04:00,88.30000305175781,88.55000305175781,88.04000091552734,88.05500030517578,495464.0
2026-08-10T09:45:00-04:00,88.05999755859375,88.19000244140625,87.71780395507812,87.91000366210938,1066528.0
2026-08-10T09:50:00-04:00,87.91000366210938,88.08499908447266,87.58000183105469,87.80999755859375,546919.0
2026-08-10T09:55:00-04:00,87.81500244140625,87.91500091552734,87.43000030517578,87.57499694824219,407380.0
2026-08-10T10:00:00-04:00,87.57499694824219,87.97000122070312,87.51000213623047,87.76000213623047,383639.0
2026-08-10T10:05:00-04:00,87.7699966430664,88.0,87.76000213623047,87.80999755859375,202605.0
2026-08-10T10:10:00-04:00,87.83000183105469,88.3499984741211,87.83000183105469,88.27999877929688,208754.0
2026-08-10T10:15:00-04:00,88.29000091552734,88.7249984741211,88.25,88.62000274658203,283023.0
2026-08-10T10:20:00-04:00,88.61000061035156,88.78500366210938,88.41000366210938,88.76000213623047,207558.0
2026-08-10T10:25:00-04:00,88.77999877929688,89.30000305175781,88.75,89.18000030517578,327838.0
2026-08-10T10:30:00-04:00,89.18000030517578,89.44000244140625,89.12999725341797,89.29000091552734,271760.0
2026-08-10T10:35:00-04:00,89.29000091552734,89.3550033569336,89.13500213623047,89.13999938964844,332333.0
2026-08-10T10:40:00-04:00,89.12999725341797,89.55500030517578,89.11499786376953,89.37000274658203,225406.0
2026-08-10T10:45:00-04:00,89.36000061035156,89.5,89.31999969482422,89.375,445390.0
2026-08-10T10:50:00-04:00,89.37000274658203,89.37000274658203,89.04000091552734,89.06500244140625,462039.0
2026-08-10T10:55:00-04:00,89.06999969482422,89.16500091552734,88.91999816894531,88.92990112304688,187403.0
2026-08-10T11:00:00-04:00,88.91999816894531,89.41999816894531,88.9000015258789,89.30999755859375,202573.0
2026-08-10T11:05:00-04:00,89.31999969482422,89.5999984741211,89.27999877929688,89.36000061035156,132035.0
2026-08-10T11:10:00-04:00,89.36000061035156,89.6500015258789,89.28500366210938,89.54000091552734,200349.0
2026-08-10T11:15:00-04:00,89.52999877929688,89.69499969482422,89.45999908447266,89.55999755859375,102298.0
2026-08-10T11:20:00-04:00,89.54000091552734,89.68000030517578,89.50499725341797,89.5199966430664,248699.0
2026-08-10T11:25:00-04:00,89.5199966430664,89.55000305175781,89.37000274658203,89.44999694824219,129624.0
2026-08-10T11:30:00-04:00,89.45999908447266,89.55999755859375,89.33999633789062,89.37000274658203,87889.0
2026-08-10T11:35:00-04:00,89.36000061035156,89.55000305175781,89.31999969482422,89.37000274658203,85869.0
2026-08-10T11:40:00-04:00,89.37000274658203,89.47509765625,89.33999633789062,89.43499755859375,77076.0
2026-08-10T11:45:00-04:00,89.44000244140625,89.63999938964844,89.4000015258789,89.625,83457.0
2026-08-10T11:50:00-04:00,89.62470245361328,89.79989624023438,89.62470245361328,89.75,122071.0
2026-08-10T11:55:00-04:00,89.73999786376953,90.0,89.70999908447266,89.8550033569336,228802.0
2026-08-10T12:00:00-04:00,89.87000274658203,89.99500274658203,89.77999877929688,89.83000183105469,209959.0
2026-08-10T12:05:00-04:00,89.83999633789062,89.98069763183594,89.79000091552734,89.93000030517578,160859.0
2026-08-10T12:10:00-04:00,89.94000244140625,89.99500274658203,89.73999786376953,89.73999786376953,122178.0
2026-08-10T12:15:00-04:00,89.73999786376953,89.79000091552734,89.5999984741211,89.7051010131836,153746.0
2026-08-10T12:20:00-04:00,89.70999908447266,89.875,89.69999694824219,89.83999633789062,171890.0
2026-08-10T12:25:00-04:00,89.8499984741211,89.9800033569336,89.83999633789062,89.97000122070312,137079.0
2026-08-10T12:30:00-04:00,89.97000122070312,89.97000122070312,89.43000030517578,89.69999694824219,308307.0
2026-08-10T12:35:00-04:00,89.70999908447266,89.77999877929688,89.50360107421875,89.54000091552734,151400.0
2026-08-10T12:40:00-04:00,89.54499816894531,89.6050033569336,89.3550033569336,89.44999694824219,151089.0
2026-08-10T12:45:00-04:00,89.44999694824219,89.55999755859375,89.4000015258789,89.47000122070312,122287.0
2026-08-10T12:50:00-04:00,89.47000122070312,89.4749984741211,89.3499984741211,89.44000244140625,114124.0
2026-08-10T12:55:00-04:00,89.44509887695312,89.48500061035156,89.33999633789062,89.44499969482422,112139.0
2026-08-10T13:00:00-04:00,89.44999694824219,89.5,89.38999938964844,89.38999938964844,78021.0
2026-08-10T13:05:00-04:00,89.38999938964844,89.47000122070312,89.33499908447266,89.44499969482422,90943.0
2026-08-10T13:10:00-04:00,89.44499969482422,89.51499938964844,89.41000366210938,89.44999694824219,91482.0
2026-08-10T13:15:00-04:00,89.44999694824219,89.4800033569336,89.38999938964844,89.45500183105469,55587.0
2026-08-10T13:20:00-04:00,89.45999908447266,89.54000091552734,89.43000030517578,89.53500366210938,90381.0
2026-08-10T13:25:00-04:00,89.52999877929688,89.7750015258789,89.51000213623047,89.76499938964844,166701.0
2026-08-10T13:30:00-04:00,89.7699966430664,89.81999969482422,89.7300033569336,89.79499816894531,90757.0
2026-08-10T13:35:00-04:00,89.79000091552734,89.86000061035156,89.73999786376953,89.80999755859375,136859.0
2026-08-10T13:40:00-04:00,89.80000305175781,89.8499984741211,89.73999786376953,89.75499725341797,264519.0
2026-08-10T13:45:00-04:00,89.75499725341797,89.8499984741211,89.70500183105469,89.80500030517578,239868.0
2026-08-10T13:50:00-04:00,89.80000305175781,89.93499755859375,89.79000091552734,89.88500213623047,179489.0
2026-08-10T13:55:00-04:00,89.88999938964844,89.96499633789062,89.88999938964844,89.94000244140625,318674.0
2026-08-10T14:00:00-04:00,89.94999694824219,90.00499725341797,89.84500122070312,89.94999694824219,164123.0
2026-08-10T14:05:00-04:00,89.94999694824219,90.03900146484375,89.92500305175781,89.9800033569336,123439.0
2026-08-10T14:10:00-04:00,89.98999786376953,90.02999877929688,89.8550033569336,89.86000061035156,109947.0
2026-08-10T14:15:00-04:00,89.86499786376953,89.91500091552734,89.81999969482422,89.86000061035156,192335.0
2026-08-10T14:20:00-04:00,89.8550033569336,89.93000030517578,89.83999633789062,89.86499786376953,85697.0
2026-08-10T14:25:00-04:00,89.875,89.94999694824219,89.86000061035156,89.8949966430664,124292.0
2026-08-10T14:30:00-04:00,89.8949966430664,90.19499969482422,89.88999938964844,90.16999816894531,299289.0
2026-08-10T14:35:00-04:00,90.16999816894531,90.22000122070312,90.12000274658203,90.21499633789062,204413.0
2026-08-10T14:40:00-04:00,90.22000122070312,90.36000061035156,90.21499633789062,90.25,189367.0
2026-08-10T14:45:00-04:00,90.26000213623047,90.26000213623047,90.12000274658203,90.22000122070312,126878.0
2026-08-10T14:50:00-04:00,90.2300033569336,90.2699966430664,90.13500213623047,90.14990234375,86060.0
2026-08-10T14:55:00-04:00,90.16000366210938,90.23500061035156,90.12000274658203,90.20500183105469,137300.0
2026-08-10T15:00:00-04:00,90.20999908447266,90.26000213623047,90.11000061035156,90.13500213623047,124209.0
2026-08-10T15:05:00-04:00,90.13999938964844,90.26499938964844,90.13999938964844,90.20999908447266,71199.0
2026-08-10T15:10:00-04:00,90.20999908447266,90.32250213623047,90.17500305175781,90.28500366210938,111789.0
2026-08-10T15:15:00-04:00,90.30000305175781,90.4000015258789,90.28500366210938,90.3499984741211,125590.0
2026-08-10T15:20:00-04:00,90.33999633789062,90.4800033569336,90.33999633789062,90.47000122070312,182071.0
2026-08-10T15:25:00-04:00,90.47000122070312,90.51499938964844,90.2750015258789,90.37000274658203,279722.0
2026-08-10T15:30:00-04:00,90.37999725341797,90.41000366210938,90.30000305175781,90.37999725341797,185480.0
2026-08-10T15:35:00-04:00,90.37000274658203,90.5199966430664,90.2699966430664,90.49500274658203,200518.0
2026-08-10T15:40:00-04:00,90.5,90.5999984741211,90.48989868164062,90.53500366210938,210436.0
2026-08-10T15:45:00-04:00,90.54000091552734,90.75,90.52999877929688,90.7249984741211,336568.0
2026-08-10T15:50:00-04:00,90.72000122070312,90.75,90.5199966430664,90.52999877929688,570829.0
2026-08-10T15:55:00-04:00,90.54000091552734,90.58000183105469,90.28500366210938,90.48999786376953,1416788.0
2026-08-11T09:30:00-04:00,90.0,90.45999908447266,89.55000305175781,89.61000061035156,1160544.0
2026-08-11T09:35:00-04:00,89.58999633789062,90.26000213623047,89.45999908447266,90.16999816894531,371587.0
2026-08-11T09:40:00-04:00,90.18000030517578,90.9000015258789,90.06999969482422,90.69000244140625,754975.0
2026-08-11T09:45:00-04:00,90.68000030517578,90.94000244140625,90.05000305175781,90.16000366210938,300463.0
2026-08-11T09:50:00-04:00,90.16500091552734,90.3499984741211,89.72000122070312,89.80010223388672,251150.0
2026-08-11T09:55:00-04:00,89.80999755859375,90.17500305175781,89.75,89.79499816894531,223852.0
2026-08-11T10:00:00-04:00,89.80000305175781,90.02999877929688,89.66999816894531,89.83999633789062,222514.0
2026-08-11T10:05:00-04:00,89.83000183105469,90.05000305175781,89.81999969482422,90.01000213623047,198541.0
2026-08-11T10:10:00-04:00,90.0199966430664,90.12999725341797,89.73999786376953,89.94000244140625,220147.0
2026-08-11T10:15:00-04:00,89.94999694824219,90.2699966430664,89.91999816894531,90.0999984741211,178780.0
2026-08-11T10:20:00-04:00,90.08999633789062,90.25,89.91000366210938,90.04000091552734,185291.0
2026-08-11T10:25:00-04:00,90.05000305175781,90.33999633789062,90.01000213623047,90.0999984741211,129625.0
2026-08-11T10:30:00-04:00,90.11000061035156,90.45500183105469,90.11000061035156,90.45500183105469,134032.0
2026-08-11T10:35:00-04:00,90.4551010131836,90.5199966430664,90.36000061035156,90.37999725341797,103908.0
2026-08-11T10:40:00-04:00,90.38500213623047,90.58000183105469,90.33499908447266,90.38999938964844,148485.0
2026-08-11T10:45:00-04:00,90.37999725341797,90.51499938964844,90.33999633789062,90.37999725341797,88003.0
2026-08-11T10:50:00-04:00,90.37999725341797,90.4800033569336,90.27999877929688,90.44999694824219,93832.0
2026-08-11T10:55:00-04:00,90.45999908447266,90.52999877929688,90.29000091552734,90.29000091552734,88492.0
2026-08-11T11:00:00-04:00,90.30999755859375,90.5999984741211,90.30999755859375,90.51000213623047,163548.0
2026-08-11T11:05:00-04:00,90.5199966430664,90.55999755859375,90.1500015258789,90.20500183105469,188898.0
2026-08-11T11:10:00-04:00,90.19869995117188,90.5199966430664,90.0999984741211,90.31999969482422,347034.0
2026-08-11T11:15:00-04:00,90.2750015258789,90.27999877929688,89.86000061035156,89.99079895019531,160659.0
2026-08-11T11:20:00-04:00,90.00499725341797,90.1449966430664,89.87999725341797,89.9800033569336,143253.0
2026-08-11T11:25:00-04:00,89.98999786376953,90.16999816894531,89.97000122070312,90.08000183105469,258138.0
2026-08-11T11:30:00-04:00,90.08000183105469,90.26000213623047,90.0199966430664,90.03500366210938,107310.0
2026-08-11T11:35:00-04:00,90.05500030517578,90.1050033569336,89.58000183105469,89.58000183105469,261841.0
2026-08-11T11:40:00-04:00,89.58999633789062,89.83000183105469,89.44999694824219,89.79000091552734,178587.0
2026-08-11T11:45:00-04:00,89.77999877929688,89.86499786376953,89.72000122070312,89.76000213623047,100433.0
2026-08-11T11:50:00-04:00,89.73999786376953,89.91999816894531,89.70999908447266,89.9000015258789,76324.0
2026-08-11T11:55:00-04:00,89.88999938964844,90.16000366210938,89.87999725341797,90.15499877929688,90580.0
2026-08-11T12:00:00-04:00,90.16999816894531,90.19999694824219,90.0199966430664,90.04000091552734,62472.0
2026-08-11T12:05:00-04:00,90.05000305175781,90.11990356445312,89.98500061035156,90.05500030517578,77122.0
2026-08-11T12:10:00-04:00,90.05999755859375,90.12999725341797,90.04000091552734,90.08000183105469,68647.0
2026-08-11T12:15:00-04:00,90.05999755859375,90.06999969482422,89.8499984741211,89.8499984741211,182663.0
2026-08-11T12:20:00-04:00,89.86000061035156,90.04499816894531,89.86000061035156,90.01000213623047,108055.0
2026-08-11T12:25:00-04:00,90.01000213623047,90.04499816894531,89.94000244140625,89.9800033569336,143070.0
2026-08-11T12:30:00-04:00,89.94999694824219,89.95999908447266,89.80500030517578,89.9000015258789,71051.0
2026-08-11T12:35:00-04:00,89.9000015258789,89.95999908447266,89.8499984741211,89.88999938964844,68409.0
2026-08-11T12:40:00-04:00,89.9000015258789,89.94999694824219,89.80500030517578,89.81580352783203,135661.0
2026-08-11T12:45:00-04:00,89.81500244140625,89.86499786376953,89.73999786376953,89.7699966430664,92745.0
2026-08-11T12:50:00-04:00,89.77999877929688,89.78500366210938,89.63500213623047,89.66999816894531,66919.0
2026-08-11T12:55:00-04:00,89.68499755859375,89.81999969482422,89.6709976196289,89.80000305175781,42574.0
2026-08-11T13:00:00-04:00,89.80000305175781,89.87999725341797,89.76000213623047,89.85340118408203,51333.0
2026-08-11T13:05:00-04:00,89.8499984741211,89.91000366210938,89.73500061035156,89.79000091552734,122560.0
2026-08-11T13:10:00-04:00,89.77999877929688,89.80000305175781,89.69000244140625,89.69000244140625,54007.0
2026-08-11T13:15:00-04:00,89.69000244140625,89.80999755859375,89.66000366210938,89.77999877929688,236329.0
2026-08-11T13:20:00-04:00,89.77999877929688,89.9000015258789,89.72000122070312,89.80999755859375,90080.0
2026-08-11T13:25:00-04:00,89.81009674072266,89.83000183105469,89.62999725341797,89.66999816894531,104246.0
2026-08-11T13:30:00-04:00,89.66999816894531,89.66999816894531,89.55999755859375,89.58999633789062,103888.0
2026-08-11T13:35:00-04:00,89.58999633789062,89.6449966430664,89.54000091552734,89.57559967041016,122396.0
2026-08-11T13:40:00-04:00,89.56999969482422,89.68000030517578,89.56999969482422,89.62000274658203,67952.0
2026-08-11T13:45:00-04:00,89.61499786376953,89.72000122070312,89.5999984741211,89.66999816894531,67453.0
2026-08-11T13:50:00-04:00,89.68000030517578,89.70999908447266,89.5199966430664,89.5250015258789,67029.0
2026-08-11T13:55:00-04:00,89.5199966430664,89.53500366210938,89.33000183105469,89.33989715576172,211616.0
2026-08-11T14:00:00-04:00,89.33999633789062,89.4000015258789,89.25,89.33999633789062,296190.0
2026-08-11T14:05:00-04:00,89.33999633789062,89.42160034179688,89.31999969482422,89.37999725341797,147738.0
2026-08-11T14:10:00-04:00,89.38999938964844,89.41000366210938,89.30999755859375,89.4000015258789,111062.0
2026-08-11T14:15:00-04:00,89.4000015258789,89.66000366210938,89.4000015258789,89.62999725341797,120928.0
2026-08-11T14:20:00-04:00,89.62999725341797,89.62999725341797,89.4800033569336,89.55010223388672,93590.0
2026-08-11T14:25:00-04:00,89.55000305175781,89.58509826660156,89.33000183105469,89.33999633789062,101346.0
2026-08-11T14:30:00-04:00,89.3499984741211,89.66500091552734,89.33999633789062,89.66500091552734,98720.0
2026-08-11T14:35:00-04:00,89.66000366210938,89.81999969482422,89.6449966430664,89.75,132212.0
2026-08-11T14:40:00-04:00,89.74500274658203,89.7699966430664,89.63999938964844,89.73999786376953,104425.0
2026-08-11T14:45:00-04:00,89.7300033569336,89.83000183105469,89.7300033569336,89.83000183105469,134598.0
2026-08-11T14:50:00-04:00,89.82689666748047,89.90499877929688,89.79000091552734,89.79000091552734,154133.0
2026-08-11T14:55:00-04:00,89.79000091552734,89.87000274658203,89.79000091552734,89.86000061035156,101145.0
2026-08-11T15:00:00-04:00,89.87000274658203,89.8949966430664,89.76000213623047,89.77999877929688,175775.0
2026-08-11T15:05:00-04:00,89.7699966430664,89.83999633789062,89.70999908447266,89.81999969482422,117488.0
2026-08-11T15:10:00-04:00,89.81999969482422,89.91999816894531,89.80000305175781,89.84100341796875,117827.0
2026-08-11T15:15:00-04:00,89.8499984741211,89.875,89.73999786376953,89.78500366210938,130448.0
2026-08-11T15:20:00-04:00,89.79000091552734,89.95999908447266,89.76010131835938,89.93000030517578,178249.0
2026-08-11T15:25:00-04:00,89.93000030517578,89.9800033569336,89.91000366210938,89.96499633789062,102029.0
2026-08-11T15:30:00-04:00,89.96499633789062,90.08499908447266,89.95999908447266,90.08499908447266,160685.0
2026-08-11T15:35:00-04:00,90.09500122070312,90.12999725341797,89.9800033569336,90.05999755859375,216576.0
2026-08-11T15:40:00-04:00,90.05500030517578,90.07499694824219,89.87000274658203,89.93000030517578,149667.0
2026-08-11T15:45:00-04:00,89.93000030517578,90.0,89.85990142822266,89.98999786376953,315770.0
2026-08-11T15:50:00-04:00,90.0,90.04000091552734,89.87000274658203,89.98500061035156,276822.0
2026-08-11T15:55:00-04:00,89.9800033569336,90.16500091552734,89.97000122070312,90.11000061035156,883866.0
2026-08-12T09:30:00-04:00,92.58999633789062,92.66000366210938,91.61000061035156,91.70999908447266,2451569.0
2026-08-12T09:35:00-04:00,91.69999694824219,91.80000305175781,90.9800033569336,91.08000183105469,786815.0
2026-08-12T09:40:00-04:00,91.06999969482422,91.44999694824219,90.97000122070312,91.30000305175781,464375.0
2026-08-12T09:45:00-04:00,91.29000091552734,91.79000091552734,91.20999908447266,91.68800354003906,407459.0
2026-08-12T09:50:00-04:00,91.70999908447266,91.88999938964844,91.57499694824219,91.69999694824219,295784.0
2026-08-12T09:55:00-04:00,91.69999694824219,91.72000122070312,91.48999786376953,91.51000213623047,261431.0
2026-08-12T10:00:00-04:00,91.52999877929688,91.57499694824219,91.23999786376953,91.52999877929688,235972.0
2026-08-12T10:05:00-04:00,91.5199966430664,91.61000061035156,91.41000366210938,91.55500030517578,232573.0
2026-08-12T10:10:00-04:00,91.56999969482422,91.83999633789062,91.55999755859375,91.63500213623047,336207.0
2026-08-12T10:15:00-04:00,91.625,91.96499633789062,91.57499694824219,91.91000366210938,159748.0
2026-08-12T10:20:00-04:00,91.91999816894531,92.02999877929688,91.80999755859375,91.98500061035156,182616.0
2026-08-12T10:25:00-04:00,91.98999786376953,92.05999755859375,91.71499633789062,91.79000091552734,214882.0
2026-08-12T10:30:00-04:00,91.79000091552734,92.0250015258789,91.43000030517578,91.62000274658203,378904.0
2026-08-12T10:35:00-04:00,91.625,91.70500183105469,91.33999633789062,91.4000015258789,391615.0
2026-08-12T10:40:00-04:00,91.41000366210938,91.68499755859375,91.33000183105469,91.68000030517578,250415.0
2026-08-12T10:45:00-04:00,91.66500091552734,91.87999725341797,91.38999938964844,91.55000305175781,217808.0
2026-08-12T10:50:00-04:00,91.54000091552734,91.56999969482422,91.33999633789062,91.41999816894531,180814.0
2026-08-12T10:55:00-04:00,91.41680145263672,91.5,91.30999755859375,91.41999816894531,173667.0
2026-08-12T11:00:00-04:00,91.41000366210938,91.55999755859375,91.30999755859375,91.38200378417969,207551.0
2026-08-12T11:05:00-04:00,91.38999938964844,91.7300033569336,91.33999633789062,91.66000366210938,140095.0
2026-08-12T11:10:00-04:00,91.66999816894531,91.80999755859375,91.5999984741211,91.66999816894531,121005.0
2026-08-12T11:15:00-04:00,91.66999816894531,91.67500305175781,91.4000015258789,91.54000091552734,114853.0
2026-08-12T11:20:00-04:00,91.54000091552734,91.62000274658203,91.4000015258789,91.47000122070312,104576.0
2026-08-12T11:25:00-04:00,91.48999786376953,91.5,91.30500030517578,91.4000015258789,240044.0
2026-08-12T11:30:00-04:00,91.38999938964844,91.56990051269531,91.31500244140625,91.37999725341797,114005.0
2026-08-12T11:35:00-04:00,91.37999725341797,91.5199966430664,91.375,91.48500061035156,104801.0
2026-08-12T11:40:00-04:00,91.48999786376953,91.5199966430664,91.30500030517578,91.37000274658203,150036.0
2026-08-12T11:45:00-04:00,91.37000274658203,91.37999725341797,91.1272964477539,91.13999938964844,146134.0
2026-08-12T11:50:00-04:00,91.13999938964844,91.25,90.88999938964844,91.20999908447266,1556796.0
2026-08-12T11:55:00-04:00,91.21499633789062,91.3499984741211,91.19000244140625,91.23999786376953,116968.0
2026-08-12T12:00:00-04:00,91.25,91.375,91.23999786376953,91.31500244140625,159956.0
2026-08-12T12:05:00-04:00,91.30999755859375,91.38500213623047,91.12999725341797,91.13999938964844,124434.0
2026-08-12T12:10:00-04:00,91.13500213623047,91.38999938964844,91.05999755859375,91.3499984741211,146434.0
2026-08-12T12:15:00-04:00,91.36000061035156,91.41000366210938,91.30500030517578,91.37000274658203,106406.0
2026-08-12T12:20:00-04:00,91.36603546142578,91.56999969482422,91.36603546142578,91.52999877929688,284803.0
2026-08-12T12:25:00-04:00,91.52999877929688,91.54499816894531,91.30000305175781,91.31500244140625,65886.0
2026-08-12T12:30:00-04:00,91.30500030517578,91.31500244140625,91.0199966430664,91.0199966430664,87269.0
2026-08-12T12:35:00-04:00,91.010498046875,91.1449966430664,91.01000213623047,91.06500244140625,71992.0
2026-08-12T12:40:00-04:00,91.06999969482422,91.12000274658203,90.91000366210938,90.94000244140625,112569.0
2026-08-12T12:45:00-04:00,90.93499755859375,90.94000244140625,90.625,90.66000366210938,199665.0
2026-08-12T12:50:00-04:00,90.66500091552734,90.69000244140625,90.45999908447266,90.55999755859375,288260.0
2026-08-12T12:55:00-04:00,90.55500030517578,90.73500061035156,90.37999725341797,90.68499755859375,197221.0
2026-08-12T13:00:00-04:00,90.68000030517578,90.8499984741211,90.6500015258789,90.67500305175781,104037.0
2026-08-12T13:05:00-04:00,90.67500305175781,90.80999755859375,90.63999938964844,90.76000213623047,80138.0
2026-08-12T13:10:00-04:00,90.75,90.7750015258789,90.69499969482422,90.72000122070312,84421.0
2026-08-12T13:15:00-04:00,90.70999908447266,90.80999755859375,90.68000030517578,90.76000213623047,83000.0
2026-08-12T13:20:00-04:00,90.76499938964844,90.95999908447266,90.76499938964844,90.9000015258789,105689.0
2026-08-12T13:25:00-04:00,90.9000015258789,90.98999786376953,90.88999938964844,90.95500183105469,66036.0
2026-08-12T13:30:00-04:00,90.95999908447266,91.04000091552734,90.90499877929688,91.01000213623047,65450.0
2026-08-12T13:35:00-04:00,91.0,91.0,90.87999725341797,90.93499755859375,73053.0
2026-08-12T13:40:00-04:00,90.93000030517578,90.95500183105469,90.8499984741211,90.87850189208984,102414.0
2026-08-12T13:45:00-04:00,90.87999725341797,90.93000030517578,90.83499908447266,90.87999725341797,69074.0
2026-08-12T13:50:00-04:00,90.875,90.9800033569336,90.79000091552734,90.80000305175781,125340.0
2026-08-12T13:55:00-04:00,90.80999755859375,90.93000030517578,90.80500030517578,90.86000061035156,49033.0
2026-08-12T14:00:00-04:00,90.8550033569336,90.8594970703125,90.7300033569336,90.80500030517578,98843.0
2026-08-12T14:05:00-04:00,90.80500030517578,90.87999725341797,90.77100372314453,90.80000305175781,146045.0
2026-08-12T14:10:00-04:00,90.80999755859375,90.92500305175781,90.79000091552734,90.86000061035156,86910.0
2026-08-12T14:15:00-04:00,90.8499984741211,90.96499633789062,90.81999969482422,90.94000244140625,45543.0
2026-08-12T14:20:00-04:00,90.93499755859375,91.05000305175781,90.89029693603516,91.05000305175781,45546.0
2026-08-12T14:25:00-04:00,91.05000305175781,91.08499908447266,90.88999938964844,90.91000366210938,73013.0
2026-08-12T14:30:00-04:00,90.91999816894531,91.00499725341797,90.86499786376953,90.93499755859375,58670.0
2026-08-12T14:35:00-04:00,90.94000244140625,91.07499694824219,90.91000366210938,91.06999969482422,56886.0
2026-08-12T14:40:00-04:00,91.06999969482422,91.19000244140625,91.05989837646484,91.18000030517578,72148.0
2026-08-12T14:45:00-04:00,91.18990325927734,91.25,91.13999938964844,91.20999908447266,70766.0
2026-08-12T14:50:00-04:00,91.20999908447266,91.26000213623047,91.19499969482422,91.25,65946.0
2026-08-12T14:55:00-04:00,91.24500274658203,91.25,91.13500213623047,91.13500213623047,79889.0
2026-08-12T15:00:00-04:00,91.12999725341797,91.25499725341797,91.11000061035156,91.19999694824219,80628.0
2026-08-12T15:05:00-04:00,91.19979858398438,91.29989624023438,91.19000244140625,91.27999877929688,98343.0
2026-08-12T15:10:00-04:00,91.28500366210938,91.37999725341797,91.26000213623047,91.3499984741211,97819.0
2026-08-12T15:15:00-04:00,91.35009765625,91.41999816894531,91.31999969482422,91.41000366210938,92818.0
2026-08-12T15:20:00-04:00,91.4000015258789,91.41000366210938,91.31500244140625,91.33000183105469,111245.0
2026-08-12T15:25:00-04:00,91.31999969482422,91.31999969482422,91.25,91.29000091552734,96188.0
2026-08-12T15:30:00-04:00,91.30000305175781,91.30000305175781,91.13999938964844,91.19499969482422,121976.0
2026-08-12T15:35:00-04:00,91.19000244140625,91.21499633789062,90.98500061035156,91.01000213623047,200074.0
2026-08-12T15:40:00-04:00,91.01000213623047,91.02999877929688,90.87999725341797,90.9749984741211,168185.0
2026-08-12T15:45:00-04:00,90.9749984741211,91.01000213623047,90.82499694824219,90.8949966430664,171665.0
2026-08-12T15:50:00-04:00,90.9000015258789,90.94000244140625,90.7699966430664,90.8499984741211,318202.0
2026-08-12T15:55:00-04:00,90.83999633789062,91.01000213623047,90.7249984741211,90.94000244140625,837470.0
2026-08-13T09:30:00-04:00,89.20999908447266,89.25,88.51000213623047,88.51499938964844,2077175.0
2026-08-13T09:35:00-04:00,88.51000213623047,89.01000213623047,88.43000030517578,89.01000213623047,686478.0
2026-08-13T09:40:00-04:00,89.0199966430664,89.19000244140625,88.69000244140625,88.94999694824219,641043.0
2026-08-13T09:45:00-04:00,88.94000244140625,89.06999969482422,88.5199966430664,88.84500122070312,543345.0
2026-08-13T09:50:00-04:00,88.8499984741211,89.2300033569336,88.81999969482422,89.2249984741211,870184.0
2026-08-13T09:55:00-04:00,89.23500061035156,89.25,88.55000305175781,88.58999633789062,591930.0
2026-08-13T10:00:00-04:00,88.5999984741211,88.9800033569336,88.58999633789062,88.81999969482422,1060254.0
2026-08-13T10:05:00-04:00,88.81999969482422,89.097900390625,88.4000015258789,88.41500091552734,642672.0
2026-08-13T10:10:00-04:00,88.41500091552734,88.4749984741211,88.1050033569336,88.20999908447266,673901.0
2026-08-13T10:15:00-04:00,88.22000122070312,88.51499938964844,88.19999694824219,88.41000366210938,934081.0
2026-08-13T10:20:00-04:00,88.41999816894531,88.5250015258789,88.30000305175781,88.5250015258789,356392.0
2026-08-13T10:25:00-04:00,88.5199966430664,88.5999984741211,88.05999755859375,88.08499908447266,346400.0
2026-08-13T10:30:00-04:00,88.08999633789062,88.48999786376953,87.75,88.31510162353516,2740758.0
2026-08-13T10:35:00-04:00,88.30509948730469,88.41500091552734,87.9800033569336,88.19000244140625,625192.0
2026-08-13T10:40:00-04:00,88.18000030517578,88.22000122070312,87.99500274658203,88.1050033569336,358851.0
2026-08-13T10:45:00-04:00,88.11000061035156,88.81999969482422,88.11000061035156,88.81999969482422,515358.0
2026-08-13T10:50:00-04:00,88.82499694824219,88.9800033569336,88.6500015258789,88.86000061035156,294620.0
2026-08-13T10:55:00-04:00,88.87000274658203,89.05999755859375,88.83499908447266,88.9749984741211,312270.0
2026-08-13T11:00:00-04:00,88.9800033569336,89.08499908447266,88.69000244140625,88.69000244140625,199013.0
2026-08-13T11:05:00-04:00,88.69499969482422,88.72000122070312,88.27999877929688,88.32499694824219,301928.0
2026-08-13T11:10:00-04:00,88.33000183105469,88.37000274658203,88.1500015258789,88.19000244140625,182999.0
2026-08-13T11:15:00-04:00,88.18000030517578,88.25990295410156,88.05500030517578,88.16999816894531,228850.0
2026-08-13T11:20:00-04:00,88.1500015258789,88.37000274658203,88.13999938964844,88.3676986694336,236267.0
2026-08-13T11:25:00-04:00,88.36000061035156,88.41999816894531,88.16000366210938,88.20999908447266,309461.0
2026-08-13T11:30:00-04:00,88.22000122070312,88.33000183105469,88.00499725341797,88.05000305175781,220340.0
2026-08-13T11:35:00-04:00,88.05999755859375,88.38500213623047,88.05000305175781,88.36000061035156,189635.0
2026-08-13T11:40:00-04:00,88.34500122070312,88.37000274658203,88.125,88.12999725341797,191382.0
2026-08-13T11:45:00-04:00,88.12000274658203,88.19000244140625,88.09500122070312,88.15499877929688,198555.0
2026-08-13T11:50:00-04:00,88.15989685058594,88.18499755859375,87.99500274658203,88.00499725341797,270962.0
2026-08-13T11:55:00-04:00,88.00499725341797,88.08499908447266,87.9800033569336,88.01499938964844,233779.0
2026-08-13T12:00:00-04:00,88.0199966430664,88.12000274658203,87.87999725341797,87.90499877929688,239732.0
2026-08-13T12:05:00-04:00,87.9000015258789,87.92500305175781,87.75,87.75499725341797,255947.0
2026-08-13T12:10:00-04:00,87.75,87.81500244140625,87.56999969482422,87.61000061035156,311709.0
2026-08-13T12:15:00-04:00,87.61499786376953,87.69000244140625,87.53500366210938,87.56999969482422,426092.0
2026-08-13T12:20:00-04:00,87.58000183105469,87.68499755859375,87.51499938964844,87.68000030517578,227419.0
2026-08-13T12:25:00-04:00,87.68000030517578,87.79000091552734,87.62000274658203,87.78500366210938,212867.0
2026-08-13T12:30:00-04:00,87.80000305175781,87.94000244140625,87.79499816894531,87.93000030517578,233137.0
2026-08-13T12:35:00-04:00,87.93000030517578,87.95999908447266,87.79000091552734,87.831298828125,169558.0
2026-08-13T12:40:00-04:00,87.83000183105469,87.86499786376953,87.78500366210938,87.83499908447266,129551.0
2026-08-13T12:45:00-04:00,87.83499908447266,87.9800033569336,87.83499908447266,87.97000122070312,195089.0
2026-08-13T12:50:00-04:00,87.9800033569336,88.0,87.90499877929688,87.98500061035156,172561.0
2026-08-13T12:55:00-04:00,87.98999786376953,88.08979797363281,87.97000122070312,88.0250015258789,204651.0
2026-08-13T13:00:00-04:00,88.0250015258789,88.19950103759766,88.0250015258789,88.11499786376953,187948.0
2026-08-13T13:05:00-04:00,88.12000274658203,88.30000305175781,88.1050033569336,88.29000091552734,173170.0
2026-08-13T13:10:00-04:00,88.27999877929688,88.30999755859375,88.21499633789062,88.2300033569336,139887.0
2026-08-13T13:15:00-04:00,88.2249984741211,88.23999786376953,88.08499908447266,88.08499908447266,188620.0
2026-08-13T13:20:00-04:00,88.08999633789062,88.08999633789062,87.98999786376953,88.05500030517578,137546.0
2026-08-13T13:25:00-04:00,88.05999755859375,88.08499908447266,87.93000030517578,87.96499633789062,171423.0
2026-08-13T13:30:00-04:00,87.96499633789062,88.04000091552734,87.95500183105469,87.98999786376953,127654.0
2026-08-13T13:35:00-04:00,87.9800033569336,88.04499816894531,87.91999816894531,87.92500305175781,152170.0
2026-08-13T13:40:00-04:00,87.91999816894531,87.94000244140625,87.81500244140625,87.82499694824219,223566.0
2026-08-13T13:45:00-04:00,87.82499694824219,87.91999816894531,87.73999786376953,87.78500366210938,204594.0
2026-08-13T13:50:00-04:00,87.78500366210938,87.81500244140625,87.69000244140625,87.79499816894531,173729.0
2026-08-13T13:55:00-04:00,87.79000091552734,87.80000305175781,87.62999725341797,87.63500213623047,238818.0
2026-08-13T14:00:00-04:00,87.63500213623047,87.74939727783203,87.63500213623047,87.7300033569336,223885.0
2026-08-13T14:05:00-04:00,87.73799896240234,87.87000274658203,87.7249984741211,87.87000274658203,153832.0
2026-08-13T14:10:00-04:00,87.86499786376953,88.0,87.83149719238281,87.98999786376953,278374.0
2026-08-13T14:15:00-04:00,87.99500274658203,88.125,87.95999908447266,88.11940002441406,203425.0
2026-08-13T14:20:00-04:00,88.11000061035156,88.13999938964844,87.94000244140625,87.97000122070312,205167.0
2026-08-13T14:25:00-04:00,87.9800033569336,88.13999938964844,87.94999694824219,88.12999725341797,145484.0
2026-08-13T14:30:00-04:00,88.13999938964844,88.25,88.1050033569336,88.20500183105469,215827.0
2026-08-13T14:35:00-04:00,88.20999908447266,88.21499633789062,88.11000061035156,88.13999938964844,226863.0
2026-08-13T14:40:00-04:00,88.13999938964844,88.18000030517578,88.0999984741211,88.12000274658203,122141.0
2026-08-13T14:45:00-04:00,88.12000274658203,88.2300033569336,88.06500244140625,88.21499633789062,257451.0
2026-08-13T14:50:00-04:00,88.22000122070312,88.2300033569336,88.125,88.16000366210938,157234.0
2026-08-13T14:55:00-04:00,88.16000366210938,88.20999908447266,88.13999938964844,88.16500091552734,117696.0
2026-08-13T15:00:00-04:00,88.16999816894531,88.19999694824219,88.08000183105469,88.11499786376953,246043.0
2026-08-13T15:05:00-04:00,88.11499786376953,88.12999725341797,87.97000122070312,88.09500122070312,236214.0
2026-08-13T15:10:00-04:00,88.0999984741211,88.125,87.95500183105469,88.04499816894531,237817.0
2026-08-13T15:15:00-04:00,88.04000091552734,88.13500213623047,87.94999694824219,88.11000061035156,343776.0
2026-08-13T15:20:00-04:00,88.11419677734375,88.22000122070312,88.07499694824219,88.1500015258789,236204.0
2026-08-13T15:25:00-04:00,88.1500015258789,88.24500274658203,88.10189819335938,88.23999786376953,205862.0
2026-08-13T15:30:00-04:00,88.24500274658203,88.25,88.16000366210938,88.20500183105469,236298.0
2026-08-13T15:35:00-04:00,88.20500183105469,88.33000183105469,88.19499969482422,88.29499816894531,304824.0
2026-08-13T15:40:00-04:00,88.29000091552734,88.32499694824219,88.06999969482422,88.06999969482422,456685.0
2026-08-13T15:45:00-04:00,88.08000183105469,88.08999633789062,87.99500274658203,88.05000305175781,517980.0
2026-08-13T15:50:00-04:00,88.05000305175781,88.2699966430664,88.03500366210938,88.19000244140625,445258.0
2026-08-13T15:55:00-04:00,88.18499755859375,88.38999938964844,88.18000030517578,88.26000213623047,1948425.0
2026-08-14T09:30:00-04:00,89.63500213623047,90.58000183105469,89.36000061035156,90.51000213623047,1389071.0
2026-08-14T09:35:00-04:00,90.51000213623047,90.87999725341797,90.37000274658203,90.86000061035156,647016.0
2026-08-14T09:40:00-04:00,90.87000274658203,90.94499969482422,90.2699966430664,90.27999877929688,504836.0
2026-08-14T09:45:00-04:00,90.27999877929688,90.37999725341797,89.91000366210938,89.98799896240234,277406.0
2026-08-14T09:50:00-04:00,89.98999786376953,90.4000015258789,89.97000122070312,90.31999969482422,416577.0
2026-08-14T09:55:00-04:00,90.31999969482422,90.5199966430664,90.22000122070312,90.44999694824219,216358.0
2026-08-14T10:00:00-04:00,90.43000030517578,90.9574966430664,90.41999816894531,90.87999725341797,649933.0
2026-08-14T10:05:00-04:00,90.87000274658203,90.91000366210938,90.62999725341797,90.62999725341797,225591.0
2026-08-14T10:10:00-04:00,90.63999938964844,90.80000305175781,90.55000305175781,90.58000183105469,207953.0
2026-08-14T10:15:00-04:00,90.58999633789062,90.72000122070312,90.38999938964844,90.44000244140625,283517.0
2026-08-14T10:20:00-04:00,90.41999816894531,90.80500030517578,90.36000061035156,90.80000305175781,187611.0
2026-08-14T10:25:00-04:00,90.80000305175781,91.0199966430664,90.7300033569336,90.74500274658203,331096.0
2026-08-14T10:30:00-04:00,90.76000213623047,90.9000015258789,90.63999938964844,90.68000030517578,300595.0
2026-08-14T10:35:00-04:00,90.69000244140625,90.8030014038086,90.61000061035156,90.75,118304.0
2026-08-14T10:40:00-04:00,90.75,90.7750015258789,90.3499984741211,90.37999725341797,123407.0
2026-08-14T10:45:00-04:00,90.37999725341797,90.38999938964844,90.08000183105469,90.17500305175781,184490.0
2026-08-14T10:50:00-04:00,90.17500305175781,90.18499755859375,90.07499694824219,90.08000183105469,162175.0
2026-08-14T10:55:00-04:00,90.0999984741211,90.16999816894531,90.00499725341797,90.1449966430664,128762.0
2026-08-14T11:00:00-04:00,90.1500015258789,90.4800033569336,90.1500015258789,90.2699966430664,277099.0
2026-08-14T11:05:00-04:00,90.2750015258789,90.36990356445312,90.19000244140625,90.19999694824219,162154.0
2026-08-14T11:10:00-04:00,90.20999908447266,90.36000061035156,90.16999816894531,90.19999694824219,170021.0
2026-08-14T11:15:00-04:00,90.20999908447266,90.23999786376953,89.94999694824219,89.98500061035156,173306.0
2026-08-14T11:20:00-04:00,89.98999786376953,90.0,89.69999694824219,89.69999694824219,213160.0
2026-08-14T11:25:00-04:00,89.69999694824219,89.79000091552734,89.58999633789062,89.79000091552734,248341.0
2026-08-14T11:30:00-04:00,89.80000305175781,89.92500305175781,89.68000030517578,89.7249984741211,86417.0
2026-08-14T11:35:00-04:00,89.70999908447266,89.76249694824219,89.61499786376953,89.6500015258789,122101.0
2026-08-14T11:40:00-04:00,89.63999938964844,89.77999877929688,89.58999633789062,89.7699966430664,109210.0
2026-08-14T11:45:00-04:00,89.7750015258789,90.0,89.7500991821289,89.91999816894531,96382.0
2026-08-14T11:50:00-04:00,89.91999816894531,89.9800033569336,89.86000061035156,89.86000061035156,108849.0
2026-08-14T11:55:00-04:00,89.87000274658203,89.98999786376953,89.8499984741211,89.8499984741211,105813.0
2026-08-14T12:00:00-04:00,89.8550033569336,90.05000305175781,89.8550033569336,89.91999816894531,127590.0
2026-08-14T12:05:00-04:00,89.91500091552734,89.98500061035156,89.75,89.76499938964844,96042.0
2026-08-14T12:10:00-04:00,89.76000213623047,89.9000015258789,89.73999786376953,89.875,68783.0
2026-08-14T12:15:00-04:00,89.88009643554688,90.16000366210938,89.88009643554688,90.13999938964844,85099.0
2026-08-14T12:20:00-04:00,90.13999938964844,90.20999908447266,90.08000183105469,90.08499908447266,74161.0
2026-08-14T12:25:00-04:00,90.08499908447266,90.08499908447266,89.97000122070312,90.01499938964844,59969.0
2026-08-14T12:30:00-04:00,90.0,90.0199966430664,89.8219985961914,89.97000122070312,65383.0
2026-08-14T12:35:00-04:00,89.97000122070312,90.08000183105469,89.95999908447266,90.04499816894531,124155.0
2026-08-14T12:40:00-04:00,90.04499816894531,90.05999755859375,89.95500183105469,89.97000122070312,103639.0
2026-08-14T12:45:00-04:00,89.97000122070312,89.98999786376953,89.88999938964844,89.97000122070312,62014.0
2026-08-14T12:50:00-04:00,89.97000122070312,90.05989837646484,89.93000030517578,90.0,48607.0
2026-08-14T12:55:00-04:00,90.00499725341797,90.03500366210938,89.94999694824219,89.95999908447266,68183.0
2026-08-14T13:00:00-04:00,89.97000122070312,90.0,89.87000274658203,89.93499755859375,41093.0
2026-08-14T13:05:00-04:00,89.93499755859375,89.97000122070312,89.8949966430664,89.95999908447266,43151.0
2026-08-14T13:10:00-04:00,89.95999908447266,90.05000305175781,89.8949966430664,90.05000305175781,51685.0
2026-08-14T13:15:00-04:00,90.05999755859375,90.1050033569336,90.01000213623047,90.01000213623047,59624.0
2026-08-14T13:20:00-04:00,90.0,90.07499694824219,89.94999694824219,90.04000091552734,140367.0
2026-08-14T13:25:00-04:00,90.04000091552734,90.06999969482422,89.9749984741211,89.9800033569336,32887.0
2026-08-14T13:30:00-04:00,89.98999786376953,90.0199966430664,89.94999694824219,89.98500061035156,51843.0
2026-08-14T13:35:00-04:00,89.98500061035156,89.98999786376953,89.83000183105469,89.83499908447266,68094.0
2026-08-14T13:40:00-04:00,89.83000183105469,89.8499984741211,89.73999786376953,89.80500030517578,144690.0
2026-08-14T13:45:00-04:00,89.80999755859375,89.80999755859375,89.67500305175781,89.68000030517578,74102.0
2026-08-14T13:50:00-04:00,89.68000030517578,89.75499725341797,89.66000366210938,89.69499969482422,52655.0
2026-08-14T13:55:00-04:00,89.69999694824219,89.77999877929688,89.68000030517578,89.7750015258789,77663.0
2026-08-14T14:00:00-04:00,89.77999877929688,89.86000061035156,89.70999908447266,89.82499694824219,53982.0
2026-08-14T14:05:00-04:00,89.81999969482422,89.84500122070312,89.71009826660156,89.74250030517578,47326.0
2026-08-14T14:10:00-04:00,89.75,89.76499938964844,89.67500305175781,89.7300033569336,41391.0
2026-08-14T14:15:00-04:00,89.7300033569336,89.875,89.7300033569336,89.83000183105469,69561.0
2026-08-14T14:20:00-04:00,89.81999969482422,89.91999816894531,89.81999969482422,89.91999816894531,63122.0
2026-08-14T14:25:00-04:00,89.94000244140625,89.95999908447266,89.88500213623047,89.935302734375,57486.0
2026-08-14T14:30:00-04:00,89.91999816894531,89.9800033569336,89.83049774169922,89.83999633789062,72802.0
2026-08-14T14:35:00-04:00,89.8301010131836,90.02999877929688,89.83000183105469,90.0199966430664,68933.0
2026-08-14T14:40:00-04:00,90.01000213623047,90.01499938964844,89.83499908447266,89.83499908447266,93785.0
2026-08-14T14:45:00-04:00,89.83999633789062,89.84500122070312,89.7300033569336,89.82980346679688,141918.0
2026-08-14T14:50:00-04:00,89.82499694824219,89.91999816894531,89.81999969482422,89.88999938964844,79121.0
2026-08-14T14:55:00-04:00,89.88999938964844,89.9000015258789,89.7699966430664,89.78500366210938,72194.0
2026-08-14T15:00:00-04:00,89.77999877929688,89.8499984741211,89.77999877929688,89.79499816894531,62295.0
2026-08-14T15:05:00-04:00,89.79000091552734,89.83999633789062,89.72000122070312,89.83000183105469,71659.0
2026-08-14T15:10:00-04:00,89.82499694824219,89.8499984741211,89.76000213623047,89.76000213623047,48461.0
2026-08-14T15:15:00-04:00,89.76000213623047,89.81999969482422,89.69999694824219,89.7750015258789,86634.0
2026-08-14T15:20:00-04:00,89.7699966430664,89.8550033569336,89.76000213623047,89.84500122070312,68619.0
2026-08-14T15:25:00-04:00,89.8499984741211,89.97000122070312,89.8499984741211,89.88500213623047,150904.0
2026-08-14T15:30:00-04:00,89.88990020751953,89.91500091552734,89.81999969482422,89.90499877929688,92718.0
2026-08-14T15:35:00-04:00,89.9000015258789,89.91500091552734,89.80999755859375,89.83999633789062,111289.0
2026-08-14T15:40:00-04:00,89.83999633789062,89.88500213623047,89.79000091552734,89.84500122070312,146205.0
2026-08-14T15:45:00-04:00,89.8499984741211,89.91000366210938,89.76499938964844,89.91000366210938,148541.0
2026-08-14T15:50:00-04:00,89.91000366210938,90.05500030517578,89.90499877929688,89.93000030517578,261553.0
2026-08-14T15:55:00-04:00,89.91999816894531,90.08000183105469,89.8499984741211,89.98999786376953,1196716.0
2026-08-17T09:30:00-04:00,90.94000244140625,91.0199966430664,90.48999786376953,90.62999725341797,793215.0
2026-08-17T09:35:00-04:00,90.63999938964844,90.87999725341797,90.31500244140625,90.81999969482422,218396.0
2026-08-17T09:40:00-04:00,90.83000183105469,90.98999786376953,90.72000122070312,90.83000183105469,138723.0
2026-08-17T09:45:00-04:00,90.80999755859375,91.37999725341797,90.66999816894531,91.31500244140625,245689.0
2026-08-17T09:50:00-04:00,91.30000305175781,91.625,91.2499008178711,91.36499786376953,222684.0
2026-08-17T09:55:00-04:00,91.37000274658203,91.63980102539062,91.31999969482422,91.62000274658203,206903.0
2026-08-17T10:00:00-04:00,91.62999725341797,91.74960327148438,91.41999816894531,91.65499877929688,212442.0
2026-08-17T10:05:00-04:00,91.66999816894531,91.73999786376953,91.51499938964844,91.54000091552734,166791.0
2026-08-17T10:10:00-04:00,91.52999877929688,91.87000274658203,91.49500274658203,91.86000061035156,344848.0
2026-08-17T10:15:00-04:00,91.8550033569336,92.20999908447266,91.76000213623047,92.05999755859375,425813.0
2026-08-17T10:20:00-04:00,92.05999755859375,92.29000091552734,91.93000030517578,92.19999694824219,253476.0
2026-08-17T10:25:00-04:00,92.19999694824219,92.33499908447266,91.94999694824219,92.08999633789062,222297.0
2026-08-17T10:30:00-04:00,92.08999633789062,92.54499816894531,92.08999633789062,92.45999908447266,397073.0
2026-08-17T10:35:00-04:00,92.45999908447266,92.4800033569336,92.2406997680664,92.43499755859375,152784.0
2026-08-17T10:40:00-04:00,92.44000244140625,92.58000183105469,92.41000366210938,92.41999816894531,215652.0
2026-08-17T10:45:00-04:00,92.41999816894531,92.44999694824219,92.12999725341797,92.26499938964844,223505.0
2026-08-17T10:50:00-04:00,92.26000213623047,92.5,92.16000366210938,92.19000244140625,175550.0
2026-08-17T10:55:00-04:00,92.19000244140625,92.25,92.06999969482422,92.2249984741211,151652.0
2026-08-17T11:00:00-04:00,92.2249984741211,92.33999633789062,92.20500183105469,92.32499694824219,151661.0
2026-08-17T11:05:00-04:00,92.32499694824219,92.36000061035156,92.12000274658203,92.16000366210938,170006.0
2026-08-17T11:10:00-04:00,92.13999938964844,92.37000274658203,92.08999633789062,92.24829864501953,105805.0
2026-08-17T11:15:00-04:00,92.2300033569336,92.29000091552734,92.0999984741211,92.2249984741211,102468.0
2026-08-17T11:20:00-04:00,92.2300033569336,92.41000366210938,92.2249984741211,92.38500213623047,150421.0
2026-08-17T11:25:00-04:00,92.38500213623047,92.44000244140625,92.25,92.38500213623047,121699.0
2026-08-17T11:30:00-04:00,92.37000274658203,92.40499877929688,92.21499633789062,92.33499908447266,96937.0
2026-08-17T11:35:00-04:00,92.33999633789062,92.45999908447266,92.28500366210938,92.4000015258789,106735.0
2026-08-17T11:40:00-04:00,92.38200378417969,92.43000030517578,92.30000305175781,92.41000366210938,134365.0
2026-08-17T11:45:00-04:00,92.41000366210938,92.50499725341797,92.30999755859375,92.48999786376953,153949.0
2026-08-17T11:50:00-04:00,92.48999786376953,92.5999984741211,92.46499633789062,92.55999755859375,102122.0
2026-08-17T11:55:00-04:00,92.55500030517578,92.56500244140625,92.40499877929688,92.44000244140625,76062.0
2026-08-17T12:00:00-04:00,92.44000244140625,92.52999877929688,92.43000030517578,92.47000122070312,80242.0
2026-08-17T12:05:00-04:00,92.4749984741211,92.50499725341797,92.37999725341797,92.46990203857422,105686.0
2026-08-17T12:10:00-04:00,92.44999694824219,92.48999786376953,92.40499877929688,92.41000366210938,73478.0
2026-08-17T12:15:00-04:00,92.41500091552734,92.53500366210938,92.38500213623047,92.5,87631.0
2026-08-17T12:20:00-04:00,92.48999786376953,92.58999633789062,92.44000244140625,92.44599914550781,92627.0
2026-08-17T12:25:00-04:00,92.44000244140625,92.51000213623047,92.41000366210938,92.4800033569336,121732.0
2026-08-17T12:30:00-04:00,92.4800033569336,92.5250015258789,92.43000030517578,92.4800033569336,101340.0
2026-08-17T12:35:00-04:00,92.4800033569336,92.56500244140625,92.45999908447266,92.55999755859375,63852.0
2026-08-17T12:40:00-04:00,92.55000305175781,92.55000305175781,92.44000244140625,92.47000122070312,110571.0
2026-08-17T12:45:00-04:00,92.4749984741211,92.51000213623047,92.44999694824219,92.48999786376953,84726.0
2026-08-17T12:50:00-04:00,92.48999786376953,92.58000183105469,92.44499969482422,92.46499633789062,89796.0
2026-08-17T12:55:00-04:00,92.4800033569336,92.53500366210938,92.44000244140625,92.46499633789062,52182.0
2026-08-17T13:00:00-04:00,92.47000122070312,92.58499908447266,92.46499633789062,92.50499725341797,78605.0
2026-08-17T13:05:00-04:00,92.51000213623047,92.51499938964844,92.30999755859375,92.33499908447266,136158.0
2026-08-17T13:10:00-04:00,92.33499908447266,92.3550033569336,92.2750015258789,92.29499816894531,69788.0
2026-08-17T13:15:00-04:00,92.29499816894531,92.33000183105469,92.12000274658203,92.12999725341797,109916.0
2026-08-17T13:20:00-04:00,92.13999938964844,92.17500305175781,92.01000213623047,92.05500030517578,232912.0
2026-08-17T13:25:00-04:00,92.05000305175781,92.08999633789062,91.94999694824219,92.01000213623047,107563.0
2026-08-17T13:30:00-04:00,92.01499938964844,92.11499786376953,91.91500091552734,92.06500244140625,64622.0
2026-08-17T13:35:00-04:00,92.05500030517578,92.06500244140625,91.86499786376953,91.86499786376953,74367.0
2026-08-17T13:40:00-04:00,91.86499786376953,92.12999725341797,91.8499984741211,92.12999725341797,95539.0
2026-08-17T13:45:00-04:00,92.12999725341797,92.22000122070312,92.12000274658203,92.17500305175781,103287.0
2026-08-17T13:50:00-04:00,92.16000366210938,92.21499633789062,92.11000061035156,92.11499786376953,49529.0
2026-08-17T13:55:00-04:00,92.12000274658203,92.1500015258789,92.0,92.01499938964844,69359.0
2026-08-17T14:00:00-04:00,92.0199966430664,92.08000183105469,91.86000061035156,91.95010375976562,108011.0
2026-08-17T14:05:00-04:00,91.95999908447266,91.98500061035156,91.9000015258789,91.91500091552734,72923.0
2026-08-17T14:10:00-04:00,91.91000366210938,92.05000305175781,91.8499984741211,92.05000305175781,81410.0
2026-08-17T14:15:00-04:00,92.05000305175781,92.13999938964844,92.04000091552734,92.11000061035156,130051.0
2026-08-17T14:20:00-04:00,92.0999984741211,92.0999984741211,91.91999816894531,91.94000244140625,84757.0
2026-08-17T14:25:00-04:00,91.93000030517578,91.9800033569336,91.86000061035156,91.9000015258789,86614.0
2026-08-17T14:30:00-04:00,91.91000366210938,91.91999816894531,91.5999984741211,91.6500015258789,262196.0
2026-08-17T14:35:00-04:00,91.62999725341797,91.7249984741211,91.58000183105469,91.70999908447266,95944.0
2026-08-17T14:40:00-04:00,91.71499633789062,91.7750015258789,91.67500305175781,91.67500305175781,73743.0
2026-08-17T14:45:00-04:00,91.67500305175781,91.79499816894531,91.54090118408203,91.77999877929688,111253.0
2026-08-17T14:50:00-04:00,91.79499816894531,91.81999969482422,91.6500015258789,91.67500305175781,63333.0
2026-08-17T14:55:00-04:00,91.66999816894531,91.76499938964844,91.66500091552734,91.76000213623047,48079.0
2026-08-17T15:00:00-04:00,91.76000213623047,91.80999755859375,91.6500015258789,91.6500015258789,212489.0
2026-08-17T15:05:00-04:00,91.6449966430664,91.70999908447266,91.62999725341797,91.68000030517578,89853.0
2026-08-17T15:10:00-04:00,91.68000030517578,91.7750015258789,91.68000030517578,91.76499938964844,87295.0
2026-08-17T15:15:00-04:00,91.7699966430664,92.01499938964844,91.7699966430664,92.0,132997.0
2026-08-17T15:20:00-04:00,91.9999008178711,92.04000091552734,91.95999908447266,92.0,103296.0
2026-08-17T15:25:00-04:00,92.0,92.01000213623047,91.94999694824219,91.9749984741211,90463.0
2026-08-17T15:30:00-04:00,91.9749984741211,92.02999877929688,91.94000244140625,92.0250015258789,136375.0
2026-08-17T15:35:00-04:00,92.0250015258789,92.05999755859375,91.91000366210938,91.96499633789062,163593.0
2026-08-17T15:40:00-04:00,91.96499633789062,92.05999755859375,91.93499755859375,92.04000091552734,213220.0
2026-08-17T15:45:00-04:00,92.03500366210938,92.07499694824219,91.94999694824219,91.9800033569336,179501.0
2026-08-17T15:50:00-04:00,91.9800033569336,91.9800033569336,91.72000122070312,91.76499938964844,444806.0
2026-08-17T15:55:00-04:00,91.7699966430664,91.96499633789062,91.70500183105469,91.86000061035156,1217027.0
2026-08-18T09:30:00-04:00,90.53500366210938,90.7699966430664,89.93000030517578,90.48999786376953,1212637.0
2026-08-18T09:35:00-04:00,90.48999786376953,91.20999908447266,90.41000366210938,91.12000274658203,497342.0
2026-08-18T09:40:00-04:00,91.11000061035156,91.20999908447266,90.7699966430664,90.83000183105469,470330.0
2026-08-18T09:45:00-04:00,90.8499984741211,90.86000061035156,90.5250015258789,90.55999755859375,394608.0
2026-08-18T09:50:00-04:00,90.55999755859375,90.7699966430664,90.33000183105469,90.62999725341797,247487.0
2026-08-18T09:55:00-04:00,90.63999938964844,90.7300033569336,90.47000122070312,90.62000274658203,204004.0
2026-08-18T10:00:00-04:00,90.63999938964844,91.06999969482422,90.63999938964844,90.91000366210938,280455.0
2026-08-18T10:05:00-04:00,90.92500305175781,90.92500305175781,90.5199966430664,90.5250015258789,226372.0
2026-08-18T10:10:00-04:00,90.5199966430664,90.59989929199219,90.30999755859375,90.3499984741211,194075.0
2026-08-18T10:15:00-04:00,90.3499984741211,90.79000091552734,90.30999755859375,90.67500305175781,237252.0
2026-08-18T10:20:00-04:00,90.69000244140625,90.82499694824219,90.52999877929688,90.81999969482422,142938.0
2026-08-18T10:25:00-04:00,90.82499694824219,90.87000274658203,90.4800033569336,90.55999755859375,247177.0
2026-08-18T10:30:00-04:00,90.55999755859375,90.66000366210938,90.4000015258789,90.47000122070312,183760.0
2026-08-18T10:35:00-04:00,90.45999908447266,90.51000213623047,90.24009704589844,90.26000213623047,196673.0
2026-08-18T10:40:00-04:00,90.29000091552734,90.33000183105469,90.06999969482422,90.0999984741211,202950.0
2026-08-18T10:45:00-04:00,90.11000061035156,90.33499908447266,90.08999633789062,90.29000091552734,147867.0
2026-08-18T10:50:00-04:00,90.30999755859375,90.44000244140625,89.81999969482422,90.0,260287.0
2026-08-18T10:55:00-04:00,89.9800033569336,90.06999969482422,89.3949966430664,89.51000213623047,448760.0
2026-08-18T11:00:00-04:00,89.51000213623047,89.7300033569336,89.29499816894531,89.72000122070312,573953.0
2026-08-18T11:05:00-04:00,89.7249984741211,89.77999877929688,89.13999938964844,89.16000366210938,333640.0
2026-08-18T11:10:00-04:00,89.1500015258789,89.30999755859375,89.03500366210938,89.1050033569336,409989.0
2026-08-18T11:15:00-04:00,89.0999984741211,89.30000305175781,88.88999938964844,88.88999938964844,256651.0
2026-08-18T11:20:00-04:00,88.88500213623047,88.95999908447266,88.7750015258789,88.87999725341797,433129.0
2026-08-18T11:25:00-04:00,88.875,89.08999633789062,88.83999633789062,88.98500061035156,205052.0
2026-08-18T11:30:00-04:00,88.98999786376953,89.30000305175781,88.9800033569336,89.25,281622.0
2026-08-18T11:35:00-04:00,89.25499725341797,89.2699966430664,89.06999969482422,89.23500061035156,129744.0
2026-08-18T11:40:00-04:00,89.23999786376953,89.37000274658203,89.19999694824219,89.27999877929688,153986.0
2026-08-18T11:45:00-04:00,89.2750015258789,89.68000030517578,89.2750015258789,89.64689636230469,146545.0
2026-08-18T11:50:00-04:00,89.63999938964844,89.75499725341797,89.56999969482422,89.66000366210938,225840.0
2026-08-18T11:55:00-04:00,89.6500015258789,89.66999816894531,89.55000305175781,89.61000061035156,152447.0
2026-08-18T12:00:00-04:00,89.6050033569336,89.81999969482422,89.58000183105469,89.79000091552734,139646.0
2026-08-18T12:05:00-04:00,89.79000091552734,89.8499984741211,89.68000030517578,89.68499755859375,197491.0
2026-08-18T12:10:00-04:00,89.69499969482422,89.70500183105469,89.58999633789062,89.5999984741211,113811.0
2026-08-18T12:15:00-04:00,89.61000061035156,89.62000274658203,89.48500061035156,89.56999969482422,135459.0
2026-08-18T12:20:00-04:00,89.58000183105469,89.67500305175781,89.48999786376953,89.56500244140625,99267.0
2026-08-18T12:25:00-04:00,89.56500244140625,89.66000366210938,89.38999938964844,89.4000015258789,108289.0
2026-08-18T12:30:00-04:00,89.4000015258789,89.56800079345703,89.4000015258789,89.55500030517578,94540.0
2026-08-18T12:35:00-04:00,89.55999755859375,89.62999725341797,89.47000122070312,89.58999633789062,82453.0
2026-08-18T12:40:00-04:00,89.58999633789062,89.72000122070312,89.58000183105469,89.68000030517578,94847.0
2026-08-18T12:45:00-04:00,89.68499755859375,89.72000122070312,89.54000091552734,89.5999984741211,147623.0
2026-08-18T12:50:00-04:00,89.5999984741211,89.83989715576172,89.5999984741211,89.81999969482422,179556.0
2026-08-18T12:55:00-04:00,89.80000305175781,89.8499984741211,89.66000366210938,89.68000030517578,137256.0
2026-08-18T13:00:00-04:00,89.66500091552734,89.70999908447266,89.61000061035156,89.62030029296875,69177.0
2026-08-18T13:05:00-04:00,89.62000274658203,89.67990112304688,89.5999984741211,89.66000366210938,112437.0
2026-08-18T13:10:00-04:00,89.66999816894531,89.68000030517578,89.58000183105469,89.58000183105469,81119.0
2026-08-18T13:15:00-04:00,89.58999633789062,89.625,89.54000091552734,89.55000305175781,106585.0
2026-08-18T13:20:00-04:00,89.55999755859375,89.61000061035156,89.4800033569336,89.56999969482422,122106.0
2026-08-18T13:25:00-04:00,89.58000183105469,89.5999984741211,89.47000122070312,89.5250015258789,98025.0
2026-08-18T13:30:00-04:00,89.5199966430664,89.5199966430664,89.4000015258789,89.44499969482422,226172.0
2026-08-18T13:35:00-04:00,89.44999694824219,89.5,89.37999725341797,89.41000366210938,82585.0
2026-08-18T13:40:00-04:00,89.41000366210938,89.45999908447266,89.33999633789062,89.33999633789062,68439.0
2026-08-18T13:45:00-04:00,89.33999633789062,89.3499984741211,89.29000091552734,89.31500244140625,76744.0
2026-08-18T13:50:00-04:00,89.30500030517578,89.33000183105469,89.1500015258789,89.16500091552734,329326.0
2026-08-18T13:55:00-04:00,89.16999816894531,89.18499755859375,89.0999984741211,89.16000366210938,215180.0
2026-08-18T14:00:00-04:00,89.16500091552734,89.18499755859375,89.0199966430664,89.05000305175781,198736.0
2026-08-18T14:05:00-04:00,89.05000305175781,89.19000244140625,89.01000213623047,89.19000244140625,101557.0
2026-08-18T14:10:00-04:00,89.19499969482422,89.31999969482422,89.13500213623047,89.29499816894531,87910.0
2026-08-18T14:15:00-04:00,89.29900360107422,89.41999816894531,89.2750015258789,89.41000366210938,385954.0
2026-08-18T14:20:00-04:00,89.41000366210938,89.44499969482422,89.23500061035156,89.28500366210938,98353.0
2026-08-18T14:25:00-04:00,89.27999877929688,89.49500274658203,89.26470184326172,89.4800033569336,69247.0
2026-08-18T14:30:00-04:00,89.4800033569336,89.55500030517578,89.4749984741211,89.55500030517578,86263.0
2026-08-18T14:35:00-04:00,89.56999969482422,89.69999694824219,89.55999755859375,89.68499755859375,112017.0
2026-08-18T14:40:00-04:00,89.68499755859375,89.69000244140625,89.50499725341797,89.55000305175781,98947.0
2026-08-18T14:45:00-04:00,89.55000305175781,89.63999938964844,89.54000091552734,89.59500122070312,78269.0
2026-08-18T14:50:00-04:00,89.61000061035156,89.625,89.55000305175781,89.55809783935547,70310.0
2026-08-18T14:55:00-04:00,89.55010223388672,89.62000274658203,89.52999877929688,89.56999969482422,98754.0
2026-08-18T15:00:00-04:00,89.56999969482422,89.58999633789062,89.42500305175781,89.44000244140625,80885.0
2026-08-18T15:05:00-04:00,89.44999694824219,89.54000091552734,89.43499755859375,89.48500061035156,102931.0
2026-08-18T15:10:00-04:00,89.4800033569336,89.6050033569336,89.45010375976562,89.58000183105469,81671.0
2026-08-18T15:15:00-04:00,89.58000183105469,89.61000061035156,89.45999908447266,89.50499725341797,104038.0
2026-08-18T15:20:00-04:00,89.5,89.57499694824219,89.4800033569336,89.54010009765625,188547.0
2026-08-18T15:25:00-04:00,89.54499816894531,89.61000061035156,89.5199966430664,89.54000091552734,172280.0
2026-08-18T15:30:00-04:00,89.54000091552734,89.58000183105469,89.41999816894531,89.43000030517578,341690.0
2026-08-18T15:35:00-04:00,89.43000030517578,89.47000122070312,89.31999969482422,89.33999633789062,188870.0
2026-08-18T15:40:00-04:00,89.3499984741211,89.45999908447266,89.30500030517578,89.30999755859375,277423.0
2026-08-18T15:45:00-04:00,89.3134994506836,89.3949966430664,89.2074966430664,89.27999877929688,388253.0
2026-08-18T15:50:00-04:00,89.28500366210938,89.3550033569336,89.13999938964844,89.22000122070312,478915.0
2026-08-18T15:55:00-04:00,89.22000122070312,89.29000091552734,88.91999816894531,88.98059844970703,2745946.0
2026-08-19T09:30:00-04:00,94.0250015258789,95.1500015258789,93.83999633789062,94.62999725341797,3456956.0
2026-08-19T09:35:00-04:00,94.63999938964844,95.02999877929688,93.87999725341797,94.8949966430664,1416073.0
2026-08-19T09:40:00-04:00,94.89815521240234,95.68000030517578,94.7300033569336,95.52999877929688,1306822.0
2026-08-19T09:45:00-04:00,95.51000213623047,95.51000213623047,94.87000274658203,94.94000244140625,653782.0
2026-08-19T09:50:00-04:00,94.94000244140625,95.23500061035156,94.62000274658203,95.0999984741211,551788.0
2026-08-19T09:55:00-04:00,95.08999633789062,95.66529846191406,95.06999969482422,95.4800033569336,590959.0
2026-08-19T10:00:00-04:00,95.47000122070312,95.62999725341797,95.30000305175781,95.56999969482422,532845.0
2026-08-19T10:05:00-04:00,95.56999969482422,96.33999633789062,95.55999755859375,96.25,1473228.0
2026-08-19T10:10:00-04:00,96.25,96.38999938964844,95.94000244140625,96.0250015258789,851310.0
2026-08-19T10:15:00-04:00,96.0199966430664,96.31999969482422,95.8499984741211,96.05999755859375,639053.0
2026-08-19T10:20:00-04:00,96.02999877929688,96.37000274658203,95.95999908447266,96.31009674072266,353034.0
2026-08-19T10:25:00-04:00,96.31999969482422,96.83499908447266,96.30000305175781,96.77999877929688,443522.0
2026-08-19T10:30:00-04:00,96.7699966430664,96.98500061035156,96.69999694824219,96.77999877929688,523800.0
2026-08-19T10:35:00-04:00,96.77999877929688,97.19499969482422,96.72000122070312,97.13999938964844,602107.0
2026-08-19T10:40:00-04:00,97.13999938964844,97.31999969482422,97.0250015258789,97.02999877929688,556396.0
2026-08-19T10:45:00-04:00,97.03500366210938,97.03500366210938,96.36000061035156,96.44499969482422,923511.0
2026-08-19T10:50:00-04:00,96.44999694824219,96.82499694824219,96.4000015258789,96.6500015258789,328737.0
2026-08-19T10:55:00-04:00,96.66000366210938,96.81999969482422,96.58000183105469,96.7249984741211,270981.0
2026-08-19T11:00:00-04:00,96.7249984741211,96.7249984741211,96.48999786376953,96.69000244140625,372650.0
2026-08-19T11:05:00-04:00,96.69000244140625,96.87999725341797,96.58999633789062,96.58999633789062,230783.0
2026-08-19T11:10:00-04:00,96.58999633789062,96.7300033569336,96.44000244140625,96.7300033569336,274975.0
2026-08-19T11:15:00-04:00,96.73999786376953,96.86499786376953,96.61000061035156,96.75499725341797,314833.0
2026-08-19T11:20:00-04:00,96.75499725341797,96.98999786376953,96.72000122070312,96.73500061035156,513717.0
2026-08-19T11:25:00-04:00,96.73500061035156,97.13500213623047,96.67500305175781,97.11000061035156,557914.0
2026-08-19T11:30:00-04:00,97.0999984741211,97.0999984741211,96.92500305175781,96.94000244140625,186860.0
2026-08-19T11:35:00-04:00,96.94499969482422,96.95500183105469,96.7249984741211,96.81999969482422,236007.0
2026-08-19T11:40:00-04:00,96.82499694824219,97.16000366210938,96.75,97.13999938964844,219693.0
2026-08-19T11:45:00-04:00,97.1500015258789,97.26499938964844,97.08999633789062,97.08999633789062,334388.0
2026-08-19T11:50:00-04:00,97.06999969482422,97.19499969482422,97.01000213623047,97.08499908447266,207471.0
2026-08-19T11:55:00-04:00,97.08000183105469,97.25,97.06999969482422,97.23999786376953,190414.0
2026-08-19T12:00:00-04:00,97.23999786376953,97.47000122070312,97.22000122070312,97.22000122070312,350617.0
2026-08-19T12:05:00-04:00,97.2249984741211,97.33000183105469,97.16000366210938,97.27999877929688,166249.0
2026-08-19T12:10:00-04:00,97.27999877929688,97.34500122070312,97.19999694824219,97.29000091552734,162686.0
2026-08-19T12:15:00-04:00,97.28500366210938,97.30500030517578,97.07499694824219,97.1500015258789,438189.0
2026-08-19T12:20:00-04:00,97.1593017578125,97.18499755859375,97.08799743652344,97.08999633789062,156720.0
2026-08-19T12:25:00-04:00,97.09500122070312,97.13999938964844,96.9000015258789,96.91500091552734,182423.0
2026-08-19T12:30:00-04:00,96.91999816894531,96.99949645996094,96.86000061035156,96.88999938964844,165785.0
2026-08-19T12:35:00-04:00,96.87000274658203,96.91000366210938,96.73500061035156,96.83999633789062,146219.0
2026-08-19T12:40:00-04:00,96.84500122070312,96.87000274658203,96.69999694824219,96.7300033569336,183891.0
2026-08-19T12:45:00-04:00,96.72000122070312,96.7300033569336,96.41999816894531,96.44999694824219,254618.0
2026-08-19T12:50:00-04:00,96.44999694824219,96.59500122070312,96.37999725341797,96.41000366210938,222281.0
2026-08-19T12:55:00-04:00,96.41000366210938,96.41500091552734,96.25,96.2750015258789,194244.0
2026-08-19T13:00:00-04:00,96.27999877929688,96.58999633789062,96.2699966430664,96.48999786376953,211333.0
2026-08-19T13:05:00-04:00,96.5,96.58999633789062,96.20999908447266,96.23829650878906,179155.0
2026-08-19T13:10:00-04:00,96.2301025390625,96.26000213623047,96.05000305175781,96.19000244140625,204505.0
2026-08-19T13:15:00-04:00,96.19000244140625,96.19000244140625,95.83000183105469,95.94999694824219,248107.0
2026-08-19T13:20:00-04:00,95.95999908447266,95.9800033569336,95.80999755859375,95.88500213623047,273809.0
2026-08-19T13:25:00-04:00,95.87999725341797,95.87999725341797,95.59249877929688,95.62000274658203,377840.0
2026-08-19T13:30:00-04:00,95.62000274658203,95.73989868164062,95.48999786376953,95.66000366210938,254342.0
2026-08-19T13:35:00-04:00,95.66000366210938,95.69499969482422,95.56999969482422,95.58999633789062,133800.0
2026-08-19T13:40:00-04:00,95.59010314941406,95.83000183105469,95.58000183105469,95.75499725341797,218966.0
2026-08-19T13:45:00-04:00,95.75,95.79499816894531,95.70010375976562,95.7699966430664,147832.0
2026-08-19T13:50:00-04:00,95.77999877929688,95.83000183105469,95.7300033569336,95.79650115966797,157640.0
2026-08-19T13:55:00-04:00,95.80000305175781,96.0,95.76000213623047,95.99970245361328,265338.0
2026-08-19T14:00:00-04:00,96.0,96.20999908447266,95.96499633789062,96.04000091552734,498523.0
2026-08-19T14:05:00-04:00,96.04000091552734,96.05000305175781,95.58000183105469,95.65499877929688,218456.0
2026-08-19T14:10:00-04:00,95.6500015258789,95.66000366210938,95.42500305175781,95.43000030517578,297722.0
2026-08-19T14:15:00-04:00,95.42500305175781,95.51000213623047,95.30000305175781,95.33000183105469,303061.0
2026-08-19T14:20:00-04:00,95.33000183105469,95.41999816894531,95.23500061035156,95.35990142822266,196102.0
2026-08-19T14:25:00-04:00,95.3550033569336,95.41999816894531,95.24500274658203,95.34500122070312,191308.0
2026-08-19T14:30:00-04:00,95.3499984741211,95.7300033569336,95.28500366210938,95.69999694824219,251956.0
2026-08-19T14:35:00-04:00,95.69989776611328,95.73500061035156,95.54499816894531,95.70999908447266,217560.0
2026-08-19T14:40:00-04:00,95.70500183105469,95.92500305175781,95.69000244140625,95.91000366210938,180924.0
2026-08-19T14:45:00-04:00,95.91000366210938,95.98500061035156,95.80500030517578,95.9749984741211,180954.0
2026-08-19T14:50:00-04:00,95.9800033569336,96.0416030883789,95.90499877929688,96.0,345560.0
2026-08-19T14:55:00-04:00,95.9999008178711,96.05000305175781,95.9800033569336,95.99500274658203,133097.0
2026-08-19T15:00:00-04:00,95.99500274658203,96.29000091552734,95.9800033569336,96.2699966430664,246449.0
2026-08-19T15:05:00-04:00,96.2750015258789,96.80000305175781,96.25,96.77999877929688,359596.0
2026-08-19T15:10:00-04:00,96.7750015258789,96.78500366210938,96.58000183105469,96.7249984741211,286712.0
2026-08-19T15:15:00-04:00,96.7249984741211,96.86000061035156,96.58999633789062,96.80999755859375,389265.0
2026-08-19T15:20:00-04:00,96.80999755859375,96.83000183105469,96.625,96.83000183105469,267653.0
2026-08-19T15:25:00-04:00,96.81999969482422,96.94499969482422,96.79979705810547,96.88500213623047,255299.0
2026-08-19T15:30:00-04:00,96.88999938964844,96.96499633789062,96.84500122070312,96.88999938964844,374147.0
2026-08-19T15:35:00-04:00,96.88999938964844,96.91999816894531,96.76499938964844,96.83999633789062,407787.0
2026-08-19T15:40:00-04:00,96.83999633789062,96.93000030517578,96.73999786376953,96.87000274658203,395762.0
2026-08-19T15:45:00-04:00,96.87000274658203,96.88500213623047,96.79000091552734,96.84500122070312,455829.0
2026-08-19T15:50:00-04:00,96.83999633789062,97.08999633789062,96.80999755859375,97.05000305175781,1262020.0
2026-08-19T15:55:00-04:00,97.05999755859375,97.41000366210938,96.99500274658203,97.33000183105469,4066772.0
2026-08-20T09:30:00-04:00,96.31999969482422,97.6594009399414,96.30999755859375,97.47979736328125,2683516.0
2026-08-20T09:35:00-04:00,97.47000122070312,98.70999908447266,97.44999694824219,98.54499816894531,1740664.0
2026-08-20T09:40:00-04:00,98.54000091552734,98.68000030517578,98.13999938964844,98.58000183105469,765818.0
2026-08-20T09:45:00-04:00,98.57499694824219,98.69000244140625,97.98999786376953,98.19000244140625,654026.0
2026-08-20T09:50:00-04:00,98.16000366210938,98.19999694824219,97.70179748535156,97.87000274658203,285527.0
2026-08-20T09:55:00-04:00,97.875,97.9177017211914,97.4800033569336,97.73999786376953,383423.0
2026-08-20T10:00:00-04:00,97.75,98.19000244140625,97.52999877929688,97.6449966430664,363190.0
2026-08-20T10:05:00-04:00,97.66000366210938,97.93000030517578,97.5199966430664,97.88500213623047,574738.0
2026-08-20T10:10:00-04:00,97.88500213623047,98.16999816894531,97.83000183105469,97.87000274658203,420107.0
2026-08-20T10:15:00-04:00,97.87000274658203,98.1500015258789,97.79499816894531,97.83999633789062,660253.0
2026-08-20T10:20:00-04:00,97.83999633789062,98.31500244140625,97.83999633789062,98.20999908447266,753297.0
2026-08-20T10:25:00-04:00,98.20999908447266,98.27999877929688,98.04000091552734,98.23999786376953,283826.0
2026-08-20T10:30:00-04:00,98.25,98.61000061035156,98.23999786376953,98.48500061035156,438453.0
2026-08-20T10:35:00-04:00,98.48999786376953,98.81999969482422,98.3499984741211,98.5999984741211,464792.0
2026-08-20T10:40:00-04:00,98.61000061035156,98.70999908447266,98.36000061035156,98.62000274658203,377286.0
2026-08-20T10:45:00-04:00,98.62000274658203,99.0999984741211,98.61000061035156,99.02999877929688,438961.0
2026-08-20T10:50:00-04:00,99.0199966430664,99.2698974609375,98.98999786376953,99.2300033569336,346868.0
2026-08-20T10:55:00-04:00,99.22000122070312,99.52999877929688,99.22000122070312,99.46990203857422,665954.0
2026-08-20T11:00:00-04:00,99.4800033569336,100.20999908447266,99.41999816894531,100.03500366210938,909725.0
2026-08-20T11:05:00-04:00,100.02999877929688,100.03500366210938,99.5999984741211,99.72000122070312,708326.0
2026-08-20T11:10:00-04:00,99.70999908447266,100.33000183105469,99.5801010131836,100.2699966430664,476820.0
2026-08-20T11:15:00-04:00,100.23999786376953,100.25,99.95999908447266,100.2300033569336,357879.0
2026-08-20T11:20:00-04:00,100.23500061035156,100.29000091552734,99.56999969482422,99.83999633789062,631900.0
2026-08-20T11:25:00-04:00,99.83000183105469,100.13999938964844,99.81999969482422,100.08999633789062,394476.0
2026-08-20T11:30:00-04:00,100.08000183105469,100.12000274658203,99.69499969482422,99.76000213623047,476679.0
2026-08-20T11:35:00-04:00,99.75,99.86000061035156,99.30000305175781,99.30999755859375,519200.0
2026-08-20T11:40:00-04:00,99.30999755859375,99.4800033569336,99.15010070800781,99.16000366210938,486226.0
2026-08-20T11:45:00-04:00,99.16500091552734,99.63500213623047,99.08999633789062,99.5199966430664,358446.0
2026-08-20T11:50:00-04:00,99.51499938964844,99.58370208740234,99.37249755859375,99.56999969482422,252623.0
2026-08-20T11:55:00-04:00,99.58000183105469,99.86599731445312,99.5199966430664,99.8499984741211,286438.0
2026-08-20T12:00:00-04:00,99.87000274658203,99.93000030517578,99.58499908447266,99.6050033569336,180406.0
2026-08-20T12:05:00-04:00,99.6050033569336,99.7699966430664,99.58499908447266,99.72000122070312,162492.0
2026-08-20T12:10:00-04:00,99.7300033569336,99.75,99.41999816894531,99.4800033569336,237196.0
2026-08-20T12:15:00-04:00,99.4800033569336,99.62000274658203,99.42500305175781,99.56999969482422,205733.0
2026-08-20T12:20:00-04:00,99.56999969482422,99.61499786376953,99.51000213623047,99.58499908447266,193856.0
2026-08-20T12:25:00-04:00,99.58000183105469,99.58999633789062,99.2750015258789,99.38999938964844,193429.0
2026-08-20T12:30:00-04:00,99.36499786376953,99.4000015258789,99.17500305175781,99.3499984741211,144091.0
2026-08-20T12:35:00-04:00,99.36000061035156,99.49500274658203,99.3550033569336,99.38500213623047,117975.0
2026-08-20T12:40:00-04:00,99.37000274658203,99.5199966430664,99.36000061035156,99.48500061035156,133071.0
2026-08-20T12:45:00-04:00,99.4800033569336,99.66500091552734,99.3949966430664,99.6500015258789,147677.0
2026-08-20T12:50:00-04:00,99.6500015258789,99.70500183105469,99.55999755859375,99.63999938964844,120378.0
2026-08-20T12:55:00-04:00,99.6449966430664,99.69999694824219,99.55000305175781,99.5999984741211,138365.0
2026-08-20T13:00:00-04:00,99.5999984741211,99.72000122070312,99.58499908447266,99.59700012207031,129162.0
2026-08-20T13:05:00-04:00,99.5999984741211,99.5999984741211,99.33999633789062,99.37999725341797,129029.0
2026-08-20T13:10:00-04:00,99.37999725341797,99.41500091552734,99.30999755859375,99.36499786376953,159031.0
2026-08-20T13:15:00-04:00,99.36000061035156,99.36000061035156,99.20999908447266,99.2300033569336,171025.0
2026-08-20T13:20:00-04:00,99.23999786376953,99.47989654541016,99.2300033569336,99.41999816894531,211400.0
2026-08-20T13:25:00-04:00,99.41999816894531,99.54499816894531,99.37000274658203,99.46499633789062,164399.0
2026-08-20T13:30:00-04:00,99.47000122070312,99.6449966430664,99.3949966430664,99.61000061035156,164056.0
2026-08-20T13:35:00-04:00,99.61000061035156,99.6500015258789,99.54499816894531,99.6050033569336,111775.0
2026-08-20T13:40:00-04:00,99.6050033569336,99.63760375976562,99.58000183105469,99.62000274658203,112685.0
2026-08-20T13:45:00-04:00,99.61499786376953,99.69000244140625,99.58499908447266,99.65499877929688,139662.0
2026-08-20T13:50:00-04:00,99.66000366210938,99.72000122070312,99.61499786376953,99.66000366210938,131914.0
2026-08-20T13:55:00-04:00,99.6500015258789,99.72000122070312,99.6050033569336,99.69000244140625,173225.0
2026-08-20T14:00:00-04:00,99.68499755859375,99.73500061035156,99.62000274658203,99.625,133954.0
2026-08-20T14:05:00-04:00,99.625,99.63990020751953,99.33999633789062,99.41500091552734,235693.0
2026-08-20T14:10:00-04:00,99.41500091552734,99.41500091552734,99.04000091552734,99.1050033569336,217477.0
2026-08-20T14:15:00-04:00,99.08999633789062,99.28500366210938,99.0199966430664,99.2739028930664,197835.0
2026-08-20T14:20:00-04:00,99.2699966430664,99.33799743652344,99.21499633789062,99.26000213623047,100058.0
2026-08-20T14:25:00-04:00,99.2699966430664,99.37999725341797,99.26000213623047,99.34500122070312,113387.0
2026-08-20T14:30:00-04:00,99.33999633789062,99.41500091552734,99.20999908447266,99.21499633789062,130273.0
2026-08-20T14:35:00-04:00,99.20999908447266,99.3550033569336,99.19000244140625,99.25,266164.0
2026-08-20T14:40:00-04:00,99.25499725341797,99.37000274658203,99.2249984741211,99.33499908447266,132029.0
2026-08-20T14:45:00-04:00,99.33499908447266,99.33499908447266,99.16000366210938,99.23999786376953,141504.0
2026-08-20T14:50:00-04:00,99.2300033569336,99.3499984741211,99.22000122070312,99.32499694824219,109653.0
2026-08-20T14:55:00-04:00,99.33000183105469,99.33499908447266,99.18499755859375,99.18499755859375,88587.0
2026-08-20T15:00:00-04:00,99.18000030517578,99.4000015258789,99.11900329589844,99.3949966430664,161823.0
2026-08-20T15:05:00-04:00,99.38999938964844,99.56500244140625,99.375,99.55999755859375,219043.0
2026-08-20T15:10:00-04:00,99.55500030517578,99.56500244140625,99.45999908447266,99.5250015258789,136491.0
2026-08-20T15:15:00-04:00,99.52999877929688,99.58999633789062,99.41000366210938,99.45500183105469,260804.0
2026-08-20T15:20:00-04:00,99.45500183105469,99.48059844970703,99.32499694824219,99.44999694824219,195685.0
2026-08-20T15:25:00-04:00,99.44000244140625,99.47000122070312,99.33999633789062,99.33999633789062,230216.0
2026-08-20T15:30:00-04:00,99.33999633789062,99.43000030517578,99.2699966430664,99.375,277936.0
2026-08-20T15:35:00-04:00,99.375,99.44000244140625,99.29499816894531,99.41000366210938,250905.0
2026-08-20T15:40:00-04:00,99.41000366210938,99.5,99.22000122070312,99.43499755859375,760636.0
2026-08-20T15:45:00-04:00,99.43499755859375,99.55500030517578,99.4000015258789,99.5,654337.0
2026-08-20T15:50:00-04:00,99.48999786376953,99.8499984741211,99.46499633789062,99.74500274658203,973173.0
2026-08-20T15:55:00-04:00,99.75,99.98999786376953,99.67500305175781,99.83000183105469,2050372.0
2026-08-21T09:30:00-04:00,102.6500015258789,103.05000305175781,101.7698974609375,101.80999755859375,3263230.0
2026-08-21T09:35:00-04:00,101.80999755859375,102.8499984741211,101.7699966430664,102.63999938964844,1200097.0
2026-08-21T09:40:00-04:00,102.63960266113281,102.80999755859375,102.5199966430664,102.7249984741211,652944.0
2026-08-21T09:45:00-04:00,102.7249984741211,102.86000061035156,102.44000244140625,102.58999633789062,862682.0
2026-08-21T09:50:00-04:00,102.5999984741211,102.76000213623047,102.0999984741211,102.30000305175781,762547.0
2026-08-21T09:55:00-04:00,102.30000305175781,102.41500091552734,102.05000305175781,102.26000213623047,679311.0
2026-08-21T10:00:00-04:00,102.25499725341797,102.58000183105469,102.02999877929688,102.37999725341797,586810.0
2026-08-21T10:05:00-04:00,102.37999725341797,102.69999694824219,102.33000183105469,102.62000274658203,439673.0
2026-08-21T10:10:00-04:00,102.63999938964844,102.73500061035156,102.50499725341797,102.61499786376953,409010.0
2026-08-21T10:15:00-04:00,102.61499786376953,102.72000122070312,102.2750015258789,102.27999877929688,511583.0
2026-08-21T10:20:00-04:00,102.29000091552734,102.94499969482422,102.25,102.83499908447266,745387.0
2026-08-21T10:25:00-04:00,102.83999633789062,103.25,102.83999633789062,103.0999984741211,752180.0
2026-08-21T10:30:00-04:00,103.11000061035156,103.18000030517578,102.38999938964844,102.40499877929688,427668.0
2026-08-21T10:35:00-04:00,102.4000015258789,102.59500122070312,102.0,102.01499938964844,814170.0
2026-08-21T10:40:00-04:00,102.01499938964844,102.31999969482422,101.87000274658203,102.0999984741211,589178.0
2026-08-21T10:45:00-04:00,102.0989990234375,102.30000305175781,101.97000122070312,102.29630279541016,255455.0
2026-08-21T10:50:00-04:00,102.2750015258789,102.5213851928711,101.97049713134766,102.0999984741211,238148.0
2026-08-21T10:55:00-04:00,102.0999984741211,102.43000030517578,101.87000274658203,102.33999633789062,225665.0
2026-08-21T11:00:00-04:00,102.3499984741211,102.51000213623047,102.2249984741211,102.43499755859375,309205.0
2026-08-21T11:05:00-04:00,102.44999694824219,102.6500015258789,102.31999969482422,102.33000183105469,205499.0
2026-08-21T11:10:00-04:00,102.33999633789062,102.6500015258789,102.30000305175781,102.45999908447266,165951.0
2026-08-21T11:15:00-04:00,102.45999908447266,102.625,102.40499877929688,102.43499755859375,229458.0
2026-08-21T11:20:00-04:00,102.44999694824219,102.81999969482422,102.37999725341797,102.81999969482422,269509.0
2026-08-21T11:25:00-04:00,102.82499694824219,102.95999908447266,102.63500213623047,102.72000122070312,331082.0
2026-08-21T11:30:00-04:00,102.72000122070312,102.73500061035156,102.55999755859375,102.63500213623047,343303.0
2026-08-21T11:35:00-04:00,102.63500213623047,102.79000091552734,102.54000091552734,102.55999755859375,275172.0
2026-08-21T11:40:00-04:00,102.55999755859375,102.7750015258789,102.47000122070312,102.7249984741211,475524.0
2026-08-21T11:45:00-04:00,102.7300033569336,102.79989624023438,102.65499877929688,102.68000030517578,149880.0
2026-08-21T11:50:00-04:00,102.68499755859375,102.87999725341797,102.68000030517578,102.83000183105469,165286.0
2026-08-21T11:55:00-04:00,102.83000183105469,102.875,102.7698974609375,102.84500122070312,120735.0
2026-08-21T12:00:00-04:00,102.84400177001953,102.88999938964844,102.73989868164062,102.87999725341797,300260.0
2026-08-21T12:05:00-04:00,102.88999938964844,102.88999938964844,102.4749984741211,102.51000213623047,205149.0
2026-08-21T12:10:00-04:00,102.51000213623047,102.83979797363281,102.51000213623047,102.76000213623047,201256.0
2026-08-21T12:15:00-04:00,102.7300033569336,102.86499786376953,102.71499633789062,102.80999755859375,120466.0
2026-08-21T12:20:00-04:00,102.80879974365234,103.0999984741211,102.73999786376953,102.73999786376953,395437.0
2026-08-21T12:25:00-04:00,102.73999786376953,102.94000244140625,102.68499755859375,102.93000030517578,160168.0
2026-08-21T12:30:00-04:00,102.93499755859375,102.97000122070312,102.8499984741211,102.94000244140625,117444.0
2026-08-21T12:35:00-04:00,102.94000244140625,103.18000030517578,102.91000366210938,103.12000274658203,157078.0
2026-08-21T12:40:00-04:00,103.12000274658203,103.16500091552734,103.05000305175781,103.07499694824219,142685.0
2026-08-21T12:45:00-04:00,103.08000183105469,103.16999816894531,103.04000091552734,103.11499786376953,125823.0
2026-08-21T12:50:00-04:00,103.12999725341797,103.19950103759766,103.08999633789062,103.13500213623047,152595.0
2026-08-21T12:55:00-04:00,103.12999725341797,103.16000366210938,103.06500244140625,103.13999938964844,129765.0
2026-08-21T13:00:00-04:00,103.13999938964844,103.16000366210938,103.0250015258789,103.04499816894531,212410.0
2026-08-21T13:05:00-04:00,103.05999755859375,103.11499786376953,102.98049926757812,103.01000213623047,192749.0
2026-08-21T13:10:00-04:00,103.0,103.05000305175781,102.79000091552734,102.79000091552734,257292.0
2026-08-21T13:15:00-04:00,102.79000091552734,102.95809936523438,102.76000213623047,102.87000274658203,150091.0
2026-08-21T13:20:00-04:00,102.8499984741211,102.8499984741211,102.47000122070312,102.62999725341797,304298.0
2026-08-21T13:25:00-04:00,102.61000061035156,102.62000274658203,102.45999908447266,102.5,159309.0
2026-08-21T13:30:00-04:00,102.51000213623047,102.55000305175781,102.42500305175781,102.54000091552734,173005.0
2026-08-21T13:35:00-04:00,102.55000305175781,102.66000366210938,102.52999877929688,102.54000091552734,166045.0
2026-08-21T13:40:00-04:00,102.5250015258789,102.6449966430664,102.44750213623047,102.44999694824219,139203.0
2026-08-21T13:45:00-04:00,102.45999908447266,102.54499816894531,102.41999816894531,102.53500366210938,209631.0
2026-08-21T13:50:00-04:00,102.52999877929688,102.65499877929688,102.48500061035156,102.62000274658203,141215.0
2026-08-21T13:55:00-04:00,102.62999725341797,102.75,102.61499786376953,102.7300033569336,136041.0
2026-08-21T14:00:00-04:00,102.72000122070312,102.88500213623047,102.70999908447266,102.8499984741211,158798.0
2026-08-21T14:05:00-04:00,102.8550033569336,102.88999938964844,102.71009826660156,102.71499633789062,206776.0
2026-08-21T14:10:00-04:00,102.70999908447266,102.73999786376953,102.58999633789062,102.68000030517578,156522.0
2026-08-21T14:15:00-04:00,102.66999816894531,102.78500366210938,102.66999816894531,102.7699966430664,174131.0
2026-08-21T14:20:00-04:00,102.7750015258789,102.82499694824219,102.68000030517578,102.80500030517578,123641.0
2026-08-21T14:25:00-04:00,102.80999755859375,102.88500213623047,102.73999786376953,102.74500274658203,143007.0
2026-08-21T14:30:00-04:00,102.74500274658203,102.7699966430664,102.61499786376953,102.7699966430664,269681.0
2026-08-21T14:35:00-04:00,102.7699966430664,102.87000274658203,102.63999938964844,102.64520263671875,157760.0
2026-08-21T14:40:00-04:00,102.6500015258789,102.72000122070312,102.62000274658203,102.70999908447266,156581.0
2026-08-21T14:45:00-04:00,102.70999908447266,102.7750015258789,102.6500015258789,102.69000244140625,177265.0
2026-08-21T14:50:00-04:00,102.69499969482422,102.69499969482422,102.61000061035156,102.69000244140625,152913.0
2026-08-21T14:55:00-04:00,102.68000030517578,102.68000030517578,102.55999755859375,102.59500122070312,192873.0
2026-08-21T15:00:00-04:00,102.5999984741211,102.73999786376953,102.50499725341797,102.54000091552734,282889.0
2026-08-21T15:05:00-04:00,102.54000091552734,102.75,102.45500183105469,102.65499877929688,209322.0
2026-08-21T15:10:00-04:00,102.6500015258789,102.7699966430664,102.6449966430664,102.75,153163.0
2026-08-21T15:15:00-04:00,102.76000213623047,102.76000213623047,102.57499694824219,102.70999908447266,229286.0
2026-08-21T15:20:00-04:00,102.70500183105469,102.77999877929688,102.69999694824219,102.74749755859375,221316.0
2026-08-21T15:25:00-04:00,102.73999786376953,102.76699829101562,102.58000183105469,102.58499908447266,519177.0
2026-08-21T15:30:00-04:00,102.5823974609375,102.70500183105469,102.56500244140625,102.65499877929688,289365.0
2026-08-21T15:35:00-04:00,102.66000366210938,102.7300033569336,102.625,102.71499633789062,368933.0
2026-08-21T15:40:00-04:00,102.72000122070312,102.8499984741211,102.68499755859375,102.83999633789062,514045.0
2026-08-21T15:45:00-04:00,102.83499908447266,103.08000183105469,102.82499694824219,103.04000091552734,673040.0
2026-08-21T15:50:00-04:00,103.04000091552734,103.04000091552734,102.77999877929688,102.94999694824219,1008831.0
2026-08-21T15:55:00-04:00,102.94000244140625,103.06999969482422,102.7300033569336,102.83000183105469,2109836.0
2026-08-24T09:30:00-04:00,103.9800033569336,104.6500015258789,103.56999969482422,104.20999908447266,2886338.0
2026-08-24T09:35:00-04:00,104.19999694824219,104.31999969482422,103.41999816894531,103.44999694824219,708178.0
2026-08-24T09:40:00-04:00,103.44999694824219,103.91000366210938,102.66000366210938,102.66999816894531,879737.0
2026-08-24T09:45:00-04:00,102.69999694824219,104.0,102.61000061035156,103.5199966430664,669074.0
2026-08-24T09:50:00-04:00,103.5199966430664,103.68000030517578,102.87000274658203,103.26000213623047,441049.0
2026-08-24T09:55:00-04:00,103.27999877929688,103.33999633789062,103.0199966430664,103.33000183105469,267690.0
2026-08-24T10:00:00-04:00,103.31999969482422,103.4800033569336,102.73999786376953,102.91000366210938,266024.0
2026-08-24T10:05:00-04:00,102.8949966430664,103.5199966430664,102.87999725341797,103.48999786376953,174989.0
2026-08-24T10:10:00-04:00,103.48999786376953,103.58000183105469,103.08999633789062,103.19000244140625,258392.0
2026-08-24T10:15:00-04:00,103.18000030517578,103.25499725341797,102.7699966430664,103.13999938964844,245865.0
2026-08-24T10:20:00-04:00,103.16999816894531,103.7699966430664,103.11499786376953,103.55049896240234,289863.0
2026-08-24T10:25:00-04:00,103.55000305175781,103.73999786376953,103.44999694824219,103.66000366210938,175666.0
2026-08-24T10:30:00-04:00,103.6449966430664,103.95999908447266,103.5999984741211,103.85990142822266,236825.0
2026-08-24T10:35:00-04:00,103.8499984741211,103.96499633789062,103.41000366210938,103.45999908447266,151887.0
2026-08-24T10:40:00-04:00,103.45999908447266,103.62000274658203,103.2699966430664,103.33499908447266,145205.0
2026-08-24T10:45:00-04:00,103.33999633789062,103.44000244140625,103.06009674072266,103.12000274658203,182176.0
2026-08-24T10:50:00-04:00,103.12999725341797,103.20999908447266,102.62999725341797,103.20999908447266,464984.0
2026-08-24T10:55:00-04:00,103.22000122070312,103.41000366210938,103.05999755859375,103.0999984741211,251209.0
2026-08-24T11:00:00-04:00,103.08999633789062,103.31999969482422,102.86000061035156,103.29879760742188,199211.0
2026-08-24T11:05:00-04:00,103.29000091552734,103.31999969482422,103.05000305175781,103.11000061035156,140982.0
2026-08-24T11:10:00-04:00,103.11000061035156,103.29000091552734,103.0199966430664,103.0645980834961,97612.0
2026-08-24T11:15:00-04:00,103.07499694824219,103.12000274658203,102.91000366210938,103.1050033569336,164226.0
2026-08-24T11:20:00-04:00,103.12000274658203,103.18000030517578,102.98999786376953,103.1500015258789,101255.0
2026-08-24T11:25:00-04:00,103.1500015258789,103.3499984741211,103.06999969482422,103.19999694824219,195562.0
2026-08-24T11:30:00-04:00,103.19999694824219,103.26000213623047,102.86000061035156,102.91999816894531,213422.0
2026-08-24T11:35:00-04:00,102.93000030517578,102.98989868164062,102.6500015258789,102.70999908447266,176502.0
2026-08-24T11:40:00-04:00,102.69999694824219,102.7300033569336,102.38999938964844,102.43499755859375,283387.0
2026-08-24T11:45:00-04:00,102.43000030517578,102.66999816894531,102.08999633789062,102.11000061035156,319751.0
2026-08-24T11:50:00-04:00,102.1084976196289,102.5250015258789,102.1084976196289,102.2699966430664,353923.0
2026-08-24T11:55:00-04:00,102.26000213623047,102.26000213623047,101.52999877929688,101.80000305175781,1304739.0
2026-08-24T12:00:00-04:00,101.80000305175781,102.61000061035156,101.80000305175781,102.51000213623047,432429.0
2026-08-24T12:05:00-04:00,102.51000213623047,102.72000122070312,102.41999816894531,102.45999908447266,129298.0
2026-08-24T12:10:00-04:00,102.47000122070312,102.63999938964844,102.4000015258789,102.56999969482422,105010.0
2026-08-24T12:15:00-04:00,102.55999755859375,102.7699966430664,102.54499816894531,102.75,120041.0
2026-08-24T12:20:00-04:00,102.73999786376953,102.80999755859375,102.69000244140625,102.71990203857422,72500.0
2026-08-24T12:25:00-04:00,102.7300033569336,102.91999816894531,102.69000244140625,102.90499877929688,121021.0
2026-08-24T12:30:00-04:00,102.9000015258789,102.98999786376953,102.83999633789062,102.86000061035156,85266.0
2026-08-24T12:35:00-04:00,102.86000061035156,102.98999786376953,102.80500030517578,102.83000183105469,80590.0
2026-08-24T12:40:00-04:00,102.82499694824219,102.91000366210938,102.78990173339844,102.83999633789062,124204.0
2026-08-24T12:45:00-04:00,102.8499984741211,102.91999816894531,102.80000305175781,102.86000061035156,108732.0
2026-08-24T12:50:00-04:00,102.83999633789062,102.87999725341797,102.66000366210938,102.7699966430664,102722.0
2026-08-24T12:55:00-04:00,102.76000213623047,102.76000213623047,102.55500030517578,102.59500122070312,123414.0
2026-08-24T13:00:00-04:00,102.58999633789062,102.73999786376953,102.4800033569336,102.70999908447266,118390.0
2026-08-24T13:05:00-04:00,102.7300033569336,103.0780029296875,102.69999694824219,102.9749984741211,165892.0
2026-08-24T13:10:00-04:00,102.97000122070312,102.99500274658203,102.83999633789062,102.88999938964844,119057.0
2026-08-24T13:15:00-04:00,102.90989685058594,103.11000061035156,102.7699966430664,102.94999694824219,122082.0
2026-08-24T13:20:00-04:00,102.93009948730469,102.94000244140625,102.30000305175781,102.5199966430664,368743.0
2026-08-24T13:25:00-04:00,102.5199966430664,102.8499984741211,102.3499984741211,102.63500213623047,174365.0
2026-08-24T13:30:00-04:00,102.63500213623047,102.73500061035156,102.54499816894531,102.56999969482422,100115.0
2026-08-24T13:35:00-04:00,102.55500030517578,102.77999877929688,102.55000305175781,102.75,110259.0
2026-08-24T13:40:00-04:00,102.75,102.79000091552734,102.58999633789062,102.62999725341797,121985.0
2026-08-24T13:45:00-04:00,102.62999725341797,102.69000244140625,102.54000091552734,102.63500213623047,142812.0
2026-08-24T13:50:00-04:00,102.62999725341797,102.73999786376953,102.58999633789062,102.66000366210938,91354.0
2026-08-24T13:55:00-04:00,102.66000366210938,102.76000213623047,102.5999984741211,102.7300033569336,67538.0
2026-08-24T14:00:00-04:00,102.73999786376953,102.91500091552734,102.70500183105469,102.90049743652344,118278.0
2026-08-24T14:05:00-04:00,102.9000015258789,102.93000030517578,102.45999908447266,102.5999984741211,182766.0
2026-08-24T14:10:00-04:00,102.5999984741211,102.69999694824219,102.52999877929688,102.65499877929688,86230.0
2026-08-24T14:15:00-04:00,102.66000366210938,102.81999969482422,102.63500213623047,102.73999786376953,57567.0
2026-08-24T14:20:00-04:00,102.73999786376953,102.93499755859375,102.69999694824219,102.9000015258789,112543.0
2026-08-24T14:25:00-04:00,102.91999816894531,103.0,102.91000366210938,102.9800033569336,83466.0
2026-08-24T14:30:00-04:00,103.0,103.0999984741211,102.93000030517578,102.94000244140625,151926.0
2026-08-24T14:35:00-04:00,102.93000030517578,102.95999908447266,102.75,102.87999725341797,102696.0
2026-08-24T14:40:00-04:00,102.88999938964844,103.04000091552734,102.88999938964844,102.97000122070312,118874.0
2026-08-24T14:45:00-04:00,102.97000122070312,102.97000122070312,102.76499938964844,102.87000274658203,101947.0
2026-08-24T14:50:00-04:00,102.86499786376953,102.92500305175781,102.84500122070312,102.86499786376953,86225.0
2026-08-24T14:55:00-04:00,102.87000274658203,102.94000244140625,102.87000274658203,102.9000015258789,86647.0
2026-08-24T15:00:00-04:00,102.88999938964844,103.04000091552734,102.88999938964844,102.98999786376953,116153.0
2026-08-24T15:05:00-04:00,103.0,103.08999633789062,102.91999816894531,102.99500274658203,85848.0
2026-08-24T15:10:00-04:00,102.98999786376953,103.08000183105469,102.98999786376953,103.02999877929688,94987.0
2026-08-24T15:15:00-04:00,103.0199966430664,103.2300033569336,102.9646987915039,103.2300033569336,128848.0
2026-08-24T15:20:00-04:00,103.22000122070312,103.26000213623047,103.1500015258789,103.16999816894531,146634.0
2026-08-24T15:25:00-04:00,103.16999816894531,103.20500183105469,103.11389923095703,103.15499877929688,165297.0
2026-08-24T15:30:00-04:00,103.15499877929688,103.30000305175781,103.09500122070312,103.20999908447266,223290.0
2026-08-24T15:35:00-04:00,103.21499633789062,103.3949966430664,103.19000244140625,103.33000183105469,223077.0
2026-08-24T15:40:00-04:00,103.33999633789062,103.38999938964844,103.25,103.2750015258789,313405.0
2026-08-24T15:45:00-04:00,103.2699966430664,103.4000015258789,103.1449966430664,103.3949966430664,389978.0
2026-08-24T15:50:00-04:00,103.4000015258789,103.58000183105469,103.33000183105469,103.44499969482422,642724.0
2026-08-24T15:55:00-04:00,103.44000244140625,103.58999633789062,103.33999633789062,103.54000091552734,1152091.0
2026-08-25T09:30:00-04:00,101.94000244140625,102.83000183105469,101.83999633789062,102.70999908447266,1651729.0
2026-08-25T09:35:00-04:00,102.70999908447266,103.0,102.26000213623047,102.41000366210938,895183.0
2026-08-25T09:40:00-04:00,102.4000015258789,102.94999694824219,102.2750015258789,102.72019958496094,885743.0
2026-08-25T09:45:00-04:00,102.72000122070312,102.7699966430664,102.13500213623047,102.16200256347656,533556.0
2026-08-25T09:50:00-04:00,102.16000366210938,102.27999877929688,101.80000305175781,101.94499969482422,1301117.0
2026-08-25T09:55:00-04:00,101.93000030517578,102.54499816894531,101.93000030517578,102.48999786376953,507728.0
2026-08-25T10:00:00-04:00,102.48999786376953,102.88999938964844,102.41500091552734,102.79000091552734,564895.0
2026-08-25T10:05:00-04:00,102.79000091552734,103.12999725341797,102.69999694824219,103.05989837646484,722548.0
2026-08-25T10:10:00-04:00,103.05999755859375,103.25499725341797,102.83000183105469,102.94000244140625,349027.0
2026-08-25T10:15:00-04:00,102.94499969482422,102.97000122070312,102.66999816894531,102.69999694824219,371453.0
2026-08-25T10:20:00-04:00,102.70500183105469,103.30000305175781,102.69999694824219,103.29000091552734,194751.0
2026-08-25T10:25:00-04:00,103.29989624023438,103.44930267333984,103.2699966430664,103.28800201416016,161108.0
2026-08-25T10:30:00-04:00,103.27999877929688,103.5999984741211,102.7699966430664,103.44999694824219,458497.0
2026-08-25T10:35:00-04:00,103.5,103.94000244140625,103.48999786376953,103.94000244140625,267183.0
2026-08-25T10:40:00-04:00,103.94499969482422,103.94999694824219,103.55000305175781,103.80000305175781,164315.0
2026-08-25T10:45:00-04:00,103.77999877929688,103.87999725341797,103.70500183105469,103.7699966430664,120361.0
2026-08-25T10:50:00-04:00,103.77999877929688,103.8499984741211,103.62999725341797,103.62999725341797,134232.0
2026-08-25T10:55:00-04:00,103.63500213623047,103.91000366210938,103.61000061035156,103.9000015258789,151523.0
2026-08-25T11:00:00-04:00,103.91000366210938,103.94999694824219,103.63999938964844,103.66999816894531,352115.0
2026-08-25T11:05:00-04:00,103.69000244140625,103.88500213623047,103.6500015258789,103.79000091552734,132146.0
2026-08-25T11:10:00-04:00,103.78500366210938,103.93000030517578,103.71499633789062,103.80999755859375,184452.0
2026-08-25T11:15:00-04:00,103.81999969482422,103.93000030517578,103.63999938964844,103.92990112304688,151968.0
2026-08-25T11:20:00-04:00,103.93000030517578,104.23999786376953,103.93000030517578,104.12000274658203,229939.0
2026-08-25T11:25:00-04:00,104.11000061035156,104.62999725341797,104.03050231933594,104.40499877929688,868870.0
2026-08-25T11:30:00-04:00,104.41500091552734,104.94000244140625,104.41000366210938,104.73500061035156,527219.0
2026-08-25T11:35:00-04:00,104.73500061035156,105.18800354003906,104.70999908447266,105.08499908447266,761592.0
2026-08-25T11:40:00-04:00,105.08499908447266,105.25499725341797,105.02999877929688,105.11000061035156,245473.0
2026-08-25T11:45:00-04:00,105.12000274658203,105.19000244140625,104.93000030517578,104.94999694824219,210429.0
2026-08-25T11:50:00-04:00,104.94999694824219,104.98999786376953,104.75499725341797,104.81500244140625,222182.0
2026-08-25T11:55:00-04:00,104.81999969482422,105.0,104.77999877929688,104.9800033569336,173462.0
2026-08-25T12:00:00-04:00,104.98999786376953,105.01000213623047,104.81999969482422,104.83000183105469,135145.0
2026-08-25T12:05:00-04:00,104.84989929199219,104.94000244140625,104.77999877929688,104.81999969482422,242674.0
2026-08-25T12:10:00-04:00,104.81999969482422,104.97000122070312,104.73999786376953,104.94499969482422,163646.0
2026-08-25T12:15:00-04:00,104.94499969482422,105.06510162353516,104.83000183105469,104.95999908447266,131277.0
2026-08-25T12:20:00-04:00,104.95500183105469,105.01799774169922,104.8550033569336,105.0,128557.0
2026-08-25T12:25:00-04:00,105.0,105.0199966430664,104.9000015258789,104.93000030517578,133889.0
2026-08-25T12:30:00-04:00,104.91999816894531,104.9800033569336,104.86499786376953,104.88500213623047,124674.0
2026-08-25T12:35:00-04:00,104.88500213623047,105.12999725341797,104.80000305175781,105.1050033569336,122426.0
2026-08-25T12:40:00-04:00,105.0999984741211,105.11000061035156,105.00499725341797,105.01000213623047,79182.0
2026-08-25T12:45:00-04:00,105.01000213623047,105.04000091552734,104.9000015258789,104.97000122070312,103065.0
2026-08-25T12:50:00-04:00,104.9749984741211,105.01499938964844,104.8499984741211,104.8499984741211,117733.0
2026-08-25T12:55:00-04:00,104.8499984741211,104.85900115966797,104.7300033569336,104.80000305175781,377395.0
2026-08-25T13:00:00-04:00,104.80989837646484,104.83999633789062,104.69999694824219,104.74500274658203,141383.0
2026-08-25T13:05:00-04:00,104.73999786376953,104.73999786376953,104.62000274658203,104.6449966430664,114417.0
2026-08-25T13:10:00-04:00,104.6500015258789,104.80000305175781,104.62000274658203,104.76499938964844,90121.0
2026-08-25T13:15:00-04:00,104.76499938964844,104.9198989868164,104.70999908447266,104.90499877929688,140220.0
2026-08-25T13:20:00-04:00,104.90499877929688,105.0,104.77999877929688,104.84500122070312,228096.0
2026-08-25T13:25:00-04:00,104.83999633789062,104.9000015258789,104.80000305175781,104.8550033569336,107460.0
2026-08-25T13:30:00-04:00,104.8550033569336,104.9000015258789,104.81999969482422,104.875,87825.0
2026-08-25T13:35:00-04:00,104.875,105.00589752197266,104.87000274658203,105.0,98490.0
2026-08-25T13:40:00-04:00,105.01000213623047,105.11000061035156,104.95999908447266,105.08499908447266,110703.0
2026-08-25T13:45:00-04:00,105.08999633789062,105.16000366210938,105.03500366210938,105.1500015258789,89396.0
2026-08-25T13:50:00-04:00,105.16000366210938,105.16999816894531,105.05000305175781,105.11499786376953,97743.0
2026-08-25T13:55:00-04:00,105.1050033569336,105.19000244140625,105.08000183105469,105.17500305175781,169138.0
2026-08-25T14:00:00-04:00,105.17500305175781,105.17500305175781,105.00499725341797,105.0199966430664,237203.0
2026-08-25T14:05:00-04:00,105.02999877929688,105.06999969482422,104.98310089111328,104.98500061035156,200439.0
2026-08-25T14:10:00-04:00,104.98500061035156,105.08000183105469,104.9800033569336,105.00499725341797,133460.0
2026-08-25T14:15:00-04:00,105.0,105.05500030517578,104.94499969482422,105.01499938964844,103799.0
2026-08-25T14:20:00-04:00,105.01000213623047,105.04000091552734,104.97000122070312,105.02999877929688,60259.0
2026-08-25T14:25:00-04:00,105.04000091552734,105.05989837646484,104.99500274658203,105.04499816894531,120928.0
2026-08-25T14:30:00-04:00,105.05000305175781,105.05999755859375,104.91100311279297,104.94999694824219,99235.0
2026-08-25T14:35:00-04:00,104.94999694824219,104.97000122070312,104.88999938964844,104.90499877929688,94121.0
2026-08-25T14:40:00-04:00,104.9000015258789,105.05000305175781,104.9000015258789,105.01499938964844,86778.0
2026-08-25T14:45:00-04:00,105.01499938964844,105.1050033569336,104.99500274658203,105.06500244140625,86278.0
2026-08-25T14:50:00-04:00,105.06500244140625,105.06500244140625,104.9800033569336,105.05500030517578,82457.0
2026-08-25T14:55:00-04:00,105.05500030517578,105.12000274658203,105.00499725341797,105.07499694824219,142771.0
2026-08-25T15:00:00-04:00,105.06999969482422,105.22000122070312,105.06999969482422,105.11499786376953,155839.0
2026-08-25T15:05:00-04:00,105.11000061035156,105.43000030517578,105.0999984741211,105.41500091552734,210530.0
2026-08-25T15:10:00-04:00,105.41000366210938,105.51000213623047,105.41000366210938,105.5,138416.0
2026-08-25T15:15:00-04:00,105.51000213623047,105.66999816894531,105.48999786376953,105.6500015258789,198321.0
2026-08-25T15:20:00-04:00,105.6449966430664,105.6500015258789,105.55500030517578,105.6050033569336,127687.0
2026-08-25T15:25:00-04:00,105.5999984741211,105.61000061035156,105.5,105.55500030517578,119280.0
2026-08-25T15:30:00-04:00,105.55500030517578,105.55500030517578,105.37999725341797,105.44999694824219,234210.0
2026-08-25T15:35:00-04:00,105.44499969482422,105.45999908447266,105.30000305175781,105.32499694824219,168257.0
2026-08-25T15:40:00-04:00,105.32499694824219,105.37000274658203,105.2301025390625,105.26499938964844,301086.0
2026-08-25T15:45:00-04:00,105.26000213623047,105.41000366210938,105.20059967041016,105.3949966430664,351060.0
2026-08-25T15:50:00-04:00,105.4000015258789,105.52999877929688,105.30000305175781,105.36499786376953,717538.0
2026-08-25T15:55:00-04:00,105.37000274658203,105.62999725341797,105.19999694824219,105.54000091552734,1440431.0
2026-08-26T09:30:00-04:00,103.37000274658203,104.06999969482422,103.27999877929688,103.69529724121094,1391041.0
2026-08-26T09:35:00-04:00,103.70999908447266,103.76000213623047,103.30999755859375,103.30999755859375,540960.0
2026-08-26T09:40:00-04:00,103.33000183105469,103.81999969482422,103.30000305175781,103.69000244140625,346980.0
2026-08-26T09:45:00-04:00,103.66999816894531,104.16000366210938,103.62999725341797,103.87999725341797,361966.0
2026-08-26T09:50:00-04:00,103.9000015258789,103.94869995117188,103.43000030517578,103.66000366210938,431105.0
2026-08-26T09:55:00-04:00,103.69999694824219,103.88999938964844,103.56999969482422,103.83999633789062,268346.0
2026-08-26T10:00:00-04:00,103.83999633789062,103.9000015258789,103.5199966430664,103.62999725341797,233083.0
2026-08-26T10:05:00-04:00,103.63500213623047,103.81999969482422,103.5199966430664,103.66000366210938,238967.0
2026-08-26T10:10:00-04:00,103.66999816894531,103.90049743652344,103.37999725341797,103.53500366210938,227996.0
2026-08-26T10:15:00-04:00,103.54000091552734,103.79000091552734,103.4800033569336,103.66999816894531,149416.0
2026-08-26T10:20:00-04:00,103.68000030517578,103.81999969482422,103.62999725341797,103.72000122070312,102125.0
2026-08-26T10:25:00-04:00,103.72000122070312,103.75,103.43000030517578,103.58000183105469,182236.0
2026-08-26T10:30:00-04:00,103.56999969482422,103.7300033569336,103.52999877929688,103.7300033569336,103330.0
2026-08-26T10:35:00-04:00,103.72010040283203,103.72010040283203,103.47820281982422,103.58999633789062,180713.0
2026-08-26T10:40:00-04:00,103.61000061035156,103.88999938964844,103.56999969482422,103.8550033569336,169076.0
2026-08-26T10:45:00-04:00,103.86000061035156,103.87999725341797,103.23999786376953,103.25299835205078,282530.0
2026-08-26T10:50:00-04:00,103.25,103.37999725341797,103.1500015258789,103.21499633789062,456243.0
2026-08-26T10:55:00-04:00,103.22000122070312,103.51000213623047,103.12999725341797,103.1500015258789,240059.0
2026-08-26T11:00:00-04:00,103.1500015258789,103.20999908447266,102.61000061035156,102.65010070800781,705126.0
2026-08-26T11:05:00-04:00,102.66999816894531,103.02999877929688,102.4800033569336,102.9800033569336,519409.0
2026-08-26T11:10:00-04:00,102.98999786376953,103.02999877929688,102.67250061035156,102.72000122070312,263429.0
2026-08-26T11:15:00-04:00,102.7300033569336,102.88999938964844,102.43000030517578,102.7750015258789,901065.0
2026-08-26T11:20:00-04:00,102.76000213623047,102.8499984741211,102.66000366210938,102.66999816894531,183493.0
2026-08-26T11:25:00-04:00,102.66500091552734,102.79000091552734,102.56999969482422,102.70999908447266,216108.0
2026-08-26T11:30:00-04:00,102.70999908447266,102.71499633789062,102.56500244140625,102.66000366210938,142807.0
2026-08-26T11:35:00-04:00,102.67749786376953,102.73999786376953,102.4800033569336,102.6500015258789,195591.0
2026-08-26T11:40:00-04:00,102.66000366210938,102.70999908447266,102.54499816894531,102.55999755859375,97657.0
2026-08-26T11:45:00-04:00,102.55999755859375,102.86499786376953,102.54499816894531,102.72000122070312,199743.0
2026-08-26T11:50:00-04:00,102.7249984741211,102.7249984741211,102.3499984741211,102.4800033569336,347466.0
2026-08-26T11:55:00-04:00,102.4800033569336,102.87000274658203,102.4800033569336,102.7300033569336,197038.0
2026-08-26T12:00:00-04:00,102.73500061035156,102.8499984741211,102.55000305175781,102.80000305175781,164747.0
2026-08-26T12:05:00-04:00,102.80000305175781,102.87999725341797,102.75499725341797,102.7750015258789,194710.0
2026-08-26T12:10:00-04:00,102.7699966430664,102.80999755859375,102.66000366210938,102.80999755859375,64398.0
2026-08-26T12:15:00-04:00,102.81999969482422,102.95999908447266,102.71499633789062,102.94000244140625,66325.0
2026-08-26T12:20:00-04:00,102.94000244140625,102.98999786376953,102.76499938964844,102.78500366210938,64667.0
2026-08-26T12:25:00-04:00,102.79000091552734,102.86000061035156,102.66500091552734,102.69999694824219,107445.0
2026-08-26T12:30:00-04:00,102.7300033569336,102.80000305175781,102.65499877929688,102.75,64359.0
2026-08-26T12:35:00-04:00,102.75,102.8499984741211,102.65550231933594,102.66950225830078,76300.0
2026-08-26T12:40:00-04:00,102.66500091552734,102.76000213623047,102.58999633789062,102.7300033569336,89279.0
2026-08-26T12:45:00-04:00,102.7300033569336,102.86499786376953,102.7300033569336,102.86000061035156,164358.0
2026-08-26T12:50:00-04:00,102.87000274658203,102.91999816894531,102.7300033569336,102.7300033569336,77591.0
2026-08-26T12:55:00-04:00,102.70999908447266,102.86000061035156,102.70500183105469,102.86000061035156,84508.0
2026-08-26T13:00:00-04:00,102.86000061035156,103.20999908447266,102.86000061035156,103.15010070800781,175742.0
2026-08-26T13:05:00-04:00,103.16000366210938,103.19999694824219,103.01020050048828,103.05999755859375,105277.0
2026-08-26T13:10:00-04:00,103.060302734375,103.060302734375,102.88999938964844,102.9000015258789,78702.0
2026-08-26T13:15:00-04:00,102.87999725341797,102.91999816894531,102.7699966430664,102.83999633789062,74492.0
2026-08-26T13:20:00-04:00,102.83999633789062,102.91999816894531,102.81999969482422,102.87000274658203,65958.0
2026-08-26T13:25:00-04:00,102.86000061035156,102.95999908447266,102.77999877929688,102.95500183105469,71168.0
2026-08-26T13:30:00-04:00,102.95999908447266,103.13500213623047,102.94000244140625,103.08000183105469,99748.0
2026-08-26T13:35:00-04:00,103.07499694824219,103.11000061035156,103.01499938964844,103.05999755859375,75474.0
2026-08-26T13:40:00-04:00,103.05000305175781,103.10310363769531,103.04000091552734,103.05000305175781,52390.0
2026-08-26T13:45:00-04:00,103.05000305175781,103.0999984741211,103.04000091552734,103.08999633789062,76466.0
2026-08-26T13:50:00-04:00,103.07499694824219,103.0999984741211,103.04499816894531,103.04499816894531,88013.0
2026-08-26T13:55:00-04:00,103.04499816894531,103.0999984741211,102.98999786376953,103.06999969482422,94900.0
2026-08-26T14:00:00-04:00,103.07879638671875,103.22000122070312,103.03500366210938,103.20999908447266,169796.0
2026-08-26T14:05:00-04:00,103.20999908447266,103.27999877929688,103.11499786376953,103.15499877929688,183704.0
2026-08-26T14:10:00-04:00,103.15499877929688,103.19000244140625,103.05999755859375,103.07029724121094,154101.0
2026-08-26T14:15:00-04:00,103.06999969482422,103.15499877929688,103.04000091552734,103.08999633789062,70511.0
2026-08-26T14:20:00-04:00,103.09049987792969,103.19000244140625,103.05500030517578,103.16999816894531,70202.0
2026-08-26T14:25:00-04:00,103.17500305175781,103.20999908447266,103.12000274658203,103.20500183105469,78815.0
2026-08-26T14:30:00-04:00,103.20500183105469,103.23500061035156,103.12000274658203,103.20500183105469,151545.0
2026-08-26T14:35:00-04:00,103.19999694824219,103.25,103.16000366210938,103.20999908447266,105610.0
2026-08-26T14:40:00-04:00,103.21499633789062,103.30000305175781,103.19000244140625,103.2699966430664,123796.0
2026-08-26T14:45:00-04:00,103.2699966430664,103.31999969482422,103.21009826660156,103.2300033569336,131072.0
2026-08-26T14:50:00-04:00,103.2249984741211,103.25499725341797,103.1500015258789,103.16000366210938,81539.0
2026-08-26T14:55:00-04:00,103.16000366210938,103.16999816894531,103.09500122070312,103.09500122070312,111622.0
2026-08-26T15:00:00-04:00,103.0999984741211,103.19000244140625,103.08499908447266,103.17500305175781,264047.0
2026-08-26T15:05:00-04:00,103.17500305175781,103.18000030517578,103.05000305175781,103.11000061035156,149995.0
2026-08-26T15:10:00-04:00,103.1050033569336,103.13500213623047,103.04499816894531,103.09500122070312,125108.0
2026-08-26T15:15:00-04:00,103.08999633789062,103.12999725341797,102.95999908447266,103.0,176751.0
2026-08-26T15:20:00-04:00,103.0,103.0,102.91999816894531,102.97000122070312,154488.0
2026-08-26T15:25:00-04:00,102.9749984741211,103.18499755859375,102.9749984741211,103.11000061035156,149939.0
2026-08-26T15:30:00-04:00,103.11000061035156,103.18000030517578,103.01499938964844,103.0199966430664,148558.0
2026-08-26T15:35:00-04:00,103.0199966430664,103.08000183105469,102.9800033569336,102.98500061035156,200581.0
2026-08-26T15:40:00-04:00,102.98500061035156,103.00499725341797,102.79000091552734,102.875,273654.0
2026-08-26T15:45:00-04:00,102.875,103.0250015258789,102.86000061035156,102.97000122070312,318499.0
2026-08-26T15:50:00-04:00,102.9800033569336,102.9800033569336,102.52999877929688,102.69000244140625,970225.0
2026-08-26T15:55:00-04:00,102.69000244140625,102.7300033569336,102.30999755859375,102.47000122070312,2276293.0
2026-08-27T09:30:00-04:00,102.13999938964844,102.96990203857422,102.13999938964844,102.45999908447266,774220.0
2026-08-27T09:35:00-04:00,102.41999816894531,102.7300033569336,102.11000061035156,102.1449966430664,279690.0
2026-08-27T09:40:00-04:00,102.13999938964844,102.52999877929688,101.96099853515625,102.29000091552734,300691.0
2026-08-27T09:45:00-04:00,102.30000305175781,102.37000274658203,101.69000244140625,102.16999816894531,334521.0
2026-08-27T09:50:00-04:00,102.18000030517578,102.6500015258789,102.18000030517578,102.38999938964844,167397.0
2026-08-27T09:55:00-04:00,102.36000061035156,102.75,102.27999877929688,102.70999908447266,176533.0
2026-08-27T10:00:00-04:00,102.72000122070312,102.91999816894531,102.5199966430664,102.91000366210938,212387.0
2026-08-27T10:05:00-04:00,102.91799926757812,103.19000244140625,102.83000183105469,102.95999908447266,391627.0
2026-08-27T10:10:00-04:00,102.95999908447266,103.03500366210938,102.75,102.84529876708984,113681.0
2026-08-27T10:15:00-04:00,102.86000061035156,103.51799774169922,102.86000061035156,103.3499984741211,222238.0
2026-08-27T10:20:00-04:00,103.36000061035156,103.6500015258789,103.12999725341797,103.23999786376953,296857.0
2026-08-27T10:25:00-04:00,103.2300033569336,103.23989868164062,103.0,103.19999694824219,172947.0
2026-08-27T10:30:00-04:00,103.19989776611328,103.66000366210938,103.19000244140625,103.66000366210938,185103.0
2026-08-27T10:35:00-04:00,103.66000366210938,103.8499984741211,103.55999755859375,103.72000122070312,317120.0
2026-08-27T10:40:00-04:00,103.73999786376953,104.11000061035156,103.58999633789062,104.04900360107422,284707.0
2026-08-27T10:45:00-04:00,104.05000305175781,104.0999984741211,103.72000122070312,103.7300033569336,326955.0
2026-08-27T10:50:00-04:00,103.72000122070312,103.73999786376953,103.45950317382812,103.4800033569336,153375.0
2026-08-27T10:55:00-04:00,103.47000122070312,103.54000091552734,103.31500244140625,103.41999816894531,113622.0
2026-08-27T11:00:00-04:00,103.43000030517578,103.55500030517578,103.36000061035156,103.41799926757812,152230.0
2026-08-27T11:05:00-04:00,103.41000366210938,103.45999908447266,103.19000244140625,103.25,98491.0
2026-08-27T11:10:00-04:00,103.2300033569336,103.50499725341797,103.13999938964844,103.37000274658203,163073.0
2026-08-27T11:15:00-04:00,103.37000274658203,103.57499694824219,103.3499984741211,103.55999755859375,68667.0
2026-08-27T11:20:00-04:00,103.54000091552734,103.54499816894531,103.23999786376953,103.25499725341797,121290.0
2026-08-27T11:25:00-04:00,103.26000213623047,103.44999694824219,103.18000030517578,103.30999755859375,85909.0
2026-08-27T11:30:00-04:00,103.30999755859375,103.61000061035156,103.30999755859375,103.54000091552734,89890.0
2026-08-27T11:35:00-04:00,103.55000305175781,103.66000366210938,103.51136779785156,103.6050033569336,110494.0
2026-08-27T11:40:00-04:00,103.61000061035156,103.87999725341797,103.58999633789062,103.75,171050.0
2026-08-27T11:45:00-04:00,103.75499725341797,103.8550033569336,103.66999816894531,103.79000091552734,89757.0
2026-08-27T11:50:00-04:00,103.80000305175781,104.01000213623047,103.7699966430664,103.95999908447266,119225.0
2026-08-27T11:55:00-04:00,103.94999694824219,104.04000091552734,103.9000015258789,104.01000213623047,118906.0
2026-08-27T12:00:00-04:00,104.01000213623047,104.11399841308594,103.94000244140625,104.0199966430664,192681.0
2026-08-27T12:05:00-04:00,104.01000213623047,104.01000213623047,103.80000305175781,103.83000183105469,76237.0
2026-08-27T12:10:00-04:00,103.83000183105469,103.87999725341797,103.69000244140625,103.69000244140625,61211.0
2026-08-27T12:15:00-04:00,103.69999694824219,103.70999908447266,103.48999786376953,103.51000213623047,87674.0
2026-08-27T12:20:00-04:00,103.51000213623047,103.62000274658203,103.51000213623047,103.56990051269531,804924.0
2026-08-27T12:25:00-04:00,103.55999755859375,103.66999816894531,103.55000305175781,103.65499877929688,116126.0
2026-08-27T12:30:00-04:00,103.65499877929688,103.91000366210938,103.58999633789062,103.91000366210938,131385.0
2026-08-27T12:35:00-04:00,103.91000366210938,104.00499725341797,103.81999969482422,103.95999908447266,116036.0
2026-08-27T12:40:00-04:00,103.95999908447266,103.9749984741211,103.85179901123047,103.86000061035156,77527.0
2026-08-27T12:45:00-04:00,103.86000061035156,103.93000030517578,103.79000091552734,103.81009674072266,88501.0
2026-08-27T12:50:00-04:00,103.80999755859375,104.0,103.80269622802734,103.9801025390625,65679.0
2026-08-27T12:55:00-04:00,103.98999786376953,104.00499725341797,103.8499984741211,103.98989868164062,133007.0
2026-08-27T13:00:00-04:00,103.98999786376953,104.0199966430664,103.86000061035156,103.9092025756836,111861.0
2026-08-27T13:05:00-04:00,103.9000015258789,103.9000015258789,103.69000244140625,103.81999969482422,181256.0
2026-08-27T13:10:00-04:00,103.81500244140625,103.83000183105469,103.73999786376953,103.7699966430664,56770.0
2026-08-27T13:15:00-04:00,103.76499938964844,103.77999877929688,103.69499969482422,103.70999908447266,68891.0
2026-08-27T13:20:00-04:00,103.70999908447266,103.78500366210938,103.70999908447266,103.7300033569336,75293.0
2026-08-27T13:25:00-04:00,103.73500061035156,103.7750015258789,103.65499877929688,103.70500183105469,57766.0
2026-08-27T13:30:00-04:00,103.69999694824219,103.7699966430664,103.68000030517578,103.72509765625,55830.0
2026-08-27T13:35:00-04:00,103.70999908447266,103.83000183105469,103.69000244140625,103.82499694824219,89558.0
2026-08-27T13:40:00-04:00,103.83499908447266,103.95500183105469,103.77999877929688,103.83999633789062,108104.0
2026-08-27T13:45:00-04:00,103.83499908447266,103.86000061035156,103.66999816894531,103.77999877929688,87691.0
2026-08-27T13:50:00-04:00,103.7699966430664,103.80999755859375,103.61000061035156,103.63999938964844,66283.0
2026-08-27T13:55:00-04:00,103.6500015258789,103.65910339355469,103.44999694824219,103.5250015258789,170209.0
2026-08-27T14:00:00-04:00,103.5199966430664,103.54499816894531,103.26000213623047,103.27999877929688,150761.0
2026-08-27T14:05:00-04:00,103.29000091552734,103.57990264892578,103.29000091552734,103.5,123405.0
2026-08-27T14:10:00-04:00,103.51000213623047,103.61000061035156,103.45999908447266,103.61000061035156,74064.0
2026-08-27T14:15:00-04:00,103.61499786376953,103.625,103.54000091552734,103.58000183105469,56344.0
2026-08-27T14:20:00-04:00,103.58499908447266,103.58999633789062,103.37999725341797,103.41000366210938,62572.0
2026-08-27T14:25:00-04:00,103.41000366210938,103.45500183105469,103.31500244140625,103.4000015258789,165831.0
2026-08-27T14:30:00-04:00,103.4000015258789,103.45500183105469,103.2699966430664,103.2750015258789,102229.0
2026-08-27T14:35:00-04:00,103.27999877929688,103.45999908447266,103.2699966430664,103.41999816894531,53942.0
2026-08-27T14:40:00-04:00,103.41000366210938,103.41500091552734,103.32499694824219,103.3499984741211,45838.0
2026-08-27T14:45:00-04:00,103.36000061035156,103.48999786376953,103.36000061035156,103.3949966430664,64306.0
2026-08-27T14:50:00-04:00,103.3949966430664,103.52989959716797,103.36000061035156,103.46499633789062,91746.0
2026-08-27T14:55:00-04:00,103.45999908447266,103.54000091552734,103.43000030517578,103.51000213623047,54334.0
2026-08-27T15:00:00-04:00,103.5199966430664,103.7249984741211,103.5199966430664,103.63500213623047,68926.0
2026-08-27T15:05:00-04:00,103.62000274658203,103.82949829101562,103.61000061035156,103.76000213623047,89584.0
2026-08-27T15:10:00-04:00,103.76000213623047,103.7699966430664,103.5999984741211,103.62999725341797,67597.0
2026-08-27T15:15:00-04:00,103.63500213623047,103.65499877929688,103.4800033569336,103.54000091552734,81714.0
2026-08-27T15:20:00-04:00,103.53500366210938,103.53500366210938,103.37999725341797,103.3949966430664,117984.0
2026-08-27T15:25:00-04:00,103.39099884033203,103.43000030517578,103.29499816894531,103.30999755859375,129077.0
2026-08-27T15:30:00-04:00,103.30999755859375,103.5,103.28500366210938,103.41000366210938,147158.0
2026-08-27T15:35:00-04:00,103.41000366210938,103.4800033569336,103.37999725341797,103.44999694824219,114603.0
2026-08-27T15:40:00-04:00,103.45500183105469,103.62000274658203,103.43499755859375,103.62000274658203,234748.0
2026-08-27T15:45:00-04:00,103.62000274658203,103.77999877929688,103.56999969482422,103.7699966430664,290155.0
2026-08-27T15:50:00-04:00,103.76000213623047,103.7699966430664,103.52999877929688,103.7300033569336,627899.0
2026-08-27T15:55:00-04:00,103.72000122070312,103.91000366210938,103.5999984741211,103.62000274658203,1671623.0
2026-08-28T09:30:00-04:00,104.23999786376953,104.31999969482422,103.3499984741211,103.75,672999.0
2026-08-28T09:35:00-04:00,103.76000213623047,103.86000061035156,103.38500213623047,103.54000091552734,169964.0
2026-08-28T09:40:00-04:00,103.52999877929688,103.6449966430664,103.31999969482422,103.5,142523.0
2026-08-28T09:45:00-04:00,103.4800033569336,103.86000061035156,103.44999694824219,103.75499725341797,166184.0
2026-08-28T09:50:00-04:00,103.75,103.88999938964844,103.625,103.80999755859375,126314.0
2026-08-28T09:55:00-04:00,103.80000305175781,104.22000122070312,103.5,103.52999877929688,319314.0
2026-08-28T10:00:00-04:00,103.55999755859375,104.75,102.37999725341797,102.57749938964844,1686031.0
2026-08-28T10:05:00-04:00,102.58999633789062,102.61000061035156,101.58999633789062,101.98999786376953,1006747.0
2026-08-28T10:10:00-04:00,101.94000244140625,102.1698989868164,100.87000274658203,101.06999969482422,764347.0
2026-08-28T10:15:00-04:00,101.07759857177734,101.77999877929688,101.05000305175781,101.27799987792969,557026.0
2026-08-28T10:20:00-04:00,101.26000213623047,101.8499984741211,101.18000030517578,101.6561050415039,982729.0
2026-08-28T10:25:00-04:00,101.66140747070312,101.7300033569336,100.37000274658203,100.94999694824219,997563.0
2026-08-28T10:30:00-04:00,100.98999786376953,102.1500015258789,100.98999786376953,102.1500015258789,740597.0
2026-08-28T10:35:00-04:00,102.12999725341797,102.70999908447266,102.0999984741211,102.30000305175781,587031.0
2026-08-28T10:40:00-04:00,102.30999755859375,102.47390747070312,101.93000030517578,102.0999984741211,317102.0
2026-08-28T10:45:00-04:00,102.08999633789062,102.30000305175781,101.77999877929688,102.25,177893.0
2026-08-28T10:50:00-04:00,102.25420379638672,102.70500183105469,102.18000030517578,102.66999816894531,135638.0
2026-08-28T10:55:00-04:00,102.69999694824219,102.93000030517578,102.6500015258789,102.66999816894531,214629.0
2026-08-28T11:00:00-04:00,102.73999786376953,102.9000015258789,102.33999633789062,102.55999755859375,233373.0
2026-08-28T11:05:00-04:00,102.55000305175781,102.56999969482422,102.0199966430664,102.16000366210938,279834.0
2026-08-28T11:10:00-04:00,102.15499877929688,102.19999694824219,101.71499633789062,101.86000061035156,362014.0
2026-08-28T11:15:00-04:00,101.8499984741211,102.0199966430664,101.77999877929688,101.94999694824219,163297.0
2026-08-28T11:20:00-04:00,101.95999908447266,102.2300033569336,101.83999633789062,102.11000061035156,261945.0
2026-08-28T11:25:00-04:00,102.0999984741211,102.27999877929688,101.83000183105469,102.04000091552734,154694.0
2026-08-28T11:30:00-04:00,102.05000305175781,102.15499877929688,101.8499984741211,101.9800033569336,201500.0
2026-08-28T11:35:00-04:00,102.0,102.12999725341797,101.55999755859375,101.55999755859375,296444.0
2026-08-28T11:40:00-04:00,101.56500244140625,101.58000183105469,100.87999725341797,101.00389862060547,1347209.0
2026-08-28T11:45:00-04:00,101.0,101.25,100.87999725341797,101.08000183105469,390062.0
2026-08-28T11:50:00-04:00,101.08000183105469,101.30000305175781,100.98999786376953,101.16010284423828,238030.0
2026-08-28T11:55:00-04:00,101.16000366210938,101.16999816894531,100.48500061035156,100.54000091552734,553792.0
2026-08-28T12:00:00-04:00,100.53500366210938,100.87000274658203,100.43000030517578,100.55999755859375,496033.0
2026-08-28T12:05:00-04:00,100.55999755859375,100.69999694824219,100.30989837646484,100.41000366210938,395959.0
2026-08-28T12:10:00-04:00,100.4000015258789,100.44100189208984,99.94999694824219,99.9800033569336,509951.0
2026-08-28T12:15:00-04:00,99.9800033569336,100.12000274658203,99.44999694824219,99.47000122070312,801277.0
2026-08-28T12:20:00-04:00,99.45999908447266,99.5,98.72000122070312,98.79000091552734,1553644.0
2026-08-28T12:25:00-04:00,98.79000091552734,99.56999969482422,98.70999908447266,99.44999694824219,1502174.0
2026-08-28T12:30:00-04:00,99.45500183105469,99.68000030517578,99.19499969482422,99.27999877929688,788921.0
2026-08-28T12:35:00-04:00,99.27999877929688,99.93000030517578,99.27999877929688,99.66999816894531,543060.0
2026-08-28T12:40:00-04:00,99.68379974365234,99.69000244140625,98.9000015258789,98.95999908447266,760579.0
2026-08-28T12:45:00-04:00,98.97000122070312,99.43000030517578,98.91999816894531,99.43000030517578,482024.0
2026-08-28T12:50:00-04:00,99.42500305175781,99.48500061035156,99.29499816894531,99.33000183105469,498643.0
2026-08-28T12:55:00-04:00,99.33999633789062,99.34500122070312,98.97689819335938,99.05000305175781,545259.0
2026-08-28T13:00:00-04:00,99.05999755859375,99.11000061035156,98.7509994506836,98.93499755859375,702787.0
2026-08-28T13:05:00-04:00,98.93000030517578,99.23500061035156,98.87999725341797,99.08999633789062,391989.0
2026-08-28T13:10:00-04:00,99.08000183105469,99.18000030517578,98.86000061035156,99.1449966430664,410156.0
2026-08-28T13:15:00-04:00,99.13999938964844,99.1500015258789,98.9000015258789,99.1050033569336,390586.0
2026-08-28T13:20:00-04:00,99.11000061035156,99.37000274658203,99.08499908447266,99.30000305175781,209766.0
2026-08-28T13:25:00-04:00,99.30000305175781,99.37999725341797,99.10690307617188,99.16000366210938,190252.0
2026-08-28T13:30:00-04:00,99.16999816894531,99.44999694824219,99.08999633789062,99.37000274658203,169325.0
2026-08-28T13:35:00-04:00,99.37999725341797,99.56999969482422,99.1050033569336,99.11000061035156,241975.0
2026-08-28T13:40:00-04:00,99.11499786376953,99.26000213623047,98.94999694824219,99.0999984741211,186427.0
2026-08-28T13:45:00-04:00,99.11000061035156,99.37000274658203,99.08999633789062,99.26499938964844,200799.0
2026-08-28T13:50:00-04:00,99.2699966430664,99.3499984741211,99.22000122070312,99.2249984741211,141285.0
2026-08-28T13:55:00-04:00,99.2249984741211,99.2249984741211,99.07499694824219,99.09500122070312,282308.0
2026-08-28T14:00:00-04:00,99.0999984741211,99.16500091552734,98.83000183105469,98.83999633789062,265405.0
2026-08-28T14:05:00-04:00,98.83999633789062,99.0719985961914,98.82160186767578,99.02999877929688,309735.0
2026-08-28T14:10:00-04:00,99.02999877929688,99.08000183105469,98.83000183105469,98.86000061035156,180587.0
2026-08-28T14:15:00-04:00,98.86000061035156,98.97000122070312,98.69000244140625,98.86000061035156,344900.0
2026-08-28T14:20:00-04:00,98.87000274658203,99.09500122070312,98.86990356445312,98.9800033569336,252679.0
2026-08-28T14:25:00-04:00,98.98999786376953,99.23999786376953,98.91000366210938,98.91000366210938,326694.0
2026-08-28T14:30:00-04:00,98.91000366210938,99.02999877929688,98.81999969482422,99.02999877929688,253270.0
2026-08-28T14:35:00-04:00,99.02999877929688,99.02999877929688,98.8949966430664,98.8949966430664,175696.0
2026-08-28T14:40:00-04:00,98.88999938964844,98.98999786376953,98.69499969482422,98.88999938964844,231155.0
2026-08-28T14:45:00-04:00,98.9000015258789,99.04000091552734,98.79000091552734,98.94000244140625,254908.0
2026-08-28T14:50:00-04:00,98.94000244140625,99.01000213623047,98.82009887695312,98.87000274658203,186638.0
2026-08-28T14:55:00-04:00,98.87000274658203,99.02999877929688,98.80999755859375,98.9800033569336,167042.0
2026-08-28T15:00:00-04:00,98.97000122070312,99.32499694824219,98.93000030517578,99.2699966430664,382050.0
2026-08-28T15:05:00-04:00,99.26000213623047,99.58999633789062,99.23999786376953,99.56999969482422,438564.0
2026-08-28T15:10:00-04:00,99.56999969482422,99.68499755859375,99.44999694824219,99.55500030517578,274562.0
2026-08-28T15:15:00-04:00,99.55000305175781,99.70939636230469,99.48090362548828,99.66000366210938,251022.0
2026-08-28T15:20:00-04:00,99.66000366210938,99.71690368652344,99.48999786376953,99.58000183105469,240634.0
2026-08-28T15:25:00-04:00,99.5999984741211,99.8499984741211,99.58999633789062,99.84500122070312,196921.0
2026-08-28T15:30:00-04:00,99.84500122070312,99.96499633789062,99.7300033569336,99.88500213623047,404316.0
2026-08-28T15:35:00-04:00,99.87999725341797,99.94999694824219,99.78500366210938,99.9000015258789,479862.0
2026-08-28T15:40:00-04:00,99.9000015258789,100.04499816894531,99.8499984741211,99.94000244140625,354850.0
2026-08-28T15:45:00-04:00,99.93499755859375,99.94499969482422,99.51000213623047,99.54499816894531,481237.0
2026-08-28T15:50:00-04:00,99.54000091552734,99.73999786376953,99.43000030517578,99.5999984741211,742252.0
2026-08-28T15:55:00-04:00,99.6050033569336,99.83999633789062,99.58999633789062,99.66999816894531,1768456.0
2026-08-31T09:30:00-04:00,99.2750015258789,99.62999725341797,98.55000305175781,98.5999984741211,1552353.0
2026-08-31T09:35:00-04:00,98.58999633789062,98.86000061035156,98.33000183105469,98.35009765625,507647.0
2026-08-31T09:40:00-04:00,98.3499984741211,98.37000274658203,97.88999938964844,97.95999908447266,503671.0
2026-08-31T09:45:00-04:00,97.95999908447266,98.05999755859375,97.47000122070312,97.51499938964844,779671.0
2026-08-31T09:50:00-04:00,97.51499938964844,97.76000213623047,97.11000061035156,97.5,702972.0
2026-08-31T09:55:00-04:00,97.49500274658203,97.55000305175781,97.2300033569336,97.3550033569336,476864.0
2026-08-31T10:00:00-04:00,97.3550033569336,97.5199966430664,97.18000030517578,97.47000122070312,479371.0
2026-08-31T10:05:00-04:00,97.47000122070312,97.7699966430664,97.2300033569336,97.55999755859375,220205.0
2026-08-31T10:10:00-04:00,97.54499816894531,97.66999816894531,97.30000305175781,97.66000366210938,271239.0
2026-08-31T10:15:00-04:00,97.6449966430664,97.81500244140625,97.45500183105469,97.49500274658203,210555.0
2026-08-31T10:20:00-04:00,97.48999786376953,97.48999786376953,97.05999755859375,97.08999633789062,391685.0
2026-08-31T10:25:00-04:00,97.08999633789062,97.37899780273438,97.05999755859375,97.12999725341797,255548.0
2026-08-31T10:30:00-04:00,97.125,97.33000183105469,96.98999786376953,97.05500030517578,272836.0
2026-08-31T10:35:00-04:00,97.05999755859375,97.76000213623047,97.00499725341797,97.66999816894531,191194.0
2026-08-31T10:40:00-04:00,97.66000366210938,97.83999633789062,97.58000183105469,97.66999816894531,343892.0
2026-08-31T10:45:00-04:00,97.66999816894531,97.9800033569336,97.62999725341797,97.69000244140625,130722.0
2026-08-31T10:50:00-04:00,97.69000244140625,97.83000183105469,97.58000183105469,97.75,172036.0
2026-08-31T10:55:00-04:00,97.73500061035156,97.8450927734375,97.62000274658203,97.66000366210938,120719.0
2026-08-31T11:00:00-04:00,97.66000366210938,97.8949966430664,97.33000183105469,97.3499984741211,157461.0
2026-08-31T11:05:00-04:00,97.34500122070312,97.81999969482422,97.32499694824219,97.80000305175781,190850.0
2026-08-31T11:10:00-04:00,97.80000305175781,97.83999633789062,97.63999938964844,97.69999694824219,78323.0
2026-08-31T11:15:00-04:00,97.69000244140625,97.7699966430664,97.48999786376953,97.66000366210938,195929.0
2026-08-31T11:20:00-04:00,97.66999816894531,97.94000244140625,97.61000061035156,97.81999969482422,130534.0
2026-08-31T11:25:00-04:00,97.81999969482422,98.11499786376953,97.76000213623047,98.00499725341797,131531.0
2026-08-31T11:30:00-04:00,98.0,98.0999984741211,97.8550033569336,97.91000366210938,155295.0
2026-08-31T11:35:00-04:00,97.91000366210938,98.01499938964844,97.8499984741211,97.9800033569336,95388.0
2026-08-31T11:40:00-04:00,97.9800033569336,98.04000091552734,97.8499984741211,97.86000061035156,76908.0
2026-08-31T11:45:00-04:00,97.86000061035156,98.1050033569336,97.86000061035156,98.0199966430664,92888.0
2026-08-31T11:50:00-04:00,98.0199966430664,98.08000183105469,97.80500030517578,97.8499984741211,104103.0
2026-08-31T11:55:00-04:00,97.86000061035156,97.87999725341797,97.66000366210938,97.7345962524414,102106.0
2026-08-31T12:00:00-04:00,97.75,97.9749984741211,97.69999694824219,97.91000366210938,103447.0
2026-08-31T12:05:00-04:00,97.88999938964844,98.08999633789062,97.88500213623047,97.92500305175781,95415.0
2026-08-31T12:10:00-04:00,97.91999816894531,98.08999633789062,97.91000366210938,98.06500244140625,52764.0
2026-08-31T12:15:00-04:00,98.06500244140625,98.12999725341797,98.04000091552734,98.1176986694336,89125.0
2026-08-31T12:20:00-04:00,98.12000274658203,98.20500183105469,98.00270080566406,98.13999938964844,126525.0
2026-08-31T12:25:00-04:00,98.13099670410156,98.23999786376953,98.0999984741211,98.23500061035156,64628.0
2026-08-31T12:30:00-04:00,98.23999786376953,98.30999755859375,98.18499755859375,98.2699966430664,122727.0
2026-08-31T12:35:00-04:00,98.25499725341797,98.27999877929688,98.08999633789062,98.11000061035156,86856.0
2026-08-31T12:40:00-04:00,98.12000274658203,98.25,98.05000305175781,98.1500015258789,113002.0
2026-08-31T12:45:00-04:00,98.1500015258789,98.16999816894531,98.02999877929688,98.12000274658203,112424.0
2026-08-31T12:50:00-04:00,98.12999725341797,98.25499725341797,98.08999633789062,98.0999984741211,93843.0
2026-08-31T12:55:00-04:00,98.11000061035156,98.12999725341797,98.01000213623047,98.0199966430664,86468.0
2026-08-31T13:00:00-04:00,98.01000213623047,98.05000305175781,97.93499755859375,97.9800033569336,65429.0
2026-08-31T13:05:00-04:00,97.98500061035156,98.0,97.91999816894531,97.97509765625,310910.0
2026-08-31T13:10:00-04:00,97.9800033569336,98.06999969482422,97.94999694824219,98.0,63522.0
2026-08-31T13:15:00-04:00,97.98999786376953,98.11000061035156,97.97000122070312,98.04000091552734,78522.0
2026-08-31T13:20:00-04:00,98.04000091552734,98.08000183105469,97.97000122070312,98.0,60603.0
2026-08-31T13:25:00-04:00,98.00499725341797,98.00499725341797,97.83000183105469,97.88999938964844,64518.0
2026-08-31T13:30:00-04:00,97.8949966430664,98.08999633789062,97.8949966430664,98.01000213623047,66662.0
2026-08-31T13:35:00-04:00,98.0199966430664,98.16999816894531,98.0199966430664,98.11000061035156,130843.0
2026-08-31T13:40:00-04:00,98.0999984741211,98.23500061035156,98.08999633789062,98.16999816894531,87062.0
2026-08-31T13:45:00-04:00,98.17500305175781,98.2699966430664,98.12000274658203,98.21499633789062,60514.0
2026-08-31T13:50:00-04:00,98.20999908447266,98.25,98.125,98.13999938964844,47647.0
2026-08-31T13:55:00-04:00,98.12999725341797,98.13999938964844,98.04499816894531,98.08999633789062,68363.0
2026-08-31T14:00:00-04:00,98.08999633789062,98.12000274658203,97.9800033569336,98.05000305175781,88493.0
2026-08-31T14:05:00-04:00,98.04000091552734,98.05500030517578,97.94499969482422,98.0199966430664,86356.0
2026-08-31T14:10:00-04:00,98.01000213623047,98.16000366210938,97.98500061035156,98.16000366210938,67519.0
2026-08-31T14:15:00-04:00,98.16500091552734,98.19000244140625,98.08499908447266,98.12999725341797,194606.0
2026-08-31T14:20:00-04:00,98.12000274658203,98.18000030517578,98.08499908447266,98.09500122070312,66997.0
2026-08-31T14:25:00-04:00,98.08999633789062,98.12999725341797,98.03500366210938,98.05000305175781,63324.0
2026-08-31T14:30:00-04:00,98.04000091552734,98.05500030517578,97.87000274658203,97.88500213623047,180876.0
2026-08-31T14:35:00-04:00,97.88500213623047,97.9800033569336,97.87999725341797,97.9800033569336,168177.0
2026-08-31T14:40:00-04:00,97.9800033569336,98.07499694824219,97.9749984741211,98.05500030517578,94642.0
2026-08-31T14:45:00-04:00,98.05999755859375,98.25,98.05500030517578,98.23999786376953,116009.0
2026-08-31T14:50:00-04:00,98.23999786376953,98.30999755859375,98.19000244140625,98.22000122070312,149012.0
2026-08-31T14:55:00-04:00,98.20999908447266,98.20999908447266,98.10749816894531,98.125,55672.0
2026-08-31T15:00:00-04:00,98.12999725341797,98.20999908447266,98.12000274658203,98.19000244140625,58505.0
2026-08-31T15:05:00-04:00,98.18499755859375,98.28500366210938,98.17410278320312,98.26499938964844,76208.0
2026-08-31T15:10:00-04:00,98.26499938964844,98.27999877929688,98.12999725341797,98.26499938964844,97587.0
2026-08-31T15:15:00-04:00,98.26499938964844,98.34500122070312,98.25,98.25,62405.0
2026-08-31T15:20:00-04:00,98.24500274658203,98.38500213623047,98.19999694824219,98.38500213623047,102501.0
2026-08-31T15:25:00-04:00,98.38500213623047,98.48999786376953,98.37000274658203,98.45999908447266,108296.0
2026-08-31T15:30:00-04:00,98.46499633789062,98.51499938964844,98.44499969482422,98.48500061035156,127831.0
2026-08-31T15:35:00-04:00,98.4800033569336,98.58499908447266,98.43499755859375,98.45500183105469,189614.0
2026-08-31T15:40:00-04:00,98.44999694824219,98.5199966430664,98.37000274658203,98.50499725341797,170295.0
2026-08-31T15:45:00-04:00,98.5,98.70999908447266,98.4800033569336,98.69999694824219,218697.0
2026-08-31T15:50:00-04:00,98.70999908447266,98.7699966430664,98.34500122070312,98.53500366210938,559634.0
2026-08-31T15:55:00-04:00,98.53500366210938,98.61000061035156,98.33000183105469,98.52999877929688,1090538.0
2026-09-01T09:30:00-04:00,95.15499877929688,96.02999877929688,94.58000183105469,95.88500213623047,3241711.0
2026-09-01T09:35:00-04:00,95.93000030517578,96.05000305175781,95.20050048828125,95.73999786376953,677738.0
2026-09-01T09:40:00-04:00,95.75,96.0,95.5199966430664,95.9000015258789,401932.0
2026-09-01T09:45:00-04:00,95.87999725341797,96.06999969482422,95.6449966430664,96.0199966430664,532301.0
2026-09-01T09:50:00-04:00,96.01000213623047,96.08000183105469,95.6500015258789,95.76000213623047,419061.0
2026-09-01T09:55:00-04:00,95.79499816894531,96.31999969482422,95.70999908447266,96.2750015258789,591323.0
2026-09-01T10:00:00-04:00,96.31999969482422,96.5250015258789,96.02999877929688,96.33999633789062,556274.0
2026-09-01T10:05:00-04:00,96.33499908447266,97.37000274658203,96.33499908447266,97.31800079345703,616282.0
2026-09-01T10:10:00-04:00,97.30999755859375,97.59500122070312,97.11000061035156,97.58999633789062,279648.0
2026-09-01T10:15:00-04:00,97.5999984741211,97.98999786376953,97.56999969482422,97.91999816894531,699145.0
2026-09-01T10:20:00-04:00,97.95999908447266,98.26000213623047,97.9000015258789,98.0199966430664,563576.0
2026-09-01T10:25:00-04:00,98.01000213623047,98.06999969482422,97.66999816894531,97.69999694824219,421553.0
2026-09-01T10:30:00-04:00,97.68000030517578,97.79000091552734,97.44999694824219,97.58999633789062,188672.0
2026-09-01T10:35:00-04:00,97.5999984741211,97.71499633789062,97.25,97.27999877929688,232203.0
2026-09-01T10:40:00-04:00,97.2750015258789,97.44999694824219,97.05999755859375,97.0999984741211,150343.0
2026-09-01T10:45:00-04:00,97.11000061035156,97.22850036621094,96.7300033569336,96.7300033569336,197169.0
2026-09-01T10:50:00-04:00,96.73999786376953,96.95999908447266,96.7300033569336,96.75509643554688,145600.0
2026-09-01T10:55:00-04:00,96.76000213623047,96.81600189208984,96.55049896240234,96.7699966430664,263336.0
2026-09-01T11:00:00-04:00,96.77999877929688,96.8396987915039,96.33999633789062,96.37000274658203,173289.0
2026-09-01T11:05:00-04:00,96.36000061035156,96.44999694824219,96.22000122070312,96.37000274658203,186989.0
2026-09-01T11:10:00-04:00,96.36000061035156,96.44000244140625,96.08999633789062,96.08999633789062,209882.0
2026-09-01T11:15:00-04:00,96.08999633789062,96.3550033569336,96.01499938964844,96.27999877929688,153302.0
2026-09-01T11:20:00-04:00,96.27999877929688,96.44999694824219,96.25,96.36000061035156,123676.0
2026-09-01T11:25:00-04:00,96.36000061035156,96.4000015258789,96.07499694824219,96.4000015258789,202468.0
2026-09-01T11:30:00-04:00,96.41999816894531,96.58999633789062,96.32009887695312,96.5,318100.0
2026-09-01T11:35:00-04:00,96.4800033569336,96.68000030517578,96.41000366210938,96.625,185931.0
2026-09-01T11:40:00-04:00,96.62000274658203,96.75,96.4800033569336,96.72000122070312,167095.0
2026-09-01T11:45:00-04:00,96.75,96.81999969482422,96.66999816894531,96.80999755859375,122717.0
2026-09-01T11:50:00-04:00,96.79000091552734,96.91000366210938,96.73999786376953,96.9000015258789,137373.0
2026-09-01T11:55:00-04:00,96.88999938964844,96.91000366210938,96.7249984741211,96.8499984741211,76436.0
2026-09-01T12:00:00-04:00,96.86000061035156,96.9000015258789,96.77999877929688,96.8499984741211,69067.0
2026-09-01T12:05:00-04:00,96.83999633789062,96.91500091552734,96.72989654541016,96.73500061035156,98584.0
2026-09-01T12:10:00-04:00,96.73999786376953,96.75,96.41000366210938,96.41999816894531,197518.0
2026-09-01T12:15:00-04:00,96.41400146484375,96.5,96.31999969482422,96.33999633789062,243598.0
2026-09-01T12:20:00-04:00,96.33000183105469,96.33000183105469,96.11000061035156,96.13999938964844,126555.0
2026-09-01T12:25:00-04:00,96.12999725341797,96.19999694824219,96.0199966430664,96.05999755859375,118709.0
2026-09-01T12:30:00-04:00,96.04000091552734,96.06999969482422,95.69999694824219,95.76000213623047,237260.0
2026-09-01T12:35:00-04:00,95.7699966430664,96.25499725341797,95.7699966430664,96.23999786376953,138771.0
2026-09-01T12:40:00-04:00,96.24500274658203,96.44999694824219,96.19999694824219,96.30000305175781,136426.0
2026-09-01T12:45:00-04:00,96.30000305175781,96.41629791259766,96.27999877929688,96.4000015258789,95061.0
2026-09-01T12:50:00-04:00,96.4000015258789,96.58999633789062,96.37999725341797,96.47000122070312,82885.0
2026-09-01T12:55:00-04:00,96.47000122070312,96.54000091552734,96.33000183105469,96.33999633789062,96376.0
2026-09-01T13:00:00-04:00,96.33999633789062,96.37860107421875,96.16000366210938,96.16500091552734,111006.0
2026-09-01T13:05:00-04:00,96.16000366210938,96.25,96.12000274658203,96.23999786376953,94408.0
2026-09-01T13:10:00-04:00,96.23999786376953,96.25,96.12000274658203,96.22000122070312,229059.0
2026-09-01T13:15:00-04:00,96.20999908447266,96.23999786376953,96.05000305175781,96.12000274658203,270797.0
2026-09-01T13:20:00-04:00,96.11000061035156,96.19999694824219,96.06999969482422,96.16000366210938,176885.0
2026-09-01T13:25:00-04:00,96.16000366210938,96.33000183105469,96.0199966430664,96.33000183105469,217407.0
2026-09-01T13:30:00-04:00,96.31999969482422,96.5199966430664,96.31999969482422,96.36990356445312,175508.0
2026-09-01T13:35:00-04:00,96.36000061035156,96.47000122070312,96.36000061035156,96.38999938964844,77417.0
2026-09-01T13:40:00-04:00,96.38999938964844,96.44000244140625,96.25499725341797,96.28500366210938,122824.0
2026-09-01T13:45:00-04:00,96.27999877929688,96.30500030517578,96.22000122070312,96.23500061035156,107403.0
2026-09-01T13:50:00-04:00,96.23500061035156,96.25,95.91500091552734,96.03500366210938,250155.0
2026-09-01T13:55:00-04:00,96.03500366210938,96.11499786376953,95.9800033569336,96.00499725341797,124544.0
2026-09-01T14:00:00-04:00,96.0,96.11380004882812,95.7249984741211,95.75499725341797,196941.0
2026-09-01T14:05:00-04:00,95.75499725341797,95.84130096435547,95.70500183105469,95.72000122070312,227433.0
2026-09-01T14:10:00-04:00,95.69999694824219,95.7699966430664,95.66999816894531,95.70999908447266,131106.0
2026-09-01T14:15:00-04:00,95.72000122070312,95.9000015258789,95.71499633789062,95.87000274658203,157804.0
2026-09-01T14:20:00-04:00,95.87000274658203,95.88999938964844,95.74189758300781,95.76000213623047,164513.0
2026-09-01T14:25:00-04:00,95.75,95.75499725341797,95.5,95.53500366210938,201168.0
2026-09-01T14:30:00-04:00,95.52999877929688,95.54000091552734,95.3949966430664,95.44499969482422,268361.0
2026-09-01T14:35:00-04:00,95.44000244140625,95.4800033569336,95.23750305175781,95.28500366210938,219390.0
2026-09-01T14:40:00-04:00,95.28500366210938,95.36000061035156,95.18499755859375,95.2300033569336,195202.0
2026-09-01T14:45:00-04:00,95.23500061035156,95.51499938964844,95.2020034790039,95.49500274658203,225377.0
2026-09-01T14:50:00-04:00,95.5,95.69000244140625,95.43499755859375,95.47000122070312,181970.0
2026-09-01T14:55:00-04:00,95.47000122070312,95.72000122070312,95.45500183105469,95.66000366210938,127378.0
2026-09-01T15:00:00-04:00,95.6500015258789,95.7300033569336,95.55999755859375,95.62000274658203,153897.0
2026-09-01T15:05:00-04:00,95.62999725341797,95.69000244140625,95.48500061035156,95.54000091552734,118235.0
2026-09-01T15:10:00-04:00,95.54000091552734,95.63500213623047,95.48500061035156,95.58999633789062,155452.0
2026-09-01T15:15:00-04:00,95.58999633789062,95.62000274658203,95.43000030517578,95.4749984741211,138985.0
2026-09-01T15:20:00-04:00,95.47000122070312,95.50499725341797,95.38999938964844,95.41000366210938,139892.0
2026-09-01T15:25:00-04:00,95.41500091552734,95.50499725341797,95.41500091552734,95.4749984741211,200276.0
2026-09-01T15:30:00-04:00,95.4749984741211,95.4749984741211,95.24500274658203,95.30500030517578,317801.0
2026-09-01T15:35:00-04:00,95.30500030517578,95.41500091552734,95.18499755859375,95.19999694824219,305764.0
2026-09-01T15:40:00-04:00,95.19999694824219,95.27999877929688,95.02999877929688,95.04000091552734,387007.0
2026-09-01T15:45:00-04:00,95.04000091552734,95.12000274658203,94.86499786376953,94.93000030517578,521588.0
2026-09-01T15:50:00-04:00,94.93000030517578,94.95999908447266,94.68000030517578,94.80000305175781,1470294.0
2026-09-01T15:55:00-04:00,94.80000305175781,94.87000274658203,94.48999786376953,94.69000244140625,2993747.0
2026-09-02T09:30:00-04:00,96.95999908447266,98.33999633789062,96.93000030517578,98.25,2260543.0
2026-09-02T09:35:00-04:00,98.26000213623047,98.36000061035156,97.01000213623047,97.65249633789062,509676.0
2026-09-02T09:40:00-04:00,97.66999816894531,98.23999786376953,97.51000213623047,98.16500091552734,594169.0
2026-09-02T09:45:00-04:00,98.16000366210938,98.19000244140625,97.66000366210938,97.66000366210938,394683.0
2026-09-02T09:50:00-04:00,97.66000366210938,97.98999786376953,97.62000274658203,97.97000122070312,223735.0
2026-09-02T09:55:00-04:00,97.9800033569336,97.9800033569336,97.6050033569336,97.87999725341797,231206.0
2026-09-02T10:00:00-04:00,97.87000274658203,98.3499984741211,97.69999694824219,98.3499984741211,496488.0
2026-09-02T10:05:00-04:00,98.3499984741211,98.76000213623047,98.30000305175781,98.33000183105469,691046.0
2026-09-02T10:10:00-04:00,98.32499694824219,98.70999908447266,98.1500015258789,98.31999969482422,378844.0
2026-09-02T10:15:00-04:00,98.31999969482422,98.4000015258789,97.97000122070312,98.12000274658203,333613.0
2026-09-02T10:20:00-04:00,98.11000061035156,98.41197204589844,97.75,97.76000213623047,271328.0
2026-09-02T10:25:00-04:00,97.75,97.83999633789062,97.5,97.63999938964844,229703.0
2026-09-02T10:30:00-04:00,97.62999725341797,97.63999938964844,97.31999969482422,97.3499984741211,233941.0
2026-09-02T10:35:00-04:00,97.3550033569336,97.50499725341797,97.3550033569336,97.41000366210938,178232.0
2026-09-02T10:40:00-04:00,97.41999816894531,97.69999694824219,97.31999969482422,97.68800354003906,1211358.0
2026-09-02T10:45:00-04:00,97.69999694824219,97.72000122070312,97.25,97.52999877929688,187013.0
2026-09-02T10:50:00-04:00,97.54000091552734,97.5999984741211,97.30500030517578,97.43499755859375,676262.0
2026-09-02T10:55:00-04:00,97.44000244140625,97.54000091552734,97.37999725341797,97.54000091552734,133164.0
2026-09-02T11:00:00-04:00,97.52999877929688,97.5999984741211,97.33999633789062,97.45999908447266,166281.0
2026-09-02T11:05:00-04:00,97.45999908447266,97.69000244140625,97.2699966430664,97.34700012207031,123080.0
2026-09-02T11:10:00-04:00,97.34500122070312,97.34500122070312,96.97010040283203,96.97010040283203,182261.0
2026-09-02T11:15:00-04:00,96.9800033569336,97.0199966430664,96.7699966430664,97.0199966430664,187738.0
2026-09-02T11:20:00-04:00,97.0199966430664,97.0199966430664,96.68000030517578,96.91500091552734,216873.0
2026-09-02T11:25:00-04:00,96.91999816894531,97.12000274658203,96.83000183105469,97.11000061035156,196806.0
2026-09-02T11:30:00-04:00,97.13990020751953,97.2300033569336,97.0,97.0199966430664,134554.0
2026-09-02T11:35:00-04:00,97.0199966430664,97.09750366210938,96.80000305175781,96.88999938964844,105651.0
2026-09-02T11:40:00-04:00,96.9000015258789,96.98999786376953,96.60009765625,96.60009765625,98014.0
2026-09-02T11:45:00-04:00,96.5999984741211,96.71499633789062,96.47000122070312,96.69000244140625,120092.0
2026-09-02T11:50:00-04:00,96.68000030517578,96.77999877929688,96.66999816894531,96.70999908447266,86434.0
2026-09-02T11:55:00-04:00,96.72000122070312,97.19000244140625,96.69999694824219,97.16999816894531,104312.0
2026-09-02T12:00:00-04:00,97.16000366210938,97.16000366210938,96.93000030517578,96.95999908447266,85456.0
2026-09-02T12:05:00-04:00,96.97000122070312,96.98999786376953,96.83000183105469,96.86969757080078,58878.0
2026-09-02T12:10:00-04:00,96.86000061035156,97.0,96.86000061035156,96.98999786376953,54151.0
2026-09-02T12:15:00-04:00,96.98999786376953,97.0,96.87999725341797,96.94999694824219,80356.0
2026-09-02T12:20:00-04:00,96.95999908447266,97.04989624023438,96.91999816894531,96.98999786376953,46751.0
2026-09-02T12:25:00-04:00,96.9800033569336,96.99500274658203,96.87000274658203,96.9000015258789,78929.0
2026-09-02T12:30:00-04:00,96.9000015258789,97.00499725341797,96.74500274658203,96.75,69636.0
2026-09-02T12:35:00-04:00,96.73999786376953,96.83999633789062,96.73999786376953,96.79499816894531,70352.0
2026-09-02T12:40:00-04:00,96.79000091552734,96.79000091552734,96.59100341796875,96.61000061035156,92491.0
2026-09-02T12:45:00-04:00,96.60009765625,96.69000244140625,96.45999908447266,96.47000122070312,161831.0
2026-09-02T12:50:00-04:00,96.4800033569336,96.76000213623047,96.30000305175781,96.7249984741211,266131.0
2026-09-02T12:55:00-04:00,96.7300033569336,96.93710327148438,96.7300033569336,96.89900207519531,96983.0
2026-09-02T13:00:00-04:00,96.9000015258789,97.0,96.88999938964844,96.97000122070312,76777.0
2026-09-02T13:05:00-04:00,96.9800033569336,96.99500274658203,96.91000366210938,96.95010375976562,75374.0
2026-09-02T13:10:00-04:00,96.95500183105469,96.98999786376953,96.87000274658203,96.88500213623047,83915.0
2026-09-02T13:15:00-04:00,96.88500213623047,96.91000366210938,96.63999938964844,96.70999908447266,68747.0
2026-09-02T13:20:00-04:00,96.70999908447266,96.73999786376953,96.66000366210938,96.68000030517578,49400.0
2026-09-02T13:25:00-04:00,96.67500305175781,96.86000061035156,96.63999938964844,96.86000061035156,102331.0
2026-09-02T13:30:00-04:00,96.87000274658203,96.94000244140625,96.80000305175781,96.81999969482422,148255.0
2026-09-02T13:35:00-04:00,96.80500030517578,96.81999969482422,96.73999786376953,96.75499725341797,57850.0
2026-09-02T13:40:00-04:00,96.75499725341797,97.08999633789062,96.71499633789062,97.08000183105469,138183.0
2026-09-02T13:45:00-04:00,97.08000183105469,97.36000061035156,97.05999755859375,97.13899993896484,172576.0
2026-09-02T13:50:00-04:00,97.13500213623047,97.18000030517578,97.03500366210938,97.04000091552734,73011.0
2026-09-02T13:55:00-04:00,97.04499816894531,97.13999938964844,97.04000091552734,97.12000274658203,49518.0
2026-09-02T14:00:00-04:00,97.12999725341797,97.16649627685547,96.87000274658203,96.98500061035156,86825.0
2026-09-02T14:05:00-04:00,96.97000122070312,97.11499786376953,96.94000244140625,96.94499969482422,130243.0
2026-09-02T14:10:00-04:00,96.94499969482422,96.94999694824219,96.77169799804688,96.79000091552734,95863.0
2026-09-02T14:15:00-04:00,96.7699966430664,97.23999786376953,96.75499725341797,97.08999633789062,194681.0
2026-09-02T14:20:00-04:00,97.05000305175781,97.05000305175781,96.76000213623047,96.77999877929688,66516.0
2026-09-02T14:25:00-04:00,96.79000091552734,96.81999969482422,96.66999816894531,96.80999755859375,57010.0
2026-09-02T14:30:00-04:00,96.80999755859375,96.91000366210938,96.7300033569336,96.88999938964844,234557.0
2026-09-02T14:35:00-04:00,96.8949966430664,96.93499755859375,96.80000305175781,96.88999938964844,135001.0
2026-09-02T14:40:00-04:00,96.8949966430664,96.91000366210938,96.70500183105469,96.7300033569336,384386.0
2026-09-02T14:45:00-04:00,96.7300033569336,96.7750015258789,96.67500305175781,96.70500183105469,94752.0
2026-09-02T14:50:00-04:00,96.69999694824219,96.74500274658203,96.62000274658203,96.62999725341797,143879.0
2026-09-02T14:55:00-04:00,96.63999938964844,96.67520141601562,96.48999786376953,96.54499816894531,78054.0
2026-09-02T15:00:00-04:00,96.55999755859375,96.61000061035156,96.4800033569336,96.58000183105469,94326.0
2026-09-02T15:05:00-04:00,96.58499908447266,96.73999786376953,96.5739974975586,96.72000122070312,74249.0
2026-09-02T15:10:00-04:00,96.72000122070312,96.79499816894531,96.69000244140625,96.73999786376953,65256.0
2026-09-02T15:15:00-04:00,96.7300033569336,96.93499755859375,96.7300033569336,96.91999816894531,189000.0
2026-09-02T15:20:00-04:00,96.91999816894531,97.01499938964844,96.86499786376953,96.95500183105469,92274.0
2026-09-02T15:25:00-04:00,96.95500183105469,97.16500091552734,96.95500183105469,97.12000274658203,122549.0
2026-09-02T15:30:00-04:00,97.13999938964844,97.25,97.09500122070312,97.12000274658203,161248.0
2026-09-02T15:35:00-04:00,97.11499786376953,97.16999816894531,97.05000305175781,97.16999816894531,194388.0
2026-09-02T15:40:00-04:00,97.16500091552734,97.36000061035156,97.13500213623047,97.29499816894531,325017.0
2026-09-02T15:45:00-04:00,97.29000091552734,97.44000244140625,97.19499969482422,97.37000274658203,326721.0
2026-09-02T15:50:00-04:00,97.36499786376953,97.5999984741211,97.29000091552734,97.5,902742.0
2026-09-02T15:55:00-04:00,97.5,97.66000366210938,97.40499877929688,97.61000061035156,1490716.0
2026-09-03T09:30:00-04:00,100.68000030517578,100.87999725341797,100.0,100.08999633789062,3374743.0
2026-09-03T09:35:00-04:00,100.04000091552734,100.22000122070312,99.68000030517578,99.69999694824219,467876.0
2026-09-03T09:40:00-04:00,99.70999908447266,100.06999969482422,99.44999694824219,100.0199966430664,353144.0
2026-09-03T09:45:00-04:00,100.01000213623047,100.05500030517578,99.05999755859375,99.16000366210938,439807.0
2026-09-03T09:50:00-04:00,99.19000244140625,99.73999786376953,99.19000244140625,99.56999969482422,334667.0
2026-09-03T09:55:00-04:00,99.56999969482422,99.77189636230469,99.4000015258789,99.75,249955.0
2026-09-03T10:00:00-04:00,99.7300033569336,99.76000213623047,99.22000122070312,99.55000305175781,344115.0
2026-09-03T10:05:00-04:00,99.55899810791016,99.8550033569336,99.4800033569336,99.54000091552734,283331.0
2026-09-03T10:10:00-04:00,99.52999877929688,99.80000305175781,99.41000366210938,99.56999969482422,253158.0
2026-09-03T10:15:00-04:00,99.56999969482422,99.7499008178711,99.54000091552734,99.69509887695312,270809.0
2026-09-03T10:20:00-04:00,99.72000122070312,99.81999969482422,99.4749984741211,99.66000366210938,219354.0
2026-09-03T10:25:00-04:00,99.66000366210938,99.83499908447266,99.45999908447266,99.80000305175781,246132.0
2026-09-03T10:30:00-04:00,99.80999755859375,100.04000091552734,99.7300033569336,99.73999786376953,320330.0
2026-09-03T10:35:00-04:00,99.75,99.95999908447266,99.67500305175781,99.72270202636719,177875.0
2026-09-03T10:40:00-04:00,99.7300033569336,99.83999633789062,99.61000061035156,99.81999969482422,170761.0
2026-09-03T10:45:00-04:00,99.83000183105469,100.36499786376953,99.83000183105469,100.08000183105469,252028.0
2026-09-03T10:50:00-04:00,100.07499694824219,100.375,100.06999969482422,100.29000091552734,402765.0
2026-09-03T10:55:00-04:00,100.29000091552734,100.58499908447266,99.93000030517578,100.58499908447266,445004.0
2026-09-03T11:00:00-04:00,100.58999633789062,101.0250015258789,100.52999877929688,100.95999908447266,378754.0
2026-09-03T11:05:00-04:00,100.95999908447266,101.05999755859375,100.65499877929688,100.66000366210938,319924.0
2026-09-03T11:10:00-04:00,100.66000366210938,100.66999816894531,100.41999816894531,100.62999725341797,365253.0
2026-09-03T11:15:00-04:00,100.63500213623047,101.11000061035156,100.63500213623047,101.03199768066406,301119.0
2026-09-03T11:20:00-04:00,101.02999877929688,101.30999755859375,101.0199966430664,101.12999725341797,315585.0
2026-09-03T11:25:00-04:00,101.12999725341797,101.33000183105469,101.09500122070312,101.29000091552734,237388.0
2026-09-03T11:30:00-04:00,101.30000305175781,101.37999725341797,100.9800033569336,101.11000061035156,278957.0
2026-09-03T11:35:00-04:00,101.1050033569336,101.19499969482422,100.86499786376953,100.95999908447266,108300.0
2026-09-03T11:40:00-04:00,100.94999694824219,101.15499877929688,100.91999816894531,101.05000305175781,146514.0
2026-09-03T11:45:00-04:00,101.04499816894531,101.12999725341797,100.7300033569336,100.79000091552734,105398.0
2026-09-03T11:50:00-04:00,100.78500366210938,100.83000183105469,100.58000183105469,100.5999984741211,216194.0
2026-09-03T11:55:00-04:00,100.59500122070312,100.74500274658203,100.5,100.7300033569336,156337.0
2026-09-03T12:00:00-04:00,100.7300033569336,100.7750015258789,100.56999969482422,100.61000061035156,100112.0
2026-09-03T12:05:00-04:00,100.61000061035156,100.76000213623047,100.52999877929688,100.56999969482422,103965.0
2026-09-03T12:10:00-04:00,100.58000183105469,100.79000091552734,100.58000183105469,100.71499633789062,123063.0
2026-09-03T12:15:00-04:00,100.73999786376953,100.8102035522461,100.69999694824219,100.73999786376953,76986.0
2026-09-03T12:20:00-04:00,100.76000213623047,100.7699966430664,100.58499908447266,100.66999816894531,63160.0
2026-09-03T12:25:00-04:00,100.68000030517578,100.83000183105469,100.62000274658203,100.81999969482422,96084.0
2026-09-03T12:30:00-04:00,100.81999969482422,100.91500091552734,100.69000244140625,100.7300033569336,73888.0
2026-09-03T12:35:00-04:00,100.72000122070312,100.75,100.62999725341797,100.72000122070312,85227.0
2026-09-03T12:40:00-04:00,100.7300033569336,100.76499938964844,100.56999969482422,100.56999969482422,91394.0
2026-09-03T12:45:00-04:00,100.57099914550781,100.75,100.57099914550781,100.7300033569336,85119.0
2026-09-03T12:50:00-04:00,100.7300033569336,100.7300033569336,100.62000274658203,100.66999816894531,61006.0
2026-09-03T12:55:00-04:00,100.66999816894531,100.75,100.6500015258789,100.70999908447266,125886.0
2026-09-03T13:00:00-04:00,100.73799896240234,100.9800033569336,100.69000244140625,100.97000122070312,124892.0
2026-09-03T13:05:00-04:00,100.97000122070312,101.0199966430664,100.91000366210938,100.94999694824219,96623.0
2026-09-03T13:10:00-04:00,100.94999694824219,101.06999969482422,100.94999694824219,101.0199966430664,92371.0
2026-09-03T13:15:00-04:00,101.0199966430664,101.0199966430664,100.77999877929688,100.91000366210938,140861.0
2026-09-03T13:20:00-04:00,100.9000015258789,101.00499725341797,100.875,100.9800033569336,204701.0
2026-09-03T13:25:00-04:00,100.9800033569336,101.21499633789062,100.9800033569336,101.19499969482422,228912.0
2026-09-03T13:30:00-04:00,101.19000244140625,101.32499694824219,101.18879699707031,101.2249984741211,151543.0
2026-09-03T13:35:00-04:00,101.2300033569336,101.37000274658203,101.19499969482422,101.33499908447266,138827.0
2026-09-03T13:40:00-04:00,101.33499908447266,101.33499908447266,101.2300033569336,101.25499725341797,94866.0
2026-09-03T13:45:00-04:00,101.2500991821289,101.30999755859375,101.19999694824219,101.2249984741211,76325.0
2026-09-03T13:50:00-04:00,101.19999694824219,101.22000122070312,101.11000061035156,101.12999725341797,62997.0
2026-09-03T13:55:00-04:00,101.08499908447266,101.09500122070312,100.96499633789062,101.05500030517578,151038.0
2026-09-03T14:00:00-04:00,101.05500030517578,101.13500213623047,100.98500061035156,100.98999786376953,139502.0
2026-09-03T14:05:00-04:00,100.99500274658203,101.04000091552734,100.87999725341797,100.9749984741211,114810.0
2026-09-03T14:10:00-04:00,100.9800033569336,100.98999786376953,100.83999633789062,100.83999633789062,202216.0
2026-09-03T14:15:00-04:00,100.83499908447266,100.88999938964844,100.77999877929688,100.83000183105469,178679.0
2026-09-03T14:20:00-04:00,100.81999969482422,100.87000274658203,100.76000213623047,100.8499984741211,177357.0
2026-09-03T14:25:00-04:00,100.83499908447266,100.91000366210938,100.76000213623047,100.76000213623047,155445.0
2026-09-03T14:30:00-04:00,100.76000213623047,100.83000183105469,100.63999938964844,100.82499694824219,174047.0
2026-09-03T14:35:00-04:00,100.81999969482422,100.91999816894531,100.80000305175781,100.8499984741211,145311.0
2026-09-03T14:40:00-04:00,100.8499984741211,100.87000274658203,100.79000091552734,100.83000183105469,159502.0
2026-09-03T14:45:00-04:00,100.81999969482422,100.87999725341797,100.72000122070312,100.73999786376953,143698.0
2026-09-03T14:50:00-04:00,100.73500061035156,100.78500366210938,100.68000030517578,100.7699966430664,120373.0
2026-09-03T14:55:00-04:00,100.7750015258789,100.86499786376953,100.70999908447266,100.86499786376953,125851.0
2026-09-03T15:00:00-04:00,100.86000061035156,100.94999694824219,100.84500122070312,100.8949966430664,109300.0
2026-09-03T15:05:00-04:00,100.8949966430664,100.96499633789062,100.83999633789062,100.94499969482422,181146.0
2026-09-03T15:10:00-04:00,100.94499969482422,101.0,100.83509826660156,100.84500122070312,178199.0
2026-09-03T15:15:00-04:00,100.84500122070312,101.0250015258789,100.83499908447266,101.01000213623047,118988.0
2026-09-03T15:20:00-04:00,101.01000213623047,101.05999755859375,100.94999694824219,100.95500183105469,149601.0
2026-09-03T15:25:00-04:00,100.95500183105469,101.05999755859375,100.91999816894531,101.05999755859375,222458.0
2026-09-03T15:30:00-04:00,101.05999755859375,101.19000244140625,101.02010345458984,101.11000061035156,388519.0
2026-09-03T15:35:00-04:00,101.11000061035156,101.25,101.1050033569336,101.23999786376953,298456.0
2026-09-03T15:40:00-04:00,101.23999786376953,101.5199966430664,101.23999786376953,101.44000244140625,732478.0
2026-09-03T15:45:00-04:00,101.44000244140625,101.62000274658203,101.375,101.56999969482422,783183.0
2026-09-03T15:50:00-04:00,101.58000183105469,101.58000183105469,100.94999694824219,101.5199966430664,921963.0
2026-09-03T15:55:00-04:00,101.52999877929688,101.70999908447266,101.29000091552734,101.45999908447266,2478776.0
2026-09-04T09:30:00-04:00,98.75,99.76000213623047,98.2500991821289,98.27999877929688,3778929.0
2026-09-04T09:35:00-04:00,98.27999877929688,98.875,98.01000213623047,98.08000183105469,720974.0
2026-09-04T09:40:00-04:00,98.0999984741211,99.43499755859375,98.04000091552734,99.42500305175781,483798.0
2026-09-04T09:45:00-04:00,99.41000366210938,99.7249984741211,99.16324615478516,99.70999908447266,572195.0
2026-09-04T09:50:00-04:00,99.70999908447266,99.72000122070312,98.66000366210938,98.73999786376953,367863.0
2026-09-04T09:55:00-04:00,98.73999786376953,98.93499755859375,98.68000030517578,98.7300033569336,243186.0
2026-09-04T10:00:00-04:00,98.7300033569336,99.02999877929688,98.7300033569336,99.0250015258789,189522.0
2026-09-04T10:05:00-04:00,99.02999877929688,99.08000183105469,98.62999725341797,98.96499633789062,155569.0
2026-09-04T10:10:00-04:00,98.94999694824219,99.44999694824219,98.8499984741211,99.37999725341797,252645.0
2026-09-04T10:15:00-04:00,99.37999725341797,99.48999786376953,99.11000061035156,99.26000213623047,160689.0
2026-09-04T10:20:00-04:00,99.25,99.36000061035156,99.08999633789062,99.25,146449.0
2026-09-04T10:25:00-04:00,99.25,99.44999694824219,99.20600128173828,99.27200317382812,99896.0
2026-09-04T10:30:00-04:00,99.27999877929688,99.6500015258789,99.2699966430664,99.56999969482422,198639.0
2026-09-04T10:35:00-04:00,99.57499694824219,99.6500015258789,99.19999694824219,99.26000213623047,121731.0
2026-09-04T10:40:00-04:00,99.23999786376953,99.33999633789062,99.05000305175781,99.27999877929688,152788.0
2026-09-04T10:45:00-04:00,99.2699966430664,99.44999694824219,98.98999786376953,99.30999755859375,128741.0
2026-09-04T10:50:00-04:00,99.30000305175781,99.33185577392578,98.94999694824219,98.98999786376953,132484.0
2026-09-04T10:55:00-04:00,98.98999786376953,99.43000030517578,98.98999786376953,99.41000366210938,107006.0
2026-09-04T11:00:00-04:00,99.44000244140625,99.55999755859375,99.22000122070312,99.55999755859375,180145.0
2026-09-04T11:05:00-04:00,99.5510025024414,99.8499984741211,99.53500366210938,99.72000122070312,247427.0
2026-09-04T11:10:00-04:00,99.7300033569336,99.9000015258789,99.6500015258789,99.88999938964844,141088.0
2026-09-04T11:15:00-04:00,99.8988037109375,100.05999755859375,99.8550033569336,100.05999755859375,270979.0
2026-09-04T11:20:00-04:00,100.08000183105469,100.0999984741211,99.70999908447266,99.78500366210938,161419.0
2026-09-04T11:25:00-04:00,99.77999877929688,99.97000122070312,99.77999877929688,99.81999969482422,104894.0
2026-09-04T11:30:00-04:00,99.83000183105469,99.94000244140625,99.7300033569336,99.81999969482422,101101.0
2026-09-04T11:35:00-04:00,99.80999755859375,99.82499694824219,99.6500015258789,99.68000030517578,126637.0
2026-09-04T11:40:00-04:00,99.66999816894531,99.98500061035156,99.62999725341797,99.98500061035156,192650.0
2026-09-04T11:45:00-04:00,99.9800033569336,100.0,99.80999755859375,99.875,65931.0
2026-09-04T11:50:00-04:00,99.87999725341797,100.04499816894531,99.81009674072266,99.81009674072266,77600.0
2026-09-04T11:55:00-04:00,99.81999969482422,99.91999816894531,99.65499877929688,99.69000244140625,78829.0
2026-09-04T12:00:00-04:00,99.69999694824219,99.81999969482422,99.66999816894531,99.81999969482422,56441.0
2026-09-04T12:05:00-04:00,99.81999969482422,99.83999633789062,99.45999908447266,99.45999908447266,154444.0
2026-09-04T12:10:00-04:00,99.47000122070312,99.66919708251953,99.41590118408203,99.6500015258789,108325.0
2026-09-04T12:15:00-04:00,99.63999938964844,99.83999633789062,99.58000183105469,99.81729888916016,103707.0
2026-09-04T12:20:00-04:00,99.80999755859375,99.8499984741211,99.67400360107422,99.73999786376953,89669.0
2026-09-04T12:25:00-04:00,99.74500274658203,99.7699966430664,99.55000305175781,99.61000061035156,58654.0
2026-09-04T12:30:00-04:00,99.5999984741211,99.77999877929688,99.55000305175781,99.7699966430664,74942.0
2026-09-04T12:35:00-04:00,99.7699966430664,99.81999969482422,99.59500122070312,99.66999816894531,76056.0
2026-09-04T12:40:00-04:00,99.68000030517578,99.79000091552734,99.625,99.70999908447266,41726.0
2026-09-04T12:45:00-04:00,99.70999908447266,99.7699966430664,99.66999816894531,99.72000122070312,34167.0
2026-09-04T12:50:00-04:00,99.7300033569336,99.73999786376953,99.56009674072266,99.61499786376953,74132.0
2026-09-04T12:55:00-04:00,99.61499786376953,99.69000244140625,99.58999633789062,99.66999816894531,69451.0
2026-09-04T13:00:00-04:00,99.65499877929688,99.66999816894531,99.5199966430664,99.58000183105469,102423.0
2026-09-04T13:05:00-04:00,99.57499694824219,99.7300033569336,99.55999755859375,99.62999725341797,102410.0
2026-09-04T13:10:00-04:00,99.62999725341797,99.73999786376953,99.62999725341797,99.72000122070312,93769.0
2026-09-04T13:15:00-04:00,99.71499633789062,99.8499984741211,99.6500015258789,99.80999755859375,122836.0
2026-09-04T13:20:00-04:00,99.83000183105469,99.87999725341797,99.65010070800781,99.72000122070312,53066.0
2026-09-04T13:25:00-04:00,99.72000122070312,99.72989654541016,99.54000091552734,99.55999755859375,54224.0
2026-09-04T13:30:00-04:00,99.55500030517578,99.55999755859375,99.4000015258789,99.4800033569336,145269.0
2026-09-04T13:35:00-04:00,99.4800033569336,99.6500015258789,99.44999694824219,99.56500244140625,78850.0
2026-09-04T13:40:00-04:00,99.56500244140625,99.56500244140625,99.41000366210938,99.41999816894531,83590.0
2026-09-04T13:45:00-04:00,99.41999816894531,99.44499969482422,99.33999633789062,99.35009765625,122118.0
2026-09-04T13:50:00-04:00,99.33999633789062,99.36499786376953,99.23500061035156,99.25,91421.0
2026-09-04T13:55:00-04:00,99.25,99.2699966430664,99.18000030517578,99.19000244140625,84486.0
2026-09-04T14:00:00-04:00,99.19000244140625,99.29000091552734,99.0999984741211,99.18000030517578,175117.0
2026-09-04T14:05:00-04:00,99.17500305175781,99.30500030517578,99.1449966430664,99.29000091552734,74369.0
2026-09-04T14:10:00-04:00,99.30000305175781,99.3499984741211,99.25,99.31999969482422,54910.0
2026-09-04T14:15:00-04:00,99.33000183105469,99.375,99.2699966430664,99.2750015258789,59666.0
2026-09-04T14:20:00-04:00,99.27999877929688,99.43000030517578,99.23999786376953,99.43000030517578,86348.0
2026-09-04T14:25:00-04:00,99.43000030517578,99.5199966430664,99.36000061035156,99.36000061035156,94257.0
2026-09-04T14:30:00-04:00,99.37999725341797,99.45999908447266,99.31999969482422,99.44999694824219,85302.0
2026-09-04T14:35:00-04:00,99.44999694824219,99.46499633789062,99.29000091552734,99.30999755859375,60833.0
2026-09-04T14:40:00-04:00,99.30999755859375,99.41999816894531,99.30000305175781,99.41000366210938,82129.0
2026-09-04T14:45:00-04:00,99.40049743652344,99.41000366210938,99.33999633789062,99.36000061035156,40671.0
2026-09-04T14:50:00-04:00,99.37000274658203,99.4000015258789,99.31999969482422,99.36730194091797,58006.0
2026-09-04T14:55:00-04:00,99.36000061035156,99.36499786376953,99.22000122070312,99.2300033569336,133011.0
2026-09-04T15:00:00-04:00,99.2249984741211,99.25,99.11499786376953,99.18000030517578,107026.0
2026-09-04T15:05:00-04:00,99.18000030517578,99.2699966430664,99.18000030517578,99.25499725341797,99374.0
2026-09-04T15:10:00-04:00,99.25,99.33499908447266,99.19999694824219,99.33499908447266,112946.0
2026-09-04T15:15:00-04:00,99.33499908447266,99.41000366210938,99.23999786376953,99.24099731445312,112699.0
2026-09-04T15:20:00-04:00,99.25,99.5374984741211,99.19000244140625,99.5374984741211,101445.0
2026-09-04T15:25:00-04:00,99.52999877929688,99.58999633789062,99.45999908447266,99.51000213623047,237729.0
2026-09-04T15:30:00-04:00,99.51000213623047,99.62999725341797,99.44999694824219,99.62000274658203,171676.0
2026-09-04T15:35:00-04:00,99.61000061035156,99.62000274658203,99.4749984741211,99.5,171049.0
2026-09-04T15:40:00-04:00,99.5,99.52999877929688,99.41999816894531,99.5199966430664,373797.0
2026-09-04T15:45:00-04:00,99.51000213623047,99.52999877929688,99.33999633789062,99.37000274658203,293129.0
2026-09-04T15:50:00-04:00,99.37999725341797,99.5,99.30999755859375,99.4800033569336,524090.0
2026-09-04T15:55:00-04:00,99.4800033569336,99.4800033569336,99.19000244140625,99.27999877929688,1539540.0
