timestamp,open,high,low,close,volume
2025-12-12T09:30:00-05:00,85.62,85.62,84.26,84.42,322162.0
2025-12-12T09:35:00-05:00,84.485,85.099998,84.44,84.96,67709.0
2025-12-12T09:40:00-05:00,85.0,85.3199,84.725,84.8,57493.0
2025-12-12T09:45:00-05:00,84.8,85.48,84.64,85.19,71093.0
2025-12-12T09:50:00-05:00,85.23,85.4436,85.089996,85.38,85172.0
2025-12-12T09:55:00-05:00,85.35,85.5397,85.19,85.23,43428.0
2025-12-12T10:00:00-05:00,85.23,85.31,84.83,84.89,44631.0
2025-12-12T10:05:00-05:00,84.93,85.11,84.875,84.99,29943.0
2025-12-12T10:10:00-05:00,85.050003,85.24,84.85,84.85,42548.0
2025-12-12T10:15:00-05:00,84.825,84.98,84.335,84.335,87171.0
2025-12-12T10:20:00-05:00,84.33,84.43,83.55,83.58,97964.0
2025-12-12T10:25:00-05:00,83.63,83.75,83.115,83.185,94894.0
2025-12-12T10:30:00-05:00,83.19,83.345,82.99,83.12,64969.0
2025-12-12T10:35:00-05:00,83.105,83.54,82.7696,83.42,56181.0
2025-12-12T10:40:00-05:00,83.44,83.49,83.17,83.47,155614.0
2025-12-12T10:45:00-05:00,83.41,83.62,83.27,83.49,26438.0
2025-12-12T10:50:00-05:00,83.51,83.54,82.8,82.8,39406.0
2025-12-12T10:55:00-05:00,82.79,82.8,82.3373,82.4418,60588.0
2025-12-12T11:00:00-05:00,82.46,82.72,81.97,81.97,46907.0
2025-12-12T11:05:00-05:00,81.96,82.2899,81.665,81.8,66546.0
2025-12-12T11:10:00-05:00,81.78,82.2,81.66,81.95,59439.0
2025-12-12T11:15:00-05:00,81.9301,82.18,81.83,81.95,26035.0
2025-12-12T11:20:00-05:00,82.040001,82.040001,81.43,81.75,73325.0
2025-12-12T11:25:00-05:00,81.83,82.059998,81.7,82.050003,77694.0
2025-12-12T11:30:00-05:00,81.95,81.96,81.5,81.54,36817.0
2025-12-12T11:35:00-05:00,81.61,81.67,81.055,81.2,64975.0
2025-12-12T11:40:00-05:00,81.23,81.33,80.7901,81.21,103413.0
2025-12-12T11:45:00-05:00,81.15,81.38,81.059998,81.3,29116.0
2025-12-12T11:50:00-05:00,81.25,81.27,80.91,81.0168,40002.0
2025-12-12T11:55:00-05:00,81.059998,81.31,80.96,81.2997,16392.0
2025-12-12T12:00:00-05:00,81.25,81.5,81.21,81.22,38165.0
2025-12-12T12:05:00-05:00,81.22,81.36,81.16,81.19,25052.0
2025-12-12T12:10:00-05:00,81.25,81.44,81.23,81.33,31805.0
2025-12-12T12:15:00-05:00,81.3665,81.66,81.35,81.64,17081.0
2025-12-12T12:20:00-05:00,81.675,81.93,81.61,81.93,37901.0
2025-12-12T12:25:00-05:00,81.93,81.93,81.52,81.57,21121.0
2025-12-12T12:30:00-05:00,81.6,81.8285,81.575,81.72,8917.0
2025-12-12T12:35:00-05:00,81.7,81.89,81.59,81.85,20118.0
2025-12-12T12:40:00-05:00,81.83,82.084801,81.83,82.07,25915.0
2025-12-12T12:45:00-05:00,82.14,82.21,82.055,82.17,12619.0
2025-12-12T12:50:00-05:00,82.1537,82.29,82.07,82.21,17478.0
2025-12-12T12:55:00-05:00,82.245,82.27,82.050003,82.19,12264.0
2025-12-12T13:00:00-05:00,82.23,82.27,82.029999,82.19,27513.0
2025-12-12T13:05:00-05:00,82.21,82.29,82.21,82.29,5222.0
2025-12-12T13:10:00-05:00,82.24,82.47,82.24,82.39,18218.0
2025-12-12T13:15:00-05:00,82.44,82.53,82.42,82.51,20230.0
2025-12-12T13:20:00-05:00,82.5,82.595,82.35,82.44,12272.0
2025-12-12T13:25:00-05:00,82.44,82.49,82.36,82.37,15240.0
2025-12-12T13:30:00-05:00,82.44,82.53,82.35,82.51,10433.0
2025-12-12T13:35:00-05:00,82.495,82.64,82.48,82.608,31016.0
2025-12-12T13:40:00-05:00,82.595,82.69,82.345,82.37,10893.0
2025-12-12T13:45:00-05:00,82.31,82.4932,82.31,82.42,19550.0
2025-12-12T13:50:00-05:00,82.4793,82.555,82.42,82.53,9457.0
2025-12-12T13:55:00-05:00,82.5,82.55,82.33,82.44,5687.0
2025-12-12T14:00:00-05:00,82.44,82.44,82.25,82.42,20534.0
2025-12-12T14:05:00-05:00,82.43,82.515,82.26,82.26,14717.0
2025-12-12T14:10:00-05:00,82.26,82.4499,82.22,82.325,8025.0
2025-12-12T14:15:00-05:00,82.3,82.38,82.26,82.36,7821.0
2025-12-12T14:20:00-05:00,82.37,82.456,82.31,82.42,6552.0
2025-12-12T14:25:00-05:00,82.45,82.45,82.32,82.425,5663.0
2025-12-12T14:30:00-05:00,82.44,82.67,82.43,82.555,5923.0
2025-12-12T14:35:00-05:00,82.57,82.61,82.38,82.5334,8368.0
2025-12-12T14:40:00-05:00,82.58,82.61,82.49,82.54,8134.0
2025-12-12T14:45:00-05:00,82.54,82.55,82.38,82.44,10136.0
2025-12-12T14:50:00-05:00,82.43,82.5,82.39,82.47,26206.0
2025-12-12T14:55:00-05:00,82.49,82.52,82.423,82.505,12859.0
2025-12-12T15:00:00-05:00,82.48,82.6,82.46,82.59,16951.0
2025-12-12T15:05:00-05:00,82.6,82.77,82.6,82.7201,10925.0
2025-12-12T15:10:00-05:00,82.76,82.765,82.62,82.63,14815.0
2025-12-12T15:15:00-05:00,82.64,82.66,82.54,82.58,32467.0
2025-12-12T15:20:00-05:00,82.59,82.66,82.53,82.59,16259.0
2025-12-12T15:25:00-05:00,82.58,82.58,82.276,82.3337,35867.0
2025-12-12T15:30:00-05:00,82.3,82.38,82.155,82.38,18640.0
2025-12-12T15:35:00-05:00,82.3767,82.3767,82.24,82.33,14536.0
2025-12-12T15:40:00-05:00,82.34,82.53,82.32,82.495,12301.0
2025-12-12T15:45:00-05:00,82.51,82.7579,82.44,82.6,55863.0
2025-12-12T15:50:00-05:00,82.61,82.62,82.44,82.53,33640.0
2025-12-12T15:55:00-05:00,82.55,82.59,82.4,82.52,82635.0
2025-12-15T09:30:00-05:00,84.765,84.86,83.34,83.7841,175079.0
2025-12-15T09:35:00-05:00,83.82,84.21,83.61,83.71,81890.0
2025-12-15T09:40:00-05:00,83.73,83.81,83.175,83.335,79622.0
2025-12-15T09:45:00-05:00,83.41,83.555,82.95,83.089996,69691.0
2025-12-15T09:50:00-05:00,83.080002,83.18,82.32,82.45,112745.0
2025-12-15T09:55:00-05:00,82.51,82.69,82.34,82.45,118760.0
2025-12-15T10:00:00-05:00,82.45,82.56,82.059998,82.45,78124.0
2025-12-15T10:05:00-05:00,82.4594,83.029999,82.45,82.8999,22286.0
2025-12-15T10:10:00-05:00,82.8907,83.3,82.74,83.2,24550.0
2025-12-15T10:15:00-05:00,83.18,83.4,82.89,82.89,43117.0
2025-12-15T10:20:00-05:00,82.97,83.44,82.85,82.99,47095.0
2025-12-15T10:25:00-05:00,82.99,83.089996,82.6,82.7999,27381.0
2025-12-15T10:30:00-05:00,82.74,83.51,82.74,83.22,32136.0
2025-12-15T10:35:00-05:00,83.23,83.28,82.68,82.68,11695.0
2025-12-15T10:40:00-05:00,82.7,83.019997,82.5999,83.019897,8170.0
2025-12-15T10:45:00-05:00,83.010002,83.3,83.010002,83.3,22137.0
2025-12-15T10:50:00-05:00,83.22,83.31,82.93,83.012604,31360.0
2025-12-15T10:55:00-05:00,82.9605,83.042801,82.66,82.725,8350.0
2025-12-15T11:00:00-05:00,82.65,82.71,82.34,82.4276,14441.0
2025-12-15T11:05:00-05:00,82.43,82.5004,82.050003,82.14,13048.0
2025-12-15T11:10:00-05:00,82.17,82.1806,82.050003,82.16,4229.0
2025-12-15T11:15:00-05:00,82.13,82.44,82.13,82.38,8582.0
2025-12-15T11:20:00-05:00,82.39,82.4,82.0062027,82.091103,19985.0
2025-12-15T11:25:00-05:00,82.19,82.26,82.099998,82.12,22376.0
2025-12-15T11:30:00-05:00,82.125,82.16,81.8,81.8,19812.0
2025-12-15T11:35:00-05:00,81.84,81.87,81.23,81.5432,31550.0
2025-12-15T11:40:00-05:00,81.555,81.6,81.1801,81.4,19277.0
2025-12-15T11:45:00-05:00,81.4,81.5299,81.2777,81.4166,25935.0
2025-12-15T11:50:00-05:00,81.455,81.84,81.455,81.79,14886.0
2025-12-15T11:55:00-05:00,81.82,81.87,81.69,81.7652,5177.0
2025-12-15T12:00:00-05:00,81.7037,81.7752,81.68,81.76,7877.0
2025-12-15T12:05:00-05:00,81.74,81.78,81.6501,81.77,6234.0
2025-12-15T12:10:00-05:00,81.8,82.089996,81.8,81.95,11212.0
2025-12-15T12:15:00-05:00,81.94,81.94,81.82,81.91,4334.0
2025-12-15T12:20:00-05:00,81.91,82.26,81.91,82.2371,8275.0
2025-12-15T12:25:00-05:00,82.2151,82.5,82.2151,82.44,8648.0
2025-12-15T12:30:00-05:00,82.4499,82.54,82.24,82.29,36636.0
2025-12-15T12:35:00-05:00,82.35,82.45,82.295,82.35,31037.0
2025-12-15T12:40:00-05:00,82.39,82.4,82.322,82.4,6856.0
2025-12-15T12:45:00-05:00,82.38,82.4,82.28,82.389,7965.0
2025-12-15T12:50:00-05:00,82.26,82.33,82.14,82.33,9255.0
2025-12-15T12:55:00-05:00,82.265,82.3399,82.2,82.26,5234.0
2025-12-15T13:00:00-05:00,82.2966,82.3,82.15,82.2999,3269.0
2025-12-15T13:05:00-05:00,82.295,82.295,82.2,82.24,15660.0
2025-12-15T13:10:00-05:00,82.25,82.325,82.19,82.283,4380.0
2025-12-15T13:15:00-05:00,82.22,82.3033,82.215,82.22,13163.0
2025-12-15T13:20:00-05:00,82.23,82.23,82.16,82.16,2391.0
2025-12-15T13:25:00-05:00,82.14,82.155,82.047501,82.14,4521.0
2025-12-15T13:30:00-05:00,82.25,82.28,82.1138,82.25,4085.0
2025-12-15T13:35:00-05:00,82.099998,82.31,82.099998,82.2336,2491.0
2025-12-15T13:40:00-05:00,82.28,82.36,82.28,82.335,4821.0
2025-12-15T13:45:00-05:00,82.34,82.445,82.34,82.4049,1840.0
2025-12-15T13:50:00-05:00,82.37,82.48,82.3501,82.47,9898.0
2025-12-15T13:55:00-05:00,82.45,82.7124,82.45,82.7124,10654.0
2025-12-15T14:00:00-05:00,82.6744,82.96,82.6744,82.9,13351.0
2025-12-15T14:05:00-05:00,82.87,82.875,82.6407,82.7,31928.0
2025-12-15T14:10:00-05:00,82.65,82.74,82.64,82.68,4233.0
2025-12-15T14:15:00-05:00,82.62,82.655,82.58,82.64,3421.0
2025-12-15T14:20:00-05:00,82.71,82.75,82.5467,82.6402,6234.0
2025-12-15T14:25:00-05:00,82.64,82.72,82.62,82.62,14112.0
2025-12-15T14:30:00-05:00,82.605,82.6893,82.59,82.63,5307.0
2025-12-15T14:35:00-05:00,82.685,82.725,82.63,82.665,13075.0
2025-12-15T14:40:00-05:00,82.665,82.7,82.56,82.66,22015.0
2025-12-15T14:45:00-05:00,82.61,82.696,82.57,82.625,9636.0
2025-12-15T14:50:00-05:00,82.66,82.8195,82.66,82.772,8719.0
2025-12-15T14:55:00-05:00,82.76,82.86,82.75,82.8501,31820.0
2025-12-15T15:00:00-05:00,82.81,82.83,82.7332,82.75,11173.0
2025-12-15T15:05:00-05:00,82.76,82.8,82.72,82.755,11933.0
2025-12-15T15:10:00-05:00,82.75,82.81,82.71,82.71,7666.0
2025-12-15T15:15:00-05:00,82.69,82.6957,82.57,82.58,17301.0
2025-12-15T15:20:00-05:00,82.58,82.58,82.25,82.33,23335.0
2025-12-15T15:25:00-05:00,82.38,82.43,82.24,82.33,33254.0
2025-12-15T15:30:00-05:00,82.3499,82.41,82.2228,82.27,18107.0
2025-12-15T15:35:00-05:00,82.23,82.37,82.2054,82.25,16352.0
2025-12-15T15:40:00-05:00,82.27,82.33,82.27,82.27,7923.0
2025-12-15T15:45:00-05:00,82.31,82.419,82.2815,82.39,10626.0
2025-12-15T15:50:00-05:00,82.37,82.425,82.26,82.31,28346.0
2025-12-15T15:55:00-05:00,82.32,82.33,82.165,82.165,94408.0
2025-12-16T09:30:00-05:00,81.69,82.975,81.4152,82.79,119327.0
2025-12-16T09:35:00-05:00,82.85,83.11,82.29,82.49,68160.0
2025-12-16T09:40:00-05:00,82.665,82.71,82.15,82.255,17818.0
2025-12-16T09:45:00-05:00,82.26,82.635,82.1456,82.54,24017.0
2025-12-16T09:50:00-05:00,82.62,82.805,82.51,82.56,26862.0
2025-12-16T09:55:00-05:00,82.53,82.5922,82.23,82.29,22385.0
2025-12-16T10:00:00-05:00,82.26,82.42,82.019997,82.3617,21262.0
2025-12-16T10:05:00-05:00,82.44,82.7,82.355,82.39,19126.0
2025-12-16T10:10:00-05:00,82.42,82.43,82.0,82.0,13094.0
2025-12-16T10:15:00-05:00,81.95,82.028702,81.54,81.71,6934.0
2025-12-16T10:20:00-05:00,81.59,81.87,81.485,81.64,40686.0
2025-12-16T10:25:00-05:00,81.68,82.0,81.28,81.9,15353.0
2025-12-16T10:30:00-05:00,81.93,82.24,81.77,82.159,6851.0
2025-12-16T10:35:00-05:00,82.16,82.16,81.51,81.73,5854.0
2025-12-16T10:40:00-05:00,81.8278,81.93,81.6447,81.79,18572.0
2025-12-16T10:45:00-05:00,81.83,82.080002,81.7829,81.89,28548.0
2025-12-16T10:50:00-05:00,81.86,82.040001,81.73,82.010002,7204.0
2025-12-16T10:55:00-05:00,81.98,81.99,81.86,81.96,6459.0
2025-12-16T11:00:00-05:00,81.89,81.99,81.86,81.905,4972.0
2025-12-16T11:05:00-05:00,81.875,81.9912,81.75,81.78,10877.0
2025-12-16T11:10:00-05:00,81.77,81.77,81.5401,81.67,7562.0
2025-12-16T11:15:00-05:00,81.64,81.64,81.36,81.4966,5173.0
2025-12-16T11:20:00-05:00,81.44,81.565,81.36,81.5,10721.0
2025-12-16T11:25:00-05:00,81.5399,81.55,81.4475,81.4961,4404.0
2025-12-16T11:30:00-05:00,81.5,81.53,81.37,81.45,5320.0
2025-12-16T11:35:00-05:00,81.41,81.47,81.11,81.24,11265.0
2025-12-16T11:40:00-05:00,81.14,81.14,80.56,80.78,24845.0
2025-12-16T11:45:00-05:00,80.8545,81.19,80.7059,81.12,15444.0
2025-12-16T11:50:00-05:00,81.07,81.15,80.895,81.019997,9866.0
2025-12-16T11:55:00-05:00,80.97,81.4697,80.97,81.44,10227.0
2025-12-16T12:00:00-05:00,81.46,81.72,81.46,81.7001,13123.0
2025-12-16T12:05:00-05:00,81.72,81.9885,81.72,81.75,10019.0
2025-12-16T12:10:00-05:00,81.71,81.78,81.6182,81.6182,11169.0
2025-12-16T12:15:00-05:00,81.56,81.615,81.45,81.49,30763.0
2025-12-16T12:20:00-05:00,81.54,81.69,81.535,81.59,29220.0
2025-12-16T12:25:00-05:00,81.56,81.56,81.28,81.39,12680.0
2025-12-16T12:30:00-05:00,81.41,81.7,81.41,81.7,11054.0
2025-12-16T12:35:00-05:00,81.65,81.695,81.49,81.51,6826.0
2025-12-16T12:40:00-05:00,81.475,81.475,81.2928,81.3197,8525.0
2025-12-16T12:45:00-05:00,81.35,81.35,81.24,81.26,4652.0
2025-12-16T12:50:00-05:00,81.19,81.28,81.19,81.22,4862.0
2025-12-16T12:55:00-05:00,81.21,81.21,81.070099,81.18,4221.0
2025-12-16T13:00:00-05:00,81.16,81.31,81.050003,81.31,6785.0
2025-12-16T13:05:00-05:00,81.27,81.2834,81.18,81.2834,3144.0
2025-12-16T13:10:00-05:00,81.16,81.18,80.91,81.1331,13733.0
2025-12-16T13:15:00-05:00,81.11,81.11,81.020103,81.11,9174.0
2025-12-16T13:20:00-05:00,81.07,81.25,80.98,81.25,6837.0
2025-12-16T13:25:00-05:00,81.27,81.35,81.24,81.33,5436.0
2025-12-16T13:30:00-05:00,81.4,81.65,81.4,81.65,4249.0
2025-12-16T13:35:00-05:00,81.71,81.92,81.71,81.75,28989.0
2025-12-16T13:40:00-05:00,81.82,81.82,81.65,81.718,5511.0
2025-12-16T13:45:00-05:00,81.82,81.97,81.7509,81.94,6051.0
2025-12-16T13:50:00-05:00,81.965,82.080002,81.94,82.019997,6478.0
2025-12-16T13:55:00-05:00,82.015297,82.18,81.96,82.17,5217.0
2025-12-16T14:00:00-05:00,82.12,82.13,81.94,81.97,8758.0
2025-12-16T14:05:00-05:00,81.9,82.052002,81.87,81.96,7697.0
2025-12-16T14:10:00-05:00,81.93,81.93,81.73,81.815,5587.0
2025-12-16T14:15:00-05:00,81.83,81.85,81.75,81.78,2882.0
2025-12-16T14:20:00-05:00,81.78,81.9,81.78,81.84,14626.0
2025-12-16T14:25:00-05:00,81.81,81.84,81.42,81.68,35299.0
2025-12-16T14:30:00-05:00,81.755,81.86,81.745,81.76,7401.0
2025-12-16T14:35:00-05:00,81.77,81.82,81.63,81.67,5909.0
2025-12-16T14:40:00-05:00,81.65,81.8,81.65,81.8,5222.0
2025-12-16T14:45:00-05:00,81.805,81.93,81.8,81.83,11191.0
2025-12-16T14:50:00-05:00,81.82,81.97,81.815,81.83,10687.0
2025-12-16T14:55:00-05:00,81.82,81.89,81.8,81.88,8993.0
2025-12-16T15:00:00-05:00,81.89,82.010002,81.89,81.995,10530.0
2025-12-16T15:05:00-05:00,82.019997,82.099998,82.0,82.050003,65147.0
2025-12-16T15:10:00-05:00,82.11,82.13,82.080002,82.084999,3753.0
2025-12-16T15:15:00-05:00,82.099998,82.099998,81.95,82.0,4741.0
2025-12-16T15:20:00-05:00,81.97,82.051399,81.97,82.050003,8472.0
2025-12-16T15:25:00-05:00,82.050003,82.1205,82.050003,82.080002,11480.0
2025-12-16T15:30:00-05:00,82.099998,82.2439,82.099998,82.2439,10082.0
2025-12-16T15:35:00-05:00,82.2,82.3301,82.2,82.28,9100.0
2025-12-16T15:40:00-05:00,82.2801,82.41,82.23,82.33,22648.0
2025-12-16T15:45:00-05:00,82.3,82.38,82.27,82.33,13452.0
2025-12-16T15:50:00-05:00,82.34,82.349,81.93,81.98,10848.0
2025-12-16T15:55:00-05:00,82.040001,82.040001,81.73,81.76,93077.0
2025-12-17T09:30:00-05:00,83.33,83.3899,82.5401,83.2339,185390.0
2025-12-17T09:35:00-05:00,83.25,83.298,82.4,82.45,110108.0
2025-12-17T09:40:00-05:00,82.45,82.87,81.99,82.34,69447.0
2025-12-17T09:45:00-05:00,82.46,82.82,82.23,82.45,96485.0
2025-12-17T09:50:00-05:00,82.465,82.47,82.029999,82.155,26066.0
2025-12-17T09:55:00-05:00,82.07,82.3,81.93,82.22,50419.0
2025-12-17T10:00:00-05:00,82.21,82.36,81.9501,82.26,43593.0
2025-12-17T10:05:00-05:00,82.24,82.5822,82.2316,82.39,32754.0
2025-12-17T10:10:00-05:00,82.45,82.66,82.45,82.6,31137.0
2025-12-17T10:15:00-05:00,82.62,82.67,81.87,82.203,31201.0
2025-12-17T10:20:00-05:00,82.17,82.88,82.14,82.525,39580.0
2025-12-17T10:25:00-05:00,82.5,82.72,82.3,82.625,42342.0
2025-12-17T10:30:00-05:00,82.64,83.33,82.63,83.21,69355.0
2025-12-17T10:35:00-05:00,83.22,83.265,82.28,82.32,42302.0
2025-12-17T10:40:00-05:00,82.33,82.4899,81.7513,81.89,31562.0
2025-12-17T10:45:00-05:00,82.029999,82.25,81.8601,82.155,26301.0
2025-12-17T10:50:00-05:00,82.18,82.2,81.5,81.7512,26123.0
2025-12-17T10:55:00-05:00,81.82,82.0049973,81.7,81.82,44982.0
2025-12-17T11:00:00-05:00,81.82,81.88,81.52,81.835,26325.0
2025-12-17T11:05:00-05:00,81.7716,81.945,81.68,81.86,23737.0
2025-12-17T11:10:00-05:00,81.8,81.98,81.47,81.57,37800.0
2025-12-17T11:15:00-05:00,81.59,81.82,81.52,81.705,26473.0
2025-12-17T11:20:00-05:00,81.62,81.72,81.53,81.63,34739.0
2025-12-17T11:25:00-05:00,81.625,81.8098,81.58,81.785,19775.0
2025-12-17T11:30:00-05:00,81.8,81.84,81.6024,81.61,6285.0
2025-12-17T11:35:00-05:00,81.6,81.84,81.48,81.5601,8912.0
2025-12-17T11:40:00-05:00,81.57,82.2,81.565,82.2,9135.0
2025-12-17T11:45:00-05:00,82.105,82.55,82.105,82.54,62902.0
2025-12-17T11:50:00-05:00,82.45,82.45,82.051003,82.31,10176.0
2025-12-17T11:55:00-05:00,82.26,82.2899,82.019997,82.155,8704.0
2025-12-17T12:00:00-05:00,82.17,82.25,81.9,81.9,14669.0
2025-12-17T12:05:00-05:00,81.985,82.2599,81.985,82.099998,25084.0
2025-12-17T12:10:00-05:00,82.099998,82.35,82.080002,82.116,23760.0
2025-12-17T12:15:00-05:00,82.099998,82.32,82.025002,82.27,7962.0
2025-12-17T12:20:00-05:00,82.285,82.54,82.2839,82.52,14002.0
2025-12-17T12:25:00-05:00,82.53,82.67,82.45,82.525,31530.0
2025-12-17T12:30:00-05:00,82.51,82.65,82.425,82.6399,23485.0
2025-12-17T12:35:00-05:00,82.54,82.88,82.53,82.78,40064.0
2025-12-17T12:40:00-05:00,82.82,82.89,82.78,82.8196,46823.0
2025-12-17T12:45:00-05:00,82.82,82.87,82.7405,82.77,70599.0
2025-12-17T12:50:00-05:00,82.785,82.83,82.61,82.65,29549.0
2025-12-17T12:55:00-05:00,82.66,82.81,82.64,82.8041,34965.0
2025-12-17T13:00:00-05:00,82.87,83.019997,82.86,82.935,74319.0
2025-12-17T13:05:00-05:00,82.97,83.135,82.97,83.07,21178.0
2025-12-17T13:10:00-05:00,83.050003,83.16,83.0,83.001503,15949.0
2025-12-17T13:15:00-05:00,83.0,83.0,82.8,82.82,108934.0
2025-12-17T13:20:00-05:00,82.75,82.85,82.665,82.71,80211.0
2025-12-17T13:25:00-05:00,82.72,82.8,82.68,82.715,19230.0
2025-12-17T13:30:00-05:00,82.69,82.88,82.6824,82.76,20478.0
2025-12-17T13:35:00-05:00,82.74,82.82,82.69,82.71,15259.0
2025-12-17T13:40:00-05:00,82.6316,82.665,82.49,82.515,20694.0
2025-12-17T13:45:00-05:00,82.44,82.53,82.15,82.31,14571.0
2025-12-17T13:50:00-05:00,82.265,82.37,82.12,82.35,11214.0
2025-12-17T13:55:00-05:00,82.32,82.45453,82.29,82.445,31443.0
2025-12-17T14:00:00-05:00,82.435,82.54,82.33,82.44,34378.0
2025-12-17T14:05:00-05:00,82.45,82.54,82.38,82.48,10579.0
2025-12-17T14:10:00-05:00,82.44,82.5899,82.4,82.565,9497.0
2025-12-17T14:15:00-05:00,82.5894,82.8211,82.53,82.8211,12704.0
2025-12-17T14:20:00-05:00,82.8009,82.8009,82.56,82.615,6241.0
2025-12-17T14:25:00-05:00,82.58,82.6,82.41,82.56,9804.0
2025-12-17T14:30:00-05:00,82.56,82.57,82.325,82.33,6840.0
2025-12-17T14:35:00-05:00,82.29,82.29,82.059998,82.16,6520.0
2025-12-17T14:40:00-05:00,82.215,82.215,81.98,82.019997,8470.0
2025-12-17T14:45:00-05:00,81.9,82.050003,81.84,81.9799,33373.0
2025-12-17T14:50:00-05:00,81.94,81.94,81.6334,81.71,27282.0
2025-12-17T14:55:00-05:00,81.73,82.0,81.73,82.0,8253.0
2025-12-17T15:00:00-05:00,82.019997,82.13,81.94,82.12,11078.0
2025-12-17T15:05:00-05:00,82.084999,82.16,82.050003,82.125,9040.0
2025-12-17T15:10:00-05:00,82.14,82.18,82.07,82.089996,13949.0
2025-12-17T15:15:00-05:00,82.089996,82.29,82.074997,82.22,39717.0
2025-12-17T15:20:00-05:00,82.2527,82.4035,82.2527,82.3516,16789.0
2025-12-17T15:25:00-05:00,82.255,82.33,82.15,82.2496,45662.0
2025-12-17T15:30:00-05:00,82.25,82.33,82.15,82.2,31943.0
2025-12-17T15:35:00-05:00,82.17,82.21,82.099998,82.11,25049.0
2025-12-17T15:40:00-05:00,82.11,82.24,82.11,82.21,25710.0
2025-12-17T15:45:00-05:00,82.2,82.415,82.18,82.4,49482.0
2025-12-17T15:50:00-05:00,82.43,82.43,82.17,82.3881,58411.0
2025-12-17T15:55:00-05:00,82.32,82.56,82.14,82.56,136831.0
2025-12-18T09:30:00-05:00,81.86,83.2,81.69,82.67,128957.0
2025-12-18T09:35:00-05:00,82.67,82.75,82.2201,82.56,70683.0
2025-12-18T09:40:00-05:00,82.59,82.74,81.835,82.14,72451.0
2025-12-18T09:45:00-05:00,82.15,82.235,81.544,81.85,58746.0
2025-12-18T09:50:00-05:00,81.88,82.34,81.8797,82.28,98769.0
2025-12-18T09:55:00-05:00,82.26,82.97,82.25,82.86,26223.0
2025-12-18T10:00:00-05:00,82.75,83.24,82.6916,83.13,51374.0
2025-12-18T10:05:00-05:00,83.1296,83.21,82.765,82.8049,44205.0
2025-12-18T10:10:00-05:00,82.78,82.98,82.53,82.58,24307.0
2025-12-18T10:15:00-05:00,82.64,82.685,82.24,82.35,36442.0
2025-12-18T10:20:00-05:00,82.27,82.66,82.0924,82.59,14271.0
2025-12-18T10:25:00-05:00,82.58,82.88,82.53,82.8,25553.0
2025-12-18T10:30:00-05:00,82.82,83.17,82.78,83.1697,9935.0
2025-12-18T10:35:00-05:00,83.12,83.29,82.98,83.17,15379.0
2025-12-18T10:40:00-05:00,83.080002,83.15,82.75,82.7509,12134.0
2025-12-18T10:45:00-05:00,82.84,82.9,82.53,82.585,24659.0
2025-12-18T10:50:00-05:00,82.4985,82.72,82.46,82.5575,13574.0
2025-12-18T10:55:00-05:00,82.62,82.65,82.395,82.53,13613.0
2025-12-18T11:00:00-05:00,82.51,82.908,82.385,82.86,33661.0
2025-12-18T11:05:00-05:00,82.865,83.0,82.77,83.0,8018.0
2025-12-18T11:10:00-05:00,83.019997,83.65,83.019997,83.35,19968.0
2025-12-18T11:15:00-05:00,83.4,83.47,83.265,83.4375,15157.0
2025-12-18T11:20:00-05:00,83.3805,83.51,83.29,83.39,20547.0
2025-12-18T11:25:00-05:00,83.4,83.7,83.4,83.431,17589.0
2025-12-18T11:30:00-05:00,83.46,83.56,83.27,83.37,19438.0
2025-12-18T11:35:00-05:00,83.38,83.63,83.38,83.56,18122.0
2025-12-18T11:40:00-05:00,83.53,83.58,83.34,83.36,11634.0
2025-12-18T11:45:00-05:00,83.38,83.4099,83.22,83.36,25536.0
2025-12-18T11:50:00-05:00,83.3702,83.3702,82.995,82.995,26891.0
2025-12-18T11:55:00-05:00,83.010002,83.21,82.89,83.19,17554.0
2025-12-18T12:00:00-05:00,83.17,83.2863,83.029999,83.029999,10040.0
2025-12-18T12:05:00-05:00,83.010002,83.010002,81.83,81.84,56579.0
2025-12-18T12:10:00-05:00,81.83,81.91,81.55,81.8941,59392.0
2025-12-18T12:15:00-05:00,81.82,82.099998,81.78,82.07,29335.0
2025-12-18T12:20:00-05:00,82.040001,82.165,81.9,81.9155,6130.0
2025-12-18T12:25:00-05:00,81.9284,82.059998,81.73,81.86,20497.0
2025-12-18T12:30:00-05:00,81.87,82.25,81.84,82.21,15763.0
2025-12-18T12:35:00-05:00,82.25,82.315,82.14,82.315,8151.0
2025-12-18T12:40:00-05:00,82.3174,82.52,82.2988,82.465,7091.0
2025-12-18T12:45:00-05:00,82.53,82.57,82.32,82.413,13800.0
2025-12-18T12:50:00-05:00,82.39,82.39,82.1601,82.23,8211.0
2025-12-18T12:55:00-05:00,82.2,82.36,82.2,82.2835,2178.0
2025-12-18T13:00:00-05:00,82.325,82.47,82.315,82.355,5199.0
2025-12-18T13:05:00-05:00,82.3,82.5108,82.3,82.5108,6573.0
2025-12-18T13:10:00-05:00,82.53,82.71,82.45,82.6716,55073.0
2025-12-18T13:15:00-05:00,82.6685,82.74,82.465,82.4801,13623.0
2025-12-18T13:20:00-05:00,82.48,82.57,82.4201,82.555,12554.0
2025-12-18T13:25:00-05:00,82.54,82.59,82.44,82.44,9310.0
2025-12-18T13:30:00-05:00,82.5,82.625,82.5,82.59,6212.0
2025-12-18T13:35:00-05:00,82.68,82.78,82.67,82.705,10077.0
2025-12-18T13:40:00-05:00,82.6617,82.71,82.53,82.61,10090.0
2025-12-18T13:45:00-05:00,82.61,82.64,82.41,82.41,6829.0
2025-12-18T13:50:00-05:00,82.425,82.48,82.3216,82.35,9363.0
2025-12-18T13:55:00-05:00,82.35,82.53,82.35,82.45,5311.0
2025-12-18T14:00:00-05:00,82.43,82.495,82.31,82.3658,9699.0
2025-12-18T14:05:00-05:00,82.38,82.47,82.34,82.46,12110.0
2025-12-18T14:10:00-05:00,82.48,82.53,82.34,82.39,3665.0
2025-12-18T14:15:00-05:00,82.36,82.51,82.32,82.42,10381.0
2025-12-18T14:20:00-05:00,82.48,82.53,82.39,82.39,6134.0
2025-12-18T14:25:00-05:00,82.39,82.395,82.24,82.36,4541.0
2025-12-18T14:30:00-05:00,82.39,82.435,82.29,82.29,5277.0
2025-12-18T14:35:00-05:00,82.28,82.41,82.275,82.275,3707.0
2025-12-18T14:40:00-05:00,82.35,82.43,82.27,82.28,8914.0
2025-12-18T14:45:00-05:00,82.28,82.34,82.189,82.235,7718.0
2025-12-18T14:50:00-05:00,82.26,82.26,81.9801,82.029999,18547.0
2025-12-18T14:55:00-05:00,82.019997,82.019997,81.82,81.9084,12526.0
2025-12-18T15:00:00-05:00,81.93,82.21,81.875,82.2,5474.0
2025-12-18T15:05:00-05:00,82.22,82.34,82.18,82.24,11062.0
2025-12-18T15:10:00-05:00,82.245,82.31,82.2,82.2499,7505.0
2025-12-18T15:15:00-05:00,82.18,82.18,81.9,81.97,6022.0
2025-12-18T15:20:00-05:00,81.98,82.095001,81.93,82.080002,10477.0
2025-12-18T15:25:00-05:00,82.093803,82.093803,82.0084991,82.040001,12478.0
2025-12-18T15:30:00-05:00,81.94,82.155,81.94,82.14,18598.0
2025-12-18T15:35:00-05:00,82.15,82.27,82.020103,82.040001,34938.0
2025-12-18T15:40:00-05:00,81.9999,82.099998,81.97,82.055,16728.0
2025-12-18T15:45:00-05:00,82.080002,82.17,82.040001,82.17,24536.0
2025-12-18T15:50:00-05:00,82.14,82.14,81.7,81.77,55247.0
2025-12-18T15:55:00-05:00,81.75,82.019897,81.6401,81.92,107206.0
2025-12-19T09:30:00-05:00,82.27,83.98,82.24,83.83,99880.0
2025-12-19T09:35:00-05:00,83.72,84.15,83.46,84.135,101769.0
2025-12-19T09:40:00-05:00,84.19,84.77,84.19,84.52,54839.0
2025-12-19T09:45:00-05:00,84.53,84.53,83.94,84.41,37859.0
2025-12-19T09:50:00-05:00,84.35,84.47,84.080101,84.23,35727.0
2025-12-19T09:55:00-05:00,84.21,84.5473,84.201,84.42,43114.0
2025-12-19T10:00:00-05:00,84.4628,84.6,84.3101,84.3101,14264.0
2025-12-19T10:05:00-05:00,84.37,84.7,84.3,84.57,52609.0
2025-12-19T10:10:00-05:00,84.59,84.6,84.4,84.59,17052.0
2025-12-19T10:15:00-05:00,84.6,84.97,84.56,84.96,68094.0
2025-12-19T10:20:00-05:00,84.96,85.2,84.87,85.07,93684.0
2025-12-19T10:25:00-05:00,85.0,85.040001,84.6,84.87,12417.0
2025-12-19T10:30:00-05:00,84.81,85.11,84.8,85.019997,18881.0
2025-12-19T10:35:00-05:00,84.9969,85.14,84.91,85.010002,11879.0
2025-12-19T10:40:00-05:00,85.029999,85.25,84.96,84.964,18545.0
2025-12-19T10:45:00-05:00,84.95,85.029999,84.86,85.015999,18068.0
2025-12-19T10:50:00-05:00,84.995,85.1199,84.92,84.99,19020.0
2025-12-19T10:55:00-05:00,84.99,85.2,84.93,85.17,11266.0
2025-12-19T11:00:00-05:00,85.19,85.455,85.16,85.25,23952.0
2025-12-19T11:05:00-05:00,85.27,85.3685,85.105,85.14,26424.0
2025-12-19T11:10:00-05:00,85.13,85.27,85.0,85.0,17433.0
2025-12-19T11:15:00-05:00,84.9744,85.037102,84.9178,84.945,13571.0
2025-12-19T11:20:00-05:00,84.94,84.94,84.77,84.81,7727.0
2025-12-19T11:25:00-05:00,84.84,85.017998,84.7109,84.97,30466.0
2025-12-19T11:30:00-05:00,85.010002,85.11,84.87,84.98,16835.0
2025-12-19T11:35:00-05:00,84.88,85.050003,84.88,84.94,9182.0
2025-12-19T11:40:00-05:00,84.92,84.989,84.82,84.84,12119.0
2025-12-19T11:45:00-05:00,84.89,85.059998,84.88,84.9828,11769.0
2025-12-19T11:50:00-05:00,84.92,85.11,84.88,85.0,12383.0
2025-12-19T11:55:00-05:00,84.99,85.075798,84.89,85.07,8660.0
2025-12-19T12:00:00-05:00,85.12,85.1499,85.019997,85.019997,3878.0
2025-12-19T12:05:00-05:00,85.07,85.14,85.019997,85.099998,5506.0
2025-12-19T12:10:00-05:00,85.089996,85.13,85.010002,85.07,11428.0
2025-12-19T12:15:00-05:00,85.099998,85.19,85.07,85.16,7227.0
2025-12-19T12:20:00-05:00,85.13,85.35,85.13,85.35,12563.0
2025-12-19T12:25:00-05:00,85.35,85.525,85.33,85.49,8431.0
2025-12-19T12:30:00-05:00,85.53,85.5401,85.38,85.41,8122.0
2025-12-19T12:35:00-05:00,85.45,85.5799,85.45,85.5344,6735.0
2025-12-19T12:40:00-05:00,85.54,85.61,85.4601,85.47,18216.0
2025-12-19T12:45:00-05:00,85.45,85.51,85.37,85.51,9011.0
2025-12-19T12:50:00-05:00,85.4759,85.55,85.45,85.45,4913.0
2025-12-19T12:55:00-05:00,85.5,85.5288,85.37,85.3916,16104.0
2025-12-19T13:00:00-05:00,85.42,85.47,85.29,85.36,12399.0
2025-12-19T13:05:00-05:00,85.3307,85.42,85.3,85.305,5194.0
2025-12-19T13:10:00-05:00,85.35,85.51,85.302,85.495,7833.0
2025-12-19T13:15:00-05:00,85.51,85.57,85.46,85.56,15183.0
2025-12-19T13:20:00-05:00,85.56,85.5889,85.46,85.5,17747.0
2025-12-19T13:25:00-05:00,85.53,85.6,85.44,85.4516,10933.0
2025-12-19T13:30:00-05:00,85.43,85.43,85.2,85.2082,15559.0
2025-12-19T13:35:00-05:00,85.2323,85.26,85.11,85.11,3252.0
2025-12-19T13:40:00-05:00,85.086304,85.086304,84.96,85.040001,10419.0
2025-12-19T13:45:00-05:00,85.0,85.14,84.91,85.14,16931.0
2025-12-19T13:50:00-05:00,85.17,85.2791,85.17,85.23,4316.0
2025-12-19T13:55:00-05:00,85.23,85.2799,85.1313,85.235,3850.0
2025-12-19T14:00:00-05:00,85.2081,85.26,85.16,85.26,5114.0
2025-12-19T14:05:00-05:00,85.27,85.2999,85.23,85.26,3590.0
2025-12-19T14:10:00-05:00,85.26,85.26,85.13,85.21,25808.0
2025-12-19T14:15:00-05:00,85.229,85.315,85.22,85.26,8844.0
2025-12-19T14:20:00-05:00,85.25,85.3063,85.145,85.3063,9872.0
2025-12-19T14:25:00-05:00,85.26,85.3089,85.13,85.26,17600.0
2025-12-19T14:30:00-05:00,85.2807,85.2807,85.22,85.22,8275.0
2025-12-19T14:35:00-05:00,85.18,85.405,85.18,85.27,12141.0
2025-12-19T14:40:00-05:00,85.22,85.34,85.2178,85.31,24625.0
2025-12-19T14:45:00-05:00,85.325,85.35,85.27,85.32,15652.0
2025-12-19T14:50:00-05:00,85.35,85.44,85.34,85.42,11317.0
2025-12-19T14:55:00-05:00,85.41,85.4794,85.36,85.38,11294.0
2025-12-19T15:00:00-05:00,85.385,85.42,85.059998,85.089996,15876.0
2025-12-19T15:05:00-05:00,85.11,85.17,85.040001,85.041603,14443.0
2025-12-19T15:10:00-05:00,85.07,85.099998,84.84,84.88,35414.0
2025-12-19T15:15:00-05:00,84.91,84.975,84.87,84.95,7739.0
2025-12-19T15:20:00-05:00,84.98,85.17,84.94,85.17,5770.0
2025-12-19T15:25:00-05:00,85.2,85.22,85.099998,85.1101,16232.0
2025-12-19T15:30:00-05:00,85.11,85.11,84.99,85.055099,25672.0
2025-12-19T15:35:00-05:00,85.050003,85.12,85.027496,85.027496,25836.0
2025-12-19T15:40:00-05:00,84.99,85.0,84.86,84.86,20447.0
2025-12-19T15:45:00-05:00,84.87,84.9599,84.8,84.9599,34957.0
2025-12-19T15:50:00-05:00,84.92,84.98,84.73,84.788,36405.0
2025-12-19T15:55:00-05:00,84.78,84.905,84.65,84.76,207910.0
2025-12-22T09:30:00-05:00,88.3,88.43,87.6,88.31,401261.0
2025-12-22T09:35:00-05:00,88.414,88.925,88.089996,88.56,100269.0
2025-12-22T09:40:00-05:00,88.57,89.053802,88.4448,89.019997,50388.0
2025-12-22T09:45:00-05:00,88.94,89.465,88.94,89.16,68610.0
2025-12-22T09:50:00-05:00,89.1888,89.29,88.93,89.29,86922.0
2025-12-22T09:55:00-05:00,89.19,89.29,88.87,88.99,118712.0
2025-12-22T10:00:00-05:00,89.0,89.285,88.91,88.94,56444.0
2025-12-22T10:05:00-05:00,88.94,89.191,88.85,89.12,57719.0
2025-12-22T10:10:00-05:00,89.089996,89.11,88.3,88.485,91450.0
2025-12-22T10:15:00-05:00,88.41,88.4464,88.060097,88.060097,29503.0
2025-12-22T10:20:00-05:00,88.095001,88.305,87.91,88.17,58688.0
2025-12-22T10:25:00-05:00,88.0,88.18,87.53,87.6,31663.0
2025-12-22T10:30:00-05:00,87.7099,88.115,87.5801,87.9153,23352.0
2025-12-22T10:35:00-05:00,87.9,88.1499,87.8101,87.86,26610.0
2025-12-22T10:40:00-05:00,87.8259,88.3999,87.8259,88.3932,25966.0
2025-12-22T10:45:00-05:00,88.41,88.59,88.3,88.52,30336.0
2025-12-22T10:50:00-05:00,88.53,88.61,88.37,88.43,23649.0
2025-12-22T10:55:00-05:00,88.46,88.6,88.39,88.429,9034.0
2025-12-22T11:00:00-05:00,88.33,88.33,88.19,88.285,9620.0
2025-12-22T11:05:00-05:00,88.2787,88.57,88.185,88.5099,52442.0
2025-12-22T11:10:00-05:00,88.5,88.65,88.465,88.565,19794.0
2025-12-22T11:15:00-05:00,88.565,88.82,88.54,88.78,28573.0
2025-12-22T11:20:00-05:00,88.76,88.84,88.5001,88.5784,13438.0
2025-12-22T11:25:00-05:00,88.55,88.8043,88.49,88.71,12463.0
2025-12-22T11:30:00-05:00,88.7699,88.92,88.57,88.65,23856.0
2025-12-22T11:35:00-05:00,88.62,88.9,88.62,88.77,24034.0
2025-12-22T11:40:00-05:00,88.78,88.89,88.75,88.86,8745.0
2025-12-22T11:45:00-05:00,88.872,88.93,88.8,88.89,13166.0
2025-12-22T11:50:00-05:00,88.9,89.050003,88.9,88.95,17687.0
2025-12-22T11:55:00-05:00,88.89,88.9799,88.87,88.92,11205.0
2025-12-22T12:00:00-05:00,88.9599,88.98,88.93,88.97,20371.0
2025-12-22T12:05:00-05:00,88.96,88.965,88.86,88.95,7691.0
2025-12-22T12:10:00-05:00,88.95,89.0,88.92,89.0,10320.0
2025-12-22T12:15:00-05:00,89.0,89.029999,88.72,88.72,10696.0
2025-12-22T12:20:00-05:00,88.7,88.77,88.58,88.58,11002.0
2025-12-22T12:25:00-05:00,88.56,88.64,88.4742,88.5,17291.0
2025-12-22T12:30:00-05:00,88.44,88.4999,88.271,88.3394,22548.0
2025-12-22T12:35:00-05:00,88.28,88.4209,88.28,88.37,13579.0
2025-12-22T12:40:00-05:00,88.37,88.38,88.2391,88.245,10584.0
2025-12-22T12:45:00-05:00,88.27,88.3,88.16,88.24,11267.0
2025-12-22T12:50:00-05:00,88.225,88.48,88.225,88.43,13996.0
2025-12-22T12:55:00-05:00,88.43,88.43,88.36,88.41,9374.0
2025-12-22T13:00:00-05:00,88.41,88.41,88.325,88.33,10356.0
2025-12-22T13:05:00-05:00,88.32,88.32,88.14,88.278,9924.0
2025-12-22T13:10:00-05:00,88.2936,88.2936,88.12,88.18,10640.0
2025-12-22T13:15:00-05:00,88.21,88.26,88.099998,88.105,24542.0
2025-12-22T13:20:00-05:00,88.07,88.13,87.94,88.13,34325.0
2025-12-22T13:25:00-05:00,88.080002,88.12,88.0,88.059998,8598.0
2025-12-22T13:30:00-05:00,88.080002,88.099998,87.9,87.9,10619.0
2025-12-22T13:35:00-05:00,87.9,87.96,87.855,87.96,19322.0
2025-12-22T13:40:00-05:00,87.968,87.968,87.89,87.95,7014.0
2025-12-22T13:45:00-05:00,87.93,87.94,87.77,87.78,5605.0
2025-12-22T13:50:00-05:00,87.78,87.88,87.745,87.8616,19328.0
2025-12-22T13:55:00-05:00,87.87,87.96,87.77,87.77,18472.0
2025-12-22T14:00:00-05:00,87.82,87.83,87.679,87.69,17413.0
2025-12-22T14:05:00-05:00,87.6499,87.6883,87.53,87.665,17721.0
2025-12-22T14:10:00-05:00,87.665,87.74,87.65,87.69,13543.0
2025-12-22T14:15:00-05:00,87.67,87.74,87.59,87.71,6497.0
2025-12-22T14:20:00-05:00,87.75,87.94,87.75,87.88,19447.0
2025-12-22T14:25:00-05:00,87.9,87.986,87.85,87.85,14966.0
2025-12-22T14:30:00-05:00,87.86,87.91,87.825,87.89,10777.0
2025-12-22T14:35:00-05:00,87.85,87.99,87.838,87.99,9382.0
2025-12-22T14:40:00-05:00,87.99,88.084999,87.98,88.084999,12292.0
2025-12-22T14:45:00-05:00,88.059998,88.059998,87.9696,87.99,16494.0
2025-12-22T14:50:00-05:00,88.019897,88.035004,87.97,88.0,17189.0
2025-12-22T14:55:00-05:00,87.99,88.074402,87.96,88.07,19691.0
2025-12-22T15:00:00-05:00,88.07,88.1794,88.07,88.132,10874.0
2025-12-22T15:05:00-05:00,88.1169,88.16,88.050003,88.16,9940.0
2025-12-22T15:10:00-05:00,88.16,88.23,88.1107,88.22,22030.0
2025-12-22T15:15:00-05:00,88.2084,88.28,88.145,88.145,21129.0
2025-12-22T15:20:00-05:00,88.12,88.15,88.032097,88.040001,20465.0
2025-12-22T15:25:00-05:00,88.0039978,88.025002,87.9,87.915,8497.0
2025-12-22T15:30:00-05:00,87.94,88.010002,87.9209,87.96,16000.0
2025-12-22T15:35:00-05:00,87.98,88.0,87.8837,87.92,20623.0
2025-12-22T15:40:00-05:00,87.925,87.98,87.88,87.945,49459.0
2025-12-22T15:45:00-05:00,87.96,87.979,87.815,87.91,36775.0
2025-12-22T15:50:00-05:00,87.91,88.15,87.89,88.15,34553.0
2025-12-22T15:55:00-05:00,88.145,88.15,87.985,88.07,91261.0
2025-12-23T09:30:00-05:00,88.96,89.089996,87.9,88.15,173667.0
2025-12-23T09:35:00-05:00,88.15,88.54,87.8401,88.5152,47800.0
2025-12-23T09:40:00-05:00,88.56,88.56,87.69,87.9,62527.0
2025-12-23T09:45:00-05:00,87.93,88.050003,87.62,87.79,49356.0
2025-12-23T09:50:00-05:00,87.6909,87.97,87.4501,87.47,32652.0
2025-12-23T09:55:00-05:00,87.5,87.59,86.9,87.15,58084.0
2025-12-23T10:00:00-05:00,87.21,87.5292,86.6,86.83,54609.0
2025-12-23T10:05:00-05:00,86.73,87.0,86.57,86.81,41598.0
2025-12-23T10:10:00-05:00,86.72,86.7504,86.43,86.57,32033.0
2025-12-23T10:15:00-05:00,86.59,87.0055008,86.59,87.0055008,43962.0
2025-12-23T10:20:00-05:00,86.95,87.095001,86.58,86.81,27962.0
2025-12-23T10:25:00-05:00,86.87,86.88,86.2631,86.36,28757.0
2025-12-23T10:30:00-05:00,86.35,86.67,86.35,86.56,11956.0
2025-12-23T10:35:00-05:00,86.62,86.95,86.62,86.92,19577.0
2025-12-23T10:40:00-05:00,86.91,87.010002,86.8,86.8,20729.0
2025-12-23T10:45:00-05:00,86.81,87.089996,86.71,87.0,38679.0
2025-12-23T10:50:00-05:00,87.029999,87.059998,86.87,86.91,16685.0
2025-12-23T10:55:00-05:00,86.93,87.249,86.93,87.16,28121.0
2025-12-23T11:00:00-05:00,87.12,87.2301,87.0,87.099998,25851.0
2025-12-23T11:05:00-05:00,87.099998,87.2435,87.099998,87.14,25594.0
2025-12-23T11:10:00-05:00,87.14,87.36,87.14,87.19,17829.0
2025-12-23T11:15:00-05:00,87.23,87.3095,87.13,87.2017,19999.0
2025-12-23T11:20:00-05:00,87.21,87.38,87.21,87.32,11780.0
2025-12-23T11:25:00-05:00,87.26,87.3251,87.15,87.175,15134.0
2025-12-23T11:30:00-05:00,87.19,87.38,87.080002,87.33,22613.0
2025-12-23T11:35:00-05:00,87.27,87.41,87.26,87.38,6837.0
2025-12-23T11:40:00-05:00,87.385,87.58,87.385,87.5533,26130.0
2025-12-23T11:45:00-05:00,87.56,87.64,87.5,87.64,16046.0
2025-12-23T11:50:00-05:00,87.64,87.8,87.63,87.7556,21555.0
2025-12-23T11:55:00-05:00,87.74,87.82,87.6717,87.68,20014.0
2025-12-23T12:00:00-05:00,87.65,87.99,87.59,87.94,72801.0
2025-12-23T12:05:00-05:00,87.93,88.0,87.8,87.81,17779.0
2025-12-23T12:10:00-05:00,87.85,87.9755,87.72,87.96,15897.0
2025-12-23T12:15:00-05:00,87.96,88.050003,87.84,88.029999,18274.0
2025-12-23T12:20:00-05:00,88.061501,88.14,88.029999,88.080002,41544.0
2025-12-23T12:25:00-05:00,88.099998,88.35,88.07,88.28,56743.0
2025-12-23T12:30:00-05:00,88.3,88.33,88.029999,88.0756,24010.0
2025-12-23T12:35:00-05:00,88.089996,88.16,88.050003,88.12,18120.0
2025-12-23T12:40:00-05:00,88.1201,88.21,88.12,88.165,17386.0
2025-12-23T12:45:00-05:00,88.16,88.18,87.95,88.040001,27828.0
2025-12-23T12:50:00-05:00,88.055,88.055,87.77,87.8,20816.0
2025-12-23T12:55:00-05:00,87.805,87.84,87.71,87.8,23188.0
2025-12-23T13:00:00-05:00,87.82,87.9,87.74,87.76,10544.0
2025-12-23T13:05:00-05:00,87.809,87.9299,87.71,87.88,24897.0
2025-12-23T13:10:00-05:00,87.8822,87.92,87.68,87.91,25646.0
2025-12-23T13:15:00-05:00,87.88,87.93,87.79,87.93,52844.0
2025-12-23T13:20:00-05:00,87.92,87.97,87.865,87.93,17475.0
2025-12-23T13:25:00-05:00,87.92,88.059898,87.92,87.9499,22784.0
2025-12-23T13:30:00-05:00,87.93,87.93,87.81,87.81,14287.0
2025-12-23T13:35:00-05:00,87.81,87.85,87.79,87.85,14780.0
2025-12-23T13:40:00-05:00,87.8401,87.89022,87.7637,87.89022,15183.0
2025-12-23T13:45:00-05:00,87.9,88.050003,87.9,87.9601,13438.0
2025-12-23T13:50:00-05:00,87.99,88.0,87.92,87.97,11289.0
2025-12-23T13:55:00-05:00,87.9727,88.2,87.95,88.18,39727.0
2025-12-23T14:00:00-05:00,88.19,88.43,88.19,88.3899,36429.0
2025-12-23T14:05:00-05:00,88.3619,88.4101,88.3028,88.342,8591.0
2025-12-23T14:10:00-05:00,88.3,88.43,88.285,88.38,20102.0
2025-12-23T14:15:00-05:00,88.3799,88.39,88.27,88.27,23659.0
2025-12-23T14:20:00-05:00,88.24,88.29,88.1301,88.19,18800.0
2025-12-23T14:25:00-05:00,88.19,88.35,88.16,88.31,16968.0
2025-12-23T14:30:00-05:00,88.32,88.37,88.23,88.3036,25774.0
2025-12-23T14:35:00-05:00,88.32,88.39,88.2705,88.29,11122.0
2025-12-23T14:40:00-05:00,88.32,88.38,88.26,88.37,11462.0
2025-12-23T14:45:00-05:00,88.38,88.4,88.31,88.36,29247.0
2025-12-23T14:50:00-05:00,88.36,88.395,88.285,88.395,19182.0
2025-12-23T14:55:00-05:00,88.35,88.3764,88.29,88.31,11090.0
2025-12-23T15:00:00-05:00,88.28,88.44,88.28,88.3607,20384.0
2025-12-23T15:05:00-05:00,88.36,88.44,88.33,88.44,14743.0
2025-12-23T15:10:00-05:00,88.42,88.5,88.42,88.47,24651.0
2025-12-23T15:15:00-05:00,88.5,88.58,88.5,88.58,14473.0
2025-12-23T15:20:00-05:00,88.5768,88.6798,88.57,88.665,36336.0
2025-12-23T15:25:00-05:00,88.69,88.7,88.45,88.5,29421.0
2025-12-23T15:30:00-05:00,88.5,88.58,88.475,88.53,20140.0
2025-12-23T15:35:00-05:00,88.5242,88.55,88.42,88.42,28892.0
2025-12-23T15:40:00-05:00,88.42,88.56,88.42,88.53,75420.0
2025-12-23T15:45:00-05:00,88.53,88.5875,88.481,88.57,110158.0
2025-12-23T15:50:00-05:00,88.57,88.57,88.41,88.495,201592.0
2025-12-23T15:55:00-05:00,88.49,88.58,88.32,88.36,266487.0
2025-12-24T09:30:00-05:00,87.95,88.29,87.15,87.43,165143.0
2025-12-24T09:35:00-05:00,87.455,87.47,86.21,86.38,109815.0
2025-12-24T09:40:00-05:00,86.26,87.040001,86.19,86.73,66779.0
2025-12-24T09:45:00-05:00,86.69,86.8,86.2,86.38,65443.0
2025-12-24T09:50:00-05:00,86.35,86.41,85.83,85.94,58221.0
2025-12-24T09:55:00-05:00,85.92,86.13,85.74,85.86,58082.0
2025-12-24T10:00:00-05:00,85.83,86.38,85.74,86.15,45237.0
2025-12-24T10:05:00-05:00,86.24,86.55,86.2059,86.49,22206.0
2025-12-24T10:10:00-05:00,86.4901,86.85,86.3,86.8099,25222.0
2025-12-24T10:15:00-05:00,86.75,86.93,86.2298,86.32,34984.0
2025-12-24T10:20:00-05:00,86.43,86.51,86.13,86.186,31607.0
2025-12-24T10:25:00-05:00,86.25,86.54,86.099998,86.45,58268.0
2025-12-24T10:30:00-05:00,86.455,86.7,86.45,86.48,21775.0
2025-12-24T10:35:00-05:00,86.45,86.519,86.050003,86.275,34576.0
2025-12-24T10:40:00-05:00,86.275,86.2827,86.019997,86.14,23892.0
2025-12-24T10:45:00-05:00,86.135,86.1955,85.85,86.1603,20668.0
2025-12-24T10:50:00-05:00,86.12,86.2878,86.059998,86.23,19134.0
2025-12-24T10:55:00-05:00,86.255,86.52,86.23,86.499,27424.0
2025-12-24T11:00:00-05:00,86.43,86.71,86.35,86.57,36014.0
2025-12-24T11:05:00-05:00,86.57,86.62,86.42,86.59,19030.0
2025-12-24T11:10:00-05:00,86.62,86.6751,86.38,86.38,18968.0
2025-12-24T11:15:00-05:00,86.3758,86.46,86.2415,86.39,18544.0
2025-12-24T11:20:00-05:00,86.405,86.45,86.2701,86.3801,8346.0
2025-12-24T11:25:00-05:00,86.4495,86.5035,86.42,86.425,7201.0
2025-12-24T11:30:00-05:00,86.45,86.59,86.45,86.5326,11648.0
2025-12-24T11:35:00-05:00,86.59,86.7599,86.59,86.675,18932.0
2025-12-24T11:40:00-05:00,86.65,86.7333,86.6,86.6507,8246.0
2025-12-24T11:45:00-05:00,86.61,86.6885,86.544,86.56,11548.0
2025-12-24T11:50:00-05:00,86.62,86.62,86.45,86.495,15416.0
2025-12-24T11:55:00-05:00,86.48,86.675,86.48,86.6387,11868.0
2025-12-24T12:00:00-05:00,86.69,86.69,86.58,86.6602,9531.0
2025-12-24T12:05:00-05:00,86.68,86.88,86.63,86.85,30327.0
2025-12-24T12:10:00-05:00,86.81,86.8716,86.76,86.835,27682.0
2025-12-24T12:15:00-05:00,86.848,86.895,86.77,86.8825,15282.0
2025-12-24T12:20:00-05:00,86.86,86.9692,86.76,86.76,17890.0
2025-12-24T12:25:00-05:00,86.735,86.8,86.6,86.74,7529.0
2025-12-24T12:30:00-05:00,86.765,86.97,86.765,86.93,17524.0
2025-12-24T12:35:00-05:00,86.9255,87.13,86.9255,87.084999,133154.0
2025-12-24T12:40:00-05:00,87.11,87.44,87.11,87.405,163932.0
2025-12-24T12:45:00-05:00,87.405,87.59,87.405,87.51,40240.0
2025-12-24T12:50:00-05:00,87.45,87.51,87.33,87.46,15058.0
2025-12-24T12:55:00-05:00,87.42,87.77,87.42,87.74,40341.0
2025-12-26T09:30:00-05:00,89.55,89.8082,88.58,88.78,209706.0
2025-12-26T09:35:00-05:00,88.8484,88.9185,88.45,88.56,123862.0
2025-12-26T09:40:00-05:00,88.57,88.68,88.0,88.17,55534.0
2025-12-26T09:45:00-05:00,88.2,88.23,87.6301,87.9,89056.0
2025-12-26T09:50:00-05:00,87.9412,88.0,87.63,87.7,39138.0
2025-12-26T09:55:00-05:00,87.72,88.25,87.7,88.019997,134392.0
2025-12-26T10:00:00-05:00,87.98,88.2,87.91,88.11,90892.0
2025-12-26T10:05:00-05:00,88.1062,88.59,88.099998,88.54,107582.0
2025-12-26T10:10:00-05:00,88.535,88.98,88.535,88.68,55405.0
2025-12-26T10:15:00-05:00,88.57,88.77,88.565,88.68,144390.0
2025-12-26T10:20:00-05:00,88.72,89.019302,88.6163,88.95,55540.0
2025-12-26T10:25:00-05:00,88.92,89.29,88.83,89.29,36491.0
2025-12-26T10:30:00-05:00,89.26,89.53,89.15,89.43,38269.0
2025-12-26T10:35:00-05:00,89.49,89.65,89.24,89.31,64974.0
2025-12-26T10:40:00-05:00,89.31,89.33,88.92,89.16,46205.0
2025-12-26T10:45:00-05:00,89.283,89.4,89.17,89.34,30850.0
2025-12-26T10:50:00-05:00,89.42,89.52,89.2301,89.41,26902.0
2025-12-26T10:55:00-05:00,89.38,89.62,89.34,89.53,24812.0
2025-12-26T11:00:00-05:00,89.55,89.8,89.51,89.7299,39712.0
2025-12-26T11:05:00-05:00,89.735,89.9087,89.5036,89.82,31676.0
2025-12-26T11:10:00-05:00,89.85,89.87,89.1701,89.29,41069.0
2025-12-26T11:15:00-05:00,89.3225,89.49,89.11,89.38,39838.0
2025-12-26T11:20:00-05:00,89.34,89.6799,89.33,89.65,23191.0
2025-12-26T11:25:00-05:00,89.64,89.705,89.405,89.59,30036.0
2025-12-26T11:30:00-05:00,89.58,89.63,89.47,89.47,12889.0
2025-12-26T11:35:00-05:00,89.54,89.77,89.54,89.725,29615.0
2025-12-26T11:40:00-05:00,89.78,89.78,89.62,89.65,14106.0
2025-12-26T11:45:00-05:00,89.628,89.69,89.46,89.49,26432.0
2025-12-26T11:50:00-05:00,89.4792,89.5699,89.21,89.47,20605.0
2025-12-26T11:55:00-05:00,89.485,89.66,89.36,89.38,13746.0
2025-12-26T12:00:00-05:00,89.37,89.57,89.3613,89.54,12560.0
2025-12-26T12:05:00-05:00,89.57,89.72,89.5201,89.59,9560.0
2025-12-26T12:10:00-05:00,89.575,89.6176,89.39,89.39,20831.0
2025-12-26T12:15:00-05:00,89.4,89.4799,89.25,89.4495,18660.0
2025-12-26T12:20:00-05:00,89.46,89.485,89.211,89.3715,17985.0
2025-12-26T12:25:00-05:00,89.405,89.5584,89.347,89.4,31056.0
2025-12-26T12:30:00-05:00,89.4,89.45,89.11,89.17,27370.0
2025-12-26T12:35:00-05:00,89.18,89.3675,89.12,89.36,20316.0
2025-12-26T12:40:00-05:00,89.355,89.46,89.2606,89.4,17215.0
2025-12-26T12:45:00-05:00,89.39,89.76,89.39,89.73,25540.0
2025-12-26T12:50:00-05:00,89.69,89.7299,89.38,89.46,10244.0
2025-12-26T12:55:00-05:00,89.56,89.59,89.5,89.53,14030.0
2025-12-26T13:00:00-05:00,89.5,89.61,89.38,89.53,18090.0
2025-12-26T13:05:00-05:00,89.53,89.59,89.44,89.44,10784.0
2025-12-26T13:10:00-05:00,89.445,89.55,89.43,89.51,13242.0
2025-12-26T13:15:00-05:00,89.48,89.62,89.48,89.53,16369.0
2025-12-26T13:20:00-05:00,89.57,89.85,89.57,89.83,50307.0
2025-12-26T13:25:00-05:00,89.8281,89.97,89.775,89.79,25014.0
2025-12-26T13:30:00-05:00,89.79,89.88,89.74,89.83,13462.0
2025-12-26T13:35:00-05:00,89.845,89.97,89.83,89.912,18856.0
2025-12-26T13:40:00-05:00,89.96,90.179,89.96,90.179,36308.0
2025-12-26T13:45:00-05:00,90.165,90.19,90.014999,90.050003,15453.0
2025-12-26T13:50:00-05:00,90.050003,90.21,90.040001,90.18,25315.0
2025-12-26T13:55:00-05:00,90.19,90.19,90.050003,90.080498,13520.0
2025-12-26T14:00:00-05:00,90.080002,90.095001,89.9,89.94,11375.0
2025-12-26T14:05:00-05:00,90.041298,90.041298,89.93,89.99,18475.0
2025-12-26T14:10:00-05:00,90.010002,90.13,89.96,90.12,25805.0
2025-12-26T14:15:00-05:00,90.13,90.27,90.109,90.245,16104.0
2025-12-26T14:20:00-05:00,90.255,90.26,90.009201,90.070099,12321.0
2025-12-26T14:25:00-05:00,90.099998,90.099998,89.97,89.99,163309.0
2025-12-26T14:30:00-05:00,90.010696,90.019997,89.87,89.92,23361.0
2025-12-26T14:35:00-05:00,89.925,89.97,89.87,89.9613,47105.0
2025-12-26T14:40:00-05:00,89.955,90.07,89.9112,89.93,35283.0
2025-12-26T14:45:00-05:00,89.96,89.99,89.79,89.83,22966.0
2025-12-26T14:50:00-05:00,89.78,89.82,89.73,89.7901,19566.0
2025-12-26T14:55:00-05:00,89.75,89.915,89.71,89.825,24614.0
2025-12-26T15:00:00-05:00,89.825,90.17,89.82,90.145,19068.0
2025-12-26T15:05:00-05:00,90.16,90.22,90.099998,90.14,39333.0
2025-12-26T15:10:00-05:00,90.15,90.22,90.059998,90.205,35436.0
2025-12-26T15:15:00-05:00,90.1932,90.29,90.029999,90.050003,41959.0
2025-12-26T15:20:00-05:00,90.050003,90.14,89.92,90.0,35793.0
2025-12-26T15:25:00-05:00,90.0,90.059998,89.91,89.95,46627.0
2025-12-26T15:30:00-05:00,89.95,90.040001,89.9,89.95,35105.0
2025-12-26T15:35:00-05:00,90.010002,90.13,89.96,90.038803,34228.0
2025-12-26T15:40:00-05:00,90.040001,90.074997,89.93,90.068703,28827.0
2025-12-26T15:45:00-05:00,90.059998,90.17,89.9662,89.99,65136.0
2025-12-26T15:50:00-05:00,90.010002,90.010002,89.85,89.98,91816.0
2025-12-26T15:55:00-05:00,89.99,90.16,89.91,90.050003,164809.0
2025-12-29T09:30:00-05:00,85.998,86.050003,84.56,85.92,661552.0
2025-12-29T09:35:00-05:00,85.905,86.2,85.080002,85.1329,287640.0
2025-12-29T09:40:00-05:00,85.14,85.54,84.76,85.44,146305.0
2025-12-29T09:45:00-05:00,85.44,85.619,84.91,85.080002,85677.0
2025-12-29T09:50:00-05:00,85.059998,85.49,84.79,85.19,126231.0
2025-12-29T09:55:00-05:00,85.2,85.55,85.044998,85.2,45226.0
2025-12-29T10:00:00-05:00,85.2,85.24,84.9272,84.95,190663.0
2025-12-29T10:05:00-05:00,84.99,85.33,84.57,84.885,214674.0
2025-12-29T10:10:00-05:00,84.856,85.07,84.5336,85.07,115456.0
2025-12-29T10:15:00-05:00,85.059998,85.1999,84.72,84.7478,41793.0
2025-12-29T10:20:00-05:00,84.75,84.785,83.94,84.25,132623.0
2025-12-29T10:25:00-05:00,84.3,84.64,84.2501,84.28,45525.0
2025-12-29T10:30:00-05:00,84.32,84.44,83.97,84.44,34723.0
2025-12-29T10:35:00-05:00,84.44,84.68,84.36,84.52,40379.0
2025-12-29T10:40:00-05:00,84.5132,84.94,84.484,84.81,34922.0
2025-12-29T10:45:00-05:00,84.8,85.215,84.7785,84.9561,48585.0
2025-12-29T10:50:00-05:00,84.98,85.07,84.781,84.97,33969.0
2025-12-29T10:55:00-05:00,84.9784,85.628,84.9679,85.5174,48617.0
2025-12-29T11:00:00-05:00,85.5599,86.074997,85.5,85.98,66161.0
2025-12-29T11:05:00-05:00,85.98,86.45,85.83,86.38,87875.0
2025-12-29T11:10:00-05:00,86.38,86.7,86.124,86.34,53595.0
2025-12-29T11:15:00-05:00,86.37,86.39,85.693,85.835,35031.0
2025-12-29T11:20:00-05:00,85.825,86.21,85.7401,86.12,41514.0
2025-12-29T11:25:00-05:00,86.13,86.13,85.81,85.83,30206.0
2025-12-29T11:30:00-05:00,85.95,86.099998,85.87,85.99,20964.0
2025-12-29T11:35:00-05:00,85.98,86.1599,85.87,86.059998,59898.0
2025-12-29T11:40:00-05:00,86.080002,86.089996,85.78,85.95,24292.0
2025-12-29T11:45:00-05:00,85.9468,86.2,85.9468,86.07,30391.0
2025-12-29T11:50:00-05:00,86.081001,86.4,86.010002,86.32,32252.0
2025-12-29T11:55:00-05:00,86.32,86.47,86.17,86.185,29751.0
2025-12-29T12:00:00-05:00,86.18,86.35,86.099998,86.21,124223.0
2025-12-29T12:05:00-05:00,86.24,86.255,85.9,85.915,24684.0
2025-12-29T12:10:00-05:00,85.905,86.089996,85.86,86.042702,18520.0
2025-12-29T12:15:00-05:00,86.050003,86.1694,85.95,85.95,42071.0
2025-12-29T12:20:00-05:00,85.84,85.86,85.66,85.66,26142.0
2025-12-29T12:25:00-05:00,85.68,85.685,85.545,85.685,44660.0
2025-12-29T12:30:00-05:00,85.69,85.695,85.51,85.5428,19611.0
2025-12-29T12:35:00-05:00,85.55,85.64,85.37,85.38,42307.0
2025-12-29T12:40:00-05:00,85.38,85.49,85.3,85.335,33587.0
2025-12-29T12:45:00-05:00,85.37,85.5,85.2689,85.31,76485.0
2025-12-29T12:50:00-05:00,85.33,85.4,85.27,85.34,23226.0
2025-12-29T12:55:00-05:00,85.33,85.47,85.295,85.36,24684.0
2025-12-29T13:00:00-05:00,85.38,85.41,85.235,85.27,44630.0
2025-12-29T13:05:00-05:00,85.27,85.33,85.105,85.22,24004.0
2025-12-29T13:10:00-05:00,85.2,85.2,85.010002,85.050003,30674.0
2025-12-29T13:15:00-05:00,85.07,85.15,84.99,85.029999,71963.0
2025-12-29T13:20:00-05:00,85.040001,85.105,84.87,84.98,58401.0
2025-12-29T13:25:00-05:00,85.010002,85.07,84.71,84.825,110723.0
2025-12-29T13:30:00-05:00,84.81,84.87,84.68,84.725,44622.0
2025-12-29T13:35:00-05:00,84.75,85.010002,84.75,84.88,45155.0
2025-12-29T13:40:00-05:00,84.8732,84.88,84.655,84.692,22377.0
2025-12-29T13:45:00-05:00,84.69,84.855,84.69,84.735,55449.0
2025-12-29T13:50:00-05:00,84.74,84.99,84.72,84.97,52880.0
2025-12-29T13:55:00-05:00,84.965,85.084999,84.825,84.85,99297.0
2025-12-29T14:00:00-05:00,84.88,84.9991,84.78,84.9991,31234.0
2025-12-29T14:05:00-05:00,85.0,85.019997,84.82,84.89,154825.0
2025-12-29T14:10:00-05:00,84.86,85.0,84.835,85.0,135286.0
2025-12-29T14:15:00-05:00,85.0,85.0,84.8,84.8,57830.0
2025-12-29T14:20:00-05:00,84.83,84.92,84.83,84.85,61283.0
2025-12-29T14:25:00-05:00,84.82,84.91,84.81,84.84,17403.0
2025-12-29T14:30:00-05:00,84.86,85.1998,84.86,85.1386,19767.0
2025-12-29T14:35:00-05:00,85.15,85.1708,85.0049973,85.014702,9620.0
2025-12-29T14:40:00-05:00,85.029999,85.18,84.97,85.11,12927.0
2025-12-29T14:45:00-05:00,85.115,85.2,85.07,85.115,11780.0
2025-12-29T14:50:00-05:00,85.099998,85.27,85.099998,85.229,15242.0
2025-12-29T14:55:00-05:00,85.2305,85.45,85.2305,85.29,11744.0
2025-12-29T15:00:00-05:00,85.28,85.6372,85.27,85.59,27775.0
2025-12-29T15:05:00-05:00,85.62,85.67,85.52,85.52,17191.0
2025-12-29T15:10:00-05:00,85.5094,85.755,85.49,85.747,20483.0
2025-12-29T15:15:00-05:00,85.73,85.84,85.67,85.82,53089.0
2025-12-29T15:20:00-05:00,85.82,85.85,85.67,85.695,43439.0
2025-12-29T15:25:00-05:00,85.695,85.78,85.6676,85.72,55237.0
2025-12-29T15:30:00-05:00,85.74,85.75,85.46,85.475,27657.0
2025-12-29T15:35:00-05:00,85.47,85.5,85.22,85.4219,29022.0
2025-12-29T15:40:00-05:00,85.4036,85.47,85.27,85.42,63291.0
2025-12-29T15:45:00-05:00,85.41,85.42,85.28,85.34,141873.0
2025-12-29T15:50:00-05:00,85.32,85.32,85.07,85.099998,88866.0
2025-12-29T15:55:00-05:00,85.11,85.27,85.059998,85.21,244468.0
2025-12-30T09:30:00-05:00,86.67,86.75,85.64,85.88,336555.0
2025-12-30T09:35:00-05:00,85.93,85.95,85.030098,85.23,217677.0
2025-12-30T09:40:00-05:00,85.18,85.3386,84.765,85.1697,101698.0
2025-12-30T09:45:00-05:00,85.1617,85.1617,84.52,84.6801,103898.0
2025-12-30T09:50:00-05:00,84.675,85.145,84.62,85.0,102577.0
2025-12-30T09:55:00-05:00,85.010002,85.18,84.83,85.029999,53088.0
2025-12-30T10:00:00-05:00,85.019997,85.2399,84.8,84.96,49295.0
2025-12-30T10:05:00-05:00,84.99,85.2099,84.82,84.99,32843.0
2025-12-30T10:10:00-05:00,84.93,85.1736,84.81,85.12,55328.0
2025-12-30T10:15:00-05:00,85.22,85.5,85.14,85.48,32737.0
2025-12-30T10:20:00-05:00,85.51,85.6,85.3101,85.38,93301.0
2025-12-30T10:25:00-05:00,85.38,85.46,85.19,85.23,27091.0
2025-12-30T10:30:00-05:00,85.24,85.4676,85.15,85.33,46420.0
2025-12-30T10:35:00-05:00,85.32,85.7857,85.32,85.76,43815.0
2025-12-30T10:40:00-05:00,85.75,86.059998,85.37,85.6,81236.0
2025-12-30T10:45:00-05:00,85.7078,85.83,85.59,85.75,30600.0
2025-12-30T10:50:00-05:00,85.77,85.9361,85.7,85.8,20368.0
2025-12-30T10:55:00-05:00,85.8,85.8699,85.6,85.6,11738.0
2025-12-30T11:00:00-05:00,85.54,85.6956,85.48,85.51,15703.0
2025-12-30T11:05:00-05:00,85.5115,85.57,85.41,85.46,17571.0
2025-12-30T11:10:00-05:00,85.424,85.6298,85.424,85.56,14182.0
2025-12-30T11:15:00-05:00,85.6,85.88,85.57,85.71,17386.0
2025-12-30T11:20:00-05:00,85.745,85.7915,85.64,85.77,8524.0
2025-12-30T11:25:00-05:00,85.73,85.9108,85.64,85.89,12492.0
2025-12-30T11:30:00-05:00,85.865,85.865,85.7028,85.72,14672.0
2025-12-30T11:35:00-05:00,85.71,85.74,85.644,85.68,11073.0
2025-12-30T11:40:00-05:00,85.74,85.9,85.735,85.87,9439.0
2025-12-30T11:45:00-05:00,85.88,85.9,85.83,85.86,16894.0
2025-12-30T11:50:00-05:00,85.8633,85.94,85.83,85.9,14736.0
2025-12-30T11:55:00-05:00,85.92,86.2892,85.92,86.235,60540.0
2025-12-30T12:00:00-05:00,86.2,86.378,86.15,86.1744,29852.0
2025-12-30T12:05:00-05:00,86.2,86.395,86.2,86.27,20715.0
2025-12-30T12:10:00-05:00,86.3095,86.3458,86.2,86.2391,12403.0
2025-12-30T12:15:00-05:00,86.24,86.43,86.23,86.4299,50380.0
2025-12-30T12:20:00-05:00,86.415,86.475,86.26,86.44,26399.0
2025-12-30T12:25:00-05:00,86.4599,86.56,86.4244,86.52,18816.0
2025-12-30T12:30:00-05:00,86.49,86.649,86.49,86.5076,21767.0
2025-12-30T12:35:00-05:00,86.54,86.57,86.38,86.5132,31207.0
2025-12-30T12:40:00-05:00,86.54,86.54,86.27,86.38,16264.0
2025-12-30T12:45:00-05:00,86.37,86.4124,86.22,86.2481,9843.0
2025-12-30T12:50:00-05:00,86.2494,86.33,86.2032,86.3,11538.0
2025-12-30T12:55:00-05:00,86.305,86.34,86.1701,86.22,11533.0
2025-12-30T13:00:00-05:00,86.2599,86.38,86.1579,86.38,13025.0
2025-12-30T13:05:00-05:00,86.39,86.49,86.39,86.4,18336.0
2025-12-30T13:10:00-05:00,86.46,86.5545,86.46,86.495,15791.0
2025-12-30T13:15:00-05:00,86.48,86.54,86.373,86.5,14993.0
2025-12-30T13:20:00-05:00,86.5143,86.62,86.47,86.61,22720.0
2025-12-30T13:25:00-05:00,86.6,86.6624,86.56,86.6,19233.0
2025-12-30T13:30:00-05:00,86.61,86.61,86.47,86.51,19326.0
2025-12-30T13:35:00-05:00,86.51,86.6,86.46,86.48,13152.0
2025-12-30T13:40:00-05:00,86.47,86.49,86.38,86.465,19334.0
2025-12-30T13:45:00-05:00,86.445,86.47,86.3664,86.46,28816.0
2025-12-30T13:50:00-05:00,86.46,86.5,86.38,86.385,26920.0
2025-12-30T13:55:00-05:00,86.38,86.405,86.35,86.37,20884.0
2025-12-30T14:00:00-05:00,86.41,86.4408,86.27,86.4099,17677.0
2025-12-30T14:05:00-05:00,86.39,86.39,86.23,86.28,12641.0
2025-12-30T14:10:00-05:00,86.29,86.3849,86.29,86.32,10736.0
2025-12-30T14:15:00-05:00,86.32,86.34,86.24,86.26,14661.0
2025-12-30T14:20:00-05:00,86.25,86.35,86.24,86.35,10905.0
2025-12-30T14:25:00-05:00,86.39,86.39,86.2851,86.36,14684.0
2025-12-30T14:30:00-05:00,86.36,86.37,86.19,86.2,22983.0
2025-12-30T14:35:00-05:00,86.19,86.2776,86.18,86.2776,13661.0
2025-12-30T14:40:00-05:00,86.28,86.29,86.2218,86.245,14880.0
2025-12-30T14:45:00-05:00,86.24,86.24,85.7518,85.8,40629.0
2025-12-30T14:50:00-05:00,85.79,85.97,85.6,85.6719,41518.0
2025-12-30T14:55:00-05:00,85.69,85.715,85.495,85.6,39645.0
2025-12-30T15:00:00-05:00,85.6,85.755,85.4778,85.62,23458.0
2025-12-30T15:05:00-05:00,85.545,85.62,85.35,85.4532,34725.0
2025-12-30T15:10:00-05:00,85.4401,85.65,85.43,85.61,27237.0
2025-12-30T15:15:00-05:00,85.61,85.86,85.56,85.805,82145.0
2025-12-30T15:20:00-05:00,85.83,86.029999,85.75,86.0,75562.0
2025-12-30T15:25:00-05:00,86.019997,86.07,85.92,85.92,36194.0
2025-12-30T15:30:00-05:00,85.935,85.99,85.91,85.91,57506.0
2025-12-30T15:35:00-05:00,85.9,85.945,85.85,85.88,51629.0
2025-12-30T15:40:00-05:00,85.885,85.9,85.635,85.67,72788.0
2025-12-30T15:45:00-05:00,85.67,85.73,85.57,85.66,83608.0
2025-12-30T15:50:00-05:00,85.65,85.66,85.38,85.41,155495.0
2025-12-30T15:55:00-05:00,85.42,85.56,85.395,85.47,294207.0
2025-12-31T09:30:00-05:00,83.78,84.78,83.76,84.61,218573.0
2025-12-31T09:35:00-05:00,84.73,84.85,84.25,84.26,75587.0
2025-12-31T09:40:00-05:00,84.313,85.040001,84.18,85.022598,103658.0
2025-12-31T09:45:00-05:00,84.99,85.34,84.74,85.226,49354.0
2025-12-31T09:50:00-05:00,85.285,85.77,85.23,85.555,73354.0
2025-12-31T09:55:00-05:00,85.61,85.8299,85.43,85.49,19126.0
2025-12-31T10:00:00-05:00,85.41,85.56,85.19,85.19,14990.0
2025-12-31T10:05:00-05:00,85.2231,85.3715,85.0,85.025002,23952.0
2025-12-31T10:10:00-05:00,84.97,85.044998,84.75,84.84,16909.0
2025-12-31T10:15:00-05:00,84.92,84.96,84.68,84.9592,20815.0
2025-12-31T10:20:00-05:00,84.855,85.080002,84.7975,85.080002,78018.0
2025-12-31T10:25:00-05:00,85.044998,85.25,84.94,85.135,29359.0
2025-12-31T10:30:00-05:00,85.16,85.29,85.040001,85.115,10205.0
2025-12-31T10:35:00-05:00,85.11,85.21,84.9354,84.9354,11211.0
2025-12-31T10:40:00-05:00,84.89,84.995,84.7512,84.85,13335.0
2025-12-31T10:45:00-05:00,84.8485,84.985,84.825,84.965,14844.0
2025-12-31T10:50:00-05:00,84.94,85.21,84.94,85.125,16783.0
2025-12-31T10:55:00-05:00,85.099998,85.26,85.010002,85.26,24642.0
2025-12-31T11:00:00-05:00,85.275,85.3058,84.92,84.95,20441.0
2025-12-31T11:05:00-05:00,84.91,85.0,84.8388,84.91,16998.0
2025-12-31T11:10:00-05:00,84.88,84.92,84.725,84.76,8958.0
2025-12-31T11:15:00-05:00,84.71,84.89,84.69,84.89,12610.0
2025-12-31T11:20:00-05:00,84.893,84.95,84.7702,84.94,24825.0
2025-12-31T11:25:00-05:00,84.9,84.95,84.755,84.79,17104.0
2025-12-31T11:30:00-05:00,84.795,84.93,84.765,84.7851,47897.0
2025-12-31T11:35:00-05:00,84.69,84.7199,84.57,84.596,13154.0
2025-12-31T11:40:00-05:00,84.6109,84.668,84.58,84.62,8721.0
2025-12-31T11:45:00-05:00,84.625,84.82,84.575,84.82,11499.0
2025-12-31T11:50:00-05:00,84.8,84.895,84.78,84.84,17742.0
2025-12-31T11:55:00-05:00,84.84,84.92,84.77,84.86,9142.0
2025-12-31T12:00:00-05:00,84.88,84.965,84.82,84.82,13821.0
2025-12-31T12:05:00-05:00,84.8666,84.8695,84.71,84.79,12090.0
2025-12-31T12:10:00-05:00,84.74,84.77,84.665,84.665,34378.0
2025-12-31T12:15:00-05:00,84.68,84.7,84.63,84.63,39104.0
2025-12-31T12:20:00-05:00,84.63,84.64,84.48,84.56,58019.0
2025-12-31T12:25:00-05:00,84.57,84.58,84.445,84.445,96244.0
2025-12-31T12:30:00-05:00,84.44,84.53,84.38,84.44,161094.0
2025-12-31T12:35:00-05:00,84.46,84.55,84.45,84.48,58029.0
2025-12-31T12:40:00-05:00,84.47,84.475,84.24,84.26,63507.0
2025-12-31T12:45:00-05:00,84.26,84.33,84.185,84.22,78332.0
2025-12-31T12:50:00-05:00,84.22,84.3,84.17,84.27,36966.0
2025-12-31T12:55:00-05:00,84.26,84.26,84.13,84.175,29286.0
2025-12-31T13:00:00-05:00,84.1618,84.39,84.16,84.31,39167.0
2025-12-31T13:05:00-05:00,84.31,84.33,84.23,84.25,45794.0
2025-12-31T13:10:00-05:00,84.245,84.3,84.19,84.3,38183.0
2025-12-31T13:15:00-05:00,84.29,84.39,84.2,84.2,41988.0
2025-12-31T13:20:00-05:00,84.18,84.21,84.050003,84.149,45267.0
2025-12-31T13:25:00-05:00,84.16,84.25,84.105,84.22,39607.0
2025-12-31T13:30:00-05:00,84.22,84.2293,84.020103,84.084999,52179.0
2025-12-31T13:35:00-05:00,84.084999,84.33,84.084999,84.22,26534.0
2025-12-31T13:40:00-05:00,84.22,84.24,84.010002,84.07,39600.0
2025-12-31T13:45:00-05:00,84.07,84.080002,83.94,84.050003,40273.0
2025-12-31T13:50:00-05:00,84.029999,84.07,83.965,84.010002,37628.0
2025-12-31T13:55:00-05:00,83.995,84.089996,83.985,84.059998,41462.0
2025-12-31T14:00:00-05:00,84.059998,84.1301,84.014999,84.084999,38936.0
2025-12-31T14:05:00-05:00,84.059998,84.07,83.8701,83.89,42594.0
2025-12-31T14:10:00-05:00,83.89,83.94,83.845,83.915,87917.0
2025-12-31T14:15:00-05:00,83.92,83.935,83.77,83.78,56076.0
2025-12-31T14:20:00-05:00,83.79,83.835,83.77,83.79,45930.0
2025-12-31T14:25:00-05:00,83.76,83.76,83.61,83.645,50908.0
2025-12-31T14:30:00-05:00,83.66,83.66,83.41,83.46,88323.0
2025-12-31T14:35:00-05:00,83.46,83.59,83.31,83.45,80513.0
2025-12-31T14:40:00-05:00,83.46,83.64,83.46,83.58,62693.0
2025-12-31T14:45:00-05:00,83.575,83.6997,83.5,83.51,99888.0
2025-12-31T14:50:00-05:00,83.5,83.58,83.46,83.55,51602.0
2025-12-31T14:55:00-05:00,83.55,83.5515,83.4,83.45,62131.0
2025-12-31T15:00:00-05:00,83.46,83.49,83.3,83.335,90844.0
2025-12-31T15:05:00-05:00,83.335,83.43,83.335,83.37,62578.0
2025-12-31T15:10:00-05:00,83.37,83.51,83.35,83.49,58842.0
2025-12-31T15:15:00-05:00,83.495,83.63,83.49,83.565,88056.0
2025-12-31T15:20:00-05:00,83.55,83.55,83.345,83.44,104710.0
2025-12-31T15:25:00-05:00,83.44,83.48,83.395,83.43,82715.0
2025-12-31T15:30:00-05:00,83.43,83.68,83.42,83.68,164320.0
2025-12-31T15:35:00-05:00,83.67,83.76,83.62,83.625,45869.0
2025-12-31T15:40:00-05:00,83.62,83.86,83.618,83.735,168422.0
2025-12-31T15:45:00-05:00,83.735,83.74,83.62,83.674,86999.0
2025-12-31T15:50:00-05:00,83.65,83.655,83.38,83.45,78915.0
2025-12-31T15:55:00-05:00,83.45,83.66,83.395,83.47,127187.0
2026-01-02T09:30:00-05:00,85.65,85.8,84.81,84.81,324562.0
2026-01-02T09:35:00-05:00,84.77,84.89,84.33,84.33,138275.0
2026-01-02T09:40:00-05:00,84.37,84.5527,84.19,84.465,68334.0
2026-01-02T09:45:00-05:00,84.53,85.15,84.3,85.15,50037.0
2026-01-02T09:50:00-05:00,85.089996,85.36,84.685,84.77,100921.0
2026-01-02T09:55:00-05:00,84.72,84.87,84.36,84.38,40459.0
2026-01-02T10:00:00-05:00,84.37,84.69,84.26,84.34,45198.0
2026-01-02T10:05:00-05:00,84.14,84.14,83.7,83.8,50986.0
2026-01-02T10:10:00-05:00,83.796,83.95,83.37,83.64,42011.0
2026-01-02T10:15:00-05:00,83.62,83.75,83.33,83.7427,28718.0
2026-01-02T10:20:00-05:00,83.69,83.79,83.33,83.47,43612.0
2026-01-02T10:25:00-05:00,83.55,83.89,83.39,83.595,27700.0
2026-01-02T10:30:00-05:00,83.525,83.66,83.4,83.54,25965.0
2026-01-02T10:35:00-05:00,83.5205,83.8819,83.5205,83.8074,22077.0
2026-01-02T10:40:00-05:00,83.82,84.11,83.82,83.91,49013.0
2026-01-02T10:45:00-05:00,83.965,84.0,83.54,83.63,37271.0
2026-01-02T10:50:00-05:00,83.63,83.73,83.37,83.375,25560.0
2026-01-02T10:55:00-05:00,83.375,83.43,82.97,83.019997,59751.0
2026-01-02T11:00:00-05:00,83.019997,83.2,82.45,82.535,71324.0
2026-01-02T11:05:00-05:00,82.53,82.58,82.16,82.22,62544.0
2026-01-02T11:10:00-05:00,82.21,82.4,82.084999,82.29,33692.0
2026-01-02T11:15:00-05:00,82.28,82.4317,81.702,81.77,51505.0
2026-01-02T11:20:00-05:00,81.78,81.87,81.13,81.24,74917.0
2026-01-02T11:25:00-05:00,81.22,81.44,81.15,81.37,34259.0
2026-01-02T11:30:00-05:00,81.27,81.28,80.85,81.099998,38108.0
2026-01-02T11:35:00-05:00,81.099998,81.43,80.98,81.059998,53052.0
2026-01-02T11:40:00-05:00,81.059998,81.46,81.059998,81.36,86517.0
2026-01-02T11:45:00-05:00,81.34,81.59,81.28,81.4,46268.0
2026-01-02T11:50:00-05:00,81.43,81.545,81.23,81.43,60620.0
2026-01-02T11:55:00-05:00,81.47,81.609,81.4,81.51,31082.0
2026-01-02T12:00:00-05:00,81.47,81.565,81.38,81.49,26566.0
2026-01-02T12:05:00-05:00,81.55,81.62,81.41,81.49,55126.0
2026-01-02T12:10:00-05:00,81.48,81.88,81.45,81.83,38048.0
2026-01-02T12:15:00-05:00,81.84,82.040001,81.78,81.78,44303.0
2026-01-02T12:20:00-05:00,81.79,81.92,81.675,81.675,29246.0
2026-01-02T12:25:00-05:00,81.65,81.8,81.59,81.8,35009.0
2026-01-02T12:30:00-05:00,81.88,81.98,81.72,81.89,19793.0
2026-01-02T12:35:00-05:00,81.89,81.96,81.75,81.8,17637.0
2026-01-02T12:40:00-05:00,81.82,81.8216,81.6469,81.655,17993.0
2026-01-02T12:45:00-05:00,81.66,81.7,81.53,81.58,79996.0
2026-01-02T12:50:00-05:00,81.58,81.72,81.54,81.65,31469.0
2026-01-02T12:55:00-05:00,81.66,81.74,81.53,81.55,21425.0
2026-01-02T13:00:00-05:00,81.53,81.6,81.46,81.46,26265.0
2026-01-02T13:05:00-05:00,81.46,81.52,81.26,81.323,23941.0
2026-01-02T13:10:00-05:00,81.32,81.35,81.080002,81.089996,254514.0
2026-01-02T13:15:00-05:00,81.11,81.18,80.94,81.13,51392.0
2026-01-02T13:20:00-05:00,81.16,81.275,81.010002,81.099998,34771.0
2026-01-02T13:25:00-05:00,81.105,81.14,80.9305,81.014198,25971.0
2026-01-02T13:30:00-05:00,81.0049973,81.040001,80.92,80.9501,19885.0
2026-01-02T13:35:00-05:00,80.99,81.1375,80.86,81.025002,18019.0
2026-01-02T13:40:00-05:00,81.025497,81.050003,80.9165,80.995,31417.0
2026-01-02T13:45:00-05:00,80.98,81.040001,80.86,80.865,17299.0
2026-01-02T13:50:00-05:00,80.84,80.954,80.77,80.9301,26977.0
2026-01-02T13:55:00-05:00,80.95,80.99,80.85,80.99,18250.0
2026-01-02T14:00:00-05:00,81.019997,81.32,81.019997,81.26,22892.0
2026-01-02T14:05:00-05:00,81.31,81.58,81.31,81.58,29738.0
2026-01-02T14:10:00-05:00,81.58,81.81,81.56,81.81,21860.0
2026-01-02T14:15:00-05:00,81.83,81.88,81.7433,81.7846,27184.0
2026-01-02T14:20:00-05:00,81.76,81.7929,81.61,81.73,16253.0
2026-01-02T14:25:00-05:00,81.7,81.82,81.69,81.82,11227.0
2026-01-02T14:30:00-05:00,81.85,82.080002,81.83,82.010002,53628.0
2026-01-02T14:35:00-05:00,82.029999,82.38,82.0,82.31,53197.0
2026-01-02T14:40:00-05:00,82.31,82.5,82.31,82.31,33237.0
2026-01-02T14:45:00-05:00,82.34,82.3599,82.22,82.25,27498.0
2026-01-02T14:50:00-05:00,82.25,82.255,81.97,82.029999,22996.0
2026-01-02T14:55:00-05:00,82.029999,82.065002,81.93,81.95,26145.0
2026-01-02T15:00:00-05:00,81.935,82.019997,81.85,81.9978,38449.0
2026-01-02T15:05:00-05:00,82.0,82.11,81.96,82.099998,57743.0
2026-01-02T15:10:00-05:00,82.15,82.25,82.125,82.2,45358.0
2026-01-02T15:15:00-05:00,82.2,82.37,82.11,82.3641,55901.0
2026-01-02T15:20:00-05:00,82.37,82.7,82.37,82.67,76275.0
2026-01-02T15:25:00-05:00,82.669,82.85,82.66,82.76,59214.0
2026-01-02T15:30:00-05:00,82.76,82.76,82.52,82.6,229872.0
2026-01-02T15:35:00-05:00,82.605,82.74,82.5836,82.64,34417.0
2026-01-02T15:40:00-05:00,82.6381,82.6621,82.54,82.55,63557.0
2026-01-02T15:45:00-05:00,82.56,82.6063,82.495,82.56,37045.0
2026-01-02T15:50:00-05:00,82.56,82.78,82.53,82.68,61072.0
2026-01-02T15:55:00-05:00,82.67,83.040001,82.61,83.040001,183865.0
2026-01-05T09:30:00-05:00,85.145,85.6,84.75,85.4046,294384.0
2026-01-05T09:35:00-05:00,85.4,85.83,84.93,85.82,84555.0
2026-01-05T09:40:00-05:00,85.77,86.245,85.51,86.225,91944.0
2026-01-05T09:45:00-05:00,86.21,87.050003,86.16,86.925,120552.0
2026-01-05T09:50:00-05:00,86.94,87.6,86.8801,87.55,108866.0
2026-01-05T09:55:00-05:00,87.57,87.97,87.48,87.915,132684.0
2026-01-05T10:00:00-05:00,87.98,88.78,87.72,88.6322,85988.0
2026-01-05T10:05:00-05:00,88.71,88.8793,88.34,88.62,97466.0
2026-01-05T10:10:00-05:00,88.6,88.72,88.1567,88.28,105098.0
2026-01-05T10:15:00-05:00,88.19,88.4,88.11,88.343,102025.0
2026-01-05T10:20:00-05:00,88.355,88.45,88.22,88.2885,65198.0
2026-01-05T10:25:00-05:00,88.28,88.29,87.9401,87.9401,57949.0
2026-01-05T10:30:00-05:00,88.0,88.0,87.663,87.9093,50031.0
2026-01-05T10:35:00-05:00,87.87,87.9,87.4781,87.65,38469.0
2026-01-05T10:40:00-05:00,87.605,87.86,87.4,87.75,45384.0
2026-01-05T10:45:00-05:00,87.76,87.99,87.43,87.5,67936.0
2026-01-05T10:50:00-05:00,87.49,87.56,87.4,87.49,65734.0
2026-01-05T10:55:00-05:00,87.47,87.81,87.44,87.6948,59956.0
2026-01-05T11:00:00-05:00,87.69,87.75,87.49,87.59,41252.0
2026-01-05T11:05:00-05:00,87.59,87.6,87.07,87.18,56814.0
2026-01-05T11:10:00-05:00,87.13,87.32,86.98,87.31,17246.0
2026-01-05T11:15:00-05:00,87.32,87.49,87.095001,87.12,18617.0
2026-01-05T11:20:00-05:00,87.13,87.21,87.080002,87.16,17140.0
2026-01-05T11:25:00-05:00,87.175,87.185,86.8171,86.84,24156.0
2026-01-05T11:30:00-05:00,86.86,87.012703,86.84,86.99,14378.0
2026-01-05T11:35:00-05:00,86.97,87.285,86.96,87.16,32954.0
2026-01-05T11:40:00-05:00,87.185,87.27,86.99,86.99,39776.0
2026-01-05T11:45:00-05:00,86.975,87.3674,86.975,87.3674,16838.0
2026-01-05T11:50:00-05:00,87.37,87.49,87.2851,87.3091,31270.0
2026-01-05T11:55:00-05:00,87.28,87.28,86.775,86.81,17434.0
2026-01-05T12:00:00-05:00,86.76,86.76,86.44,86.56,24300.0
2026-01-05T12:05:00-05:00,86.54,86.765,86.52,86.765,8735.0
2026-01-05T12:10:00-05:00,86.81,86.81,86.62155,86.745,15739.0
2026-01-05T12:15:00-05:00,86.75,86.96,86.7119,86.9399,26699.0
2026-01-05T12:20:00-05:00,86.9469,87.21,86.92,87.080002,19357.0
2026-01-05T12:25:00-05:00,87.099998,87.15,87.059998,87.13,9387.0
2026-01-05T12:30:00-05:00,87.13,87.13,86.99,87.040001,21981.0
2026-01-05T12:35:00-05:00,87.019997,87.12,86.99,87.019997,11670.0
2026-01-05T12:40:00-05:00,87.000099182,87.07,86.65,86.655,13913.0
2026-01-05T12:45:00-05:00,86.7,86.79,86.6505,86.72,13988.0
2026-01-05T12:50:00-05:00,86.76,86.94,86.67,86.88,17457.0
2026-01-05T12:55:00-05:00,86.87,87.035004,86.86,86.98,8222.0
2026-01-05T13:00:00-05:00,86.98,87.019997,86.89,87.019997,7671.0
2026-01-05T13:05:00-05:00,86.98,87.195,86.98,87.12,11216.0
2026-01-05T13:10:00-05:00,87.089996,87.27,87.089996,87.145,13564.0
2026-01-05T13:15:00-05:00,87.11,87.2716,87.07,87.2716,8795.0
2026-01-05T13:20:00-05:00,87.24,87.25,87.115,87.23,10163.0
2026-01-05T13:25:00-05:00,87.25,87.32,87.16,87.18,27499.0
2026-01-05T13:30:00-05:00,87.2,87.24,87.099998,87.11,19869.0
2026-01-05T13:35:00-05:00,87.099998,87.099998,87.040001,87.065002,13179.0
2026-01-05T13:40:00-05:00,87.059998,87.15,87.029999,87.135,11141.0
2026-01-05T13:45:00-05:00,87.14,87.18,87.12,87.175,15373.0
2026-01-05T13:50:00-05:00,87.15,87.1664,87.080101,87.11,14605.0
2026-01-05T13:55:00-05:00,87.040001,87.07,86.97,87.07,10171.0
2026-01-05T14:00:00-05:00,87.07,87.080002,86.91,87.025002,11791.0
2026-01-05T14:05:00-05:00,87.025002,87.040001,86.55,86.65,34906.0
2026-01-05T14:10:00-05:00,86.6,86.73,86.55,86.685,19625.0
2026-01-05T14:15:00-05:00,86.725,86.73,86.585,86.73,14679.0
2026-01-05T14:20:00-05:00,86.73,86.75,86.64,86.64,7439.0
2026-01-05T14:25:00-05:00,86.641,86.71,86.6,86.616,10829.0
2026-01-05T14:30:00-05:00,86.6,86.9,86.6,86.9,18907.0
2026-01-05T14:35:00-05:00,86.9,86.933,86.77,86.795,5756.0
2026-01-05T14:40:00-05:00,86.815,86.815,86.62,86.622,16216.0
2026-01-05T14:45:00-05:00,86.62,86.7,86.57,86.7,7789.0
2026-01-05T14:50:00-05:00,86.68,86.68,86.54,86.605,15625.0
2026-01-05T14:55:00-05:00,86.61,86.63,86.46,86.51,9453.0
2026-01-05T15:00:00-05:00,86.46,86.5246,86.39,86.465,15437.0
2026-01-05T15:05:00-05:00,86.47,86.484,86.2735,86.33,14939.0
2026-01-05T15:10:00-05:00,86.315,86.5996,86.3,86.47,20259.0
2026-01-05T15:15:00-05:00,86.425,86.482,86.4,86.44,11765.0
2026-01-05T15:20:00-05:00,86.39,86.408,86.17,86.1928,40788.0
2026-01-05T15:25:00-05:00,86.17,86.1842,86.080002,86.11,36826.0
2026-01-05T15:30:00-05:00,86.11,86.12,86.0,86.029999,21981.0
2026-01-05T15:35:00-05:00,86.050003,86.14,85.91,85.97,36222.0
2026-01-05T15:40:00-05:00,85.99,86.010002,85.88,85.91,36426.0
2026-01-05T15:45:00-05:00,85.93,86.011902,85.915,85.92146,27538.0
2026-01-05T15:50:00-05:00,85.92,86.050003,85.87,86.0,37809.0
2026-01-05T15:55:00-05:00,86.0,86.099998,85.955,85.97,139289.0
2026-01-06T09:30:00-05:00,86.63,87.39,86.63,87.32,237875.0
2026-01-06T09:35:00-05:00,87.225,87.7199,87.089996,87.2,93405.0
2026-01-06T09:40:00-05:00,87.16,87.5,86.88,87.22,47408.0
2026-01-06T09:45:00-05:00,87.2,87.9899,87.2,87.675,58912.0
2026-01-06T09:50:00-05:00,87.63,88.28,87.6028,88.205,53241.0
2026-01-06T09:55:00-05:00,88.15,88.28,87.98,87.99,38695.0
2026-01-06T10:00:00-05:00,87.94,88.049004,87.5701,87.825,65872.0
2026-01-06T10:05:00-05:00,87.77,88.089897,87.66,88.010002,42891.0
2026-01-06T10:10:00-05:00,88.010002,88.010002,87.66,87.747,31679.0
2026-01-06T10:15:00-05:00,87.76,87.9,87.65,87.65,21149.0
2026-01-06T10:20:00-05:00,87.595,88.099998,87.595,87.9,19483.0
2026-01-06T10:25:00-05:00,87.93,88.17,87.86,88.115,50228.0
2026-01-06T10:30:00-05:00,88.28,88.28,87.99,88.014,75013.0
2026-01-06T10:35:00-05:00,87.96,88.16,87.88,88.14,23522.0
2026-01-06T10:40:00-05:00,88.26,88.4099,88.25,88.405,32000.0
2026-01-06T10:45:00-05:00,88.36,88.72,88.36,88.68,29931.0
2026-01-06T10:50:00-05:00,88.545,88.5726,88.23,88.25,48069.0
2026-01-06T10:55:00-05:00,88.2,88.52,88.17,88.52,13762.0
2026-01-06T11:00:00-05:00,88.49,88.65,88.4,88.4,24193.0
2026-01-06T11:05:00-05:00,88.17,88.2187,88.019997,88.089996,29786.0
2026-01-06T11:10:00-05:00,88.22,88.5,88.1701,88.5,17890.0
2026-01-06T11:15:00-05:00,88.465,88.53,88.36,88.46,136946.0
2026-01-06T11:20:00-05:00,88.51,88.7299,88.43,88.71,47971.0
2026-01-06T11:25:00-05:00,88.72,88.88,88.72,88.82,17983.0
2026-01-06T11:30:00-05:00,88.82,88.96,88.76,88.83,5742.0
2026-01-06T11:35:00-05:00,88.77,88.85,88.73,88.75,40986.0
2026-01-06T11:40:00-05:00,88.77,88.78,88.69,88.77,10399.0
2026-01-06T11:45:00-05:00,88.675,88.89,88.63,88.845,32410.0
2026-01-06T11:50:00-05:00,88.83,88.985,88.83,88.87,33398.0
2026-01-06T11:55:00-05:00,88.9,89.050003,88.86,89.019997,14950.0
2026-01-06T12:00:00-05:00,89.029999,89.044998,88.925,89.040001,15479.0
2026-01-06T12:05:00-05:00,89.11,89.16,88.96,89.13,18125.0
2026-01-06T12:10:00-05:00,89.11,89.12,89.04,89.08,30532.0
2026-01-06T12:15:00-05:00,89.08,89.26,89.075,89.21,121534.0
2026-01-06T12:20:00-05:00,89.175,89.215,89.07,89.215,36910.0
2026-01-06T12:25:00-05:00,89.21,89.21,89.11,89.145,14890.0
2026-01-06T12:30:00-05:00,89.155,89.19,88.96,88.96,18470.0
2026-01-06T12:35:00-05:00,89.095001,89.165,89.040001,89.08,10372.0
2026-01-06T12:40:00-05:00,89.050003,89.12,88.867,88.94,18562.0
2026-01-06T12:45:00-05:00,88.96,89.125,88.96,89.12,19992.0
2026-01-06T12:50:00-05:00,89.135,89.4422,89.11,89.42,29228.0
2026-01-06T12:55:00-05:00,89.42,89.5199,89.29,89.29,45725.0
2026-01-06T13:00:00-05:00,89.2825,89.315,89.07,89.305,14941.0
2026-01-06T13:05:00-05:00,89.24,89.26,89.11,89.125,6977.0
2026-01-06T13:10:00-05:00,89.15,89.39,89.12,89.385,12401.0
2026-01-06T13:15:00-05:00,89.4,89.49,89.4,89.4,21281.0
2026-01-06T13:20:00-05:00,89.38,89.47,89.28,89.32,19519.0
2026-01-06T13:25:00-05:00,89.335,89.34,89.205,89.205,12245.0
2026-01-06T13:30:00-05:00,89.24,89.29,89.059998,89.12,20927.0
2026-01-06T13:35:00-05:00,89.135,89.2664,89.135,89.25,9059.0
2026-01-06T13:40:00-05:00,89.26,89.3874,89.26,89.36,23446.0
2026-01-06T13:45:00-05:00,89.37,89.5,89.37,89.49,28666.0
2026-01-06T13:50:00-05:00,89.485,89.5,89.22,89.24,43830.0
2026-01-06T13:55:00-05:00,89.19,89.31,89.17,89.31,21337.0
2026-01-06T14:00:00-05:00,89.17,89.21,89.050003,89.07,41406.0
2026-01-06T14:05:00-05:00,89.080002,89.265,89.080002,89.125,14618.0
2026-01-06T14:10:00-05:00,89.1369,89.25,89.029999,89.059998,15339.0
2026-01-06T14:15:00-05:00,88.935,88.935,88.56,88.64,16959.0
2026-01-06T14:20:00-05:00,88.7,88.76,88.65,88.655,32338.0
2026-01-06T14:25:00-05:00,88.65,88.6624,88.48,88.5094,35776.0
2026-01-06T14:30:00-05:00,88.52,88.64,88.435,88.585,15445.0
2026-01-06T14:35:00-05:00,88.53,88.795,88.53,88.73,9806.0
2026-01-06T14:40:00-05:00,88.71,88.8,88.65,88.65,38965.0
2026-01-06T14:45:00-05:00,88.64,88.6687,88.49,88.5503,53996.0
2026-01-06T14:50:00-05:00,88.52,88.52,88.31,88.5,10867.0
2026-01-06T14:55:00-05:00,88.56,88.72,88.52,88.72,4187.0
2026-01-06T15:00:00-05:00,88.69,88.7,88.61,88.7,97060.0
2026-01-06T15:05:00-05:00,88.7,88.739,88.62,88.65,16450.0
2026-01-06T15:10:00-05:00,88.68,88.875,88.68,88.7991,24472.0
2026-01-06T15:15:00-05:00,88.84,88.9423,88.82,88.925,28338.0
2026-01-06T15:20:00-05:00,88.93,89.15,88.93,89.15,11682.0
2026-01-06T15:25:00-05:00,89.225,89.28,89.22,89.25574,25110.0
2026-01-06T15:30:00-05:00,89.29,89.355,89.28,89.285,23423.0
2026-01-06T15:35:00-05:00,89.345,89.55,89.345,89.52,40004.0
2026-01-06T15:40:00-05:00,89.52,89.65,89.49,89.625,11302.0
2026-01-06T15:45:00-05:00,89.699,89.72,89.585,89.605,73322.0
2026-01-06T15:50:00-05:00,89.595,89.595,89.42,89.58,55847.0
2026-01-06T15:55:00-05:00,89.57,89.695,89.51,89.65,24445.0
2026-01-07T09:30:00-05:00,86.6,86.76,85.35,85.45,461971.0
2026-01-07T09:35:00-05:00,85.54,85.79,84.5257,84.7556,337544.0
2026-01-07T09:40:00-05:00,84.67,84.929,84.22,84.29,99386.0
2026-01-07T09:45:00-05:00,84.274,84.84,84.020897,84.42,239900.0
2026-01-07T09:50:00-05:00,84.5,84.73,84.25,84.45,54471.0
2026-01-07T09:55:00-05:00,84.425,84.8,84.415,84.62,53512.0
2026-01-07T10:00:00-05:00,84.55,84.63,84.28,84.43,46302.0
2026-01-07T10:05:00-05:00,84.405,84.725,84.3667,84.4822,80334.0
2026-01-07T10:10:00-05:00,84.485,84.56,84.13,84.18,42955.0
2026-01-07T10:15:00-05:00,84.089996,84.43,84.07,84.35,29878.0
2026-01-07T10:20:00-05:00,84.33,84.97,84.3,84.9415,60494.0
2026-01-07T10:25:00-05:00,84.98,85.21,84.92,85.14,42307.0
2026-01-07T10:30:00-05:00,85.21,85.5,85.093697,85.5,34810.0
2026-01-07T10:35:00-05:00,85.48,85.7757,85.36,85.625,117210.0
2026-01-07T10:40:00-05:00,85.625,85.69,85.4801,85.56,44764.0
2026-01-07T10:45:00-05:00,85.47,85.61,85.34,85.6,24082.0
2026-01-07T10:50:00-05:00,85.61,85.61,85.41,85.45,21880.0
2026-01-07T10:55:00-05:00,85.425,85.61,85.34,85.61,22972.0
2026-01-07T11:00:00-05:00,85.6144,85.7,85.435,85.47,29067.0
2026-01-07T11:05:00-05:00,85.47,85.88,85.4,85.77,24536.0
2026-01-07T11:10:00-05:00,85.78,85.9,85.72,85.72,27542.0
2026-01-07T11:15:00-05:00,85.745,85.795,85.59,85.7485,45474.0
2026-01-07T11:20:00-05:00,85.78,86.2499,85.77,86.15,20160.0
2026-01-07T11:25:00-05:00,86.15,86.32,86.1031,86.16,51493.0
2026-01-07T11:30:00-05:00,86.16,86.405,86.11,86.39,19277.0
2026-01-07T11:35:00-05:00,86.36,86.5975,86.26,86.5062,29852.0
2026-01-07T11:40:00-05:00,86.5,86.9099,86.34,86.85,42579.0
2026-01-07T11:45:00-05:00,86.8,86.98,86.75,86.886,32976.0
2026-01-07T11:50:00-05:00,86.83,86.95,86.8,86.86,25055.0
2026-01-07T11:55:00-05:00,86.9,87.07,86.83,87.028503,20552.0
2026-01-07T12:00:00-05:00,87.040001,87.050003,86.7101,86.8109,22173.0
2026-01-07T12:05:00-05:00,86.84,86.8962,86.77,86.87,13826.0
2026-01-07T12:10:00-05:00,86.88,86.9199,86.74,86.845,21673.0
2026-01-07T12:15:00-05:00,86.85,86.95,86.8,86.87,21118.0
2026-01-07T12:20:00-05:00,86.9,86.93,86.79,86.79,13078.0
2026-01-07T12:25:00-05:00,86.79,86.81,86.685,86.78,12441.0
2026-01-07T12:30:00-05:00,86.795,86.8786,86.74,86.82,22875.0
2026-01-07T12:35:00-05:00,86.83,86.9302,86.76,86.9,23272.0
2026-01-07T12:40:00-05:00,86.925,86.9291,86.84,86.912,10943.0
2026-01-07T12:45:00-05:00,86.9,86.908,86.71,86.72,14778.0
2026-01-07T12:50:00-05:00,86.7,86.71,86.565,86.675,22128.0
2026-01-07T12:55:00-05:00,86.702,86.74,86.59,86.69,13010.0
2026-01-07T13:00:00-05:00,86.695,86.73,86.62,86.65,19981.0
2026-01-07T13:05:00-05:00,86.65,86.6797,86.4835,86.52,14364.0
2026-01-07T13:10:00-05:00,86.52,86.62,86.52,86.61,18966.0
2026-01-07T13:15:00-05:00,86.61,86.61,86.48,86.52,13633.0
2026-01-07T13:20:00-05:00,86.5214,86.88,86.5214,86.84,17811.0
2026-01-07T13:25:00-05:00,86.84,86.94,86.75,86.77,19944.0
2026-01-07T13:30:00-05:00,86.76,87.059898,86.76,87.059898,8825.0
2026-01-07T13:35:00-05:00,87.029999,87.14,86.975,87.12,9694.0
2026-01-07T13:40:00-05:00,87.15,87.1626,87.019997,87.019997,11689.0
2026-01-07T13:45:00-05:00,87.010002,87.2,86.945,87.174,12206.0
2026-01-07T13:50:00-05:00,87.099998,87.099998,87.0,87.044998,12344.0
2026-01-07T13:55:00-05:00,87.044998,87.14,87.044998,87.105,14946.0
2026-01-07T14:00:00-05:00,87.115,87.33,87.099998,87.33,9065.0
2026-01-07T14:05:00-05:00,87.33,87.33,87.15,87.15,15216.0
2026-01-07T14:10:00-05:00,87.11,87.135,86.9601,87.010002,20547.0
2026-01-07T14:15:00-05:00,87.019997,87.019997,86.92,86.965,13821.0
2026-01-07T14:20:00-05:00,86.94,87.023003,86.92,86.99,7456.0
2026-01-07T14:25:00-05:00,86.99,87.07,86.9,87.07,13845.0
2026-01-07T14:30:00-05:00,87.07,87.3,87.07,87.27,13023.0
2026-01-07T14:35:00-05:00,87.28,87.32,87.24,87.26,14388.0
2026-01-07T14:40:00-05:00,87.245,87.2464,87.195,87.2344,11293.0
2026-01-07T14:45:00-05:00,87.24,87.2582,87.17,87.23,7497.0
2026-01-07T14:50:00-05:00,87.2,87.32,87.2,87.31,10614.0
2026-01-07T14:55:00-05:00,87.365,87.39,87.29,87.38,13482.0
2026-01-07T15:00:00-05:00,87.43,87.53,87.415,87.514,18066.0
2026-01-07T15:05:00-05:00,87.525,87.525,87.38,87.41,9400.0
2026-01-07T15:10:00-05:00,87.41,87.4599,87.29,87.365,14782.0
2026-01-07T15:15:00-05:00,87.368,87.5999,87.36,87.5999,21953.0
2026-01-07T15:20:00-05:00,87.57,87.61,87.46,87.5,79297.0
2026-01-07T15:25:00-05:00,87.49,87.5,87.35,87.38,26965.0
2026-01-07T15:30:00-05:00,87.38,87.52,87.34,87.45,27538.0
2026-01-07T15:35:00-05:00,87.455,87.475,87.39,87.39,18597.0
2026-01-07T15:40:00-05:00,87.44,87.5316,87.39,87.52,34335.0
2026-01-07T15:45:00-05:00,87.5025,87.5999,87.49,87.49,41798.0
2026-01-07T15:50:00-05:00,87.5,87.71,87.5,87.7,85053.0
2026-01-07T15:55:00-05:00,87.7,87.74,87.5702,87.7,99771.0
2026-01-08T09:30:00-05:00,85.14,85.38,84.75,85.099998,226087.0
2026-01-08T09:35:00-05:00,85.040001,86.010002,84.95,85.72,102428.0
2026-01-08T09:40:00-05:00,85.8,85.93,85.55,85.625,45397.0
2026-01-08T09:45:00-05:00,85.64,85.885,85.495,85.67,115722.0
2026-01-08T09:50:00-05:00,85.66,85.68,85.11,85.235,47064.0
2026-01-08T09:55:00-05:00,85.235,85.4,85.050003,85.21,31452.0
2026-01-08T10:00:00-05:00,85.15,85.5299,85.099998,85.45,41776.0
2026-01-08T10:05:00-05:00,85.48,85.94,85.41,85.94,39939.0
2026-01-08T10:10:00-05:00,85.93,86.22,85.9,86.099998,32072.0
2026-01-08T10:15:00-05:00,86.2,86.52,86.14,86.375,46849.0
2026-01-08T10:20:00-05:00,86.49,86.52,86.135,86.355,30947.0
2026-01-08T10:25:00-05:00,86.355,86.71,86.22,86.665,37020.0
2026-01-08T10:30:00-05:00,86.65,86.78,86.455,86.465,17474.0
2026-01-08T10:35:00-05:00,86.47,86.4899,86.23,86.4,13676.0
2026-01-08T10:40:00-05:00,86.43,86.6578,86.43,86.44,22355.0
2026-01-08T10:45:00-05:00,86.38,86.565,86.31,86.53,10865.0
2026-01-08T10:50:00-05:00,86.5497,86.61,86.3675,86.3675,19402.0
2026-01-08T10:55:00-05:00,86.355,86.73,86.355,86.71,10460.0
2026-01-08T11:00:00-05:00,86.73,86.795,86.57,86.605,21960.0
2026-01-08T11:05:00-05:00,86.605,86.6999,86.45,86.455,19429.0
2026-01-08T11:10:00-05:00,86.495,86.57,86.16,86.16,16629.0
2026-01-08T11:15:00-05:00,86.15,86.4,86.099998,86.29,26897.0
2026-01-08T11:20:00-05:00,86.3,86.52,86.25,86.3,36323.0
2026-01-08T11:25:00-05:00,86.3,86.42,86.25,86.33,109000.0
2026-01-08T11:30:00-05:00,86.335,86.67,86.27,86.61,52074.0
2026-01-08T11:35:00-05:00,86.6,86.6878,86.4245,86.65,29543.0
2026-01-08T11:40:00-05:00,86.63,86.9,86.63,86.8,49379.0
2026-01-08T11:45:00-05:00,86.8,86.8078,86.5883,86.61,89472.0
2026-01-08T11:50:00-05:00,86.63,86.8,86.63,86.76,62637.0
2026-01-08T11:55:00-05:00,86.76,87.065002,86.76,87.040001,80493.0
2026-01-08T12:00:00-05:00,87.050003,87.050003,86.91,86.96,22630.0
2026-01-08T12:05:00-05:00,86.94,86.94,86.77,86.7903,18275.0
2026-01-08T12:10:00-05:00,86.7451,86.92,86.7451,86.81,36811.0
2026-01-08T12:15:00-05:00,86.77,86.77,86.65,86.65,6966.0
2026-01-08T12:20:00-05:00,86.66,86.66,86.59,86.65,9413.0
2026-01-08T12:25:00-05:00,86.648,86.66,86.4729,86.61,12191.0
2026-01-08T12:30:00-05:00,86.63,86.7875,86.63,86.69,11914.0
2026-01-08T12:35:00-05:00,86.66,86.71,86.5302,86.61,9096.0
2026-01-08T12:40:00-05:00,86.5815,86.61,86.45,86.45,11932.0
2026-01-08T12:45:00-05:00,86.515,86.5367,86.39,86.4261,9178.0
2026-01-08T12:50:00-05:00,86.45,86.64,86.45,86.62,6245.0
2026-01-08T12:55:00-05:00,86.64,86.81,86.64,86.74,8113.0
2026-01-08T13:00:00-05:00,86.69,86.71,86.55,86.6,7965.0
2026-01-08T13:05:00-05:00,86.55,86.5987,86.3901,86.52,5188.0
2026-01-08T13:10:00-05:00,86.54,86.54,86.37,86.5,8365.0
2026-01-08T13:15:00-05:00,86.495,86.6,86.495,86.6,5102.0
2026-01-08T13:20:00-05:00,86.51,86.54,86.39,86.54,19408.0
2026-01-08T13:25:00-05:00,86.54,86.54,86.45,86.51,10528.0
2026-01-08T13:30:00-05:00,86.5286,86.57,86.49,86.49,6662.0
2026-01-08T13:35:00-05:00,86.5,86.52,86.4,86.52,3300.0
2026-01-08T13:40:00-05:00,86.51,86.61,86.51,86.61,5523.0
2026-01-08T13:45:00-05:00,86.63,86.77,86.6,86.7342,6508.0
2026-01-08T13:50:00-05:00,86.65,86.7086,86.4922,86.4922,6420.0
2026-01-08T13:55:00-05:00,86.45,86.4928,86.385,86.41,4785.0
2026-01-08T14:00:00-05:00,86.41,86.42,86.3,86.35,36823.0
2026-01-08T14:05:00-05:00,86.37,86.48,86.33,86.3592,12656.0
2026-01-08T14:10:00-05:00,86.355,86.41,86.31,86.31,9252.0
2026-01-08T14:15:00-05:00,86.28,86.33,86.11,86.3,11064.0
2026-01-08T14:20:00-05:00,86.39,86.39,86.27,86.284,12621.0
2026-01-08T14:25:00-05:00,86.28,86.28,86.12,86.199,17903.0
2026-01-08T14:30:00-05:00,86.12,86.25,86.115,86.245,6807.0
2026-01-08T14:35:00-05:00,86.29,86.29,86.21,86.26,5934.0
2026-01-08T14:40:00-05:00,86.215,86.23,86.099998,86.22,15233.0
2026-01-08T14:45:00-05:00,86.22,86.41,86.22,86.38,18197.0
2026-01-08T14:50:00-05:00,86.4399,86.4399,86.25,86.28,21580.0
2026-01-08T14:55:00-05:00,86.2101,86.3321,86.13,86.32,9199.0
2026-01-08T15:00:00-05:00,86.37,86.616,86.34,86.616,9784.0
2026-01-08T15:05:00-05:00,86.625,86.73,86.56,86.665,13069.0
2026-01-08T15:10:00-05:00,86.665,86.715,86.59,86.59,8378.0
2026-01-08T15:15:00-05:00,86.599,86.7,86.54,86.66,17113.0
2026-01-08T15:20:00-05:00,86.69,86.955,86.66,86.88,12308.0
2026-01-08T15:25:00-05:00,86.87,87.019997,86.87,86.96,10194.0
2026-01-08T15:30:00-05:00,87.0,87.1499,86.975,87.07,19234.0
2026-01-08T15:35:00-05:00,87.060097,87.25,87.059998,87.065002,18883.0
2026-01-08T15:40:00-05:00,87.080002,87.19,87.059998,87.17,16139.0
2026-01-08T15:45:00-05:00,87.225,87.34,87.18,87.34,19337.0
2026-01-08T15:50:00-05:00,87.26,87.3799,87.15,87.205,25619.0
2026-01-08T15:55:00-05:00,87.19,87.48,87.163,87.45,93901.0
2026-01-09T09:30:00-05:00,88.0,88.1343,87.34,87.86,115180.0
2026-01-09T09:35:00-05:00,87.96,88.97,87.96,88.745,104102.0
2026-01-09T09:40:00-05:00,88.795,89.050003,88.59,88.67,51236.0
2026-01-09T09:45:00-05:00,88.63,88.99,88.56,88.65,30872.0
2026-01-09T09:50:00-05:00,88.67,88.8965,88.27,88.85,26348.0
2026-01-09T09:55:00-05:00,88.9306,89.18,88.72,89.010002,41034.0
2026-01-09T10:00:00-05:00,89.033096,89.14,88.55,88.56,53848.0
2026-01-09T10:05:00-05:00,88.58,88.86,88.55,88.85,19372.0
2026-01-09T10:10:00-05:00,88.86,89.32,88.65,89.3,84384.0
2026-01-09T10:15:00-05:00,89.3,89.4151,89.155,89.4132,29262.0
2026-01-09T10:20:00-05:00,89.4,89.9,89.29,89.8027,35947.0
2026-01-09T10:25:00-05:00,89.84,90.07,89.65,89.67,74691.0
2026-01-09T10:30:00-05:00,89.685,89.83,89.46,89.59,38348.0
2026-01-09T10:35:00-05:00,89.56,89.7899,89.5301,89.701,27778.0
2026-01-09T10:40:00-05:00,89.8,89.9083,89.66,89.7,29425.0
2026-01-09T10:45:00-05:00,89.73,89.91,89.625,89.74,18042.0
2026-01-09T10:50:00-05:00,89.7799,89.96,89.7701,89.9599,19521.0
2026-01-09T10:55:00-05:00,89.92,90.26,89.86,90.215,27745.0
2026-01-09T11:00:00-05:00,90.22,90.28,89.9701,90.0028,32459.0
2026-01-09T11:05:00-05:00,90.050003,90.059998,89.77,89.89,70803.0
2026-01-09T11:10:00-05:00,89.93,89.94,89.38,89.47,23385.0
2026-01-09T11:15:00-05:00,89.56,89.68,89.47,89.6793,6271.0
2026-01-09T11:20:00-05:00,89.61,89.8,89.57,89.67,23412.0
2026-01-09T11:25:00-05:00,89.62,89.74,89.48,89.74,31803.0
2026-01-09T11:30:00-05:00,89.72,89.77,89.5901,89.7299,63198.0
2026-01-09T11:35:00-05:00,89.68,89.69,89.57,89.6594,19598.0
2026-01-09T11:40:00-05:00,89.7,89.86,89.61,89.86,54160.0
2026-01-09T11:45:00-05:00,89.86,89.93,89.83,89.93,34081.0
2026-01-09T11:50:00-05:00,89.9,90.0,89.9,89.99,27164.0
2026-01-09T11:55:00-05:00,89.98,90.040001,89.9189,89.95,51513.0
2026-01-09T12:00:00-05:00,89.96,90.019997,89.84,89.91,21396.0
2026-01-09T12:05:00-05:00,89.88,89.96,89.86,89.96,17147.0
2026-01-09T12:10:00-05:00,89.96,90.0,89.88,89.89,26501.0
2026-01-09T12:15:00-05:00,89.89,89.89,89.81,89.88,23255.0
2026-01-09T12:20:00-05:00,89.86,89.915,89.7305,89.84,25076.0
2026-01-09T12:25:00-05:00,89.84,89.85,89.68,89.8,19984.0
2026-01-09T12:30:00-05:00,89.8593,90.0049973,89.8593,89.95,23246.0
2026-01-09T12:35:00-05:00,89.95,89.97,89.88,89.91,18915.0
2026-01-09T12:40:00-05:00,89.9016,89.9016,89.78,89.78,19760.0
2026-01-09T12:45:00-05:00,89.78,89.84,89.49,89.64,27311.0
2026-01-09T12:50:00-05:00,89.65,89.6754,89.2582,89.3,34472.0
2026-01-09T12:55:00-05:00,89.2904,89.44,88.8765,88.92,33558.0
2026-01-09T13:00:00-05:00,88.84,89.185,88.63,89.185,27095.0
2026-01-09T13:05:00-05:00,89.2,89.46,89.195,89.38,36718.0
2026-01-09T13:10:00-05:00,89.41,89.5,89.31,89.48,31364.0
2026-01-09T13:15:00-05:00,89.59,89.66,89.491,89.555,28281.0
2026-01-09T13:20:00-05:00,89.64,89.72,89.53,89.69,25812.0
2026-01-09T13:25:00-05:00,89.67,89.67,89.51,89.62,16739.0
2026-01-09T13:30:00-05:00,89.63,89.84,89.63,89.81,24506.0
2026-01-09T13:35:00-05:00,89.84,90.080002,89.81,90.065002,45474.0
2026-01-09T13:40:00-05:00,90.080002,90.089996,89.97,90.0,32151.0
2026-01-09T13:45:00-05:00,90.0,90.040001,89.82,89.83,19992.0
2026-01-09T13:50:00-05:00,89.82,89.82,89.59,89.62,34440.0
2026-01-09T13:55:00-05:00,89.63,89.66,89.56,89.57,26835.0
2026-01-09T14:00:00-05:00,89.6,89.66,89.5038,89.5038,50616.0
2026-01-09T14:05:00-05:00,89.525,89.57,89.52,89.57,16276.0
2026-01-09T14:10:00-05:00,89.55766,89.67,89.51,89.5118,33659.0
2026-01-09T14:15:00-05:00,89.51,89.68,89.5038,89.6625,33417.0
2026-01-09T14:20:00-05:00,89.6637,89.8637,89.66,89.826,19780.0
2026-01-09T14:25:00-05:00,89.855,89.855,89.71,89.73,29717.0
2026-01-09T14:30:00-05:00,89.73,89.79,89.63,89.77,14319.0
2026-01-09T14:35:00-05:00,89.78,89.79,89.71,89.75,14165.0
2026-01-09T14:40:00-05:00,89.75,89.79,89.64,89.67,25319.0
2026-01-09T14:45:00-05:00,89.69,89.8147,89.69,89.8147,8992.0
2026-01-09T14:50:00-05:00,89.7901,89.8321,89.7,89.71,11273.0
2026-01-09T14:55:00-05:00,89.71,89.72,89.55,89.5701,9910.0
2026-01-09T15:00:00-05:00,89.57,89.6099,89.41,89.593,42722.0
2026-01-09T15:05:00-05:00,89.595,89.595,89.47,89.56,30948.0
2026-01-09T15:10:00-05:00,89.56,89.74,89.56,89.69,24695.0
2026-01-09T15:15:00-05:00,89.73,89.87,89.73,89.85,23037.0
2026-01-09T15:20:00-05:00,89.85,89.85,89.67,89.76,22355.0
2026-01-09T15:25:00-05:00,89.75,89.7687,89.58,89.61,18798.0
2026-01-09T15:30:00-05:00,89.63,89.75,89.56,89.685,30568.0
2026-01-09T15:35:00-05:00,89.7,89.74,89.64,89.72,23303.0
2026-01-09T15:40:00-05:00,89.7001,89.78,89.65,89.71,26286.0
2026-01-09T15:45:00-05:00,89.69,89.8,89.675,89.675,43268.0
2026-01-09T15:50:00-05:00,89.65,89.68,89.509,89.68,54374.0
2026-01-09T15:55:00-05:00,89.67,89.77,89.62,89.69,170384.0
2026-01-12T09:30:00-05:00,93.46,94.57,92.8501,94.17,421437.0
2026-01-12T09:35:00-05:00,94.16,94.21,93.53,94.050003,209927.0
2026-01-12T09:40:00-05:00,94.089996,94.46,93.72,93.98,151922.0
2026-01-12T09:45:00-05:00,93.99,94.2,93.75,93.98,74033.0
2026-01-12T09:50:00-05:00,93.97,94.39,93.73,94.25,80110.0
2026-01-12T09:55:00-05:00,94.27,94.31,94.0,94.22,43224.0
2026-01-12T10:00:00-05:00,94.19,94.67,94.14,94.38,97581.0
2026-01-12T10:05:00-05:00,94.39,94.8,94.2635,94.72,94567.0
2026-01-12T10:10:00-05:00,94.7,95.040001,94.5801,94.964,170063.0
2026-01-12T10:15:00-05:00,94.95,94.97,94.37,94.535,66636.0
2026-01-12T10:20:00-05:00,94.56,94.75,94.33,94.75,29522.0
2026-01-12T10:25:00-05:00,94.73,94.9257,94.6601,94.76,34879.0
2026-01-12T10:30:00-05:00,94.8,94.9,94.5399,94.86,66231.0
2026-01-12T10:35:00-05:00,94.89,94.98,94.72,94.98,54300.0
2026-01-12T10:40:00-05:00,94.98,95.019997,94.78,94.9668,70502.0
2026-01-12T10:45:00-05:00,94.97,94.98,94.6992,94.9361,40817.0
2026-01-12T10:50:00-05:00,94.905,94.925,94.72,94.8,106339.0
2026-01-12T10:55:00-05:00,94.8,94.81,94.52,94.7,68169.0
2026-01-12T11:00:00-05:00,94.73,94.82,94.55,94.68,64494.0
2026-01-12T11:05:00-05:00,94.69,94.81,94.62,94.81,78872.0
2026-01-12T11:10:00-05:00,94.802,95.2363,94.78,95.22,118910.0
2026-01-12T11:15:00-05:00,95.21,95.22,94.99,95.059998,34946.0
2026-01-12T11:20:00-05:00,95.080002,95.24,94.91,94.94,60274.0
2026-01-12T11:25:00-05:00,94.92,95.019402,94.75,94.935,34730.0
2026-01-12T11:30:00-05:00,95.040001,95.25,94.97,95.18,43206.0
2026-01-12T11:35:00-05:00,95.19,95.19,94.65,94.68,37960.0
2026-01-12T11:40:00-05:00,94.66,94.83,94.25,94.8,88634.0
2026-01-12T11:45:00-05:00,94.73,94.99,94.73,94.8516,53086.0
2026-01-12T11:50:00-05:00,94.97,95.0,94.81,94.95,28670.0
2026-01-12T11:55:00-05:00,94.92,94.935,94.83,94.84,26502.0
2026-01-12T12:00:00-05:00,94.83,94.96,94.77,94.88,19662.0
2026-01-12T12:05:00-05:00,94.87,94.9115,94.63,94.67,43899.0
2026-01-12T12:10:00-05:00,94.71,94.93,94.67,94.9,24936.0
2026-01-12T12:15:00-05:00,94.98,95.050003,94.9,94.99,27981.0
2026-01-12T12:20:00-05:00,95.0,95.029999,94.74,94.83,27177.0
2026-01-12T12:25:00-05:00,94.87,94.89,94.79,94.8699,22299.0
2026-01-12T12:30:00-05:00,94.83,94.89,94.78,94.78,32656.0
2026-01-12T12:35:00-05:00,94.77,94.7944,94.61,94.71,26439.0
2026-01-12T12:40:00-05:00,94.69,94.89,94.68,94.89,21832.0
2026-01-12T12:45:00-05:00,94.895,95.18,94.89,95.13,69059.0
2026-01-12T12:50:00-05:00,95.1432,95.15,94.96,95.040001,40510.0
2026-01-12T12:55:00-05:00,95.07,95.14,94.9847,95.050003,60299.0
2026-01-12T13:00:00-05:00,95.074997,95.13,94.98,95.029999,30141.0
2026-01-12T13:05:00-05:00,95.019997,95.07,95.0,95.019997,18334.0
2026-01-12T13:10:00-05:00,95.040001,95.065002,94.87,94.87,16088.0
2026-01-12T13:15:00-05:00,94.86,94.86,94.51,94.51,25189.0
2026-01-12T13:20:00-05:00,94.555,94.77,94.555,94.63,20044.0
2026-01-12T13:25:00-05:00,94.63,94.7,94.45,94.7,36009.0
2026-01-12T13:30:00-05:00,94.69,94.8,94.64,94.7876,11762.0
2026-01-12T13:35:00-05:00,94.74,94.74,94.6238,94.705,18933.0
2026-01-12T13:40:00-05:00,94.71,94.7104,94.56,94.56,23614.0
2026-01-12T13:45:00-05:00,94.61,94.77,94.61,94.63,18387.0
2026-01-12T13:50:00-05:00,94.62,94.62,94.425,94.56,42509.0
2026-01-12T13:55:00-05:00,94.57,94.77,94.57,94.75,30403.0
2026-01-12T14:00:00-05:00,94.8,94.81,94.545,94.55,23158.0
2026-01-12T14:05:00-05:00,94.56,94.8,94.56,94.78,34956.0
2026-01-12T14:10:00-05:00,94.79,94.82,94.71,94.75,14265.0
2026-01-12T14:15:00-05:00,94.73,94.87,94.73,94.87,17850.0
2026-01-12T14:20:00-05:00,94.86,94.8945,94.73,94.74,16222.0
2026-01-12T14:25:00-05:00,94.77,94.96,94.77,94.96,37265.0
2026-01-12T14:30:00-05:00,94.97,95.1245,94.97,95.084198,32809.0
2026-01-12T14:35:00-05:00,95.083,95.12,95.0,95.050003,19314.0
2026-01-12T14:40:00-05:00,95.040001,95.059998,94.93,94.995,28305.0
2026-01-12T14:45:00-05:00,95.010002,95.040001,94.92,94.92,13206.0
2026-01-12T14:50:00-05:00,94.91,95.040001,94.845,95.029999,22099.0
2026-01-12T14:55:00-05:00,95.010002,95.010002,94.81,94.82,23848.0
2026-01-12T15:00:00-05:00,94.83,94.83,94.47,94.55,30362.0
2026-01-12T15:05:00-05:00,94.56,94.66,94.48,94.5,21727.0
2026-01-12T15:10:00-05:00,94.48,94.6,94.43,94.6,23036.0
2026-01-12T15:15:00-05:00,94.565,94.58,94.345,94.355,25117.0
2026-01-12T15:20:00-05:00,94.3794,94.3794,94.17,94.3561,42806.0
2026-01-12T15:25:00-05:00,94.35,94.4,94.31,94.35,36057.0
2026-01-12T15:30:00-05:00,94.34,94.4878,94.3,94.44,40931.0
2026-01-12T15:35:00-05:00,94.44,94.51,94.4,94.47,38214.0
2026-01-12T15:40:00-05:00,94.44,94.535,94.35,94.35,31406.0
2026-01-12T15:45:00-05:00,94.34,94.37,94.21,94.24,48644.0
2026-01-12T15:50:00-05:00,94.23,94.43,94.23,94.355,85192.0
2026-01-12T15:55:00-05:00,94.355,94.39,94.029999,94.029999,219565.0
2026-01-13T09:30:00-05:00,95.83,95.99,94.94,95.672,288033.0
2026-01-13T09:35:00-05:00,95.77,96.21,95.6174,95.808,67123.0
2026-01-13T09:40:00-05:00,95.74,96.24,95.73,96.1716,40624.0
2026-01-13T09:45:00-05:00,96.2,96.92,96.19,96.77,101332.0
2026-01-13T09:50:00-05:00,96.86,96.96,96.62,96.83,85385.0
2026-01-13T09:55:00-05:00,96.75,96.98,96.57,96.663,50111.0
2026-01-13T10:00:00-05:00,96.67,96.79,96.080002,96.4353,60833.0
2026-01-13T10:05:00-05:00,96.44,96.44,95.92,95.95,43370.0
2026-01-13T10:10:00-05:00,95.97,96.259,95.91,95.94,44253.0
2026-01-13T10:15:00-05:00,96.0,96.043503,95.41,95.47,25858.0
2026-01-13T10:20:00-05:00,95.53,95.6424,95.3,95.42,35850.0
2026-01-13T10:25:00-05:00,95.39,95.8399,95.28,95.75,40066.0
2026-01-13T10:30:00-05:00,95.67,95.92,95.58,95.71,18103.0
2026-01-13T10:35:00-05:00,95.68,95.72,95.375,95.55,15929.0
2026-01-13T10:40:00-05:00,95.535,95.78,95.41,95.72,20400.0
2026-01-13T10:45:00-05:00,95.7152,96.019997,95.7037,96.0,23944.0
2026-01-13T10:50:00-05:00,95.98,96.1499,95.95,96.089996,21237.0
2026-01-13T10:55:00-05:00,95.99,96.17,95.99,96.095001,31808.0
2026-01-13T11:00:00-05:00,96.095497,96.16,95.6,95.6,44335.0
2026-01-13T11:05:00-05:00,95.56,95.6,95.4101,95.44,18367.0
2026-01-13T11:10:00-05:00,95.42,95.8499,95.3855,95.7178,18146.0
2026-01-13T11:15:00-05:00,95.7,95.8078,95.64,95.78,25939.0
2026-01-13T11:20:00-05:00,95.78,95.8699,95.64,95.745,16336.0
2026-01-13T11:25:00-05:00,95.705,95.71,95.27,95.609,28140.0
2026-01-13T11:30:00-05:00,95.56,95.78,95.53,95.78,20137.0
2026-01-13T11:35:00-05:00,95.78,95.82,95.5606,95.82,16258.0
2026-01-13T11:40:00-05:00,95.8,96.11,95.79,96.11,15891.0
2026-01-13T11:45:00-05:00,96.1267,96.3122,96.065002,96.265,37416.0
2026-01-13T11:50:00-05:00,96.25,96.3383,96.07,96.24,40032.0
2026-01-13T11:55:00-05:00,96.18,96.27,96.1121,96.24,14886.0
2026-01-13T12:00:00-05:00,96.2251,96.3843,96.099998,96.099998,18217.0
2026-01-13T12:05:00-05:00,96.1152,96.1306,95.9,95.985,22116.0
2026-01-13T12:10:00-05:00,95.985,96.12,95.96,96.059998,18432.0
2026-01-13T12:15:00-05:00,96.040001,96.095001,95.9,95.965,8931.0
2026-01-13T12:20:00-05:00,96.019997,96.1199,95.85,96.084999,42717.0
2026-01-13T12:25:00-05:00,96.040001,96.089996,95.73,95.9499,11014.0
2026-01-13T12:30:00-05:00,95.87,95.97,95.68,95.89,12618.0
2026-01-13T12:35:00-05:00,95.84,95.9595,95.61,95.75,19858.0
2026-01-13T12:40:00-05:00,95.795,95.8399,95.5,95.51,13215.0
2026-01-13T12:45:00-05:00,95.54,95.62,95.35,95.39,10696.0
2026-01-13T12:50:00-05:00,95.39,95.4481,95.1886,95.31,24217.0
2026-01-13T12:55:00-05:00,95.21,95.21,94.82,94.98,72170.0
2026-01-13T13:00:00-05:00,94.9628,95.080002,94.8001,94.85,15463.0
2026-01-13T13:05:00-05:00,94.78,94.9572,94.705,94.835,13718.0
2026-01-13T13:10:00-05:00,94.855,95.19,94.77,95.1621,17686.0
2026-01-13T13:15:00-05:00,95.185,95.19,94.69,94.69,20810.0
2026-01-13T13:20:00-05:00,94.7001,94.94,94.5901,94.67,20152.0
2026-01-13T13:25:00-05:00,94.8326,94.98,94.68,94.78,10077.0
2026-01-13T13:30:00-05:00,94.85,95.029999,94.75,94.75,12892.0
2026-01-13T13:35:00-05:00,94.6846,95.099998,94.6846,95.099998,30287.0
2026-01-13T13:40:00-05:00,95.07,95.175,95.0467,95.105,22327.0
2026-01-13T13:45:00-05:00,95.13,95.26,95.040001,95.21,12738.0
2026-01-13T13:50:00-05:00,95.18,95.225,94.978,95.225,8186.0
2026-01-13T13:55:00-05:00,95.229,95.229,94.9,94.91,28421.0
2026-01-13T14:00:00-05:00,94.71,94.71,94.3441,94.445,23297.0
2026-01-13T14:05:00-05:00,94.435,94.91,94.435,94.83,13663.0
2026-01-13T14:10:00-05:00,94.835,94.99,94.71,94.98,13661.0
2026-01-13T14:15:00-05:00,95.035004,95.1399,94.8,95.059998,23334.0
2026-01-13T14:20:00-05:00,95.057899,95.15,95.0049973,95.089996,5265.0
2026-01-13T14:25:00-05:00,95.15,95.18002,95.080002,95.14,11658.0
2026-01-13T14:30:00-05:00,95.15,95.25,95.089996,95.145,25736.0
2026-01-13T14:35:00-05:00,95.1527,95.155,95.010002,95.099998,8013.0
2026-01-13T14:40:00-05:00,95.11,95.22,95.07,95.185,25234.0
2026-01-13T14:45:00-05:00,95.07,95.07,94.88,94.99,11150.0
2026-01-13T14:50:00-05:00,95.059998,95.13,95.010002,95.035004,6095.0
2026-01-13T14:55:00-05:00,95.061996,95.14,95.040001,95.059998,14077.0
2026-01-13T15:00:00-05:00,95.059998,95.07,94.75,94.84,13750.0
2026-01-13T15:05:00-05:00,94.75,94.89,94.65,94.785,10942.0
2026-01-13T15:10:00-05:00,94.72,94.825,94.71,94.71,17897.0
2026-01-13T15:15:00-05:00,94.67,94.83,94.53,94.82,30722.0
2026-01-13T15:20:00-05:00,94.84,94.85,94.7,94.85,21410.0
2026-01-13T15:25:00-05:00,94.85,94.86,94.61,94.68,23119.0
2026-01-13T15:30:00-05:00,94.68,94.72,94.35,94.4,25509.0
2026-01-13T15:35:00-05:00,94.4,94.59,94.325,94.55,31303.0
2026-01-13T15:40:00-05:00,94.54,94.975,94.54,94.88,38834.0
2026-01-13T15:45:00-05:00,94.9,95.025002,94.84,94.955,43455.0
2026-01-13T15:50:00-05:00,94.955,94.955,94.77,94.885,61882.0
2026-01-13T15:55:00-05:00,94.885,94.92,94.41,94.43,239046.0
2026-01-14T09:30:00-05:00,97.12,97.12,95.86,95.86,352614.0
2026-01-14T09:35:00-05:00,95.8,95.931,94.86,94.93,101924.0
2026-01-14T09:40:00-05:00,94.91,95.3182,94.84,94.94,99322.0
2026-01-14T09:45:00-05:00,94.9468,95.19,94.6,94.67,107867.0
2026-01-14T09:50:00-05:00,94.66,95.31,94.6,95.2295,98414.0
2026-01-14T09:55:00-05:00,95.14,95.3652,95.0,95.082001,40697.0
2026-01-14T10:00:00-05:00,95.010002,95.010002,94.41,94.53,80096.0
2026-01-14T10:05:00-05:00,94.5958,94.6599,94.1123,94.365,58991.0
2026-01-14T10:10:00-05:00,94.4,95.11,94.13,95.0,77671.0
2026-01-14T10:15:00-05:00,94.98,95.3399,94.9,95.07,60995.0
2026-01-14T10:20:00-05:00,95.044998,95.35,94.8151,94.91,37050.0
2026-01-14T10:25:00-05:00,94.935,94.935,94.61,94.63,31207.0
2026-01-14T10:30:00-05:00,94.63,94.72,94.345,94.37,99042.0
2026-01-14T10:35:00-05:00,94.36,95.295,94.36,95.15,53587.0
2026-01-14T10:40:00-05:00,95.23,95.35,94.79,94.82,116417.0
2026-01-14T10:45:00-05:00,94.8303,95.22,94.785,94.96,27760.0
2026-01-14T10:50:00-05:00,94.97,95.029999,94.78,94.97,38407.0
2026-01-14T10:55:00-05:00,94.97,95.050003,94.67,94.8522,20034.0
2026-01-14T11:00:00-05:00,94.89,94.89,94.6322,94.77,18459.0
2026-01-14T11:05:00-05:00,94.79,94.9095,94.47,94.5,29759.0
2026-01-14T11:10:00-05:00,94.4585,94.52,94.26,94.45,81068.0
2026-01-14T11:15:00-05:00,94.47,94.91,94.39,94.91,52659.0
2026-01-14T11:20:00-05:00,94.92,95.215,94.82,95.2,45710.0
2026-01-14T11:25:00-05:00,95.18,95.2,94.82801,94.96,59708.0
2026-01-14T11:30:00-05:00,94.92,95.07,94.86,95.019997,27329.0
2026-01-14T11:35:00-05:00,95.019997,95.080002,94.55,94.8566,16373.0
2026-01-14T11:40:00-05:00,94.8,94.9,94.6251,94.82,14669.0
2026-01-14T11:45:00-05:00,94.76,94.76,94.48,94.485,36904.0
2026-01-14T11:50:00-05:00,94.5,94.7299,94.43,94.57,43953.0
2026-01-14T11:55:00-05:00,94.56,94.78,94.33,94.78,19788.0
2026-01-14T12:00:00-05:00,94.8453,94.87,94.671,94.68,19942.0
2026-01-14T12:05:00-05:00,94.75,94.8,94.26,94.43,83175.0
2026-01-14T12:10:00-05:00,94.47,94.6,94.34,94.5285,77736.0
2026-01-14T12:15:00-05:00,94.535,94.535,94.15,94.2,24974.0
2026-01-14T12:20:00-05:00,94.15,94.225,93.52,93.62,60042.0
2026-01-14T12:25:00-05:00,93.7052,93.935,93.52,93.935,33057.0
2026-01-14T12:30:00-05:00,93.88,93.88,93.099998,93.3848,23744.0
2026-01-14T12:35:00-05:00,93.426,93.63,93.315,93.57,23606.0
2026-01-14T12:40:00-05:00,93.43,93.45,93.23,93.45,21078.0
2026-01-14T12:45:00-05:00,93.44,93.9299,93.39,93.88,22151.0
2026-01-14T12:50:00-05:00,93.9,93.9999,93.63,93.75,8269.0
2026-01-14T12:55:00-05:00,93.78,93.98,93.78,93.875,19286.0
2026-01-14T13:00:00-05:00,93.85,94.23,93.711,94.15,12360.0
2026-01-14T13:05:00-05:00,94.17,94.2999,94.019997,94.1123,7464.0
2026-01-14T13:10:00-05:00,94.18,94.4,94.16,94.2,16959.0
2026-01-14T13:15:00-05:00,94.1684,94.42,94.059998,94.295,39057.0
2026-01-14T13:20:00-05:00,94.35,94.42,94.21465,94.22,15838.0
2026-01-14T13:25:00-05:00,94.235,94.38,94.1665,94.2412,16678.0
2026-01-14T13:30:00-05:00,94.38,94.43,94.13,94.1426,37600.0
2026-01-14T13:35:00-05:00,94.13,94.14,93.91,93.97,30181.0
2026-01-14T13:40:00-05:00,93.98,94.18,93.96,94.1299,26486.0
2026-01-14T13:45:00-05:00,94.13,94.3599,94.019997,94.21,32482.0
2026-01-14T13:50:00-05:00,94.2,94.4433,94.2,94.37,43561.0
2026-01-14T13:55:00-05:00,94.36,94.89,94.33,94.89,23765.0
2026-01-14T14:00:00-05:00,94.8553,95.11,94.7,94.7,51262.0
2026-01-14T14:05:00-05:00,94.65,94.785,94.53,94.69,26062.0
2026-01-14T14:10:00-05:00,94.68,94.97,94.56,94.97,19876.0
2026-01-14T14:15:00-05:00,94.93,94.95,94.77,94.93,46638.0
2026-01-14T14:20:00-05:00,94.95,95.1233,94.8334,95.079597,23460.0
2026-01-14T14:25:00-05:00,95.059998,95.059998,94.805,94.88,17685.0
2026-01-14T14:30:00-05:00,94.9,95.029999,94.835,94.8999,23382.0
2026-01-14T14:35:00-05:00,94.82,95.050003,94.75,95.050003,15504.0
2026-01-14T14:40:00-05:00,95.07,95.12,95.0074997,95.080002,20356.0
2026-01-14T14:45:00-05:00,95.1099,95.1694,95.037399,95.050003,22061.0
2026-01-14T14:50:00-05:00,95.059998,95.27,95.050003,95.22,34900.0
2026-01-14T14:55:00-05:00,95.2,95.4788,95.13,95.45,32154.0
2026-01-14T15:00:00-05:00,95.48,95.53,94.89,95.080002,52791.0
2026-01-14T15:05:00-05:00,95.080002,95.23,94.81,95.19,25683.0
2026-01-14T15:10:00-05:00,95.19,95.42,95.14,95.2999,36180.0
2026-01-14T15:15:00-05:00,95.35,95.37,94.96,95.17,48818.0
2026-01-14T15:20:00-05:00,95.17,95.36,95.029999,95.29,56525.0
2026-01-14T15:25:00-05:00,95.29,95.34,95.17,95.25,72793.0
2026-01-14T15:30:00-05:00,95.24,95.33,95.12,95.15,58987.0
2026-01-14T15:35:00-05:00,95.16,95.17,94.97,95.090103,64105.0
2026-01-14T15:40:00-05:00,95.080002,95.14,94.81,94.85,66004.0
2026-01-14T15:45:00-05:00,94.835,94.89,94.68,94.69,81529.0
2026-01-14T15:50:00-05:00,94.71,94.89,94.65,94.69,73629.0
2026-01-14T15:55:00-05:00,94.7,94.88,94.61,94.88,200258.0
2026-01-15T09:30:00-05:00,93.685,94.295,92.8732,94.010002,286752.0
2026-01-15T09:35:00-05:00,94.019997,94.69,94.0,94.6552,85477.0
2026-01-15T09:40:00-05:00,94.72,94.79,94.2,94.25,87968.0
2026-01-15T09:45:00-05:00,94.2,94.55,94.14,94.42,46381.0
2026-01-15T09:50:00-05:00,94.42,94.55,94.24,94.4101,38389.0
2026-01-15T09:55:00-05:00,94.44,94.7,94.38,94.61,19260.0
2026-01-15T10:00:00-05:00,94.58,95.040001,94.5,94.83,54110.0
2026-01-15T10:05:00-05:00,94.91,94.91,94.33,94.7,31937.0
2026-01-15T10:10:00-05:00,94.73,94.825,94.65,94.74,26085.0
2026-01-15T10:15:00-05:00,94.73,95.12,94.6301,95.089996,36169.0
2026-01-15T10:20:00-05:00,95.099998,95.17,94.94,94.94,35936.0
2026-01-15T10:25:00-05:00,94.9,94.95,94.68,94.925,15526.0
2026-01-15T10:30:00-05:00,94.92,94.97,94.68,94.68,162465.0
2026-01-15T10:35:00-05:00,94.7,94.815,94.62,94.7101,37293.0
2026-01-15T10:40:00-05:00,94.71,94.74,94.4,94.47,29075.0
2026-01-15T10:45:00-05:00,94.46,94.78,94.43,94.71,46598.0
2026-01-15T10:50:00-05:00,94.725,94.87318,94.68,94.8381,24629.0
2026-01-15T10:55:00-05:00,94.8,94.83,94.66,94.79,21788.0
2026-01-15T11:00:00-05:00,94.75,94.8299,94.3,94.4,30898.0
2026-01-15T11:05:00-05:00,94.405,94.8,94.3256,94.77,17437.0
2026-01-15T11:10:00-05:00,94.765,95.2633,94.68,95.21,35152.0
2026-01-15T11:15:00-05:00,95.24,95.65,95.23,95.555,35712.0
2026-01-15T11:20:00-05:00,95.49,95.62,95.34,95.58,98680.0
2026-01-15T11:25:00-05:00,95.53,95.53,95.19,95.22,37156.0
2026-01-15T11:30:00-05:00,95.23,95.4299,95.19,95.39,17707.0
2026-01-15T11:35:00-05:00,95.36,95.4299,95.1891,95.23,23446.0
2026-01-15T11:40:00-05:00,95.16,95.2,95.050003,95.175,33649.0
2026-01-15T11:45:00-05:00,95.12,95.12,94.74,94.74,10825.0
2026-01-15T11:50:00-05:00,94.72,95.07,94.63,94.71,26801.0
2026-01-15T11:55:00-05:00,94.7488,94.79,94.61,94.6301,14913.0
2026-01-15T12:00:00-05:00,94.64,95.125,94.64,95.014999,17479.0
2026-01-15T12:05:00-05:00,94.97,95.11,94.96,95.07,7280.0
2026-01-15T12:10:00-05:00,95.065002,95.089996,94.95,95.050003,25048.0
2026-01-15T12:15:00-05:00,95.080002,95.22,95.0,95.099998,13777.0
2026-01-15T12:20:00-05:00,95.13,95.18,95.080002,95.135,7555.0
2026-01-15T12:25:00-05:00,95.15,95.15,95.07,95.11,16104.0
2026-01-15T12:30:00-05:00,95.059998,95.19,95.050003,95.16,24653.0
2026-01-15T12:35:00-05:00,95.21,95.28,95.105,95.105,7711.0
2026-01-15T12:40:00-05:00,95.1255,95.2491,95.080002,95.155,8699.0
2026-01-15T12:45:00-05:00,95.24,95.3899,95.24,95.28,5317.0
2026-01-15T12:50:00-05:00,95.28,95.3099,95.16,95.16,6316.0
2026-01-15T12:55:00-05:00,95.17,95.45,95.17,95.44,16657.0
2026-01-15T13:00:00-05:00,95.44,95.86,95.44,95.8,69877.0
2026-01-15T13:05:00-05:00,95.8,95.8,95.6,95.69,30864.0
2026-01-15T13:10:00-05:00,95.69,95.93,95.66,95.68,26930.0
2026-01-15T13:15:00-05:00,95.68,95.71,95.59,95.59,42513.0
2026-01-15T13:20:00-05:00,95.6,95.73,95.59,95.64,25698.0
2026-01-15T13:25:00-05:00,95.69,95.7999,95.64,95.7999,32016.0
2026-01-15T13:30:00-05:00,95.76,95.88,95.63,95.835,17805.0
2026-01-15T13:35:00-05:00,95.83,96.034599,95.83,95.8458,19712.0
2026-01-15T13:40:00-05:00,95.8501,95.8999,95.721,95.87,7992.0
2026-01-15T13:45:00-05:00,95.92,96.0,95.88,95.9408,14726.0
2026-01-15T13:50:00-05:00,95.92,96.019997,95.88,95.95,21992.0
2026-01-15T13:55:00-05:00,95.9696,96.07,95.95,96.050003,14200.0
2026-01-15T14:00:00-05:00,96.050003,96.24,96.019997,96.2148,14043.0
2026-01-15T14:05:00-05:00,96.23,96.3631,96.105,96.36,22678.0
2026-01-15T14:10:00-05:00,96.35,96.39,96.23,96.2822,27366.0
2026-01-15T14:15:00-05:00,96.248,96.34,96.19,96.3,17245.0
2026-01-15T14:20:00-05:00,96.3,96.4675,96.29,96.41,16973.0
2026-01-15T14:25:00-05:00,96.43,96.47,96.33,96.36,34024.0
2026-01-15T14:30:00-05:00,96.34,96.405,96.27,96.4,14515.0
2026-01-15T14:35:00-05:00,96.4199,96.43,96.22,96.27,20081.0
2026-01-15T14:40:00-05:00,96.26,96.5,96.26,96.4251,31926.0
2026-01-15T14:45:00-05:00,96.41,96.48,96.34,96.44,15125.0
2026-01-15T14:50:00-05:00,96.44,96.53,96.4,96.43,22904.0
2026-01-15T14:55:00-05:00,96.44,96.68,96.27,96.68,45237.0
2026-01-15T15:00:00-05:00,96.655,96.655,96.28,96.58,32447.0
2026-01-15T15:05:00-05:00,96.58,96.59,96.2,96.2,35548.0
2026-01-15T15:10:00-05:00,96.2,96.42,96.13,96.21,52584.0
2026-01-15T15:15:00-05:00,96.22,96.31,96.080002,96.11,42683.0
2026-01-15T15:20:00-05:00,96.080002,96.22,95.96,96.080002,47764.0
2026-01-15T15:25:00-05:00,96.080002,96.21,95.99,96.050003,31925.0
2026-01-15T15:30:00-05:00,96.040001,96.089996,95.95,96.059998,50264.0
2026-01-15T15:35:00-05:00,96.07,96.2934,96.065002,96.21,24757.0
2026-01-15T15:40:00-05:00,96.2,96.3699,96.16,96.3699,18932.0
2026-01-15T15:45:00-05:00,96.35,96.41,96.241,96.36,16536.0
2026-01-15T15:50:00-05:00,96.41,96.48,96.34,96.46,88039.0
2026-01-15T15:55:00-05:00,96.46,96.495,96.31,96.4,133886.0
2026-01-16T09:30:00-05:00,95.61,95.89,94.7,95.32,361555.0
2026-01-16T09:35:00-05:00,95.3,96.2399,95.295,95.73,98583.0
2026-01-16T09:40:00-05:00,95.746,96.040001,95.64,95.88,76134.0
2026-01-16T09:45:00-05:00,95.84,96.43,95.8,96.3,57179.0
2026-01-16T09:50:00-05:00,96.3,96.4356,96.07,96.41,76613.0
2026-01-16T09:55:00-05:00,96.41,96.43,95.7501,95.825,40718.0
2026-01-16T10:00:00-05:00,95.8,96.28,95.7917,96.27,33077.0
2026-01-16T10:05:00-05:00,96.32,96.6199,96.24,96.57,72707.0
2026-01-16T10:10:00-05:00,96.6,96.78,96.49,96.74,91474.0
2026-01-16T10:15:00-05:00,96.75,96.8,96.3,96.31,72985.0
2026-01-16T10:20:00-05:00,96.29,96.425,95.28,95.3,70030.0
2026-01-16T10:25:00-05:00,95.28,95.33,94.099998,94.16,153781.0
2026-01-16T10:30:00-05:00,94.235,94.24,93.69,93.98,84059.0
2026-01-16T10:35:00-05:00,93.952,94.33,93.83,94.22,87167.0
2026-01-16T10:40:00-05:00,94.235,94.31,93.81,94.15,104546.0
2026-01-16T10:45:00-05:00,94.25,95.145,94.195,95.12,79875.0
2026-01-16T10:50:00-05:00,95.14,95.26,94.86,95.2217,36672.0
2026-01-16T10:55:00-05:00,95.2,95.375,95.11,95.255,56424.0
2026-01-16T11:00:00-05:00,95.21,95.53,95.2,95.4999,90628.0
2026-01-16T11:05:00-05:00,95.5,96.0,95.49,95.73,106268.0
2026-01-16T11:10:00-05:00,95.765,96.37,95.765,96.345,145990.0
2026-01-16T11:15:00-05:00,96.36,96.41,96.0,96.35,49345.0
2026-01-16T11:20:00-05:00,96.316,96.72,96.316,96.665,68895.0
2026-01-16T11:25:00-05:00,96.63,97.0,96.62,96.83,208519.0
2026-01-16T11:30:00-05:00,96.87,97.050003,96.7515,96.86,122945.0
2026-01-16T11:35:00-05:00,96.84,97.4,96.84,97.33,167015.0
2026-01-16T11:40:00-05:00,97.3393,97.54,97.21,97.21,85174.0
2026-01-16T11:45:00-05:00,97.21,97.3,96.93,97.010002,68067.0
2026-01-16T11:50:00-05:00,97.010002,97.027702,96.7,96.81,30378.0
2026-01-16T11:55:00-05:00,96.835,97.0049973,96.77,97.0,42122.0
2026-01-16T12:00:00-05:00,96.95,96.965,96.82,96.93,35343.0
2026-01-16T12:05:00-05:00,96.9479,97.11,96.82,97.053802,55311.0
2026-01-16T12:10:00-05:00,97.040001,97.3353,97.040001,97.22,63755.0
2026-01-16T12:15:00-05:00,97.213,97.3155,97.16,97.16,29069.0
2026-01-16T12:20:00-05:00,97.1982,97.27,96.84,97.11,70553.0
2026-01-16T12:25:00-05:00,97.029999,97.07,96.8901,96.9344,12665.0
2026-01-16T12:30:00-05:00,96.95,97.029999,96.91,96.9786,23333.0
2026-01-16T12:35:00-05:00,97.029999,97.1368,96.99,97.070801,13454.0
2026-01-16T12:40:00-05:00,97.080002,97.099998,96.865,96.91,15922.0
2026-01-16T12:45:00-05:00,96.8033,97.044998,96.74,97.044998,22926.0
2026-01-16T12:50:00-05:00,97.026703,97.22,96.97,97.13,82669.0
2026-01-16T12:55:00-05:00,97.14,97.16,96.86,96.86,20731.0
2026-01-16T13:00:00-05:00,96.82,97.12,96.82,97.12,18380.0
2026-01-16T13:05:00-05:00,97.12,97.15,97.029999,97.11,32110.0
2026-01-16T13:10:00-05:00,97.099998,97.15,97.0,97.029999,21813.0
2026-01-16T13:15:00-05:00,96.94,96.98,96.81,96.95,12292.0
2026-01-16T13:20:00-05:00,97.010002,97.27,97.0049973,97.24,34224.0
2026-01-16T13:25:00-05:00,97.23,97.28,97.14,97.1937,36108.0
2026-01-16T13:30:00-05:00,97.22,97.49,97.16,97.463,48375.0
2026-01-16T13:35:00-05:00,97.445,97.5299,97.445,97.49,28508.0
2026-01-16T13:40:00-05:00,97.49,97.55,97.4,97.4973,32665.0
2026-01-16T13:45:00-05:00,97.48,97.4965,97.235,97.33,25975.0
2026-01-16T13:50:00-05:00,97.3585,97.3585,97.099998,97.141,12174.0
2026-01-16T13:55:00-05:00,97.14,97.21,96.99,97.21,41631.0
2026-01-16T14:00:00-05:00,97.18,97.429,97.13,97.429,21090.0
2026-01-16T14:05:00-05:00,97.43,97.62,97.3992,97.41,24829.0
2026-01-16T14:10:00-05:00,97.37,97.41,97.21,97.325,45512.0
2026-01-16T14:15:00-05:00,97.3,97.38,97.18,97.35,55383.0
2026-01-16T14:20:00-05:00,97.35,97.45,97.23,97.34,52032.0
2026-01-16T14:25:00-05:00,97.33,97.355,97.2,97.355,34371.0
2026-01-16T14:30:00-05:00,97.36,97.659,97.33,97.645,55540.0
2026-01-16T14:35:00-05:00,97.66,97.7115,97.6,97.619,22066.0
2026-01-16T14:40:00-05:00,97.6097,97.675,97.5401,97.5503,31052.0
2026-01-16T14:45:00-05:00,97.6,97.68,97.49,97.57,36916.0
2026-01-16T14:50:00-05:00,97.56,97.64,97.4601,97.6275,31310.0
2026-01-16T14:55:00-05:00,97.63,97.64,97.4101,97.47,33897.0
2026-01-16T15:00:00-05:00,97.48,97.5899,97.27,97.55,74875.0
2026-01-16T15:05:00-05:00,97.55,97.66,97.47,97.62,58645.0
2026-01-16T15:10:00-05:00,97.615,97.75,97.56,97.74,26099.0
2026-01-16T15:15:00-05:00,97.75,97.78,97.59,97.72,52155.0
2026-01-16T15:20:00-05:00,97.72,97.899,97.66,97.8101,43946.0
2026-01-16T15:25:00-05:00,97.82,97.84,97.75,97.81,36287.0
2026-01-16T15:30:00-05:00,97.81,97.81,97.355,97.68,50709.0
2026-01-16T15:35:00-05:00,97.7,97.795,97.66,97.68,43386.0
2026-01-16T15:40:00-05:00,97.6928,97.81,97.6928,97.75,30133.0
2026-01-16T15:45:00-05:00,97.75,97.77,97.6775,97.74,37571.0
2026-01-16T15:50:00-05:00,97.72,98.07,97.7,98.029999,335907.0
2026-01-16T15:55:00-05:00,98.019997,98.4,98.018997,98.37,175179.0
2026-01-20T09:30:00-05:00,103.010002,103.39,102.145,102.2599,859406.0
2026-01-20T09:35:00-05:00,102.019997,102.59,101.6,102.38,255384.0
2026-01-20T09:40:00-05:00,102.32,102.41,101.53,102.055199,227348.0
2026-01-20T09:45:00-05:00,102.025002,102.1399,101.36,101.68,160236.0
2026-01-20T09:50:00-05:00,101.585,102.18,101.43,102.040001,101183.0
2026-01-20T09:55:00-05:00,102.098198,102.7783,102.050003,102.7,103647.0
2026-01-20T10:00:00-05:00,102.705,103.089897,102.68,102.98,97345.0
2026-01-20T10:05:00-05:00,102.9285,103.14,101.9,102.46,59257.0
2026-01-20T10:10:00-05:00,102.5004,103.099998,102.5004,103.080002,68785.0
2026-01-20T10:15:00-05:00,103.1237,103.1237,101.98,102.13,139001.0
2026-01-20T10:20:00-05:00,102.040001,102.53,101.67,101.775,63115.0
2026-01-20T10:25:00-05:00,101.7,101.9699,101.47,101.81,61449.0
2026-01-20T10:30:00-05:00,101.7,102.6,101.61,102.6,87028.0
2026-01-20T10:35:00-05:00,102.6,102.62,102.0,102.2853,63060.0
2026-01-20T10:40:00-05:00,102.23,102.835,102.21,102.64,41833.0
2026-01-20T10:45:00-05:00,102.74,103.17011,102.59,103.080002,79163.0
2026-01-20T10:50:00-05:00,103.010002,103.079002,102.41,102.57,59950.0
2026-01-20T10:55:00-05:00,102.5401,102.69,102.27,102.6512,32684.0
2026-01-20T11:00:00-05:00,102.77,102.79,102.44,102.44,40070.0
2026-01-20T11:05:00-05:00,102.45,102.809,102.099998,102.715,34192.0
2026-01-20T11:10:00-05:00,102.78,103.18,102.7501,103.15,42628.0
2026-01-20T11:15:00-05:00,103.13,103.21,102.98,103.019997,55353.0
2026-01-20T11:20:00-05:00,102.9795,103.07,102.68,102.9876,64996.0
2026-01-20T11:25:00-05:00,102.99,103.3,102.77,103.1166,36509.0
2026-01-20T11:30:00-05:00,103.07,103.5,103.07,103.46,58468.0
2026-01-20T11:35:00-05:00,103.44,103.53,103.3,103.53,89270.0
2026-01-20T11:40:00-05:00,103.5499,103.57,103.21,103.425,68383.0
2026-01-20T11:45:00-05:00,103.45,103.52,103.1936,103.4209,45362.0
2026-01-20T11:50:00-05:00,103.49,103.51,103.13,103.45,49804.0
2026-01-20T11:55:00-05:00,103.44,103.83,103.4201,103.75,79690.0
2026-01-20T12:00:00-05:00,103.71,103.73,103.41,103.56,51033.0
2026-01-20T12:05:00-05:00,103.54,103.56,103.2401,103.285,23366.0
2026-01-20T12:10:00-05:00,103.29,103.68,103.21,103.65,16103.0
2026-01-20T12:15:00-05:00,103.6407,103.6407,103.46,103.6125,12369.0
2026-01-20T12:20:00-05:00,103.53,103.5599,103.2981,103.3641,32189.0
2026-01-20T12:25:00-05:00,103.33,103.49,103.23196,103.42,28737.0
2026-01-20T12:30:00-05:00,103.405,103.43,103.080002,103.245,29775.0
2026-01-20T12:35:00-05:00,103.234,103.47,103.21,103.27,28825.0
2026-01-20T12:40:00-05:00,103.27,103.315,103.1019,103.22,16463.0
2026-01-20T12:45:00-05:00,103.18,103.21,102.74,103.013901,34961.0
2026-01-20T12:50:00-05:00,103.084999,103.31,103.065002,103.24,20765.0
2026-01-20T12:55:00-05:00,103.23,103.36,103.13,103.16,21961.0
2026-01-20T13:00:00-05:00,103.16,103.44,103.010101,103.42,25233.0
2026-01-20T13:05:00-05:00,103.36,103.4699,103.29,103.3876,14938.0
2026-01-20T13:10:00-05:00,103.35,103.5,103.35,103.41,29948.0
2026-01-20T13:15:00-05:00,103.45,103.69,103.45,103.53,16937.0
2026-01-20T13:20:00-05:00,103.545,103.5785,103.34,103.38,23517.0
2026-01-20T13:25:00-05:00,103.375,103.4733,103.15,103.3,23304.0
2026-01-20T13:30:00-05:00,103.29,103.5,103.235,103.3657,29202.0
2026-01-20T13:35:00-05:00,103.43,103.45,103.1227,103.2047,31475.0
2026-01-20T13:40:00-05:00,103.23,103.23,102.965,102.9799,27571.0
2026-01-20T13:45:00-05:00,102.95,103.1699,102.95,103.050003,27655.0
2026-01-20T13:50:00-05:00,103.050003,103.079903,102.68,102.74,36821.0
2026-01-20T13:55:00-05:00,102.81,103.19,102.74,103.13,30201.0
2026-01-20T14:00:00-05:00,103.15,103.19,102.84,103.080002,18165.0
2026-01-20T14:05:00-05:00,103.14,103.2279,103.010002,103.019997,15847.0
2026-01-20T14:10:00-05:00,103.080002,103.115,102.97,103.115,32949.0
2026-01-20T14:15:00-05:00,103.127,103.4385,103.0049973,103.395,26665.0
2026-01-20T14:20:00-05:00,103.41,103.43,103.1599,103.19,28055.0
2026-01-20T14:25:00-05:00,103.19,103.2,103.035004,103.059998,22699.0
2026-01-20T14:30:00-05:00,103.080002,103.12,102.47,102.6,35380.0
2026-01-20T14:35:00-05:00,102.61,103.12,102.585,103.089996,38245.0
2026-01-20T14:40:00-05:00,103.0951,103.25,102.9217,103.089996,27984.0
2026-01-20T14:45:00-05:00,103.0,103.24,103.0,103.23,32273.0
2026-01-20T14:50:00-05:00,103.24,103.525,103.18,103.395,38759.0
2026-01-20T14:55:00-05:00,103.37,103.4099,103.097801,103.36,27850.0
2026-01-20T15:00:00-05:00,103.35,103.35,102.94,102.95,129383.0
2026-01-20T15:05:00-05:00,102.96,103.084999,102.78,103.07,50784.0
2026-01-20T15:10:00-05:00,103.059998,103.4,103.050003,103.275,82318.0
2026-01-20T15:15:00-05:00,103.265,103.36,103.0,103.24,27109.0
2026-01-20T15:20:00-05:00,103.23,103.26,103.040001,103.14,43296.0
2026-01-20T15:25:00-05:00,103.13,103.31,103.13,103.23,40271.0
2026-01-20T15:30:00-05:00,103.23,103.4,103.18,103.27,25212.0
2026-01-20T15:35:00-05:00,103.233,103.33,103.15,103.15,15726.0
2026-01-20T15:40:00-05:00,103.21,103.27,103.099998,103.27,33501.0
2026-01-20T15:45:00-05:00,103.31,103.485,103.31,103.409,28120.0
2026-01-20T15:50:00-05:00,103.35,103.57,103.32,103.48,51202.0
2026-01-20T15:55:00-05:00,103.49,103.58,103.335,103.46,221834.0
2026-01-21T09:30:00-05:00,106.19,106.19,103.95,104.55,688684.0
2026-01-21T09:35:00-05:00,104.46,105.21,104.104,105.089798,116565.0
2026-01-21T09:40:00-05:00,105.14,105.14,104.53,104.65,108506.0
2026-01-21T09:45:00-05:00,104.61,104.805,104.16,104.28,144752.0
2026-01-21T09:50:00-05:00,104.295,104.435,103.8,104.11,64767.0
2026-01-21T09:55:00-05:00,104.12,104.565,103.69,103.69,93200.0
2026-01-21T10:00:00-05:00,103.81,104.2952,103.6,104.099998,76987.0
2026-01-21T10:05:00-05:00,104.083603,104.42,104.060699,104.185,24458.0
2026-01-21T10:10:00-05:00,104.155,104.2034,103.73,104.099998,46998.0
2026-01-21T10:15:00-05:00,104.2,104.41,103.19,103.3,95960.0
2026-01-21T10:20:00-05:00,103.32,103.37,101.9689,102.105,298799.0
2026-01-21T10:25:00-05:00,102.12,102.23,101.7501,101.98,163216.0
2026-01-21T10:30:00-05:00,101.95,102.67,101.95,102.535,128856.0
2026-01-21T10:35:00-05:00,102.58,102.62,102.13,102.2,36974.0
2026-01-21T10:40:00-05:00,102.2,102.605,102.2,102.5701,33493.0
2026-01-21T10:45:00-05:00,102.61,102.7401,102.34,102.68,2160891.0
2026-01-21T10:50:00-05:00,102.7,103.3799,102.65,103.24,41454.0
2026-01-21T10:55:00-05:00,103.35,103.4899,103.029999,103.029999,51624.0
2026-01-21T11:00:00-05:00,103.050003,103.5,103.0,103.39,48773.0
2026-01-21T11:05:00-05:00,103.4,103.75,103.4,103.55,26729.0
2026-01-21T11:10:00-05:00,103.56,103.6,103.33,103.5049,22746.0
2026-01-21T11:15:00-05:00,103.4401,103.9,103.14,103.14,44851.0
2026-01-21T11:20:00-05:00,103.23,103.3199,103.089996,103.22,17866.0
2026-01-21T11:25:00-05:00,103.18,103.7,103.07,103.61,37645.0
2026-01-21T11:30:00-05:00,103.61,104.0,103.61,103.9685,40401.0
2026-01-21T11:35:00-05:00,104.0,104.080002,103.72,103.84,2536492.0
2026-01-21T11:40:00-05:00,103.84,104.019997,103.495,103.54,24451.0
2026-01-21T11:45:00-05:00,103.495,103.87,103.4315,103.71,2571990.0
2026-01-21T11:50:00-05:00,103.8299,103.8299,103.33,103.58,24701.0
2026-01-21T11:55:00-05:00,103.5,103.635,103.35,103.57,31275.0
2026-01-21T12:00:00-05:00,103.53,103.61,103.25,103.575,21414.0
2026-01-21T12:05:00-05:00,103.58,103.58,103.13,103.36,14866.0
2026-01-21T12:10:00-05:00,103.289,103.289,102.76,102.85,51440.0
2026-01-21T12:15:00-05:00,102.865,103.2,102.6501,103.18,20301.0
2026-01-21T12:20:00-05:00,103.080002,103.3,102.97,103.084999,15778.0
2026-01-21T12:25:00-05:00,103.000099182,103.13,102.745,102.84,11683.0
2026-01-21T12:30:00-05:00,102.72,102.72,101.98,102.185,58947.0
2026-01-21T12:35:00-05:00,102.19,102.58,102.19,102.31,85811.0
2026-01-21T12:40:00-05:00,102.4,102.65,102.27,102.4,35723.0
2026-01-21T12:45:00-05:00,102.39,102.78,102.34,102.6894,18365.0
2026-01-21T12:50:00-05:00,102.735,103.44,102.735,103.2995,17188.0
2026-01-21T12:55:00-05:00,103.25,103.65,103.080002,103.62,45676.0
2026-01-21T13:00:00-05:00,103.63,103.63,102.72,102.89,3040810.0
2026-01-21T13:05:00-05:00,102.86,102.99,102.59,102.695,16266.0
2026-01-21T13:10:00-05:00,102.78,103.18,102.635,102.635,21394.0
2026-01-21T13:15:00-05:00,102.6368,102.85,102.52,102.71,40012.0
2026-01-21T13:20:00-05:00,102.66,103.1193,102.59,102.975,14315.0
2026-01-21T13:25:00-05:00,102.93,103.445,102.93,103.39,13425.0
2026-01-21T13:30:00-05:00,103.39,103.5,103.25,103.35,39714.0
2026-01-21T13:35:00-05:00,103.225,103.25,102.99,103.18433,12366.0
2026-01-21T13:40:00-05:00,103.18,103.3,103.050003,103.29,15284.0
2026-01-21T13:45:00-05:00,103.22,103.47,103.13,103.45,18579.0
2026-01-21T13:50:00-05:00,103.463,103.53,103.14,103.22,23218.0
2026-01-21T13:55:00-05:00,103.14,103.52,103.14,103.421,19782.0
2026-01-21T14:00:00-05:00,103.44,103.5,103.26,103.31,33803.0
2026-01-21T14:05:00-05:00,103.32,103.47,103.21,103.47,71175.0
2026-01-21T14:10:00-05:00,103.445,103.5921,103.3368,103.38,32726.0
2026-01-21T14:15:00-05:00,103.4299,103.565,103.3,103.535,11808.0
2026-01-21T14:20:00-05:00,103.5,103.77,103.41,103.76,22401.0
2026-01-21T14:25:00-05:00,103.69,103.85,101.35,101.63,186716.0
2026-01-21T14:30:00-05:00,101.68,102.5,101.68,102.33,85019.0
2026-01-21T14:35:00-05:00,102.36,102.4048,101.41,101.6033,134612.0
2026-01-21T14:40:00-05:00,101.585,102.16,101.55,101.965,150567.0
2026-01-21T14:45:00-05:00,101.945,102.39,101.75,102.32,139106.0
2026-01-21T14:50:00-05:00,102.28,102.355,101.36,101.605,190667.0
2026-01-21T14:55:00-05:00,101.6025,102.14,101.45,101.95,127202.0
2026-01-21T15:00:00-05:00,101.86,102.010002,101.29,101.2998,57865.0
2026-01-21T15:05:00-05:00,101.281,101.78,101.22,101.6,59456.0
2026-01-21T15:10:00-05:00,101.59,101.72,101.27,101.47,77576.0
2026-01-21T15:15:00-05:00,101.465,101.78,101.365,101.53,70290.0
2026-01-21T15:20:00-05:00,101.56,101.69,101.41,101.51,45162.0
2026-01-21T15:25:00-05:00,101.51,101.86,101.485,101.635,115087.0
2026-01-21T15:30:00-05:00,101.54,102.059898,101.45,101.805,53558.0
2026-01-21T15:35:00-05:00,101.86,102.050003,101.73,101.955,44046.0
2026-01-21T15:40:00-05:00,101.97,102.2,101.8901,102.1717,33235.0
2026-01-21T15:45:00-05:00,102.2099,102.26,102.010002,102.13,41093.0
2026-01-21T15:50:00-05:00,102.11,102.33,102.070999,102.33,59109.0
2026-01-21T15:55:00-05:00,102.34,102.45,102.084999,102.22,104485.0
2026-01-22T09:30:00-05:00,102.019997,104.64,102.019997,104.43,258234.0
2026-01-22T09:35:00-05:00,104.47,104.87,104.13,104.59,72018.0
2026-01-22T09:40:00-05:00,104.575,104.84,104.27,104.6728,105692.0
2026-01-22T09:45:00-05:00,104.63,104.6506,103.8047,103.84,71186.0
2026-01-22T09:50:00-05:00,103.7701,105.099998,103.7701,105.044998,60813.0
2026-01-22T09:55:00-05:00,105.029999,105.18,104.76,104.97,94591.0
2026-01-22T10:00:00-05:00,105.0,105.49,104.68,105.3111,109260.0
2026-01-22T10:05:00-05:00,105.28,105.64,105.16,105.225,75401.0
2026-01-22T10:10:00-05:00,105.29,105.95,105.2401,105.93,101554.0
2026-01-22T10:15:00-05:00,105.86,106.485,105.68,106.42,92420.0
2026-01-22T10:20:00-05:00,106.46,106.91,106.33,106.35,38269.0
2026-01-22T10:25:00-05:00,106.31,107.080002,106.31,106.91,76019.0
2026-01-22T10:30:00-05:00,106.9206,107.33,106.8,107.19,77720.0
2026-01-22T10:35:00-05:00,107.095001,107.31,106.975,107.2,49159.0
2026-01-22T10:40:00-05:00,107.12,107.33,106.8118,107.31,88627.0
2026-01-22T10:45:00-05:00,107.33,107.38,107.059998,107.38,71914.0
2026-01-22T10:50:00-05:00,107.33,107.78,107.1443,107.555,91904.0
2026-01-22T10:55:00-05:00,107.53,108.040001,107.4301,108.040001,64722.0
2026-01-22T11:00:00-05:00,108.059998,108.25,107.92,107.99,83577.0
2026-01-22T11:05:00-05:00,107.96,108.3299,107.79,108.25,79219.0
2026-01-22T11:10:00-05:00,108.25,108.63,108.155,108.63,61523.0
2026-01-22T11:15:00-05:00,108.6,108.83,108.32,108.74,36687.0
2026-01-22T11:20:00-05:00,108.75,108.89,108.71,108.78,48883.0
2026-01-22T11:25:00-05:00,108.84,108.84,108.284,108.284,64584.0
2026-01-22T11:30:00-05:00,108.32,108.32,107.9141,108.16,66542.0
2026-01-22T11:35:00-05:00,108.18,108.26,108.040001,108.205,42954.0
2026-01-22T11:40:00-05:00,108.16,108.2181,107.86,108.019997,27603.0
2026-01-22T11:45:00-05:00,107.97,108.13,107.9163,108.059998,34377.0
2026-01-22T11:50:00-05:00,108.055,108.25,107.97,108.0,31375.0
2026-01-22T11:55:00-05:00,107.99,108.019997,107.74,107.88,25696.0
2026-01-22T12:00:00-05:00,107.81,107.97,107.66,107.92,2238369.0
2026-01-22T12:05:00-05:00,107.96,107.9855,107.51,107.88,48319.0
2026-01-22T12:10:00-05:00,108.0,108.080002,107.85,108.0,19376.0
2026-01-22T12:15:00-05:00,107.99,108.22,107.95,108.13,18034.0
2026-01-22T12:20:00-05:00,108.099998,108.38,107.96,108.32,41120.0
2026-01-22T12:25:00-05:00,108.24,108.41,108.2,108.24,70053.0
2026-01-22T12:30:00-05:00,108.26,108.775,108.26,108.775,42027.0
2026-01-22T12:35:00-05:00,108.81,108.87,108.7029,108.79,30776.0
2026-01-22T12:40:00-05:00,108.81,109.0392,108.81,108.98,40359.0
2026-01-22T12:45:00-05:00,108.96,109.1708,108.86,109.135,40053.0
2026-01-22T12:50:00-05:00,109.14,109.16,108.97,109.0,53550.0
2026-01-22T12:55:00-05:00,109.019997,109.089996,108.87,108.91,39016.0
2026-01-22T13:00:00-05:00,108.88,108.88,108.6,108.795,43014.0
2026-01-22T13:05:00-05:00,108.81,108.8269,108.3589,108.5299,22998.0
2026-01-22T13:10:00-05:00,108.525,108.64,108.34,108.41,76048.0
2026-01-22T13:15:00-05:00,108.47,108.74,108.43,108.605,54610.0
2026-01-22T13:20:00-05:00,108.61,108.655,108.3,108.36,58618.0
2026-01-22T13:25:00-05:00,108.39,108.7088,108.39,108.7,76836.0
2026-01-22T13:30:00-05:00,108.66,108.7799,108.46,108.72,48845.0
2026-01-22T13:35:00-05:00,108.74,108.98,108.67,108.81,52891.0
2026-01-22T13:40:00-05:00,108.88,108.93,108.79,108.9,65542.0
2026-01-22T13:45:00-05:00,108.9,108.99,108.69,108.99,42812.0
2026-01-22T13:50:00-05:00,108.99,109.040001,108.7851,108.81,67319.0
2026-01-22T13:55:00-05:00,108.8799,108.9,108.74,108.74,53805.0
2026-01-22T14:00:00-05:00,108.735,109.0049973,108.67,109.0049973,51983.0
2026-01-22T14:05:00-05:00,108.97,109.065002,108.82,108.8549,88544.0
2026-01-22T14:10:00-05:00,108.88,109.099998,108.8301,109.089996,3570889.0
2026-01-22T14:15:00-05:00,109.059998,109.059998,108.9268,109.0186,48251.0
2026-01-22T14:20:00-05:00,109.010002,109.055,108.82,108.88,55730.0
2026-01-22T14:25:00-05:00,108.88,108.88,108.33,108.73,120358.0
2026-01-22T14:30:00-05:00,108.72,108.75,108.3713,108.445,50240.0
2026-01-22T14:35:00-05:00,108.445,108.58,108.17,108.17,70746.0
2026-01-22T14:40:00-05:00,108.22,108.27,108.089996,108.18,58475.0
2026-01-22T14:45:00-05:00,108.18,108.19,107.86,108.029999,69188.0
2026-01-22T14:50:00-05:00,108.0,108.3181,107.92,108.13,58361.0
2026-01-22T14:55:00-05:00,108.13,108.25,107.86,108.22,49041.0
2026-01-22T15:00:00-05:00,108.22,108.35,108.050003,108.29,77630.0
2026-01-22T15:05:00-05:00,108.35,108.47,108.27,108.45,102577.0
2026-01-22T15:10:00-05:00,108.425,108.5,108.36,108.49,82947.0
2026-01-22T15:15:00-05:00,108.55,108.74,108.525,108.68,110874.0
2026-01-22T15:20:00-05:00,108.71,108.89,108.68,108.83,104647.0
2026-01-22T15:25:00-05:00,108.84,108.91,108.76,108.86,124331.0
2026-01-22T15:30:00-05:00,108.87,108.92,108.67,108.67,129736.0
2026-01-22T15:35:00-05:00,108.67,108.8445,108.57,108.59,113356.0
2026-01-22T15:40:00-05:00,108.57,108.72,108.5,108.615,102757.0
2026-01-22T15:45:00-05:00,108.64,108.85,108.64,108.76,106208.0
2026-01-22T15:50:00-05:00,108.76,108.84,108.68,108.81,182402.0
2026-01-22T15:55:00-05:00,108.81,108.86,108.4,108.66,302056.0
2026-01-23T09:30:00-05:00,110.15,110.16,109.080002,109.5101,490977.0
2026-01-23T09:35:00-05:00,109.57,110.12,109.21,109.8742,123146.0
2026-01-23T09:40:00-05:00,109.92,110.69,109.84,110.61,123221.0
2026-01-23T09:45:00-05:00,110.64,110.86,110.46,110.7,99119.0
2026-01-23T09:50:00-05:00,110.67,111.3458,110.62,111.2248,121381.0
2026-01-23T09:55:00-05:00,111.31,111.32,110.4,110.5685,62839.0
2026-01-23T10:00:00-05:00,110.58,110.97,110.33,110.795,70650.0
2026-01-23T10:05:00-05:00,110.89,111.24,110.85,111.24,47323.0
2026-01-23T10:10:00-05:00,111.26,111.3,110.9027,111.15,52175.0
2026-01-23T10:15:00-05:00,111.18,111.2,110.54,110.98,54354.0
2026-01-23T10:20:00-05:00,111.07,111.14,110.82,111.0044022,31605.0
2026-01-23T10:25:00-05:00,111.0,111.42,110.988,111.12,44358.0
2026-01-23T10:30:00-05:00,111.2,111.6397,111.080002,111.185,94862.0
2026-01-23T10:35:00-05:00,111.2,111.2,110.62,110.99,36960.0
2026-01-23T10:40:00-05:00,110.94,111.18,110.805,111.13,35149.0
2026-01-23T10:45:00-05:00,111.12,111.51,111.080002,111.305,41478.0
2026-01-23T10:50:00-05:00,111.28,111.28,110.62,110.819,53356.0
2026-01-23T10:55:00-05:00,110.82,111.13,110.54,110.5801,149142.0
2026-01-23T11:00:00-05:00,110.74,110.8,110.44,110.63,74018.0
2026-01-23T11:05:00-05:00,110.6,111.099998,110.56,111.099998,35156.0
2026-01-23T11:10:00-05:00,111.07,111.115,110.5527,110.7799,30425.0
2026-01-23T11:15:00-05:00,110.63,111.11,110.63,111.040001,29095.0
2026-01-23T11:20:00-05:00,111.040001,111.079903,110.861,110.975,31618.0
2026-01-23T11:25:00-05:00,111.0,111.2899,111.0,111.17,55885.0
2026-01-23T11:30:00-05:00,111.2,111.25,110.94,111.019997,23390.0
2026-01-23T11:35:00-05:00,111.07,111.089996,110.7,110.76,175198.0
2026-01-23T11:40:00-05:00,110.72,110.9299,110.63,110.8499,36861.0
2026-01-23T11:45:00-05:00,110.8,110.8,110.475,110.64,25559.0
2026-01-23T11:50:00-05:00,110.54,110.6998,110.26,110.51,66282.0
2026-01-23T11:55:00-05:00,110.53,110.66,110.43,110.62,56552.0
2026-01-23T12:00:00-05:00,110.62,110.7,110.48,110.62,66653.0
2026-01-23T12:05:00-05:00,110.61,110.67,110.425,110.56,15929.0
2026-01-23T12:10:00-05:00,110.52,110.84,110.47,110.62,21652.0
2026-01-23T12:15:00-05:00,110.62,110.7035,110.47,110.585,24004.0
2026-01-23T12:20:00-05:00,110.6,110.612,110.37,110.46,22025.0
2026-01-23T12:25:00-05:00,110.46,110.6099,110.3712,110.39,22715.0
2026-01-23T12:30:00-05:00,110.43,110.5468,110.4,110.4,17541.0
2026-01-23T12:35:00-05:00,110.36,110.44,110.29,110.43,19742.0
2026-01-23T12:40:00-05:00,110.47,110.5,110.23,110.23,22396.0
2026-01-23T12:45:00-05:00,110.23,110.3699,110.17,110.3699,26451.0
2026-01-23T12:50:00-05:00,110.37,110.4109,109.896,109.915,37459.0
2026-01-23T12:55:00-05:00,109.9,109.9229,109.3888,109.5951,121252.0
2026-01-23T13:00:00-05:00,109.64,110.3,109.64,110.235,36491.0
2026-01-23T13:05:00-05:00,110.2563,110.4,110.059998,110.32,29239.0
2026-01-23T13:10:00-05:00,110.35,110.43,110.080002,110.080002,16823.0
2026-01-23T13:15:00-05:00,110.059998,110.44,110.044998,110.32,44667.0
2026-01-23T13:20:00-05:00,110.305,110.49,110.24,110.425,33295.0
2026-01-23T13:25:00-05:00,110.39,110.6,110.38,110.39,28340.0
2026-01-23T13:30:00-05:00,110.41,110.65,110.16,110.26,36026.0
2026-01-23T13:35:00-05:00,110.285,110.44,110.22,110.31,24351.0
2026-01-23T13:40:00-05:00,110.31,110.31,110.060097,110.19,21575.0
2026-01-23T13:45:00-05:00,110.19,110.23,109.77,109.9386,31395.0
2026-01-23T13:50:00-05:00,109.86,110.27,109.86,110.13,20441.0
2026-01-23T13:55:00-05:00,110.2,110.3799,110.15,110.225,15121.0
2026-01-23T14:00:00-05:00,110.29,110.8,110.22,110.725,25704.0
2026-01-23T14:05:00-05:00,110.78,110.89,110.61,110.857,22558.0
2026-01-23T14:10:00-05:00,110.8,110.88,110.75,110.82,12500.0
2026-01-23T14:15:00-05:00,110.8122,110.97,110.74,110.97,99715.0
2026-01-23T14:20:00-05:00,110.9599,111.065002,110.92,110.9885,31669.0
2026-01-23T14:25:00-05:00,111.019997,111.080002,110.8999,111.07,85252.0
2026-01-23T14:30:00-05:00,111.084999,111.2,110.97,110.97,28054.0
2026-01-23T14:35:00-05:00,111.019997,111.080002,110.8,110.85,22557.0
2026-01-23T14:40:00-05:00,110.8187,111.07,110.8187,111.029999,18881.0
2026-01-23T14:45:00-05:00,111.040001,111.39,110.99,111.27,27900.0
2026-01-23T14:50:00-05:00,111.264,111.76,111.26,111.6491,39964.0
2026-01-23T14:55:00-05:00,111.64,111.83,111.5852,111.83,35740.0
2026-01-23T15:00:00-05:00,111.825,111.9,111.36,111.62,36921.0
2026-01-23T15:05:00-05:00,111.59,111.6599,111.34,111.63,35889.0
2026-01-23T15:10:00-05:00,111.6399,111.87,111.57,111.82,35413.0
2026-01-23T15:15:00-05:00,111.84,112.025002,111.82,111.885,55668.0
2026-01-23T15:20:00-05:00,111.845,111.9699,111.71,111.81,25273.0
2026-01-23T15:25:00-05:00,111.8,111.85,111.59,111.59,20118.0
2026-01-23T15:30:00-05:00,111.57,111.57,110.9401,111.375,104546.0
2026-01-23T15:35:00-05:00,111.41,111.66,111.35,111.66,40445.0
2026-01-23T15:40:00-05:00,111.69,111.8999,111.665,111.85,133287.0
2026-01-23T15:45:00-05:00,111.85,111.87,111.65,111.78,62598.0
2026-01-23T15:50:00-05:00,111.77,111.93,111.69,111.755,79798.0
2026-01-23T15:55:00-05:00,111.755,111.89,111.48,111.51,151265.0
2026-01-26T09:30:00-05:00,118.58,118.58,116.9255,118.3501,1012946.0
2026-01-26T09:35:00-05:00,118.515,118.52,117.72,117.8181,170951.0
2026-01-26T09:40:00-05:00,117.73,118.1365,117.11,117.15,223820.0
2026-01-26T09:45:00-05:00,117.16,118.22,117.080002,118.050003,144693.0
2026-01-26T09:50:00-05:00,118.010002,118.73,117.94,118.5795,221998.0
2026-01-26T09:55:00-05:00,118.63,118.7438,118.29,118.33,129638.0
2026-01-26T10:00:00-05:00,118.32,118.82,118.029999,118.82,119344.0
2026-01-26T10:05:00-05:00,118.76,119.24,118.61,118.795,179744.0
2026-01-26T10:10:00-05:00,118.8499,119.11,118.44,118.68,227537.0
2026-01-26T10:15:00-05:00,118.68,118.71,118.0,118.080498,98308.0
2026-01-26T10:20:00-05:00,118.074997,118.54,117.85,118.3078,99549.0
2026-01-26T10:25:00-05:00,118.33,118.33,117.945,118.2199,91074.0
2026-01-26T10:30:00-05:00,118.22,118.22,116.95,117.087997,103131.0
2026-01-26T10:35:00-05:00,117.050003,117.464,116.35,116.56,177743.0
2026-01-26T10:40:00-05:00,116.61,116.73,116.23,116.6485,167724.0
2026-01-26T10:45:00-05:00,116.545,117.5,116.46,117.13,66187.0
2026-01-26T10:50:00-05:00,117.2,117.61,117.11,117.59,60523.0
2026-01-26T10:55:00-05:00,117.4901,118.040001,117.4901,117.61,67125.0
2026-01-26T11:00:00-05:00,117.6,118.1795,117.44,118.15,94660.0
2026-01-26T11:05:00-05:00,118.165,118.4331,118.040001,118.050003,61249.0
2026-01-26T11:10:00-05:00,118.084999,118.255,118.0,118.16,52984.0
2026-01-26T11:15:00-05:00,118.195,118.48,117.9396,118.080002,65720.0
2026-01-26T11:20:00-05:00,118.13,118.32,117.85,118.040001,59325.0
2026-01-26T11:25:00-05:00,118.084999,118.27,116.985,117.43,108665.0
2026-01-26T11:30:00-05:00,117.43,117.575,116.72,117.089996,89962.0
2026-01-26T11:35:00-05:00,117.059998,117.53,116.84,117.040001,89955.0
2026-01-26T11:40:00-05:00,117.13,117.63,116.99,117.34,134490.0
2026-01-26T11:45:00-05:00,117.33,118.040001,117.33,117.86,136159.0
2026-01-26T11:50:00-05:00,117.86,118.13,117.7,117.885,70852.0
2026-01-26T11:55:00-05:00,117.875,118.38,117.8454,118.2499,73798.0
2026-01-26T12:00:00-05:00,118.1751,118.58,118.12,118.48,426803.0
2026-01-26T12:05:00-05:00,118.5,118.67,117.82,117.96,433108.0
2026-01-26T12:10:00-05:00,117.9,118.39,117.76,118.38,91220.0
2026-01-26T12:15:00-05:00,118.39,118.84,118.32,118.785,50375.0
2026-01-26T12:20:00-05:00,118.82,118.8538,118.25,118.25,51237.0
2026-01-26T12:25:00-05:00,118.21,118.3899,118.029999,118.24,40817.0
2026-01-26T12:30:00-05:00,118.31,118.55,117.97,118.3109,70054.0
2026-01-26T12:35:00-05:00,118.35,118.46,118.19,118.4,40217.0
2026-01-26T12:40:00-05:00,118.41,118.7853,118.41,118.5799,65877.0
2026-01-26T12:45:00-05:00,118.535,118.5699,118.089996,118.25,96220.0
2026-01-26T12:50:00-05:00,118.29,118.37,117.87,118.040001,95761.0
2026-01-26T12:55:00-05:00,117.96,117.99,117.37,117.37,102962.0
2026-01-26T13:00:00-05:00,117.34,117.64,117.2201,117.37,47824.0
2026-01-26T13:05:00-05:00,117.3,117.3257,116.55,116.62,91150.0
2026-01-26T13:10:00-05:00,116.625,116.7199,116.13,116.205,115715.0
2026-01-26T13:15:00-05:00,116.28,117.14,116.040001,116.85,61034.0
2026-01-26T13:20:00-05:00,116.86,117.059998,116.46,116.8499,58556.0
2026-01-26T13:25:00-05:00,116.73,116.73,116.14,116.28,59756.0
2026-01-26T13:30:00-05:00,116.1973,116.27,115.4622,115.58,113977.0
2026-01-26T13:35:00-05:00,115.52,115.9,115.3,115.36,83637.0
2026-01-26T13:40:00-05:00,115.31693,115.72,115.2,115.575,99874.0
2026-01-26T13:45:00-05:00,115.5,116.49,115.41,116.019997,72711.0
2026-01-26T13:50:00-05:00,116.13,116.25,115.71,115.97,44115.0
2026-01-26T13:55:00-05:00,116.0,116.0,115.38,115.5,57280.0
2026-01-26T14:00:00-05:00,115.42,115.45,114.31,114.585,224313.0
2026-01-26T14:05:00-05:00,114.54,114.95,114.25,114.33,138004.0
2026-01-26T14:10:00-05:00,114.33,114.72,114.28,114.6086,55340.0
2026-01-26T14:15:00-05:00,114.48,114.48,113.77,113.91,97322.0
2026-01-26T14:20:00-05:00,113.92,114.11,113.25,113.28,105333.0
2026-01-26T14:25:00-05:00,113.39,113.94,113.25,113.64,108689.0
2026-01-26T14:30:00-05:00,113.45,113.935,113.4,113.67,59060.0
2026-01-26T14:35:00-05:00,113.62,113.99,113.080002,113.56,202533.0
2026-01-26T14:40:00-05:00,113.44,113.68,113.17,113.29,111374.0
2026-01-26T14:45:00-05:00,113.35,113.4823,112.52,112.67,84274.0
2026-01-26T14:50:00-05:00,112.6,112.83,112.24,112.42,98676.0
2026-01-26T14:55:00-05:00,112.3252,112.9399,112.3252,112.8407,76597.0
2026-01-26T15:00:00-05:00,112.835,112.9299,112.36,112.765,89015.0
2026-01-26T15:05:00-05:00,112.6601,113.0,112.39,112.815,57198.0
2026-01-26T15:10:00-05:00,112.76,113.1799,112.55,112.9,70895.0
2026-01-26T15:15:00-05:00,112.95,113.13,112.61,112.855,76730.0
2026-01-26T15:20:00-05:00,112.84,112.84,112.2,112.4,87770.0
2026-01-26T15:25:00-05:00,112.34,112.5465,112.14,112.315,80034.0
2026-01-26T15:30:00-05:00,112.39,112.71,112.34,112.41,56546.0
2026-01-26T15:35:00-05:00,112.42,112.54,111.87,112.16,113636.0
2026-01-26T15:40:00-05:00,112.19,112.33,112.059998,112.17,74034.0
2026-01-26T15:45:00-05:00,112.165,112.32,111.95,112.089996,105506.0
2026-01-26T15:50:00-05:00,112.11,112.44968,112.1099,112.24,83899.0
2026-01-26T15:55:00-05:00,112.25,112.3,111.96,112.15,189612.0
2026-01-27T09:30:00-05:00,112.39,112.47,111.5,112.080498,520063.0
2026-01-27T09:35:00-05:00,112.07,112.16,111.019997,111.040001,293207.0
2026-01-27T09:40:00-05:00,111.07,112.45,110.91,112.010002,155796.0
2026-01-27T09:45:00-05:00,112.025002,112.35,111.019997,111.17,168243.0
2026-01-27T09:50:00-05:00,111.18,111.2145,110.36,110.48,131117.0
2026-01-27T09:55:00-05:00,110.4613,110.475,109.059998,109.165,324345.0
2026-01-27T10:00:00-05:00,109.0839,109.5,108.7,108.745,345892.0
2026-01-27T10:05:00-05:00,108.76,109.17,108.4,108.46,131055.0
2026-01-27T10:10:00-05:00,108.44,108.4745,107.2207,107.6,362996.0
2026-01-27T10:15:00-05:00,107.5,108.53,107.45,108.31,304949.0
2026-01-27T10:20:00-05:00,108.4,108.4,107.64,107.885,102851.0
2026-01-27T10:25:00-05:00,107.9,108.065002,107.2801,107.875,82121.0
2026-01-27T10:30:00-05:00,107.83,108.85,107.7582,108.8499,81162.0
2026-01-27T10:35:00-05:00,108.775,109.36,108.6615,109.11,68761.0
2026-01-27T10:40:00-05:00,109.080597,109.2,108.66,108.75,50094.0
2026-01-27T10:45:00-05:00,108.76,109.74,108.76,109.6752,66193.0
2026-01-27T10:50:00-05:00,109.74,109.83,109.5,109.77,42725.0
2026-01-27T10:55:00-05:00,109.8399,109.9,109.59,109.9,36582.0
2026-01-27T11:00:00-05:00,109.98,110.040001,109.25,109.3101,95335.0
2026-01-27T11:05:00-05:00,109.32,109.97,109.26,109.85,24977.0
2026-01-27T11:10:00-05:00,109.92,110.4,109.92,110.24,49445.0
2026-01-27T11:15:00-05:00,110.2,110.66,110.044998,110.61,30974.0
2026-01-27T11:20:00-05:00,110.66,110.725,110.155,110.16,59058.0
2026-01-27T11:25:00-05:00,110.21,110.54,110.21,110.465,114000.0
2026-01-27T11:30:00-05:00,110.38,110.4299,109.94,109.96,40281.0
2026-01-27T11:35:00-05:00,109.97,110.31,109.86,110.059998,168196.0
2026-01-27T11:40:00-05:00,110.044998,110.41,109.92,109.97,162666.0
2026-01-27T11:45:00-05:00,109.96,110.040001,109.53,109.7,61216.0
2026-01-27T11:50:00-05:00,109.7299,109.75,109.48,109.565,64743.0
2026-01-27T11:55:00-05:00,109.52,109.58,109.22,109.39,86313.0
2026-01-27T12:00:00-05:00,109.4002,109.65,109.3206,109.5,75491.0
2026-01-27T12:05:00-05:00,109.52,109.52,108.87,109.050003,196804.0
2026-01-27T12:10:00-05:00,109.07,109.335,108.94,109.31,122998.0
2026-01-27T12:15:00-05:00,109.325,109.38,108.88,109.099998,92802.0
2026-01-27T12:20:00-05:00,109.13,109.42,109.099998,109.27,53955.0
2026-01-27T12:25:00-05:00,109.265,109.8,109.25,109.57,64990.0
2026-01-27T12:30:00-05:00,109.53,109.68,109.42,109.471,66882.0
2026-01-27T12:35:00-05:00,109.515,109.54,109.26,109.305,50031.0
2026-01-27T12:40:00-05:00,109.305,109.48,109.22,109.43,51337.0
2026-01-27T12:45:00-05:00,109.405,109.74,109.405,109.47,42391.0
2026-01-27T12:50:00-05:00,109.49,109.88,109.42,109.78,25862.0
2026-01-27T12:55:00-05:00,109.79,109.9299,109.5,109.5207,25195.0
2026-01-27T13:00:00-05:00,109.5,109.79,109.5,109.565,30072.0
2026-01-27T13:05:00-05:00,109.53,109.67,109.27,109.6464,49226.0
2026-01-27T13:10:00-05:00,109.6,109.8,109.44,109.52,25319.0
2026-01-27T13:15:00-05:00,109.52,109.68,109.36,109.4304,20005.0
2026-01-27T13:20:00-05:00,109.36,109.43,109.099998,109.3,33009.0
2026-01-27T13:25:00-05:00,109.3,109.6,109.19,109.475,37006.0
2026-01-27T13:30:00-05:00,109.56,109.75,109.519,109.65,28691.0
2026-01-27T13:35:00-05:00,109.69,109.935,109.62,109.81,42019.0
2026-01-27T13:40:00-05:00,109.79,109.8,109.5501,109.62,35692.0
2026-01-27T13:45:00-05:00,109.61,109.94,109.59,109.94,25010.0
2026-01-27T13:50:00-05:00,109.98,110.16,109.96,109.99,41451.0
2026-01-27T13:55:00-05:00,109.96,110.059998,109.8501,109.89,56378.0
2026-01-27T14:00:00-05:00,109.87,109.96,109.75,109.9,47607.0
2026-01-27T14:05:00-05:00,109.89,109.9,109.59,109.8037,32830.0
2026-01-27T14:10:00-05:00,109.76,109.96,109.715,109.84,28499.0
2026-01-27T14:15:00-05:00,109.81,109.96,109.785,109.91,19050.0
2026-01-27T14:20:00-05:00,109.94,110.46,109.92,110.43,56485.0
2026-01-27T14:25:00-05:00,110.43,110.535,110.11,110.2199,28375.0
2026-01-27T14:30:00-05:00,110.1921,110.39,110.099998,110.36,58908.0
2026-01-27T14:35:00-05:00,110.32,110.46,110.2401,110.35,49318.0
2026-01-27T14:40:00-05:00,110.36,110.43,110.24,110.415,63509.0
2026-01-27T14:45:00-05:00,110.43,110.6,110.35,110.555,38199.0
2026-01-27T14:50:00-05:00,110.53,110.7212,110.53,110.66,45953.0
2026-01-27T14:55:00-05:00,110.65,111.029999,110.64,110.85,165644.0
2026-01-27T15:00:00-05:00,110.87,111.39,110.81,111.3891,59281.0
2026-01-27T15:05:00-05:00,111.315,111.82,111.201,111.74,251369.0
2026-01-27T15:10:00-05:00,111.78,112.28,111.78,112.175,135161.0
2026-01-27T15:15:00-05:00,112.16759,112.16759,111.72,111.97,68932.0
2026-01-27T15:20:00-05:00,111.96,112.1687,111.7466,111.85,41616.0
2026-01-27T15:25:00-05:00,111.86,111.865,111.58,111.59,43511.0
2026-01-27T15:30:00-05:00,111.575,111.575,110.88,111.3,85328.0
2026-01-27T15:35:00-05:00,111.27,111.54,111.24,111.47,66439.0
2026-01-27T15:40:00-05:00,111.5,111.65,111.32,111.45,60759.0
2026-01-27T15:45:00-05:00,111.49,112.1522,111.49,111.84,80692.0
2026-01-27T15:50:00-05:00,111.89,112.31,111.78,112.275,91712.0
2026-01-27T15:55:00-05:00,112.29,112.77,112.26,112.6,297763.0
2026-01-28T09:30:00-05:00,114.12,114.18,112.44,113.143,567426.0
2026-01-28T09:35:00-05:00,113.14,114.6,113.1205,114.32,155323.0
2026-01-28T09:40:00-05:00,114.3,114.5884,114.14,114.46,127927.0
2026-01-28T09:45:00-05:00,114.48,114.73,114.22,114.51,74516.0
2026-01-28T09:50:00-05:00,114.5,115.080002,114.25,114.3783,73309.0
2026-01-28T09:55:00-05:00,114.3799,114.75,114.195,114.5301,48944.0
2026-01-28T10:00:00-05:00,114.64,115.28,114.61,114.94,71091.0
2026-01-28T10:05:00-05:00,114.99,115.2064,112.55,112.77,146690.0
2026-01-28T10:10:00-05:00,112.7,113.33,112.6,112.89,101383.0
2026-01-28T10:15:00-05:00,112.83,113.41,112.55,112.87,89709.0
2026-01-28T10:20:00-05:00,113.0046997,113.7,112.93,113.26,289015.0
2026-01-28T10:25:00-05:00,113.25,113.275,112.211,112.69,150917.0
2026-01-28T10:30:00-05:00,112.58,113.099998,112.58,112.97,38801.0
2026-01-28T10:35:00-05:00,112.86,113.092102,112.72,112.87,34145.0
2026-01-28T10:40:00-05:00,112.88,113.35,112.87,113.23,51647.0
2026-01-28T10:45:00-05:00,113.24,113.35,112.73,112.88,23111.0
2026-01-28T10:50:00-05:00,112.75,112.88,112.48,112.75,63785.0
2026-01-28T10:55:00-05:00,112.7255,113.074097,111.93,111.93,67040.0
2026-01-28T11:00:00-05:00,111.96,112.62,111.96,112.54,37014.0
2026-01-28T11:05:00-05:00,112.575,113.26,112.4001,113.12,47083.0
2026-01-28T11:10:00-05:00,113.099998,113.36,112.97,113.2489,52135.0
2026-01-28T11:15:00-05:00,113.22,113.7499,113.22,113.3665,70648.0
2026-01-28T11:20:00-05:00,113.33,113.405,113.19,113.25,38235.0
2026-01-28T11:25:00-05:00,113.25,113.48,113.22,113.44,19505.0
2026-01-28T11:30:00-05:00,113.445,113.51,112.9,112.9,11646.0
2026-01-28T11:35:00-05:00,113.0,113.38,112.95,113.31,25307.0
2026-01-28T11:40:00-05:00,113.26,113.38,113.155,113.17,19275.0
2026-01-28T11:45:00-05:00,113.195,113.67,113.195,113.51,15674.0
2026-01-28T11:50:00-05:00,113.54,113.73,113.29,113.64,20068.0
2026-01-28T11:55:00-05:00,113.7699,114.019997,113.695,113.915,20878.0
2026-01-28T12:00:00-05:00,113.99,114.024597,113.81,113.89,34071.0
2026-01-28T12:05:00-05:00,113.905,113.92,113.6,113.7,24712.0
2026-01-28T12:10:00-05:00,113.74,113.74,113.6,113.71,12521.0
2026-01-28T12:15:00-05:00,113.685,113.7,113.51,113.5397,11479.0
2026-01-28T12:20:00-05:00,113.51,113.605,113.42,113.5315,16091.0
2026-01-28T12:25:00-05:00,113.48,113.7,113.48,113.63,13700.0
2026-01-28T12:30:00-05:00,113.6684,113.6684,113.38,113.38,13126.0
2026-01-28T12:35:00-05:00,113.37,113.4389,113.029999,113.059998,15906.0
2026-01-28T12:40:00-05:00,113.075996,113.29,113.0755,113.19,14007.0
2026-01-28T12:45:00-05:00,113.099998,113.17,113.010002,113.097397,16730.0
2026-01-28T12:50:00-05:00,113.010101,113.5489,113.010101,113.29,22632.0
2026-01-28T12:55:00-05:00,113.29,113.47,112.555,112.59,69523.0
2026-01-28T13:00:00-05:00,112.65,112.94,112.53,112.71,58930.0
2026-01-28T13:05:00-05:00,112.7,113.029999,112.6,112.96,50808.0
2026-01-28T13:10:00-05:00,112.995,112.995,112.72,112.94,35652.0
2026-01-28T13:15:00-05:00,112.9,113.26,112.86,113.1269,13878.0
2026-01-28T13:20:00-05:00,113.2,113.3199,113.12,113.12,22362.0
2026-01-28T13:25:00-05:00,113.099998,113.115,112.54,112.65,25492.0
2026-01-28T13:30:00-05:00,112.73,112.76,112.019997,112.25,69304.0
2026-01-28T13:35:00-05:00,112.215,112.3099,111.67,111.84,42954.0
2026-01-28T13:40:00-05:00,111.8449,112.0074997,111.6,111.66,28949.0
2026-01-28T13:45:00-05:00,111.72,111.7789,111.41,111.595,52988.0
2026-01-28T13:50:00-05:00,111.705,111.83,111.2307,111.395,64233.0
2026-01-28T13:55:00-05:00,111.3101,111.99,111.3101,111.8301,22413.0
2026-01-28T14:00:00-05:00,111.83,112.1299,110.92,111.099998,56041.0
2026-01-28T14:05:00-05:00,111.23,111.71,111.099998,111.55,40339.0
2026-01-28T14:10:00-05:00,111.57,112.2199,111.51,111.9901,40554.0
2026-01-28T14:15:00-05:00,112.055,112.51,112.055,112.28,31997.0
2026-01-28T14:20:00-05:00,112.332,112.52,111.94,112.2875,26739.0
2026-01-28T14:25:00-05:00,112.2175,112.4425,111.49,111.49,28477.0
2026-01-28T14:30:00-05:00,111.48,111.92,110.63,111.47,76625.0
2026-01-28T14:35:00-05:00,111.89,112.56,111.78,112.45,33184.0
2026-01-28T14:40:00-05:00,112.45,112.65,112.18,112.55,43649.0
2026-01-28T14:45:00-05:00,112.55,113.1399,112.47,113.010002,26125.0
2026-01-28T14:50:00-05:00,113.019997,113.15,112.88,112.97,32859.0
2026-01-28T14:55:00-05:00,112.95,113.4899,112.089996,112.089996,48825.0
2026-01-28T15:00:00-05:00,112.135,112.9099,112.059998,112.775,44596.0
2026-01-28T15:05:00-05:00,112.7,113.0,112.61,112.94,33373.0
2026-01-28T15:10:00-05:00,112.96,113.135,112.75,112.85,33866.0
2026-01-28T15:15:00-05:00,112.89,113.1999,112.68,113.115,34168.0
2026-01-28T15:20:00-05:00,113.135,113.54,112.97,113.51,158664.0
2026-01-28T15:25:00-05:00,113.47,113.73,113.45,113.6,63809.0
2026-01-28T15:30:00-05:00,113.6,113.89,113.55,113.77,44713.0
2026-01-28T15:35:00-05:00,113.765,114.25,113.72,114.2354,116059.0
2026-01-28T15:40:00-05:00,114.225,114.38,113.96,114.040001,144818.0
2026-01-28T15:45:00-05:00,114.040001,114.3,113.91,113.98,59526.0
2026-01-28T15:50:00-05:00,113.98,114.37,113.97,114.125,54732.0
2026-01-28T15:55:00-05:00,114.21,114.66,114.16,114.51,187078.0
2026-01-29T09:30:00-05:00,116.97,117.040001,115.4,115.4,559627.0
2026-01-29T09:35:00-05:00,115.37,116.010002,114.98,115.61,159184.0
2026-01-29T09:40:00-05:00,115.63,115.69,114.68,114.75,350002.0
2026-01-29T09:45:00-05:00,114.74,114.9,113.6283,114.42,221934.0
2026-01-29T09:50:00-05:00,114.51,114.62,113.35,113.6286,100346.0
2026-01-29T09:55:00-05:00,113.625,114.22,113.1119,113.3,119116.0
2026-01-29T10:00:00-05:00,113.325,113.37,112.18,112.7,125248.0
2026-01-29T10:05:00-05:00,112.82,113.14,111.74,111.8,108571.0
2026-01-29T10:10:00-05:00,111.81,112.17,111.029999,111.42,214412.0
2026-01-29T10:15:00-05:00,111.38,111.42,110.010002,110.385,166709.0
2026-01-29T10:20:00-05:00,110.31,110.94,109.53,109.57,176852.0
2026-01-29T10:25:00-05:00,109.58,109.9,107.9004,108.55,302095.0
2026-01-29T10:30:00-05:00,108.64,109.18,108.000099182,108.46,231400.0
2026-01-29T10:35:00-05:00,108.3167,108.73,107.7,108.22,138021.0
2026-01-29T10:40:00-05:00,108.16,108.4,107.21,107.57,232431.0
2026-01-29T10:45:00-05:00,107.43,108.14,107.37,107.735,233075.0
2026-01-29T10:50:00-05:00,107.705,107.93,107.010002,107.18,68507.0
2026-01-29T10:55:00-05:00,107.19,107.71,106.73,107.21,95310.0
2026-01-29T11:00:00-05:00,107.099998,107.56,106.94,107.44,118199.0
2026-01-29T11:05:00-05:00,107.42,108.509,107.2701,108.26,209717.0
2026-01-29T11:10:00-05:00,108.12,109.85,108.12,109.85,124832.0
2026-01-29T11:15:00-05:00,109.8093,110.089699,109.58,109.9899,72339.0
2026-01-29T11:20:00-05:00,109.99,110.11,108.98,109.22,54920.0
2026-01-29T11:25:00-05:00,109.089996,109.61,109.080002,109.4,82485.0
2026-01-29T11:30:00-05:00,109.26,110.019997,109.25,109.8299,139030.0
2026-01-29T11:35:00-05:00,109.8299,109.8299,109.18,109.215,71241.0
2026-01-29T11:40:00-05:00,109.15,109.66,108.83,109.48,134884.0
2026-01-29T11:45:00-05:00,109.37,109.96,109.27,109.81,56841.0
2026-01-29T11:50:00-05:00,109.8699,109.95,108.58,108.96,112955.0
2026-01-29T11:55:00-05:00,108.9,109.019897,108.48,108.91,56523.0
2026-01-29T12:00:00-05:00,108.94,109.35,108.8,109.35,77598.0
2026-01-29T12:05:00-05:00,109.39,109.48,109.27,109.34,41061.0
2026-01-29T12:10:00-05:00,109.34,109.505,109.040001,109.34,51204.0
2026-01-29T12:15:00-05:00,109.42,109.95,109.355,109.92,65291.0
2026-01-29T12:20:00-05:00,109.9299,110.2699,109.6401,109.985,142021.0
2026-01-29T12:25:00-05:00,109.97,110.6,109.96,110.195,83302.0
2026-01-29T12:30:00-05:00,110.29,110.6699,110.23,110.52,81224.0
2026-01-29T12:35:00-05:00,110.52,111.24,110.5101,110.95,42471.0
2026-01-29T12:40:00-05:00,110.92,111.089996,110.59,110.905,43093.0
2026-01-29T12:45:00-05:00,110.99,111.050003,110.2801,110.49,40354.0
2026-01-29T12:50:00-05:00,110.42,110.42,109.7901,110.13,63167.0
2026-01-29T12:55:00-05:00,109.88,110.040001,109.5618,109.69,46519.0
2026-01-29T13:00:00-05:00,109.68,110.080002,109.44,109.7031,48046.0
2026-01-29T13:05:00-05:00,109.665,110.2099,109.58,110.17,30336.0
2026-01-29T13:10:00-05:00,110.050003,110.4499,109.95,110.4499,45819.0
2026-01-29T13:15:00-05:00,110.3568,110.8,110.3568,110.655,111236.0
2026-01-29T13:20:00-05:00,110.65,110.82,110.019997,110.089996,54216.0
2026-01-29T13:25:00-05:00,110.135,110.26,109.64,109.7,113958.0
2026-01-29T13:30:00-05:00,109.66,109.8399,109.11,109.6,53965.0
2026-01-29T13:35:00-05:00,109.63,110.36,109.52,110.059998,35651.0
2026-01-29T13:40:00-05:00,110.13,110.26,109.8,110.033699,26711.0
2026-01-29T13:45:00-05:00,109.96,110.48,109.96,110.43,31615.0
2026-01-29T13:50:00-05:00,110.39,110.7,110.35,110.51,134406.0
2026-01-29T13:55:00-05:00,110.44,110.73,109.82,109.82,137929.0
2026-01-29T14:00:00-05:00,109.95,110.19,109.65,110.035004,58905.0
2026-01-29T14:05:00-05:00,109.978,110.25,109.83,110.13,35451.0
2026-01-29T14:10:00-05:00,110.019997,110.11,109.58,109.65,66463.0
2026-01-29T14:15:00-05:00,109.6425,110.07,109.62,109.93,34021.0
2026-01-29T14:20:00-05:00,109.93,110.13,109.77,109.979,34205.0
2026-01-29T14:25:00-05:00,109.915,110.4251,109.91,110.4251,45263.0
2026-01-29T14:30:00-05:00,110.37,110.37,108.99,109.035004,87637.0
2026-01-29T14:35:00-05:00,109.13,110.039902,109.029999,109.62,29056.0
2026-01-29T14:40:00-05:00,109.59,110.13,109.5,109.9,26979.0
2026-01-29T14:45:00-05:00,109.9,110.17,109.82,109.94,40188.0
2026-01-29T14:50:00-05:00,109.96,110.088997,109.65,109.86,41564.0
2026-01-29T14:55:00-05:00,109.86,110.21,109.32,109.32,27942.0
2026-01-29T15:00:00-05:00,109.32,109.4499,109.1125,109.42,35829.0
2026-01-29T15:05:00-05:00,109.45,109.64,109.3,109.5281,30186.0
2026-01-29T15:10:00-05:00,109.47,109.8227,109.31,109.4599,42551.0
2026-01-29T15:15:00-05:00,109.38,109.4799,109.099998,109.4799,46824.0
2026-01-29T15:20:00-05:00,109.41,109.5982,109.3,109.4,49456.0
2026-01-29T15:25:00-05:00,109.45,109.45,108.85,108.915,59513.0
2026-01-29T15:30:00-05:00,109.0,109.019997,108.57,108.845,87779.0
2026-01-29T15:35:00-05:00,108.8451,109.27,108.77,109.24,76157.0
2026-01-29T15:40:00-05:00,109.26,109.445,109.16,109.41,52775.0
2026-01-29T15:45:00-05:00,109.33,109.4599,109.16,109.245,95461.0
2026-01-29T15:50:00-05:00,109.245,109.81,109.24,109.64,151677.0
2026-01-29T15:55:00-05:00,109.665,110.63,109.665,110.46,338019.0
2026-01-30T09:30:00-05:00,99.040001,103.32,98.7,102.835,1813489.0
2026-01-30T09:35:00-05:00,102.76,102.99,101.58,102.87,330483.0
2026-01-30T09:40:00-05:00,102.865,103.335,102.42,102.89,162234.0
2026-01-30T09:45:00-05:00,102.985,103.29,102.52,102.92,151691.0
2026-01-30T09:50:00-05:00,103.14,103.495,102.51,102.62,98106.0
2026-01-30T09:55:00-05:00,102.53777,102.62,101.6201,101.765,136908.0
2026-01-30T10:00:00-05:00,101.7244,102.0,101.29,101.36,133333.0
2026-01-30T10:05:00-05:00,101.445,102.71,101.3543,102.355,134013.0
2026-01-30T10:10:00-05:00,102.335,102.64,102.010002,102.36,59584.0
2026-01-30T10:15:00-05:00,102.2501,103.19,102.2501,102.92,90295.0
2026-01-30T10:20:00-05:00,102.865,102.9,102.089996,102.12,61158.0
2026-01-30T10:25:00-05:00,102.074501,102.21,101.5814,102.010002,79569.0
2026-01-30T10:30:00-05:00,101.94,102.505,101.94,102.41,59626.0
2026-01-30T10:35:00-05:00,102.5,103.094498,102.36,102.65,94673.0
2026-01-30T10:40:00-05:00,102.75,103.17,102.665,102.665,83373.0
2026-01-30T10:45:00-05:00,102.66,102.73,102.12,102.12,153149.0
2026-01-30T10:50:00-05:00,102.13,102.35,101.52,101.59,95997.0
2026-01-30T10:55:00-05:00,101.56,101.7,101.1101,101.1101,96964.0
2026-01-30T11:00:00-05:00,101.099998,101.14,100.51,100.67,127364.0
2026-01-30T11:05:00-05:00,100.69,100.7199,100.23,100.435,196217.0
2026-01-30T11:10:00-05:00,100.47,100.52,100.07,100.26,152290.0
2026-01-30T11:15:00-05:00,100.245,100.3,99.73,99.73,184007.0
2026-01-30T11:20:00-05:00,99.95,100.1675,99.28,99.305,154506.0
2026-01-30T11:25:00-05:00,99.26,99.95,99.11,99.3649,303297.0
2026-01-30T11:30:00-05:00,99.4,99.68,99.044998,99.044998,114532.0
2026-01-30T11:35:00-05:00,99.044998,99.36,98.77,98.79,146862.0
2026-01-30T11:40:00-05:00,98.78,99.5599,98.78,99.17,117973.0
2026-01-30T11:45:00-05:00,99.090103,99.3,98.31,98.47,91281.0
2026-01-30T11:50:00-05:00,98.455,98.6,97.92,98.57,200374.0
2026-01-30T11:55:00-05:00,98.675,98.69,98.2501,98.465,86754.0
2026-01-30T12:00:00-05:00,98.43,98.66,98.11,98.37,88279.0
2026-01-30T12:05:00-05:00,98.36,98.36,97.52,97.6669,122749.0
2026-01-30T12:10:00-05:00,97.55,97.97,97.23,97.52,91060.0
2026-01-30T12:15:00-05:00,97.52,98.12,97.24,97.24,142807.0
2026-01-30T12:20:00-05:00,97.24,98.080002,97.17,97.745,121819.0
2026-01-30T12:25:00-05:00,97.69,98.16,97.545,97.83,84037.0
2026-01-30T12:30:00-05:00,97.805,97.9008,97.089996,97.43,115462.0
2026-01-30T12:35:00-05:00,97.43,97.4784,96.81,96.83,84837.0
2026-01-30T12:40:00-05:00,96.92,96.95,96.31,96.61,561229.0
2026-01-30T12:45:00-05:00,96.61,96.73,96.14,96.18,491314.0
2026-01-30T12:50:00-05:00,96.17,96.61,95.501,95.76,156275.0
2026-01-30T12:55:00-05:00,95.7718,96.55,95.75,96.050003,149975.0
2026-01-30T13:00:00-05:00,96.050003,96.18,95.58,95.84,135342.0
2026-01-30T13:05:00-05:00,95.8801,96.19,94.79,95.14,281870.0
2026-01-30T13:10:00-05:00,95.07,95.73,94.745,94.99,216562.0
2026-01-30T13:15:00-05:00,94.9,95.3,94.2,94.46,338233.0
2026-01-30T13:20:00-05:00,94.5,94.69,93.82,93.99,249907.0
2026-01-30T13:25:00-05:00,93.995,94.465,93.49,93.915,259206.0
2026-01-30T13:30:00-05:00,93.87,94.010002,93.34,93.39,442591.0
2026-01-30T13:35:00-05:00,93.46,93.67,92.54,93.020103,353631.0
2026-01-30T13:40:00-05:00,93.41,94.41,93.24,94.2813,173100.0
2026-01-30T13:45:00-05:00,94.22,95.67,93.98,95.46,199532.0
2026-01-30T13:50:00-05:00,95.395,95.78,94.69,95.6,166815.0
2026-01-30T13:55:00-05:00,96.010002,97.25,95.91,97.235,577631.0
2026-01-30T14:00:00-05:00,97.23,97.545,95.64,96.029999,187933.0
2026-01-30T14:05:00-05:00,96.1494,96.37,95.7949,96.37,86068.0
2026-01-30T14:10:00-05:00,96.39,96.7459,95.37,95.72,105202.0
2026-01-30T14:15:00-05:00,95.68,96.3299,95.5,95.86,104797.0
2026-01-30T14:20:00-05:00,95.825,95.84,95.28,95.42,59937.0
2026-01-30T14:25:00-05:00,95.5745,96.54,95.43,95.805,127632.0
2026-01-30T14:30:00-05:00,95.805,96.0,95.19,95.71,92354.0
2026-01-30T14:35:00-05:00,95.71,96.084999,95.52,95.89,73007.0
2026-01-30T14:40:00-05:00,95.845,96.38,95.6,96.19,111290.0
2026-01-30T14:45:00-05:00,96.14,96.3439,95.81,96.029999,78053.0
2026-01-30T14:50:00-05:00,96.2,96.73,95.93,96.46,84270.0
2026-01-30T14:55:00-05:00,96.6,96.7092,95.9,95.9594,108781.0
2026-01-30T15:00:00-05:00,95.9,96.0,95.6,95.88,105351.0
2026-01-30T15:05:00-05:00,95.9004,96.14,95.2501,95.5,114625.0
2026-01-30T15:10:00-05:00,95.36,95.56,95.31,95.55,82119.0
2026-01-30T15:15:00-05:00,95.56,95.56,95.23,95.3423,93099.0
2026-01-30T15:20:00-05:00,95.29,95.51,95.2167,95.255,122582.0
2026-01-30T15:25:00-05:00,95.26,95.5113,94.86,94.98,138900.0
2026-01-30T15:30:00-05:00,94.94,95.16,94.5,95.057602,134180.0
2026-01-30T15:35:00-05:00,95.040001,95.1399,94.43,94.6513,158013.0
2026-01-30T15:40:00-05:00,94.64,94.7299,94.28,94.59,103356.0
2026-01-30T15:45:00-05:00,94.55,94.82,94.36,94.4129,127223.0
2026-01-30T15:50:00-05:00,94.33,94.5276,93.7,93.81,218882.0
2026-01-30T15:55:00-05:00,93.8,94.63,93.65,94.6,352662.0
2026-02-02T09:30:00-05:00,93.99,96.38,93.67,96.325,685868.0
2026-02-02T09:35:00-05:00,96.33,96.71,96.020103,96.2,125645.0
2026-02-02T09:40:00-05:00,96.27,96.37,94.67,94.68,163176.0
2026-02-02T09:45:00-05:00,94.715,94.8999,93.78,94.095001,105931.0
2026-02-02T09:50:00-05:00,93.91,94.62,93.78,94.11,66532.0
2026-02-02T09:55:00-05:00,94.099998,94.138,93.2401,93.53,101932.0
2026-02-02T10:00:00-05:00,93.48,94.49,93.099998,94.26,60559.0
2026-02-02T10:05:00-05:00,94.26,94.64,93.77,94.080002,53046.0
2026-02-02T10:10:00-05:00,94.040001,94.45,93.8,94.31,68026.0
2026-02-02T10:15:00-05:00,94.2601,94.5,93.85,94.17,48640.0
2026-02-02T10:20:00-05:00,94.11,94.11,93.1193,93.2501,57170.0
2026-02-02T10:25:00-05:00,93.2995,93.57,92.671,92.78,65797.0
2026-02-02T10:30:00-05:00,92.7102,93.235,92.47,93.059998,58402.0
2026-02-02T10:35:00-05:00,93.12,93.5,92.8617,93.5,63571.0
2026-02-02T10:40:00-05:00,93.5,93.52,92.6601,92.84,79950.0
2026-02-02T10:45:00-05:00,92.93,92.97,92.6001,92.75,76467.0
2026-02-02T10:50:00-05:00,92.74,92.96,92.245,92.365,77119.0
2026-02-02T10:55:00-05:00,92.365,92.56,91.74,91.78,87433.0
2026-02-02T11:00:00-05:00,91.81,91.96,91.31,91.78,97763.0
2026-02-02T11:05:00-05:00,91.7701,92.61,91.7,92.53,83876.0
2026-02-02T11:10:00-05:00,92.5,93.3199,92.35,93.1325,102230.0
2026-02-02T11:15:00-05:00,93.16,93.4,92.7836,93.2,103602.0
2026-02-02T11:20:00-05:00,93.15,93.92,93.13,93.765,93758.0
2026-02-02T11:25:00-05:00,93.6701,93.71,93.25,93.3,65614.0
2026-02-02T11:30:00-05:00,93.11,93.2,92.26,92.465,84846.0
2026-02-02T11:35:00-05:00,92.47,92.96,92.4,92.95,39596.0
2026-02-02T11:40:00-05:00,93.050003,93.18,92.9101,93.040001,22609.0
2026-02-02T11:45:00-05:00,93.029999,93.143,92.5701,92.79,19092.0
2026-02-02T11:50:00-05:00,92.82,92.98,92.6801,92.98,27276.0
2026-02-02T11:55:00-05:00,92.98,93.11,92.64,92.7001,19353.0
2026-02-02T12:00:00-05:00,92.71,93.068298,92.6601,92.95,23851.0
2026-02-02T12:05:00-05:00,92.89,93.41,92.86,93.3576,107433.0
2026-02-02T12:10:00-05:00,93.27,93.35,92.95,93.055,27388.0
2026-02-02T12:15:00-05:00,93.14,93.26,92.68,92.83,28740.0
2026-02-02T12:20:00-05:00,92.81,92.89,92.61,92.61,17720.0
2026-02-02T12:25:00-05:00,92.59,92.8,92.46,92.76,62415.0
2026-02-02T12:30:00-05:00,92.765,92.88,92.4601,92.7075,47646.0
2026-02-02T12:35:00-05:00,92.74,92.86,92.65,92.68,26476.0
2026-02-02T12:40:00-05:00,92.641,92.87,92.5,92.775,41860.0
2026-02-02T12:45:00-05:00,92.66,92.8399,92.53,92.73,33856.0
2026-02-02T12:50:00-05:00,92.74,92.79,92.5,92.585,22157.0
2026-02-02T12:55:00-05:00,92.58,92.79,92.51,92.52,27542.0
2026-02-02T13:00:00-05:00,92.5258,92.565,92.059998,92.099998,36941.0
2026-02-02T13:05:00-05:00,92.125,92.27,92.020103,92.26,16713.0
2026-02-02T13:10:00-05:00,92.26,92.4,91.83,91.83,30108.0
2026-02-02T13:15:00-05:00,91.9389,91.9389,91.58,91.66,42579.0
2026-02-02T13:20:00-05:00,91.635,92.050003,91.58,91.92,35980.0
2026-02-02T13:25:00-05:00,91.95,92.099998,91.74,92.099998,21237.0
2026-02-02T13:30:00-05:00,92.17,92.535,92.070099,92.535,21406.0
2026-02-02T13:35:00-05:00,92.57,92.71,92.34,92.48,13967.0
2026-02-02T13:40:00-05:00,92.5001,92.6,92.41,92.49,20379.0
2026-02-02T13:45:00-05:00,92.46,92.64,92.38,92.57,30982.0
2026-02-02T13:50:00-05:00,92.59,92.61,92.38,92.39,17809.0
2026-02-02T13:55:00-05:00,92.38,92.61,92.34,92.34,29918.0
2026-02-02T14:00:00-05:00,92.31,92.54,92.1601,92.48,34203.0
2026-02-02T14:05:00-05:00,92.51,92.55,92.29,92.315,35254.0
2026-02-02T14:10:00-05:00,92.36,92.52,92.2914,92.305,22860.0
2026-02-02T14:15:00-05:00,92.295,92.37,92.21,92.21,26699.0
2026-02-02T14:20:00-05:00,92.2,92.67,92.16,92.64,36006.0
2026-02-02T14:25:00-05:00,92.67,92.68,92.39,92.64,31751.0
2026-02-02T14:30:00-05:00,92.63,92.64,92.24,92.325,39817.0
2026-02-02T14:35:00-05:00,92.36,92.47,92.28,92.4,19484.0
2026-02-02T14:40:00-05:00,92.39,93.049896,92.37,93.049896,32625.0
2026-02-02T14:45:00-05:00,93.040001,93.22,92.92,93.165,41872.0
2026-02-02T14:50:00-05:00,93.165,93.38,92.935,93.21,68520.0
2026-02-02T14:55:00-05:00,93.3,93.6149,92.85,92.86,53592.0
2026-02-02T15:00:00-05:00,92.95,93.16,92.5301,92.915,37637.0
2026-02-02T15:05:00-05:00,92.88,93.32,92.76,93.24,37835.0
2026-02-02T15:10:00-05:00,93.285,93.4,93.11,93.12,52459.0
2026-02-02T15:15:00-05:00,93.13,93.16,92.89,92.96,74413.0
2026-02-02T15:20:00-05:00,92.93,92.99,92.775,92.83,55884.0
2026-02-02T15:25:00-05:00,92.86,93.019997,92.7301,92.93,70264.0
2026-02-02T15:30:00-05:00,92.89005,92.96,92.71005,92.84,68657.0
2026-02-02T15:35:00-05:00,92.83,92.86,92.72,92.75,91177.0
2026-02-02T15:40:00-05:00,92.74,92.988,92.66,92.91,86993.0
2026-02-02T15:45:00-05:00,92.88,92.91,92.71,92.74,88203.0
2026-02-02T15:50:00-05:00,92.74,93.010002,92.73,92.87,121243.0
2026-02-02T15:55:00-05:00,92.89,93.43,92.89,93.41,213440.0
2026-02-03T09:30:00-05:00,100.74,100.74,98.18,98.725,477334.0
2026-02-03T09:35:00-05:00,98.63,98.67,97.81,98.28,152998.0
2026-02-03T09:40:00-05:00,98.23,98.42,97.54,98.025002,142753.0
2026-02-03T09:45:00-05:00,98.025002,98.52,97.97,98.5,70844.0
2026-02-03T09:50:00-05:00,98.54,99.34,98.375,98.92,119960.0
2026-02-03T09:55:00-05:00,99.0,99.5,98.4,98.53,108991.0
2026-02-03T10:00:00-05:00,98.48,99.17,98.37,99.029999,84517.0
2026-02-03T10:05:00-05:00,99.059998,99.49,98.91,99.29,157625.0
2026-02-03T10:10:00-05:00,99.38,99.57,98.96,98.98,92083.0
2026-02-03T10:15:00-05:00,99.050003,99.058998,98.11,98.19,63963.0
2026-02-03T10:20:00-05:00,98.11,98.42,97.96,98.040001,62008.0
2026-02-03T10:25:00-05:00,98.040001,98.99,97.98,98.665,31882.0
2026-02-03T10:30:00-05:00,98.7177,99.0,98.5737,98.58,39603.0
2026-02-03T10:35:00-05:00,98.595,98.905,98.37,98.9,50025.0
2026-02-03T10:40:00-05:00,98.9,99.059998,98.65,98.78,76979.0
2026-02-03T10:45:00-05:00,98.77,98.92,98.47,98.92,37587.0
2026-02-03T10:50:00-05:00,98.96,99.34,98.8,99.305,66015.0
2026-02-03T10:55:00-05:00,99.35,99.55,99.07,99.32,48157.0
2026-02-03T11:00:00-05:00,99.3599,99.47,99.15,99.375,136857.0
2026-02-03T11:05:00-05:00,99.375,99.59,99.080002,99.13,419553.0
2026-02-03T11:10:00-05:00,99.099998,99.4152,98.985,99.14,95810.0
2026-02-03T11:15:00-05:00,99.21,99.89,99.125,99.88,49004.0
2026-02-03T11:20:00-05:00,99.91,100.12,99.6,99.685,42863.0
2026-02-03T11:25:00-05:00,99.67,100.25,99.65,99.7077,71784.0
2026-02-03T11:30:00-05:00,99.65,100.18,99.64,99.97,31925.0
2026-02-03T11:35:00-05:00,100.059898,100.17,99.76,100.07,62187.0
2026-02-03T11:40:00-05:00,100.155,100.18,99.45,99.45,42763.0
2026-02-03T11:45:00-05:00,99.465,99.55,99.29,99.431,45541.0
2026-02-03T11:50:00-05:00,99.435,99.435,98.62,98.62,36696.0
2026-02-03T11:55:00-05:00,98.675,99.029999,98.61,98.755,44962.0
2026-02-03T12:00:00-05:00,98.78,98.88,98.48,98.48,56643.0
2026-02-03T12:05:00-05:00,98.52,98.57,98.12,98.15,66828.0
2026-02-03T12:10:00-05:00,98.14,98.18,97.58,97.825,75963.0
2026-02-03T12:15:00-05:00,97.67,98.17,97.65,98.029999,32803.0
2026-02-03T12:20:00-05:00,98.059998,98.13,97.87,98.080002,63117.0
2026-02-03T12:25:00-05:00,98.061501,98.17,97.545,97.6,29954.0
2026-02-03T12:30:00-05:00,97.6,98.0,97.55,97.55,65282.0
2026-02-03T12:35:00-05:00,97.52,97.74,97.33,97.57,36600.0
2026-02-03T12:40:00-05:00,97.39,97.39,96.8,96.94,41146.0
2026-02-03T12:45:00-05:00,96.83,97.19,96.7,97.074997,63534.0
2026-02-03T12:50:00-05:00,97.074997,97.58,97.074997,97.48,71177.0
2026-02-03T12:55:00-05:00,97.52,97.69,97.31,97.32,151596.0
2026-02-03T13:00:00-05:00,97.35,97.58,97.27,97.39,276895.0
2026-02-03T13:05:00-05:00,97.32,97.79,97.32,97.665,23146.0
2026-02-03T13:10:00-05:00,97.665,97.91,97.1901,97.305,21073.0
2026-02-03T13:15:00-05:00,97.39,97.42,97.0168,97.235,82253.0
2026-02-03T13:20:00-05:00,97.165,97.29,96.82,96.82,42933.0
2026-02-03T13:25:00-05:00,96.77,96.91,96.089996,96.24,108709.0
2026-02-03T13:30:00-05:00,96.18,96.7999,96.080002,96.29,64572.0
2026-02-03T13:35:00-05:00,96.28,96.805,96.28,96.805,19637.0
2026-02-03T13:40:00-05:00,96.745,96.795,96.54,96.58,12194.0
2026-02-03T13:45:00-05:00,96.6,96.92,96.6,96.79,26670.0
2026-02-03T13:50:00-05:00,96.8287,96.965,96.65,96.845,111982.0
2026-02-03T13:55:00-05:00,96.9,97.4182,96.81,96.95,117119.0
2026-02-03T14:00:00-05:00,96.92,96.99,96.57,96.71,39718.0
2026-02-03T14:05:00-05:00,96.615,96.84,96.5,96.5,75436.0
2026-02-03T14:10:00-05:00,96.61,97.4,96.55,97.285,36668.0
2026-02-03T14:15:00-05:00,97.28,97.81,97.28,97.8,147128.0
2026-02-03T14:20:00-05:00,97.76,97.9899,97.6,97.6,22383.0
2026-02-03T14:25:00-05:00,97.59,97.71,97.010002,97.010002,17187.0
2026-02-03T14:30:00-05:00,97.33,97.33,96.5,96.87,20883.0
2026-02-03T14:35:00-05:00,96.87,97.55,96.87,97.5,19563.0
2026-02-03T14:40:00-05:00,97.445,97.85,97.38,97.64,13218.0
2026-02-03T14:45:00-05:00,97.62,97.96,97.54,97.75,16229.0
2026-02-03T14:50:00-05:00,97.93,97.9699,97.52,97.84,17684.0
2026-02-03T14:55:00-05:00,97.78,98.25,97.78,98.135,32281.0
2026-02-03T15:00:00-05:00,98.019997,98.14,97.9,98.0,8050.0
2026-02-03T15:05:00-05:00,98.099998,98.4,97.92,98.3832,29426.0
2026-02-03T15:10:00-05:00,98.34,98.5,98.17,98.48,96929.0
2026-02-03T15:15:00-05:00,98.44,98.79,98.215,98.625,36707.0
2026-02-03T15:20:00-05:00,98.625,98.64,98.43,98.55,34349.0
2026-02-03T15:25:00-05:00,98.56,98.58,98.3401,98.45,60730.0
2026-02-03T15:30:00-05:00,98.44,98.85,98.44,98.845,49748.0
2026-02-03T15:35:00-05:00,98.7942,99.059998,98.7942,99.035004,66494.0
2026-02-03T15:40:00-05:00,99.035004,99.11,98.8742,98.92,72655.0
2026-02-03T15:45:00-05:00,98.93,99.095001,98.87,98.92,97285.0
2026-02-03T15:50:00-05:00,98.94,99.13,98.85,99.099998,135115.0
2026-02-03T15:55:00-05:00,99.089996,99.66,99.059998,99.25,204051.0
2026-02-04T09:30:00-05:00,102.36,102.36,100.39,101.32,566715.0
2026-02-04T09:35:00-05:00,101.44,102.31,101.0,101.19,230068.0
2026-02-04T09:40:00-05:00,101.18,101.23,100.4001,101.012497,121567.0
2026-02-04T09:45:00-05:00,101.080002,101.099998,100.41,100.95,46189.0
2026-02-04T09:50:00-05:00,100.9891,101.54,100.75,101.42,36648.0
2026-02-04T09:55:00-05:00,101.47,101.59,100.66,100.8,46347.0
2026-02-04T10:00:00-05:00,100.75,100.9699,100.22,100.81,40506.0
2026-02-04T10:05:00-05:00,100.88,101.45,100.81,101.4,27812.0
2026-02-04T10:10:00-05:00,101.43,101.45,100.58,100.8649,67013.0
2026-02-04T10:15:00-05:00,100.805,100.805,99.7,99.725,249583.0
2026-02-04T10:20:00-05:00,99.7,100.13,99.45,99.66,141308.0
2026-02-04T10:25:00-05:00,99.66,100.089996,98.92,99.07,202646.0
2026-02-04T10:30:00-05:00,99.16,99.2356,97.5101,97.65,79097.0
2026-02-04T10:35:00-05:00,97.67,97.98,96.92,97.645,148110.0
2026-02-04T10:40:00-05:00,97.645,98.9,97.39,98.88,42425.0
2026-02-04T10:45:00-05:00,98.765,98.816,98.080002,98.34,40473.0
2026-02-04T10:50:00-05:00,98.39,98.67,98.13,98.32,187639.0
2026-02-04T10:55:00-05:00,98.2801,98.69,97.56,97.86,175348.0
2026-02-04T11:00:00-05:00,97.89,97.93,97.21,97.415,153196.0
2026-02-04T11:05:00-05:00,97.49,97.9,97.445,97.6709,81660.0
2026-02-04T11:10:00-05:00,97.62,98.18,97.56,98.0049973,139388.0
2026-02-04T11:15:00-05:00,98.11,98.12,97.39,97.56,28189.0
2026-02-04T11:20:00-05:00,97.45,97.45,97.012001,97.28,99848.0
2026-02-04T11:25:00-05:00,97.19,98.11,97.07,98.050003,219837.0
2026-02-04T11:30:00-05:00,98.035004,98.07,97.63,97.71,31886.0
2026-02-04T11:35:00-05:00,97.65,97.7992,97.3301,97.41,13487.0
2026-02-04T11:40:00-05:00,97.36,97.36,97.1445,97.1445,13005.0
2026-02-04T11:45:00-05:00,97.18,97.19,96.099998,96.365,468138.0
2026-02-04T11:50:00-05:00,96.41,96.88,96.27,96.88,36323.0
2026-02-04T11:55:00-05:00,96.85,97.2825,96.85,97.050003,37376.0
2026-02-04T12:00:00-05:00,97.065002,97.23,96.76,97.18,51543.0
2026-02-04T12:05:00-05:00,97.23,97.29,96.8001,96.895,23992.0
2026-02-04T12:10:00-05:00,96.86,97.23,96.65,97.13,24905.0
2026-02-04T12:15:00-05:00,97.13,97.23,96.86,96.88,25846.0
2026-02-04T12:20:00-05:00,96.89,97.089996,96.7,96.77,23025.0
2026-02-04T12:25:00-05:00,96.68,96.75,95.88,96.31,64090.0
2026-02-04T12:30:00-05:00,96.28,96.74,96.15,96.62,20202.0
2026-02-04T12:35:00-05:00,96.55,96.5843,96.13,96.332,17019.0
2026-02-04T12:40:00-05:00,96.38,96.42,96.0,96.099998,27405.0
2026-02-04T12:45:00-05:00,96.25,96.33,95.84,96.0,20935.0
2026-02-04T12:50:00-05:00,95.92,96.39,95.8801,96.24,8782.0
2026-02-04T12:55:00-05:00,96.33,96.56,96.2,96.2001,12739.0
2026-02-04T13:00:00-05:00,96.285,96.285,95.63,95.95,24185.0
2026-02-04T13:05:00-05:00,96.22,96.5,95.98,96.07,29146.0
2026-02-04T13:10:00-05:00,96.105,96.3499,96.0401,96.225,21732.0
2026-02-04T13:15:00-05:00,96.22,96.415,96.099998,96.17,14877.0
2026-02-04T13:20:00-05:00,96.17,96.3999,96.050003,96.315,26295.0
2026-02-04T13:25:00-05:00,96.35,97.19,96.35,97.010002,35475.0
2026-02-04T13:30:00-05:00,96.98,96.99,96.64,96.77,27391.0
2026-02-04T13:35:00-05:00,96.82,96.9262,96.5,96.54,26365.0
2026-02-04T13:40:00-05:00,96.56,96.9053,96.52,96.61,17553.0
2026-02-04T13:45:00-05:00,96.56,96.79,96.5,96.62,37289.0
2026-02-04T13:50:00-05:00,96.59,96.59,96.21,96.46,18712.0
2026-02-04T13:55:00-05:00,96.56,96.92,96.4,96.4,39483.0
2026-02-04T14:00:00-05:00,96.48,96.79,96.22,96.22,34324.0
2026-02-04T14:05:00-05:00,96.15,96.98,96.15,96.8,11060.0
2026-02-04T14:10:00-05:00,96.88,97.32,96.87,97.22,34207.0
2026-02-04T14:15:00-05:00,97.27,97.555,97.2,97.42,32069.0
2026-02-04T14:20:00-05:00,97.4,97.59,97.17,97.59,17712.0
2026-02-04T14:25:00-05:00,97.54,97.83,97.51,97.8045,13445.0
2026-02-04T14:30:00-05:00,98.009903,98.099998,97.88,97.9589,22972.0
2026-02-04T14:35:00-05:00,98.11,98.48,98.040001,98.21,15128.0
2026-02-04T14:40:00-05:00,98.19,98.55,98.16,98.535,9219.0
2026-02-04T14:45:00-05:00,98.53,98.9998,98.33,98.385,32813.0
2026-02-04T14:50:00-05:00,98.385,98.97,98.3546,98.71,14902.0
2026-02-04T14:55:00-05:00,98.65,99.099998,98.51,99.099899,7475.0
2026-02-04T15:00:00-05:00,99.0886,99.39,98.96,99.18,22987.0
2026-02-04T15:05:00-05:00,99.21,99.2699,99.010002,99.215,32599.0
2026-02-04T15:10:00-05:00,99.215,99.27,98.8,99.0,26503.0
2026-02-04T15:15:00-05:00,99.0,99.098801,98.65,98.66,25412.0
2026-02-04T15:20:00-05:00,98.66,98.66,98.4001,98.52,32222.0
2026-02-04T15:25:00-05:00,98.51,98.7,98.4,98.4,22251.0
2026-02-04T15:30:00-05:00,98.44,98.77,98.34,98.6625,24990.0
2026-02-04T15:35:00-05:00,98.7,99.059998,98.53,99.014999,38805.0
2026-02-04T15:40:00-05:00,99.050003,99.19,99.040001,99.084999,25636.0
2026-02-04T15:45:00-05:00,99.059998,99.12,98.98,99.050003,38036.0
2026-02-04T15:50:00-05:00,99.19,99.53,99.16,99.44,55762.0
2026-02-04T15:55:00-05:00,99.43,99.87,99.43,99.7,182642.0
2026-02-05T09:30:00-05:00,93.8,94.77,93.010002,93.345,585306.0
2026-02-05T09:35:00-05:00,93.34,95.77,93.34,95.71,152469.0
2026-02-05T09:40:00-05:00,95.755,97.12,95.62,96.79,133657.0
2026-02-05T09:45:00-05:00,96.66,96.86,95.84,95.96,119055.0
2026-02-05T09:50:00-05:00,96.050003,96.4,95.73,95.86,89113.0
2026-02-05T09:55:00-05:00,95.865,95.875,94.64,94.87,55253.0
2026-02-05T10:00:00-05:00,94.81,95.28,93.95,94.24,114836.0
2026-02-05T10:05:00-05:00,94.3,94.91,94.0,94.7346,253418.0
2026-02-05T10:10:00-05:00,94.79,94.8,93.32,93.33,110113.0
2026-02-05T10:15:00-05:00,93.35,94.059998,93.17,93.8,318233.0
2026-02-05T10:20:00-05:00,93.845,93.94,93.17,93.2301,37270.0
2026-02-05T10:25:00-05:00,93.3756,93.675,92.84,93.2,83753.0
2026-02-05T10:30:00-05:00,93.12,93.38,92.68,92.7452,45464.0
2026-02-05T10:35:00-05:00,92.79,93.3,92.72,93.16,31931.0
2026-02-05T10:40:00-05:00,93.225,93.56,92.7801,92.82,191850.0
2026-02-05T10:45:00-05:00,92.89,92.89,92.27,92.37,55145.0
2026-02-05T10:50:00-05:00,92.44,92.636,92.24,92.38,49860.0
2026-02-05T10:55:00-05:00,92.415,92.9,92.38,92.795,39993.0
2026-02-05T11:00:00-05:00,92.84,93.0,92.4401,92.52,23831.0
2026-02-05T11:05:00-05:00,92.43,92.68,92.21,92.26,25657.0
2026-02-05T11:10:00-05:00,92.27,92.48,91.84,92.010002,109880.0
2026-02-05T11:15:00-05:00,91.98,92.97,91.98,92.895,47276.0
2026-02-05T11:20:00-05:00,92.95,93.26,92.83,93.215,44647.0
2026-02-05T11:25:00-05:00,93.1501,93.29,92.7401,93.2,28007.0
2026-02-05T11:30:00-05:00,93.32,93.48,93.12,93.47,37832.0
2026-02-05T11:35:00-05:00,93.36,93.73,93.2201,93.535,41479.0
2026-02-05T11:40:00-05:00,93.6,94.23,93.46,93.835,32741.0
2026-02-05T11:45:00-05:00,93.71,93.95,93.34,93.625,45422.0
2026-02-05T11:50:00-05:00,93.75,94.23,93.75,94.196,94264.0
2026-02-05T11:55:00-05:00,94.205,94.25,93.8,93.89,21307.0
2026-02-05T12:00:00-05:00,93.84,93.84,93.21,93.295,33294.0
2026-02-05T12:05:00-05:00,93.295,93.6,93.27,93.45,32041.0
2026-02-05T12:10:00-05:00,93.5,93.5,93.029999,93.28,20932.0
2026-02-05T12:15:00-05:00,93.26,93.48,93.1217,93.335,19001.0
2026-02-05T12:20:00-05:00,93.24,93.47,93.040001,93.45,10724.0
2026-02-05T12:25:00-05:00,93.48,93.69,93.4,93.425,11449.0
2026-02-05T12:30:00-05:00,93.43,93.43,93.059998,93.080002,8656.0
2026-02-05T12:35:00-05:00,93.059998,93.42,93.019997,93.2825,10668.0
2026-02-05T12:40:00-05:00,93.23,93.65,93.19,93.36,12070.0
2026-02-05T12:45:00-05:00,93.42,93.7248,93.3283,93.38,24985.0
2026-02-05T12:50:00-05:00,93.4,93.69,93.32,93.44,15836.0
2026-02-05T12:55:00-05:00,93.45,93.45,93.12,93.1762,8014.0
2026-02-05T13:00:00-05:00,93.24,93.35,93.18,93.18,23873.0
2026-02-05T13:05:00-05:00,93.16,93.16,92.84,93.037003,52322.0
2026-02-05T13:10:00-05:00,92.91,93.18,92.75,92.95,31869.0
2026-02-05T13:15:00-05:00,93.065002,93.065002,92.78,92.865,30404.0
2026-02-05T13:20:00-05:00,92.8625,93.28,92.66,93.28,46819.0
2026-02-05T13:25:00-05:00,93.24,93.33,92.95,93.3023,9807.0
2026-02-05T13:30:00-05:00,93.050003,93.32,93.050003,93.27,14506.0
2026-02-05T13:35:00-05:00,93.2,93.22,92.86,92.95,15034.0
2026-02-05T13:40:00-05:00,92.86,93.2,92.74,93.1199,14592.0
2026-02-05T13:45:00-05:00,93.24,93.2971,92.94,92.95,19782.0
2026-02-05T13:50:00-05:00,92.96,93.074997,92.83,92.97,16857.0
2026-02-05T13:55:00-05:00,92.96,93.21,92.8,93.17,25275.0
2026-02-05T14:00:00-05:00,93.13,93.63,93.13,93.63,67747.0
2026-02-05T14:05:00-05:00,93.33,93.8599,93.25,93.58,24451.0
2026-02-05T14:10:00-05:00,93.68,93.76,93.55,93.57,37243.0
2026-02-05T14:15:00-05:00,93.5,93.78,93.44,93.58,17635.0
2026-02-05T14:20:00-05:00,93.58,93.6797,93.41,93.43,12816.0
2026-02-05T14:25:00-05:00,93.43,93.48,93.18,93.18,16444.0
2026-02-05T14:30:00-05:00,93.15,93.15,92.59,92.78,23962.0
2026-02-05T14:35:00-05:00,92.735,92.96,92.68,92.68,25931.0
2026-02-05T14:40:00-05:00,92.59,92.7616,92.4001,92.6,24619.0
2026-02-05T14:45:00-05:00,92.5401,92.96,92.5401,92.96,38574.0
2026-02-05T14:50:00-05:00,92.8948,92.8948,92.68,92.7605,49672.0
2026-02-05T14:55:00-05:00,92.8599,93.11,92.76,93.050003,50448.0
2026-02-05T15:00:00-05:00,93.050003,93.050003,92.72,92.91,24771.0
2026-02-05T15:05:00-05:00,92.94,93.16,92.79,93.040001,30378.0
2026-02-05T15:10:00-05:00,93.07,93.1342,92.71,92.85,17028.0
2026-02-05T15:15:00-05:00,92.8,92.82,92.43,92.43,16693.0
2026-02-05T15:20:00-05:00,92.46,92.5,92.3201,92.445,25727.0
2026-02-05T15:25:00-05:00,92.37,92.5214,92.32,92.42,38749.0
2026-02-05T15:30:00-05:00,92.42,92.4839,91.8801,91.99,76922.0
2026-02-05T15:35:00-05:00,91.965,92.019997,91.77,91.77,40163.0
2026-02-05T15:40:00-05:00,91.86,92.13,91.79,91.83,37110.0
2026-02-05T15:45:00-05:00,91.815,91.97,91.51,91.615,60031.0
2026-02-05T15:50:00-05:00,91.6,91.94,91.6,91.895,107322.0
2026-02-05T15:55:00-05:00,91.85,92.040001,91.825,91.93,291397.0
2026-02-06T09:30:00-05:00,94.065002,96.080002,93.9501,95.48,328826.0
2026-02-06T09:35:00-05:00,95.52,96.45,95.21,96.050003,168358.0
2026-02-06T09:40:00-05:00,96.080002,96.115,95.4,95.96,129418.0
2026-02-06T09:45:00-05:00,95.91,96.23,95.7,96.14,57464.0
2026-02-06T09:50:00-05:00,96.17,96.27,95.86,95.9831,60576.0
2026-02-06T09:55:00-05:00,95.975,96.29,95.73,95.9347,77396.0
2026-02-06T10:00:00-05:00,95.98,96.22,95.7782,95.8537,32667.0
2026-02-06T10:05:00-05:00,95.97,96.58,95.895,96.565,73920.0
2026-02-06T10:10:00-05:00,96.6492,97.050003,96.48,96.62,83354.0
2026-02-06T10:15:00-05:00,96.72,96.73,96.33,96.64,33561.0
2026-02-06T10:20:00-05:00,96.67,96.88,96.3911,96.3911,58032.0
2026-02-06T10:25:00-05:00,96.3412,97.15,96.3412,97.15,49625.0
2026-02-06T10:30:00-05:00,97.25,97.32,97.03,97.03,890.0
2026-02-06T10:35:00-05:00,97.13,97.13,96.625,96.71,1276.0
2026-02-06T10:40:00-05:00,96.71,96.85,96.62,96.635,104197.0
2026-02-06T10:45:00-05:00,96.635,96.635,96.2701,96.33,44979.0
2026-02-06T10:50:00-05:00,96.27,96.36,96.165,96.18,11260.0
2026-02-06T10:55:00-05:00,96.08,96.43,96.08,96.41,97023.0
2026-02-06T11:00:00-05:00,96.51,97.0,96.47,97.0,39949.0
2026-02-06T11:05:00-05:00,96.915,96.925,96.59,96.5989,13740.0
2026-02-06T11:10:00-05:00,96.605,96.76,96.57,96.57,26126.0
2026-02-06T11:15:00-05:00,96.58,96.58,96.24,96.285,39055.0
2026-02-06T11:20:00-05:00,96.28,96.295,95.843,95.97,49849.0
2026-02-06T11:25:00-05:00,95.96,96.11,95.58,96.11,54576.0
2026-02-06T11:30:00-05:00,96.089996,96.32,95.995,96.28,147630.0
2026-02-06T11:35:00-05:00,96.29,96.35,96.084999,96.31,36274.0
2026-02-06T11:40:00-05:00,96.3,96.52,96.28,96.43,24891.0
2026-02-06T11:45:00-05:00,96.49,96.68,96.38,96.65,30027.0
2026-02-06T11:50:00-05:00,96.63,96.63,96.44,96.51,17773.0
2026-02-06T11:55:00-05:00,96.53,96.87,96.53,96.82,29245.0
2026-02-06T12:00:00-05:00,96.76,96.89,96.6436,96.85,18035.0
2026-02-06T12:05:00-05:00,96.89,97.12,96.81,97.12,19889.0
2026-02-06T12:10:00-05:00,97.13,97.14,96.94,97.029999,29623.0
2026-02-06T12:15:00-05:00,97.050003,97.099998,96.86,96.89,20914.0
2026-02-06T12:20:00-05:00,96.92,96.95,96.53,96.685,66773.0
2026-02-06T12:25:00-05:00,96.68,96.73,96.59,96.6608,10148.0
2026-02-06T12:30:00-05:00,96.71,96.98,96.71,96.84,17405.0
2026-02-06T12:35:00-05:00,96.8,96.82,96.27,96.37,13473.0
2026-02-06T12:40:00-05:00,96.37,96.6193,96.33,96.6,12949.0
2026-02-06T12:45:00-05:00,96.62,96.75,96.56,96.69,12379.0
2026-02-06T12:50:00-05:00,96.7,96.86,96.63,96.68,7363.0
2026-02-06T12:55:00-05:00,96.68,96.77,96.57,96.57,3199.0
2026-02-06T13:00:00-05:00,96.6,96.8499,96.58,96.8499,20440.0
2026-02-06T13:05:00-05:00,96.8499,96.94,96.73,96.94,24942.0
2026-02-06T13:10:00-05:00,96.91,97.17,96.89,96.93,28973.0
2026-02-06T13:15:00-05:00,96.99,96.99,96.84,96.91,13686.0
2026-02-06T13:20:00-05:00,96.91,97.010002,96.61,96.61,29293.0
2026-02-06T13:25:00-05:00,96.61,96.82,96.58,96.82,15704.0
2026-02-06T13:30:00-05:00,96.7985,96.91,96.71,96.8625,18255.0
2026-02-06T13:35:00-05:00,96.92,97.050003,96.84,96.995,11680.0
2026-02-06T13:40:00-05:00,97.0,97.135,96.97,97.044296,29203.0
2026-02-06T13:45:00-05:00,97.069504,97.26,97.029999,97.22,18166.0
2026-02-06T13:50:00-05:00,97.26,97.29,97.089996,97.16,26423.0
2026-02-06T13:55:00-05:00,97.155,97.24,97.11,97.24,21931.0
2026-02-06T14:00:00-05:00,97.2,97.24,97.07,97.099998,14975.0
2026-02-06T14:05:00-05:00,97.15,97.16,96.99,97.080002,29145.0
2026-02-06T14:10:00-05:00,97.050003,97.080002,96.89,96.975,17502.0
2026-02-06T14:15:00-05:00,96.94,97.019997,96.92,97.010002,6080.0
2026-02-06T14:20:00-05:00,97.010002,97.36,97.010002,97.29,26114.0
2026-02-06T14:25:00-05:00,97.3,97.3029,97.12,97.13,11051.0
2026-02-06T14:30:00-05:00,97.07,97.18,97.0,97.089996,27677.0
2026-02-06T14:35:00-05:00,97.07,97.099899,96.98,97.029999,14034.0
2026-02-06T14:40:00-05:00,97.019997,97.12,96.9508,97.11,44466.0
2026-02-06T14:45:00-05:00,97.11,97.405,97.11,97.385,34594.0
2026-02-06T14:50:00-05:00,97.38,97.45,97.2,97.218,21363.0
2026-02-06T14:55:00-05:00,97.18,97.22,97.07,97.12,15379.0
2026-02-06T15:00:00-05:00,97.089996,97.18,97.0,97.14,18711.0
2026-02-06T15:05:00-05:00,97.13,97.425,97.13,97.36,47047.0
2026-02-06T15:10:00-05:00,97.36,97.36,97.21,97.27,26338.0
2026-02-06T15:15:00-05:00,97.26,97.26,97.15,97.25,70718.0
2026-02-06T15:20:00-05:00,97.24,97.43,97.19,97.41,111001.0
2026-02-06T15:25:00-05:00,97.42,97.475,97.38,97.425,21630.0
2026-02-06T15:30:00-05:00,97.42,97.42,96.92,96.94,79273.0
2026-02-06T15:35:00-05:00,96.95,97.040001,96.91,97.014999,105028.0
2026-02-06T15:40:00-05:00,97.010002,97.24,97.010002,97.14,85642.0
2026-02-06T15:45:00-05:00,97.15,97.205,97.099998,97.15,96759.0
2026-02-06T15:50:00-05:00,97.15,97.28,97.059998,97.265,149085.0
2026-02-06T15:55:00-05:00,97.22,97.45,97.19,97.4,185529.0
2026-02-09T09:30:00-05:00,99.53,100.585,99.099998,100.585,236731.0
2026-02-09T09:35:00-05:00,100.46,100.52,99.9,100.202,133941.0
2026-02-09T09:40:00-05:00,100.195,100.88,99.985,100.7,53339.0
2026-02-09T09:45:00-05:00,100.77,101.25,100.55,100.6,100776.0
2026-02-09T09:50:00-05:00,100.5,100.85,100.38,100.69,43201.0
2026-02-09T09:55:00-05:00,100.76,100.9,100.64,100.715,48561.0
2026-02-09T10:00:00-05:00,100.7899,100.8699,100.51,100.6999,38385.0
2026-02-09T10:05:00-05:00,100.69,100.82,100.29,100.5904,59557.0
2026-02-09T10:10:00-05:00,100.64,100.77,100.48,100.67,22662.0
2026-02-09T10:15:00-05:00,100.7257,100.8238,100.45,100.4901,22805.0
2026-02-09T10:20:00-05:00,100.65,101.099998,100.65,100.97,39874.0
2026-02-09T10:25:00-05:00,100.89,101.07,100.8,101.0299,24674.0
2026-02-09T10:30:00-05:00,101.0,101.4,101.0,101.33,36819.0
2026-02-09T10:35:00-05:00,101.494,101.75,101.4697,101.58,53878.0
2026-02-09T10:40:00-05:00,101.59,101.69,101.31,101.6513,25641.0
2026-02-09T10:45:00-05:00,101.685,101.93,101.56,101.93,71313.0
2026-02-09T10:50:00-05:00,101.895,102.059998,101.86,102.059998,24928.0
2026-02-09T10:55:00-05:00,102.059998,102.07,101.87,101.93,28614.0
2026-02-09T11:00:00-05:00,101.92,102.099998,101.8801,102.07,43776.0
2026-02-09T11:05:00-05:00,102.040604,102.13,101.965,102.059998,15989.0
2026-02-09T11:10:00-05:00,102.080002,102.16,102.029999,102.125,18577.0
2026-02-09T11:15:00-05:00,102.19,102.3,102.050003,102.07,31798.0
2026-02-09T11:20:00-05:00,102.080002,102.34,102.080002,102.32,21548.0
2026-02-09T11:25:00-05:00,102.35,102.41,102.17,102.2485,33626.0
2026-02-09T11:30:00-05:00,102.25,102.3,102.040001,102.040001,25965.0
2026-02-09T11:35:00-05:00,102.099998,102.19,102.0,102.19,21319.0
2026-02-09T11:40:00-05:00,102.19,102.46,102.17,102.445,24856.0
2026-02-09T11:45:00-05:00,102.445,102.59,102.445,102.55,22712.0
2026-02-09T11:50:00-05:00,102.5799,102.6,102.46,102.55,12044.0
2026-02-09T11:55:00-05:00,102.55,102.6601,102.48,102.53,15414.0
2026-02-09T12:00:00-05:00,102.58,102.68,102.34,102.34,35394.0
2026-02-09T12:05:00-05:00,102.39,102.475,102.2,102.265,13611.0
2026-02-09T12:10:00-05:00,102.23,102.42,102.18,102.32,25621.0
2026-02-09T12:15:00-05:00,102.34,102.59,102.34,102.58,21728.0
2026-02-09T12:20:00-05:00,102.5789,102.65,102.51,102.615,13447.0
2026-02-09T12:25:00-05:00,102.615,102.615,102.46,102.51,10562.0
2026-02-09T12:30:00-05:00,102.5599,102.68,102.505,102.66,10808.0
2026-02-09T12:35:00-05:00,102.7,102.8,102.581,102.65,15837.0
2026-02-09T12:40:00-05:00,102.6,102.718,102.5,102.6,18372.0
2026-02-09T12:45:00-05:00,102.65,102.6814,102.33,102.55,25594.0
2026-02-09T12:50:00-05:00,102.55,102.56,102.15,102.23,31622.0
2026-02-09T12:55:00-05:00,102.2553,102.2553,101.675,101.72,49424.0
2026-02-09T13:00:00-05:00,101.74,101.97,101.73,101.86,24097.0
2026-02-09T13:05:00-05:00,101.84,102.059998,101.8,101.99,22991.0
2026-02-09T13:10:00-05:00,101.985,102.23,101.96,102.23,11012.0
2026-02-09T13:15:00-05:00,102.249,102.28,101.98,101.995,15425.0
2026-02-09T13:20:00-05:00,102.023201,102.040001,100.91,101.745,68614.0
2026-02-09T13:25:00-05:00,101.72,101.959,101.68,101.9,29084.0
2026-02-09T13:30:00-05:00,101.89,102.050003,101.66,102.014999,42612.0
2026-02-09T13:35:00-05:00,102.050003,102.18,102.010002,102.14,10332.0
2026-02-09T13:40:00-05:00,102.15,102.2,102.0215,102.050003,15445.0
2026-02-09T13:45:00-05:00,102.089996,102.099998,101.97,102.010002,10688.0
2026-02-09T13:50:00-05:00,102.0018005,102.26,102.0018005,102.22,12364.0
2026-02-09T13:55:00-05:00,102.22,102.47,102.12,102.39,17254.0
2026-02-09T14:00:00-05:00,102.4599,102.4599,102.29,102.44,34473.0
2026-02-09T14:05:00-05:00,102.435,102.44,102.17,102.26,25470.0
2026-02-09T14:10:00-05:00,102.29,102.3,102.15,102.18,13894.0
2026-02-09T14:15:00-05:00,102.2087,102.24,102.07,102.17,32916.0
2026-02-09T14:20:00-05:00,102.1525,102.23,102.055,102.15,22062.0
2026-02-09T14:25:00-05:00,102.21,102.33,102.18,102.28,18061.0
2026-02-09T14:30:00-05:00,102.3,102.46,102.2,102.36,21770.0
2026-02-09T14:35:00-05:00,102.38,102.48,102.36,102.36,15381.0
2026-02-09T14:40:00-05:00,102.43,102.5052,102.39,102.5052,11935.0
2026-02-09T14:45:00-05:00,102.4792,102.55,102.4001,102.45,26869.0
2026-02-09T14:50:00-05:00,102.46,102.4899,102.32,102.42,19399.0
2026-02-09T14:55:00-05:00,102.45,102.6,102.45,102.585,13625.0
2026-02-09T15:00:00-05:00,102.53,102.64,102.45,102.64,16433.0
2026-02-09T15:05:00-05:00,102.59,102.83,102.59,102.8,16148.0
2026-02-09T15:10:00-05:00,102.84,102.93,102.8,102.86,13348.0
2026-02-09T15:15:00-05:00,102.91,102.97,102.775,102.96,21227.0
2026-02-09T15:20:00-05:00,102.97,103.0,102.89,102.94,31210.0
2026-02-09T15:25:00-05:00,102.96,103.029999,102.91,102.99,29411.0
2026-02-09T15:30:00-05:00,102.97,103.2,102.95,103.080002,38097.0
2026-02-09T15:35:00-05:00,103.07,103.2,103.050003,103.2,26348.0
2026-02-09T15:40:00-05:00,103.205,103.27,103.1301,103.14,114754.0
2026-02-09T15:45:00-05:00,103.14,103.19,103.059998,103.14,59047.0
2026-02-09T15:50:00-05:00,103.16,103.25,103.080002,103.21,80063.0
2026-02-09T15:55:00-05:00,103.21,103.23,103.0,103.089996,185015.0
2026-02-10T09:30:00-05:00,102.53,103.11,101.69,102.63,170271.0
2026-02-10T09:35:00-05:00,102.85,103.099998,102.14,102.44,81937.0
2026-02-10T09:40:00-05:00,102.31,102.8,101.93,102.8,83638.0
2026-02-10T09:45:00-05:00,102.82,102.86,101.9545,102.044998,50769.0
2026-02-10T09:50:00-05:00,102.125,102.5988,102.044998,102.58,18685.0
2026-02-10T09:55:00-05:00,102.6,102.811,102.43,102.43,23674.0
2026-02-10T10:00:00-05:00,102.47,102.48,102.26,102.32,17682.0
2026-02-10T10:05:00-05:00,102.31,102.69,102.31,102.61,12091.0
2026-02-10T10:10:00-05:00,102.595,102.7,102.51,102.64,16667.0
2026-02-10T10:15:00-05:00,102.635,102.9099,102.38,102.9,82359.0
2026-02-10T10:20:00-05:00,102.86,103.21,102.79,102.9584,32148.0
2026-02-10T10:25:00-05:00,103.010002,103.010002,102.685,102.71,38086.0
2026-02-10T10:30:00-05:00,102.68,103.099998,102.62,103.099998,12937.0
2026-02-10T10:35:00-05:00,103.059998,103.12,102.32,102.35,29000.0
2026-02-10T10:40:00-05:00,102.36,102.64,102.2601,102.2601,47578.0
2026-02-10T10:45:00-05:00,102.2701,102.61,102.26,102.555,14140.0
2026-02-10T10:50:00-05:00,102.64,102.79,102.49,102.79,7200.0
2026-02-10T10:55:00-05:00,102.8,102.83,102.52,102.605,13023.0
2026-02-10T11:00:00-05:00,102.64,102.7,102.44,102.5,22293.0
2026-02-10T11:05:00-05:00,102.44,102.445,102.099998,102.13,30551.0
2026-02-10T11:10:00-05:00,102.12,102.605,102.12,102.5,11293.0
2026-02-10T11:15:00-05:00,102.55,102.78,102.29,102.49,24376.0
2026-02-10T11:20:00-05:00,102.51,102.53,102.27,102.33,8561.0
2026-02-10T11:25:00-05:00,102.35,102.54,102.2,102.4,12334.0
2026-02-10T11:30:00-05:00,102.4,102.71,102.29,102.62,43701.0
2026-02-10T11:35:00-05:00,102.63,102.93,102.62,102.75,9981.0
2026-02-10T11:40:00-05:00,102.74,102.74,102.46,102.564,21216.0
2026-02-10T11:45:00-05:00,102.63,102.72,102.45,102.5,23784.0
2026-02-10T11:50:00-05:00,102.49,102.695,102.34,102.665,22690.0
2026-02-10T11:55:00-05:00,102.64,102.86,102.64,102.86,12167.0
2026-02-10T12:00:00-05:00,102.87,102.93,102.75,102.84,10792.0
2026-02-10T12:05:00-05:00,102.88,102.98,102.78,102.815,17837.0
2026-02-10T12:10:00-05:00,102.84,102.88,102.74,102.75,9121.0
2026-02-10T12:15:00-05:00,102.75,103.1199,102.7401,103.0049973,25966.0
2026-02-10T12:20:00-05:00,103.0,103.010002,102.81,102.95,14292.0
2026-02-10T12:25:00-05:00,102.94,103.25,102.94,103.15,11337.0
2026-02-10T12:30:00-05:00,103.195,103.2,103.019997,103.17,11905.0
2026-02-10T12:35:00-05:00,103.155,103.155,103.010002,103.059998,9096.0
2026-02-10T12:40:00-05:00,103.059998,103.19,103.059998,103.12,7491.0
2026-02-10T12:45:00-05:00,103.21,103.25,103.080002,103.18,17604.0
2026-02-10T12:50:00-05:00,103.1399,103.25,103.059998,103.1476,21844.0
2026-02-10T12:55:00-05:00,103.080002,103.1099,102.88,102.89,18647.0
2026-02-10T13:00:00-05:00,102.87,103.050003,102.7,102.96,20546.0
2026-02-10T13:05:00-05:00,102.94,102.99,102.815,102.95,5967.0
2026-02-10T13:10:00-05:00,102.99,103.010002,102.82,102.82,14070.0
2026-02-10T13:15:00-05:00,102.86,102.8899,102.62,102.6201,22248.0
2026-02-10T13:20:00-05:00,102.6815,102.6815,102.4,102.42,19891.0
2026-02-10T13:25:00-05:00,102.425,102.45,102.17,102.205,15328.0
2026-02-10T13:30:00-05:00,102.225,102.41,102.15,102.25,12494.0
2026-02-10T13:35:00-05:00,102.235,102.41,102.235,102.41,13233.0
2026-02-10T13:40:00-05:00,102.32,102.4,102.27,102.345,28747.0
2026-02-10T13:45:00-05:00,102.335,102.38,102.16,102.18,9856.0
2026-02-10T13:50:00-05:00,102.19,102.33,102.11,102.11,16175.0
2026-02-10T13:55:00-05:00,102.07,102.4,102.07,102.36,14702.0
2026-02-10T14:00:00-05:00,102.345,102.48,102.22,102.33,22842.0
2026-02-10T14:05:00-05:00,102.32,102.47,102.28,102.33,14479.0
2026-02-10T14:10:00-05:00,102.33,102.4,102.27,102.375,22478.0
2026-02-10T14:15:00-05:00,102.38,102.48,102.33,102.41,44201.0
2026-02-10T14:20:00-05:00,102.41,102.59,102.39,102.55,44899.0
2026-02-10T14:25:00-05:00,102.55,102.66,102.495,102.63,13711.0
2026-02-10T14:30:00-05:00,102.62,103.029999,102.62,102.81,48749.0
2026-02-10T14:35:00-05:00,102.81,103.1899,102.81,103.16,44733.0
2026-02-10T14:40:00-05:00,103.14,103.43,103.07,103.225,46473.0
2026-02-10T14:45:00-05:00,103.29,103.45,103.23,103.43,12272.0
2026-02-10T14:50:00-05:00,103.47,103.6684,103.4406,103.58,23252.0
2026-02-10T14:55:00-05:00,103.59,103.89,103.58,103.68,17213.0
2026-02-10T15:00:00-05:00,103.62,103.68,103.415,103.415,22864.0
2026-02-10T15:05:00-05:00,103.41,103.46,103.26,103.44,27610.0
2026-02-10T15:10:00-05:00,103.44,103.47,103.31,103.42,15436.0
2026-02-10T15:15:00-05:00,103.44,103.56,103.33,103.539,21228.0
2026-02-10T15:20:00-05:00,103.51,103.51,103.25,103.255,20958.0
2026-02-10T15:25:00-05:00,103.22,103.23,103.010002,103.029999,15458.0
2026-02-10T15:30:00-05:00,103.050003,103.080002,102.89,102.89,17261.0
2026-02-10T15:35:00-05:00,102.95,103.125,102.88,103.07,18980.0
2026-02-10T15:40:00-05:00,103.059998,103.2151,103.059998,103.15,16848.0
2026-02-10T15:45:00-05:00,103.17,103.33,103.089996,103.17,31305.0
2026-02-10T15:50:00-05:00,103.17,103.22,102.94,102.958,58062.0
2026-02-10T15:55:00-05:00,102.98,102.985,102.44,102.56,112642.0
2026-02-11T09:30:00-05:00,105.74,106.48,104.97,105.1315,299092.0
2026-02-11T09:35:00-05:00,105.040001,105.040001,103.89,103.94,73769.0
2026-02-11T09:40:00-05:00,104.029999,104.029999,102.68,103.058601,68794.0
2026-02-11T09:45:00-05:00,102.97,103.61,102.9501,103.235,53620.0
2026-02-11T09:50:00-05:00,103.235,103.75,103.15,103.625,49240.0
2026-02-11T09:55:00-05:00,103.69,104.18,103.68,103.8861,104575.0
2026-02-11T10:00:00-05:00,103.8,103.89,103.12,103.71,49926.0
2026-02-11T10:05:00-05:00,103.69,104.069901,103.61,103.765,33647.0
2026-02-11T10:10:00-05:00,103.78,103.88,102.975,103.18,27340.0
2026-02-11T10:15:00-05:00,103.21,103.3995,102.12,102.12,53225.0
2026-02-11T10:20:00-05:00,102.16,102.52,101.64,101.685,60227.0
2026-02-11T10:25:00-05:00,101.68,102.32,101.65,102.17,35423.0
2026-02-11T10:30:00-05:00,101.98,102.029999,101.67,101.76,13391.0
2026-02-11T10:35:00-05:00,101.725,102.050003,101.43,102.050003,21948.0
2026-02-11T10:40:00-05:00,102.099998,102.4,102.099998,102.29,23552.0
2026-02-11T10:45:00-05:00,102.32,102.46,101.94,101.94,23269.0
2026-02-11T10:50:00-05:00,101.88,102.75,101.88,102.735,11173.0
2026-02-11T10:55:00-05:00,102.8,102.88,102.59,102.76,9811.0
2026-02-11T11:00:00-05:00,102.78,102.97,102.545,102.59,20630.0
2026-02-11T11:05:00-05:00,102.62,102.7099,102.39,102.465,26169.0
2026-02-11T11:10:00-05:00,102.35,102.75,102.35,102.6499,22113.0
2026-02-11T11:15:00-05:00,102.56,102.78,102.445,102.78,10268.0
2026-02-11T11:20:00-05:00,102.72,103.084999,102.6301,103.084999,9506.0
2026-02-11T11:25:00-05:00,103.029999,103.17,102.87,103.040001,13030.0
2026-02-11T11:30:00-05:00,103.099899,103.5,102.81,103.395,22533.0
2026-02-11T11:35:00-05:00,103.41,103.5388,103.16,103.535,15158.0
2026-02-11T11:40:00-05:00,103.62,103.96,103.61,103.90439,11153.0
2026-02-11T11:45:00-05:00,103.96,104.1599,103.695,103.725,12940.0
2026-02-11T11:50:00-05:00,103.765,103.9431,103.73,103.93,7235.0
2026-02-11T11:55:00-05:00,103.78,104.019997,103.54,103.915,14555.0
2026-02-11T12:00:00-05:00,103.92,103.96,103.6,103.7,15241.0
2026-02-11T12:05:00-05:00,103.73,104.040001,103.72,103.99,12157.0
2026-02-11T12:10:00-05:00,104.0049973,104.23,103.95,104.12,16647.0
2026-02-11T12:15:00-05:00,104.12,104.47,104.010002,104.17,24986.0
2026-02-11T12:20:00-05:00,104.19,104.25,103.95,104.25,8295.0
2026-02-11T12:25:00-05:00,104.25,104.41,104.1528,104.2,16379.0
2026-02-11T12:30:00-05:00,104.2,104.2,104.019997,104.019997,10471.0
2026-02-11T12:35:00-05:00,104.0,104.16,103.97,104.089996,9480.0
2026-02-11T12:40:00-05:00,104.089996,104.39,104.089996,104.29,8847.0
2026-02-11T12:45:00-05:00,104.33,104.5,104.21,104.32,18120.0
2026-02-11T12:50:00-05:00,104.34,104.395,104.27,104.35,9762.0
2026-02-11T12:55:00-05:00,104.37,104.4,104.11,104.1695,5686.0
2026-02-11T13:00:00-05:00,104.2134,104.23,103.92,104.175,11515.0
2026-02-11T13:05:00-05:00,104.13,104.13,103.565,103.565,22872.0
2026-02-11T13:10:00-05:00,103.56,103.56,103.285,103.37,43569.0
2026-02-11T13:15:00-05:00,103.42,103.726,103.34475,103.62,10165.0
2026-02-11T13:20:00-05:00,103.6699,103.69,103.61,103.67,6675.0
2026-02-11T13:25:00-05:00,103.6386,104.0,103.6386,103.94,13645.0
2026-02-11T13:30:00-05:00,103.97,103.99,103.725,103.725,22087.0
2026-02-11T13:35:00-05:00,103.69,103.91,103.69,103.88,6571.0
2026-02-11T13:40:00-05:00,103.81,103.8899,103.715,103.75,8391.0
2026-02-11T13:45:00-05:00,103.64,103.84,103.64,103.79,4165.0
2026-02-11T13:50:00-05:00,103.83,103.83,103.315,103.46,31701.0
2026-02-11T13:55:00-05:00,103.475,103.6598,103.45,103.535,11674.0
2026-02-11T14:00:00-05:00,103.54,103.83,103.53,103.79,12097.0
2026-02-11T14:05:00-05:00,103.81,103.98,103.71,103.83,25179.0
2026-02-11T14:10:00-05:00,103.9,104.2,103.9,104.155,5366.0
2026-02-11T14:15:00-05:00,104.21,104.21,104.029999,104.115,10860.0
2026-02-11T14:20:00-05:00,104.19,104.5,104.19,104.47,7883.0
2026-02-11T14:25:00-05:00,104.51,104.55,104.4,104.5254,19331.0
2026-02-11T14:30:00-05:00,104.52,104.52,104.25,104.3429,19010.0
2026-02-11T14:35:00-05:00,104.35,104.42,104.3,104.3,6157.0
2026-02-11T14:40:00-05:00,104.315,104.53,104.315,104.53,7835.0
2026-02-11T14:45:00-05:00,104.53,104.55,104.17,104.495,9670.0
2026-02-11T14:50:00-05:00,104.495,104.65,104.4,104.61,7374.0
2026-02-11T14:55:00-05:00,104.6,104.66,104.395,104.42,13554.0
2026-02-11T15:00:00-05:00,104.38,104.6099,104.34,104.5,17885.0
2026-02-11T15:05:00-05:00,104.47,104.64,104.42,104.62,9244.0
2026-02-11T15:10:00-05:00,104.62,104.84,104.59,104.82,15098.0
2026-02-11T15:15:00-05:00,104.89,104.95,104.82,104.865,13760.0
2026-02-11T15:20:00-05:00,104.84,104.95,104.825,104.87,21574.0
2026-02-11T15:25:00-05:00,104.9,105.0,104.735,104.76,21575.0
2026-02-11T15:30:00-05:00,104.72,104.83,104.655,104.699,16670.0
2026-02-11T15:35:00-05:00,104.6896,105.019997,104.65,105.019997,29320.0
2026-02-11T15:40:00-05:00,105.029999,105.15,104.99,105.14,38059.0
2026-02-11T15:45:00-05:00,105.14,105.15,104.91,104.98,35364.0
2026-02-11T15:50:00-05:00,104.95,105.3,104.92,105.3,73961.0
2026-02-11T15:55:00-05:00,105.29,105.48,105.23,105.23,199120.0
2026-02-12T09:30:00-05:00,104.45,104.57,103.345,104.23,99903.0
2026-02-12T09:35:00-05:00,104.275,104.48,103.6901,103.85,28880.0
2026-02-12T09:40:00-05:00,103.86,104.14,103.41,103.46,34815.0
2026-02-12T09:45:00-05:00,103.495,103.87,103.16,103.29,39658.0
2026-02-12T09:50:00-05:00,103.35,103.82,103.3,103.82,16110.0
2026-02-12T09:55:00-05:00,103.87,103.905,102.49,102.87,48754.0
2026-02-12T10:00:00-05:00,102.87,103.9392,102.7701,103.72,38543.0
2026-02-12T10:05:00-05:00,103.775,104.050003,103.5208,103.65,31589.0
2026-02-12T10:10:00-05:00,103.64,104.22,103.64,104.20328,20120.0
2026-02-12T10:15:00-05:00,104.29,104.43,104.16,104.17,19727.0
2026-02-12T10:20:00-05:00,104.16,104.32,103.935,103.935,10183.0
2026-02-12T10:25:00-05:00,104.014999,104.33,103.91,104.23,23848.0
2026-02-12T10:30:00-05:00,104.3,104.55,104.21,104.21,14776.0
2026-02-12T10:35:00-05:00,104.255,104.34,103.83,103.92,7408.0
2026-02-12T10:40:00-05:00,103.935,104.0103,103.73,104.010002,19210.0
2026-02-12T10:45:00-05:00,104.0,104.45,103.96,104.45,36237.0
2026-02-12T10:50:00-05:00,104.4,104.64,104.28,104.28,20063.0
2026-02-12T10:55:00-05:00,104.22,104.5,103.84,103.87,8885.0
2026-02-12T11:00:00-05:00,103.865,104.21,103.86,104.12,9071.0
2026-02-12T11:05:00-05:00,104.07,104.1399,103.4,103.4,6652.0
2026-02-12T11:10:00-05:00,103.3275,103.3275,101.47,101.47,60071.0
2026-02-12T11:15:00-05:00,101.43,101.59,100.5801,100.75,108027.0
2026-02-12T11:20:00-05:00,100.65,100.7241,99.87,99.87,86487.0
2026-02-12T11:25:00-05:00,99.8526,99.99,98.5201,98.56815,195748.0
2026-02-12T11:30:00-05:00,98.6301,99.6399,98.6301,99.345,48874.0
2026-02-12T11:35:00-05:00,99.3,99.78,98.98,99.5199,62324.0
2026-02-12T11:40:00-05:00,99.7,99.83,99.46,99.59,35144.0
2026-02-12T11:45:00-05:00,99.72,99.72,98.57,98.61,45566.0
2026-02-12T11:50:00-05:00,98.62,99.07,98.31,98.43,54090.0
2026-02-12T11:55:00-05:00,98.43,98.7699,98.29,98.5,57381.0
2026-02-12T12:00:00-05:00,98.6,99.15,98.3,98.86,49943.0
2026-02-12T12:05:00-05:00,98.9663,99.099998,98.3,99.099998,15578.0
2026-02-12T12:10:00-05:00,99.2,99.22,98.81,99.010002,40446.0
2026-02-12T12:15:00-05:00,99.0,99.3,98.89,99.27,17408.0
2026-02-12T12:20:00-05:00,99.29,100.29,99.29,100.044998,28454.0
2026-02-12T12:25:00-05:00,100.099998,100.2453,99.3865,99.455,29934.0
2026-02-12T12:30:00-05:00,99.39,99.85,99.25,99.85,17272.0
2026-02-12T12:35:00-05:00,99.88,100.24,99.82,100.029999,31408.0
2026-02-12T12:40:00-05:00,100.019997,100.53,100.0,100.495,12950.0
2026-02-12T12:45:00-05:00,100.54,100.56,100.0,100.050003,18582.0
2026-02-12T12:50:00-05:00,100.1199,100.18,99.76,99.935,14329.0
2026-02-12T12:55:00-05:00,99.9,99.945,99.3219,99.515,28890.0
2026-02-12T13:00:00-05:00,99.5,99.54,99.2,99.415,26068.0
2026-02-12T13:05:00-05:00,99.41,99.58,98.99,98.99,41790.0
2026-02-12T13:10:00-05:00,99.0,99.17,98.86,98.95,25163.0
2026-02-12T13:15:00-05:00,98.9886,99.050003,98.5,98.5,14671.0
2026-02-12T13:20:00-05:00,98.4585,98.8485,98.4,98.74,20590.0
2026-02-12T13:25:00-05:00,98.75,98.98,98.18,98.44,33639.0
2026-02-12T13:30:00-05:00,98.34,98.69,98.25,98.58,10743.0
2026-02-12T13:35:00-05:00,98.61,98.945,98.57,98.89,10244.0
2026-02-12T13:40:00-05:00,98.95,99.41,98.86,99.39,36248.0
2026-02-12T13:45:00-05:00,99.4,99.48,99.1439,99.31,73084.0
2026-02-12T13:50:00-05:00,99.32,99.73,99.26,99.42,37380.0
2026-02-12T13:55:00-05:00,99.38,99.57,98.5,98.67,73803.0
2026-02-12T14:00:00-05:00,98.64,98.97,98.63,98.83,19725.0
2026-02-12T14:05:00-05:00,98.87,99.36,98.87,99.12,24489.0
2026-02-12T14:10:00-05:00,99.099998,99.2,98.95,99.061302,11505.0
2026-02-12T14:15:00-05:00,99.18,99.52,99.1265,99.52,12116.0
2026-02-12T14:20:00-05:00,99.55,99.55,99.11,99.11,86489.0
2026-02-12T14:25:00-05:00,99.18,99.245,98.77,98.77,18750.0
2026-02-12T14:30:00-05:00,98.75,99.36,98.67,99.285,13461.0
2026-02-12T14:35:00-05:00,99.32,99.57,99.26,99.56,11617.0
2026-02-12T14:40:00-05:00,99.54,99.72,99.44,99.55,14720.0
2026-02-12T14:45:00-05:00,99.6096,99.81,99.5831,99.8073,11764.0
2026-02-12T14:50:00-05:00,99.81,99.99,99.6801,99.6801,16697.0
2026-02-12T14:55:00-05:00,99.67,99.75,98.97,99.14,27086.0
2026-02-12T15:00:00-05:00,99.145,99.37,99.0,99.13,27078.0
2026-02-12T15:05:00-05:00,99.099998,99.12,98.66,98.68,16504.0
2026-02-12T15:10:00-05:00,98.64,98.72,98.37,98.47,22354.0
2026-02-12T15:15:00-05:00,98.42,98.42,98.2,98.22,19635.0
2026-02-12T15:20:00-05:00,98.18,98.19,97.57,97.58,67575.0
2026-02-12T15:25:00-05:00,97.6,97.6199,97.225,97.275,53590.0
2026-02-12T15:30:00-05:00,97.25,97.4,97.11,97.37,63259.0
2026-02-12T15:35:00-05:00,97.37,97.46,97.050003,97.105,54925.0
2026-02-12T15:40:00-05:00,97.089996,97.37,97.050003,97.14,44586.0
2026-02-12T15:45:00-05:00,97.145,97.16,96.81,97.0,82492.0
2026-02-12T15:50:00-05:00,97.0,97.0,96.57,96.79,120839.0
2026-02-12T15:55:00-05:00,96.775,96.91,96.46,96.65,326993.0
2026-02-13T09:30:00-05:00,98.36,100.15,98.0,99.99,239602.0
2026-02-13T09:35:00-05:00,99.87,100.6,98.66,98.7801,129065.0
2026-02-13T09:40:00-05:00,98.78,99.13,97.7601,99.11,108108.0
2026-02-13T09:45:00-05:00,99.1447,100.23,99.1447,99.54,64565.0
2026-02-13T09:50:00-05:00,99.58,99.86,99.029999,99.55,48363.0
2026-02-13T09:55:00-05:00,99.7,100.3299,99.54,99.85,47446.0
2026-02-13T10:00:00-05:00,99.94,100.94,99.94,100.605,79702.0
2026-02-13T10:05:00-05:00,100.54,101.3599,100.13,101.32,51026.0
2026-02-13T10:10:00-05:00,101.3346,101.5,100.65,100.72,29315.0
2026-02-13T10:15:00-05:00,100.78,100.91,100.19,100.365,38997.0
2026-02-13T10:20:00-05:00,100.525,100.82,100.2,100.82,22534.0
2026-02-13T10:25:00-05:00,100.795,101.3536,100.753,101.14,23936.0
2026-02-13T10:30:00-05:00,101.13,101.4,101.099998,101.29,31223.0
2026-02-13T10:35:00-05:00,101.34,101.57,101.099998,101.135,20247.0
2026-02-13T10:40:00-05:00,101.13,101.38,101.010002,101.010002,17226.0
2026-02-13T10:45:00-05:00,101.0,101.13,100.6501,100.86,16639.0
2026-02-13T10:50:00-05:00,100.95,101.4,100.9112,101.0625,9752.0
2026-02-13T10:55:00-05:00,101.13,101.22,100.73,100.8057,12475.0
2026-02-13T11:00:00-05:00,100.85,101.1128,100.8,101.029999,23009.0
2026-02-13T11:05:00-05:00,101.19,101.35,101.11,101.27,9604.0
2026-02-13T11:10:00-05:00,101.295,101.295,101.0,101.1713,7007.0
2026-02-13T11:15:00-05:00,101.3,101.5,101.22,101.43,15508.0
2026-02-13T11:20:00-05:00,101.48,101.48,101.050003,101.3299,10737.0
2026-02-13T11:25:00-05:00,101.275,101.7259,101.26,101.64,15553.0
2026-02-13T11:30:00-05:00,101.62,101.72,101.43,101.53,26952.0
2026-02-13T11:35:00-05:00,101.59,101.815,101.44,101.77,17910.0
2026-02-13T11:40:00-05:00,101.795,101.815,101.66,101.7,12390.0
2026-02-13T11:45:00-05:00,101.75,101.81,101.37,101.405,15087.0
2026-02-13T11:50:00-05:00,101.36,101.66,101.36,101.545,4581.0
2026-02-13T11:55:00-05:00,101.545,101.64,101.2,101.2,23631.0
2026-02-13T12:00:00-05:00,101.22,101.48,101.22,101.44,8134.0
2026-02-13T12:05:00-05:00,101.44,101.74,101.44,101.6,9212.0
2026-02-13T12:10:00-05:00,101.6,101.7,101.38,101.7,7368.0
2026-02-13T12:15:00-05:00,101.66,101.66,101.41,101.44,11046.0
2026-02-13T12:20:00-05:00,101.48,101.76,101.48,101.49,15086.0
2026-02-13T12:25:00-05:00,101.46,101.64,101.42,101.56,11159.0
2026-02-13T12:30:00-05:00,101.56,101.79,101.56,101.79,38645.0
2026-02-13T12:35:00-05:00,101.77,101.83,101.655,101.72,16825.0
2026-02-13T12:40:00-05:00,101.7,101.72,101.46,101.485,9015.0
2026-02-13T12:45:00-05:00,101.49,101.61,101.44,101.59,17346.0
2026-02-13T12:50:00-05:00,101.555,101.65,101.45,101.52,15129.0
2026-02-13T12:55:00-05:00,101.52,101.61,101.46,101.6,14685.0
2026-02-13T13:00:00-05:00,101.65,101.74,101.42,101.585,18067.0
2026-02-13T13:05:00-05:00,101.63,101.68,101.49,101.615,11484.0
2026-02-13T13:10:00-05:00,101.64,101.88,101.59,101.7997,15968.0
2026-02-13T13:15:00-05:00,101.795,101.9399,101.58,101.69,18055.0
2026-02-13T13:20:00-05:00,101.79,101.97,101.78,101.8,11945.0
2026-02-13T13:25:00-05:00,101.825,101.86,101.24,101.315,55315.0
2026-02-13T13:30:00-05:00,101.315,101.8448,101.27,101.77,37699.0
2026-02-13T13:35:00-05:00,101.78,101.86,101.69,101.85,10365.0
2026-02-13T13:40:00-05:00,101.845,101.8782,101.76,101.76,5112.0
2026-02-13T13:45:00-05:00,101.78,101.89,101.7,101.7,10995.0
2026-02-13T13:50:00-05:00,101.59,101.65,101.4,101.56,21654.0
2026-02-13T13:55:00-05:00,101.585,101.6399,101.36,101.45,8995.0
2026-02-13T14:00:00-05:00,101.42,101.6302,101.355,101.52,10557.0
2026-02-13T14:05:00-05:00,101.53,101.82,101.53,101.7501,4631.0
2026-02-13T14:10:00-05:00,101.792,101.84,101.47,101.56,19466.0
2026-02-13T14:15:00-05:00,101.54,101.6,101.4101,101.56,7444.0
2026-02-13T14:20:00-05:00,101.56,101.8,101.56,101.8,15648.0
2026-02-13T14:25:00-05:00,101.76,101.78,101.18,101.32,18830.0
2026-02-13T14:30:00-05:00,101.215,101.7,101.099998,101.64,13852.0
2026-02-13T14:35:00-05:00,101.638,101.77,101.56,101.6,10350.0
2026-02-13T14:40:00-05:00,101.565,101.57,101.39,101.455,11474.0
2026-02-13T14:45:00-05:00,101.49,101.66,101.44,101.5,16095.0
2026-02-13T14:50:00-05:00,101.475,101.4899,101.1601,101.18,11702.0
2026-02-13T14:55:00-05:00,101.22,101.28,100.7,100.7924,19867.0
2026-02-13T15:00:00-05:00,100.78,101.12,100.78,101.07,27700.0
2026-02-13T15:05:00-05:00,101.059998,101.080002,100.95,100.98,32004.0
2026-02-13T15:10:00-05:00,101.010002,101.080002,100.86,100.86,8166.0
2026-02-13T15:15:00-05:00,100.76,100.93,100.7201,100.87,49007.0
2026-02-13T15:20:00-05:00,100.87,100.88,100.68,100.7401,20461.0
2026-02-13T15:25:00-05:00,100.7,100.8,100.59,100.635,35536.0
2026-02-13T15:30:00-05:00,100.62,100.78,100.59,100.7,98706.0
2026-02-13T15:35:00-05:00,100.66,100.9,100.66,100.84,34426.0
2026-02-13T15:40:00-05:00,100.86,101.050003,100.84,100.9701,35873.0
2026-02-13T15:45:00-05:00,100.99,101.33,100.98,101.22,42231.0
2026-02-13T15:50:00-05:00,101.2,101.4,101.11,101.285,79758.0
2026-02-13T15:55:00-05:00,101.26,101.72,101.23,101.51,209750.0
2026-02-17T09:30:00-05:00,97.38,97.71,96.050003,97.43,314764.0
2026-02-17T09:35:00-05:00,97.28,97.41,96.28,96.45,80624.0
2026-02-17T09:40:00-05:00,96.4,96.46,95.58,95.74,154769.0
2026-02-17T09:45:00-05:00,95.82,96.0,95.41,95.49,69365.0
2026-02-17T09:50:00-05:00,95.445,95.57,94.57,94.79,91647.0
2026-02-17T09:55:00-05:00,94.76,94.94,94.2,94.29,90219.0
2026-02-17T10:00:00-05:00,94.25,95.044998,94.16,95.040001,65039.0
2026-02-17T10:05:00-05:00,95.059998,95.22,94.37,94.37,51860.0
2026-02-17T10:10:00-05:00,94.42,94.605,93.96,94.15,47383.0
2026-02-17T10:15:00-05:00,94.1699,95.35,94.044998,95.28,39641.0
2026-02-17T10:20:00-05:00,95.22,95.22,94.25,94.33,63151.0
2026-02-17T10:25:00-05:00,94.333,94.44,94.050003,94.42,38992.0
2026-02-17T10:30:00-05:00,94.47,94.49,94.15,94.22,25592.0
2026-02-17T10:35:00-05:00,94.48,94.9087,94.46,94.8,27936.0
2026-02-17T10:40:00-05:00,94.77,95.12,94.52,94.84045,37842.0
2026-02-17T10:45:00-05:00,94.87,95.32,94.845,95.2257,32457.0
2026-02-17T10:50:00-05:00,95.14,95.219,94.83,95.085297,20775.0
2026-02-17T10:55:00-05:00,95.1193,95.49,95.040001,95.45,30977.0
2026-02-17T11:00:00-05:00,95.52,96.080002,95.4601,95.9601,23014.0
2026-02-17T11:05:00-05:00,95.97,96.79,95.97,96.79,13550.0
2026-02-17T11:10:00-05:00,96.72,96.84,96.59,96.645,16686.0
2026-02-17T11:15:00-05:00,96.6403,97.080803,96.58,96.905,32880.0
2026-02-17T11:20:00-05:00,96.85,97.010002,96.71,97.0,12139.0
2026-02-17T11:25:00-05:00,97.0,97.11,96.86,96.91,16369.0
2026-02-17T11:30:00-05:00,96.94,97.125,96.64,97.125,12577.0
2026-02-17T11:35:00-05:00,97.010002,97.31,97.0,97.19,10239.0
2026-02-17T11:40:00-05:00,97.2,97.4,97.16,97.21,17391.0
2026-02-17T11:45:00-05:00,97.25,97.29,96.94,96.995,26735.0
2026-02-17T11:50:00-05:00,97.010002,97.12,96.89,97.025002,24072.0
2026-02-17T11:55:00-05:00,97.095001,97.1252,96.7,96.86,32771.0
2026-02-17T12:00:00-05:00,96.835,96.96,96.73,96.84,27530.0
2026-02-17T12:05:00-05:00,96.835,97.019997,96.78,96.785,28669.0
2026-02-17T12:10:00-05:00,96.83,96.86,96.37,96.43,37513.0
2026-02-17T12:15:00-05:00,96.44,96.6741,96.37,96.62,27692.0
2026-02-17T12:20:00-05:00,96.56,96.72,96.47,96.675,19404.0
2026-02-17T12:25:00-05:00,96.65,96.84,96.57,96.84,20644.0
2026-02-17T12:30:00-05:00,96.86,96.86,96.43,96.56,27289.0
2026-02-17T12:35:00-05:00,96.5025,96.67,96.49,96.64,16676.0
2026-02-17T12:40:00-05:00,96.63,96.68,96.3109,96.3109,51173.0
2026-02-17T12:45:00-05:00,96.29,96.62,96.21,96.59,30945.0
2026-02-17T12:50:00-05:00,96.56,96.74,96.44,96.62,14898.0
2026-02-17T12:55:00-05:00,96.67,96.9899,96.48,96.95,19582.0
2026-02-17T13:00:00-05:00,97.0,97.13,96.87,97.010002,34925.0
2026-02-17T13:05:00-05:00,96.985,97.028,96.77,96.93,17970.0
2026-02-17T13:10:00-05:00,96.88,97.0,96.81,96.93,19910.0
2026-02-17T13:15:00-05:00,96.945,97.13,96.85,97.040001,19718.0
2026-02-17T13:20:00-05:00,97.16,97.68,97.16,97.68,17618.0
2026-02-17T13:25:00-05:00,97.655,97.655,97.39,97.52,36697.0
2026-02-17T13:30:00-05:00,97.55,97.7,97.39,97.695,24026.0
2026-02-17T13:35:00-05:00,97.66,98.055,97.66,98.055,22453.0
2026-02-17T13:40:00-05:00,98.019997,98.19,97.88,97.885,32558.0
2026-02-17T13:45:00-05:00,97.88,98.025002,97.81,98.0,28481.0
2026-02-17T13:50:00-05:00,98.035004,98.080002,97.82,97.99,36428.0
2026-02-17T13:55:00-05:00,97.94,98.1499,97.85,97.94,44051.0
2026-02-17T14:00:00-05:00,97.925,98.029999,97.86,97.955,30170.0
2026-02-17T14:05:00-05:00,97.955,97.99,97.86,97.92,53272.0
2026-02-17T14:10:00-05:00,97.91,97.93,97.62,97.67,70792.0
2026-02-17T14:15:00-05:00,97.67,97.78,97.5981,97.64,38278.0
2026-02-17T14:20:00-05:00,97.66,97.83,97.55,97.75,30428.0
2026-02-17T14:25:00-05:00,97.76,97.76,97.34,97.375,49310.0
2026-02-17T14:30:00-05:00,97.4,97.64,97.31,97.64,27251.0
2026-02-17T14:35:00-05:00,97.63,97.88,97.63,97.83,37898.0
2026-02-17T14:40:00-05:00,97.86,97.88,97.68,97.81,58363.0
2026-02-17T14:45:00-05:00,97.81,97.85,97.6,97.71,41131.0
2026-02-17T14:50:00-05:00,97.6764,97.77,97.545,97.71,50376.0
2026-02-17T14:55:00-05:00,97.705,97.74,97.48,97.51,29532.0
2026-02-17T15:00:00-05:00,97.47,97.66,97.47,97.6,33258.0
2026-02-17T15:05:00-05:00,97.57,97.62,97.18,97.18,22819.0
2026-02-17T15:10:00-05:00,97.19,97.29,97.15,97.275,51448.0
2026-02-17T15:15:00-05:00,97.27,97.3,97.18,97.21,21128.0
2026-02-17T15:20:00-05:00,97.24,97.29,96.99,97.13,36045.0
2026-02-17T15:25:00-05:00,97.15,97.15,96.9,96.9,25798.0
2026-02-17T15:30:00-05:00,96.89,97.040001,96.8,97.040001,53405.0
2026-02-17T15:35:00-05:00,97.07,97.15,96.97,97.145,27183.0
2026-02-17T15:40:00-05:00,97.17,97.31,97.12,97.16,34649.0
2026-02-17T15:45:00-05:00,97.17,97.18,97.010002,97.11,69304.0
2026-02-17T15:50:00-05:00,97.12,97.41,97.099998,97.25,110354.0
2026-02-17T15:55:00-05:00,97.21,97.6,97.089996,97.17,271377.0
2026-02-18T09:30:00-05:00,99.75,100.2,99.019997,99.07,210663.0
2026-02-18T09:35:00-05:00,99.0,100.185,98.89,99.99,68834.0
2026-02-18T09:40:00-05:00,99.95,100.4,99.79,100.16,54410.0
2026-02-18T09:45:00-05:00,100.16,100.49,99.39,99.78,50030.0
2026-02-18T09:50:00-05:00,99.82,100.3,99.81,100.24,21590.0
2026-02-18T09:55:00-05:00,100.215,100.27,99.91,100.215,30616.0
2026-02-18T10:00:00-05:00,100.29,100.67,100.2,100.52,95639.0
2026-02-18T10:05:00-05:00,100.52,100.59,99.95,100.084999,44645.0
2026-02-18T10:10:00-05:00,100.040001,100.405,99.95,100.4,17941.0
2026-02-18T10:15:00-05:00,100.37,100.7799,100.33,100.54,39254.0
2026-02-18T10:20:00-05:00,100.54,100.79,100.5351,100.605,18195.0
2026-02-18T10:25:00-05:00,100.63,100.955,100.54,100.82,80196.0
2026-02-18T10:30:00-05:00,100.82,101.029999,100.66,101.010002,61659.0
2026-02-18T10:35:00-05:00,101.019997,101.16,100.93,101.16,28278.0
2026-02-18T10:40:00-05:00,101.18,101.5,101.12,101.446,13404.0
2026-02-18T10:45:00-05:00,101.4,101.58,101.17,101.53,18294.0
2026-02-18T10:50:00-05:00,101.43,101.54,101.34,101.37,17833.0
2026-02-18T10:55:00-05:00,101.445,101.4612,101.12,101.21,8401.0
2026-02-18T11:00:00-05:00,101.175,101.32,101.029999,101.3025,10781.0
2026-02-18T11:05:00-05:00,101.3011,101.43,101.21,101.25,17450.0
2026-02-18T11:10:00-05:00,101.24,101.255,101.029999,101.11,9563.0
2026-02-18T11:15:00-05:00,101.12,101.16,100.96,100.97,38785.0
2026-02-18T11:20:00-05:00,100.96,100.97,100.7,100.85,85010.0
2026-02-18T11:25:00-05:00,100.86,101.18,100.84,101.18,149941.0
2026-02-18T11:30:00-05:00,101.155,101.37,101.12,101.29,51941.0
2026-02-18T11:35:00-05:00,101.29,101.47,101.265,101.47,38984.0
2026-02-18T11:40:00-05:00,101.46,101.54,101.43,101.45,22041.0
2026-02-18T11:45:00-05:00,101.47,101.62,101.31,101.31,23795.0
2026-02-18T11:50:00-05:00,101.305,101.38,101.11,101.24,27579.0
2026-02-18T11:55:00-05:00,101.235,101.35,101.099998,101.1001,109671.0
2026-02-18T12:00:00-05:00,101.115,101.195,101.029999,101.195,30847.0
2026-02-18T12:05:00-05:00,101.21,101.38,101.18,101.35,23001.0
2026-02-18T12:10:00-05:00,101.345,101.4,101.16,101.35,27689.0
2026-02-18T12:15:00-05:00,101.32,101.52,101.25,101.495,31459.0
2026-02-18T12:20:00-05:00,101.5,101.565,101.34,101.34,27793.0
2026-02-18T12:25:00-05:00,101.345,101.36,101.13,101.21,33375.0
2026-02-18T12:30:00-05:00,101.2,101.39,101.18,101.26,36084.0
2026-02-18T12:35:00-05:00,101.29,101.393,101.11,101.16,21864.0
2026-02-18T12:40:00-05:00,101.15,101.2,101.050003,101.059998,33544.0
2026-02-18T12:45:00-05:00,101.059998,101.12,100.94,100.95,48212.0
2026-02-18T12:50:00-05:00,100.955,101.11,100.92,101.11,32039.0
2026-02-18T12:55:00-05:00,101.14,101.24,101.059998,101.092102,15440.0
2026-02-18T13:00:00-05:00,101.11,101.34,101.050003,101.26,17641.0
2026-02-18T13:05:00-05:00,101.25,101.28,101.07,101.15,23223.0
2026-02-18T13:10:00-05:00,101.15,101.175,100.86,100.94,25000.0
2026-02-18T13:15:00-05:00,100.935,100.96,100.82,100.83,16542.0
2026-02-18T13:20:00-05:00,100.825,100.995,100.78,100.8,32081.0
2026-02-18T13:25:00-05:00,100.81,100.84,100.54,100.75,37722.0
2026-02-18T13:30:00-05:00,100.765,100.91,100.65,100.9,82493.0
2026-02-18T13:35:00-05:00,100.905,101.065002,100.81,100.895,19200.0
2026-02-18T13:40:00-05:00,100.895,100.95,100.65,100.84,27054.0
2026-02-18T13:45:00-05:00,100.9,101.059998,100.9,100.99,33960.0
2026-02-18T13:50:00-05:00,101.0049973,101.21,100.96,101.17,27927.0
2026-02-18T13:55:00-05:00,101.15,101.24,100.94,100.99,33899.0
2026-02-18T14:00:00-05:00,100.995,101.18,100.86,101.18,19935.0
2026-02-18T14:05:00-05:00,101.125,101.125,100.88,100.91,25054.0
2026-02-18T14:10:00-05:00,100.89,100.98,100.87,100.87,22882.0
2026-02-18T14:15:00-05:00,100.86,100.87,100.56,100.67,20651.0
2026-02-18T14:20:00-05:00,100.655,100.71,100.37,100.6751,39168.0
2026-02-18T14:25:00-05:00,100.69,100.79,100.28,100.55,31587.0
2026-02-18T14:30:00-05:00,100.5514,100.64,100.2,100.54,26246.0
2026-02-18T14:35:00-05:00,100.59,100.72,100.37,100.72,27422.0
2026-02-18T14:40:00-05:00,100.7,100.78,100.57,100.61,19811.0
2026-02-18T14:45:00-05:00,100.65,100.76,100.44,100.45,23048.0
2026-02-18T14:50:00-05:00,100.475,100.48,100.11,100.285,59084.0
2026-02-18T14:55:00-05:00,100.25,100.285,99.99,100.11,35827.0
2026-02-18T15:00:00-05:00,100.11,100.49,100.014999,100.48,41230.0
2026-02-18T15:05:00-05:00,100.48,100.48,100.22,100.275,43112.0
2026-02-18T15:10:00-05:00,100.27,100.36,99.96,100.010002,71843.0
2026-02-18T15:15:00-05:00,100.019997,100.13,99.93,100.025002,56878.0
2026-02-18T15:20:00-05:00,100.025002,100.050003,99.89,100.029999,44771.0
2026-02-18T15:25:00-05:00,100.010002,100.14,99.86,99.86,39254.0
2026-02-18T15:30:00-05:00,99.83,100.18,99.72,100.18,56947.0
2026-02-18T15:35:00-05:00,100.1605,100.46,100.13,100.43,39477.0
2026-02-18T15:40:00-05:00,100.43,100.49,100.29,100.32,34173.0
2026-02-18T15:45:00-05:00,100.3,100.43,100.27,100.42,38016.0
2026-02-18T15:50:00-05:00,100.44,100.83,100.44,100.8,59906.0
2026-02-18T15:55:00-05:00,100.79,100.79,100.51,100.57,172242.0
2026-02-19T09:30:00-05:00,100.26,100.55,99.5,100.515,98715.0
2026-02-19T09:35:00-05:00,100.38,100.875,99.91,100.685,70241.0
2026-02-19T09:40:00-05:00,100.72,101.39,100.014999,101.32,36133.0
2026-02-19T09:45:00-05:00,101.32,101.61,100.9,101.57,47911.0
2026-02-19T09:50:00-05:00,101.4982,101.91,101.23,101.91,21201.0
2026-02-19T09:55:00-05:00,101.86,102.32,101.81,101.99,32647.0
2026-02-19T10:00:00-05:00,101.91,102.85,101.77,102.43,59747.0
2026-02-19T10:05:00-05:00,102.55,102.57,102.1301,102.29,61481.0
2026-02-19T10:10:00-05:00,102.19,102.43,101.9687,101.9687,20127.0
2026-02-19T10:15:00-05:00,102.010002,102.56,102.0,102.1499,30585.0
2026-02-19T10:20:00-05:00,102.050003,102.21,101.55,102.0,11850.0
2026-02-19T10:25:00-05:00,101.86,102.44,101.625,102.39,26000.0
2026-02-19T10:30:00-05:00,102.38,103.11,102.32,103.11,24367.0
2026-02-19T10:35:00-05:00,103.13,103.43,102.97,103.2,29843.0
2026-02-19T10:40:00-05:00,103.2,103.44,102.9,103.18,23996.0
2026-02-19T10:45:00-05:00,103.2,103.37,103.089996,103.37,12642.0
2026-02-19T10:50:00-05:00,103.32,103.36,102.82,103.0,35849.0
2026-02-19T10:55:00-05:00,102.92,103.51,102.92,103.51,16531.0
2026-02-19T11:00:00-05:00,103.44,103.47,103.17,103.22,12830.0
2026-02-19T11:05:00-05:00,103.1027,103.1027,102.74,103.07,12236.0
2026-02-19T11:10:00-05:00,103.24,103.3299,103.010002,103.084999,8411.0
2026-02-19T11:15:00-05:00,103.18,103.38,102.89,102.95,16358.0
2026-02-19T11:20:00-05:00,102.89,102.94,102.42,102.435,16966.0
2026-02-19T11:25:00-05:00,102.51,102.51,102.17,102.32,19833.0
2026-02-19T11:30:00-05:00,102.35,102.725,102.35,102.725,27781.0
2026-02-19T11:35:00-05:00,102.7,102.83,102.51,102.72,37943.0
2026-02-19T11:40:00-05:00,102.7587,102.91,102.6901,102.73,20607.0
2026-02-19T11:45:00-05:00,102.775,102.8,102.29,102.48,22958.0
2026-02-19T11:50:00-05:00,102.465,102.485,102.15,102.3613,8103.0
2026-02-19T11:55:00-05:00,102.38,102.43,102.029999,102.040001,14922.0
2026-02-19T12:00:00-05:00,102.019997,102.11,101.9,102.080002,18474.0
2026-02-19T12:05:00-05:00,102.059998,102.31,102.0,102.059998,27546.0
2026-02-19T12:10:00-05:00,102.055,102.33,102.055,102.27,14576.0
2026-02-19T12:15:00-05:00,102.32,102.5,102.16,102.5,7088.0
2026-02-19T12:20:00-05:00,102.515,102.7,102.51,102.53,38285.0
2026-02-19T12:25:00-05:00,102.53,102.54,102.13,102.13,29047.0
2026-02-19T12:30:00-05:00,102.11,102.41,102.07,102.32,4015.0
2026-02-19T12:35:00-05:00,102.41,102.49,102.11,102.39,16812.0
2026-02-19T12:40:00-05:00,102.395,102.57,102.3201,102.5,2572.0
2026-02-19T12:45:00-05:00,102.42,102.6,102.35,102.49,15205.0
2026-02-19T12:50:00-05:00,102.55,102.6,102.34,102.455,2830.0
2026-02-19T12:55:00-05:00,102.45,102.58,102.29,102.29,13708.0
2026-02-19T13:00:00-05:00,102.275,102.285,102.07,102.115,9422.0
2026-02-19T13:05:00-05:00,102.25,102.37,102.2,102.34,11331.0
2026-02-19T13:10:00-05:00,102.33,102.51,102.25,102.5085,13376.0
2026-02-19T13:15:00-05:00,102.47,102.535,102.22,102.23,5137.0
2026-02-19T13:20:00-05:00,102.010002,102.14,101.95,102.13,8046.0
2026-02-19T13:25:00-05:00,102.089996,102.099998,101.7194,101.8023,8661.0
2026-02-19T13:30:00-05:00,101.75,101.94,101.75,101.83,3199.0
2026-02-19T13:35:00-05:00,101.77,101.9186,101.625,101.68,5471.0
2026-02-19T13:40:00-05:00,101.66,101.66,101.38,101.45,11869.0
2026-02-19T13:45:00-05:00,101.515,101.78,101.515,101.78,6211.0
2026-02-19T13:50:00-05:00,101.76,101.76,101.61,101.61,11117.0
2026-02-19T13:55:00-05:00,101.63,101.68,101.3575,101.56,6484.0
2026-02-19T14:00:00-05:00,101.52,101.6,101.48,101.6,3547.0
2026-02-19T14:05:00-05:00,101.56,101.905,101.56,101.9,11852.0
2026-02-19T14:10:00-05:00,101.87,101.87,101.58,101.78,20190.0
2026-02-19T14:15:00-05:00,101.87,102.3,101.87,102.3,11498.0
2026-02-19T14:20:00-05:00,102.2435,102.45,102.2435,102.35,12795.0
2026-02-19T14:25:00-05:00,102.33,102.41,101.88,101.9968,20476.0
2026-02-19T14:30:00-05:00,102.050003,102.34,102.019997,102.34,10365.0
2026-02-19T14:35:00-05:00,102.31,102.5,102.23,102.2901,6847.0
2026-02-19T14:40:00-05:00,102.23,102.58,102.22,102.52,9947.0
2026-02-19T14:45:00-05:00,102.53,102.635,102.4852,102.635,12482.0
2026-02-19T14:50:00-05:00,102.68,102.76,102.485,102.53,15576.0
2026-02-19T14:55:00-05:00,102.62,102.77,102.39,102.465,11322.0
2026-02-19T15:00:00-05:00,102.5424,102.8,102.5424,102.74,6426.0
2026-02-19T15:05:00-05:00,102.71,102.74,102.56,102.66,26403.0
2026-02-19T15:10:00-05:00,102.67,102.765,102.61,102.765,6325.0
2026-02-19T15:15:00-05:00,102.73,103.040001,102.72,103.040001,17180.0
2026-02-19T15:20:00-05:00,103.040001,103.15,102.945,103.13,11567.0
2026-02-19T15:25:00-05:00,103.080002,103.19,103.040001,103.125,8139.0
2026-02-19T15:30:00-05:00,103.089996,103.27,102.92,103.2,27235.0
2026-02-19T15:35:00-05:00,103.2,103.3,103.18,103.21,24056.0
2026-02-19T15:40:00-05:00,103.21,103.23,103.044998,103.2,28941.0
2026-02-19T15:45:00-05:00,103.19,103.33,103.18,103.24,27481.0
2026-02-19T15:50:00-05:00,103.21,103.37,103.050003,103.11,46045.0
2026-02-19T15:55:00-05:00,103.11,103.34,102.935,103.22,132098.0
2026-02-20T09:30:00-05:00,103.36,105.32,103.2,104.45,188953.0
2026-02-20T09:35:00-05:00,104.25,104.63,103.99,104.085098,62950.0
2026-02-20T09:40:00-05:00,104.115,105.3,104.115,105.040001,69099.0
2026-02-20T09:45:00-05:00,105.089996,105.5,105.089996,105.32,31261.0
2026-02-20T09:50:00-05:00,105.37,105.9205,105.18,105.7,53622.0
2026-02-20T09:55:00-05:00,105.715,105.715,104.76,105.077499,47316.0
2026-02-20T10:00:00-05:00,105.074997,106.040001,104.305,104.59,114695.0
2026-02-20T10:05:00-05:00,104.41,104.425,103.19,103.955,36897.0
2026-02-20T10:10:00-05:00,104.07,104.205,103.21,103.35,51364.0
2026-02-20T10:15:00-05:00,103.47,104.595,103.415,104.195,50597.0
2026-02-20T10:20:00-05:00,104.18,104.27,103.42,103.42,30610.0
2026-02-20T10:25:00-05:00,103.52,103.64,102.53,102.5685,43191.0
2026-02-20T10:30:00-05:00,102.67,102.9127,102.25,102.6549,22304.0
2026-02-20T10:35:00-05:00,102.63,102.81,101.94,102.6601,37761.0
2026-02-20T10:40:00-05:00,102.79,103.54,102.23,103.469,36348.0
2026-02-20T10:45:00-05:00,103.58,104.12,103.37,103.81,18149.0
2026-02-20T10:50:00-05:00,103.92,104.2,103.77,104.13,32826.0
2026-02-20T10:55:00-05:00,104.2199,104.2199,103.79,103.86,25935.0
2026-02-20T11:00:00-05:00,103.87,104.16,103.63,103.905,46245.0
2026-02-20T11:05:00-05:00,103.85,104.32,103.85,104.0,32579.0
2026-02-20T11:10:00-05:00,104.040001,104.26,103.91,104.07,14997.0
2026-02-20T11:15:00-05:00,104.080002,104.23,103.86,104.23,10530.0
2026-02-20T11:20:00-05:00,104.175,104.175,103.79,103.95,16151.0
2026-02-20T11:25:00-05:00,103.91,104.33,103.775,104.165,26094.0
2026-02-20T11:30:00-05:00,104.16,104.54,104.099998,104.41,37052.0
2026-02-20T11:35:00-05:00,104.27,104.34,104.055,104.28,34652.0
2026-02-20T11:40:00-05:00,104.305,104.606,104.12,104.44,34187.0
2026-02-20T11:45:00-05:00,104.47,104.83,104.47,104.63,37921.0
2026-02-20T11:50:00-05:00,104.6,105.0,104.6,104.93,36210.0
2026-02-20T11:55:00-05:00,104.92,105.19,104.7,104.89,37607.0
2026-02-20T12:00:00-05:00,104.93,105.080002,104.85,104.98,16614.0
2026-02-20T12:05:00-05:00,104.99,105.26,104.99,105.12,9785.0
2026-02-20T12:10:00-05:00,105.089996,105.26,104.865,105.010002,20492.0
2026-02-20T12:15:00-05:00,104.99,104.99,104.63,104.69,33343.0
2026-02-20T12:20:00-05:00,104.69,104.8,104.52,104.52,62862.0
2026-02-20T12:25:00-05:00,104.56,104.71,104.38,104.705,63080.0
2026-02-20T12:30:00-05:00,104.725,105.135,104.725,105.080101,52353.0
2026-02-20T12:35:00-05:00,105.14,105.34,105.010002,105.31,62343.0
2026-02-20T12:40:00-05:00,105.29,105.41,104.97,105.305,64518.0
2026-02-20T12:45:00-05:00,105.265,105.6,105.13,105.6,37161.0
2026-02-20T12:50:00-05:00,105.595,105.91,105.54,105.82,33991.0
2026-02-20T12:55:00-05:00,105.825,105.825,105.51,105.715,67305.0
2026-02-20T13:00:00-05:00,105.71,106.089996,105.68,106.07,58755.0
2026-02-20T13:05:00-05:00,106.059998,106.26,106.059998,106.22,59487.0
2026-02-20T13:10:00-05:00,106.24,106.38,106.080002,106.16,105997.0
2026-02-20T13:15:00-05:00,106.16,106.16,105.81,105.86,49184.0
2026-02-20T13:20:00-05:00,105.86,105.86,105.38,105.69,82670.0
2026-02-20T13:25:00-05:00,105.695,105.75,105.2,105.395,62108.0
2026-02-20T13:30:00-05:00,105.37,106.018204,105.07,105.74,70105.0
2026-02-20T13:35:00-05:00,105.685,106.12,105.3,105.93,49671.0
2026-02-20T13:40:00-05:00,106.040001,106.27,106.014999,106.2299,49817.0
2026-02-20T13:45:00-05:00,106.2425,106.39,106.15,106.28,41140.0
2026-02-20T13:50:00-05:00,106.28,106.335,105.995,106.27,74299.0
2026-02-20T13:55:00-05:00,106.32,106.42,106.22,106.38,65624.0
2026-02-20T14:00:00-05:00,106.385,106.62,106.27,106.43,97599.0
2026-02-20T14:05:00-05:00,106.43,106.48,106.27,106.36,61714.0
2026-02-20T14:10:00-05:00,106.39,106.43,106.22,106.39,49048.0
2026-02-20T14:15:00-05:00,106.385,106.565,106.28,106.56,57853.0
2026-02-20T14:20:00-05:00,106.58,106.65,106.48,106.59,52596.0
2026-02-20T14:25:00-05:00,106.54,106.58,106.24,106.31,41723.0
2026-02-20T14:30:00-05:00,106.31,106.65,106.31,106.65,43238.0
2026-02-20T14:35:00-05:00,106.66,106.75,106.505,106.67,52618.0
2026-02-20T14:40:00-05:00,106.72,106.82,106.575,106.8,64675.0
2026-02-20T14:45:00-05:00,106.82,106.94,106.69,106.75,50961.0
2026-02-20T14:50:00-05:00,106.71,106.93,106.62,106.76,57694.0
2026-02-20T14:55:00-05:00,106.75,106.77,106.495,106.54,66552.0
2026-02-20T15:00:00-05:00,106.52,106.9,106.45,106.9,56339.0
2026-02-20T15:05:00-05:00,106.895,107.13,106.85,107.084999,54027.0
2026-02-20T15:10:00-05:00,107.084999,107.29,106.94,107.27,55343.0
2026-02-20T15:15:00-05:00,107.27,107.39,107.2101,107.3517,58740.0
2026-02-20T15:20:00-05:00,107.3417,107.55,107.33,107.535,73327.0
2026-02-20T15:25:00-05:00,107.53,107.54,107.395,107.465,61201.0
2026-02-20T15:30:00-05:00,107.45,107.66,107.29,107.61,99959.0
2026-02-20T15:35:00-05:00,107.6089,107.9,107.6089,107.89,74074.0
2026-02-20T15:40:00-05:00,107.89,107.95,107.64,107.66,135205.0
2026-02-20T15:45:00-05:00,107.65,107.78,107.515,107.74,112448.0
2026-02-20T15:50:00-05:00,107.73,107.92,107.57,107.88,161428.0
2026-02-20T15:55:00-05:00,107.85,107.96,107.645,107.78,327665.0
2026-02-23T09:30:00-05:00,109.36,110.4188,108.91,110.14,383893.0
2026-02-23T09:35:00-05:00,110.089996,111.099998,110.0,110.98,139175.0
2026-02-23T09:40:00-05:00,110.94,110.94,110.25,110.82,130491.0
2026-02-23T09:45:00-05:00,110.8,111.39,110.77,111.14,108427.0
2026-02-23T09:50:00-05:00,111.14,111.5,110.7885,111.089996,70276.0
2026-02-23T09:55:00-05:00,110.95,111.2281,110.2458,110.54,69937.0
2026-02-23T10:00:00-05:00,110.61,110.967,110.1601,110.3,56188.0
2026-02-23T10:05:00-05:00,110.36,110.945,110.22,110.945,52905.0
2026-02-23T10:10:00-05:00,111.019997,111.28,110.64,111.15,41079.0
2026-02-23T10:15:00-05:00,111.165,111.165,110.45,110.62,45931.0
2026-02-23T10:20:00-05:00,110.63,110.96,110.44,110.49,41338.0
2026-02-23T10:25:00-05:00,110.49,110.5981,110.099998,110.099998,57168.0
2026-02-23T10:30:00-05:00,110.24,110.81,110.24,110.585,13712.0
2026-02-23T10:35:00-05:00,110.565,111.0,110.51,110.99,14999.0
2026-02-23T10:40:00-05:00,111.0,111.080002,110.61,110.82,35709.0
2026-02-23T10:45:00-05:00,110.73,110.75,110.32,110.375,73177.0
2026-02-23T10:50:00-05:00,110.41,110.51,109.63,109.63,27848.0
2026-02-23T10:55:00-05:00,109.64,109.64,109.13,109.22,83122.0
2026-02-23T11:00:00-05:00,109.18,109.29,108.6,108.72,37446.0
2026-02-23T11:05:00-05:00,108.7467,109.68,108.655,109.68,44492.0
2026-02-23T11:10:00-05:00,109.61,109.79,109.44,109.79,24465.0
2026-02-23T11:15:00-05:00,109.79,110.080002,109.5,110.080002,17736.0
2026-02-23T11:20:00-05:00,110.040001,110.2338,109.83,109.94,20462.0
2026-02-23T11:25:00-05:00,110.0,110.080002,109.64,109.725,22493.0
2026-02-23T11:30:00-05:00,109.65,109.89,109.5,109.775,13180.0
2026-02-23T11:35:00-05:00,109.7486,109.9789,109.69,109.84,9707.0
2026-02-23T11:40:00-05:00,109.93,109.93,109.42,109.445,20570.0
2026-02-23T11:45:00-05:00,109.41,109.49,109.24,109.4,27563.0
2026-02-23T11:50:00-05:00,109.39,109.74,109.39,109.535,21343.0
2026-02-23T11:55:00-05:00,109.525,109.59,109.010002,109.010002,36784.0
2026-02-23T12:00:00-05:00,109.0,109.21,108.92,109.17,40930.0
2026-02-23T12:05:00-05:00,109.14,109.35,109.050003,109.21,29164.0
2026-02-23T12:10:00-05:00,109.2076,109.26,109.019997,109.26,64924.0
2026-02-23T12:15:00-05:00,109.26,109.51,109.26,109.34,19606.0
2026-02-23T12:20:00-05:00,109.3,109.4302,109.3,109.41,12740.0
2026-02-23T12:25:00-05:00,109.43,109.57,109.43,109.46,13111.0
2026-02-23T12:30:00-05:00,109.47,109.535,109.16,109.16,15388.0
2026-02-23T12:35:00-05:00,109.16,109.17,108.75,108.91,74541.0
2026-02-23T12:40:00-05:00,108.91,109.42,108.91,109.265,122698.0
2026-02-23T12:45:00-05:00,109.26,109.47,108.86,108.86,83444.0
2026-02-23T12:50:00-05:00,108.9099,109.14,108.82,109.019997,18501.0
2026-02-23T12:55:00-05:00,109.11,109.24,108.93,109.025002,27061.0
2026-02-23T13:00:00-05:00,109.040001,109.21,109.019997,109.1099,65818.0
2026-02-23T13:05:00-05:00,109.099998,109.45,109.040001,109.43,83944.0
2026-02-23T13:10:00-05:00,109.45,109.675,109.345,109.52,43883.0
2026-02-23T13:15:00-05:00,109.52,109.92,109.51,109.72,37509.0
2026-02-23T13:20:00-05:00,109.75,109.97,109.75,109.91,23841.0
2026-02-23T13:25:00-05:00,109.91,109.94,109.64,109.925,44952.0
2026-02-23T13:30:00-05:00,109.92,110.059998,109.86,109.995,55445.0
2026-02-23T13:35:00-05:00,109.995,110.059998,109.895,109.97,35649.0
2026-02-23T13:40:00-05:00,109.96,110.07,109.945,110.0,31503.0
2026-02-23T13:45:00-05:00,110.0,110.21,109.96,110.074997,48917.0
2026-02-23T13:50:00-05:00,110.050003,110.0951,109.84,109.9,17840.0
2026-02-23T13:55:00-05:00,109.878,109.9,109.46,109.51,26742.0
2026-02-23T14:00:00-05:00,109.49,109.83,109.34,109.83,44205.0
2026-02-23T14:05:00-05:00,109.855,109.855,109.65,109.84,31330.0
2026-02-23T14:10:00-05:00,109.84,110.19,109.84,110.17,40605.0
2026-02-23T14:15:00-05:00,110.16,110.24,109.99,110.125,18951.0
2026-02-23T14:20:00-05:00,110.15,110.21,109.89,109.915,48723.0
2026-02-23T14:25:00-05:00,109.95,110.040001,109.73,109.86,41703.0
2026-02-23T14:30:00-05:00,109.88,110.14,109.85,110.14,17902.0
2026-02-23T14:35:00-05:00,110.13,110.16,109.98,110.07,37265.0
2026-02-23T14:40:00-05:00,110.055,110.07,109.79,109.98,53551.0
2026-02-23T14:45:00-05:00,109.99,110.010002,109.81,109.86,43571.0
2026-02-23T14:50:00-05:00,109.85,109.99,109.79,109.99,18555.0
2026-02-23T14:55:00-05:00,109.97,110.14,109.785,109.82,49286.0
2026-02-23T15:00:00-05:00,109.8,110.15,109.71,110.14,46104.0
2026-02-23T15:05:00-05:00,110.14,110.2,110.080002,110.14,129705.0
2026-02-23T15:10:00-05:00,110.16,110.18,109.9,109.92,64998.0
2026-02-23T15:15:00-05:00,109.91,109.98,109.86,109.91,32388.0
2026-02-23T15:20:00-05:00,109.88,110.14,109.88,110.12,37203.0
2026-02-23T15:25:00-05:00,110.14,110.23,110.010002,110.11,45160.0
2026-02-23T15:30:00-05:00,110.089996,110.4399,109.95,110.34,52191.0
2026-02-23T15:35:00-05:00,110.33,110.425,110.2228,110.255,29501.0
2026-02-23T15:40:00-05:00,110.285,110.285,109.93,109.945,45030.0
2026-02-23T15:45:00-05:00,109.945,110.22,109.8,110.21,69294.0
2026-02-23T15:50:00-05:00,110.22,110.25,110.099998,110.19,91113.0
2026-02-23T15:55:00-05:00,110.18,110.26,109.97,110.17,200334.0
2026-02-24T09:30:00-05:00,107.5,108.38,107.19,107.19,175185.0
2026-02-24T09:35:00-05:00,107.12,109.13,106.86,109.029999,57425.0
2026-02-24T09:40:00-05:00,109.040001,109.1999,108.59,109.014999,39436.0
2026-02-24T09:45:00-05:00,108.99,109.2,107.9201,108.17,37187.0
2026-02-24T09:50:00-05:00,108.21,108.62,107.955,108.42,21981.0
2026-02-24T09:55:00-05:00,108.43,108.59,108.25,108.4,34997.0
2026-02-24T10:00:00-05:00,108.41,108.77,108.32,108.7074,42783.0
2026-02-24T10:05:00-05:00,108.78,109.45,108.735,109.27,16338.0
2026-02-24T10:10:00-05:00,109.13,109.49,108.99,109.38,16050.0
2026-02-24T10:15:00-05:00,109.39,109.8647,109.34,109.8647,9276.0
2026-02-24T10:20:00-05:00,109.79,110.13,109.6971,110.12,11554.0
2026-02-24T10:25:00-05:00,110.040001,110.1215,109.88,109.98,14658.0
2026-02-24T10:30:00-05:00,110.019997,110.2699,109.91,110.2,25830.0
2026-02-24T10:35:00-05:00,110.13,110.47,110.029999,110.4199,34477.0
2026-02-24T10:40:00-05:00,110.37,110.53,110.099998,110.3,107593.0
2026-02-24T10:45:00-05:00,110.33,110.63,110.22,110.3101,36703.0
2026-02-24T10:50:00-05:00,110.355,110.355,109.9,109.91,23418.0
2026-02-24T10:55:00-05:00,109.9642,110.23,109.88,110.18,9423.0
2026-02-24T11:00:00-05:00,110.23,110.4,110.16,110.3854,8135.0
2026-02-24T11:05:00-05:00,110.32,110.34,109.951,110.25,7407.0
2026-02-24T11:10:00-05:00,110.24,110.49,110.1993,110.29,56725.0
2026-02-24T11:15:00-05:00,110.33,110.47,110.22,110.3405,14034.0
2026-02-24T11:20:00-05:00,110.24,110.25,110.040001,110.12,27225.0
2026-02-24T11:25:00-05:00,110.165,110.4199,110.165,110.4,15350.0
2026-02-24T11:30:00-05:00,110.35,110.35,109.97,110.040001,15642.0
2026-02-24T11:35:00-05:00,110.12,110.48,110.059998,110.43,14417.0
2026-02-24T11:40:00-05:00,110.41,110.6,110.39,110.6,12392.0
2026-02-24T11:45:00-05:00,110.59,110.59,110.27,110.27,7029.0
2026-02-24T11:50:00-05:00,110.245,110.275,109.97,110.235,9112.0
2026-02-24T11:55:00-05:00,110.1551,110.36,110.080002,110.27,10878.0
2026-02-24T12:00:00-05:00,110.42,110.6642,110.38,110.61,11812.0
2026-02-24T12:05:00-05:00,110.62,110.7283,110.445,110.51,5052.0
2026-02-24T12:10:00-05:00,110.58,110.7599,110.571,110.571,6083.0
2026-02-24T12:15:00-05:00,110.57,110.75,110.565,110.74,7497.0
2026-02-24T12:20:00-05:00,110.8399,110.84,110.7,110.79,6092.0
2026-02-24T12:25:00-05:00,110.67,110.7422,110.62,110.675,5024.0
2026-02-24T12:30:00-05:00,110.75,110.8867,110.74,110.86,4360.0
2026-02-24T12:35:00-05:00,110.865,110.9,110.796,110.9,6206.0
2026-02-24T12:40:00-05:00,110.875,110.97,110.8,110.9,9129.0
2026-02-24T12:45:00-05:00,110.85,110.94,110.8,110.855,9772.0
2026-02-24T12:50:00-05:00,110.86,110.9097,110.8,110.8,2375.0
2026-02-24T12:55:00-05:00,110.82,110.926,110.79,110.9,6253.0
2026-02-24T13:00:00-05:00,110.92,111.080002,110.9,111.059998,19867.0
2026-02-24T13:05:00-05:00,111.025002,111.165,111.010002,111.14,10783.0
2026-02-24T13:10:00-05:00,111.18,111.18,111.050003,111.050003,7725.0
2026-02-24T13:15:00-05:00,111.084999,111.16,110.96,110.96,12836.0
2026-02-24T13:20:00-05:00,110.95,111.025002,110.8,110.8302,13657.0
2026-02-24T13:25:00-05:00,110.825,110.88,110.7443,110.79,5250.0
2026-02-24T13:30:00-05:00,110.8887,110.94,110.77,110.77,4626.0
2026-02-24T13:35:00-05:00,110.75,110.86,110.62,110.835,6068.0
2026-02-24T13:40:00-05:00,110.81,110.865,110.74,110.84,32584.0
2026-02-24T13:45:00-05:00,110.8324,110.89,110.73,110.82,13207.0
2026-02-24T13:50:00-05:00,110.89,110.97,110.76,110.97,9113.0
2026-02-24T13:55:00-05:00,110.95,111.050003,110.94,111.050003,3745.0
2026-02-24T14:00:00-05:00,111.059998,111.2999,111.029999,111.23,48501.0
2026-02-24T14:05:00-05:00,111.2449,111.45,111.24,111.28,12229.0
2026-02-24T14:10:00-05:00,111.27,111.44,111.2001,111.41,5596.0
2026-02-24T14:15:00-05:00,111.43,111.46,111.15,111.15,12068.0
2026-02-24T14:20:00-05:00,111.27,111.32,111.1935,111.29,5209.0
2026-02-24T14:25:00-05:00,111.3,111.55,111.3,111.47,13167.0
2026-02-24T14:30:00-05:00,111.46,111.57,111.42,111.55,9473.0
2026-02-24T14:35:00-05:00,111.53,111.67,111.42,111.648,10004.0
2026-02-24T14:40:00-05:00,111.645,111.7655,111.63,111.71,7804.0
2026-02-24T14:45:00-05:00,111.7337,111.77,111.6,111.77,12642.0
2026-02-24T14:50:00-05:00,111.71,111.84,111.52,111.61,27029.0
2026-02-24T14:55:00-05:00,111.62,111.73,111.52,111.53,14026.0
2026-02-24T15:00:00-05:00,111.53,111.74,111.51,111.66,20286.0
2026-02-24T15:05:00-05:00,111.69,111.73,111.56,111.57,25101.0
2026-02-24T15:10:00-05:00,111.55,111.62,111.5,111.57,11994.0
2026-02-24T15:15:00-05:00,111.57,111.9438,111.53,111.93,16568.0
2026-02-24T15:20:00-05:00,111.96,112.1608,111.96,112.14,22945.0
2026-02-24T15:25:00-05:00,112.2024,112.278,112.11,112.23,11873.0
2026-02-24T15:30:00-05:00,112.27,112.49,112.21,112.43,24273.0
2026-02-24T15:35:00-05:00,112.42,112.51,112.42,112.48,16455.0
2026-02-24T15:40:00-05:00,112.49,112.5,112.39,112.43,26614.0
2026-02-24T15:45:00-05:00,112.41,112.41,112.059998,112.080002,43270.0
2026-02-24T15:50:00-05:00,112.099998,112.16,111.64,111.705,48689.0
2026-02-24T15:55:00-05:00,111.7,111.8199,111.41,111.68,69925.0
2026-02-25T09:30:00-05:00,114.5,114.7833,113.215,113.39,315564.0
2026-02-25T09:35:00-05:00,113.57,113.59,112.78,112.87,57140.0
2026-02-25T09:40:00-05:00,112.9,113.47,112.79,113.44,34915.0
2026-02-25T09:45:00-05:00,113.53,113.945,113.29,113.9,31668.0
2026-02-25T09:50:00-05:00,113.83,114.28,113.74,114.019997,29338.0
2026-02-25T09:55:00-05:00,113.945,114.23,113.69,113.84,28297.0
2026-02-25T10:00:00-05:00,113.83,114.010002,113.67,113.88,14206.0
2026-02-25T10:05:00-05:00,113.93,114.17,113.61,113.72,19656.0
2026-02-25T10:10:00-05:00,113.73,113.8,113.33,113.33,23965.0
2026-02-25T10:15:00-05:00,113.44,113.54,113.32,113.5,16181.0
2026-02-25T10:20:00-05:00,113.5199,113.8,113.2,113.37,23163.0
2026-02-25T10:25:00-05:00,113.37,113.51,113.059998,113.3982,62345.0
2026-02-25T10:30:00-05:00,113.36,113.51,113.115,113.5,27014.0
2026-02-25T10:35:00-05:00,113.54,113.83,113.54,113.665,22688.0
2026-02-25T10:40:00-05:00,113.71,113.79,113.51,113.66,10926.0
2026-02-25T10:45:00-05:00,113.59,113.75,113.4,113.67,16848.0
2026-02-25T10:50:00-05:00,113.71,113.94,113.535,113.91,52132.0
2026-02-25T10:55:00-05:00,113.91,114.28,113.88,114.044998,21483.0
2026-02-25T11:00:00-05:00,114.089996,114.31,114.040001,114.25,82727.0
2026-02-25T11:05:00-05:00,114.21,114.29,113.93,114.07,28142.0
2026-02-25T11:10:00-05:00,114.055,114.49,114.055,114.4,19572.0
2026-02-25T11:15:00-05:00,114.37,114.54,114.35,114.42,19625.0
2026-02-25T11:20:00-05:00,114.46,114.6799,114.46,114.552,29050.0
2026-02-25T11:25:00-05:00,114.61,114.66,114.4261,114.455,22542.0
2026-02-25T11:30:00-05:00,114.5,114.68,114.32,114.6462,26297.0
2026-02-25T11:35:00-05:00,114.67,114.67,114.48,114.615,17546.0
2026-02-25T11:40:00-05:00,114.5975,114.7999,114.59,114.61,21080.0
2026-02-25T11:45:00-05:00,114.59,114.85,114.59,114.69,24861.0
2026-02-25T11:50:00-05:00,114.71,114.9,114.68,114.8399,21415.0
2026-02-25T11:55:00-05:00,114.8,114.88,114.76,114.88,25951.0
2026-02-25T12:00:00-05:00,114.87,114.88,114.74,114.77,20597.0
2026-02-25T12:05:00-05:00,114.76,114.94,114.72,114.885,23157.0
2026-02-25T12:10:00-05:00,114.9,115.019997,114.85,114.9,39314.0
2026-02-25T12:15:00-05:00,114.91,114.93,114.76,114.865,19852.0
2026-02-25T12:20:00-05:00,114.885,114.9491,114.815,114.92,11715.0
2026-02-25T12:25:00-05:00,114.94,114.98,114.85,114.87,33144.0
2026-02-25T12:30:00-05:00,114.85,114.89,114.65,114.73,9179.0
2026-02-25T12:35:00-05:00,114.74,114.82,114.66,114.8,11758.0
2026-02-25T12:40:00-05:00,114.81,114.81,114.6501,114.75,14699.0
2026-02-25T12:45:00-05:00,114.74,114.815,114.71,114.77,15030.0
2026-02-25T12:50:00-05:00,114.75,114.89,114.74,114.74,10641.0
2026-02-25T12:55:00-05:00,114.7785,114.8486,114.63,114.74,29016.0
2026-02-25T13:00:00-05:00,114.76,114.88,114.7,114.79,40812.0
2026-02-25T13:05:00-05:00,114.7789,114.83,114.74,114.79,15948.0
2026-02-25T13:10:00-05:00,114.78,114.82,114.555,114.57,32644.0
2026-02-25T13:15:00-05:00,114.57,114.67,114.46,114.66,24753.0
2026-02-25T13:20:00-05:00,114.65,114.7099,114.51,114.545,28434.0
2026-02-25T13:25:00-05:00,114.55,114.75,114.52,114.75,21815.0
2026-02-25T13:30:00-05:00,114.76,114.9,114.7,114.84,24638.0
2026-02-25T13:35:00-05:00,114.85,114.85,114.69,114.7,13027.0
2026-02-25T13:40:00-05:00,114.7,114.71,114.58,114.65,28677.0
2026-02-25T13:45:00-05:00,114.65,114.74,114.46,114.48,103692.0
2026-02-25T13:50:00-05:00,114.47,114.56,114.45,114.56,96632.0
2026-02-25T13:55:00-05:00,114.5507,114.63,114.41,114.53,99711.0
2026-02-25T14:00:00-05:00,114.53,114.62,114.44,114.51,141621.0
2026-02-25T14:05:00-05:00,114.52,114.57,114.395,114.395,58873.0
2026-02-25T14:10:00-05:00,114.37,114.55,114.27,114.55,18030.0
2026-02-25T14:15:00-05:00,114.555,114.69,114.555,114.66,13079.0
2026-02-25T14:20:00-05:00,114.6795,114.6795,114.404,114.55,12129.0
2026-02-25T14:25:00-05:00,114.53,114.53,114.33,114.36,18030.0
2026-02-25T14:30:00-05:00,114.39,114.6,114.32,114.6,16544.0
2026-02-25T14:35:00-05:00,114.59,114.78,114.54,114.75,26764.0
2026-02-25T14:40:00-05:00,114.71,114.8,114.71,114.8,16321.0
2026-02-25T14:45:00-05:00,114.81,114.83,114.63,114.763,24652.0
2026-02-25T14:50:00-05:00,114.77,114.86,114.67,114.68,22663.0
2026-02-25T14:55:00-05:00,114.69,114.69,114.4801,114.6,37995.0
2026-02-25T15:00:00-05:00,114.61,114.66,114.33,114.33,32340.0
2026-02-25T15:05:00-05:00,114.33,114.36,114.15,114.32,19571.0
2026-02-25T15:10:00-05:00,114.32,114.52,114.29,114.29,21270.0
2026-02-25T15:15:00-05:00,114.27,114.29,113.97,114.14,41071.0
2026-02-25T15:20:00-05:00,114.14,114.14,113.8801,113.99,14746.0
2026-02-25T15:25:00-05:00,114.010002,114.17,113.68,113.68,32710.0
2026-02-25T15:30:00-05:00,113.66,113.86,113.62,113.78,36532.0
2026-02-25T15:35:00-05:00,113.76,113.8,113.53,113.61,26431.0
2026-02-25T15:40:00-05:00,113.58,113.58,113.4401,113.56,32630.0
2026-02-25T15:45:00-05:00,113.55,113.55,113.3,113.32,55100.0
2026-02-25T15:50:00-05:00,113.34,113.4,112.94,113.2,134016.0
2026-02-25T15:55:00-05:00,113.185,113.315,113.12,113.15,324734.0
2026-02-26T09:30:00-05:00,111.13,111.76,110.46,111.53,174655.0
2026-02-26T09:35:00-05:00,111.56,112.32,111.47,112.080002,44531.0
2026-02-26T09:40:00-05:00,112.0,112.17,111.5,112.014999,42213.0
2026-02-26T09:45:00-05:00,111.98,112.435,111.79,112.4,35242.0
2026-02-26T09:50:00-05:00,112.42,112.7,112.3301,112.54,42867.0
2026-02-26T09:55:00-05:00,112.56,112.66,111.755,112.0049973,66164.0
2026-02-26T10:00:00-05:00,111.89,112.22,111.32,112.13,25114.0
2026-02-26T10:05:00-05:00,112.12,112.28,111.95,112.28,47589.0
2026-02-26T10:10:00-05:00,112.31,112.41,111.86,111.97,45191.0
2026-02-26T10:15:00-05:00,111.96,111.99,111.425,111.85,62258.0
2026-02-26T10:20:00-05:00,111.95,112.14,111.63,111.85,48954.0
2026-02-26T10:25:00-05:00,111.87,112.17,111.029999,111.43,53099.0
2026-02-26T10:30:00-05:00,111.33,111.865,111.33,111.68,31785.0
2026-02-26T10:35:00-05:00,111.74,112.28,111.72,112.28,13475.0
2026-02-26T10:40:00-05:00,112.24,112.585,112.14,112.5,28280.0
2026-02-26T10:45:00-05:00,112.62,113.17,112.475,113.059998,25127.0
2026-02-26T10:50:00-05:00,113.059998,113.73,113.059998,113.56,123289.0
2026-02-26T10:55:00-05:00,113.5602,113.78,113.42,113.65,45772.0
2026-02-26T11:00:00-05:00,113.68,113.85,113.43,113.555,30364.0
2026-02-26T11:05:00-05:00,113.53,113.74,113.46,113.68,16708.0
2026-02-26T11:10:00-05:00,113.67,113.83,113.5,113.59,22027.0
2026-02-26T11:15:00-05:00,113.62,113.8,113.455,113.655,25609.0
2026-02-26T11:20:00-05:00,113.645,113.8,113.47,113.577,14980.0
2026-02-26T11:25:00-05:00,113.5,113.9499,113.475,113.93,18124.0
2026-02-26T11:30:00-05:00,113.94,114.2184,113.92,114.14,27779.0
2026-02-26T11:35:00-05:00,114.14,114.16,113.8,113.87,13337.0
2026-02-26T11:40:00-05:00,113.87,114.010002,113.765,113.7977,9657.0
2026-02-26T11:45:00-05:00,113.78,113.82,113.535,113.76,13461.0
2026-02-26T11:50:00-05:00,113.7377,113.805,113.46,113.46,9462.0
2026-02-26T11:55:00-05:00,113.44,113.46,113.26,113.38,11664.0
2026-02-26T12:00:00-05:00,113.4,113.8156,113.4,113.76,18584.0
2026-02-26T12:05:00-05:00,113.72,113.81,113.66,113.66,10222.0
2026-02-26T12:10:00-05:00,113.68,113.85,113.68,113.7,23847.0
2026-02-26T12:15:00-05:00,113.63,113.68,113.3,113.325,6400.0
2026-02-26T12:20:00-05:00,113.3,113.38,113.18,113.305,10292.0
2026-02-26T12:25:00-05:00,113.29,113.33,113.050003,113.15,15069.0
2026-02-26T12:30:00-05:00,113.12,113.54,113.089996,113.51,23853.0
2026-02-26T12:35:00-05:00,113.515,113.63,113.44,113.6,40779.0
2026-02-26T12:40:00-05:00,113.61,113.71,113.56,113.63,32987.0
2026-02-26T12:45:00-05:00,113.61,113.63,113.050003,113.080002,28424.0
2026-02-26T12:50:00-05:00,113.07,113.34,113.050003,113.24,31642.0
2026-02-26T12:55:00-05:00,113.2,113.3,113.11,113.27,26069.0
2026-02-26T13:00:00-05:00,113.28,113.37,113.18,113.23,27225.0
2026-02-26T13:05:00-05:00,113.22,113.3,112.9201,113.16,38695.0
2026-02-26T13:10:00-05:00,113.18,113.27,112.9,112.9901,55171.0
2026-02-26T13:15:00-05:00,112.97,112.97,112.77,112.88,66736.0
2026-02-26T13:20:00-05:00,112.87,113.14,112.86,113.13,62777.0
2026-02-26T13:25:00-05:00,113.14,113.3,113.099998,113.29,30385.0
2026-02-26T13:30:00-05:00,113.3,113.75,113.22,113.7,51717.0
2026-02-26T13:35:00-05:00,113.66,114.13,113.6,114.13,36934.0
2026-02-26T13:40:00-05:00,114.105,114.22,114.080002,114.15,40901.0
2026-02-26T13:45:00-05:00,114.2,114.31,113.91,114.07,38702.0
2026-02-26T13:50:00-05:00,114.080002,114.35,114.080002,114.18,45772.0
2026-02-26T13:55:00-05:00,114.22,114.22,113.98,114.089996,47878.0
2026-02-26T14:00:00-05:00,114.080002,114.49,114.040001,114.43,44767.0
2026-02-26T14:05:00-05:00,114.415,114.75,114.415,114.72,44770.0
2026-02-26T14:10:00-05:00,114.7,114.87,114.65,114.79,68222.0
2026-02-26T14:15:00-05:00,114.805,114.81,114.58,114.685,46855.0
2026-02-26T14:20:00-05:00,114.685,114.85,114.65,114.84,44779.0
2026-02-26T14:25:00-05:00,114.86,114.875,114.65,114.7,47509.0
2026-02-26T14:30:00-05:00,114.72,115.13,114.56,115.13,46702.0
2026-02-26T14:35:00-05:00,115.13,115.18,114.83,114.89,44880.0
2026-02-26T14:40:00-05:00,114.84,115.24,114.83,115.23,47178.0
2026-02-26T14:45:00-05:00,115.24,115.61,115.22,115.59,30047.0
2026-02-26T14:50:00-05:00,115.56,115.56,115.379,115.495,43434.0
2026-02-26T14:55:00-05:00,115.49,115.64,115.36,115.37,54455.0
2026-02-26T15:00:00-05:00,115.36,115.71,115.34,115.69,53721.0
2026-02-26T15:05:00-05:00,115.68,115.84,115.61,115.8,50564.0
2026-02-26T15:10:00-05:00,115.79,116.07,115.51,115.995,130912.0
2026-02-26T15:15:00-05:00,116.0,116.2,115.922,116.19,44810.0
2026-02-26T15:20:00-05:00,116.19,116.32,116.040001,116.32,65227.0
2026-02-26T15:25:00-05:00,116.31,116.38,116.050003,116.11,55054.0
2026-02-26T15:30:00-05:00,116.12,116.3,115.96,116.25,46938.0
2026-02-26T15:35:00-05:00,116.27,116.5663,116.27,116.54,46746.0
2026-02-26T15:40:00-05:00,116.54,116.57,116.45,116.5,67790.0
2026-02-26T15:45:00-05:00,116.54,116.64,116.47,116.595,74433.0
2026-02-26T15:50:00-05:00,116.61,116.64,116.29,116.3674,137020.0
2026-02-26T15:55:00-05:00,116.36,116.83,116.36,116.505,302260.0
2026-02-27T09:30:00-05:00,118.050003,118.4,117.080002,117.080002,453767.0
2026-02-27T09:35:00-05:00,117.14,118.050003,117.051003,117.36,181412.0
2026-02-27T09:40:00-05:00,117.39,117.455,116.98,117.3,219454.0
2026-02-27T09:45:00-05:00,117.325,117.55,116.71,117.5,57399.0
2026-02-27T09:50:00-05:00,117.6895,118.35,117.6389,117.8,80163.0
2026-02-27T09:55:00-05:00,117.89,117.89,117.2016,117.34,22079.0
2026-02-27T10:00:00-05:00,117.46,117.6,117.15,117.41,28155.0
2026-02-27T10:05:00-05:00,117.27,117.78,117.23,117.5292,280076.0
2026-02-27T10:10:00-05:00,117.505,117.76,117.47,117.47,260337.0
2026-02-27T10:15:00-05:00,117.48,117.55,116.98,117.3082,31678.0
2026-02-27T10:20:00-05:00,117.36,117.53,117.3,117.42,17574.0
2026-02-27T10:25:00-05:00,117.41,117.61,117.010002,117.5887,21582.0
2026-02-27T10:30:00-05:00,117.59,117.74,117.37,117.37,75315.0
2026-02-27T10:35:00-05:00,117.39,117.9,117.25,117.7056,16427.0
2026-02-27T10:40:00-05:00,117.75,118.14,117.67,117.98,32593.0
2026-02-27T10:45:00-05:00,117.995,117.995,117.3101,117.3796,422698.0
2026-02-27T10:50:00-05:00,117.38,117.61,117.17,117.325,52642.0
2026-02-27T10:55:00-05:00,117.356,117.6275,117.28,117.36,97131.0
2026-02-27T11:00:00-05:00,117.28,117.425,117.029999,117.4,27694.0
2026-02-27T11:05:00-05:00,117.425,117.68,117.36,117.61,48054.0
2026-02-27T11:10:00-05:00,117.61,117.8691,117.53,117.71,69583.0
2026-02-27T11:15:00-05:00,117.69,117.84,117.49,117.49,25318.0
2026-02-27T11:20:00-05:00,117.505,117.505,116.96,117.029999,26515.0
2026-02-27T11:25:00-05:00,117.039703,117.34,116.99,117.13,33068.0
2026-02-27T11:30:00-05:00,117.135,117.32,116.78,116.9,10564.0
2026-02-27T11:35:00-05:00,116.99,117.15,116.75,117.025002,17859.0
2026-02-27T11:40:00-05:00,116.93,117.040001,116.72,116.7563,8294.0
2026-02-27T11:45:00-05:00,116.7,116.77,116.4401,116.577,29932.0
2026-02-27T11:50:00-05:00,116.5001,116.89,116.5001,116.64,15944.0
2026-02-27T11:55:00-05:00,116.7,116.89,116.6029,116.68,15877.0
2026-02-27T12:00:00-05:00,116.73,117.080002,116.6901,116.985,25868.0
2026-02-27T12:05:00-05:00,116.95,117.099998,116.85,117.099998,11776.0
2026-02-27T12:10:00-05:00,117.0,117.4,117.0,117.16,15305.0
2026-02-27T12:15:00-05:00,117.17,117.17,116.71,116.7771,10283.0
2026-02-27T12:20:00-05:00,116.71,116.71,116.35,116.48,27848.0
2026-02-27T12:25:00-05:00,116.41,116.7999,116.41,116.7,9506.0
2026-02-27T12:30:00-05:00,116.66,116.99,116.445,116.99,21256.0
2026-02-27T12:35:00-05:00,117.050003,117.15,116.94,117.11,25254.0
2026-02-27T12:40:00-05:00,117.084999,117.36,117.010002,117.34,18503.0
2026-02-27T12:45:00-05:00,117.29,117.6,117.245,117.51,22337.0
2026-02-27T12:50:00-05:00,117.555,117.555,117.19,117.355,33365.0
2026-02-27T12:55:00-05:00,117.33,117.39,117.11,117.185,21607.0
2026-02-27T13:00:00-05:00,117.15,117.31,117.12,117.135,34442.0
2026-02-27T13:05:00-05:00,117.059998,117.21,117.010002,117.145,14003.0
2026-02-27T13:10:00-05:00,117.18,117.225,117.13,117.15,34291.0
2026-02-27T13:15:00-05:00,117.12,117.21,117.050003,117.050003,25238.0
2026-02-27T13:20:00-05:00,117.0083008,117.089996,116.59,116.605,19745.0
2026-02-27T13:25:00-05:00,116.6441,116.76,116.35,116.76,34791.0
2026-02-27T13:30:00-05:00,116.705,116.98,116.65,116.705,41814.0
2026-02-27T13:35:00-05:00,116.69,116.78,116.45,116.6,10300.0
2026-02-27T13:40:00-05:00,116.67,117.040001,116.67,117.019997,26279.0
2026-02-27T13:45:00-05:00,117.0,117.084999,116.855,117.029999,11400.0
2026-02-27T13:50:00-05:00,117.029999,117.21,116.84,117.19,17554.0
2026-02-27T13:55:00-05:00,117.21,117.23,117.07,117.135,66973.0
2026-02-27T14:00:00-05:00,117.13,117.26,117.13,117.21,138089.0
2026-02-27T14:05:00-05:00,117.21,117.41,116.96,117.019997,19370.0
2026-02-27T14:10:00-05:00,116.96,117.23,116.77,117.19,21659.0
2026-02-27T14:15:00-05:00,117.18,117.47,117.16,117.43,17719.0
2026-02-27T14:20:00-05:00,117.43,117.44,117.040001,117.040001,22738.0
2026-02-27T14:25:00-05:00,117.050003,117.15,116.88,117.0,23103.0
2026-02-27T14:30:00-05:00,116.97,117.25,116.93,117.21,29758.0
2026-02-27T14:35:00-05:00,117.23,117.42,117.2,117.2,12375.0
2026-02-27T14:40:00-05:00,117.17,117.18,116.96,117.029999,10264.0
2026-02-27T14:45:00-05:00,117.010002,117.15,117.010002,117.089996,20351.0
2026-02-27T14:50:00-05:00,117.086197,117.18,117.029999,117.13,21172.0
2026-02-27T14:55:00-05:00,117.07,117.23,116.94,116.96,25625.0
2026-02-27T15:00:00-05:00,116.94,117.39,116.94,117.255,58660.0
2026-02-27T15:05:00-05:00,117.25,117.52,117.25,117.45,36526.0
2026-02-27T15:10:00-05:00,117.47,117.68,117.45,117.65,45121.0
2026-02-27T15:15:00-05:00,117.66,117.96,117.66,117.92,29951.0
2026-02-27T15:20:00-05:00,117.91,118.105,117.905,118.105,38917.0
2026-02-27T15:25:00-05:00,118.080002,118.099998,117.89,117.92,35323.0
2026-02-27T15:30:00-05:00,117.88,118.13,117.87,118.125,54193.0
2026-02-27T15:35:00-05:00,118.12,118.16,118.040001,118.14,78805.0
2026-02-27T15:40:00-05:00,118.15,118.37,118.15,118.3,193180.0
2026-02-27T15:45:00-05:00,118.3,118.435,118.235,118.31,119622.0
2026-02-27T15:50:00-05:00,118.3,118.33,118.029999,118.080002,107452.0
2026-02-27T15:55:00-05:00,118.080002,118.24,118.019997,118.18,277988.0
2026-03-02T09:30:00-05:00,118.010002,118.010002,115.23,115.52,718924.0
2026-03-02T09:35:00-05:00,115.51,118.099998,115.42,117.71,430221.0
2026-03-02T09:40:00-05:00,117.69,118.845,117.010002,117.2,238539.0
2026-03-02T09:45:00-05:00,117.205,117.8,116.64,117.071999,84999.0
2026-03-02T09:50:00-05:00,117.0,117.0,116.202,116.65,122898.0
2026-03-02T09:55:00-05:00,116.66,116.665,115.6,116.019997,87780.0
2026-03-02T10:00:00-05:00,115.905,116.725,115.58,115.91,66673.0
2026-03-02T10:05:00-05:00,115.94,117.0,115.62,116.5425,48035.0
2026-03-02T10:10:00-05:00,116.545,117.15,116.41,117.15,61804.0
2026-03-02T10:15:00-05:00,117.010002,117.050003,115.93,116.2401,161815.0
2026-03-02T10:20:00-05:00,116.34,116.73,116.050003,116.4,33767.0
2026-03-02T10:25:00-05:00,116.42,117.080002,116.4025,116.76,22705.0
2026-03-02T10:30:00-05:00,116.69,117.14,116.52,116.57,19280.0
2026-03-02T10:35:00-05:00,116.65,116.8537,116.080002,116.8537,34367.0
2026-03-02T10:40:00-05:00,116.73,116.75,116.080002,116.29,36619.0
2026-03-02T10:45:00-05:00,116.35,116.577,115.6,116.3,29107.0
2026-03-02T10:50:00-05:00,116.36,116.505,115.76,116.055,27619.0
2026-03-02T10:55:00-05:00,115.8,115.95,114.3501,114.57,67855.0
2026-03-02T11:00:00-05:00,114.45,114.45,113.2,113.39,77007.0
2026-03-02T11:05:00-05:00,113.4,114.76,113.4,114.545,41216.0
2026-03-02T11:10:00-05:00,114.67,115.37,114.48,115.295,44363.0
2026-03-02T11:15:00-05:00,115.2,115.23,114.6,114.6,24559.0
2026-03-02T11:20:00-05:00,114.65,115.48,114.65,115.37,19696.0
2026-03-02T11:25:00-05:00,115.29,115.38,114.94,115.29,26891.0
2026-03-02T11:30:00-05:00,115.34,115.38,114.62,114.785,28206.0
2026-03-02T11:35:00-05:00,114.83,115.5399,114.63,115.5399,33054.0
2026-03-02T11:40:00-05:00,115.39,115.78,115.18,115.37,34023.0
2026-03-02T11:45:00-05:00,115.29,115.65,115.089996,115.545,26051.0
2026-03-02T11:50:00-05:00,115.58,115.7,115.065002,115.15,44227.0
2026-03-02T11:55:00-05:00,115.040001,115.17,114.4241,114.49,38571.0
2026-03-02T12:00:00-05:00,114.43,114.9,114.36,114.73,28331.0
2026-03-02T12:05:00-05:00,114.79,114.95,114.41,114.61,21253.0
2026-03-02T12:10:00-05:00,114.54,114.54,114.15,114.38,34457.0
2026-03-02T12:15:00-05:00,114.3701,114.47,114.029999,114.29,46919.0
2026-03-02T12:20:00-05:00,114.26,114.42,113.95,114.27,29441.0
2026-03-02T12:25:00-05:00,114.29,114.63,114.29,114.4345,16270.0
2026-03-02T12:30:00-05:00,114.41,114.79,114.4,114.66,17661.0
2026-03-02T12:35:00-05:00,114.63,114.74,114.42,114.55,18017.0
2026-03-02T12:40:00-05:00,114.4701,114.6399,114.44,114.57,18036.0
2026-03-02T12:45:00-05:00,114.59,114.64,114.3,114.41,23528.0
2026-03-02T12:50:00-05:00,114.45,114.79,114.3,114.63,19465.0
2026-03-02T12:55:00-05:00,114.67,114.9,114.66,114.775,11532.0
2026-03-02T13:00:00-05:00,114.73,114.755,114.39,114.49,24127.0
2026-03-02T13:05:00-05:00,114.53,114.54,114.13,114.25,22334.0
2026-03-02T13:10:00-05:00,114.29,114.4,114.11,114.32,12458.0
2026-03-02T13:15:00-05:00,114.32,114.78,114.28,114.69,15185.0
2026-03-02T13:20:00-05:00,114.72,114.87,114.34,114.34,13605.0
2026-03-02T13:25:00-05:00,114.36,114.64,114.36,114.5866,16465.0
2026-03-02T13:30:00-05:00,114.6156,114.735,114.37,114.7,17024.0
2026-03-02T13:35:00-05:00,114.7,114.74,114.54,114.74,17074.0
2026-03-02T13:40:00-05:00,114.75,115.091904,114.75,115.059998,15919.0
2026-03-02T13:45:00-05:00,115.089996,115.23,114.83,115.18,18146.0
2026-03-02T13:50:00-05:00,115.26,115.26,114.9,115.19,22959.0
2026-03-02T13:55:00-05:00,115.14,115.17,114.95,115.1425,15093.0
2026-03-02T14:00:00-05:00,115.11,115.42,115.059998,115.26,32283.0
2026-03-02T14:05:00-05:00,115.25,115.54,115.13,115.52,21851.0
2026-03-02T14:10:00-05:00,115.525,115.7,115.45,115.62,19386.0
2026-03-02T14:15:00-05:00,115.64,115.73,115.4,115.61,19497.0
2026-03-02T14:20:00-05:00,115.57,115.86,115.57,115.83,21660.0
2026-03-02T14:25:00-05:00,115.82,116.27,115.82,116.2671,16907.0
2026-03-02T14:30:00-05:00,116.18,116.52,116.15,116.52,25279.0
2026-03-02T14:35:00-05:00,116.49,116.58,116.35,116.52,30428.0
2026-03-02T14:40:00-05:00,116.55,116.6,116.33,116.37,28605.0
2026-03-02T14:45:00-05:00,116.36,116.61,116.29,116.56,36278.0
2026-03-02T14:50:00-05:00,116.51,116.6905,116.35,116.59,38211.0
2026-03-02T14:55:00-05:00,116.58,116.9,116.52,116.63,42713.0
2026-03-02T15:00:00-05:00,116.61,116.84,116.42,116.82,57448.0
2026-03-02T15:05:00-05:00,116.83,117.089996,116.83,116.84,31835.0
2026-03-02T15:10:00-05:00,116.82,116.85,116.61,116.61,90412.0
2026-03-02T15:15:00-05:00,116.59,116.9,116.5,116.5,19618.0
2026-03-02T15:20:00-05:00,116.585,116.61,116.16,116.51,27237.0
2026-03-02T15:25:00-05:00,116.43,116.46,116.21,116.25,22167.0
2026-03-02T15:30:00-05:00,116.3,116.595,116.27,116.595,32626.0
2026-03-02T15:35:00-05:00,116.68,116.91,116.57,116.79,27987.0
2026-03-02T15:40:00-05:00,116.815,116.94,116.74,116.81,51954.0
2026-03-02T15:45:00-05:00,116.78,116.88,116.65,116.7,51160.0
2026-03-02T15:50:00-05:00,116.735,116.78,116.45,116.7,74092.0
2026-03-02T15:55:00-05:00,116.72,116.97,116.7,116.88,149823.0
2026-03-03T09:30:00-05:00,108.089996,108.47,105.61,106.014999,688682.0
2026-03-03T09:35:00-05:00,106.2,107.33,105.3,106.86,140864.0
2026-03-03T09:40:00-05:00,106.88,106.96,104.31,104.37,152809.0
2026-03-03T09:45:00-05:00,104.65,104.695,103.55,103.59,199596.0
2026-03-03T09:50:00-05:00,103.63,104.9,103.12,103.525,129085.0
2026-03-03T09:55:00-05:00,103.72,103.85,103.019997,103.23,93594.0
2026-03-03T10:00:00-05:00,103.21,104.74,103.16,104.215,96186.0
2026-03-03T10:05:00-05:00,104.089996,104.41,103.52,103.71,53574.0
2026-03-03T10:10:00-05:00,103.615,104.45,103.24,104.3299,116756.0
2026-03-03T10:15:00-05:00,104.080002,104.080002,102.8906,103.59,91020.0
2026-03-03T10:20:00-05:00,103.5048,103.8,103.145,103.29,45608.0
2026-03-03T10:25:00-05:00,103.28,103.445,102.87,103.089996,64185.0
2026-03-03T10:30:00-05:00,103.15,104.87,103.060303,104.23,67975.0
2026-03-03T10:35:00-05:00,104.46,104.76,104.0,104.69,60913.0
2026-03-03T10:40:00-05:00,104.51,104.9299,104.27,104.385,51903.0
2026-03-03T10:45:00-05:00,104.48,105.099998,104.44,105.07,50568.0
2026-03-03T10:50:00-05:00,104.99,105.691,104.44,105.36,129533.0
2026-03-03T10:55:00-05:00,105.38,105.57,104.8872,105.23,85739.0
2026-03-03T11:00:00-05:00,105.36,105.92,105.059998,105.89,84145.0
2026-03-03T11:05:00-05:00,105.89,106.3645,105.8501,106.295,69653.0
2026-03-03T11:10:00-05:00,106.35,106.84,106.010002,106.65,31801.0
2026-03-03T11:15:00-05:00,106.635,106.7865,106.34,106.62,15784.0
2026-03-03T11:20:00-05:00,106.65,106.9,106.1914,106.715,30671.0
2026-03-03T11:25:00-05:00,106.81,107.11,106.65,106.9358,24384.0
2026-03-03T11:30:00-05:00,106.81,107.0,106.63,106.92,42797.0
2026-03-03T11:35:00-05:00,106.8311,107.265,106.8311,107.18,25075.0
2026-03-03T11:40:00-05:00,107.13,107.37,106.82,106.95,25700.0
2026-03-03T11:45:00-05:00,107.044998,107.57,106.93,107.5,16693.0
2026-03-03T11:50:00-05:00,107.5,107.5382,107.25,107.44,64149.0
2026-03-03T11:55:00-05:00,107.46,107.56,107.15,107.37,50971.0
2026-03-03T12:00:00-05:00,107.33,107.52,106.97,107.019997,31078.0
2026-03-03T12:05:00-05:00,106.98,107.020203,106.78,106.78,18885.0
2026-03-03T12:10:00-05:00,106.8,106.83,106.58,106.79,7233.0
2026-03-03T12:15:00-05:00,106.805,107.050003,106.74,106.97,15744.0
2026-03-03T12:20:00-05:00,106.99,107.040001,106.67,106.89,16655.0
2026-03-03T12:25:00-05:00,106.92,107.029999,106.65,106.68,14727.0
2026-03-03T12:30:00-05:00,106.7,106.72,106.089996,106.25,25347.0
2026-03-03T12:35:00-05:00,106.07,106.7404,106.07,106.31,8625.0
2026-03-03T12:40:00-05:00,106.345,106.65,106.16,106.345,37971.0
2026-03-03T12:45:00-05:00,106.32,106.45,106.2,106.31,11739.0
2026-03-03T12:50:00-05:00,106.29,106.3399,105.65,105.666,12907.0
2026-03-03T12:55:00-05:00,105.7375,105.95,105.61,105.72,7422.0
2026-03-03T13:00:00-05:00,105.725,106.275,105.72,106.275,19359.0
2026-03-03T13:05:00-05:00,106.28,106.41,106.14,106.38,10631.0
2026-03-03T13:10:00-05:00,106.38,106.38,105.89,106.0,16647.0
2026-03-03T13:15:00-05:00,106.019997,106.059998,105.75,105.87,15652.0
2026-03-03T13:20:00-05:00,105.84,106.15,105.79,105.96,42714.0
2026-03-03T13:25:00-05:00,105.98,106.2489,105.87,105.95,24116.0
2026-03-03T13:30:00-05:00,105.93,106.040001,105.66,106.010002,27892.0
2026-03-03T13:35:00-05:00,105.98,106.73,105.98,106.73,33427.0
2026-03-03T13:40:00-05:00,106.74,106.77,106.46,106.645,52054.0
2026-03-03T13:45:00-05:00,106.55,106.71,106.4,106.5775,18864.0
2026-03-03T13:50:00-05:00,106.55,106.6999,106.29,106.37,27398.0
2026-03-03T13:55:00-05:00,106.34,106.44,106.19,106.33,27290.0
2026-03-03T14:00:00-05:00,106.29,106.97,106.26,106.81,88001.0
2026-03-03T14:05:00-05:00,106.85,106.905,106.29,106.29,27254.0
2026-03-03T14:10:00-05:00,106.35,106.35,105.89,106.089996,58043.0
2026-03-03T14:15:00-05:00,106.099998,106.359,106.035004,106.359,26079.0
2026-03-03T14:20:00-05:00,106.27,106.45,106.21,106.375,30103.0
2026-03-03T14:25:00-05:00,106.27,106.35,105.82,105.85,14654.0
2026-03-03T14:30:00-05:00,105.95,106.2799,105.81,105.85,14180.0
2026-03-03T14:35:00-05:00,105.82,106.07,105.6,106.07,35009.0
2026-03-03T14:40:00-05:00,106.07,106.32,105.89,106.14,9774.0
2026-03-03T14:45:00-05:00,106.07,106.52,106.059998,106.44,25417.0
2026-03-03T14:50:00-05:00,106.45,106.53,106.099998,106.22,29778.0
2026-03-03T14:55:00-05:00,106.22,106.22,105.76,105.765,9005.0
2026-03-03T15:00:00-05:00,105.92,106.4,105.86,106.059998,11534.0
2026-03-03T15:05:00-05:00,105.995,106.16,105.8101,105.9,10631.0
2026-03-03T15:10:00-05:00,105.955,106.22,105.9,105.9,50650.0
2026-03-03T15:15:00-05:00,105.945,106.13,105.9,105.92,56068.0
2026-03-03T15:20:00-05:00,105.96,106.5,105.96,106.48,83946.0
2026-03-03T15:25:00-05:00,106.485,106.59,106.2,106.2,114501.0
2026-03-03T15:30:00-05:00,106.17,106.51,106.010002,106.115,160612.0
2026-03-03T15:35:00-05:00,106.115,106.46,106.089996,106.23,35778.0
2026-03-03T15:40:00-05:00,106.26,106.7099,106.17,106.51,33202.0
2026-03-03T15:45:00-05:00,106.5,106.55,106.195,106.34,21003.0
2026-03-03T15:50:00-05:00,106.46,106.46,105.87,106.21,87242.0
2026-03-03T15:55:00-05:00,106.24,106.635,106.15,106.595,15655.0
2026-03-04T09:30:00-05:00,109.0,109.12,107.62,107.97,247758.0
2026-03-04T09:35:00-05:00,108.050003,108.3899,107.15,107.32,34109.0
2026-03-04T09:40:00-05:00,107.37,108.099998,107.12,107.36,57624.0
2026-03-04T09:45:00-05:00,107.32,108.019997,106.3101,107.089996,79291.0
2026-03-04T09:50:00-05:00,106.94,106.9661,106.42,106.57,23929.0
2026-03-04T09:55:00-05:00,106.71,106.77,105.99,106.26,36231.0
2026-03-04T10:00:00-05:00,106.35,107.1141,106.3,106.85,32874.0
2026-03-04T10:05:00-05:00,106.7524,107.26,106.5,107.2498,34769.0
2026-03-04T10:10:00-05:00,107.059998,107.059998,106.46,106.6599,9171.0
2026-03-04T10:15:00-05:00,106.7,107.050003,106.57,106.97,10114.0
2026-03-04T10:20:00-05:00,107.019997,107.52,106.985,107.52,22567.0
2026-03-04T10:25:00-05:00,107.47,108.29,107.46,108.16,50845.0
2026-03-04T10:30:00-05:00,108.1401,108.31,107.94,108.125,26683.0
2026-03-04T10:35:00-05:00,108.155,108.2,107.76,107.9,12927.0
2026-03-04T10:40:00-05:00,107.81,107.97,107.51,107.6,7750.0
2026-03-04T10:45:00-05:00,107.73,107.73,107.19,107.36,42855.0
2026-03-04T10:50:00-05:00,107.46,107.925,107.39,107.88,13943.0
2026-03-04T10:55:00-05:00,107.87,108.07,107.74,107.95,28807.0
2026-03-04T11:00:00-05:00,108.0098038,108.385,108.0098038,108.14,58944.0
2026-03-04T11:05:00-05:00,108.11,108.37,107.92,108.089996,36048.0
2026-03-04T11:10:00-05:00,108.040001,108.15,107.735,107.8899,14566.0
2026-03-04T11:15:00-05:00,107.79,107.9,107.63,107.75,30208.0
2026-03-04T11:20:00-05:00,107.75,107.87,107.5,107.67,11015.0
2026-03-04T11:25:00-05:00,107.64,107.98,107.6101,107.62,16514.0
2026-03-04T11:30:00-05:00,107.65,107.98,107.58,107.86,24714.0
2026-03-04T11:35:00-05:00,107.94,107.97,107.59,107.63,38524.0
2026-03-04T11:40:00-05:00,107.64,108.1475,107.61,107.895,16607.0
2026-03-04T11:45:00-05:00,107.92,108.089996,107.84,107.855,21418.0
2026-03-04T11:50:00-05:00,107.81,108.019997,107.71,107.94,12320.0
2026-03-04T11:55:00-05:00,107.96,107.96,107.68,107.91,15283.0
2026-03-04T12:00:00-05:00,107.8101,108.0,107.8,107.87,13244.0
2026-03-04T12:05:00-05:00,107.88,108.07,107.795,107.85,13364.0
2026-03-04T12:10:00-05:00,107.86,107.93,107.63,107.74,12350.0
2026-03-04T12:15:00-05:00,107.82,108.089996,107.79,107.93,9424.0
2026-03-04T12:20:00-05:00,107.89,107.95,107.24,107.45,12752.0
2026-03-04T12:25:00-05:00,107.4205,107.77,107.4205,107.6,15943.0
2026-03-04T12:30:00-05:00,107.61,107.65,107.31,107.43,11107.0
2026-03-04T12:35:00-05:00,107.445,107.5,107.3087,107.32,11693.0
2026-03-04T12:40:00-05:00,107.29,107.4,107.089996,107.31,65947.0
2026-03-04T12:45:00-05:00,107.39,107.435,107.16,107.25,23950.0
2026-03-04T12:50:00-05:00,107.12,107.3969,107.099998,107.36,5984.0
2026-03-04T12:55:00-05:00,107.37,107.37,106.801,106.91,8265.0
2026-03-04T13:00:00-05:00,106.935,107.050003,106.69,106.69,17930.0
2026-03-04T13:05:00-05:00,106.61,106.79,106.48,106.61,21539.0
2026-03-04T13:10:00-05:00,106.56,106.5699,106.1001,106.23,13841.0
2026-03-04T13:15:00-05:00,106.16,106.32,106.050003,106.14,28720.0
2026-03-04T13:20:00-05:00,106.059998,106.105,105.69,106.059998,81973.0
2026-03-04T13:25:00-05:00,106.019997,106.42,106.019997,106.2214,13801.0
2026-03-04T13:30:00-05:00,106.35,106.64,106.27,106.55,11007.0
2026-03-04T13:35:00-05:00,106.6,106.75,106.58,106.62,5114.0
2026-03-04T13:40:00-05:00,106.55,107.059998,106.55,106.98,17440.0
2026-03-04T13:45:00-05:00,106.995,107.31,106.995,107.245,23882.0
2026-03-04T13:50:00-05:00,107.3,107.34,107.029999,107.3228,15099.0
2026-03-04T13:55:00-05:00,107.22,107.29,107.11,107.29,6127.0
2026-03-04T14:00:00-05:00,107.24,107.53,107.16,107.48,10772.0
2026-03-04T14:05:00-05:00,107.4725,107.57,107.42,107.57,19934.0
2026-03-04T14:10:00-05:00,107.59,107.74,107.49,107.74,7711.0
2026-03-04T14:15:00-05:00,107.75,107.9,107.73,107.9,6075.0
2026-03-04T14:20:00-05:00,107.7201,107.84,107.7201,107.78,21114.0
2026-03-04T14:25:00-05:00,107.73,107.84,107.72,107.84,7223.0
2026-03-04T14:30:00-05:00,107.84,108.0,107.81,107.85,11654.0
2026-03-04T14:35:00-05:00,107.79,107.87,107.7201,107.86,16186.0
2026-03-04T14:40:00-05:00,107.855,108.084999,107.855,108.084999,19913.0
2026-03-04T14:45:00-05:00,108.070099,108.1768,108.0,108.105,12183.0
2026-03-04T14:50:00-05:00,108.07,108.19,107.93,108.11,14101.0
2026-03-04T14:55:00-05:00,108.089996,108.21,108.080002,108.1501,12987.0
2026-03-04T15:00:00-05:00,108.18,108.3,108.089996,108.089996,14340.0
2026-03-04T15:05:00-05:00,108.059998,108.080002,107.95,107.96,14706.0
2026-03-04T15:10:00-05:00,107.93,108.019997,107.83,107.89,6488.0
2026-03-04T15:15:00-05:00,107.84,107.91,107.78,107.89,3654.0
2026-03-04T15:20:00-05:00,107.835,108.0,107.7801,107.9,6730.0
2026-03-04T15:25:00-05:00,107.93,108.07,107.8301,108.029999,7429.0
2026-03-04T15:30:00-05:00,108.07,108.07,107.815,107.86,30027.0
2026-03-04T15:35:00-05:00,107.83,107.83,107.655,107.74,18743.0
2026-03-04T15:40:00-05:00,107.74,107.9,107.72,107.815,9178.0
2026-03-04T15:45:00-05:00,107.815,107.815,107.6,107.68,14432.0
2026-03-04T15:50:00-05:00,107.69,107.75,107.36,107.52,78530.0
2026-03-04T15:55:00-05:00,107.51,107.5966,107.26,107.49,129452.0
2026-03-05T09:30:00-05:00,105.8,105.85,103.83,105.029999,145069.0
2026-03-05T09:35:00-05:00,104.985,105.0,103.42,103.63,46827.0
2026-03-05T09:40:00-05:00,103.625,104.089996,102.77,102.8,85659.0
2026-03-05T09:45:00-05:00,102.83,103.91,102.48,103.35,88411.0
2026-03-05T09:50:00-05:00,103.45,104.18,103.395,103.925,34003.0
2026-03-05T09:55:00-05:00,103.92,104.32,103.89,104.050003,23005.0
2026-03-05T10:00:00-05:00,104.2642,104.82,103.79,103.83,28503.0
2026-03-05T10:05:00-05:00,103.82,103.95,102.58,102.74,12119.0
2026-03-05T10:10:00-05:00,102.63,103.34,102.61,103.22,24875.0
2026-03-05T10:15:00-05:00,103.13,103.41,103.050003,103.050003,19212.0
2026-03-05T10:20:00-05:00,103.0,103.45,102.64,102.755,53264.0
2026-03-05T10:25:00-05:00,102.82,102.92,102.48,102.85,17245.0
2026-03-05T10:30:00-05:00,102.7001,103.0,102.585,102.7601,10393.0
2026-03-05T10:35:00-05:00,102.84,103.0,102.55,102.6401,23530.0
2026-03-05T10:40:00-05:00,102.85,102.88,102.4,102.4497,16093.0
2026-03-05T10:45:00-05:00,102.5064,102.8833,102.43,102.51,18566.0
2026-03-05T10:50:00-05:00,102.45,102.87,102.45,102.6853,4815.0
2026-03-05T10:55:00-05:00,102.8537,103.11,102.58,103.11,19322.0
2026-03-05T11:00:00-05:00,103.115,103.135,102.47,102.47,17484.0
2026-03-05T11:05:00-05:00,102.425,102.485,101.3301,101.3301,143514.0
2026-03-05T11:10:00-05:00,101.35,101.69,101.3,101.65,65088.0
2026-03-05T11:15:00-05:00,101.71,101.86,101.32,101.66,35411.0
2026-03-05T11:20:00-05:00,101.66,101.6951,101.3,101.53,23577.0
2026-03-05T11:25:00-05:00,101.43,101.76,101.301,101.54,20953.0
2026-03-05T11:30:00-05:00,101.545,101.765,101.3001,101.54,18821.0
2026-03-05T11:35:00-05:00,101.58,101.81,101.41,101.59,10656.0
2026-03-05T11:40:00-05:00,101.645,101.76,101.12,101.635,19707.0
2026-03-05T11:45:00-05:00,101.75,102.056,101.64,102.010002,13263.0
2026-03-05T11:50:00-05:00,102.0,102.28,101.63,102.22,23026.0
2026-03-05T11:55:00-05:00,102.28,102.285,101.88,102.050003,11337.0
2026-03-05T12:00:00-05:00,101.91,102.44,101.86,102.36,15091.0
2026-03-05T12:05:00-05:00,102.43,102.48,102.080002,102.38,16867.0
2026-03-05T12:10:00-05:00,102.37,102.5501,102.22,102.55,10489.0
2026-03-05T12:15:00-05:00,102.505,102.6,102.32,102.42,12769.0
2026-03-05T12:20:00-05:00,102.49,102.49,102.25,102.33,13330.0
2026-03-05T12:25:00-05:00,102.34,102.4,101.87,101.87,9208.0
2026-03-05T12:30:00-05:00,101.87,101.9287,101.07,101.155,19680.0
2026-03-05T12:35:00-05:00,101.099998,101.15,100.65,101.050003,30722.0
2026-03-05T12:40:00-05:00,101.099998,101.099998,100.42,100.61,28157.0
2026-03-05T12:45:00-05:00,100.63,100.696,100.32,100.47,23888.0
2026-03-05T12:50:00-05:00,100.48,100.64,100.13,100.42,37036.0
2026-03-05T12:55:00-05:00,100.32,100.65,100.23,100.31,32576.0
2026-03-05T13:00:00-05:00,100.36,100.56,100.25,100.53,16659.0
2026-03-05T13:05:00-05:00,100.49,100.89,100.39,100.81,46392.0
2026-03-05T13:10:00-05:00,100.81,101.059998,100.795,100.965,14628.0
2026-03-05T13:15:00-05:00,100.965,101.23,100.8101,100.9,12695.0
2026-03-05T13:20:00-05:00,100.875,100.915,100.4001,100.4001,19139.0
2026-03-05T13:25:00-05:00,100.465,100.465,100.2,100.305,22280.0
2026-03-05T13:30:00-05:00,100.305,100.55,100.25,100.46,16639.0
2026-03-05T13:35:00-05:00,100.46,101.010002,100.46,100.915,33499.0
2026-03-05T13:40:00-05:00,100.93,101.25,100.8,101.135,28415.0
2026-03-05T13:45:00-05:00,101.14,101.14,100.745,100.97,8410.0
2026-03-05T13:50:00-05:00,101.029999,101.11,100.77,100.97,12658.0
2026-03-05T13:55:00-05:00,101.010002,101.025002,100.785,100.85,5667.0
2026-03-05T14:00:00-05:00,100.84,101.2,100.79,101.089996,10631.0
2026-03-05T14:05:00-05:00,101.010002,101.43,101.010002,101.225,8696.0
2026-03-05T14:10:00-05:00,101.25,101.41,101.0,101.39,8446.0
2026-03-05T14:15:00-05:00,101.32,101.33,100.95,101.32,20908.0
2026-03-05T14:20:00-05:00,101.34,101.36,100.94,101.145,10693.0
2026-03-05T14:25:00-05:00,101.135,101.135,100.67,100.7,15649.0
2026-03-05T14:30:00-05:00,100.695,100.8,100.41,100.57,19593.0
2026-03-05T14:35:00-05:00,100.48,100.69,100.41,100.58,13660.0
2026-03-05T14:40:00-05:00,100.73,100.79,100.58,100.58,8683.0
2026-03-05T14:45:00-05:00,100.63,100.7,100.4301,100.51,10006.0
2026-03-05T14:50:00-05:00,100.495,100.67,100.26,100.28,20280.0
2026-03-05T14:55:00-05:00,100.27,100.39,100.099998,100.19,28243.0
2026-03-05T15:00:00-05:00,100.15,100.23,99.93,100.23,76859.0
2026-03-05T15:05:00-05:00,100.12,100.57,99.9194,100.49,43742.0
2026-03-05T15:10:00-05:00,100.49,101.019997,100.49,100.88,32102.0
2026-03-05T15:15:00-05:00,100.895,101.81,100.82,101.64,13216.0
2026-03-05T15:20:00-05:00,101.54,101.72,101.45,101.61,12750.0
2026-03-05T15:25:00-05:00,101.7275,101.93,101.49,101.8,60904.0
2026-03-05T15:30:00-05:00,101.93,102.19,101.86,102.029999,32943.0
2026-03-05T15:35:00-05:00,102.050003,102.245,101.94,102.099998,13467.0
2026-03-05T15:40:00-05:00,102.059998,102.21,101.82,102.0,27386.0
2026-03-05T15:45:00-05:00,102.0,102.050003,101.6125,101.885,49434.0
2026-03-05T15:50:00-05:00,101.83,102.12,101.76,102.099998,87981.0
2026-03-05T15:55:00-05:00,102.099998,102.53,102.0,102.39,377140.0
2026-03-06T09:30:00-05:00,100.010002,101.080002,99.82,101.010002,184546.0
2026-03-06T09:35:00-05:00,100.85,100.89,99.88,99.965,59413.0
2026-03-06T09:40:00-05:00,100.0,100.0,98.92,99.39,82266.0
2026-03-06T09:45:00-05:00,99.62,100.27,99.0,99.059998,62199.0
2026-03-06T09:50:00-05:00,99.080101,99.42,98.6901,99.28,49928.0
2026-03-06T09:55:00-05:00,99.26,100.11,99.26,100.11,42558.0
2026-03-06T10:00:00-05:00,100.0,101.4,100.0,100.99,54594.0
2026-03-06T10:05:00-05:00,101.11,101.86,100.9,101.080002,52850.0
2026-03-06T10:10:00-05:00,101.0,101.5,100.76,101.27,37170.0
2026-03-06T10:15:00-05:00,101.23,101.64,101.19,101.53,46446.0
2026-03-06T10:20:00-05:00,101.66,102.67,101.66,102.595,38246.0
2026-03-06T10:25:00-05:00,102.48,102.83,102.2,102.36,27233.0
2026-03-06T10:30:00-05:00,102.39,102.86,102.25,102.58,20742.0
2026-03-06T10:35:00-05:00,102.68,102.98,102.55,102.8,21022.0
2026-03-06T10:40:00-05:00,102.93,103.080002,102.6,102.81,13459.0
2026-03-06T10:45:00-05:00,102.905,103.0,102.46,102.515,29286.0
2026-03-06T10:50:00-05:00,102.51,102.51,102.0,102.13,9940.0
2026-03-06T10:55:00-05:00,102.29,102.6499,102.13,102.37,8799.0
2026-03-06T11:00:00-05:00,102.32,102.51,102.089996,102.51,17746.0
2026-03-06T11:05:00-05:00,102.4,102.49,102.25,102.38,5476.0
2026-03-06T11:10:00-05:00,102.33,102.38,102.0,102.33,5830.0
2026-03-06T11:15:00-05:00,102.36,102.68,102.35,102.45,14231.0
2026-03-06T11:20:00-05:00,102.52,102.54,102.059998,102.235,8722.0
2026-03-06T11:25:00-05:00,102.27,102.35,102.0,102.29,7594.0
2026-03-06T11:30:00-05:00,102.33,102.5,102.07,102.17,6941.0
2026-03-06T11:35:00-05:00,102.22,102.645,102.22,102.38,7508.0
2026-03-06T11:40:00-05:00,102.26,102.45,102.2,102.23,6870.0
2026-03-06T11:45:00-05:00,102.2575,102.57,102.235,102.45,8160.0
2026-03-06T11:50:00-05:00,102.3,102.48,102.059998,102.095001,11193.0
2026-03-06T11:55:00-05:00,102.12,102.21,101.96,102.055,14248.0
2026-03-06T12:00:00-05:00,102.059998,102.35,101.9875,102.205,21856.0
2026-03-06T12:05:00-05:00,102.15,102.1799,101.7101,101.82,18035.0
2026-03-06T12:10:00-05:00,101.795,101.99,101.75,101.8,11408.0
2026-03-06T12:15:00-05:00,101.8,101.92,101.54,101.78,10726.0
2026-03-06T12:20:00-05:00,101.84,102.080002,101.7201,101.86,12314.0
2026-03-06T12:25:00-05:00,101.79,101.87,101.46,101.67,17298.0
2026-03-06T12:30:00-05:00,101.67,101.8399,101.6401,101.77,14459.0
2026-03-06T12:35:00-05:00,101.76,101.76,101.43,101.46,12838.0
2026-03-06T12:40:00-05:00,101.48,101.52,101.15,101.29,14141.0
2026-03-06T12:45:00-05:00,101.29,101.58,101.21,101.46,18375.0
2026-03-06T12:50:00-05:00,101.51,101.68,101.51,101.52,15810.0
2026-03-06T12:55:00-05:00,101.58,101.81,101.51,101.69,11772.0
2026-03-06T13:00:00-05:00,101.68,102.156,101.6445,101.89,12960.0
2026-03-06T13:05:00-05:00,101.82,102.16895,101.805,102.089996,12860.0
2026-03-06T13:10:00-05:00,102.12,102.35,102.010002,102.3,10503.0
2026-03-06T13:15:00-05:00,102.295,102.35,102.19,102.315,19607.0
2026-03-06T13:20:00-05:00,102.35,102.47,102.24,102.39,15634.0
2026-03-06T13:25:00-05:00,102.43,102.53,102.32,102.51,15946.0
2026-03-06T13:30:00-05:00,102.6,102.8,102.53,102.635,9355.0
2026-03-06T13:35:00-05:00,102.56,102.62,102.38,102.51,9341.0
2026-03-06T13:40:00-05:00,102.44,102.75,102.29,102.71,8383.0
2026-03-06T13:45:00-05:00,102.77,102.88,102.65,102.7551,39801.0
2026-03-06T13:50:00-05:00,102.7475,102.75,102.51,102.65,13367.0
2026-03-06T13:55:00-05:00,102.59,102.73,102.54,102.545,6607.0
2026-03-06T14:00:00-05:00,102.585,102.735,102.47,102.47,8210.0
2026-03-06T14:05:00-05:00,102.47,102.62,102.38,102.6,12224.0
2026-03-06T14:10:00-05:00,102.61,102.75,102.61,102.65,10025.0
2026-03-06T14:15:00-05:00,102.6419,102.75,102.55,102.75,8557.0
2026-03-06T14:20:00-05:00,102.75,102.75,102.31,102.51,11100.0
2026-03-06T14:25:00-05:00,102.31,102.35,102.125,102.32,9865.0
2026-03-06T14:30:00-05:00,102.275,102.64,102.24,102.48,15833.0
2026-03-06T14:35:00-05:00,102.5,102.5,102.095001,102.15,8137.0
2026-03-06T14:40:00-05:00,102.17,102.31,102.11,102.19,9055.0
2026-03-06T14:45:00-05:00,102.089996,102.15,101.92,102.12,11454.0
2026-03-06T14:50:00-05:00,102.059998,102.2514,102.050003,102.1206,10278.0
2026-03-06T14:55:00-05:00,102.13,102.15,101.93,101.96,12142.0
2026-03-06T15:00:00-05:00,101.97,102.28,101.97,102.15,15033.0
2026-03-06T15:05:00-05:00,102.21,102.3,102.0924,102.13,16299.0
2026-03-06T15:10:00-05:00,102.080002,102.105,101.75,101.8,13060.0
2026-03-06T15:15:00-05:00,101.84,101.95,101.71,101.79,16940.0
2026-03-06T15:20:00-05:00,101.7,101.7,101.3901,101.56,17499.0
2026-03-06T15:25:00-05:00,101.57,101.62,101.28,101.28,11096.0
2026-03-06T15:30:00-05:00,101.28,101.43,100.98,100.99,21318.0
2026-03-06T15:35:00-05:00,100.95,101.2,100.8201,101.2,26363.0
2026-03-06T15:40:00-05:00,101.23,101.48,101.11,101.29,17899.0
2026-03-06T15:45:00-05:00,101.32,101.44,101.26,101.4,23618.0
2026-03-06T15:50:00-05:00,101.42,101.48,101.15,101.37,70884.0
2026-03-06T15:55:00-05:00,101.35,101.44,101.16,101.34,125125.0
2026-03-09T09:30:00-04:00,97.84,99.4,97.75,99.4,247080.0
2026-03-09T09:35:00-04:00,99.29,99.54,98.49,98.68,53528.0
2026-03-09T09:40:00-04:00,98.58,98.58,97.14,97.4,38423.0
2026-03-09T09:45:00-04:00,97.35,98.07,97.18,97.26,44002.0
2026-03-09T09:50:00-04:00,97.2553,97.39,96.099998,96.265,87315.0
2026-03-09T09:55:00-04:00,96.22,97.0,95.79,96.77,81653.0
2026-03-09T10:00:00-04:00,96.66,97.33,96.66,97.074997,57312.0
2026-03-09T10:05:00-04:00,97.15,97.15,95.88,95.99,47096.0
2026-03-09T10:10:00-04:00,95.94,95.98,95.037498,95.54,84516.0
2026-03-09T10:15:00-04:00,95.5944,96.6,95.18,96.515,46509.0
2026-03-09T10:20:00-04:00,96.48,97.2,96.16,97.17,37689.0
2026-03-09T10:25:00-04:00,97.14,97.42,96.76,97.2,33693.0
2026-03-09T10:30:00-04:00,97.11,97.35,96.97,97.27,108556.0
2026-03-09T10:35:00-04:00,97.17,97.63,97.099998,97.5401,29522.0
2026-03-09T10:40:00-04:00,97.45,97.85,97.415,97.78,46383.0
2026-03-09T10:45:00-04:00,97.76,97.86,97.37,97.66,30479.0
2026-03-09T10:50:00-04:00,97.6,97.8,97.16,97.28,34359.0
2026-03-09T10:55:00-04:00,97.19,97.63,96.995,97.5616,7435.0
2026-03-09T11:00:00-04:00,97.55,97.82,97.515,97.775,23422.0
2026-03-09T11:05:00-04:00,97.765,97.92,97.6,97.755,9294.0
2026-03-09T11:10:00-04:00,97.8854,98.075996,97.7523,97.85,22882.0
2026-03-09T11:15:00-04:00,97.93,98.12,97.79,97.92,20309.0
2026-03-09T11:20:00-04:00,98.0,98.3758,98.0,98.26,10302.0
2026-03-09T11:25:00-04:00,98.3,98.43,98.16,98.17,20797.0
2026-03-09T11:30:00-04:00,98.14,98.205,97.86,98.035004,22080.0
2026-03-09T11:35:00-04:00,97.99,98.0299,97.77,97.77,11211.0
2026-03-09T11:40:00-04:00,97.71,97.95,97.71,97.835,6613.0
2026-03-09T11:45:00-04:00,97.88,98.175,97.82,98.040001,6080.0
2026-03-09T11:50:00-04:00,98.050003,98.26,97.995,98.13,11330.0
2026-03-09T11:55:00-04:00,98.13,98.505,98.13,98.32,4953.0
2026-03-09T12:00:00-04:00,98.3,98.83,98.3,98.83,10619.0
2026-03-09T12:05:00-04:00,98.73,98.82,98.63,98.77,4476.0
2026-03-09T12:10:00-04:00,98.735,98.87,98.6,98.68,7400.0
2026-03-09T12:15:00-04:00,98.6372,98.69,98.28,98.46,40108.0
2026-03-09T12:20:00-04:00,98.475,98.78,98.35,98.78,18427.0
2026-03-09T12:25:00-04:00,98.72,98.9,98.625,98.75,9744.0
2026-03-09T12:30:00-04:00,98.785,98.99,98.78,98.9735,15096.0
2026-03-09T12:35:00-04:00,98.92,98.93,98.82,98.82,16653.0
2026-03-09T12:40:00-04:00,99.012497,99.059998,98.88,99.0476,11507.0
2026-03-09T12:45:00-04:00,99.059998,99.19,98.91,99.0049973,18983.0
2026-03-09T12:50:00-04:00,98.96,99.18,98.96,99.12,9603.0
2026-03-09T12:55:00-04:00,99.12,99.25,99.080002,99.19,24761.0
2026-03-09T13:00:00-04:00,99.21,99.3237,99.099998,99.099998,17923.0
2026-03-09T13:05:00-04:00,99.029999,99.080002,98.89,98.9518,26269.0
2026-03-09T13:10:00-04:00,98.94,98.995,98.74,98.89,71272.0
2026-03-09T13:15:00-04:00,98.93,98.98,98.73,98.73,4726.0
2026-03-09T13:20:00-04:00,98.67,98.68,98.56,98.6,5498.0
2026-03-09T13:25:00-04:00,98.55,98.785,98.55,98.57,8745.0
2026-03-09T13:30:00-04:00,98.62,98.9,98.57,98.88,19663.0
2026-03-09T13:35:00-04:00,98.88,98.9378,98.72,98.83,25935.0
2026-03-09T13:40:00-04:00,98.76,98.79,98.52,98.715,15418.0
2026-03-09T13:45:00-04:00,98.63,98.85,98.62,98.62,40175.0
2026-03-09T13:50:00-04:00,98.62,98.785,98.55,98.68,82577.0
2026-03-09T13:55:00-04:00,98.66,98.76,98.49,98.58,31553.0
2026-03-09T14:00:00-04:00,98.54,98.79,98.51,98.55,12575.0
2026-03-09T14:05:00-04:00,98.53,98.77,98.53,98.63,55967.0
2026-03-09T14:10:00-04:00,98.71,99.074997,98.71,99.074997,48017.0
2026-03-09T14:15:00-04:00,99.089996,99.23,99.029999,99.16,12596.0
2026-03-09T14:20:00-04:00,99.22,99.5,99.22,99.455,19381.0
2026-03-09T14:25:00-04:00,99.4,99.4,99.26,99.305,9932.0
2026-03-09T14:30:00-04:00,99.24,99.5,99.22,99.5,8867.0
2026-03-09T14:35:00-04:00,99.53,99.765,99.52,99.5303,18490.0
2026-03-09T14:40:00-04:00,99.6,99.8,99.6,99.71,20894.0
2026-03-09T14:45:00-04:00,99.66,99.85,99.63,99.75,17725.0
2026-03-09T14:50:00-04:00,99.71,100.23,99.68,100.2,33581.0
2026-03-09T14:55:00-04:00,100.21,100.33,100.040001,100.105,22487.0
2026-03-09T15:00:00-04:00,100.12,100.59,100.07,100.3703,25542.0
2026-03-09T15:05:00-04:00,100.415,100.45,100.13,100.41,22792.0
2026-03-09T15:10:00-04:00,100.4,100.7,100.3001,100.65,24106.0
2026-03-09T15:15:00-04:00,100.512,101.3,100.512,101.3,47695.0
2026-03-09T15:20:00-04:00,101.29,101.7999,101.28,101.61,78927.0
2026-03-09T15:25:00-04:00,101.69,102.45,101.54,102.41,38320.0
2026-03-09T15:30:00-04:00,102.38,102.47,101.78,102.29,61768.0
2026-03-09T15:35:00-04:00,102.32,102.67,102.040001,102.65,28342.0
2026-03-09T15:40:00-04:00,102.59,102.59,101.88,102.28,41151.0
2026-03-09T15:45:00-04:00,102.2359,102.33,102.0,102.17,39031.0
2026-03-09T15:50:00-04:00,102.24,102.35,101.93,102.14,89607.0
2026-03-09T15:55:00-04:00,102.12,102.66,102.050003,102.46,178727.0
2026-03-10T09:30:00-04:00,104.39,105.010002,104.25,105.010002,110129.0
2026-03-10T09:35:00-04:00,104.9,105.12,104.47,104.85,73841.0
2026-03-10T09:40:00-04:00,104.86,105.16,104.39,104.39,65330.0
2026-03-10T09:45:00-04:00,104.44,104.76,103.9107,104.75,81629.0
2026-03-10T09:50:00-04:00,104.76,105.4891,104.745,105.26,31713.0
2026-03-10T09:55:00-04:00,105.31,105.79,105.14,105.75,41328.0
2026-03-10T10:00:00-04:00,105.75,105.82,105.07,105.5068,44073.0
2026-03-10T10:05:00-04:00,105.51,105.81,104.89,104.99,39205.0
2026-03-10T10:10:00-04:00,105.07,105.555,104.95,105.5,44648.0
2026-03-10T10:15:00-04:00,105.48,106.0,105.48,106.0,34607.0
2026-03-10T10:20:00-04:00,106.010002,106.3782,105.87,106.195,29730.0
2026-03-10T10:25:00-04:00,106.22,106.3,106.0,106.095001,13537.0
2026-03-10T10:30:00-04:00,106.21,106.5199,106.14,106.36,18320.0
2026-03-10T10:35:00-04:00,106.31,106.65,106.18,106.6,17206.0
2026-03-10T10:40:00-04:00,106.63,106.66,105.78,105.99,37483.0
2026-03-10T10:45:00-04:00,106.0049973,106.31,106.0049973,106.084999,22509.0
2026-03-10T10:50:00-04:00,106.084999,106.25,105.8,105.98,14705.0
2026-03-10T10:55:00-04:00,105.92,106.050003,105.8,105.96,13101.0
2026-03-10T11:00:00-04:00,105.92,106.22,105.82,106.15,16619.0
2026-03-10T11:05:00-04:00,106.15,106.22,105.98,106.099998,8844.0
2026-03-10T11:10:00-04:00,106.059998,106.38,106.050003,106.28,8234.0
2026-03-10T11:15:00-04:00,106.28,106.37,106.080002,106.37,8464.0
2026-03-10T11:20:00-04:00,106.4,106.51,106.37,106.42,11619.0
2026-03-10T11:25:00-04:00,106.43,106.7171,106.43,106.685,25290.0
2026-03-10T11:30:00-04:00,106.685,106.8668,106.63,106.69,14686.0
2026-03-10T11:35:00-04:00,106.67,106.9099,106.63,106.89,11495.0
2026-03-10T11:40:00-04:00,106.91,107.07,106.62,106.9866,31446.0
2026-03-10T11:45:00-04:00,106.995,107.1199,106.88,107.059998,9476.0
2026-03-10T11:50:00-04:00,107.07,107.135,106.72,106.72,15022.0
2026-03-10T11:55:00-04:00,106.7,106.74,106.55,106.58,11755.0
2026-03-10T12:00:00-04:00,106.65,106.685,106.32,106.33,19271.0
2026-03-10T12:05:00-04:00,106.335,106.335,106.0,106.1973,34910.0
2026-03-10T12:10:00-04:00,106.25,106.38,105.96,105.96,29740.0
2026-03-10T12:15:00-04:00,105.9,106.07,105.73,106.0049973,28598.0
2026-03-10T12:20:00-04:00,106.0049973,106.07,105.84,105.872,14656.0
2026-03-10T12:25:00-04:00,105.7517,106.11,105.7517,105.99,17779.0
2026-03-10T12:30:00-04:00,106.115,106.32,106.029999,106.21,15903.0
2026-03-10T12:35:00-04:00,106.28,106.31,105.94,106.1188,12549.0
2026-03-10T12:40:00-04:00,106.12,106.13,105.89,106.13,7173.0
2026-03-10T12:45:00-04:00,106.105,106.196,105.97,105.97,12331.0
2026-03-10T12:50:00-04:00,106.010002,106.3979,105.96,106.3897,5898.0
2026-03-10T12:55:00-04:00,106.4199,106.49,106.2801,106.46,6753.0
2026-03-10T13:00:00-04:00,106.45,106.75,106.42,106.7,8224.0
2026-03-10T13:05:00-04:00,106.61,106.88,106.61,106.7272,9823.0
2026-03-10T13:10:00-04:00,106.68,106.82,106.68,106.8,12229.0
2026-03-10T13:15:00-04:00,106.745,106.84,106.64,106.79,12446.0
2026-03-10T13:20:00-04:00,106.78,106.9,106.635,106.77,8818.0
2026-03-10T13:25:00-04:00,106.78,107.019997,106.73,106.99,6524.0
2026-03-10T13:30:00-04:00,107.040001,107.17,106.995,106.995,7370.0
2026-03-10T13:35:00-04:00,107.014999,107.014999,106.58,106.8,13005.0
2026-03-10T13:40:00-04:00,106.8,106.89,106.61,106.7,12322.0
2026-03-10T13:45:00-04:00,106.7235,106.7235,106.345,106.52,16384.0
2026-03-10T13:50:00-04:00,106.54,106.825,106.52,106.6828,5795.0
2026-03-10T13:55:00-04:00,106.57,106.57,106.31,106.44,14843.0
2026-03-10T14:00:00-04:00,106.43,106.53,106.305,106.495,14507.0
2026-03-10T14:05:00-04:00,106.46,106.51,106.28,106.28,8828.0
2026-03-10T14:10:00-04:00,106.32,106.55,105.85,105.94,12741.0
2026-03-10T14:15:00-04:00,105.93,106.22,104.91,105.15,22023.0
2026-03-10T14:20:00-04:00,105.18,105.86,105.18,105.74,15313.0
2026-03-10T14:25:00-04:00,105.77,106.019997,105.635,105.6975,25824.0
2026-03-10T14:30:00-04:00,105.78,105.9999,105.62,105.83,25770.0
2026-03-10T14:35:00-04:00,105.94,106.14,105.46,105.87,14956.0
2026-03-10T14:40:00-04:00,105.88,106.050003,105.755,105.755,11627.0
2026-03-10T14:45:00-04:00,105.6073,105.87,105.53,105.56,11989.0
2026-03-10T14:50:00-04:00,105.52,105.67,105.25,105.27,13826.0
2026-03-10T14:55:00-04:00,105.275,105.33,104.84,104.84,20397.0
2026-03-10T15:00:00-04:00,104.885,105.11,104.66,104.95,17303.0
2026-03-10T15:05:00-04:00,104.88,105.18,104.83,105.115,7924.0
2026-03-10T15:10:00-04:00,105.095001,105.24,104.88,105.13,34909.0
2026-03-10T15:15:00-04:00,105.15,105.3,105.071701,105.26,17578.0
2026-03-10T15:20:00-04:00,105.3,105.38,105.11,105.335,74134.0
2026-03-10T15:25:00-04:00,105.335,105.39,105.080002,105.14,216266.0
2026-03-10T15:30:00-04:00,105.15,105.29,104.83,104.86,126301.0
2026-03-10T15:35:00-04:00,104.9,105.22,104.62,105.17,20410.0
2026-03-10T15:40:00-04:00,105.23,105.45,105.053497,105.053497,51769.0
2026-03-10T15:45:00-04:00,105.12,105.12,104.65,104.71,46378.0
2026-03-10T15:50:00-04:00,104.72,104.88,104.52,104.88,102569.0
2026-03-10T15:55:00-04:00,104.88,105.18,104.8407,105.0,97866.0
2026-03-11T09:30:00-04:00,103.46,103.46,101.12,101.2424,124813.0
2026-03-11T09:35:00-04:00,101.2841,101.4,100.23,100.605,76524.0
2026-03-11T09:40:00-04:00,100.63,100.91,99.88,100.22,66180.0
2026-03-11T09:45:00-04:00,100.22,100.94,100.17,100.61,32975.0
2026-03-11T09:50:00-04:00,100.69,100.92,100.28,100.63,38430.0
2026-03-11T09:55:00-04:00,100.55,101.31,100.32,101.28,28088.0
2026-03-11T10:00:00-04:00,101.33,102.15,100.94,101.42,72412.0
2026-03-11T10:05:00-04:00,101.42,101.77,101.22,101.77,38160.0
2026-03-11T10:10:00-04:00,101.72,102.12,101.42,102.12,30035.0
2026-03-11T10:15:00-04:00,102.065002,102.42,101.92,102.37,32463.0
2026-03-11T10:20:00-04:00,102.27,102.55,102.19,102.31,44735.0
2026-03-11T10:25:00-04:00,102.2,102.77,102.050003,102.77,31292.0
2026-03-11T10:30:00-04:00,102.76,103.019997,102.37,102.5,33519.0
2026-03-11T10:35:00-04:00,102.53,102.96,102.34,102.47,10759.0
2026-03-11T10:40:00-04:00,102.475,102.5,101.98,102.24,16545.0
2026-03-11T10:45:00-04:00,102.099998,102.4399,101.87,102.4399,21525.0
2026-03-11T10:50:00-04:00,102.35,102.45,102.040001,102.23,14380.0
2026-03-11T10:55:00-04:00,102.1811,102.37,102.099998,102.15,9201.0
2026-03-11T11:00:00-04:00,102.22,102.4605,101.7,101.85,10596.0
2026-03-11T11:05:00-04:00,101.93,101.93,101.5,101.68,6564.0
2026-03-11T11:10:00-04:00,101.6123,101.6123,101.13,101.2,6993.0
2026-03-11T11:15:00-04:00,101.13,101.24,100.94,101.040001,13914.0
2026-03-11T11:20:00-04:00,101.2,101.33,100.87,101.18,6769.0
2026-03-11T11:25:00-04:00,101.4,101.4,101.029999,101.029999,4992.0
2026-03-11T11:30:00-04:00,101.019997,101.019997,100.54,100.54,13397.0
2026-03-11T11:35:00-04:00,100.54,100.76,100.49,100.58,12793.0
2026-03-11T11:40:00-04:00,100.49,100.685,100.44,100.56,6487.0
2026-03-11T11:45:00-04:00,100.49,100.535,100.25,100.535,8094.0
2026-03-11T11:50:00-04:00,100.51,100.78,100.5,100.7,16504.0
2026-03-11T11:55:00-04:00,100.66,100.74,100.4,100.44,23304.0
2026-03-11T12:00:00-04:00,100.38,100.7,100.32,100.32,9469.0
2026-03-11T12:05:00-04:00,100.34,100.44,100.0,100.044998,52391.0
2026-03-11T12:10:00-04:00,100.13,100.41,100.07,100.335,21728.0
2026-03-11T12:15:00-04:00,100.33,100.5,100.059998,100.25,11370.0
2026-03-11T12:20:00-04:00,100.26,100.495,100.23,100.46,5100.0
2026-03-11T12:25:00-04:00,100.47,100.71,100.3651,100.71,6081.0
2026-03-11T12:30:00-04:00,100.745,101.33,100.7,101.099998,7987.0
2026-03-11T12:35:00-04:00,101.21,101.37,101.14,101.1501,11608.0
2026-03-11T12:40:00-04:00,101.27,101.4527,101.16,101.39,8564.0
2026-03-11T12:45:00-04:00,101.4,101.59,101.27,101.29,5841.0
2026-03-11T12:50:00-04:00,101.36,101.5,101.3,101.405,2669.0
2026-03-11T12:55:00-04:00,101.42,101.63,101.37,101.51,5849.0
2026-03-11T13:00:00-04:00,101.61,101.7,101.53,101.65,6981.0
2026-03-11T13:05:00-04:00,101.65,101.79,101.62,101.66,9876.0
2026-03-11T13:10:00-04:00,101.7,101.7,101.35,101.38,5892.0
2026-03-11T13:15:00-04:00,101.4401,101.6,101.42,101.42,6233.0
2026-03-11T13:20:00-04:00,101.25,101.3299,101.18,101.27,7039.0
2026-03-11T13:25:00-04:00,101.27,101.31,101.019997,101.065002,12475.0
2026-03-11T13:30:00-04:00,101.089996,101.14,100.92,101.010002,10628.0
2026-03-11T13:35:00-04:00,101.040001,101.040001,100.46,100.6,5341.0
2026-03-11T13:40:00-04:00,100.78,100.81,100.4401,100.5,13441.0
2026-03-11T13:45:00-04:00,100.45,100.48,100.36,100.39,10798.0
2026-03-11T13:50:00-04:00,100.47,100.58,100.3,100.35,10327.0
2026-03-11T13:55:00-04:00,100.25,100.57,100.2,100.57,5762.0
2026-03-11T14:00:00-04:00,100.67,100.77,100.65,100.675,4801.0
2026-03-11T14:05:00-04:00,100.66,101.0,100.66,100.78,11743.0
2026-03-11T14:10:00-04:00,100.805,100.89,100.62,100.89,10981.0
2026-03-11T14:15:00-04:00,100.9,101.099998,100.9,101.059998,6839.0
2026-03-11T14:20:00-04:00,101.12,101.36,101.059998,101.36,11236.0
2026-03-11T14:25:00-04:00,101.44,101.64,101.44,101.64,7062.0
2026-03-11T14:30:00-04:00,101.5801,101.82,101.5801,101.73,9754.0
2026-03-11T14:35:00-04:00,101.7101,101.82,101.57,101.57,19479.0
2026-03-11T14:40:00-04:00,101.67,101.81,101.53,101.53,11191.0
2026-03-11T14:45:00-04:00,101.62,101.74,101.43,101.43,4545.0
2026-03-11T14:50:00-04:00,101.5579,101.67,101.47,101.52,3267.0
2026-03-11T14:55:00-04:00,101.5,101.5,101.265,101.4375,5415.0
2026-03-11T15:00:00-04:00,101.39,101.39,101.27,101.32,3616.0
2026-03-11T15:05:00-04:00,101.27,101.48,101.2301,101.42,2214.0
2026-03-11T15:10:00-04:00,101.46,101.57,101.46,101.475,2495.0
2026-03-11T15:15:00-04:00,101.45,101.6,101.41,101.57,26254.0
2026-03-11T15:20:00-04:00,101.6,101.645,101.45,101.55,51211.0
2026-03-11T15:25:00-04:00,101.59,101.93,101.57,101.77,20466.0
2026-03-11T15:30:00-04:00,101.8,101.85,101.57,101.85,87193.0
2026-03-11T15:35:00-04:00,101.86,101.92,101.78,101.915,11648.0
2026-03-11T15:40:00-04:00,101.91,102.17,101.91,102.17,16854.0
2026-03-11T15:45:00-04:00,102.18,102.25,102.12,102.23,77116.0
2026-03-11T15:50:00-04:00,102.235,102.275,102.019997,102.265,34040.0
2026-03-11T15:55:00-04:00,102.2747,102.56,102.19,102.48,87836.0
2026-03-12T09:30:00-04:00,101.98,102.44,101.28,101.645,66070.0
2026-03-12T09:35:00-04:00,101.46,101.71,100.39,100.57,47432.0
2026-03-12T09:40:00-04:00,100.54,101.010002,100.39,100.42,54420.0
2026-03-12T09:45:00-04:00,100.33,100.615,100.080002,100.49,47419.0
2026-03-12T09:50:00-04:00,100.62,101.040001,100.175,100.295,45352.0
2026-03-12T09:55:00-04:00,100.24,100.5561,100.21,100.5561,24431.0
2026-03-12T10:00:00-04:00,100.66,101.37,100.59,101.17,28510.0
2026-03-12T10:05:00-04:00,101.07,101.080002,100.61,100.63,46699.0
2026-03-12T10:10:00-04:00,100.61,101.11,100.61,101.029999,33298.0
2026-03-12T10:15:00-04:00,101.16,101.19,100.69,100.74,16868.0
2026-03-12T10:20:00-04:00,100.76,100.85,100.33,100.48,27951.0
2026-03-12T10:25:00-04:00,100.48,100.75,100.07,100.24,51307.0
2026-03-12T10:30:00-04:00,100.31,100.47,99.6504,99.885,27390.0
2026-03-12T10:35:00-04:00,99.88,100.2,99.46,99.78,33097.0
2026-03-12T10:40:00-04:00,99.83,99.97,99.6118,99.96,28570.0
2026-03-12T10:45:00-04:00,99.93,100.3475,99.13,99.1924,40974.0
2026-03-12T10:50:00-04:00,99.195,99.64,99.07,99.64,33542.0
2026-03-12T10:55:00-04:00,99.66,99.79,99.56,99.59,15083.0
2026-03-12T11:00:00-04:00,99.57,99.79,99.29,99.37,21170.0
2026-03-12T11:05:00-04:00,99.33,99.45,98.78,98.85,23763.0
2026-03-12T11:10:00-04:00,98.835,98.835,98.265,98.6,14942.0
2026-03-12T11:15:00-04:00,98.72,98.94,98.52,98.79,30967.0
2026-03-12T11:20:00-04:00,98.77,98.9632,98.59,98.92,18263.0
2026-03-12T11:25:00-04:00,98.89,99.25,98.8,99.059998,62516.0
2026-03-12T11:30:00-04:00,98.98,99.24,98.9322,99.23,15635.0
2026-03-12T11:35:00-04:00,99.14,99.54,98.65,99.51,38248.0
2026-03-12T11:40:00-04:00,99.62,99.788,99.32,99.59,22418.0
2026-03-12T11:45:00-04:00,99.7299,99.745,99.44,99.58,27001.0
2026-03-12T11:50:00-04:00,99.56,100.07,99.41,99.88,23666.0
2026-03-12T11:55:00-04:00,99.84,100.0,99.68,100.0,5509.0
2026-03-12T12:00:00-04:00,99.96,100.125,99.94,100.080101,11195.0
2026-03-12T12:05:00-04:00,100.0,100.2,99.6,99.7025,7200.0
2026-03-12T12:10:00-04:00,99.665,99.81,99.41,99.8001,13921.0
2026-03-12T12:15:00-04:00,99.82,100.305,99.82,100.25,10918.0
2026-03-12T12:20:00-04:00,100.28,100.69,100.28,100.31,13859.0
2026-03-12T12:25:00-04:00,100.31,100.31,100.11,100.11,3032.0
2026-03-12T12:30:00-04:00,100.019997,100.42,99.96,100.28,48741.0
2026-03-12T12:35:00-04:00,100.33,100.6,100.26,100.6,8071.0
2026-03-12T12:40:00-04:00,100.57,100.82,100.53,100.725,3055.0
2026-03-12T12:45:00-04:00,100.62,100.62,100.32,100.53,10765.0
2026-03-12T12:50:00-04:00,100.4801,100.575,100.22,100.225,5635.0
2026-03-12T12:55:00-04:00,100.3,100.35,100.16,100.16,26608.0
2026-03-12T13:00:00-04:00,100.28,100.61,100.24,100.56,15120.0
2026-03-12T13:05:00-04:00,100.56,100.78,100.4,100.495,13346.0
2026-03-12T13:10:00-04:00,100.58,100.58,100.32,100.37,8263.0
2026-03-12T13:15:00-04:00,100.345,100.42,100.13,100.19,18902.0
2026-03-12T13:20:00-04:00,100.089996,100.3946,100.059998,100.25,2380.0
2026-03-12T13:25:00-04:00,100.19,100.22,100.105,100.13,1931.0
2026-03-12T13:30:00-04:00,100.0,100.22,99.97,99.97,2561.0
2026-03-12T13:35:00-04:00,99.975,100.18,99.97,100.13,5371.0
2026-03-12T13:40:00-04:00,100.17,100.29,100.029999,100.050003,5203.0
2026-03-12T13:45:00-04:00,100.035004,100.11,99.75,99.97,5905.0
2026-03-12T13:50:00-04:00,99.99,100.029999,99.82,100.025002,2980.0
2026-03-12T13:55:00-04:00,100.0,100.020103,99.77,99.89,17741.0
2026-03-12T14:00:00-04:00,99.9563,100.3,99.8901,100.07,5148.0
2026-03-12T14:05:00-04:00,100.07,100.5,100.07,100.37,5032.0
2026-03-12T14:10:00-04:00,100.332,100.4,100.22,100.29,5681.0
2026-03-12T14:15:00-04:00,100.42,100.55,100.26,100.34,15359.0
2026-03-12T14:20:00-04:00,100.095001,100.58,100.080002,100.5,3678.0
2026-03-12T14:25:00-04:00,100.4,100.49,100.23,100.26,5413.0
2026-03-12T14:30:00-04:00,100.3001,100.69,100.3001,100.51,3348.0
2026-03-12T14:35:00-04:00,100.53,100.68,100.46,100.63,5518.0
2026-03-12T14:40:00-04:00,100.58,100.635,100.48,100.5201,5127.0
2026-03-12T14:45:00-04:00,100.55,100.6,100.35,100.385,8595.0
2026-03-12T14:50:00-04:00,100.4,100.635,100.4,100.635,2416.0
2026-03-12T14:55:00-04:00,100.5,100.5,100.22,100.22,10665.0
2026-03-12T15:00:00-04:00,100.27,100.47,100.0,100.22,12070.0
2026-03-12T15:05:00-04:00,100.27,100.56,100.24,100.56,5774.0
2026-03-12T15:10:00-04:00,100.55,100.55,100.31,100.4193,7883.0
2026-03-12T15:15:00-04:00,100.48,100.61,100.22,100.22,17538.0
2026-03-12T15:20:00-04:00,100.18,100.285,100.11,100.21,7394.0
2026-03-12T15:25:00-04:00,100.16,100.305,100.099998,100.265,5888.0
2026-03-12T15:30:00-04:00,100.33,100.45,100.24,100.32,8222.0
2026-03-12T15:35:00-04:00,100.35,100.46,100.21,100.34,24648.0
2026-03-12T15:40:00-04:00,100.38,100.41,100.065002,100.1556,23837.0
2026-03-12T15:45:00-04:00,100.21,100.21,99.93,100.028,26740.0
2026-03-12T15:50:00-04:00,100.0,100.080002,99.8001,100.040001,120028.0
2026-03-12T15:55:00-04:00,100.044998,100.059998,99.611,99.78,143556.0
2026-03-13T09:30:00-04:00,98.66,99.32,97.93,98.91,168236.0
2026-03-13T09:35:00-04:00,98.96,99.27,98.31,99.12,35654.0
2026-03-13T09:40:00-04:00,99.11,99.11,98.32,98.99,55083.0
2026-03-13T09:45:00-04:00,99.059998,99.31,98.86,99.059998,51050.0
2026-03-13T09:50:00-04:00,99.18,99.21,98.7,98.95,47380.0
2026-03-13T09:55:00-04:00,98.89,98.91,98.22,98.5318,68900.0
2026-03-13T10:00:00-04:00,98.54,99.010002,98.45,98.62,24521.0
2026-03-13T10:05:00-04:00,98.6,98.69,97.9468,98.12,56824.0
2026-03-13T10:10:00-04:00,98.24,98.28,97.44,97.575,122300.0
2026-03-13T10:15:00-04:00,97.5,97.61,96.905,97.36,44965.0
2026-03-13T10:20:00-04:00,97.42,97.6354,96.96,97.1309,27134.0
2026-03-13T10:25:00-04:00,97.31,97.37,96.975,97.22,29699.0
2026-03-13T10:30:00-04:00,97.16,97.78,97.044998,97.56,27126.0
2026-03-13T10:35:00-04:00,97.48,97.77,97.25,97.2901,19706.0
2026-03-13T10:40:00-04:00,97.3,97.3,96.79,96.86,35453.0
2026-03-13T10:45:00-04:00,96.78,97.34,96.68,97.080002,27568.0
2026-03-13T10:50:00-04:00,97.080002,97.080002,96.050003,96.11,46000.0
2026-03-13T10:55:00-04:00,96.17,96.2,95.040001,95.14,63738.0
2026-03-13T11:00:00-04:00,95.14,95.78,95.14,95.72,20050.0
2026-03-13T11:05:00-04:00,95.8,96.029999,95.65,96.0,33380.0
2026-03-13T11:10:00-04:00,96.040001,96.37,95.86,96.12,19209.0
2026-03-13T11:15:00-04:00,96.22,96.22,95.81,95.86,20591.0
2026-03-13T11:20:00-04:00,95.875,96.16,95.73,95.73,17794.0
2026-03-13T11:25:00-04:00,95.65,96.0,95.51,95.91,14776.0
2026-03-13T11:30:00-04:00,95.8801,95.95,95.54,95.78,47172.0
2026-03-13T11:35:00-04:00,95.78,95.81,95.24,95.54,30962.0
2026-03-13T11:40:00-04:00,95.58,95.66,94.87,95.084999,44157.0
2026-03-13T11:45:00-04:00,95.084999,95.535,94.95,95.185,42848.0
2026-03-13T11:50:00-04:00,95.15,95.17,94.71,94.7724,47146.0
2026-03-13T11:55:00-04:00,94.71,94.7799,94.59,94.6825,23481.0
2026-03-13T12:00:00-04:00,94.67,94.8,94.3163,94.3163,25526.0
2026-03-13T12:05:00-04:00,94.31,94.51,94.052002,94.42,66523.0
2026-03-13T12:10:00-04:00,94.46,94.73,94.24,94.55,21206.0
2026-03-13T12:15:00-04:00,94.58,94.775,94.49,94.49,22031.0
2026-03-13T12:20:00-04:00,94.6,94.89,94.53,94.66,15472.0
2026-03-13T12:25:00-04:00,94.7,94.785,94.39,94.7,16802.0
2026-03-13T12:30:00-04:00,94.73,94.869,94.59,94.79,20968.0
2026-03-13T12:35:00-04:00,94.765,95.255,94.74,94.85,17762.0
2026-03-13T12:40:00-04:00,94.82,95.14,94.81,94.96,11085.0
2026-03-13T12:45:00-04:00,95.019997,95.059998,94.78,94.97,17053.0
2026-03-13T12:50:00-04:00,94.98,95.37,94.98,95.23,14091.0
2026-03-13T12:55:00-04:00,95.29,95.31,94.995,95.070503,20678.0
2026-03-13T13:00:00-04:00,95.040001,95.42,95.040001,95.17,9776.0
2026-03-13T13:05:00-04:00,95.17,95.56,95.089996,95.4,14843.0
2026-03-13T13:10:00-04:00,95.35,95.78,95.14,95.57,24544.0
2026-03-13T13:15:00-04:00,95.65,95.82,95.48,95.68,9622.0
2026-03-13T13:20:00-04:00,95.7399,95.7586,95.47,95.705,14085.0
2026-03-13T13:25:00-04:00,95.66,95.66,95.25,95.51,16051.0
2026-03-13T13:30:00-04:00,95.555,95.62,95.37,95.5,32986.0
2026-03-13T13:35:00-04:00,95.545,95.66,95.43,95.568,33296.0
2026-03-13T13:40:00-04:00,95.53,95.53,95.07,95.23,41609.0
2026-03-13T13:45:00-04:00,95.23,95.34,94.78,94.8,56694.0
2026-03-13T13:50:00-04:00,94.79,94.98,94.67,94.81,25175.0
2026-03-13T13:55:00-04:00,94.86,94.92,94.67,94.7,16790.0
2026-03-13T14:00:00-04:00,94.78,95.18,94.78,95.18,15157.0
2026-03-13T14:05:00-04:00,95.089996,95.18,95.0,95.13,15146.0
2026-03-13T14:10:00-04:00,95.12,95.19,94.9,94.9,29055.0
2026-03-13T14:15:00-04:00,94.99,95.16,94.89,94.89,17288.0
2026-03-13T14:20:00-04:00,94.9,94.91,94.71,94.81,12717.0
2026-03-13T14:25:00-04:00,94.85,94.96,94.7,94.84,19269.0
2026-03-13T14:30:00-04:00,94.84435,95.23,94.79,95.12,15846.0
2026-03-13T14:35:00-04:00,95.099998,95.27,94.94,94.94,23331.0
2026-03-13T14:40:00-04:00,94.94,95.25,94.9,95.21,9964.0
2026-03-13T14:45:00-04:00,95.14,95.1801,94.99,95.1801,12136.0
2026-03-13T14:50:00-04:00,95.15,95.45,95.15,95.42,24995.0
2026-03-13T14:55:00-04:00,95.45,95.45,95.24,95.41,29895.0
2026-03-13T15:00:00-04:00,95.45,95.5,95.2,95.2,47553.0
2026-03-13T15:05:00-04:00,95.16,95.2012,94.98,95.040001,22055.0
2026-03-13T15:10:00-04:00,95.010002,95.059998,94.8,94.83,16406.0
2026-03-13T15:15:00-04:00,94.86,94.91,94.61,94.66,52137.0
2026-03-13T15:20:00-04:00,94.65,94.7199,94.34,94.61,90717.0
2026-03-13T15:25:00-04:00,94.595,94.67,94.17,94.2474,64937.0
2026-03-13T15:30:00-04:00,94.3,94.57,94.26,94.435,21697.0
2026-03-13T15:35:00-04:00,94.445,94.51,94.29,94.29,45443.0
2026-03-13T15:40:00-04:00,94.27,94.3,94.010002,94.089996,227513.0
2026-03-13T15:45:00-04:00,94.089996,94.2,93.93,94.089996,94733.0
2026-03-13T15:50:00-04:00,94.080002,94.43,93.68,94.35,78431.0
2026-03-13T15:55:00-04:00,94.4,94.52,94.11,94.31,106133.0
2026-03-16T09:30:00-04:00,94.22,95.83,93.9023,95.82,204611.0
2026-03-16T09:35:00-04:00,95.8,96.43,95.79,96.099998,136553.0
2026-03-16T09:40:00-04:00,96.15,96.47,95.8,96.46,94867.0
2026-03-16T09:45:00-04:00,96.47,96.62,95.79,96.2,104861.0
2026-03-16T09:50:00-04:00,96.2,96.57,96.12,96.44,82205.0
2026-03-16T09:55:00-04:00,96.48,96.5,96.14,96.445,43482.0
2026-03-16T10:00:00-04:00,96.49,96.51,96.029999,96.42,57339.0
2026-03-16T10:05:00-04:00,96.39,96.4,96.029999,96.1601,31406.0
2026-03-16T10:10:00-04:00,96.16,96.58,96.16,96.3529,35633.0
2026-03-16T10:15:00-04:00,96.41,96.43,96.019997,96.099998,47054.0
2026-03-16T10:20:00-04:00,96.07,96.33,95.77,95.83,40988.0
2026-03-16T10:25:00-04:00,95.78,95.94,95.4701,95.4701,30529.0
2026-03-16T10:30:00-04:00,95.48,95.48,94.895,95.059998,25468.0
2026-03-16T10:35:00-04:00,95.055,95.34,94.85,94.86,25637.0
2026-03-16T10:40:00-04:00,94.82,94.885,94.575,94.62,18151.0
2026-03-16T10:45:00-04:00,94.66,94.8052,94.21,94.775,56444.0
2026-03-16T10:50:00-04:00,94.775,94.775,94.41,94.61,39488.0
2026-03-16T10:55:00-04:00,94.58,94.76,94.44,94.67,36825.0
2026-03-16T11:00:00-04:00,94.7,94.9052,94.54,94.68,50533.0
2026-03-16T11:05:00-04:00,94.61,94.61,94.22,94.345,12191.0
2026-03-16T11:10:00-04:00,94.34,94.34,93.97,94.15,77090.0
2026-03-16T11:15:00-04:00,94.15,94.16,93.88,94.07,32290.0
2026-03-16T11:20:00-04:00,94.050003,94.21,94.010002,94.16,29340.0
2026-03-16T11:25:00-04:00,94.18,94.24,93.865,94.089996,42155.0
2026-03-16T11:30:00-04:00,94.029999,94.285,93.98,94.21,23622.0
2026-03-16T11:35:00-04:00,94.21,94.43,94.18,94.415,32489.0
2026-03-16T11:40:00-04:00,94.38,94.43,94.080002,94.080002,11219.0
2026-03-16T11:45:00-04:00,94.0,94.33,93.9901,94.15,17349.0
2026-03-16T11:50:00-04:00,94.11,94.15,93.66,93.77,29508.0
2026-03-16T11:55:00-04:00,93.795,93.795,93.29,93.57,24105.0
2026-03-16T12:00:00-04:00,93.52,93.57,93.33,93.33,9860.0
2026-03-16T12:05:00-04:00,93.36,93.5,93.28,93.315,15879.0
2026-03-16T12:10:00-04:00,93.37,93.645,93.35,93.61,24272.0
2026-03-16T12:15:00-04:00,93.58,93.69,93.41,93.43,117430.0
2026-03-16T12:20:00-04:00,93.4,93.435,92.87,92.915,90632.0
2026-03-16T12:25:00-04:00,92.91,92.98,92.58,92.61,54600.0
2026-03-16T12:30:00-04:00,92.635,92.76,92.39,92.46,52136.0
2026-03-16T12:35:00-04:00,92.43,92.82,92.4039,92.82,36221.0
2026-03-16T12:40:00-04:00,92.795,93.105,92.795,93.019997,26287.0
2026-03-16T12:45:00-04:00,92.99,93.18,92.9301,93.175,21539.0
2026-03-16T12:50:00-04:00,93.19,93.42,93.185,93.27,21269.0
2026-03-16T12:55:00-04:00,93.33,93.36,93.1201,93.145,19482.0
2026-03-16T13:00:00-04:00,93.2,93.53,93.16,93.22,18718.0
2026-03-16T13:05:00-04:00,93.14,93.45,93.14,93.42,14244.0
2026-03-16T13:10:00-04:00,93.44,93.97,93.44,93.97,34847.0
2026-03-16T13:15:00-04:00,93.98,94.17,93.9,94.17,18460.0
2026-03-16T13:20:00-04:00,94.2,94.4,94.17,94.38,17354.0
2026-03-16T13:25:00-04:00,94.46,94.57,94.4283,94.4501,11328.0
2026-03-16T13:30:00-04:00,94.4972,94.6,94.35,94.38,14369.0
2026-03-16T13:35:00-04:00,94.37,94.3817,94.185,94.185,6403.0
2026-03-16T13:40:00-04:00,94.2,94.31,94.16,94.16,14288.0
2026-03-16T13:45:00-04:00,94.14,94.36,93.98,94.13,18158.0
2026-03-16T13:50:00-04:00,94.099998,94.3859,93.9787,94.23,50983.0
2026-03-16T13:55:00-04:00,94.19,94.28,94.115,94.23,10638.0
2026-03-16T14:00:00-04:00,94.19,94.27,94.07,94.16,18888.0
2026-03-16T14:05:00-04:00,94.18,94.655,94.12,94.655,14017.0
2026-03-16T14:10:00-04:00,94.5656,94.66,94.52,94.5412,10310.0
2026-03-16T14:15:00-04:00,94.71,94.74,94.59,94.7,18709.0
2026-03-16T14:20:00-04:00,94.66,94.85,94.6495,94.74,11034.0
2026-03-16T14:25:00-04:00,94.75,94.97,94.74,94.88,10332.0
2026-03-16T14:30:00-04:00,94.95,95.014999,94.91,95.014999,5250.0
2026-03-16T14:35:00-04:00,94.98,95.21,94.89,95.13,140833.0
2026-03-16T14:40:00-04:00,95.080002,95.24,95.019997,95.07,105915.0
2026-03-16T14:45:00-04:00,95.11,95.22,95.099998,95.1001,4409.0
2026-03-16T14:50:00-04:00,95.22,95.36,95.22,95.31,33882.0
2026-03-16T14:55:00-04:00,95.295,95.3,95.081902,95.21,16696.0
2026-03-16T15:00:00-04:00,95.325,95.47,95.13,95.13,19634.0
2026-03-16T15:05:00-04:00,95.165,95.23,94.88,95.23,46387.0
2026-03-16T15:10:00-04:00,95.34,95.34,94.85,94.99,60525.0
2026-03-16T15:15:00-04:00,94.9481,95.040001,94.8772,94.915,8850.0
2026-03-16T15:20:00-04:00,94.88,94.96,94.765,94.765,12044.0
2026-03-16T15:25:00-04:00,94.69,94.79,94.568,94.725,27564.0
2026-03-16T15:30:00-04:00,94.75,94.76,94.64,94.74,42984.0
2026-03-16T15:35:00-04:00,94.73,94.96,94.65,94.93,24285.0
2026-03-16T15:40:00-04:00,94.92,95.029999,94.685,94.78,25283.0
2026-03-16T15:45:00-04:00,94.73,94.97,94.72,94.92,22519.0
2026-03-16T15:50:00-04:00,94.95,95.07,94.84,94.94,111721.0
2026-03-16T15:55:00-04:00,94.95,95.23,94.95,95.19,92371.0
2026-03-17T09:30:00-04:00,95.75,97.25,95.48,97.019997,102326.0
2026-03-17T09:35:00-04:00,96.95,97.029999,96.21,96.57,43237.0
2026-03-17T09:40:00-04:00,96.61,96.7,96.2,96.22,26156.0
2026-03-17T09:45:00-04:00,96.17,96.545,96.0,96.33,40464.0
2026-03-17T09:50:00-04:00,96.27,96.27,95.92,96.185,10775.0
2026-03-17T09:55:00-04:00,96.26,96.6499,96.23,96.61,8342.0
2026-03-17T10:00:00-04:00,96.63,96.78,96.31,96.43,22404.0
2026-03-17T10:05:00-04:00,96.45,96.84,96.45,96.83,31974.0
2026-03-17T10:10:00-04:00,96.85,96.95,96.68,96.815,67196.0
2026-03-17T10:15:00-04:00,96.83,96.9812,96.71,96.79,7704.0
2026-03-17T10:20:00-04:00,96.844,97.07,96.59,96.59,13973.0
2026-03-17T10:25:00-04:00,96.57,96.6,96.25,96.37,14131.0
2026-03-17T10:30:00-04:00,96.406,96.62,96.15,96.62,18004.0
2026-03-17T10:35:00-04:00,96.636,96.78,96.37,96.4,6565.0
2026-03-17T10:40:00-04:00,96.48,96.56,96.35,96.47,5200.0
2026-03-17T10:45:00-04:00,96.47,96.5341,96.26,96.26,7650.0
2026-03-17T10:50:00-04:00,96.24,96.25,95.93,96.07,14679.0
2026-03-17T10:55:00-04:00,96.14,96.2085,95.87,95.91,5706.0
2026-03-17T11:00:00-04:00,95.8337,96.026299,95.73,95.73,7392.0
2026-03-17T11:05:00-04:00,95.79,95.81,95.32,95.39,12694.0
2026-03-17T11:10:00-04:00,95.38,95.43,95.099998,95.099998,17066.0
2026-03-17T11:15:00-04:00,95.080002,95.29,94.85,95.12,19077.0
2026-03-17T11:20:00-04:00,95.14,95.23,94.52,94.84,13217.0
2026-03-17T11:25:00-04:00,94.8,94.86,94.35,94.39,8464.0
2026-03-17T11:30:00-04:00,94.46,94.5299,94.22,94.23,10899.0
2026-03-17T11:35:00-04:00,94.25,94.285,93.78,93.99,14651.0
2026-03-17T11:40:00-04:00,93.92,94.205,93.675,94.205,13032.0
2026-03-17T11:45:00-04:00,94.16,94.39,94.15,94.24,8871.0
2026-03-17T11:50:00-04:00,94.275,94.5,94.21,94.425,9319.0
2026-03-17T11:55:00-04:00,94.43,94.605,94.395,94.47,8429.0
2026-03-17T12:00:00-04:00,94.46,94.46,94.080002,94.24,5555.0
2026-03-17T12:05:00-04:00,94.25,94.32,93.95,94.21,34468.0
2026-03-17T12:10:00-04:00,94.1501,94.26,94.010002,94.010002,4492.0
2026-03-17T12:15:00-04:00,93.96,94.059998,93.8,94.0,10138.0
2026-03-17T12:20:00-04:00,94.010002,94.12,93.8795,94.1199,10514.0
2026-03-17T12:25:00-04:00,94.12,94.25,94.0,94.24,31134.0
2026-03-17T12:30:00-04:00,94.23,94.35,94.18,94.28,3466.0
2026-03-17T12:35:00-04:00,94.46,94.47,94.3,94.3414,3986.0
2026-03-17T12:40:00-04:00,94.38,94.3872,94.17,94.3,4354.0
2026-03-17T12:45:00-04:00,94.28,94.3,94.1801,94.22,5705.0
2026-03-17T12:50:00-04:00,94.23,94.26,94.099998,94.25,6243.0
2026-03-17T12:55:00-04:00,94.245,94.3351,94.245,94.29,2759.0
2026-03-17T13:00:00-04:00,94.32,94.57,94.32,94.4868,9879.0
2026-03-17T13:05:00-04:00,94.55,94.61,94.5,94.58,3200.0
2026-03-17T13:10:00-04:00,94.51,94.55,94.060097,94.060097,49401.0
2026-03-17T13:15:00-04:00,94.24,94.24,94.029999,94.07,5304.0
2026-03-17T13:20:00-04:00,94.010002,94.17,94.0,94.125,3907.0
2026-03-17T13:25:00-04:00,94.099998,94.1555,94.019997,94.019997,2684.0
2026-03-17T13:30:00-04:00,94.084999,94.14,94.084999,94.089996,1293.0
2026-03-17T13:35:00-04:00,94.15,94.25,94.15,94.24,1142.0
2026-03-17T13:40:00-04:00,94.22,94.22,94.089996,94.14,3642.0
2026-03-17T13:45:00-04:00,94.07,94.18808,94.040001,94.18808,3874.0
2026-03-17T13:50:00-04:00,94.19,94.4552,94.19,94.4552,2936.0
2026-03-17T13:55:00-04:00,94.46,94.54,94.43,94.54,4299.0
2026-03-17T14:00:00-04:00,94.4901,94.715,94.4901,94.655,2233.0
2026-03-17T14:05:00-04:00,94.66,94.7701,94.59,94.755,5481.0
2026-03-17T14:10:00-04:00,94.88,94.9475,94.855,94.9475,2297.0
2026-03-17T14:15:00-04:00,94.915,94.934,94.8,94.934,3578.0
2026-03-17T14:20:00-04:00,94.9,95.014999,94.83,94.83,18819.0
2026-03-17T14:25:00-04:00,94.86,94.86,94.685,94.685,5226.0
2026-03-17T14:30:00-04:00,94.6639,94.79,94.64,94.7,25870.0
2026-03-17T14:35:00-04:00,94.695,94.82,94.63,94.66,9050.0
2026-03-17T14:40:00-04:00,94.645,94.69,94.41,94.43,8060.0
2026-03-17T14:45:00-04:00,94.46,94.67,94.46,94.6598,6762.0
2026-03-17T14:50:00-04:00,94.555,94.59,94.5183,94.54,1599.0
2026-03-17T14:55:00-04:00,94.54,94.56,94.285,94.3,4922.0
2026-03-17T15:00:00-04:00,94.275,94.31,94.11,94.13,5647.0
2026-03-17T15:05:00-04:00,94.080002,94.12,93.98,93.99,6013.0
2026-03-17T15:10:00-04:00,94.0049973,94.014999,93.86,93.935,24007.0
2026-03-17T15:15:00-04:00,93.93,93.98,93.87,93.895,15161.0
2026-03-17T15:20:00-04:00,93.87,93.96,93.82,93.865,21361.0
2026-03-17T15:25:00-04:00,93.97,93.97,93.74,93.84,11249.0
2026-03-17T15:30:00-04:00,93.84,93.99,93.67,93.73,14163.0
2026-03-17T15:35:00-04:00,93.74,93.76,93.67,93.67,14736.0
2026-03-17T15:40:00-04:00,93.67,93.74,93.6,93.68,11133.0
2026-03-17T15:45:00-04:00,93.7,93.84,93.61,93.84,32565.0
2026-03-17T15:50:00-04:00,93.85,94.099998,93.73,94.099998,27514.0
2026-03-17T15:55:00-04:00,94.099998,94.24,94.029999,94.23,52194.0
2026-03-18T09:30:00-04:00,90.64,90.7,88.68,88.95,259192.0
2026-03-18T09:35:00-04:00,89.010002,89.47,88.6,89.21,123697.0
2026-03-18T09:40:00-04:00,89.32,89.69,89.0016022,89.68,64131.0
2026-03-18T09:45:00-04:00,89.72,90.13,89.5,89.65,67085.0
2026-03-18T09:50:00-04:00,89.58,89.72,88.835,89.044998,70670.0
2026-03-18T09:55:00-04:00,89.065002,89.5,88.53,89.492,44792.0
2026-03-18T10:00:00-04:00,89.58,89.755,89.26,89.54,51357.0
2026-03-18T10:05:00-04:00,89.51,90.32,89.51,90.17,39325.0
2026-03-18T10:10:00-04:00,90.040001,90.33,89.62,89.665,31174.0
2026-03-18T10:15:00-04:00,89.6,89.85,89.29,89.31,40185.0
2026-03-18T10:20:00-04:00,89.32,89.37,89.0,89.23,31776.0
2026-03-18T10:25:00-04:00,89.39,89.41,89.12,89.27,10816.0
2026-03-18T10:30:00-04:00,89.15,89.495,89.040001,89.1496,30861.0
2026-03-18T10:35:00-04:00,89.22,89.23,88.88,89.010002,40508.0
2026-03-18T10:40:00-04:00,89.0,89.26,88.93,89.17,41549.0
2026-03-18T10:45:00-04:00,89.24,89.615,89.23,89.37,27295.0
2026-03-18T10:50:00-04:00,89.48,89.59,89.24,89.5,19399.0
2026-03-18T10:55:00-04:00,89.46,90.029999,89.41,89.95,18106.0
2026-03-18T11:00:00-04:00,90.040001,90.33,89.94,90.099998,26059.0
2026-03-18T11:05:00-04:00,90.050003,90.29,90.019997,90.065002,18276.0
2026-03-18T11:10:00-04:00,90.029999,90.029999,89.71,89.84,28471.0
2026-03-18T11:15:00-04:00,89.86,89.92,89.46,89.48,12692.0
2026-03-18T11:20:00-04:00,89.53,89.53,89.316,89.41,29392.0
2026-03-18T11:25:00-04:00,89.44,89.55,89.3501,89.4862,11780.0
2026-03-18T11:30:00-04:00,89.495,89.56,89.42,89.45,15226.0
2026-03-18T11:35:00-04:00,89.43,89.61,89.4,89.44,26658.0
2026-03-18T11:40:00-04:00,89.45,89.5,89.16,89.17,16345.0
2026-03-18T11:45:00-04:00,89.12,89.28,88.96,89.059998,24403.0
2026-03-18T11:50:00-04:00,89.080002,89.25,89.010002,89.21,24973.0
2026-03-18T11:55:00-04:00,89.16,89.34,89.13,89.2401,22798.0
2026-03-18T12:00:00-04:00,89.25,89.43,89.16,89.36,17896.0
2026-03-18T12:05:00-04:00,89.44,89.61,89.41,89.52,21503.0
2026-03-18T12:10:00-04:00,89.51,90.010002,89.51,89.92,30184.0
2026-03-18T12:15:00-04:00,89.895,89.92,89.57,89.75,22099.0
2026-03-18T12:20:00-04:00,89.77,89.82,89.6113,89.78,21688.0
2026-03-18T12:25:00-04:00,89.81,90.2,89.73,90.15,73773.0
2026-03-18T12:30:00-04:00,90.13,90.15,89.78,89.8,48804.0
2026-03-18T12:35:00-04:00,89.8,89.965,89.605,89.965,25385.0
2026-03-18T12:40:00-04:00,89.96,89.995,89.78,89.91,15751.0
2026-03-18T12:45:00-04:00,89.87,89.9,89.66,89.66,17763.0
2026-03-18T12:50:00-04:00,89.59,90.0,89.59,89.92,9040.0
2026-03-18T12:55:00-04:00,89.95,90.040001,89.84,89.84,14405.0
2026-03-18T13:00:00-04:00,89.81,89.85,89.68,89.81,9679.0
2026-03-18T13:05:00-04:00,89.8185,89.83,89.69,89.72,7534.0
2026-03-18T13:10:00-04:00,89.714,89.753,89.55,89.64,10951.0
2026-03-18T13:15:00-04:00,89.72,89.83,89.68,89.77,8162.0
2026-03-18T13:20:00-04:00,89.72,89.9,89.63,89.79,13082.0
2026-03-18T13:25:00-04:00,89.81,89.93,89.81,89.86,19225.0
2026-03-18T13:30:00-04:00,89.89,89.95,89.69,89.95,12036.0
2026-03-18T13:35:00-04:00,90.0,90.2,89.99,90.145,21101.0
2026-03-18T13:40:00-04:00,90.13,90.2,90.010002,90.2,19906.0
2026-03-18T13:45:00-04:00,90.1986,90.28,89.96,90.0,15481.0
2026-03-18T13:50:00-04:00,89.95,89.97,89.76,89.88,29255.0
2026-03-18T13:55:00-04:00,89.88,89.89,89.72,89.8899,6354.0
2026-03-18T14:00:00-04:00,89.82,89.97,89.69,89.8051,11209.0
2026-03-18T14:05:00-04:00,89.78,89.78,89.44,89.64,13540.0
2026-03-18T14:10:00-04:00,89.685,89.89,89.57,89.84,10503.0
2026-03-18T14:15:00-04:00,89.83,89.85,89.5,89.74,11128.0
2026-03-18T14:20:00-04:00,89.66,89.726,89.3,89.3,13475.0
2026-03-18T14:25:00-04:00,89.2301,89.45,89.2301,89.4494,3966.0
2026-03-18T14:30:00-04:00,89.455,89.54,89.28,89.4,9190.0
2026-03-18T14:35:00-04:00,89.37,89.9,89.17,89.17,17783.0
2026-03-18T14:40:00-04:00,89.1534,89.29,89.11,89.11,6460.0
2026-03-18T14:45:00-04:00,89.099998,89.099998,88.8,88.9,33410.0
2026-03-18T14:50:00-04:00,88.85,88.89,88.56,88.69,31750.0
2026-03-18T14:55:00-04:00,88.62,88.665,88.3,88.3,53336.0
2026-03-18T15:00:00-04:00,88.28,88.51,88.13,88.475,34407.0
2026-03-18T15:05:00-04:00,88.41,88.57,88.31,88.405,32053.0
2026-03-18T15:10:00-04:00,88.35,88.52,88.137,88.365,23393.0
2026-03-18T15:15:00-04:00,88.38,88.46,88.25,88.25,47347.0
2026-03-18T15:20:00-04:00,88.23,88.28,87.64,87.75,137339.0
2026-03-18T15:25:00-04:00,87.75,87.98,87.68,87.91,58003.0
2026-03-18T15:30:00-04:00,87.91,88.32,87.87,88.32,67813.0
2026-03-18T15:35:00-04:00,88.31,88.32,88.15,88.22,44133.0
2026-03-18T15:40:00-04:00,88.22,88.27,88.0049973,88.080002,81931.0
2026-03-18T15:45:00-04:00,88.050003,88.07,87.71,87.8,97115.0
2026-03-18T15:50:00-04:00,87.81,88.14,87.64,87.9,135641.0
2026-03-18T15:55:00-04:00,87.9,87.94,87.5614,87.94,154818.0
2026-03-19T09:30:00-04:00,80.905,81.735,80.36,81.31,682345.0
2026-03-19T09:35:00-04:00,81.3,81.31,80.089996,80.089996,151794.0
2026-03-19T09:40:00-04:00,80.029999,80.495,79.62,79.83,176248.0
2026-03-19T09:45:00-04:00,79.81,80.029999,78.925,79.64,154472.0
2026-03-19T09:50:00-04:00,79.69,80.62,79.42,80.54,249220.0
2026-03-19T09:55:00-04:00,80.5237,81.15,80.31,81.15,98013.0
2026-03-19T10:00:00-04:00,81.22,82.3,81.099998,82.07,71874.0
2026-03-19T10:05:00-04:00,82.13,82.29,81.62,81.7213,68573.0
2026-03-19T10:10:00-04:00,81.83,82.084999,81.39,81.69,58879.0
2026-03-19T10:15:00-04:00,81.61,81.76,80.96,81.099998,60401.0
2026-03-19T10:20:00-04:00,81.155,81.29,80.92,81.285,159631.0
2026-03-19T10:25:00-04:00,81.36,81.37,80.37,80.45,154430.0
2026-03-19T10:30:00-04:00,80.4,81.635,80.27,81.57,45056.0
2026-03-19T10:35:00-04:00,81.64,81.96,81.56,81.8,75801.0
2026-03-19T10:40:00-04:00,81.895,82.205,81.7,81.92,90358.0
2026-03-19T10:45:00-04:00,81.7901,82.25,81.54,82.077499,134056.0
2026-03-19T10:50:00-04:00,82.029999,82.35,81.9388,82.15,25759.0
2026-03-19T10:55:00-04:00,82.07,82.115,81.83,81.895,27452.0
2026-03-19T11:00:00-04:00,81.87,82.575,81.77,82.545,50996.0
2026-03-19T11:05:00-04:00,82.53,82.94,82.28,82.425,124850.0
2026-03-19T11:10:00-04:00,82.42,82.665,82.28,82.665,25038.0
2026-03-19T11:15:00-04:00,82.6,82.64,82.029999,82.029999,22185.0
2026-03-19T11:20:00-04:00,82.12,82.12,81.68,81.69,16403.0
2026-03-19T11:25:00-04:00,81.61,81.8,81.5613,81.795,26243.0
2026-03-19T11:30:00-04:00,81.65,81.6712,81.3301,81.335,109363.0
2026-03-19T11:35:00-04:00,81.29,81.505,81.24,81.505,52675.0
2026-03-19T11:40:00-04:00,81.37,81.535,81.17,81.45,55964.0
2026-03-19T11:45:00-04:00,81.43,81.65,81.21,81.535,51537.0
2026-03-19T11:50:00-04:00,81.53,81.595,81.099998,81.26,53244.0
2026-03-19T11:55:00-04:00,81.285,81.955,81.2,81.545,69895.0
2026-03-19T12:00:00-04:00,81.5,82.1425,81.37,82.0,45723.0
2026-03-19T12:05:00-04:00,82.010002,82.5,81.966,82.17,39732.0
2026-03-19T12:10:00-04:00,82.12,82.31,81.96,82.040001,30823.0
2026-03-19T12:15:00-04:00,82.019997,82.21,81.85,82.165,18521.0
2026-03-19T12:20:00-04:00,82.050003,82.14,81.83,81.98,12215.0
2026-03-19T12:25:00-04:00,82.089996,82.175,81.89,82.050003,20074.0
2026-03-19T12:30:00-04:00,82.059998,82.24,81.92,82.089996,14164.0
2026-03-19T12:35:00-04:00,82.07,82.07,81.63,81.85,31135.0
2026-03-19T12:40:00-04:00,81.95,82.195,81.84,81.94,35003.0
2026-03-19T12:45:00-04:00,82.010002,82.010002,81.49,81.515,20696.0
2026-03-19T12:50:00-04:00,81.46,81.55,81.07,81.34,70107.0
2026-03-19T12:55:00-04:00,81.3915,81.45,81.13,81.194,73765.0
2026-03-19T13:00:00-04:00,81.18,81.35,81.040001,81.14,66767.0
2026-03-19T13:05:00-04:00,81.13,81.35,80.8,80.985,36593.0
2026-03-19T13:10:00-04:00,80.995,81.35,80.995,81.18,37105.0
2026-03-19T13:15:00-04:00,81.17,81.3,80.96,81.3,19546.0
2026-03-19T13:20:00-04:00,81.3099,81.53,81.225,81.505,44196.0
2026-03-19T13:25:00-04:00,81.58,81.64,81.33,81.45,27031.0
2026-03-19T13:30:00-04:00,81.46,81.7,81.45,81.48,25641.0
2026-03-19T13:35:00-04:00,81.52,81.69,81.41,81.56,11805.0
2026-03-19T13:40:00-04:00,81.47,81.555,81.405,81.47,6352.0
2026-03-19T13:45:00-04:00,81.47,81.65,81.43,81.54,22338.0
2026-03-19T13:50:00-04:00,81.53,82.089996,81.48,81.9499,23237.0
2026-03-19T13:55:00-04:00,81.9075,81.94,81.65,81.73,19024.0
2026-03-19T14:00:00-04:00,81.7,81.76,81.5,81.59,97723.0
2026-03-19T14:05:00-04:00,81.59,81.605,81.3001,81.469,131114.0
2026-03-19T14:10:00-04:00,81.52,81.8099,81.51,81.62,58781.0
2026-03-19T14:15:00-04:00,81.63,81.71,81.28,81.57,93456.0
2026-03-19T14:20:00-04:00,81.53,81.74,81.5,81.64,13241.0
2026-03-19T14:25:00-04:00,81.62,81.64,81.28,81.28,19733.0
2026-03-19T14:30:00-04:00,81.29,81.45,81.24,81.395,51642.0
2026-03-19T14:35:00-04:00,81.37,81.46,81.26,81.4,42764.0
2026-03-19T14:40:00-04:00,81.36,81.45,81.31,81.355,38930.0
2026-03-19T14:45:00-04:00,81.34,81.34,81.25,81.28,41489.0
2026-03-19T14:50:00-04:00,81.27,81.3199,81.11,81.26,37365.0
2026-03-19T14:55:00-04:00,81.26,81.71,81.12,81.57,39717.0
2026-03-19T15:00:00-04:00,81.63,82.625,81.63,82.455,52583.0
2026-03-19T15:05:00-04:00,82.48,83.135,82.48,82.76,57499.0
2026-03-19T15:10:00-04:00,82.74,83.34,82.59,83.072502,97009.0
2026-03-19T15:15:00-04:00,83.14,83.26,82.76,83.15,75026.0
2026-03-19T15:20:00-04:00,83.050003,83.050003,82.73,82.75,25508.0
2026-03-19T15:25:00-04:00,82.74,82.79,82.55,82.67,30612.0
2026-03-19T15:30:00-04:00,82.75,82.88,82.4,82.515,70142.0
2026-03-19T15:35:00-04:00,82.5,82.65,82.18,82.65,46394.0
2026-03-19T15:40:00-04:00,82.605,82.685,82.49,82.55,27594.0
2026-03-19T15:45:00-04:00,82.55,82.6399,82.39,82.49,54048.0
2026-03-19T15:50:00-04:00,82.53,82.67,82.27,82.56,65549.0
2026-03-19T15:55:00-04:00,82.6,82.86,82.41,82.78,188208.0
2026-03-20T09:30:00-04:00,82.87,83.099998,81.9,81.9559,183289.0
2026-03-20T09:35:00-04:00,82.044998,82.26,81.84,82.14,59936.0
2026-03-20T09:40:00-04:00,82.010002,82.69,81.92,82.475,87305.0
2026-03-20T09:45:00-04:00,82.57,82.66,81.36,81.36,45936.0
2026-03-20T09:50:00-04:00,81.3,81.38,80.52,80.785,45356.0
2026-03-20T09:55:00-04:00,80.77,80.85,80.4,80.5,37335.0
2026-03-20T10:00:00-04:00,80.58,80.97,80.5,80.5301,56912.0
2026-03-20T10:05:00-04:00,80.7,80.995,80.3,80.62,20433.0
2026-03-20T10:10:00-04:00,80.56,80.9,79.77,79.825,47642.0
2026-03-20T10:15:00-04:00,79.825,79.97,79.62,79.87,86150.0
2026-03-20T10:20:00-04:00,79.76,79.91,79.58,79.86,31550.0
2026-03-20T10:25:00-04:00,79.8894,79.96,79.72,79.89,21203.0
2026-03-20T10:30:00-04:00,79.73,80.26,79.72,80.23,38404.0
2026-03-20T10:35:00-04:00,80.27,80.46,80.040001,80.31,33896.0
2026-03-20T10:40:00-04:00,80.18,80.43,80.089996,80.14,20678.0
2026-03-20T10:45:00-04:00,80.089996,80.43,79.98,80.11,22854.0
2026-03-20T10:50:00-04:00,80.0049973,80.16,79.54,79.54,28709.0
2026-03-20T10:55:00-04:00,79.64,80.24,79.55,80.13,17315.0
2026-03-20T11:00:00-04:00,80.25,80.59,79.9461,80.145,25926.0
2026-03-20T11:05:00-04:00,80.135,80.2,79.92,80.010002,15857.0
2026-03-20T11:10:00-04:00,80.035004,80.39,79.9901,80.36,17839.0
2026-03-20T11:15:00-04:00,80.32,80.5,80.050003,80.050003,24492.0
2026-03-20T11:20:00-04:00,80.040001,80.91,79.99,80.29,58400.0
2026-03-20T11:25:00-04:00,80.27,80.29,79.71,80.029999,29921.0
2026-03-20T11:30:00-04:00,80.0,80.27,79.93,80.12,14326.0
2026-03-20T11:35:00-04:00,80.16,80.24,79.9,79.9,39244.0
2026-03-20T11:40:00-04:00,79.86,79.9,79.67,79.83,18619.0
2026-03-20T11:45:00-04:00,79.77,79.8599,79.46,79.62,30525.0
2026-03-20T11:50:00-04:00,79.635,80.089996,79.51,79.9,53372.0
2026-03-20T11:55:00-04:00,79.77,79.87,79.67,79.845,13115.0
2026-03-20T12:00:00-04:00,79.827,80.48,79.827,80.48,14698.0
2026-03-20T12:05:00-04:00,80.405,80.49,80.26,80.335,21666.0
2026-03-20T12:10:00-04:00,80.3,80.5933,80.24,80.58,8492.0
2026-03-20T12:15:00-04:00,80.5159,80.69,80.35,80.68,20820.0
2026-03-20T12:20:00-04:00,80.74,80.8899,80.56,80.6,14358.0
2026-03-20T12:25:00-04:00,80.52,80.54,80.3301,80.43,10453.0
2026-03-20T12:30:00-04:00,80.5299,80.5299,80.13,80.43,15582.0
2026-03-20T12:35:00-04:00,80.5,80.56,80.32,80.41,20408.0
2026-03-20T12:40:00-04:00,80.365,80.49,80.16,80.16,6111.0
2026-03-20T12:45:00-04:00,80.089996,80.16,79.8901,79.9017,11595.0
2026-03-20T12:50:00-04:00,80.062401,80.14,79.82,80.099998,20872.0
2026-03-20T12:55:00-04:00,80.165,80.4,80.15,80.28,12691.0
2026-03-20T13:00:00-04:00,80.34,80.39,80.1501,80.39,5781.0
2026-03-20T13:05:00-04:00,80.27,80.56,80.115,80.31,90605.0
2026-03-20T13:10:00-04:00,80.43,80.43,80.19,80.21,4438.0
2026-03-20T13:15:00-04:00,80.28,80.28,80.059998,80.125,4035.0
2026-03-20T13:20:00-04:00,80.13,80.27,80.059998,80.059998,11132.0
2026-03-20T13:25:00-04:00,80.065002,80.13,79.85,79.96,11396.0
2026-03-20T13:30:00-04:00,79.95,79.97,79.6501,79.73,66455.0
2026-03-20T13:35:00-04:00,79.73,79.79,79.5,79.605,67929.0
2026-03-20T13:40:00-04:00,79.59,79.66,79.52,79.58,38640.0
2026-03-20T13:45:00-04:00,79.62,79.62,79.42,79.52,29456.0
2026-03-20T13:50:00-04:00,79.54,79.68,79.52,79.67,33952.0
2026-03-20T13:55:00-04:00,79.68,79.74,79.55,79.615,46577.0
2026-03-20T14:00:00-04:00,79.62,79.77,79.43,79.47,35446.0
2026-03-20T14:05:00-04:00,79.43,79.65,79.425,79.49,29644.0
2026-03-20T14:10:00-04:00,79.55,79.71,79.4,79.58,37048.0
2026-03-20T14:15:00-04:00,79.53,79.6,79.385,79.4204,45695.0
2026-03-20T14:20:00-04:00,79.46,79.48,78.96,79.080002,80534.0
2026-03-20T14:25:00-04:00,79.080002,79.3,79.059998,79.12,37246.0
2026-03-20T14:30:00-04:00,79.11,79.2,78.79,78.79,65619.0
2026-03-20T14:35:00-04:00,78.79,78.905,78.77,78.86,36848.0
2026-03-20T14:40:00-04:00,78.85,78.94,78.53,78.53,72537.0
2026-03-20T14:45:00-04:00,78.6,78.6,78.13,78.14,105335.0
2026-03-20T14:50:00-04:00,78.14,78.27,78.010002,78.059998,82161.0
2026-03-20T14:55:00-04:00,78.040001,78.040001,77.68,77.95,91380.0
2026-03-20T15:00:00-04:00,77.95,78.34,77.95,78.24,57042.0
2026-03-20T15:05:00-04:00,78.205,78.24,77.94,77.94,77358.0
2026-03-20T15:10:00-04:00,77.97,78.059998,77.58,77.965,202141.0
2026-03-20T15:15:00-04:00,77.96,78.21,77.92,78.050003,66453.0
2026-03-20T15:20:00-04:00,78.0,78.059998,77.855,77.89,72268.0
2026-03-20T15:25:00-04:00,77.86,78.13,77.86,78.010101,116060.0
2026-03-20T15:30:00-04:00,78.099998,78.53,78.099998,78.305,79447.0
2026-03-20T15:35:00-04:00,78.3,78.73,78.17,78.73,94638.0
2026-03-20T15:40:00-04:00,78.7,79.080002,78.65,79.080002,113349.0
2026-03-20T15:45:00-04:00,79.059998,79.059998,78.69,78.77,215714.0
2026-03-20T15:50:00-04:00,78.79,79.175,78.65,79.07,110022.0
2026-03-20T15:55:00-04:00,79.010002,79.32,78.81,79.15,143828.0
2026-03-23T09:30:00-04:00,79.67,80.84,79.5,80.84,602816.0
2026-03-23T09:35:00-04:00,80.72,81.91,80.59,81.36,153091.0
2026-03-23T09:40:00-04:00,81.43,82.4,80.95,81.93,81056.0
2026-03-23T09:45:00-04:00,81.88,82.63,81.75,82.5612,51106.0
2026-03-23T09:50:00-04:00,82.56,83.25,82.56,83.16,51187.0
2026-03-23T09:55:00-04:00,83.050003,83.2,82.79,83.2,55633.0
2026-03-23T10:00:00-04:00,83.28,83.9,83.19,83.38,70495.0
2026-03-23T10:05:00-04:00,83.34,83.4,83.12,83.33,70666.0
2026-03-23T10:10:00-04:00,83.35,83.5,83.080002,83.32,97057.0
2026-03-23T10:15:00-04:00,83.3,83.85,83.245,83.57,69308.0
2026-03-23T10:20:00-04:00,83.59,84.0,83.43,84.0,77227.0
2026-03-23T10:25:00-04:00,83.985,84.125,83.51,83.81,64174.0
2026-03-23T10:30:00-04:00,83.75,83.92,83.53,83.79,64847.0
2026-03-23T10:35:00-04:00,83.76,83.85,83.36,83.47,42101.0
2026-03-23T10:40:00-04:00,83.47,83.59,83.2615,83.51,30690.0
2026-03-23T10:45:00-04:00,83.4,83.53,83.13,83.35,31558.0
2026-03-23T10:50:00-04:00,83.305,83.48,82.85,83.39,32105.0
2026-03-23T10:55:00-04:00,83.42,83.61,83.33,83.46,56588.0
2026-03-23T11:00:00-04:00,83.51,84.059998,83.45,84.0,96022.0
2026-03-23T11:05:00-04:00,84.040001,84.33,83.96,84.185,33882.0
2026-03-23T11:10:00-04:00,84.18,84.18,83.91,83.97,43500.0
2026-03-23T11:15:00-04:00,83.985,84.010002,83.385,83.46,29770.0
2026-03-23T11:20:00-04:00,83.38,83.7982,83.21,83.75,51685.0
2026-03-23T11:25:00-04:00,83.715,83.715,83.275,83.37,25135.0
2026-03-23T11:30:00-04:00,83.34,83.47,83.019997,83.029999,46789.0
2026-03-23T11:35:00-04:00,83.040001,83.040001,82.485,82.52,32003.0
2026-03-23T11:40:00-04:00,82.53,82.64,82.3,82.37,30679.0
2026-03-23T11:45:00-04:00,82.35,82.42,82.050003,82.31,55327.0
2026-03-23T11:50:00-04:00,82.24,82.41,81.8601,82.18,56843.0
2026-03-23T11:55:00-04:00,82.17,82.2,81.23,81.41,50176.0
2026-03-23T12:00:00-04:00,81.48,81.7,81.25,81.48,50359.0
2026-03-23T12:05:00-04:00,81.45,81.75,81.33,81.7,50750.0
2026-03-23T12:10:00-04:00,81.58,82.099998,81.48,82.019997,33371.0
2026-03-23T12:15:00-04:00,82.019997,82.12,81.76,81.87,43431.0
2026-03-23T12:20:00-04:00,81.84,82.013397,81.681,81.735,53015.0
2026-03-23T12:25:00-04:00,81.74,81.745,81.295,81.295,28215.0
2026-03-23T12:30:00-04:00,81.365,81.67,81.365,81.67,29398.0
2026-03-23T12:35:00-04:00,81.71,81.85,81.5813,81.5813,65073.0
2026-03-23T12:40:00-04:00,81.72,82.025002,81.67,82.0049973,23010.0
2026-03-23T12:45:00-04:00,81.99,82.37,81.96,82.3,44170.0
2026-03-23T12:50:00-04:00,82.2219,82.4,82.029999,82.11,28258.0
2026-03-23T12:55:00-04:00,82.15,82.1531,81.71,81.73,171621.0
2026-03-23T13:00:00-04:00,81.8,81.99,81.64,81.73,13942.0
2026-03-23T13:05:00-04:00,81.68,82.17,81.66,82.099998,15918.0
2026-03-23T13:10:00-04:00,82.108,82.26,82.029999,82.029999,19760.0
2026-03-23T13:15:00-04:00,82.050003,82.29,81.92,82.22,23515.0
2026-03-23T13:20:00-04:00,82.25,82.35,82.010002,82.29,20258.0
2026-03-23T13:25:00-04:00,82.295,82.5,82.295,82.41,16757.0
2026-03-23T13:30:00-04:00,82.41,82.95,82.39,82.85,38341.0
2026-03-23T13:35:00-04:00,82.885,83.29,82.885,83.13,21770.0
2026-03-23T13:40:00-04:00,83.14,83.17,82.91,82.93,12598.0
2026-03-23T13:45:00-04:00,82.79,82.79,82.54,82.65,10238.0
2026-03-23T13:50:00-04:00,82.62,82.79,82.54,82.79,10991.0
2026-03-23T13:55:00-04:00,82.7,82.83,82.69,82.8,13506.0
2026-03-23T14:00:00-04:00,82.79,82.81,82.66,82.71,13112.0
2026-03-23T14:05:00-04:00,82.71,82.82,82.22,82.56,24601.0
2026-03-23T14:10:00-04:00,82.595,82.79,82.57,82.66,16062.0
2026-03-23T14:15:00-04:00,82.65,82.66,82.395,82.61,20786.0
2026-03-23T14:20:00-04:00,82.5,82.7,82.48,82.7,21251.0
2026-03-23T14:25:00-04:00,82.675,82.87,82.64,82.725,16078.0
2026-03-23T14:30:00-04:00,82.78,83.24,82.78,83.24,13739.0
2026-03-23T14:35:00-04:00,83.28,83.49,83.16,83.3,27955.0
2026-03-23T14:40:00-04:00,83.24,83.42,83.24,83.3,11954.0
2026-03-23T14:45:00-04:00,83.25,83.265,83.099998,83.25,10120.0
2026-03-23T14:50:00-04:00,83.22,83.22,82.98,83.099998,15169.0
2026-03-23T14:55:00-04:00,83.07,83.11,82.98,83.035004,16006.0
2026-03-23T15:00:00-04:00,83.080002,83.099998,82.66,82.7299,48626.0
2026-03-23T15:05:00-04:00,82.73,82.92,82.73,82.92,27487.0
2026-03-23T15:10:00-04:00,82.94,82.95,82.36,82.4,34106.0
2026-03-23T15:15:00-04:00,82.42,82.5,82.3,82.49,124196.0
2026-03-23T15:20:00-04:00,82.5,82.5,82.31,82.37,47090.0
2026-03-23T15:25:00-04:00,82.375,82.53,82.23,82.525,70703.0
2026-03-23T15:30:00-04:00,82.59,82.65,82.51,82.54,32684.0
2026-03-23T15:35:00-04:00,82.5566,82.58,82.47,82.51,41832.0
2026-03-23T15:40:00-04:00,82.49,82.7,82.45,82.7,26763.0
2026-03-23T15:45:00-04:00,82.7,82.76,82.6,82.62,39879.0
2026-03-23T15:50:00-04:00,82.63,82.66,82.4,82.52,69607.0
2026-03-23T15:55:00-04:00,82.51,82.82,82.44,82.75,130079.0
2026-03-24T09:30:00-04:00,81.5,82.46,81.22,81.835,99043.0
2026-03-24T09:35:00-04:00,81.73,81.883,80.77,80.815,50693.0
2026-03-24T09:40:00-04:00,80.72,80.8699,80.37,80.7899,44382.0
2026-03-24T09:45:00-04:00,80.79,81.47,80.66,81.11,60753.0
2026-03-24T09:50:00-04:00,81.029999,81.77,80.88,81.5,33307.0
2026-03-24T09:55:00-04:00,81.52,82.2,81.52,82.2,32832.0
2026-03-24T10:00:00-04:00,82.2,82.54,82.13,82.42,17401.0
2026-03-24T10:05:00-04:00,82.45,82.54,82.0,82.26,32132.0
2026-03-24T10:10:00-04:00,82.31,82.53,81.93,82.3,19881.0
2026-03-24T10:15:00-04:00,82.19,82.25,82.070099,82.25,6538.0
2026-03-24T10:20:00-04:00,82.2709,82.72,82.23,82.72,22857.0
2026-03-24T10:25:00-04:00,82.705,82.7888,82.42,82.5,18116.0
2026-03-24T10:30:00-04:00,82.49,82.78,82.36,82.695,13537.0
2026-03-24T10:35:00-04:00,82.76,82.89,82.37,82.605,33997.0
2026-03-24T10:40:00-04:00,82.7641,83.0933,82.68,82.81,143962.0
2026-03-24T10:45:00-04:00,82.815,83.13,82.64,82.64,19378.0
2026-03-24T10:50:00-04:00,82.64,83.69,82.505,82.995,40993.0
2026-03-24T10:55:00-04:00,82.91,83.18,82.62,82.8,7979.0
2026-03-24T11:00:00-04:00,82.93,83.18,82.61,82.91,16096.0
2026-03-24T11:05:00-04:00,82.97,83.17,82.96,83.13,6838.0
2026-03-24T11:10:00-04:00,83.12,83.1599,82.86,83.080002,27261.0
2026-03-24T11:15:00-04:00,83.14,83.3,83.099998,83.29,13008.0
2026-03-24T11:20:00-04:00,83.26,83.35,83.059998,83.35,8735.0
2026-03-24T11:25:00-04:00,83.33,83.52,83.33,83.41,4101.0
2026-03-24T11:30:00-04:00,83.46,83.565,83.29,83.42,27356.0
2026-03-24T11:35:00-04:00,83.435,83.61,83.39,83.43,25403.0
2026-03-24T11:40:00-04:00,83.5099,83.6999,83.44,83.58,11116.0
2026-03-24T11:45:00-04:00,83.43,83.54,83.32,83.525,18486.0
2026-03-24T11:50:00-04:00,83.54,83.57,83.45,83.45,9278.0
2026-03-24T11:55:00-04:00,83.43,83.43,82.9675,83.059998,30599.0
2026-03-24T12:00:00-04:00,83.054001,83.054001,82.8,82.8,5662.0
2026-03-24T12:05:00-04:00,82.83,82.89,82.76,82.88,11387.0
2026-03-24T12:10:00-04:00,82.9,82.9299,82.8001,82.925,9393.0
2026-03-24T12:15:00-04:00,82.965,83.38,82.965,83.38,4761.0
2026-03-24T12:20:00-04:00,83.43,83.52,83.33,83.4901,20531.0
2026-03-24T12:25:00-04:00,83.485,83.54,83.3,83.4,14913.0
2026-03-24T12:30:00-04:00,83.46,83.5,83.31,83.36,11021.0
2026-03-24T12:35:00-04:00,83.3975,83.3975,83.11,83.17,20922.0
2026-03-24T12:40:00-04:00,83.16,83.47,83.1151,83.405,15439.0
2026-03-24T12:45:00-04:00,83.505,83.545,83.3,83.3,6728.0
2026-03-24T12:50:00-04:00,83.46,83.6,83.45,83.45,9885.0
2026-03-24T12:55:00-04:00,83.37,83.54,83.3,83.41,19688.0
2026-03-24T13:00:00-04:00,83.425,83.53,83.07,83.07,21003.0
2026-03-24T13:05:00-04:00,82.95,82.95,82.6,82.7,13198.0
2026-03-24T13:10:00-04:00,82.57,82.82,82.44,82.6801,14484.0
2026-03-24T13:15:00-04:00,82.6801,82.74,82.52,82.6,7649.0
2026-03-24T13:20:00-04:00,82.545,82.7066,82.545,82.66,7504.0
2026-03-24T13:25:00-04:00,82.6,82.68,82.53,82.59,13703.0
2026-03-24T13:30:00-04:00,82.6,82.76,82.5,82.505,8852.0
2026-03-24T13:35:00-04:00,82.5223,82.63,82.35,82.63,11114.0
2026-03-24T13:40:00-04:00,82.61,82.68,82.27,82.3,7052.0
2026-03-24T13:45:00-04:00,82.27,82.48,82.2101,82.46,9164.0
2026-03-24T13:50:00-04:00,82.42,82.66,82.39,82.47,17226.0
2026-03-24T13:55:00-04:00,82.5,82.87,82.5,82.7075,14097.0
2026-03-24T14:00:00-04:00,82.73,83.010002,82.69,82.98,12736.0
2026-03-24T14:05:00-04:00,82.97,83.089996,82.91,83.040001,6898.0
2026-03-24T14:10:00-04:00,83.044998,83.23,82.9901,83.185,19043.0
2026-03-24T14:15:00-04:00,83.19,83.26,83.050003,83.26,11250.0
2026-03-24T14:20:00-04:00,83.27,83.3068,83.18,83.3,10829.0
2026-03-24T14:25:00-04:00,83.28,83.44,83.195,83.195,11312.0
2026-03-24T14:30:00-04:00,83.23,83.78,83.23,83.65,16200.0
2026-03-24T14:35:00-04:00,83.81,84.010002,83.79,84.010002,12157.0
2026-03-24T14:40:00-04:00,83.94,83.94,83.46,83.565,17745.0
2026-03-24T14:45:00-04:00,83.57,83.57,83.325,83.39,8500.0
2026-03-24T14:50:00-04:00,83.39,83.72,83.36,83.61,26759.0
2026-03-24T14:55:00-04:00,83.61,83.62,83.43,83.5,26370.0
2026-03-24T15:00:00-04:00,83.495,83.76,83.495,83.68,17515.0
2026-03-24T15:05:00-04:00,83.68,83.84,83.65,83.84,13336.0
2026-03-24T15:10:00-04:00,83.8,83.89,83.78,83.86,39303.0
2026-03-24T15:15:00-04:00,83.86,83.86,83.57,83.675,12783.0
2026-03-24T15:20:00-04:00,83.65,83.65,83.54,83.61,19013.0
2026-03-24T15:25:00-04:00,83.62,83.7,83.57,83.575,18510.0
2026-03-24T15:30:00-04:00,83.57,83.61,83.46,83.59,10809.0
2026-03-24T15:35:00-04:00,83.6,83.62,83.2117,83.27,26228.0
2026-03-24T15:40:00-04:00,83.265,83.46,83.23,83.41,11947.0
2026-03-24T15:45:00-04:00,83.37,83.45,83.36,83.435,22210.0
2026-03-24T15:50:00-04:00,83.43,83.62,83.36,83.52,41952.0
2026-03-24T15:55:00-04:00,83.495,83.52,83.3001,83.5,84335.0
2026-03-25T09:30:00-04:00,87.92,87.98,86.8,86.885,197833.0
2026-03-25T09:35:00-04:00,86.95,87.099998,86.45,86.45,85192.0
2026-03-25T09:40:00-04:00,86.59,86.92,86.44,86.62,53343.0
2026-03-25T09:45:00-04:00,86.64,86.67,85.72,85.75,42129.0
2026-03-25T09:50:00-04:00,85.71,86.12,85.35,86.050003,38054.0
2026-03-25T09:55:00-04:00,86.010002,86.15,85.76,85.86,29175.0
2026-03-25T10:00:00-04:00,85.85,85.99,85.47,85.52,50303.0
2026-03-25T10:05:00-04:00,85.55,85.6,85.035004,85.44,23087.0
2026-03-25T10:10:00-04:00,85.475,85.475,85.080002,85.335,16254.0
2026-03-25T10:15:00-04:00,85.42,85.86,85.39,85.74,38768.0
2026-03-25T10:20:00-04:00,85.86,86.025002,85.31,85.365,31034.0
2026-03-25T10:25:00-04:00,85.39,86.040001,85.3009,85.93,33239.0
2026-03-25T10:30:00-04:00,86.07,86.43,85.945,86.34,13664.0
2026-03-25T10:35:00-04:00,86.43,86.5999,86.3,86.52,13829.0
2026-03-25T10:40:00-04:00,86.49,86.6099,86.19,86.19,13814.0
2026-03-25T10:45:00-04:00,86.25,86.52,86.17,86.35,16474.0
2026-03-25T10:50:00-04:00,86.33,86.52,86.23,86.3512,15648.0
2026-03-25T10:55:00-04:00,86.36,86.61,86.36,86.6,720440.0
2026-03-25T11:00:00-04:00,86.65,86.69,86.34,86.525,14763.0
2026-03-25T11:05:00-04:00,86.525,86.545,86.040001,86.040001,14921.0
2026-03-25T11:10:00-04:00,86.0,86.074997,85.52,85.52,12823.0
2026-03-25T11:15:00-04:00,85.53,85.68,84.7,85.19,30765.0
2026-03-25T11:20:00-04:00,85.26,85.96,85.23,85.955,22907.0
2026-03-25T11:25:00-04:00,85.77,85.9199,85.69,85.88,8713.0
2026-03-25T11:30:00-04:00,85.92,86.019997,85.865,86.0,10509.0
2026-03-25T11:35:00-04:00,85.95,86.0,85.63,85.73,7900.0
2026-03-25T11:40:00-04:00,85.86,85.91,85.7,85.845,13920.0
2026-03-25T11:45:00-04:00,85.87,85.94,85.775,85.91,5456.0
2026-03-25T11:50:00-04:00,85.94,86.12,85.88,86.059998,9669.0
2026-03-25T11:55:00-04:00,86.055,86.31,85.95,85.95,19630.0
2026-03-25T12:00:00-04:00,86.0,86.1199,85.785,85.785,7684.0
2026-03-25T12:05:00-04:00,85.82,85.8581,85.61,85.76,6824.0
2026-03-25T12:10:00-04:00,85.72,85.7204,85.51,85.51,7320.0
2026-03-25T12:15:00-04:00,85.55,85.55,85.24,85.45,22631.0
2026-03-25T12:20:00-04:00,85.5,85.73,85.22,85.73,28216.0
2026-03-25T12:25:00-04:00,85.77,86.029999,85.77,85.9,7847.0
2026-03-25T12:30:00-04:00,86.0048981,86.1999,86.0048981,86.14,12036.0
2026-03-25T12:35:00-04:00,86.084999,86.29,86.084999,86.21,28247.0
2026-03-25T12:40:00-04:00,86.2,86.285,86.2,86.22,13858.0
2026-03-25T12:45:00-04:00,86.19,86.255,85.93,86.040001,26481.0
2026-03-25T12:50:00-04:00,86.065002,86.18,85.97,86.099998,6788.0
2026-03-25T12:55:00-04:00,86.080002,86.080002,85.9501,85.97,8239.0
2026-03-25T13:00:00-04:00,86.035004,86.18,85.95,86.14,8313.0
2026-03-25T13:05:00-04:00,86.1999,86.1999,85.89,85.89,4096.0
2026-03-25T13:10:00-04:00,85.9,86.12,85.83,86.010002,11096.0
2026-03-25T13:15:00-04:00,86.0401,86.0401,85.8656,86.019997,23024.0
2026-03-25T13:20:00-04:00,85.99,86.22,85.95,86.040001,6495.0
2026-03-25T13:25:00-04:00,86.089996,86.26,86.089996,86.16,12962.0
2026-03-25T13:30:00-04:00,86.25,86.42,86.16,86.3,21809.0
2026-03-25T13:35:00-04:00,86.37,86.44,86.2,86.2,15812.0
2026-03-25T13:40:00-04:00,86.23,86.34,86.12,86.17,13133.0
2026-03-25T13:45:00-04:00,86.099998,86.21,86.07,86.080002,5899.0
2026-03-25T13:50:00-04:00,86.010002,86.1083,85.74,85.8319,18443.0
2026-03-25T13:55:00-04:00,85.83,86.019997,85.75,85.75,5804.0
2026-03-25T14:00:00-04:00,85.805,86.019997,85.64,85.69,11786.0
2026-03-25T14:05:00-04:00,85.65,85.86,85.65,85.72,3277.0
2026-03-25T14:10:00-04:00,85.67,85.69,85.59,85.67,6839.0
2026-03-25T14:15:00-04:00,85.67,85.8,85.64,85.775,1247968.0
2026-03-25T14:20:00-04:00,85.81,86.049896,85.785,86.049896,6694.0
2026-03-25T14:25:00-04:00,86.021301,86.050003,85.78,85.83,19209.0
2026-03-25T14:30:00-04:00,85.845,86.019997,85.84,86.019997,3636.0
2026-03-25T14:35:00-04:00,85.95,85.95,85.8,85.85,4203.0
2026-03-25T14:40:00-04:00,85.8359,85.8359,85.72,85.77,11708.0
2026-03-25T14:45:00-04:00,85.76,85.82,85.69,85.69,30579.0
2026-03-25T14:50:00-04:00,85.61,85.64,85.45,85.59,36090.0
2026-03-25T14:55:00-04:00,85.55,85.69,85.245,85.69,19504.0
2026-03-25T15:00:00-04:00,85.62,85.62,85.3526,85.38,3313.0
2026-03-25T15:05:00-04:00,85.42,85.445,85.11,85.11,6892.0
2026-03-25T15:10:00-04:00,85.11,85.14,84.81,85.14,19766.0
2026-03-25T15:15:00-04:00,85.18,85.37,85.18,85.29,7795.0
2026-03-25T15:20:00-04:00,85.31,85.4,85.18,85.2,7797.0
2026-03-25T15:25:00-04:00,85.19,85.195,85.07,85.16,3950.0
2026-03-25T15:30:00-04:00,85.07,85.18,85.059998,85.175,5359.0
2026-03-25T15:35:00-04:00,85.1445,85.21,84.96,85.07,10909.0
2026-03-25T15:40:00-04:00,85.14,85.39,85.11,85.28,16636.0
2026-03-25T15:45:00-04:00,85.32,85.41,85.18,85.22,21843.0
2026-03-25T15:50:00-04:00,85.25,85.44,85.18,85.37,25603.0
2026-03-25T15:55:00-04:00,85.4,85.45,85.22,85.45,54575.0
2026-03-26T09:30:00-04:00,82.22,83.35,81.98,82.995,114124.0
2026-03-26T09:35:00-04:00,82.9318,83.85,82.89,83.34,30456.0
2026-03-26T09:40:00-04:00,83.425,84.07,83.089996,84.025002,52208.0
2026-03-26T09:45:00-04:00,84.0,84.6,83.96,84.41,24816.0
2026-03-26T09:50:00-04:00,84.41,84.67,84.17,84.36,79130.0
2026-03-26T09:55:00-04:00,84.36,84.43,83.87,84.43,48066.0
2026-03-26T10:00:00-04:00,84.43,84.435,83.76,83.86,73165.0
2026-03-26T10:05:00-04:00,83.77,84.13,83.675,84.13,33925.0
2026-03-26T10:10:00-04:00,84.17,84.19,83.71,84.040001,34853.0
2026-03-26T10:15:00-04:00,84.0,84.3299,83.99,84.059998,21376.0
2026-03-26T10:20:00-04:00,84.019997,84.46,83.9865,84.21,12864.0
2026-03-26T10:25:00-04:00,84.19,84.72,84.13,84.46,20972.0
2026-03-26T10:30:00-04:00,84.52,84.92,84.5,84.92,13899.0
2026-03-26T10:35:00-04:00,84.98,84.98,84.51,84.56,11611.0
2026-03-26T10:40:00-04:00,84.62,84.86,84.099998,84.19,10434.0
2026-03-26T10:45:00-04:00,83.95,84.089996,83.69,83.77,10824.0
2026-03-26T10:50:00-04:00,83.77,83.85,83.22,83.22,16365.0
2026-03-26T10:55:00-04:00,83.14,83.73,83.019997,83.73,5297.0
2026-03-26T11:00:00-04:00,83.8,84.059998,83.8,83.805,2081.0
2026-03-26T11:05:00-04:00,83.86,83.99,83.74,83.795,3788.0
2026-03-26T11:10:00-04:00,83.86,83.86,83.71,83.71,1322.0
2026-03-26T11:15:00-04:00,83.76,83.775,83.49,83.565,4389.0
2026-03-26T11:20:00-04:00,83.62,83.64,83.4,83.4501,9551.0
2026-03-26T11:25:00-04:00,83.55,83.761,83.48,83.7108,6539.0
2026-03-26T11:30:00-04:00,83.67,83.68,83.45,83.525,40565.0
2026-03-26T11:35:00-04:00,83.54,83.6272,83.37,83.42,11038.0
2026-03-26T11:40:00-04:00,83.55,83.55,83.24,83.25,8633.0
2026-03-26T11:45:00-04:00,83.315,83.32,83.040001,83.12,25829.0
2026-03-26T11:50:00-04:00,83.089996,83.24,83.050003,83.165,6787.0
2026-03-26T11:55:00-04:00,83.16,83.2,82.82,82.867,12943.0
2026-03-26T12:00:00-04:00,82.86,82.98,82.78,82.96,21768.0
2026-03-26T12:05:00-04:00,82.91,83.1916,82.8832,83.185,14580.0
2026-03-26T12:10:00-04:00,83.15,83.305,83.14,83.25,17661.0
2026-03-26T12:15:00-04:00,83.2,83.2,82.79,82.85,49598.0
2026-03-26T12:20:00-04:00,82.8,82.85,82.34,82.495,47251.0
2026-03-26T12:25:00-04:00,82.495,82.495,82.16,82.16,24791.0
2026-03-26T12:30:00-04:00,82.13,82.13,81.74,81.87,23738.0
2026-03-26T12:35:00-04:00,81.89,81.89,81.12,81.345,64739.0
2026-03-26T12:40:00-04:00,81.4,81.7499,81.4,81.645,33052.0
2026-03-26T12:45:00-04:00,81.62,82.010002,81.62,81.88,13799.0
2026-03-26T12:50:00-04:00,81.87,81.95,81.81,81.92,14443.0
2026-03-26T12:55:00-04:00,81.89,81.95,81.62,81.71,91624.0
2026-03-26T13:00:00-04:00,81.73,82.029999,81.73,82.0049973,9658.0
2026-03-26T13:05:00-04:00,82.0049973,82.1397,82.0,82.050003,14302.0
2026-03-26T13:10:00-04:00,81.99,81.99,81.86,81.89,41301.0
2026-03-26T13:15:00-04:00,81.895,82.080002,81.79,82.019997,18386.0
2026-03-26T13:20:00-04:00,82.014999,82.014999,81.78,81.875,4755.0
2026-03-26T13:25:00-04:00,81.83,81.83,81.6,81.72,20100.0
2026-03-26T13:30:00-04:00,81.8,82.0,81.78,82.0,7049.0
2026-03-26T13:35:00-04:00,82.0,82.055,81.95,82.029999,3926.0
2026-03-26T13:40:00-04:00,81.905,81.9375,81.73,81.73,11959.0
2026-03-26T13:45:00-04:00,81.78,81.92,81.68,81.735,17924.0
2026-03-26T13:50:00-04:00,81.69,81.69,81.45,81.47,11437.0
2026-03-26T13:55:00-04:00,81.46,81.47,81.335,81.335,18237.0
2026-03-26T14:00:00-04:00,81.4,81.69,81.37,81.6,13267.0
2026-03-26T14:05:00-04:00,81.72,81.8499,81.7,81.76,6617.0
2026-03-26T14:10:00-04:00,81.75,81.8,81.61,81.77,12929.0
2026-03-26T14:15:00-04:00,81.72,81.72,81.525,81.665,8083.0
2026-03-26T14:20:00-04:00,81.62,81.7,81.46,81.65,8291.0
2026-03-26T14:25:00-04:00,81.78,81.79,81.41,81.48,13389.0
2026-03-26T14:30:00-04:00,81.54,81.97,81.4801,81.97,10099.0
2026-03-26T14:35:00-04:00,81.95,82.13,81.95,82.089996,5510.0
2026-03-26T14:40:00-04:00,82.099998,82.16,82.07,82.145,9007.0
2026-03-26T14:45:00-04:00,82.1201,82.25,82.099998,82.25,6308.0
2026-03-26T14:50:00-04:00,82.19,82.28,82.15,82.215,4499.0
2026-03-26T14:55:00-04:00,82.15,82.2,82.080002,82.080002,4303.0
2026-03-26T15:00:00-04:00,82.15,82.17,81.82,81.82,5383.0
2026-03-26T15:05:00-04:00,81.865,81.865,81.62,81.62,4240.0
2026-03-26T15:10:00-04:00,81.655,81.655,81.5201,81.63,9910.0
2026-03-26T15:15:00-04:00,81.6,81.76,81.6,81.64,19153.0
2026-03-26T15:20:00-04:00,81.62,81.7699,81.62,81.705,48425.0
2026-03-26T15:25:00-04:00,81.68,81.69,81.38,81.39,83120.0
2026-03-26T15:30:00-04:00,81.42,81.47,81.33,81.43,68434.0
2026-03-26T15:35:00-04:00,81.42,81.67,81.41,81.57,72996.0
2026-03-26T15:40:00-04:00,81.555,81.6,81.33,81.33,90714.0
2026-03-26T15:45:00-04:00,81.33,81.37,81.2,81.295,92788.0
2026-03-26T15:50:00-04:00,81.31,81.38,81.15,81.16,194643.0
2026-03-26T15:55:00-04:00,81.16,81.39,81.089996,81.13,301784.0
2026-03-27T09:30:00-04:00,80.96,81.64,80.76,80.9681,107701.0
2026-03-27T09:35:00-04:00,81.11,81.6499,80.91,81.6499,76877.0
2026-03-27T09:40:00-04:00,81.62,81.63,81.12,81.2,46617.0
2026-03-27T09:45:00-04:00,81.24,81.69,81.029999,81.54,35514.0
2026-03-27T09:50:00-04:00,81.6009,81.6009,81.0,81.035004,38270.0
2026-03-27T09:55:00-04:00,80.95,81.39,80.81,81.3,21221.0
2026-03-27T10:00:00-04:00,81.31,82.14,81.25,81.99,21532.0
2026-03-27T10:05:00-04:00,82.050003,82.22,81.73,81.8,13814.0
2026-03-27T10:10:00-04:00,81.74,82.33,81.72,82.33,8921.0
2026-03-27T10:15:00-04:00,82.3,82.8,82.23,82.65,19143.0
2026-03-27T10:20:00-04:00,82.79,82.83,82.58,82.58,23357.0
2026-03-27T10:25:00-04:00,82.69,82.69,82.3,82.3613,15830.0
2026-03-27T10:30:00-04:00,82.4,82.53,82.13,82.42,10284.0
2026-03-27T10:35:00-04:00,82.475,82.53,82.3101,82.4,17406.0
2026-03-27T10:40:00-04:00,82.33,82.53,82.3,82.41,4336.0
2026-03-27T10:45:00-04:00,82.5,82.86,82.41,82.83,6270.0
2026-03-27T10:50:00-04:00,82.91,83.49,82.81,83.21,35654.0
2026-03-27T10:55:00-04:00,83.22,84.25,83.22,84.155,45492.0
2026-03-27T11:00:00-04:00,84.19,85.31,84.059998,85.235,56261.0
2026-03-27T11:05:00-04:00,85.195,85.195,84.45,84.53,52212.0
2026-03-27T11:10:00-04:00,84.63,85.029999,84.53,84.89,17613.0
2026-03-27T11:15:00-04:00,84.895,84.96,84.53,84.71,36425.0
2026-03-27T11:20:00-04:00,84.78,85.53,84.76,85.019997,25237.0
2026-03-27T11:25:00-04:00,85.14,85.25335,85.019997,85.094101,17349.0
2026-03-27T11:30:00-04:00,85.065002,85.33,84.96,85.2,28251.0
2026-03-27T11:35:00-04:00,85.099998,85.099998,84.81,84.87,12629.0
2026-03-27T11:40:00-04:00,84.88,84.88,84.55,84.615,13491.0
2026-03-27T11:45:00-04:00,84.67,84.79,84.55,84.62,18816.0
2026-03-27T11:50:00-04:00,84.63,84.76,84.5189,84.53,16665.0
2026-03-27T11:55:00-04:00,84.52,84.56,84.335,84.37,13665.0
2026-03-27T12:00:00-04:00,84.35,84.45,84.21,84.3001,12108.0
2026-03-27T12:05:00-04:00,84.4897,84.55,84.39,84.5,15674.0
2026-03-27T12:10:00-04:00,84.41,84.51,84.34,84.48,8400.0
2026-03-27T12:15:00-04:00,84.4,84.55,84.3801,84.45,12274.0
2026-03-27T12:20:00-04:00,84.55,84.7199,84.5101,84.64,4308.0
2026-03-27T12:25:00-04:00,84.575,84.69,84.51,84.58,9041.0
2026-03-27T12:30:00-04:00,84.7,84.79,84.5,84.59,11332.0
2026-03-27T12:35:00-04:00,84.55,84.55,84.33,84.36,5528.0
2026-03-27T12:40:00-04:00,84.31,84.58,84.23,84.55,26839.0
2026-03-27T12:45:00-04:00,84.545,84.95,84.48,84.92,13184.0
2026-03-27T12:50:00-04:00,84.88,84.92,84.69,84.69,8775.0
2026-03-27T12:55:00-04:00,84.64,84.75,84.58,84.66,4898.0
2026-03-27T13:00:00-04:00,84.61,84.61,84.46,84.5799,6767.0
2026-03-27T13:05:00-04:00,84.505,84.8,84.41,84.6599,9795.0
2026-03-27T13:10:00-04:00,84.5401,84.64,84.5,84.55,22789.0
2026-03-27T13:15:00-04:00,84.5,84.5,83.89,84.080002,170705.0
2026-03-27T13:20:00-04:00,84.07,84.2,83.955,83.9901,47884.0
2026-03-27T13:25:00-04:00,83.97,84.050003,83.68,83.84,28060.0
2026-03-27T13:30:00-04:00,83.83,83.89,83.77,83.865,4530.0
2026-03-27T13:35:00-04:00,83.91,83.91,83.74,83.74,4871.0
2026-03-27T13:40:00-04:00,83.74,83.74,83.56,83.6301,8058.0
2026-03-27T13:45:00-04:00,83.7028,83.9,83.7028,83.83,3764.0
2026-03-27T13:50:00-04:00,83.78,83.82,83.71,83.735,2525.0
2026-03-27T13:55:00-04:00,83.69,83.69,83.52,83.56,11843.0
2026-03-27T14:00:00-04:00,83.59,83.7,83.59,83.645,3203.0
2026-03-27T14:05:00-04:00,83.64,83.75,83.58,83.71,3648.0
2026-03-27T14:10:00-04:00,83.7,83.7,83.53,83.68,4449.0
2026-03-27T14:15:00-04:00,83.74,83.95,83.74,83.94,8197.0
2026-03-27T14:20:00-04:00,83.999,84.0,83.85,83.85,3136.0
2026-03-27T14:25:00-04:00,83.84,83.95,83.8,83.9,6886.0
2026-03-27T14:30:00-04:00,83.895,84.019997,83.895,84.019997,11761.0
2026-03-27T14:35:00-04:00,83.95,84.11,83.92,83.97,6746.0
2026-03-27T14:40:00-04:00,83.89,84.16,83.86,84.019997,14880.0
2026-03-27T14:45:00-04:00,83.98,83.98,83.8796,83.88,2822.0
2026-03-27T14:50:00-04:00,83.92,83.97,83.87,83.87,5096.0
2026-03-27T14:55:00-04:00,83.8101,83.845,83.635,83.7,6595.0
2026-03-27T15:00:00-04:00,83.72,83.86,83.705,83.705,4910.0
2026-03-27T15:05:00-04:00,83.705,83.73,83.5001,83.57,22091.0
2026-03-27T15:10:00-04:00,83.6036,83.7,83.54,83.665,9228.0
2026-03-27T15:15:00-04:00,83.66,83.83,83.66,83.78,5745.0
2026-03-27T15:20:00-04:00,83.73,83.87,83.68,83.71,9503.0
2026-03-27T15:25:00-04:00,83.72,83.72,83.65,83.71,5978.0
2026-03-27T15:30:00-04:00,83.74,83.82,83.65,83.735,13020.0
2026-03-27T15:35:00-04:00,83.76,83.78,83.61,83.62,13103.0
2026-03-27T15:40:00-04:00,83.55,83.55,83.37,83.41,13132.0
2026-03-27T15:45:00-04:00,83.37,83.49,83.21,83.4575,13468.0
2026-03-27T15:50:00-04:00,83.52,83.82,83.49,83.695,41575.0
2026-03-27T15:55:00-04:00,83.73,84.255,83.73,84.24,97700.0
2026-03-30T09:30:00-04:00,85.725,86.67,85.2851,85.33,196591.0
2026-03-30T09:35:00-04:00,85.27,85.84,84.83,85.425,82747.0
2026-03-30T09:40:00-04:00,85.4,85.47,84.67,84.79,78826.0
2026-03-30T09:45:00-04:00,84.7552,84.95,84.65,84.94,46162.0
2026-03-30T09:50:00-04:00,84.82,85.025002,84.755,84.79,19994.0
2026-03-30T09:55:00-04:00,84.84,84.84,83.86,84.16,44584.0
2026-03-30T10:00:00-04:00,84.21,84.73,84.21,84.5614,30280.0
2026-03-30T10:05:00-04:00,84.56,84.62,83.94,84.33,17432.0
2026-03-30T10:10:00-04:00,84.37,84.82,84.36,84.72,38884.0
2026-03-30T10:15:00-04:00,84.7472,84.7472,84.2,84.36,29323.0
2026-03-30T10:20:00-04:00,84.33,84.47,84.12,84.39,16040.0
2026-03-30T10:25:00-04:00,84.38,84.41,84.065002,84.205,30271.0
2026-03-30T10:30:00-04:00,84.3,84.6199,84.3,84.505,7637.0
2026-03-30T10:35:00-04:00,84.6,84.95,84.455,84.89,12531.0
2026-03-30T10:40:00-04:00,84.89,85.019997,84.63,84.63,17571.0
2026-03-30T10:45:00-04:00,84.54,84.91,84.2901,84.605,19314.0
2026-03-30T10:50:00-04:00,84.43,84.61,84.4,84.47,3836.0
2026-03-30T10:55:00-04:00,84.35,84.46,84.0,84.34,15807.0
2026-03-30T11:00:00-04:00,84.47,84.83076,84.47,84.74,8182.0
2026-03-30T11:05:00-04:00,84.81,84.81,84.21,84.26,9822.0
2026-03-30T11:10:00-04:00,84.36,84.64,84.36,84.46,6767.0
2026-03-30T11:15:00-04:00,84.44,84.44,84.19,84.2412,12057.0
2026-03-30T11:20:00-04:00,84.27,84.57,84.27,84.57,4729.0
2026-03-30T11:25:00-04:00,84.62,84.705,84.59,84.62,10546.0
2026-03-30T11:30:00-04:00,84.57,84.76,84.46,84.7,14012.0
2026-03-30T11:35:00-04:00,84.77,85.2279,84.77,85.22,7312.0
2026-03-30T11:40:00-04:00,85.2436,85.2436,85.11,85.145,22249.0
2026-03-30T11:45:00-04:00,85.17,85.26,85.019997,85.089996,14801.0
2026-03-30T11:50:00-04:00,85.099998,85.18,84.91,85.089996,31729.0
2026-03-30T11:55:00-04:00,85.099998,85.13,84.72,84.81,18620.0
2026-03-30T12:00:00-04:00,84.81,84.83,84.49,84.62,10609.0
2026-03-30T12:05:00-04:00,84.62,84.73,84.34,84.465,16369.0
2026-03-30T12:10:00-04:00,84.43,84.66,84.43,84.52,12883.0
2026-03-30T12:15:00-04:00,84.56,84.5698,84.415,84.5,17259.0
2026-03-30T12:20:00-04:00,84.51,84.53,84.215,84.28,10298.0
2026-03-30T12:25:00-04:00,84.26,84.27,83.97,84.050003,12319.0
2026-03-30T12:30:00-04:00,84.019997,84.34,84.019997,84.19,11245.0
2026-03-30T12:35:00-04:00,84.22,84.4,84.215,84.36,26694.0
2026-03-30T12:40:00-04:00,84.41,84.54,84.36,84.48,11337.0
2026-03-30T12:45:00-04:00,84.51,84.51,84.21,84.34,15386.0
2026-03-30T12:50:00-04:00,84.35,84.39,84.255,84.29,10229.0
2026-03-30T12:55:00-04:00,84.235,84.235,83.93,83.99,9366.0
2026-03-30T13:00:00-04:00,84.099998,84.19,83.85,83.87,14551.0
2026-03-30T13:05:00-04:00,83.81,84.07,83.79,84.07,8886.0
2026-03-30T13:10:00-04:00,84.07,84.099998,83.69,83.86,17007.0
2026-03-30T13:15:00-04:00,83.87,83.88,83.38,83.46,12835.0
2026-03-30T13:20:00-04:00,83.48,83.5,83.29,83.38,28323.0
2026-03-30T13:25:00-04:00,83.3835,83.48,83.345,83.38,17458.0
2026-03-30T13:30:00-04:00,83.37,83.45,83.23,83.275,11606.0
2026-03-30T13:35:00-04:00,83.28,83.51,83.27,83.45,16684.0
2026-03-30T13:40:00-04:00,83.425,83.89,83.37,83.76,38696.0
2026-03-30T13:45:00-04:00,83.765,83.85,83.53,83.57,20817.0
2026-03-30T13:50:00-04:00,83.53,83.64,83.48,83.525,17188.0
2026-03-30T13:55:00-04:00,83.51,83.52,83.295,83.45,11764.0
2026-03-30T14:00:00-04:00,83.45,83.69,83.45,83.5,16724.0
2026-03-30T14:05:00-04:00,83.51,83.51,83.22,83.38,22617.0
2026-03-30T14:10:00-04:00,83.39,83.58,83.24,83.54,15178.0
2026-03-30T14:15:00-04:00,83.52,83.71,83.48,83.7,28462.0
2026-03-30T14:20:00-04:00,83.71,83.75,83.465,83.55,14840.0
2026-03-30T14:25:00-04:00,83.56,83.59,83.35,83.35,11642.0
2026-03-30T14:30:00-04:00,83.41,83.56,83.32,83.385,15004.0
2026-03-30T14:35:00-04:00,83.43,83.59,83.2701,83.315,14200.0
2026-03-30T14:40:00-04:00,83.36,83.51,83.33,83.42,13718.0
2026-03-30T14:45:00-04:00,83.44,83.52,83.33,83.49,10970.0
2026-03-30T14:50:00-04:00,83.47,83.48,83.07,83.07,16395.0
2026-03-30T14:55:00-04:00,83.080002,83.089996,82.87,82.92,21231.0
2026-03-30T15:00:00-04:00,82.93,82.97,82.7058,82.86,24138.0
2026-03-30T15:05:00-04:00,82.855,83.010002,82.68,82.68,22003.0
2026-03-30T15:10:00-04:00,82.67,82.69,82.37,82.49,21950.0
2026-03-30T15:15:00-04:00,82.49,82.6399,82.38,82.38,25358.0
2026-03-30T15:20:00-04:00,82.38,82.54,82.18,82.42,35097.0
2026-03-30T15:25:00-04:00,82.41,82.41,82.27,82.39,34293.0
2026-03-30T15:30:00-04:00,82.41,82.445,82.099998,82.365,29279.0
2026-03-30T15:35:00-04:00,82.38,82.58,82.37,82.57,27319.0
2026-03-30T15:40:00-04:00,82.58,82.83,82.58,82.64,39530.0
2026-03-30T15:45:00-04:00,82.67,82.91,82.67,82.81,37264.0
2026-03-30T15:50:00-04:00,82.79,82.97,82.74,82.91,45675.0
2026-03-30T15:55:00-04:00,82.91,83.44,82.9,83.43,209789.0
2026-03-31T09:30:00-04:00,85.64,86.8,85.3,86.27,160468.0
2026-03-31T09:35:00-04:00,86.26,86.635,86.089996,86.63,32669.0
2026-03-31T09:40:00-04:00,86.69,86.86,86.1113,86.1113,14525.0
2026-03-31T09:45:00-04:00,86.205,86.68,86.195,86.68,27650.0
2026-03-31T09:50:00-04:00,86.61,87.2199,86.46,87.099998,20817.0
2026-03-31T09:55:00-04:00,87.11,87.399,86.86,87.36,35898.0
2026-03-31T10:00:00-04:00,87.33,87.74,87.24,87.53,72685.0
2026-03-31T10:05:00-04:00,87.57,87.61,87.34,87.52,42143.0
2026-03-31T10:10:00-04:00,87.485,87.75,87.38,87.6801,25900.0
2026-03-31T10:15:00-04:00,87.67,87.81,87.56,87.77,22010.0
2026-03-31T10:20:00-04:00,87.7286,87.9299,87.59,87.6906,14019.0
2026-03-31T10:25:00-04:00,87.725,88.0,87.53,87.8881,45173.0
2026-03-31T10:30:00-04:00,87.89,88.080002,87.84,87.96,26593.0
2026-03-31T10:35:00-04:00,87.93,87.9685,87.4,87.4559,17332.0
2026-03-31T10:40:00-04:00,87.4114,87.48,87.019997,87.059998,56211.0
2026-03-31T10:45:00-04:00,87.089996,87.1183,86.73,86.77,28723.0
2026-03-31T10:50:00-04:00,86.78,86.97,86.68,86.87,22849.0
2026-03-31T10:55:00-04:00,86.87,86.87,86.26,86.42,32755.0
2026-03-31T11:00:00-04:00,86.51,87.050003,86.51,86.98,25847.0
2026-03-31T11:05:00-04:00,87.0,87.4329,86.98,87.41,15980.0
2026-03-31T11:10:00-04:00,87.435,87.8,87.38,87.73,20565.0
2026-03-31T11:15:00-04:00,87.72,87.82,87.51,87.75,33351.0
2026-03-31T11:20:00-04:00,87.7,87.7,87.36,87.595,16869.0
2026-03-31T11:25:00-04:00,87.6693,87.68,87.3,87.33,7756.0
2026-03-31T11:30:00-04:00,87.24,87.36,87.22,87.345,10481.0
2026-03-31T11:35:00-04:00,87.42,87.52,87.35,87.405,35758.0
2026-03-31T11:40:00-04:00,87.36,87.44,87.275,87.38,14299.0
2026-03-31T11:45:00-04:00,87.45,87.49,87.185,87.185,6563.0
2026-03-31T11:50:00-04:00,87.17,87.48,87.17,87.26,13682.0
2026-03-31T11:55:00-04:00,87.26,87.29,86.89,86.93,25168.0
2026-03-31T12:00:00-04:00,86.935,87.2899,86.865,87.18,7543.0
2026-03-31T12:05:00-04:00,87.13,87.3611,87.125,87.28,17049.0
2026-03-31T12:10:00-04:00,87.28,87.28,87.0,87.16,15819.0
2026-03-31T12:15:00-04:00,87.1822,87.3,87.18,87.29,4302.0
2026-03-31T12:20:00-04:00,87.34,87.34,87.074997,87.335,16460.0
2026-03-31T12:25:00-04:00,87.34,87.42,87.26,87.3051,8008.0
2026-03-31T12:30:00-04:00,87.33,87.335,87.14,87.195,5395.0
2026-03-31T12:35:00-04:00,87.12,87.935,87.12,87.935,31511.0
2026-03-31T12:40:00-04:00,88.0,89.18,88.0,88.86,47071.0
2026-03-31T12:45:00-04:00,88.77,89.105,88.34,88.53,21639.0
2026-03-31T12:50:00-04:00,88.56,88.99,88.53,88.6899,28174.0
2026-03-31T12:55:00-04:00,88.64,88.806,88.44,88.73,13153.0
2026-03-31T13:00:00-04:00,88.8362,89.43,88.76,89.32,36353.0
2026-03-31T13:05:00-04:00,89.23,89.33,88.57,88.57,52300.0
2026-03-31T13:10:00-04:00,88.6,88.96,88.6,88.96,22356.0
2026-03-31T13:15:00-04:00,88.96,89.245,88.88,89.19,22128.0
2026-03-31T13:20:00-04:00,89.21,89.24,88.79,88.86,24320.0
2026-03-31T13:25:00-04:00,88.825,88.86,88.57,88.69,21157.0
2026-03-31T13:30:00-04:00,88.73,89.18,88.73,89.15,10567.0
2026-03-31T13:35:00-04:00,89.16,89.23,88.64,88.77,41618.0
2026-03-31T13:40:00-04:00,88.85,89.0,88.76,88.885,10353.0
2026-03-31T13:45:00-04:00,88.85,88.97,88.8,88.8,11216.0
2026-03-31T13:50:00-04:00,88.92,89.029999,88.81,88.83,11175.0
2026-03-31T13:55:00-04:00,88.82,88.82,88.54,88.56,11459.0
2026-03-31T14:00:00-04:00,88.62,88.74,88.51,88.59,14669.0
2026-03-31T14:05:00-04:00,88.57,89.029999,88.57,89.010002,26616.0
2026-03-31T14:10:00-04:00,88.99,89.19,88.91,89.175,18207.0
2026-03-31T14:15:00-04:00,89.175,89.33,89.16,89.255,24411.0
2026-03-31T14:20:00-04:00,89.25,89.39,89.16,89.16,32076.0
2026-03-31T14:25:00-04:00,89.21,89.26,89.040001,89.24,28841.0
2026-03-31T14:30:00-04:00,89.21,89.3,88.94,89.22,41344.0
2026-03-31T14:35:00-04:00,89.14,89.52,89.089996,89.37,55423.0
2026-03-31T14:40:00-04:00,89.36,89.395,89.15,89.275,27694.0
2026-03-31T14:45:00-04:00,89.32,89.43,89.07,89.17,31628.0
2026-03-31T14:50:00-04:00,89.25,89.36,89.18,89.26,24241.0
2026-03-31T14:55:00-04:00,89.32,89.4,89.24,89.305,32463.0
2026-03-31T15:00:00-04:00,89.34,89.48,89.31,89.36,36672.0
2026-03-31T15:05:00-04:00,89.36,89.36,89.0,89.022598,35758.0
2026-03-31T15:10:00-04:00,89.089996,89.27,89.089996,89.24,58599.0
2026-03-31T15:15:00-04:00,89.25,89.4,89.25,89.35,54219.0
2026-03-31T15:20:00-04:00,89.36,89.49,89.29,89.39,85659.0
2026-03-31T15:25:00-04:00,89.4199,89.45,89.29,89.388,57871.0
2026-03-31T15:30:00-04:00,89.39,89.41,89.31,89.33,109323.0
2026-03-31T15:35:00-04:00,89.31,89.62,89.31,89.54,87130.0
2026-03-31T15:40:00-04:00,89.58,89.62,89.41,89.58,76055.0
2026-03-31T15:45:00-04:00,89.58,89.79,89.48,89.75,125620.0
2026-03-31T15:50:00-04:00,89.75,89.97,89.72,89.85,452742.0
2026-03-31T15:55:00-04:00,89.85,90.059998,89.71,90.019997,677133.0
2026-04-01T09:30:00-04:00,92.225,92.43,91.34,91.7,170287.0
2026-04-01T09:35:00-04:00,91.7,92.12,91.15,92.12,35965.0
2026-04-01T09:40:00-04:00,91.99,92.1635,91.5,91.73,21256.0
2026-04-01T09:45:00-04:00,91.725,92.095001,91.63,91.685,26921.0
2026-04-01T09:50:00-04:00,91.725,91.83,91.18,91.5082,69809.0
2026-04-01T09:55:00-04:00,91.4,91.77,91.4,91.7,29972.0
2026-04-01T10:00:00-04:00,91.7,91.91,91.4,91.77,32061.0
2026-04-01T10:05:00-04:00,91.91,92.055,91.53,91.78,17052.0
2026-04-01T10:10:00-04:00,91.785,91.98,91.6,91.98,8761.0
2026-04-01T10:15:00-04:00,92.099998,92.45,91.89,92.435,11822.0
2026-04-01T10:20:00-04:00,92.48,92.9299,92.44,92.6,23093.0
2026-04-01T10:25:00-04:00,92.59,93.099998,92.52,93.031097,9106.0
2026-04-01T10:30:00-04:00,93.18,93.295,93.1301,93.2101,19505.0
2026-04-01T10:35:00-04:00,93.23,93.53,92.99,93.375,20053.0
2026-04-01T10:40:00-04:00,93.34,93.71,93.18,93.695,35208.0
2026-04-01T10:45:00-04:00,93.74,93.77,93.34,93.5526,19632.0
2026-04-01T10:50:00-04:00,93.68,93.77,93.55,93.72,7697.0
2026-04-01T10:55:00-04:00,93.77,93.99,93.74,93.89,17576.0
2026-04-01T11:00:00-04:00,93.85,94.2,93.72,94.13,15884.0
2026-04-01T11:05:00-04:00,94.12,94.635,94.07,94.58,44805.0
2026-04-01T11:10:00-04:00,94.61,94.61,94.28,94.29,32184.0
2026-04-01T11:15:00-04:00,94.3,94.49,94.13,94.49,29110.0
2026-04-01T11:20:00-04:00,94.43,94.46,94.31,94.34,15254.0
2026-04-01T11:25:00-04:00,94.29,94.415,94.25,94.395,12632.0
2026-04-01T11:30:00-04:00,94.4,94.73,94.22,94.7,13039.0
2026-04-01T11:35:00-04:00,94.77,94.88,94.6,94.70888,8737.0
2026-04-01T11:40:00-04:00,94.72,95.2299,94.705,95.18,21538.0
2026-04-01T11:45:00-04:00,95.19,95.22,95.059998,95.18,24537.0
2026-04-01T11:50:00-04:00,95.2,95.22,95.065002,95.14,28282.0
2026-04-01T11:55:00-04:00,95.12,95.32,95.089996,95.26,42427.0
2026-04-01T12:00:00-04:00,95.27,95.27,94.95,95.040001,76489.0
2026-04-01T12:05:00-04:00,95.040001,95.26,95.040001,95.15,45789.0
2026-04-01T12:10:00-04:00,95.155,95.165,94.78,94.815,36186.0
2026-04-01T12:15:00-04:00,94.805,94.8899,94.64,94.78,35038.0
2026-04-01T12:20:00-04:00,94.78,94.79,94.54,94.56,36443.0
2026-04-01T12:25:00-04:00,94.57,94.57,94.25,94.35,35695.0
2026-04-01T12:30:00-04:00,94.4,94.59,94.38,94.56,79267.0
2026-04-01T12:35:00-04:00,94.55,94.68,94.55,94.58,27324.0
2026-04-01T12:40:00-04:00,94.545,94.6599,94.52,94.6,45482.0
2026-04-01T12:45:00-04:00,94.585,94.68,94.555,94.67,17461.0
2026-04-01T12:50:00-04:00,94.73,94.92,94.73,94.83,34538.0
2026-04-01T12:55:00-04:00,94.8525,94.98,94.82,94.97,17944.0
2026-04-01T13:00:00-04:00,95.0,95.07,94.92,94.97,27066.0
2026-04-01T13:05:00-04:00,95.019997,95.15,95.010002,95.010002,19741.0
2026-04-01T13:10:00-04:00,95.025002,95.25,95.025002,95.13,12615.0
2026-04-01T13:15:00-04:00,95.15,95.15,94.99,95.115,13173.0
2026-04-01T13:20:00-04:00,95.07,95.245,94.96,95.040001,13160.0
2026-04-01T13:25:00-04:00,95.040001,95.059998,94.97,95.050003,6963.0
2026-04-01T13:30:00-04:00,95.059998,95.080002,94.89,94.9,20802.0
2026-04-01T13:35:00-04:00,94.905,94.965,94.79,94.86,12369.0
2026-04-01T13:40:00-04:00,94.84,94.95,94.84,94.88,21511.0
2026-04-01T13:45:00-04:00,94.91,94.935,94.7,94.725,13766.0
2026-04-01T13:50:00-04:00,94.725,94.79,94.66,94.79,22749.0
2026-04-01T13:55:00-04:00,94.79,94.81,94.64,94.71,21463.0
2026-04-01T14:00:00-04:00,94.73,94.8,94.38,94.55,17233.0
2026-04-01T14:05:00-04:00,94.4925,94.74,94.391,94.391,17633.0
2026-04-01T14:10:00-04:00,94.38,94.48,94.07,94.17,30233.0
2026-04-01T14:15:00-04:00,94.15,94.195,93.63,93.71,28832.0
2026-04-01T14:20:00-04:00,93.71,93.795,93.4201,93.55,14014.0
2026-04-01T14:25:00-04:00,93.47,93.645,93.3925,93.45,9739.0
2026-04-01T14:30:00-04:00,93.5,93.775,93.4501,93.475,22976.0
2026-04-01T14:35:00-04:00,93.47,93.48,93.17,93.425,27129.0
2026-04-01T14:40:00-04:00,93.4,93.92,93.4,93.64,40462.0
2026-04-01T14:45:00-04:00,93.61,93.81,93.38,93.68,54194.0
2026-04-01T14:50:00-04:00,93.7216,93.755,93.5,93.63,13379.0
2026-04-01T14:55:00-04:00,93.605,93.605,93.39,93.475,13114.0
2026-04-01T15:00:00-04:00,93.55,93.62,93.26,93.465,95742.0
2026-04-01T15:05:00-04:00,93.4568,93.635,93.43,93.47,23993.0
2026-04-01T15:10:00-04:00,93.38,93.485,93.33,93.3701,23067.0
2026-04-01T15:15:00-04:00,93.43,93.63,93.43,93.6,34038.0
2026-04-01T15:20:00-04:00,93.63,93.715,93.46,93.65,48211.0
2026-04-01T15:25:00-04:00,93.67,93.8,93.64,93.73,33255.0
2026-04-01T15:30:00-04:00,93.73,93.75,93.46,93.5199,18639.0
2026-04-01T15:35:00-04:00,93.52,93.82,93.47,93.79,45694.0
2026-04-01T15:40:00-04:00,93.8,93.91,93.78,93.8,24608.0
2026-04-01T15:45:00-04:00,93.85,93.88,93.68,93.8,32518.0
2026-04-01T15:50:00-04:00,93.83,93.93,93.54,93.62,49727.0
2026-04-01T15:55:00-04:00,93.56,93.6,93.14,93.33,269726.0
2026-04-02T09:30:00-04:00,87.25,89.46,87.25,88.955,224256.0
2026-04-02T09:35:00-04:00,88.9,89.34,88.6962,88.94,47323.0
2026-04-02T09:40:00-04:00,88.86,89.675,88.78,89.675,38364.0
2026-04-02T09:45:00-04:00,89.72,91.0,89.63,91.0,51667.0
2026-04-02T09:50:00-04:00,90.92,91.17,90.8101,91.15,50668.0
2026-04-02T09:55:00-04:00,91.029999,91.48,90.915,91.43,27829.0
2026-04-02T10:00:00-04:00,91.49,91.5,90.925,91.099998,56679.0
2026-04-02T10:05:00-04:00,91.105,91.68,90.96,91.65,24116.0
2026-04-02T10:10:00-04:00,91.68,91.9,91.56,91.57,33047.0
2026-04-02T10:15:00-04:00,91.62,91.88,91.485,91.88,22197.0
2026-04-02T10:20:00-04:00,91.89,92.19,91.89,92.17,15866.0
2026-04-02T10:25:00-04:00,92.14,92.14,91.9,91.99,26390.0
2026-04-02T10:30:00-04:00,91.955,92.5,91.85,92.5,14640.0
2026-04-02T10:35:00-04:00,92.54,93.745,92.26,92.7,55557.0
2026-04-02T10:40:00-04:00,92.68,92.89,92.36,92.85,36924.0
2026-04-02T10:45:00-04:00,92.78,92.91,92.49,92.49,93962.0
2026-04-02T10:50:00-04:00,92.485,92.57,92.14,92.57,79564.0
2026-04-02T10:55:00-04:00,92.59,92.87,92.59,92.695,14721.0
2026-04-02T11:00:00-04:00,92.71,92.71,92.205,92.5662,22070.0
2026-04-02T11:05:00-04:00,92.45,92.68,92.36,92.68,9797.0
2026-04-02T11:10:00-04:00,92.61,92.83,92.61,92.68,8326.0
2026-04-02T11:15:00-04:00,92.64,92.76,92.4365,92.52,5384.0
2026-04-02T11:20:00-04:00,92.42,92.42,91.79,92.07,19591.0
2026-04-02T11:25:00-04:00,92.019997,92.31,91.95,92.24,5686.0
2026-04-02T11:30:00-04:00,92.24,92.53,92.2,92.33,9300.0
2026-04-02T11:35:00-04:00,92.325,92.42,92.26,92.29,7026.0
2026-04-02T11:40:00-04:00,92.27,92.545,92.18,92.42,8434.0
2026-04-02T11:45:00-04:00,92.29,92.49,92.2,92.2,4391.0
2026-04-02T11:50:00-04:00,92.22,92.34,91.93,92.3,34971.0
2026-04-02T11:55:00-04:00,92.3,92.375,92.195,92.32,10500.0
2026-04-02T12:00:00-04:00,92.43,92.6299,92.35,92.48,7446.0
2026-04-02T12:05:00-04:00,92.49,92.54,92.084999,92.2,31213.0
2026-04-02T12:10:00-04:00,92.135,92.2399,92.135,92.18,19879.0
2026-04-02T12:15:00-04:00,92.18,92.2516,91.945,92.0,7316.0
2026-04-02T12:20:00-04:00,91.99,92.16,91.785,92.040001,7199.0
2026-04-02T12:25:00-04:00,91.995,92.099998,91.855,92.050003,9277.0
2026-04-02T12:30:00-04:00,91.98,92.34,91.98,92.285,4556.0
2026-04-02T12:35:00-04:00,92.3676,92.415,92.15,92.35,8412.0
2026-04-02T12:40:00-04:00,92.41,92.725,92.41,92.61,58796.0
2026-04-02T12:45:00-04:00,92.61,92.69,92.6,92.6,2493.0
2026-04-02T12:50:00-04:00,92.64,92.73,92.555,92.65,3696.0
2026-04-02T12:55:00-04:00,92.59,92.65,92.52,92.56,3512.0
2026-04-02T13:00:00-04:00,92.43,92.61,92.35,92.57,4895.0
2026-04-02T13:05:00-04:00,92.57,92.68,92.51,92.52,7986.0
2026-04-02T13:10:00-04:00,92.56,92.57,92.5,92.57,4162.0
2026-04-02T13:15:00-04:00,92.745,92.8299,92.7,92.7,6504.0
2026-04-02T13:20:00-04:00,92.74,92.8506,92.62,92.8506,14740.0
2026-04-02T13:25:00-04:00,92.74,92.74,92.565,92.565,16284.0
2026-04-02T13:30:00-04:00,92.52,92.6,92.47,92.52,10059.0
2026-04-02T13:35:00-04:00,92.37,92.62,92.37,92.62,3788.0
2026-04-02T13:40:00-04:00,92.63,92.64,92.59,92.64,3031.0
2026-04-02T13:45:00-04:00,92.67,92.67,92.47,92.475,6305.0
2026-04-02T13:50:00-04:00,92.535,92.56,92.424,92.56,6508.0
2026-04-02T13:55:00-04:00,92.6,92.63,92.43,92.485,2597.0
2026-04-02T14:00:00-04:00,92.53,92.65,92.53,92.65,2444.0
2026-04-02T14:05:00-04:00,92.8126,92.8126,92.67,92.75,2558.0
2026-04-02T14:10:00-04:00,92.73,92.8825,92.73,92.75,5446.0
2026-04-02T14:15:00-04:00,92.76,92.85,92.72,92.85,5213.0
2026-04-02T14:20:00-04:00,92.85,92.93,92.8,92.87,7408.0
2026-04-02T14:25:00-04:00,92.87,92.89,92.73,92.74,3759.0
2026-04-02T14:30:00-04:00,92.785,92.95,92.785,92.92,5185.0
2026-04-02T14:35:00-04:00,92.89,92.9,92.795,92.815,7585.0
2026-04-02T14:40:00-04:00,92.9,93.019997,92.9,92.95,4804.0
2026-04-02T14:45:00-04:00,92.97,93.1846,92.97,93.040001,17108.0
2026-04-02T14:50:00-04:00,93.07,93.080002,92.9,92.97,17268.0
2026-04-02T14:55:00-04:00,92.93,93.010002,92.83,92.85,10530.0
2026-04-02T15:00:00-04:00,92.9,92.9075,92.71,92.72,9943.0
2026-04-02T15:05:00-04:00,92.78,92.86,92.76,92.82,5218.0
2026-04-02T15:10:00-04:00,92.89,92.89,92.72,92.755,16788.0
2026-04-02T15:15:00-04:00,92.77,92.77,92.56,92.57,10763.0
2026-04-02T15:20:00-04:00,92.53,92.61,92.4,92.44,39163.0
2026-04-02T15:25:00-04:00,92.46,92.54,92.35,92.45,5526.0
2026-04-02T15:30:00-04:00,92.44,92.56,92.4,92.5,9484.0
2026-04-02T15:35:00-04:00,92.4571,92.5,92.42,92.47,4432.0
2026-04-02T15:40:00-04:00,92.52,92.59,92.47,92.48,8294.0
2026-04-02T15:45:00-04:00,92.53,92.54,92.37,92.47,10217.0
2026-04-02T15:50:00-04:00,92.53,92.84,92.53,92.8,17060.0
2026-04-02T15:55:00-04:00,92.75,92.83,92.545,92.56,72352.0
2026-04-06T09:30:00-04:00,92.55,93.225,92.25,92.475,38568.0
2026-04-06T09:35:00-04:00,92.44,92.62,91.95,92.27,45677.0
2026-04-06T09:40:00-04:00,92.25,92.425,91.79,91.79,34906.0
2026-04-06T09:45:00-04:00,91.6996,92.059998,91.36,91.49,76301.0
2026-04-06T09:50:00-04:00,91.44,92.27,91.36,92.2292,25364.0
2026-04-06T09:55:00-04:00,92.26,92.31,92.019997,92.23,11117.0
2026-04-06T10:00:00-04:00,92.23,92.7476,91.4,91.4,35494.0
2026-04-06T10:05:00-04:00,91.375,91.89,91.36,91.89,14771.0
2026-04-06T10:10:00-04:00,91.88,91.95,91.25,91.655,18315.0
2026-04-06T10:15:00-04:00,91.76,91.77,91.31,91.685,12526.0
2026-04-06T10:20:00-04:00,91.76,91.88,91.64,91.78,9083.0
2026-04-06T10:25:00-04:00,91.82,91.93,91.62,91.9,12044.0
2026-04-06T10:30:00-04:00,91.74,91.86,91.64,91.78,29787.0
2026-04-06T10:35:00-04:00,91.78,91.95,91.46,91.68,21202.0
2026-04-06T10:40:00-04:00,91.73,92.089996,91.53,91.7201,7573.0
2026-04-06T10:45:00-04:00,91.5201,91.81,91.41,91.76,8769.0
2026-04-06T10:50:00-04:00,91.87,92.2851,91.87,92.21,7569.0
2026-04-06T10:55:00-04:00,92.2,92.66,92.11,92.56,11260.0
2026-04-06T11:00:00-04:00,92.56,92.6489,92.07,92.25,45141.0
2026-04-06T11:05:00-04:00,92.28,92.29,91.98,91.98,16217.0
2026-04-06T11:10:00-04:00,91.98,91.98,91.64,91.85,31620.0
2026-04-06T11:15:00-04:00,91.865,92.089996,91.67,91.85,13757.0
2026-04-06T11:20:00-04:00,91.85,92.099998,91.85,91.98,11940.0
2026-04-06T11:25:00-04:00,91.98,92.099998,91.875,92.07,10437.0
2026-04-06T11:30:00-04:00,92.13,92.23,91.99,92.23,20925.0
2026-04-06T11:35:00-04:00,92.12,92.23,91.65,91.75,32892.0
2026-04-06T11:40:00-04:00,91.73,91.75,91.6,91.71,15514.0
2026-04-06T11:45:00-04:00,91.72,91.81,91.69,91.745,33230.0
2026-04-06T11:50:00-04:00,91.74,92.010002,91.715,91.94,9329.0
2026-04-06T11:55:00-04:00,91.95,92.16,91.85,92.16,18940.0
2026-04-06T12:00:00-04:00,92.17,92.2,92.089996,92.099998,10947.0
2026-04-06T12:05:00-04:00,92.080002,92.11,91.95,92.0,12256.0
2026-04-06T12:10:00-04:00,91.99,92.080002,91.91,91.97,9506.0
2026-04-06T12:15:00-04:00,91.9785,91.98,91.86,91.94,22662.0
2026-04-06T12:20:00-04:00,91.94,91.975,91.85,91.925,7319.0
2026-04-06T12:25:00-04:00,91.93,91.99,91.85,91.955,9217.0
2026-04-06T12:30:00-04:00,91.93,92.080002,91.93,91.99,6632.0
2026-04-06T12:35:00-04:00,91.975,92.25,91.975,92.155,16772.0
2026-04-06T12:40:00-04:00,92.099998,92.18,92.029999,92.14,12099.0
2026-04-06T12:45:00-04:00,92.099998,92.215,92.084999,92.12,13338.0
2026-04-06T12:50:00-04:00,92.15,92.22,92.07,92.19,15693.0
2026-04-06T12:55:00-04:00,92.13,92.13,91.9,91.93,13269.0
2026-04-06T13:00:00-04:00,91.92,91.96,91.66,91.74,27571.0
2026-04-06T13:05:00-04:00,91.83,91.83,91.605,91.77,9648.0
2026-04-06T13:10:00-04:00,91.63,91.63,91.28,91.48,27199.0
2026-04-06T13:15:00-04:00,91.52,91.61,91.32,91.42,9062.0
2026-04-06T13:20:00-04:00,91.42,91.705,91.29,91.7,40213.0
2026-04-06T13:25:00-04:00,91.715,91.94,91.7,91.79,10327.0
2026-04-06T13:30:00-04:00,91.81,92.15,91.79,92.050003,12141.0
2026-04-06T13:35:00-04:00,92.010002,92.195,92.0049973,92.07,15001.0
2026-04-06T13:40:00-04:00,92.080002,92.105,91.98,92.105,17287.0
2026-04-06T13:45:00-04:00,92.095001,92.17,91.87,91.98,17809.0
2026-04-06T13:50:00-04:00,91.98,92.040001,91.89,92.019997,10496.0
2026-04-06T13:55:00-04:00,92.050003,92.080002,91.85,91.85,13495.0
2026-04-06T14:00:00-04:00,91.81,91.85,91.675,91.675,26203.0
2026-04-06T14:05:00-04:00,91.68,91.74,91.59,91.73,50680.0
2026-04-06T14:10:00-04:00,91.7,92.074997,91.685,92.0,8746.0
2026-04-06T14:15:00-04:00,92.010002,92.34,92.010002,92.34,13047.0
2026-04-06T14:20:00-04:00,92.33,92.4,92.23,92.39,34170.0
2026-04-06T14:25:00-04:00,92.35,92.48,92.23,92.35,9135.0
2026-04-06T14:30:00-04:00,92.37,92.42,92.245,92.26,22007.0
2026-04-06T14:35:00-04:00,92.26,92.36,92.2,92.2,19289.0
2026-04-06T14:40:00-04:00,92.195,92.26,92.16,92.18,16909.0
2026-04-06T14:45:00-04:00,92.2,92.24,92.074997,92.11,11379.0
2026-04-06T14:50:00-04:00,92.11,92.24,92.059998,92.19,11818.0
2026-04-06T14:55:00-04:00,92.17,92.53,92.12,92.52,182366.0
2026-04-06T15:00:00-04:00,92.515,92.54,92.35,92.47,144501.0
2026-04-06T15:05:00-04:00,92.48,92.51,92.39,92.49,146777.0
2026-04-06T15:10:00-04:00,92.48,92.53,92.46,92.5,86365.0
2026-04-06T15:15:00-04:00,92.52,92.53,92.41,92.4875,178416.0
2026-04-06T15:20:00-04:00,92.485,92.53,92.42,92.46,180799.0
2026-04-06T15:25:00-04:00,92.46,92.48,92.3468,92.42,207108.0
2026-04-06T15:30:00-04:00,92.41,92.44,92.315,92.44,20308.0
2026-04-06T15:35:00-04:00,92.45,92.48,92.36,92.3675,28214.0
2026-04-06T15:40:00-04:00,92.3675,92.455,92.29,92.45,115954.0
2026-04-06T15:45:00-04:00,92.43,92.55,92.42,92.535,23459.0
2026-04-06T15:50:00-04:00,92.55,92.57,92.12,92.125,23752.0
2026-04-06T15:55:00-04:00,92.14,92.18,91.91,92.019997,48924.0
2026-04-07T09:30:00-04:00,91.43,92.12,91.43,91.88,61659.0
2026-04-07T09:35:00-04:00,91.85,92.019997,91.26,91.34,25441.0
2026-04-07T09:40:00-04:00,91.31,91.65,90.89,91.25,33438.0
2026-04-07T09:45:00-04:00,91.235,91.345,90.95,91.12,7921.0
2026-04-07T09:50:00-04:00,91.080002,91.19,90.9,91.19,4148.0
2026-04-07T09:55:00-04:00,91.27,91.37,90.91,90.91,46951.0
2026-04-07T10:00:00-04:00,90.965,91.019997,89.9801,90.044998,39606.0
2026-04-07T10:05:00-04:00,90.099998,90.16,89.19,89.7,51110.0
2026-04-07T10:10:00-04:00,89.77,90.080002,89.68,90.080002,132115.0
2026-04-07T10:15:00-04:00,90.15,90.29,89.77,90.010002,36462.0
2026-04-07T10:20:00-04:00,89.99,90.95,89.99,90.92,39086.0
2026-04-07T10:25:00-04:00,90.87,91.38,90.86,91.34,8072.0
2026-04-07T10:30:00-04:00,91.4,91.93,91.28,91.77,9170.0
2026-04-07T10:35:00-04:00,91.75,91.75,91.54,91.57,60818.0
2026-04-07T10:40:00-04:00,91.38,91.44,90.93,91.11,10052.0
2026-04-07T10:45:00-04:00,91.065002,91.55,91.065002,91.48,10571.0
2026-04-07T10:50:00-04:00,91.4,91.55,91.1602,91.49,11193.0
2026-04-07T10:55:00-04:00,91.41,91.51,91.165,91.165,5323.0
2026-04-07T11:00:00-04:00,91.059998,91.215,90.79,90.79,4634.0
2026-04-07T11:05:00-04:00,90.32,90.79,90.32,90.67,4213.0
2026-04-07T11:10:00-04:00,90.74,90.96,90.69,90.76,11221.0
2026-04-07T11:15:00-04:00,90.84,91.39,90.78,91.1413,13649.0
2026-04-07T11:20:00-04:00,91.3,91.35,91.040001,91.040001,4121.0
2026-04-07T11:25:00-04:00,91.099998,91.44,91.099998,91.44,2068.0
2026-04-07T11:30:00-04:00,91.52,91.52,91.34,91.4,4718.0
2026-04-07T11:35:00-04:00,91.3321,91.4055,90.87,90.87,72506.0
2026-04-07T11:40:00-04:00,90.855,90.855,90.5,90.52,10178.0
2026-04-07T11:45:00-04:00,90.58,90.825,90.58,90.76,4100.0
2026-04-07T11:50:00-04:00,90.805,90.97,90.735,90.97,2776.0
2026-04-07T11:55:00-04:00,90.93,91.315,90.93,91.28,9499.0
2026-04-07T12:00:00-04:00,91.32,92.11,91.32,91.79,24497.0
2026-04-07T12:05:00-04:00,91.67,91.69,91.2995,91.38,26864.0
2026-04-07T12:10:00-04:00,91.17,91.25,91.17,91.24,2560.0
2026-04-07T12:15:00-04:00,91.11,91.25,91.059998,91.059998,1780.0
2026-04-07T12:20:00-04:00,90.9282,91.35,90.9282,91.19,23199.0
2026-04-07T12:25:00-04:00,91.16,91.4,91.16,91.34,2233.0
2026-04-07T12:30:00-04:00,91.43,91.43,91.25,91.34,5072.0
2026-04-07T12:35:00-04:00,91.275,91.275,90.99,90.99,1368.0
2026-04-07T12:40:00-04:00,91.0,91.13,90.96,90.98,3395.0
2026-04-07T12:45:00-04:00,91.14,91.24,91.14,91.185,1367.0
2026-04-07T12:50:00-04:00,91.12,91.31,91.050003,91.22,7680.0
2026-04-07T12:55:00-04:00,91.16,91.1601,91.019997,91.019997,2812.0
2026-04-07T13:00:00-04:00,91.059998,91.57,91.059998,91.57,10295.0
2026-04-07T13:05:00-04:00,91.43,91.61,91.39,91.41,4520.0
2026-04-07T13:10:00-04:00,91.37,91.4796,91.3,91.315,3136.0
2026-04-07T13:15:00-04:00,91.26,91.34,91.19,91.2,1889.0
2026-04-07T13:20:00-04:00,91.13,91.22,91.059998,91.22,2427.0
2026-04-07T13:25:00-04:00,91.17,91.2288,91.14,91.22,4650.0
2026-04-07T13:30:00-04:00,91.28,91.71,91.27,91.7,26722.0
2026-04-07T13:35:00-04:00,91.71,92.28,91.71,92.24,15725.0
2026-04-07T13:40:00-04:00,92.195,92.2699,92.010002,92.040001,3906.0
2026-04-07T13:45:00-04:00,92.050003,92.082001,91.95,92.019997,1712.0
2026-04-07T13:50:00-04:00,92.0049973,92.089996,91.93,91.93,4680.0
2026-04-07T13:55:00-04:00,91.89,91.89,91.79,91.79,3207.0
2026-04-07T14:00:00-04:00,91.79,91.88,91.74,91.81,3392.0
2026-04-07T14:05:00-04:00,91.68,91.78,91.56,91.71,12530.0
2026-04-07T14:10:00-04:00,91.69,91.715,91.57,91.715,15294.0
2026-04-07T14:15:00-04:00,91.77,91.84,91.67,91.79,2842.0
2026-04-07T14:20:00-04:00,91.86,91.87,91.6974,91.6974,2662.0
2026-04-07T14:25:00-04:00,91.76,91.87,91.74,91.85,14880.0
2026-04-07T14:30:00-04:00,91.88,91.95,91.84,91.85,13699.0
2026-04-07T14:35:00-04:00,91.785,91.785,91.59,91.625,1091.0
2026-04-07T14:40:00-04:00,91.53,91.57,91.4301,91.57,3797.0
2026-04-07T14:45:00-04:00,91.5,91.555,91.33,91.33,4226.0
2026-04-07T14:50:00-04:00,91.38,91.38,91.26,91.26,2928.0
2026-04-07T14:55:00-04:00,91.02,91.16,91.02,91.13,4790.0
2026-04-07T15:00:00-04:00,91.22,91.33,91.22,91.23,2494.0
2026-04-07T15:05:00-04:00,91.18,91.31,90.9201,91.31,14086.0
2026-04-07T15:10:00-04:00,91.33,91.46,91.31,91.425,4241.0
2026-04-07T15:15:00-04:00,91.43,92.53,91.43,92.46,11141.0
2026-04-07T15:20:00-04:00,92.42,92.59,92.058601,92.14,15053.0
2026-04-07T15:25:00-04:00,92.135,92.135,91.84,91.98,26303.0
2026-04-07T15:30:00-04:00,91.96,92.0,91.79,91.94,9739.0
2026-04-07T15:35:00-04:00,91.89,92.059998,91.81,91.83,22121.0
2026-04-07T15:40:00-04:00,91.8,92.084999,91.78,92.019997,20448.0
2026-04-07T15:45:00-04:00,92.080002,92.7,92.07,92.425,39212.0
2026-04-07T15:50:00-04:00,92.5,92.8,92.47,92.75,26893.0
2026-04-07T15:55:00-04:00,92.705,92.89,92.63,92.85,93774.0
2026-04-08T09:30:00-04:00,99.39,99.48,98.66,98.745,266496.0
2026-04-08T09:35:00-04:00,98.78,98.805,97.54,97.79,63173.0
2026-04-08T09:40:00-04:00,97.82,98.029999,97.38,97.43,54771.0
2026-04-08T09:45:00-04:00,97.41,98.4335,97.37,98.19,79885.0
2026-04-08T09:50:00-04:00,98.1572,98.19,97.35,97.43,59801.0
2026-04-08T09:55:00-04:00,97.39,97.81,97.28,97.49,43750.0
2026-04-08T10:00:00-04:00,97.48,97.72,97.37,97.63,59463.0
2026-04-08T10:05:00-04:00,97.75,97.93,97.22,97.45,59428.0
2026-04-08T10:10:00-04:00,97.5,97.69,97.2601,97.65,35828.0
2026-04-08T10:15:00-04:00,97.5341,97.88,97.34,97.41,39978.0
2026-04-08T10:20:00-04:00,97.36,97.68,97.22,97.22,26363.0
2026-04-08T10:25:00-04:00,97.175,97.22,96.82,96.9,67999.0
2026-04-08T10:30:00-04:00,96.97,97.010002,96.325,96.49,20064.0
2026-04-08T10:35:00-04:00,96.49,96.72,96.27,96.47,34001.0
2026-04-08T10:40:00-04:00,96.525,96.64,96.040001,96.18,84882.0
2026-04-08T10:45:00-04:00,96.145,96.265,95.715,95.835,36329.0
2026-04-08T10:50:00-04:00,95.85,96.0,95.7221,95.95,27292.0
2026-04-08T10:55:00-04:00,95.9,95.96,95.12,95.6,22050.0
2026-04-08T11:00:00-04:00,95.67,95.9,95.57,95.58,58549.0
2026-04-08T11:05:00-04:00,95.745,95.745,95.26,95.26,16224.0
2026-04-08T11:10:00-04:00,95.19,95.655,95.19,95.615,5881.0
2026-04-08T11:15:00-04:00,95.76,96.099998,95.72,96.074997,15807.0
2026-04-08T11:20:00-04:00,96.050003,96.15,95.88,96.074997,5418.0
2026-04-08T11:25:00-04:00,96.125,96.43,96.125,96.31,10258.0
2026-04-08T11:30:00-04:00,96.315,96.42,96.245,96.42,8783.0
2026-04-08T11:35:00-04:00,96.44,96.61,96.3501,96.59,9341.0
2026-04-08T11:40:00-04:00,96.56,96.58,96.38,96.4087,14545.0
2026-04-08T11:45:00-04:00,96.495,96.8,96.495,96.775,8436.0
2026-04-08T11:50:00-04:00,96.7925,97.050003,96.7925,96.95,14610.0
2026-04-08T11:55:00-04:00,96.98,97.07,96.95,97.033699,12355.0
2026-04-08T12:00:00-04:00,97.029999,97.24,97.029999,97.059998,12884.0
2026-04-08T12:05:00-04:00,97.059998,97.089996,96.95,96.975,16571.0
2026-04-08T12:10:00-04:00,96.975,97.1099,96.7002,96.7002,28643.0
2026-04-08T12:15:00-04:00,96.7391,96.7391,96.4,96.415,30328.0
2026-04-08T12:20:00-04:00,96.45,96.5,96.35,96.46,46665.0
2026-04-08T12:25:00-04:00,96.4264,96.4264,96.24,96.27,7458.0
2026-04-08T12:30:00-04:00,96.32,96.5,96.1701,96.5,5113.0
2026-04-08T12:35:00-04:00,96.64,96.64,96.42,96.57,6030.0
2026-04-08T12:40:00-04:00,96.67,96.7,96.495,96.64,5923.0
2026-04-08T12:45:00-04:00,96.695,96.84,96.68,96.82,8402.0
2026-04-08T12:50:00-04:00,96.76,96.8057,96.67,96.69,7531.0
2026-04-08T12:55:00-04:00,96.72,96.75,96.62,96.67,5706.0
2026-04-08T13:00:00-04:00,96.73,96.74,96.63,96.66,7373.0
2026-04-08T13:05:00-04:00,96.61,96.63,96.41,96.44,6938.0
2026-04-08T13:10:00-04:00,96.4,96.57,96.39,96.49,6717.0
2026-04-08T13:15:00-04:00,96.54,96.57,96.195,96.23,8270.0
2026-04-08T13:20:00-04:00,96.21,96.3,96.050003,96.16,10932.0
2026-04-08T13:25:00-04:00,96.14,96.28,96.07,96.27,20165.0
2026-04-08T13:30:00-04:00,96.23,96.31,96.019997,96.07,10004.0
2026-04-08T13:35:00-04:00,96.019997,96.11,95.95,95.985,7341.0
2026-04-08T13:40:00-04:00,95.95,96.025002,95.85,96.0,6522.0
2026-04-08T13:45:00-04:00,96.0,96.135,95.98,96.12,3948.0
2026-04-08T13:50:00-04:00,96.16,96.33,96.15,96.19,8232.0
2026-04-08T13:55:00-04:00,96.16,96.32,96.15,96.28,4702.0
2026-04-08T14:00:00-04:00,96.25,96.41,96.18,96.39,9025.0
2026-04-08T14:05:00-04:00,96.38,96.46,96.29,96.405,6229.0
2026-04-08T14:10:00-04:00,96.33,96.425,96.3,96.345,6547.0
2026-04-08T14:15:00-04:00,96.38,96.41,95.77,96.010002,14856.0
2026-04-08T14:20:00-04:00,96.059998,96.059998,95.67,95.67,40112.0
2026-04-08T14:25:00-04:00,95.6,95.95,95.53,95.82,14366.0
2026-04-08T14:30:00-04:00,95.85,95.85,95.48,95.56,16818.0
2026-04-08T14:35:00-04:00,95.5,95.51,95.21,95.24,16224.0
2026-04-08T14:40:00-04:00,95.26,95.2852,94.98,95.07,13952.0
2026-04-08T14:45:00-04:00,94.965,95.029999,94.75,94.76,13491.0
2026-04-08T14:50:00-04:00,94.71,94.91,94.695,94.73,10205.0
2026-04-08T14:55:00-04:00,94.67,94.6763,94.435,94.475,73215.0
2026-04-08T15:00:00-04:00,94.42,94.56,94.295,94.37,10311.0
2026-04-08T15:05:00-04:00,94.39,94.75,94.345,94.72,14536.0
2026-04-08T15:10:00-04:00,94.7,95.14,94.7,95.14,9975.0
2026-04-08T15:15:00-04:00,95.16,95.27,94.91,95.059998,10238.0
2026-04-08T15:20:00-04:00,94.96,95.13,94.925,95.13,14512.0
2026-04-08T15:25:00-04:00,95.13,95.23,94.93,95.080002,19541.0
2026-04-08T15:30:00-04:00,95.059998,95.34,95.059998,95.26,19267.0
2026-04-08T15:35:00-04:00,95.29,95.43,95.24,95.27,16115.0
2026-04-08T15:40:00-04:00,95.26,95.26,95.029999,95.16,22542.0
2026-04-08T15:45:00-04:00,95.18,95.41,95.18,95.4,27824.0
2026-04-08T15:50:00-04:00,95.4,95.73,95.35,95.72,37089.0
2026-04-08T15:55:00-04:00,95.73,95.95,95.59,95.87,89106.0
2026-04-09T09:30:00-04:00,95.44,96.5788,95.44,96.56,57400.0
2026-04-09T09:35:00-04:00,96.7123,97.49,96.7123,97.49,17895.0
2026-04-09T09:40:00-04:00,97.4,97.4,96.87,96.98,16768.0
2026-04-09T09:45:00-04:00,96.85,96.86,96.33,96.39,13965.0
2026-04-09T09:50:00-04:00,96.39,96.39,95.75,95.87,8885.0
2026-04-09T09:55:00-04:00,95.535,95.84,95.535,95.74,10320.0
2026-04-09T10:00:00-04:00,95.75,95.76,95.545,95.67,9153.0
2026-04-09T10:05:00-04:00,95.6,95.6,95.050003,95.105,14844.0
2026-04-09T10:10:00-04:00,94.9503,95.2,94.9,95.099998,6076.0
2026-04-09T10:15:00-04:00,94.95,94.95,94.24,94.27,12052.0
2026-04-09T10:20:00-04:00,94.37,94.61,94.1401,94.48,10564.0
2026-04-09T10:25:00-04:00,94.51,94.5699,94.25,94.48,13134.0
2026-04-09T10:30:00-04:00,94.46,94.53,93.76,93.76,13843.0
2026-04-09T10:35:00-04:00,93.7701,94.2,93.71,94.2,8665.0
2026-04-09T10:40:00-04:00,94.19,94.2,93.73,93.79,5253.0
2026-04-09T10:45:00-04:00,93.81,94.28,93.73,94.23,5140.0
2026-04-09T10:50:00-04:00,94.37,94.555,94.355,94.45,11723.0
2026-04-09T10:55:00-04:00,94.38,94.52,94.28,94.4087,4676.0
2026-04-09T11:00:00-04:00,94.41,94.41,93.92,94.059998,13469.0
2026-04-09T11:05:00-04:00,93.98,94.040001,93.7,93.76,8241.0
2026-04-09T11:10:00-04:00,93.88,94.17,93.705,94.14,10655.0
2026-04-09T11:15:00-04:00,94.32,94.665,94.3,94.665,8101.0
2026-04-09T11:20:00-04:00,94.75,95.059998,94.75,95.059998,9674.0
2026-04-09T11:25:00-04:00,94.97,94.97,94.69,94.69,4421.0
2026-04-09T11:30:00-04:00,94.77,95.24,94.765,95.11,18722.0
2026-04-09T11:35:00-04:00,95.225,95.52,95.0,95.050003,9703.0
2026-04-09T11:40:00-04:00,95.12,95.42,95.099998,95.27,4570.0
2026-04-09T11:45:00-04:00,95.27,95.67,95.16,95.5,13422.0
2026-04-09T11:50:00-04:00,95.455,95.63,95.32,95.57,21941.0
2026-04-09T11:55:00-04:00,95.53,95.62,95.45,95.62,4174.0
2026-04-09T12:00:00-04:00,95.59,96.019997,95.5799,95.9795,37801.0
2026-04-09T12:05:00-04:00,95.96,96.0,95.87,95.9,17994.0
2026-04-09T12:10:00-04:00,95.9,96.040001,95.84,95.86,3022.0
2026-04-09T12:15:00-04:00,95.7801,95.97,95.745,95.95,18286.0
2026-04-09T12:20:00-04:00,95.93,95.94,95.77,95.865,9337.0
2026-04-09T12:25:00-04:00,95.875,96.0049973,95.8211,95.92,8179.0
2026-04-09T12:30:00-04:00,95.99,96.075897,95.905,95.9901,5642.0
2026-04-09T12:35:00-04:00,96.089897,96.11,95.99,96.050003,11848.0
2026-04-09T12:40:00-04:00,96.019997,96.019997,95.6601,95.71,5952.0
2026-04-09T12:45:00-04:00,95.58,95.68,95.56,95.6,3726.0
2026-04-09T12:50:00-04:00,95.59,95.815,95.59,95.7601,5435.0
2026-04-09T12:55:00-04:00,95.85,95.91,95.765,95.87,5109.0
2026-04-09T13:00:00-04:00,95.855,95.92,95.8,95.92,1030.0
2026-04-09T13:05:00-04:00,95.92,96.1699,95.92,96.135,2817.0
2026-04-09T13:10:00-04:00,96.12,96.18,96.0812,96.0812,7956.0
2026-04-09T13:15:00-04:00,96.17,96.25,96.099998,96.22,5379.0
2026-04-09T13:20:00-04:00,96.2,96.21,96.077499,96.14,5787.0
2026-04-09T13:25:00-04:00,96.11,96.27,96.040001,96.27,37629.0
2026-04-09T13:30:00-04:00,96.099998,96.25,96.041,96.16,4100.0
2026-04-09T13:35:00-04:00,96.29,96.625,96.29,96.625,1827.0
2026-04-09T13:40:00-04:00,96.6999,96.6999,96.6,96.61,1988.0
2026-04-09T13:45:00-04:00,96.6451,96.73,96.6451,96.66,11518.0
2026-04-09T13:50:00-04:00,96.62,96.67,96.5601,96.61,7471.0
2026-04-09T13:55:00-04:00,96.63,96.63,96.53,96.6241,13943.0
2026-04-09T14:00:00-04:00,96.58,96.595,95.92,96.035004,20021.0
2026-04-09T14:05:00-04:00,96.080002,96.24,95.89,95.98,17220.0
2026-04-09T14:10:00-04:00,95.97,96.010002,95.685,95.71,7437.0
2026-04-09T14:15:00-04:00,95.74,96.050003,95.701,95.9,8982.0
2026-04-09T14:20:00-04:00,95.895,95.92,95.8,95.87,3805.0
2026-04-09T14:25:00-04:00,95.93,95.97,95.785,95.7975,6656.0
2026-04-09T14:30:00-04:00,95.8,95.8,95.61,95.62,3328.0
2026-04-09T14:35:00-04:00,95.69,95.915,95.69,95.785,5039.0
2026-04-09T14:40:00-04:00,95.66,95.76,95.59,95.59,2274.0
2026-04-09T14:45:00-04:00,95.595,95.8,95.595,95.725,5879.0
2026-04-09T14:50:00-04:00,95.73,95.75,95.6525,95.7298,3945.0
2026-04-09T14:55:00-04:00,95.79,95.8,95.58,95.76,5121.0
2026-04-09T15:00:00-04:00,95.65,95.85,95.63,95.85,6917.0
2026-04-09T15:05:00-04:00,95.795,95.92,95.795,95.92,4834.0
2026-04-09T15:10:00-04:00,96.050003,96.17,96.050003,96.16,7814.0
2026-04-09T15:15:00-04:00,96.18,96.19,96.044998,96.050003,2942.0
2026-04-09T15:20:00-04:00,95.9706,96.1099,95.9706,96.099998,11113.0
2026-04-09T15:25:00-04:00,96.089996,96.15,95.97,95.99,7542.0
2026-04-09T15:30:00-04:00,96.010002,96.11,95.9,95.95,21341.0
2026-04-09T15:35:00-04:00,95.98,96.010002,95.88,95.88,18403.0
2026-04-09T15:40:00-04:00,95.85,96.029999,95.82,95.94,12033.0
2026-04-09T15:45:00-04:00,95.95,95.95,95.77,95.825,14233.0
2026-04-09T15:50:00-04:00,95.86,96.050003,95.86,96.019997,36241.0
2026-04-09T15:55:00-04:00,96.010002,96.010002,95.6,95.63,30207.0
2026-04-10T09:30:00-04:00,96.64,97.99,96.64,97.4,63419.0
2026-04-10T09:35:00-04:00,97.14,97.69,96.93,97.215,17075.0
2026-04-10T09:40:00-04:00,97.2,97.225,96.93,96.955,6877.0
2026-04-10T09:45:00-04:00,97.15,97.15,96.57,96.74,5908.0
2026-04-10T09:50:00-04:00,96.87,97.38,96.87,97.3128,6624.0
2026-04-10T09:55:00-04:00,97.3,97.55,97.195,97.48,18427.0
2026-04-10T10:00:00-04:00,97.4,97.58,97.23,97.365,13660.0
2026-04-10T10:05:00-04:00,97.3,97.3799,97.065002,97.13,3076.0
2026-04-10T10:10:00-04:00,97.010002,97.019997,96.585,96.91,8858.0
2026-04-10T10:15:00-04:00,96.95,97.29,96.95,97.21,7757.0
2026-04-10T10:20:00-04:00,97.31,97.32,97.099998,97.3,4269.0
2026-04-10T10:25:00-04:00,97.35,97.42,97.022499,97.388,21592.0
2026-04-10T10:30:00-04:00,97.27,97.4,97.21,97.21,2920.0
2026-04-10T10:35:00-04:00,97.34,97.34,97.050003,97.050003,1960.0
2026-04-10T10:40:00-04:00,97.07,97.16,96.71,96.7397,9113.0
2026-04-10T10:45:00-04:00,96.665,96.87,96.28,96.28,12325.0
2026-04-10T10:50:00-04:00,96.36,96.7,96.27,96.41,12278.0
2026-04-10T10:55:00-04:00,96.41,96.575,96.294,96.45,3604.0
2026-04-10T11:00:00-04:00,96.48,96.5599,96.3,96.35,12217.0
2026-04-10T11:05:00-04:00,96.365,96.82,96.27,96.81,10845.0
2026-04-10T11:10:00-04:00,96.8122,97.2,96.8122,97.18,13582.0
2026-04-10T11:15:00-04:00,97.145,97.23,97.050003,97.14,9124.0
2026-04-10T11:20:00-04:00,97.17,97.42,97.145,97.42,6829.0
2026-04-10T11:25:00-04:00,97.37,97.37,97.07,97.13,5149.0
2026-04-10T11:30:00-04:00,97.13,97.27,97.029999,97.2,8031.0
2026-04-10T11:35:00-04:00,97.165,97.165,96.735,96.735,14774.0
2026-04-10T11:40:00-04:00,96.73,96.81,96.54,96.7,8215.0
2026-04-10T11:45:00-04:00,96.73,96.76,96.54,96.58,6006.0
2026-04-10T11:50:00-04:00,96.61,96.7499,96.56,96.66,15457.0
2026-04-10T11:55:00-04:00,96.62,96.645,96.44,96.46,8910.0
2026-04-10T12:00:00-04:00,96.51,96.51,96.24,96.38,14218.0
2026-04-10T12:05:00-04:00,96.39,96.41,96.19,96.25,5729.0
2026-04-10T12:10:00-04:00,96.29,96.605,96.29,96.605,10477.0
2026-04-10T12:15:00-04:00,96.58,96.65,96.5,96.56,9557.0
2026-04-10T12:20:00-04:00,96.575,96.575,96.35,96.51,6290.0
2026-04-10T12:25:00-04:00,96.46,96.55,96.3531,96.43,7635.0
2026-04-10T12:30:00-04:00,96.38,96.5,96.315,96.365,4317.0
2026-04-10T12:35:00-04:00,96.42,96.58,96.39,96.5,6984.0
2026-04-10T12:40:00-04:00,96.5,96.54,96.3646,96.3646,7121.0
2026-04-10T12:45:00-04:00,96.5,96.63,96.42,96.63,10426.0
2026-04-10T12:50:00-04:00,96.65,96.79,96.5314,96.735,13070.0
2026-04-10T12:55:00-04:00,96.7122,96.785,96.64,96.775,9397.0
2026-04-10T13:00:00-04:00,96.825,96.825,96.61,96.61,4791.0
2026-04-10T13:05:00-04:00,96.6,96.65,96.4201,96.56,3616.0
2026-04-10T13:10:00-04:00,96.58,96.6,96.5052,96.51,7990.0
2026-04-10T13:15:00-04:00,96.495,96.58,96.47,96.47,9557.0
2026-04-10T13:20:00-04:00,96.53,96.55,96.46,96.51,4052.0
2026-04-10T13:25:00-04:00,96.51,96.545,96.47,96.495,5655.0
2026-04-10T13:30:00-04:00,96.46,96.605,96.44,96.525,12384.0
2026-04-10T13:35:00-04:00,96.53,96.625,96.49,96.49,4680.0
2026-04-10T13:40:00-04:00,96.575,96.6099,96.47,96.525,3362.0
2026-04-10T13:45:00-04:00,96.555,96.595,96.52,96.54,4663.0
2026-04-10T13:50:00-04:00,96.51,96.54,96.44,96.44,7465.0
2026-04-10T13:55:00-04:00,96.3501,96.4999,96.3501,96.44,2431.0
2026-04-10T14:00:00-04:00,96.425,96.485,96.29,96.3,6427.0
2026-04-10T14:05:00-04:00,96.25,96.33,96.15,96.3,6768.0
2026-04-10T14:10:00-04:00,96.36,96.45,96.36,96.43,6510.0
2026-04-10T14:15:00-04:00,96.43,96.53,96.4,96.53,9487.0
2026-04-10T14:20:00-04:00,96.53,96.585,96.47,96.47,8805.0
2026-04-10T14:25:00-04:00,96.42,96.4805,96.39,96.44,16262.0
2026-04-10T14:30:00-04:00,96.485,96.65,96.485,96.65,12439.0
2026-04-10T14:35:00-04:00,96.63,96.63,96.48,96.54,5007.0
2026-04-10T14:40:00-04:00,96.54,96.54,96.34,96.34,3950.0
2026-04-10T14:45:00-04:00,96.355,96.365,96.26,96.27,8225.0
2026-04-10T14:50:00-04:00,96.26,96.32,96.25,96.29,7311.0
2026-04-10T14:55:00-04:00,96.34,96.35,96.25,96.27,5786.0
2026-04-10T15:00:00-04:00,96.32,96.36,96.27,96.36,9695.0
2026-04-10T15:05:00-04:00,96.37,96.42,96.26,96.26,8101.0
2026-04-10T15:10:00-04:00,96.23,96.35,96.23,96.35,14690.0
2026-04-10T15:15:00-04:00,96.36,96.54,96.32,96.52,18053.0
2026-04-10T15:20:00-04:00,96.525,96.56,96.49,96.5,26580.0
2026-04-10T15:25:00-04:00,96.49,96.555,96.425,96.46,19973.0
2026-04-10T15:30:00-04:00,96.44,96.46,96.29,96.3,25877.0
2026-04-10T15:35:00-04:00,96.31,96.37,96.07,96.099998,16981.0
2026-04-10T15:40:00-04:00,96.089996,96.24,96.010002,96.24,23513.0
2026-04-10T15:45:00-04:00,96.25,96.32,96.14,96.17,24784.0
2026-04-10T15:50:00-04:00,96.17,96.33,96.080002,96.22,86073.0
2026-04-10T15:55:00-04:00,96.23,96.7699,96.15,96.66,110493.0
2026-04-13T09:30:00-04:00,95.07,95.995,95.050003,95.76,98445.0
2026-04-13T09:35:00-04:00,95.78,96.019997,95.69,95.76,29154.0
2026-04-13T09:40:00-04:00,95.74,96.175,95.42,95.98,15166.0
2026-04-13T09:45:00-04:00,95.755,95.9,95.32,95.86,14753.0
2026-04-13T09:50:00-04:00,95.905,96.029999,95.43,95.7848,40721.0
2026-04-13T09:55:00-04:00,95.91,96.23,95.665,96.16,21858.0
2026-04-13T10:00:00-04:00,96.165,96.36,95.71,95.96,9683.0
2026-04-13T10:05:00-04:00,95.91,95.93,95.59,95.67,14737.0
2026-04-13T10:10:00-04:00,95.66,95.99,95.66,95.96,7348.0
2026-04-13T10:15:00-04:00,95.87,96.12,95.86,96.12,5318.0
2026-04-13T10:20:00-04:00,96.18,96.32,95.91,95.995,8165.0
2026-04-13T10:25:00-04:00,95.85,95.85,95.52,95.84,9905.0
2026-04-13T10:30:00-04:00,95.75,95.98,95.61,95.98,23798.0
2026-04-13T10:35:00-04:00,95.96,96.1902,95.95,96.19,8905.0
2026-04-13T10:40:00-04:00,96.26,96.43,96.095001,96.415,19009.0
2026-04-13T10:45:00-04:00,96.41,96.48,95.9,95.91,6502.0
2026-04-13T10:50:00-04:00,95.86,95.89,95.6601,95.6601,12843.0
2026-04-13T10:55:00-04:00,95.63,95.69,95.5,95.67,15459.0
2026-04-13T11:00:00-04:00,95.665,95.695,95.41,95.495,10563.0
2026-04-13T11:05:00-04:00,95.5,95.6044,95.21,95.43,12512.0
2026-04-13T11:10:00-04:00,95.33,95.735,95.32,95.7008,8093.0
2026-04-13T11:15:00-04:00,95.7049,95.74,95.24,95.24,12690.0
2026-04-13T11:20:00-04:00,95.17,95.33,95.14,95.33,12561.0
2026-04-13T11:25:00-04:00,95.35,95.54,95.2522,95.38,12919.0
2026-04-13T11:30:00-04:00,95.32,95.5,95.32,95.39,5308.0
2026-04-13T11:35:00-04:00,95.45,95.755,95.36,95.755,7324.0
2026-04-13T11:40:00-04:00,95.68,95.69,95.4825,95.54,9093.0
2026-04-13T11:45:00-04:00,95.48,95.63,95.42,95.63,15572.0
2026-04-13T11:50:00-04:00,95.6,95.805,95.6,95.69,27176.0
2026-04-13T11:55:00-04:00,95.69,95.85,95.67,95.85,6387.0
2026-04-13T12:00:00-04:00,95.9,95.93,95.7,95.77,5087.0
2026-04-13T12:05:00-04:00,95.72,96.099998,95.69,96.089996,12714.0
2026-04-13T12:10:00-04:00,96.14,96.15,95.88,95.88,30036.0
2026-04-13T12:15:00-04:00,95.89,96.07,95.86,96.07,5198.0
2026-04-13T12:20:00-04:00,96.07,96.17,95.995,96.12,6109.0
2026-04-13T12:25:00-04:00,96.15,96.5,96.15,96.5,7630.0
2026-04-13T12:30:00-04:00,96.43,96.77,96.43,96.6754,12447.0
2026-04-13T12:35:00-04:00,96.735,96.89,96.735,96.89,4028.0
2026-04-13T12:40:00-04:00,96.8,96.89,96.6,96.87,31178.0
2026-04-13T12:45:00-04:00,96.9,97.115,96.82,97.019997,8947.0
2026-04-13T12:50:00-04:00,97.040001,97.12,96.8191,96.96,4134.0
2026-04-13T12:55:00-04:00,96.8501,96.98,96.8071,96.98,9023.0
2026-04-13T13:00:00-04:00,97.0,97.12,97.0,97.050003,3362.0
2026-04-13T13:05:00-04:00,97.0,97.025002,96.85,96.85,3042.0
2026-04-13T13:10:00-04:00,96.8794,96.95,96.8794,96.95,681.0
2026-04-13T13:15:00-04:00,96.98,97.19,96.97,97.19,5993.0
2026-04-13T13:20:00-04:00,97.165,97.26,97.11,97.17,3869.0
2026-04-13T13:25:00-04:00,97.18,97.25,97.17,97.19,2220.0
2026-04-13T13:30:00-04:00,97.285,97.285,97.17,97.17,2075.0
2026-04-13T13:35:00-04:00,97.18,97.19,97.090103,97.16,2706.0
2026-04-13T13:40:00-04:00,97.115,97.14,97.065002,97.14,2234.0
2026-04-13T13:45:00-04:00,97.059998,97.089996,96.99,97.040001,6157.0
2026-04-13T13:50:00-04:00,96.98,97.040001,96.81,96.87,8781.0
2026-04-13T13:55:00-04:00,96.83,96.87,96.75,96.75,2633.0
2026-04-13T14:00:00-04:00,96.75,96.9199,96.75,96.88,4921.0
2026-04-13T14:05:00-04:00,96.895,97.0,96.83,96.89,6232.0
2026-04-13T14:10:00-04:00,96.9407,96.99,96.89,96.89,3525.0
2026-04-13T14:15:00-04:00,96.88,96.92,96.76,96.81,4789.0
2026-04-13T14:20:00-04:00,96.8,96.85,96.71,96.74,18795.0
2026-04-13T14:25:00-04:00,96.75,96.75,96.6,96.73,1966.0
2026-04-13T14:30:00-04:00,96.73,96.94,96.715,96.94,5113.0
2026-04-13T14:35:00-04:00,96.905,97.0,96.87,96.93,14493.0
2026-04-13T14:40:00-04:00,96.91,97.029999,96.89,97.029999,5335.0
2026-04-13T14:45:00-04:00,97.050003,97.24,97.050003,97.215,6982.0
2026-04-13T14:50:00-04:00,97.19,97.25,97.059998,97.11,6952.0
2026-04-13T14:55:00-04:00,97.089996,97.089996,96.96,96.96,7901.0
2026-04-13T15:00:00-04:00,97.010002,97.029999,96.82,96.83,6303.0
2026-04-13T15:05:00-04:00,96.825,96.88,96.73,96.88,9194.0
2026-04-13T15:10:00-04:00,96.89,96.91,96.78,96.9,5551.0
2026-04-13T15:15:00-04:00,96.86,97.0,96.86,96.99,4583.0
2026-04-13T15:20:00-04:00,97.0,97.32,97.0,97.32,12630.0
2026-04-13T15:25:00-04:00,97.29,97.39,97.21,97.31,11962.0
2026-04-13T15:30:00-04:00,97.27,97.4,97.25,97.31,12022.0
2026-04-13T15:35:00-04:00,97.32,97.32,97.13,97.14,9959.0
2026-04-13T15:40:00-04:00,97.14,97.36,97.14,97.355,16933.0
2026-04-13T15:45:00-04:00,97.35,97.37,97.26,97.35,16018.0
2026-04-13T15:50:00-04:00,97.34,97.58,97.31,97.52,30682.0
2026-04-13T15:55:00-04:00,97.53,97.53,97.13,97.23,150847.0
2026-04-14T09:30:00-04:00,98.78,99.47,98.17,99.37,144160.0
2026-04-14T09:35:00-04:00,99.41,100.2,99.31,99.8,128921.0
2026-04-14T09:40:00-04:00,99.81,99.92,99.21,99.83,16428.0
2026-04-14T09:45:00-04:00,99.8,99.98,99.5201,99.77,19018.0
2026-04-14T09:50:00-04:00,99.71,100.089996,99.46,100.07,20807.0
2026-04-14T09:55:00-04:00,100.07,100.18,99.865,99.97,15701.0
2026-04-14T10:00:00-04:00,99.98,100.27,99.91,100.0,16528.0
2026-04-14T10:05:00-04:00,100.0049973,100.32,99.96,100.32,11966.0
2026-04-14T10:10:00-04:00,100.37,100.43,100.15,100.285,12360.0
2026-04-14T10:15:00-04:00,100.325,100.325,100.07,100.13,7631.0
2026-04-14T10:20:00-04:00,100.059998,100.18,99.89,99.89,12249.0
2026-04-14T10:25:00-04:00,99.94,100.029999,99.82,99.95,31409.0
2026-04-14T10:30:00-04:00,99.96,100.0,99.75,99.86,12893.0
2026-04-14T10:35:00-04:00,99.81,100.029999,99.6,99.61,27867.0
2026-04-14T10:40:00-04:00,99.61,99.6699,99.45,99.6,31239.0
2026-04-14T10:45:00-04:00,99.61,99.75,99.49,99.75,14447.0
2026-04-14T10:50:00-04:00,99.76,99.79,99.62,99.75,44608.0
2026-04-14T10:55:00-04:00,99.81,99.82,99.32,99.42,12554.0
2026-04-14T11:00:00-04:00,99.37,99.49,99.15,99.15,13640.0
2026-04-14T11:05:00-04:00,99.14,99.14,98.8558,99.059998,6989.0
2026-04-14T11:10:00-04:00,99.029999,99.5,99.019997,99.43,9062.0
2026-04-14T11:15:00-04:00,99.3776,99.7665,99.3776,99.7665,18343.0
2026-04-14T11:20:00-04:00,99.715,99.875,99.66,99.79,21900.0
2026-04-14T11:25:00-04:00,99.795,100.080002,99.795,99.99,11558.0
2026-04-14T11:30:00-04:00,100.099998,100.2,100.050003,100.14,9088.0
2026-04-14T11:35:00-04:00,100.095001,100.32,100.095001,100.27,12125.0
2026-04-14T11:40:00-04:00,100.26,100.26,100.0,100.010002,11512.0
2026-04-14T11:45:00-04:00,100.025002,100.029404,99.865,99.9,7397.0
2026-04-14T11:50:00-04:00,99.89,100.125,99.89,100.125,42289.0
2026-04-14T11:55:00-04:00,100.14,100.14,99.905,99.91,21149.0
2026-04-14T12:00:00-04:00,99.9,100.080002,99.835,100.050003,18585.0
2026-04-14T12:05:00-04:00,100.029999,100.2,100.019997,100.13,9661.0
2026-04-14T12:10:00-04:00,100.19,100.22,99.99,100.035004,8539.0
2026-04-14T12:15:00-04:00,100.0,100.059998,99.9,99.95,14548.0
2026-04-14T12:20:00-04:00,99.98,100.15,99.935,100.15,11720.0
2026-04-14T12:25:00-04:00,100.15,100.31,100.13,100.285,12037.0
2026-04-14T12:30:00-04:00,100.25,100.29,100.029999,100.029999,5591.0
2026-04-14T12:35:00-04:00,99.965,100.0,99.79,99.79,9717.0
2026-04-14T12:40:00-04:00,99.78,99.8599,99.76,99.8599,3979.0
2026-04-14T12:45:00-04:00,99.72,99.76,99.595,99.73,3910.0
2026-04-14T12:50:00-04:00,99.77,99.77,99.595,99.595,2657.0
2026-04-14T12:55:00-04:00,99.59,99.59,99.48,99.52,1960.0
2026-04-14T13:00:00-04:00,99.53,99.715,99.5,99.7,5321.0
2026-04-14T13:05:00-04:00,99.62,99.905,99.62,99.855,3795.0
2026-04-14T13:10:00-04:00,99.87,99.9699,99.8201,99.845,4077.0
2026-04-14T13:15:00-04:00,99.89,99.96,99.86,99.9,9742.0
2026-04-14T13:20:00-04:00,99.96,100.14,99.955,100.14,13887.0
2026-04-14T13:25:00-04:00,100.080002,100.080002,99.945,99.95,16886.0
2026-04-14T13:30:00-04:00,99.97,99.99,99.92,99.95,3191.0
2026-04-14T13:35:00-04:00,99.9,99.96,99.8107,99.9105,7877.0
2026-04-14T13:40:00-04:00,99.96,100.050003,99.875,99.92,4755.0
2026-04-14T13:45:00-04:00,99.92,99.95,99.72,99.795,4964.0
2026-04-14T13:50:00-04:00,99.79,99.79,99.68,99.7,24721.0
2026-04-14T13:55:00-04:00,99.7,99.7,99.6,99.6811,2889.0
2026-04-14T14:00:00-04:00,99.67,99.72,99.64,99.72,891.0
2026-04-14T14:05:00-04:00,99.69,99.85,99.6553,99.85,6222.0
2026-04-14T14:10:00-04:00,99.88,99.91,99.795,99.83,2875.0
2026-04-14T14:15:00-04:00,99.81,99.8599,99.68,99.68,5227.0
2026-04-14T14:20:00-04:00,99.55,99.645,99.38,99.38,5369.0
2026-04-14T14:25:00-04:00,99.51,99.6495,99.5,99.61,6100.0
2026-04-14T14:30:00-04:00,99.58,99.71,99.58,99.62,26140.0
2026-04-14T14:35:00-04:00,99.65,99.7,99.61,99.7,9093.0
2026-04-14T14:40:00-04:00,99.64,99.64,99.42,99.42,1034.0
2026-04-14T14:45:00-04:00,99.44,99.47,99.37,99.43,5741.0
2026-04-14T14:50:00-04:00,99.44,99.62,99.36,99.615,23488.0
2026-04-14T14:55:00-04:00,99.63,99.75,99.63,99.75,5527.0
2026-04-14T15:00:00-04:00,99.72,99.96,99.72,99.95,3671.0
2026-04-14T15:05:00-04:00,99.95,100.040001,99.945,100.010002,14852.0
2026-04-14T15:10:00-04:00,99.98,100.029999,99.9141,99.92,7690.0
2026-04-14T15:15:00-04:00,99.8,99.8,99.575,99.605,4256.0
2026-04-14T15:20:00-04:00,99.64,99.69,99.565,99.65,7867.0
2026-04-14T15:25:00-04:00,99.62,99.62,99.49,99.5723,4512.0
2026-04-14T15:30:00-04:00,99.6,99.77,99.57,99.59,10317.0
2026-04-14T15:35:00-04:00,99.62,99.78,99.535,99.72,10457.0
2026-04-14T15:40:00-04:00,99.68,99.68,99.495,99.52,13385.0
2026-04-14T15:45:00-04:00,99.53,99.67,99.53,99.67,22336.0
2026-04-14T15:50:00-04:00,99.7,99.82,99.5,99.54,23270.0
2026-04-14T15:55:00-04:00,99.58,99.88,99.49,99.79,111940.0
2026-04-15T09:30:00-04:00,98.92,98.92,97.57,97.66,2282.0
2026-04-15T09:35:00-04:00,97.43,98.6,97.25,98.6,617.0
2026-04-15T09:40:00-04:00,98.865,98.87,98.48,98.715,2174.0
2026-04-15T09:45:00-04:00,98.67,99.04,98.59,99.04,1100.0
2026-04-15T09:50:00-04:00,99.0,99.0,98.85,98.85,1000.0
2026-04-15T09:55:00-04:00,99.69,99.79,99.64,99.64,315.0
2026-04-15T10:05:00-04:00,99.62,99.62,99.34,99.34,300.0
2026-04-15T10:10:00-04:00,99.54,99.68,99.47,99.68,354.0
2026-04-15T10:15:00-04:00,99.62,99.62,99.62,99.62,100.0
2026-04-15T10:25:00-04:00,99.47,99.47,99.24,99.33,1253.0
2026-04-15T10:30:00-04:00,99.2,99.2,99.2,99.2,117.0
2026-04-15T10:35:00-04:00,98.93,98.94,98.93,98.94,103.0
2026-04-15T10:40:00-04:00,99.24,99.24,99.185,99.185,300.0
2026-04-15T10:45:00-04:00,99.06,99.06,99.06,99.06,3.0
2026-04-15T10:50:00-04:00,98.9,98.9,98.81,98.81,101.0
2026-04-15T10:55:00-04:00,98.85,98.85,98.85,98.85,4.0
2026-04-15T11:00:00-04:00,98.38,98.59,98.23,98.23,936.0
2026-04-15T11:05:00-04:00,98.23,98.23,97.96,98.01,111.0
2026-04-15T11:10:00-04:00,98.1,98.11,98.1,98.11,313.0
2026-04-15T11:15:00-04:00,98.44,98.47,98.31,98.41,707.0
2026-04-15T11:20:00-04:00,98.32,98.32,97.77,97.77,1381.0
2026-04-15T11:25:00-04:00,97.74,97.745,97.59,97.61,707.0
2026-04-15T11:30:00-04:00,97.36,97.38,97.25,97.25,186.0
2026-04-15T11:35:00-04:00,97.38,97.57,97.38,97.54,1271.0
2026-04-15T11:40:00-04:00,97.83,98.08,97.83,98.08,121.0
2026-04-15T11:45:00-04:00,98.09,98.09,98.01,98.01,1490.0
2026-04-15T11:50:00-04:00,97.75,97.75,97.63,97.63,660.0
2026-04-15T11:55:00-04:00,97.55,97.55,97.455,97.52,366.0
2026-04-15T12:00:00-04:00,97.55,97.55,97.55,97.55,1.0
2026-04-15T12:05:00-04:00,97.85,97.89,97.85,97.89,110.0
2026-04-15T12:10:00-04:00,97.94,98.06,97.94,98.05,104.0
2026-04-15T12:15:00-04:00,97.92,98.0,97.85,97.85,1515.0
2026-04-15T12:20:00-04:00,97.9,97.96,97.87,97.87,553.0
2026-04-15T12:25:00-04:00,97.77,97.77,97.77,97.77,1508.0
2026-04-15T12:30:00-04:00,97.85,97.85,97.85,97.85,1.0
2026-04-15T12:40:00-04:00,97.52,97.52,97.52,97.52,1000.0
2026-04-15T12:45:00-04:00,97.31,97.31,97.31,97.31,100.0
2026-04-15T13:00:00-04:00,97.45,97.62,97.35,97.62,661.0
2026-04-15T13:05:00-04:00,97.55,97.55,97.55,97.55,100.0
2026-04-15T13:10:00-04:00,97.47,97.48,97.41,97.41,428.0
2026-04-15T13:20:00-04:00,97.46,97.46,97.41,97.455,3.0
2026-04-15T13:30:00-04:00,97.82,97.82,97.82,97.82,100.0
2026-04-15T13:35:00-04:00,97.87,97.87,97.87,97.87,100.0
2026-04-15T13:40:00-04:00,97.77,97.77,97.6,97.6,1625.0
2026-04-15T13:45:00-04:00,97.59,97.59,97.59,97.59,70.0
2026-04-15T13:55:00-04:00,97.84,97.84,97.75,97.75,357.0
2026-04-15T14:00:00-04:00,97.73,97.83,97.63,97.83,1287.0
2026-04-15T14:05:00-04:00,98.09,98.09,98.09,98.09,100.0
2026-04-15T14:10:00-04:00,97.96,97.97,97.92,97.92,370.0
2026-04-15T14:15:00-04:00,98.1,98.1,97.9,97.9,96.0
2026-04-15T14:20:00-04:00,97.87,97.87,97.78,97.78,129.0
2026-04-15T14:25:00-04:00,97.68,97.81,97.66,97.81,302.0
2026-04-15T14:30:00-04:00,97.815,97.82,97.815,97.82,100.0
2026-04-15T14:35:00-04:00,97.86,97.86,97.86,97.86,10.0
2026-04-15T14:40:00-04:00,97.7,97.7,97.7,97.7,100.0
2026-04-15T14:45:00-04:00,97.64,97.64,97.64,97.64,100.0
2026-04-15T14:50:00-04:00,97.9,97.945,97.9,97.945,104.0
2026-04-15T14:55:00-04:00,97.98,97.98,97.98,97.98,10.0
2026-04-15T15:05:00-04:00,97.975,98.035,97.97,97.97,406.0
2026-04-15T15:10:00-04:00,97.91,97.91,97.66,97.68,118.0
2026-04-15T15:15:00-04:00,97.67,97.82,97.58,97.82,398.0
2026-04-15T15:20:00-04:00,97.8,97.89,97.8,97.89,267.0
2026-04-15T15:25:00-04:00,97.9,98.02,97.9,98.005,400.0
2026-04-15T15:30:00-04:00,98.03,98.05,97.96,97.99,33.0
2026-04-15T15:35:00-04:00,97.945,97.945,97.89,97.89,303.0
2026-04-15T15:40:00-04:00,97.71,97.72,97.69,97.69,155.0
2026-04-15T15:45:00-04:00,97.9,97.96,97.9,97.925,599.0
2026-04-15T15:50:00-04:00,98.02,98.105,97.97,97.97,1105.0
2026-04-15T15:55:00-04:00,97.98,97.98,97.57,97.64,3214.0
2026-04-16T09:30:00-04:00,98.4,99.19,98.28,98.905,76540.0
2026-04-16T09:35:00-04:00,98.905,99.040001,98.2601,98.5,29800.0
2026-04-16T09:40:00-04:00,98.475,98.9844,98.38,98.52,27668.0
2026-04-16T09:45:00-04:00,98.53,98.78,98.46,98.65,27602.0
2026-04-16T09:50:00-04:00,98.76,98.76,97.585,97.585,15086.0
2026-04-16T09:55:00-04:00,97.54,98.2239,97.335,98.2239,17112.0
2026-04-16T10:00:00-04:00,98.17,98.27,97.88,97.96,20303.0
2026-04-16T10:05:00-04:00,97.88,98.26,97.68,98.26,8838.0
2026-04-16T10:10:00-04:00,98.26,98.65,98.2496,98.635,6875.0
2026-04-16T10:15:00-04:00,98.65,98.65,98.1217,98.3,6881.0
2026-04-16T10:20:00-04:00,98.26169,98.26169,97.99,98.165,2821.0
2026-04-16T10:25:00-04:00,98.15,98.2182,98.15,98.2182,2450.0
2026-04-16T10:30:00-04:00,98.18,98.18,97.82,97.99,7476.0
2026-04-16T10:35:00-04:00,97.92,97.96,97.695,97.73,4854.0
2026-04-16T10:40:00-04:00,97.69,97.91,97.4,97.88,7956.0
2026-04-16T10:45:00-04:00,97.9,98.15,97.8378,97.925,5987.0
2026-04-16T10:50:00-04:00,98.019997,98.17,97.75,98.050003,8541.0
2026-04-16T10:55:00-04:00,98.0,98.0,97.72,97.771,4789.0
2026-04-16T11:00:00-04:00,97.98,98.29,97.98,98.29,3161.0
2026-04-16T11:05:00-04:00,98.27,98.4,98.21,98.22,3573.0
2026-04-16T11:10:00-04:00,98.26,98.285,97.93,97.93,4124.0
2026-04-16T11:15:00-04:00,98.13,98.41,98.13,98.32,5746.0
2026-04-16T11:20:00-04:00,98.27,98.355,98.21,98.21,1316.0
2026-04-16T11:25:00-04:00,98.185,98.2506,97.89,97.89,5171.0
2026-04-16T11:30:00-04:00,97.925,98.019997,97.7,97.84,2709.0
2026-04-16T11:35:00-04:00,97.93,98.32,97.815,98.050003,7385.0
2026-04-16T11:40:00-04:00,98.050003,98.11,97.8296,97.84,5089.0
2026-04-16T11:45:00-04:00,97.845,98.07,97.845,97.96,3542.0
2026-04-16T11:50:00-04:00,98.09,98.2199,98.050003,98.14,4679.0
2026-04-16T11:55:00-04:00,98.17,98.17,98.019997,98.059998,2726.0
2026-04-16T12:00:00-04:00,98.15,98.15,98.0,98.099998,10460.0
2026-04-16T12:05:00-04:00,98.099998,98.099998,97.96,98.029999,18648.0
2026-04-16T12:10:00-04:00,98.059998,98.17,98.010597,98.105,3096.0
2026-04-16T12:15:00-04:00,98.0,98.059998,97.98,97.98,3757.0
2026-04-16T12:20:00-04:00,97.9,97.9,97.79,97.79,4380.0
2026-04-16T12:25:00-04:00,97.75,97.75,97.61,97.71,3717.0
2026-04-16T12:30:00-04:00,97.715,97.83,97.3,97.45,12296.0
2026-04-16T12:35:00-04:00,97.5,97.71,97.48,97.71,7349.0
2026-04-16T12:40:00-04:00,97.62,97.6799,97.47,97.527,5684.0
2026-04-16T12:45:00-04:00,97.46,97.63,97.46,97.565,6918.0
2026-04-16T12:50:00-04:00,97.5,97.725,97.49,97.55,31938.0
2026-04-16T12:55:00-04:00,97.46,97.625,97.4201,97.625,16938.0
2026-04-16T13:00:00-04:00,97.655,97.655,97.38,97.536,15901.0
2026-04-16T13:05:00-04:00,97.43,97.43,97.24,97.42,7406.0
2026-04-16T13:10:00-04:00,97.3579,97.3579,97.18,97.18,25698.0
2026-04-16T13:15:00-04:00,97.13,97.29,97.1201,97.23,9419.0
2026-04-16T13:20:00-04:00,97.28,97.69,97.27,97.69,7335.0
2026-04-16T13:25:00-04:00,97.69,97.71,97.39,97.39,4107.0
2026-04-16T13:30:00-04:00,97.4175,97.5,97.4,97.41,5991.0
2026-04-16T13:35:00-04:00,97.3,97.33,97.089996,97.15,8222.0
2026-04-16T13:40:00-04:00,97.27,97.31,97.25,97.31,1516.0
2026-04-16T13:45:00-04:00,97.35,97.35,97.35,97.35,64.0
2026-04-16T13:50:00-04:00,97.4299,97.4299,97.3,97.3,6770.0
2026-04-16T13:55:00-04:00,97.23,97.29,97.040001,97.29,12671.0
2026-04-16T14:00:00-04:00,97.32,97.6299,97.32,97.49,7765.0
2026-04-16T14:05:00-04:00,97.62,97.68,97.52,97.56,1914.0
2026-04-16T14:10:00-04:00,97.49,97.58,97.49,97.58,458.0
2026-04-16T14:15:00-04:00,97.58,97.72,97.53,97.72,5357.0
2026-04-16T14:20:00-04:00,97.7,97.78,97.35,97.38,23275.0
2026-04-16T14:25:00-04:00,97.45,97.46,97.28,97.2801,4056.0
2026-04-16T14:30:00-04:00,97.35,97.41,97.35,97.38,4644.0
2026-04-16T14:35:00-04:00,97.375,97.4,97.34,97.34,6621.0
2026-04-16T14:40:00-04:00,97.405,97.425,97.28,97.36,6176.0
2026-04-16T14:45:00-04:00,97.38,97.41,97.32,97.35,6706.0
2026-04-16T14:50:00-04:00,97.345,97.345,97.241,97.32,11220.0
2026-04-16T14:55:00-04:00,97.18,97.18,96.96,97.080002,15442.0
2026-04-16T15:00:00-04:00,97.115,97.48,97.115,97.4,7339.0
2026-04-16T15:05:00-04:00,97.44,97.53,97.3471,97.495,16230.0
2026-04-16T15:10:00-04:00,97.495,97.5,97.245,97.31,17137.0
2026-04-16T15:15:00-04:00,97.3057,97.39,97.225,97.39,10034.0
2026-04-16T15:20:00-04:00,97.415,97.42,97.31,97.31,4281.0
2026-04-16T15:25:00-04:00,97.3,97.32,97.23,97.23,3523.0
2026-04-16T15:30:00-04:00,97.3,97.32,97.13,97.13,7472.0
2026-04-16T15:35:00-04:00,97.099998,97.21,97.029999,97.16,9585.0
2026-04-16T15:40:00-04:00,97.18,97.3,97.15,97.215,9118.0
2026-04-16T15:45:00-04:00,97.2,97.31,97.19,97.2664,8132.0
2026-04-16T15:50:00-04:00,97.31,97.32,97.059998,97.089996,19066.0
2026-04-16T15:55:00-04:00,97.080002,97.285,97.050003,97.17,43709.0
2026-04-17T09:30:00-04:00,100.2,101.57,100.0,101.365,117519.0
2026-04-17T09:35:00-04:00,101.37,101.79,100.43,100.9,80385.0
2026-04-17T09:40:00-04:00,100.91,101.74,100.73,101.089996,67220.0
2026-04-17T09:45:00-04:00,101.089996,101.35,100.35,101.15,20376.0
2026-04-17T09:50:00-04:00,101.17,101.88,101.040001,101.8794,23293.0
2026-04-17T09:55:00-04:00,101.86,102.1399,101.68,102.0373,21045.0
2026-04-17T10:00:00-04:00,101.95,102.292,101.82,102.089996,39618.0
2026-04-17T10:05:00-04:00,102.040001,102.18,101.8,102.040001,15353.0
2026-04-17T10:10:00-04:00,101.95,102.11,101.75,101.825,22506.0
2026-04-17T10:15:00-04:00,101.79,102.37,101.775,102.365,23715.0
2026-04-17T10:20:00-04:00,102.325,102.81,102.17,102.81,28994.0
2026-04-17T10:25:00-04:00,102.84,103.07,102.7,102.7427,29711.0
2026-04-17T10:30:00-04:00,102.6639,103.050003,102.45,103.050003,19311.0
2026-04-17T10:35:00-04:00,103.040001,103.28,102.81,103.065002,11869.0
2026-04-17T10:40:00-04:00,103.050003,103.35,102.98,103.35,17361.0
2026-04-17T10:45:00-04:00,103.3501,103.55,103.12,103.55,12230.0
2026-04-17T10:50:00-04:00,103.44,103.44,103.059998,103.1589,11973.0
2026-04-17T10:55:00-04:00,103.099998,103.24,102.93,103.11,37682.0
2026-04-17T11:00:00-04:00,103.089996,103.089996,102.56,102.65,13885.0
2026-04-17T11:05:00-04:00,102.7,103.029999,102.67,103.029503,12009.0
2026-04-17T11:10:00-04:00,103.0,103.0,102.745,102.76938,4276.0
2026-04-17T11:15:00-04:00,102.74,103.010002,102.33,102.365,19943.0
2026-04-17T11:20:00-04:00,102.36,102.39,102.14,102.24,22336.0
2026-04-17T11:25:00-04:00,102.15,102.33,102.0,102.19,35571.0
2026-04-17T11:30:00-04:00,102.15,102.6,102.029999,102.6,13280.0
2026-04-17T11:35:00-04:00,102.57,102.6599,102.41,102.41,10277.0
2026-04-17T11:40:00-04:00,102.45,102.54,102.11,102.12,20532.0
2026-04-17T11:45:00-04:00,102.14,102.49,102.14,102.47,22603.0
2026-04-17T11:50:00-04:00,102.54,102.99,102.535,102.86,14287.0
2026-04-17T11:55:00-04:00,102.86,103.029999,102.86,102.96,13528.0
2026-04-17T12:00:00-04:00,103.0,103.0,102.8702,102.95,16369.0
2026-04-17T12:05:00-04:00,102.93,102.98,102.83,102.93,15352.0
2026-04-17T12:10:00-04:00,103.019997,103.050003,102.97,103.050003,7838.0
2026-04-17T12:15:00-04:00,103.035004,103.035004,102.865,102.97,14111.0
2026-04-17T12:20:00-04:00,102.99,103.26,102.99,103.2315,19165.0
2026-04-17T12:25:00-04:00,103.2636,103.29,103.059998,103.07,28960.0
2026-04-17T12:30:00-04:00,103.11,103.17,102.88,102.88,17532.0
2026-04-17T12:35:00-04:00,102.86,102.93,102.81,102.82,8062.0
2026-04-17T12:40:00-04:00,102.76,102.8,102.601,102.71,13898.0
2026-04-17T12:45:00-04:00,102.67,102.74,102.4601,102.63,6012.0
2026-04-17T12:50:00-04:00,102.67,102.69,102.56,102.56,8358.0
2026-04-17T12:55:00-04:00,102.525,102.59,102.425,102.49,6928.0
2026-04-17T13:00:00-04:00,102.48,102.48,102.0989,102.245,28773.0
2026-04-17T13:05:00-04:00,102.23,102.3865,101.775,101.9,52160.0
2026-04-17T13:10:00-04:00,101.95,101.98,101.73,101.83,45711.0
2026-04-17T13:15:00-04:00,101.76,101.89,101.67,101.67,14091.0
2026-04-17T13:20:00-04:00,101.64,101.81,101.19,101.28,29964.0
2026-04-17T13:25:00-04:00,101.26,101.53,101.24,101.41,23230.0
2026-04-17T13:30:00-04:00,101.46,101.55,101.059998,101.335,18197.0
2026-04-17T13:35:00-04:00,101.22,101.41,101.12,101.2,14834.0
2026-04-17T13:40:00-04:00,101.2,101.26,100.98,101.025002,16955.0
2026-04-17T13:45:00-04:00,101.025002,101.245,100.97,101.245,5520.0
2026-04-17T13:50:00-04:00,101.2,101.32,101.2,101.2,5506.0
2026-04-17T13:55:00-04:00,101.21,101.44,101.21,101.38,11081.0
2026-04-17T14:00:00-04:00,101.38,101.39,101.22,101.22,22481.0
2026-04-17T14:05:00-04:00,101.23,101.41,101.2,101.25,5844.0
2026-04-17T14:10:00-04:00,101.295,101.5,101.285,101.29,5373.0
2026-04-17T14:15:00-04:00,101.325,101.51,101.325,101.39,13724.0
2026-04-17T14:20:00-04:00,101.38,101.64,101.26,101.49,10227.0
2026-04-17T14:25:00-04:00,101.66,101.71,101.365,101.38,12512.0
2026-04-17T14:30:00-04:00,101.42,101.57,101.38,101.51,13352.0
2026-04-17T14:35:00-04:00,101.5,101.5375,101.3,101.3,5032.0
2026-04-17T14:40:00-04:00,101.3,101.3299,101.12,101.23,9725.0
2026-04-17T14:45:00-04:00,101.275,101.29,101.1801,101.19,6850.0
2026-04-17T14:50:00-04:00,101.195,101.195,100.965,100.975,5465.0
2026-04-17T14:55:00-04:00,100.99,101.2,100.98,101.185,6866.0
2026-04-17T15:00:00-04:00,101.13,101.215,101.029999,101.099998,11254.0
2026-04-17T15:05:00-04:00,101.089996,101.18,100.97,100.97,7240.0
2026-04-17T15:10:00-04:00,100.99,100.99,100.74,100.94,15847.0
2026-04-17T15:15:00-04:00,100.88,101.010002,100.88,100.915,13927.0
2026-04-17T15:20:00-04:00,100.99,101.050003,100.81,100.94,29943.0
2026-04-17T15:25:00-04:00,100.945,101.010002,100.87,100.98,24156.0
2026-04-17T15:30:00-04:00,100.99,101.27,100.99,101.22,43130.0
2026-04-17T15:35:00-04:00,101.22,101.27,101.029999,101.24,42975.0
2026-04-17T15:40:00-04:00,101.22,101.455,101.16,101.44,50007.0
2026-04-17T15:45:00-04:00,101.44,101.455,101.28,101.31,66266.0
2026-04-17T15:50:00-04:00,101.32,101.455,101.205,101.33,119282.0
2026-04-17T15:55:00-04:00,101.35,101.425,101.072502,101.095001,191740.0
2026-04-20T09:30:00-04:00,99.5,99.526,98.48,98.8089,108202.0
2026-04-20T09:35:00-04:00,98.84,100.010002,98.84,99.84,22307.0
2026-04-20T09:40:00-04:00,99.77,99.86,99.33,99.7093,12659.0
2026-04-20T09:45:00-04:00,99.61,100.019997,99.4,99.52,44609.0
2026-04-20T09:50:00-04:00,99.52,99.56,99.2594,99.41,32032.0
2026-04-20T09:55:00-04:00,99.38,99.61,99.33,99.61,33215.0
2026-04-20T10:00:00-04:00,99.46,99.46,98.82,99.11,40108.0
2026-04-20T10:05:00-04:00,99.17,99.45,98.96,98.96,7704.0
2026-04-20T10:10:00-04:00,99.050102,99.19,98.65,99.185,64910.0
2026-04-20T10:15:00-04:00,99.2482,99.44,99.07,99.42,11731.0
2026-04-20T10:20:00-04:00,99.45,99.45,99.1347,99.29,15522.0
2026-04-20T10:25:00-04:00,99.265,99.46,99.21,99.4066,9217.0
2026-04-20T10:30:00-04:00,99.44,99.76,99.39,99.45,35331.0
2026-04-20T10:35:00-04:00,99.42,99.45,99.17,99.26,55200.0
2026-04-20T10:40:00-04:00,99.21,99.4493,98.88,99.4493,41790.0
2026-04-20T10:45:00-04:00,99.29,99.3901,98.6801,98.9,37115.0
2026-04-20T10:50:00-04:00,99.0,99.014999,98.29,98.765,40804.0
2026-04-20T10:55:00-04:00,98.685,98.73,98.34,98.45,35708.0
2026-04-20T11:00:00-04:00,98.52,98.67,98.010002,98.158,12870.0
2026-04-20T11:05:00-04:00,98.2,98.35,97.9,98.205,26710.0
2026-04-20T11:10:00-04:00,98.1828,98.45,97.9901,98.18,65596.0
2026-04-20T11:15:00-04:00,98.24,98.54,98.21,98.43,13639.0
2026-04-20T11:20:00-04:00,98.29,98.68,98.29,98.55,10959.0
2026-04-20T11:25:00-04:00,98.48,98.84,98.48,98.84,12525.0
2026-04-20T11:30:00-04:00,98.86,98.88,98.69,98.7,7131.0
2026-04-20T11:35:00-04:00,98.715,98.83,98.63,98.705,6554.0
2026-04-20T11:40:00-04:00,98.68,98.78,98.45,98.47,63781.0
2026-04-20T11:45:00-04:00,98.47,98.69,98.4,98.635,37938.0
2026-04-20T11:50:00-04:00,98.61,98.7,98.46,98.675,30658.0
2026-04-20T11:55:00-04:00,98.71,98.87,98.71,98.78,17795.0
2026-04-20T12:00:00-04:00,98.76,98.76,98.445,98.47,27204.0
2026-04-20T12:05:00-04:00,98.465,98.76,98.46,98.7,10966.0
2026-04-20T12:10:00-04:00,98.73,98.7975,98.69,98.6915,11400.0
2026-04-20T12:15:00-04:00,98.72,98.765,98.5578,98.72,12286.0
2026-04-20T12:20:00-04:00,98.8194,98.925,98.63,98.64,13672.0
2026-04-20T12:25:00-04:00,98.6606,98.72,98.64,98.68,9075.0
2026-04-20T12:30:00-04:00,98.69,98.79,98.6609,98.67,12737.0
2026-04-20T12:35:00-04:00,98.655,98.655,98.425,98.51,10927.0
2026-04-20T12:40:00-04:00,98.45,98.8,98.45,98.77,11324.0
2026-04-20T12:45:00-04:00,98.75,98.81,98.72,98.78,5800.0
2026-04-20T12:50:00-04:00,98.785,98.8,98.68,98.72,23773.0
2026-04-20T12:55:00-04:00,98.715,98.72,98.64,98.72,6888.0
2026-04-20T13:00:00-04:00,98.725,98.9,98.67,98.87,13334.0
2026-04-20T13:05:00-04:00,98.91,98.91,98.73,98.78,8874.0
2026-04-20T13:10:00-04:00,98.73,98.79,98.675,98.71,12498.0
2026-04-20T13:15:00-04:00,98.7448,98.825,98.6701,98.795,12075.0
2026-04-20T13:20:00-04:00,98.78,98.82,98.72,98.75,8337.0
2026-04-20T13:25:00-04:00,98.75,98.75,98.62,98.72,9775.0
2026-04-20T13:30:00-04:00,98.76,98.8,98.67,98.7275,19711.0
2026-04-20T13:35:00-04:00,98.709,99.069901,98.7,99.010002,9784.0
2026-04-20T13:40:00-04:00,98.94,99.040001,98.925,98.975,2993.0
2026-04-20T13:45:00-04:00,98.955,99.019997,98.87,98.88,7411.0
2026-04-20T13:50:00-04:00,98.93,98.955,98.8501,98.94,11265.0
2026-04-20T13:55:00-04:00,98.94,98.99,98.8,98.91,13432.0
2026-04-20T14:00:00-04:00,98.93,99.0,98.8875,98.8875,9066.0
2026-04-20T14:05:00-04:00,98.935,99.23,98.935,99.2153,9768.0
2026-04-20T14:10:00-04:00,99.195,99.205,99.019997,99.099998,20639.0
2026-04-20T14:15:00-04:00,99.1515,99.19,99.089996,99.105,9918.0
2026-04-20T14:20:00-04:00,99.084999,99.18,99.084999,99.12,11205.0
2026-04-20T14:25:00-04:00,99.010101,99.15,99.010101,99.1107,16735.0
2026-04-20T14:30:00-04:00,99.2,99.23,99.13,99.23,6257.0
2026-04-20T14:35:00-04:00,99.25,99.27,99.044998,99.099998,14763.0
2026-04-20T14:40:00-04:00,99.11,99.41,99.11,99.41,9205.0
2026-04-20T14:45:00-04:00,99.366,99.5,99.35,99.46,37674.0
2026-04-20T14:50:00-04:00,99.46,99.525,99.3925,99.425,14387.0
2026-04-20T14:55:00-04:00,99.435,99.4599,99.37,99.45,18923.0
2026-04-20T15:00:00-04:00,99.48,99.6499,99.34,99.34,36141.0
2026-04-20T15:05:00-04:00,99.33,99.45,99.32,99.435,7533.0
2026-04-20T15:10:00-04:00,99.42,99.62,99.3875,99.6,10362.0
2026-04-20T15:15:00-04:00,99.6,99.64,99.49,99.64,8573.0
2026-04-20T15:20:00-04:00,99.6,99.64,99.565,99.61,9524.0
2026-04-20T15:25:00-04:00,99.65,99.68,99.56,99.61,13319.0
2026-04-20T15:30:00-04:00,99.63,99.65,99.57,99.63,10774.0
2026-04-20T15:35:00-04:00,99.61,99.76,99.525,99.715,14462.0
2026-04-20T15:40:00-04:00,99.66,99.66,99.5446,99.585,6925.0
2026-04-20T15:45:00-04:00,99.59,99.67,99.59,99.64,8989.0
2026-04-20T15:50:00-04:00,99.68,99.755,99.58,99.67,28239.0
2026-04-20T15:55:00-04:00,99.61,99.68,99.42,99.47,65094.0
2026-04-21T09:30:00-04:00,98.62,98.62,98.059998,98.16,52408.0
2026-04-21T09:35:00-04:00,98.15,98.53,97.36,98.53,62693.0
2026-04-21T09:40:00-04:00,98.65,99.15,98.61,98.99,68984.0
2026-04-21T09:45:00-04:00,98.95,99.040001,98.73,98.87,44495.0
2026-04-21T09:50:00-04:00,98.87,99.040001,98.73,98.825,57596.0
2026-04-21T09:55:00-04:00,98.78,98.78,98.22,98.39,44663.0
2026-04-21T10:00:00-04:00,98.39,98.46,98.13,98.3351,17371.0
2026-04-21T10:05:00-04:00,98.25,98.4,98.16,98.23,9567.0
2026-04-21T10:10:00-04:00,98.21,98.39,97.96,98.32,7419.0
2026-04-21T10:15:00-04:00,98.37,98.56,98.18,98.55,8250.0
2026-04-21T10:20:00-04:00,98.48,98.48,98.029999,98.050003,6645.0
2026-04-21T10:25:00-04:00,98.050003,98.17,97.9,98.125,26799.0
2026-04-21T10:30:00-04:00,98.13,98.18,97.63,97.68,11513.0
2026-04-21T10:35:00-04:00,97.775,97.8961,97.37,97.37,20273.0
2026-04-21T10:40:00-04:00,97.37,97.46,96.9,96.9,28954.0
2026-04-21T10:45:00-04:00,96.91,96.92,96.0039978,96.17,34438.0
2026-04-21T10:50:00-04:00,96.12,96.2,95.8,96.07,38631.0
2026-04-21T10:55:00-04:00,95.82,96.074997,95.46,95.55,26234.0
2026-04-21T11:00:00-04:00,95.55,95.55,95.029999,95.335,36881.0
2026-04-21T11:05:00-04:00,95.25,95.34,94.78,95.34,35572.0
2026-04-21T11:10:00-04:00,95.56,95.8,95.56,95.61,25179.0
2026-04-21T11:15:00-04:00,95.61,95.99,95.55,95.96,13121.0
2026-04-21T11:20:00-04:00,96.0,96.2,95.8,95.935,12833.0
2026-04-21T11:25:00-04:00,95.88,95.96,95.67,95.92,19545.0
2026-04-21T11:30:00-04:00,95.92,95.99,95.59,95.59,9843.0
2026-04-21T11:35:00-04:00,95.6227,95.94,95.53,95.875,15317.0
2026-04-21T11:40:00-04:00,95.875,95.89,95.5,95.86,17815.0
2026-04-21T11:45:00-04:00,95.885,96.099998,95.71,96.050003,7293.0
2026-04-21T11:50:00-04:00,95.98,95.98,95.74,95.74,2108.0
2026-04-21T11:55:00-04:00,95.7,95.77,95.56,95.77,9705.0
2026-04-21T12:00:00-04:00,95.82,96.084999,95.78,95.78,21862.0
2026-04-21T12:05:00-04:00,95.77,95.8,95.55,95.6128,13101.0
2026-04-21T12:10:00-04:00,95.61,95.695,95.44,95.51,9346.0
2026-04-21T12:15:00-04:00,95.505,95.72,95.455,95.71,7152.0
2026-04-21T12:20:00-04:00,95.62,95.62,95.42,95.5399,18039.0
2026-04-21T12:25:00-04:00,95.49,95.49,95.27,95.38,17401.0
2026-04-21T12:30:00-04:00,95.38,95.64,95.38,95.47,40084.0
2026-04-21T12:35:00-04:00,95.465,95.58,95.3,95.36,64301.0
2026-04-21T12:40:00-04:00,95.37,95.5,95.37,95.48,81615.0
2026-04-21T12:45:00-04:00,95.49,95.89,95.49,95.72,58508.0
2026-04-21T12:50:00-04:00,95.7,95.72,95.31,95.34,72873.0
2026-04-21T12:55:00-04:00,95.35,95.41,95.29,95.35,42073.0
2026-04-21T13:00:00-04:00,95.35,95.595,95.34,95.37,85745.0
2026-04-21T13:05:00-04:00,95.34,95.34,94.97,95.080002,82106.0
2026-04-21T13:10:00-04:00,95.07,95.080002,94.69,94.91,82875.0
2026-04-21T13:15:00-04:00,94.89,94.98,94.64,94.7,193624.0
2026-04-21T13:20:00-04:00,94.69,94.83,94.57,94.76,559346.0
2026-04-21T13:25:00-04:00,94.805,94.905,94.64,94.8639,5839.0
2026-04-21T13:30:00-04:00,94.81,95.14,94.81,95.080002,17220.0
2026-04-21T13:35:00-04:00,95.1,95.76,95.089996,95.68,8975.0
2026-04-21T13:40:00-04:00,95.76,96.089996,95.75,95.98,3265.0
2026-04-21T13:45:00-04:00,95.9,95.9,95.6618,95.73,6720.0
2026-04-21T13:50:00-04:00,95.71,95.78,95.65,95.66,3221.0
2026-04-21T13:55:00-04:00,95.63,95.81,95.59,95.8,9312.0
2026-04-21T14:00:00-04:00,95.79,96.0049973,95.79,95.805,6735.0
2026-04-21T14:05:00-04:00,95.74,95.93,95.74,95.83,4004.0
2026-04-21T14:10:00-04:00,95.74,95.79,95.62,95.79,3714.0
2026-04-21T14:15:00-04:00,95.79,95.8,95.49,95.53,8381.0
2026-04-21T14:20:00-04:00,95.39,95.42,95.305,95.36,3958.0
2026-04-21T14:25:00-04:00,95.41,95.41,95.2713,95.37,7972.0
2026-04-21T14:30:00-04:00,95.41,95.57,95.405,95.55,4978.0
2026-04-21T14:35:00-04:00,95.535,95.6373,95.46,95.49,8497.0
2026-04-21T14:40:00-04:00,95.403,95.4399,95.3,95.34,3934.0
2026-04-21T14:45:00-04:00,95.32,95.43,95.29,95.4,4720.0
2026-04-21T14:50:00-04:00,95.38,95.67,95.19,95.66,8494.0
2026-04-21T14:55:00-04:00,95.58,95.9,95.48,95.77,8153.0
2026-04-21T15:00:00-04:00,95.77,95.89,95.695,95.695,6096.0
2026-04-21T15:05:00-04:00,95.72,95.72,95.43,95.43,9205.0
2026-04-21T15:10:00-04:00,95.43,95.58,95.2,95.29,15361.0
2026-04-21T15:15:00-04:00,95.35,95.41,95.17,95.38,9957.0
2026-04-21T15:20:00-04:00,95.34,95.675,95.185,95.65,33373.0
2026-04-21T15:25:00-04:00,95.68,95.795,95.515,95.78,51652.0
2026-04-21T15:30:00-04:00,95.79,95.94,95.63,95.63,29003.0
2026-04-21T15:35:00-04:00,95.52,95.5444,95.14,95.24,41852.0
2026-04-21T15:40:00-04:00,95.25,95.26,94.11,94.23,90137.0
2026-04-21T15:45:00-04:00,94.215,94.66,94.215,94.5,97060.0
2026-04-21T15:50:00-04:00,94.54,94.615,94.26,94.33,127116.0
2026-04-21T15:55:00-04:00,94.29,94.46,94.13,94.19,163546.0
2026-04-22T09:30:00-04:00,96.24,96.6,95.42,95.985,45219.0
2026-04-22T09:35:00-04:00,95.905,96.4,95.88,96.15,78709.0
2026-04-22T09:40:00-04:00,96.18,97.029999,96.07,96.95,37005.0
2026-04-22T09:45:00-04:00,97.0,97.44,96.95,97.095001,34765.0
2026-04-22T09:50:00-04:00,97.175,97.38,96.92,97.38,21124.0
2026-04-22T09:55:00-04:00,97.28,97.38,97.010002,97.37,31870.0
2026-04-22T10:00:00-04:00,97.47,97.69,97.09,97.09,19890.0
2026-04-22T10:05:00-04:00,96.96,97.18,96.96,97.080002,5000.0
2026-04-22T10:10:00-04:00,97.23,97.58,97.1301,97.453,9157.0
2026-04-22T10:15:00-04:00,97.5,97.56,97.37,97.47,6569.0
2026-04-22T10:20:00-04:00,97.56,97.97,97.55,97.77,9299.0
2026-04-22T10:25:00-04:00,97.5987,97.8,97.42,97.535,12790.0
2026-04-22T10:30:00-04:00,97.565,97.68,97.2257,97.25285,11902.0
2026-04-22T10:35:00-04:00,97.1039,97.41,96.85,97.2,26830.0
2026-04-22T10:40:00-04:00,97.050003,97.18,96.87,96.96,8660.0
2026-04-22T10:45:00-04:00,97.029999,97.3,96.9,97.27,9427.0
2026-04-22T10:50:00-04:00,97.2,97.27,96.8301,97.0522,8511.0
2026-04-22T10:55:00-04:00,97.11,97.18,96.73,97.050003,13980.0
2026-04-22T11:00:00-04:00,97.15,97.27,96.92,96.95,11341.0
2026-04-22T11:05:00-04:00,97.059998,97.099998,96.8,96.935,23122.0
2026-04-22T11:10:00-04:00,96.925,97.14,96.79,96.83,23084.0
2026-04-22T11:15:00-04:00,96.76,97.13,96.56,97.13,11452.0
2026-04-22T11:20:00-04:00,97.11,97.17,96.93,97.17,3826.0
2026-04-22T11:25:00-04:00,97.099998,97.13,96.905,97.059998,16386.0
2026-04-22T11:30:00-04:00,97.099998,97.099998,96.86,96.97,7073.0
2026-04-22T11:35:00-04:00,96.85,96.92,96.77,96.92,6898.0
2026-04-22T11:40:00-04:00,96.86,96.86,96.56,96.63,5049.0
2026-04-22T11:45:00-04:00,96.695,96.85,96.61,96.785,7316.0
2026-04-22T11:50:00-04:00,96.77,96.795,96.525,96.525,4975.0
2026-04-22T11:55:00-04:00,96.62,96.98,96.62,96.81,13666.0
2026-04-22T12:00:00-04:00,96.82,97.0,96.72,96.9486,13747.0
2026-04-22T12:05:00-04:00,96.95,96.97,96.78,96.94,8264.0
2026-04-22T12:10:00-04:00,96.85,96.93,96.77,96.91,4781.0
2026-04-22T12:15:00-04:00,96.91,96.91,96.68,96.68,4317.0
2026-04-22T12:20:00-04:00,96.74,96.86,96.74,96.75,7870.0
2026-04-22T12:25:00-04:00,96.77,96.83,96.63,96.73,14245.0
2026-04-22T12:30:00-04:00,96.69,96.87,96.59,96.87,13166.0
2026-04-22T12:35:00-04:00,96.89,96.92,96.7401,96.7401,8708.0
2026-04-22T12:40:00-04:00,96.9229,96.9229,96.7,96.76,13364.0
2026-04-22T12:45:00-04:00,96.72,96.7999,96.6,96.7016,3781.0
2026-04-22T12:50:00-04:00,96.75,96.8666,96.69,96.825,5670.0
2026-04-22T12:55:00-04:00,96.825,96.825,96.5201,96.63,10220.0
2026-04-22T13:00:00-04:00,96.64,96.99,96.63,96.99,2813.0
2026-04-22T13:05:00-04:00,96.97,96.99,96.845,96.99,1946.0
2026-04-22T13:10:00-04:00,97.050003,97.17,96.915,96.915,3862.0
2026-04-22T13:15:00-04:00,96.89,96.96,96.85,96.885,5586.0
2026-04-22T13:20:00-04:00,96.875,97.059998,96.875,97.0076981,4635.0
2026-04-22T13:25:00-04:00,96.99,97.019997,96.92,97.0,2281.0
2026-04-22T13:30:00-04:00,97.050003,97.10133,97.014999,97.014999,1542.0
2026-04-22T13:35:00-04:00,97.040001,97.040001,96.9825,96.9825,2471.0
2026-04-22T13:40:00-04:00,97.074997,97.12,96.925,96.925,3442.0
2026-04-22T13:45:00-04:00,96.92,97.13,96.92,97.019997,1888.0
2026-04-22T13:50:00-04:00,97.069901,97.16,96.94,97.029999,11359.0
2026-04-22T13:55:00-04:00,97.040001,97.050003,96.925,97.0,6547.0
2026-04-22T14:00:00-04:00,96.985,97.019997,96.9,96.9,3571.0
2026-04-22T14:05:00-04:00,96.92,97.089996,96.92,97.074997,11778.0
2026-04-22T14:10:00-04:00,97.0,97.019997,96.83,97.019997,15641.0
2026-04-22T14:15:00-04:00,97.029999,97.07,96.98,96.99,3534.0
2026-04-22T14:20:00-04:00,96.92,96.92,96.78,96.86,2574.0
2026-04-22T14:25:00-04:00,96.895,96.92,96.79,96.825,2456.0
2026-04-22T14:30:00-04:00,96.8,96.88,96.74,96.87,2001.0
2026-04-22T14:35:00-04:00,96.8,97.0,96.8,96.96,18296.0
2026-04-22T14:40:00-04:00,96.96,96.97,96.79,96.915,13854.0
2026-04-22T14:45:00-04:00,96.91,96.99,96.87,96.94,3011.0
2026-04-22T14:50:00-04:00,96.97,97.019997,96.88,96.88,3617.0
2026-04-22T14:55:00-04:00,96.89,97.019997,96.83,97.010002,9775.0
2026-04-22T15:00:00-04:00,97.010002,97.010002,96.89,96.97,19012.0
2026-04-22T15:05:00-04:00,96.95,97.065002,96.89,96.98,21334.0
2026-04-22T15:10:00-04:00,96.99,97.0,96.89,96.93,16627.0
2026-04-22T15:15:00-04:00,96.93,96.99,96.86,96.86,18740.0
2026-04-22T15:20:00-04:00,96.83,96.91,96.76,96.815,20849.0
2026-04-22T15:25:00-04:00,96.85,97.025002,96.84,96.98,34611.0
2026-04-22T15:30:00-04:00,96.97,97.0049973,96.91,96.99,31461.0
2026-04-22T15:35:00-04:00,96.95,97.040001,96.86,97.019997,25114.0
2026-04-22T15:40:00-04:00,97.044998,97.059998,96.91,96.97,25914.0
2026-04-22T15:45:00-04:00,97.010002,97.029999,96.95,97.014999,42355.0
2026-04-22T15:50:00-04:00,97.010002,97.07,96.875,97.010002,76518.0
2026-04-22T15:55:00-04:00,96.99,97.18,96.83,97.029999,166957.0
2026-04-23T09:30:00-04:00,95.5,95.79,94.7212,94.92,100334.0
2026-04-23T09:35:00-04:00,94.9,95.11,94.69,95.11,54480.0
2026-04-23T09:40:00-04:00,95.12,95.77,95.12,95.7,26314.0
2026-04-23T09:45:00-04:00,95.64,96.0,95.54,95.85,17850.0
2026-04-23T09:50:00-04:00,95.82,96.14,95.4,95.4,37123.0
2026-04-23T09:55:00-04:00,95.45,95.45,95.099998,95.15,16132.0
2026-04-23T10:00:00-04:00,95.040001,95.18,94.95,95.059998,26172.0
2026-04-23T10:05:00-04:00,95.010002,95.010002,94.64,94.88,6507.0
2026-04-23T10:10:00-04:00,94.8117,94.925,94.59,94.9,10608.0
2026-04-23T10:15:00-04:00,94.91,95.22,94.91,95.010002,25463.0
2026-04-23T10:20:00-04:00,95.019997,95.4935,95.019997,95.3801,17045.0
2026-04-23T10:25:00-04:00,95.35,95.66,95.32,95.66,6025.0
2026-04-23T10:30:00-04:00,95.67,95.72,95.45,95.45,9457.0
2026-04-23T10:35:00-04:00,95.435,95.7282,95.2037,95.34,14066.0
2026-04-23T10:40:00-04:00,95.3,95.33,95.080002,95.21,6007.0
2026-04-23T10:45:00-04:00,95.25,95.26,94.99,95.11,12036.0
2026-04-23T10:50:00-04:00,94.99,95.32,94.9173,95.27,7165.0
2026-04-23T10:55:00-04:00,95.33,95.36,95.22,95.28,4904.0
2026-04-23T11:00:00-04:00,95.28,95.36,95.074997,95.17,9562.0
2026-04-23T11:05:00-04:00,95.080002,95.089996,94.93,94.93,24804.0
2026-04-23T11:10:00-04:00,95.019997,95.12,95.0,95.010002,9803.0
2026-04-23T11:15:00-04:00,94.88,95.34,94.88,95.23,8213.0
2026-04-23T11:20:00-04:00,95.285,95.285,95.059998,95.175,9668.0
2026-04-23T11:25:00-04:00,95.24,95.37,95.15,95.15,3948.0
2026-04-23T11:30:00-04:00,95.099998,95.26,94.95,95.225,4438.0
2026-04-23T11:35:00-04:00,95.17,95.17,94.95,95.040001,6553.0
2026-04-23T11:40:00-04:00,94.99,95.15,94.99,95.010002,5621.0
2026-04-23T11:45:00-04:00,94.95,94.95,94.56,94.75,26188.0
2026-04-23T11:50:00-04:00,94.69,94.75,94.5101,94.595,8804.0
2026-04-23T11:55:00-04:00,94.595,94.79,94.57,94.61,5113.0
2026-04-23T12:00:00-04:00,94.67,94.9,94.67,94.75,11214.0
2026-04-23T12:05:00-04:00,94.74,94.86,94.7,94.72,4603.0
2026-04-23T12:10:00-04:00,94.75,94.885,94.62,94.66,8128.0
2026-04-23T12:15:00-04:00,94.67,94.88,94.67,94.68,11932.0
2026-04-23T12:20:00-04:00,94.715,94.8,94.61,94.75,26241.0
2026-04-23T12:25:00-04:00,94.69,94.69,94.54,94.575,8220.0
2026-04-23T12:30:00-04:00,94.61,94.74,94.605,94.74,3499.0
2026-04-23T12:35:00-04:00,94.76,94.77,94.585,94.63,7678.0
2026-04-23T12:40:00-04:00,94.7,94.83,94.59,94.83,5403.0
2026-04-23T12:45:00-04:00,94.81,94.81,94.59,94.76,5635.0
2026-04-23T12:50:00-04:00,94.67,94.79,94.58,94.58,6513.0
2026-04-23T12:55:00-04:00,94.48,94.51,94.34,94.4,5838.0
2026-04-23T13:00:00-04:00,94.48,94.48,93.92,94.040001,41436.0
2026-04-23T13:05:00-04:00,93.96,93.96,93.12,93.145,34139.0
2026-04-23T13:10:00-04:00,93.12,93.2193,92.9398,93.13,33551.0
2026-04-23T13:15:00-04:00,93.15,93.15,92.5739,92.7,25936.0
2026-04-23T13:20:00-04:00,92.71,92.94,92.6,92.66,20629.0
2026-04-23T13:25:00-04:00,92.64,93.019997,92.64,92.91,28096.0
2026-04-23T13:30:00-04:00,92.96,93.105,92.83,93.089996,23901.0
2026-04-23T13:35:00-04:00,93.12,93.14,92.6201,92.67,23523.0
2026-04-23T13:40:00-04:00,92.685,92.685,91.93,91.98,54193.0
2026-04-23T13:45:00-04:00,91.9,92.4,91.71,92.145,35109.0
2026-04-23T13:50:00-04:00,92.155,93.084999,92.017998,92.8,41231.0
2026-04-23T13:55:00-04:00,92.835,93.525,92.83,93.51,17629.0
2026-04-23T14:00:00-04:00,93.485,93.88,93.485,93.68,20022.0
2026-04-23T14:05:00-04:00,93.4765,93.76,93.4765,93.64,6059.0
2026-04-23T14:10:00-04:00,93.67,93.85,93.51,93.72,22496.0
2026-04-23T14:15:00-04:00,93.65,93.81,93.55,93.64,5128.0
2026-04-23T14:20:00-04:00,93.635,93.91,93.54,93.8,7822.0
2026-04-23T14:25:00-04:00,93.81,94.099998,93.75,94.099998,5595.0
2026-04-23T14:30:00-04:00,94.19,94.41,94.165,94.41,5636.0
2026-04-23T14:35:00-04:00,94.37,94.37,94.11,94.175,5719.0
2026-04-23T14:40:00-04:00,94.22,94.3,94.135,94.229,7614.0
2026-04-23T14:45:00-04:00,94.25,94.28,93.94,93.94,6197.0
2026-04-23T14:50:00-04:00,93.945,94.205,93.945,94.0049973,11618.0
2026-04-23T14:55:00-04:00,93.97,94.029999,93.73,93.92,22262.0
2026-04-23T15:00:00-04:00,94.0,94.040001,93.635,93.65,8355.0
2026-04-23T15:05:00-04:00,93.71,93.94,93.71,93.82,5373.0
2026-04-23T15:10:00-04:00,93.79,93.81,93.56,93.8,7320.0
2026-04-23T15:15:00-04:00,93.84,93.95,93.75,93.835,11028.0
2026-04-23T15:20:00-04:00,93.86,93.8651,93.755,93.8,4964.0
2026-04-23T15:25:00-04:00,93.84,93.8791,93.695,93.845,5910.0
2026-04-23T15:30:00-04:00,93.83,93.925,93.67,93.67,8018.0
2026-04-23T15:35:00-04:00,93.58,93.59,93.37,93.545,11905.0
2026-04-23T15:40:00-04:00,93.6,93.64,93.52,93.56,24517.0
2026-04-23T15:45:00-04:00,93.65,93.815,93.59,93.73,17954.0
2026-04-23T15:50:00-04:00,93.71,94.080002,93.52,94.07,47383.0
2026-04-23T15:55:00-04:00,94.059998,94.33,94.029999,94.14,152262.0
2026-04-24T09:30:00-04:00,94.76,94.77,93.53,93.53,27966.0
2026-04-24T09:35:00-04:00,93.57,93.85,93.29,93.84,19529.0
2026-04-24T09:40:00-04:00,93.69,94.089996,93.69,94.089996,9810.0
2026-04-24T09:45:00-04:00,93.99,94.44,93.87,93.93,16338.0
2026-04-24T09:50:00-04:00,93.85,93.99,93.58,93.58,11207.0
2026-04-24T09:55:00-04:00,93.7,94.089996,93.62,94.07,4428.0
2026-04-24T10:00:00-04:00,94.22,94.29,93.95,94.29,19020.0
2026-04-24T10:05:00-04:00,94.3292,94.94,94.19,94.92,21215.0
2026-04-24T10:10:00-04:00,94.75,95.105,94.65,94.8,9608.0
2026-04-24T10:15:00-04:00,94.92,95.3,94.905,95.21,7793.0
2026-04-24T10:20:00-04:00,95.29,95.29,94.73,94.75,10413.0
2026-04-24T10:25:00-04:00,94.754,94.81,94.445,94.81,9010.0
2026-04-24T10:30:00-04:00,94.73,95.07,94.56,94.96,5199.0
2026-04-24T10:35:00-04:00,94.85,95.14,94.81,95.059998,29059.0
2026-04-24T10:40:00-04:00,94.99,95.010002,94.88,94.98,8034.0
2026-04-24T10:45:00-04:00,94.85,94.89,94.68,94.68,6473.0
2026-04-24T10:50:00-04:00,94.88,94.88,94.63,94.725,5056.0
2026-04-24T10:55:00-04:00,94.75,94.75,94.4105,94.66,6974.0
2026-04-24T11:00:00-04:00,94.53,94.61,94.42,94.42,20123.0
2026-04-24T11:05:00-04:00,94.43,94.71,94.2763,94.7,3407.0
2026-04-24T11:10:00-04:00,94.72,94.81,94.44,94.44,4881.0
2026-04-24T11:15:00-04:00,94.52,94.67,94.45,94.51,3355.0
2026-04-24T11:20:00-04:00,94.4863,94.68,94.31,94.31,7609.0
2026-04-24T11:25:00-04:00,94.3,94.4,94.23,94.4,9340.0
2026-04-24T11:30:00-04:00,94.43,94.51,94.36,94.48,7232.0
2026-04-24T11:35:00-04:00,94.445,94.52,94.3839,94.41,5017.0
2026-04-24T11:40:00-04:00,94.39,94.875,94.33,94.875,24595.0
2026-04-24T11:45:00-04:00,94.98,95.2,94.67,94.67,12835.0
2026-04-24T11:50:00-04:00,94.945,95.07,94.785,95.019997,45976.0
2026-04-24T11:55:00-04:00,94.97,95.080002,94.85,95.010002,34939.0
2026-04-24T12:00:00-04:00,95.019997,95.07,94.805,94.805,11511.0
2026-04-24T12:05:00-04:00,94.87,94.87,94.66,94.705,48839.0
2026-04-24T12:10:00-04:00,94.68,94.87,94.62,94.68,291646.0
2026-04-24T12:15:00-04:00,94.6102,94.6899,94.6,94.615,4839.0
2026-04-24T12:20:00-04:00,94.7,94.7,94.48,94.615,12018.0
2026-04-24T12:25:00-04:00,94.63,94.71,94.585,94.585,9426.0
2026-04-24T12:30:00-04:00,94.63,94.96,94.63,94.96,2012.0
2026-04-24T12:35:00-04:00,94.8701,94.902,94.7,94.71,3491.0
2026-04-24T12:40:00-04:00,94.63,94.7303,94.585,94.66,3157.0
2026-04-24T12:45:00-04:00,94.66,94.75,94.5801,94.7,2476.0
2026-04-24T12:50:00-04:00,94.86,95.0,94.81,94.93,1838.0
2026-04-24T12:55:00-04:00,94.84,95.089996,94.81,95.040001,7311.0
2026-04-24T13:00:00-04:00,95.040398,95.040398,94.94,94.99,6118.0
2026-04-24T13:05:00-04:00,94.96,94.96,94.95,94.95,538.0
2026-04-24T13:10:00-04:00,94.95,94.99,94.9,94.965,1802.0
2026-04-24T13:15:00-04:00,94.955,95.050003,94.93,94.98,4665.0
2026-04-24T13:20:00-04:00,94.95,94.95,94.8,94.9,5141.0
2026-04-24T13:25:00-04:00,94.8975,95.040001,94.8975,95.0,1410.0
2026-04-24T13:30:00-04:00,95.010002,95.019997,94.8246,94.86,7216.0
2026-04-24T13:35:00-04:00,94.81,94.99,94.78,94.78,6768.0
2026-04-24T13:40:00-04:00,94.79,94.85,94.78,94.81,4170.0
2026-04-24T13:45:00-04:00,94.7401,94.7871,94.735,94.775,2797.0
2026-04-24T13:50:00-04:00,94.73,95.0,94.68,94.875,19093.0
2026-04-24T13:55:00-04:00,94.905,94.905,94.795,94.795,1552.0
2026-04-24T14:00:00-04:00,94.7,94.76,94.68,94.68,1444.0
2026-04-24T14:05:00-04:00,94.5901,94.83,94.58,94.83,2221.0
2026-04-24T14:10:00-04:00,94.81,94.8499,94.74,94.7626,5360.0
2026-04-24T14:15:00-04:00,94.8081,94.815,94.67,94.795,4323.0
2026-04-24T14:20:00-04:00,94.795,94.8,94.74,94.8,3813.0
2026-04-24T14:25:00-04:00,94.75,94.75,94.68,94.68,2772.0
2026-04-24T14:30:00-04:00,94.79,94.81,94.76,94.77,4374.0
2026-04-24T14:35:00-04:00,94.76,94.785,94.62,94.68,6239.0
2026-04-24T14:40:00-04:00,94.72,94.75,94.59,94.59,2963.0
2026-04-24T14:45:00-04:00,94.62,94.72,94.585,94.655,1789.0
2026-04-24T14:50:00-04:00,94.685,94.75,94.67,94.695,4432.0
2026-04-24T14:55:00-04:00,94.65,94.78,94.65,94.78,1797.0
2026-04-24T15:00:00-04:00,94.81,94.93,94.77,94.8795,6383.0
2026-04-24T15:05:00-04:00,94.79,94.79,94.6799,94.6799,6270.0
2026-04-24T15:10:00-04:00,94.64,94.81,94.64,94.81,2480.0
2026-04-24T15:15:00-04:00,94.85,95.010002,94.73,94.81,4721.0
2026-04-24T15:20:00-04:00,94.8,94.835,94.63,94.67,6344.0
2026-04-24T15:25:00-04:00,94.66,94.75,94.545,94.73,4217.0
2026-04-24T15:30:00-04:00,94.7175,94.76,94.67,94.745,8137.0
2026-04-24T15:35:00-04:00,94.745,94.76,94.64,94.65,9621.0
2026-04-24T15:40:00-04:00,94.73,94.76,94.59,94.61,5919.0
2026-04-24T15:45:00-04:00,94.615,94.64,94.51,94.51,6601.0
2026-04-24T15:50:00-04:00,94.51,94.54,94.4,94.48,36608.0
2026-04-24T15:55:00-04:00,94.43,94.905,94.41,94.86,79023.0
2026-04-27T09:30:00-04:00,94.26,94.26,93.13,93.38,44362.0
2026-04-27T09:35:00-04:00,93.27,93.67,92.75,92.75,19304.0
2026-04-27T09:40:00-04:00,92.7,93.65,92.7,93.51,15212.0
2026-04-27T09:45:00-04:00,93.62,93.62,93.019997,93.019997,18294.0
2026-04-27T09:50:00-04:00,92.89,93.94,92.8,93.94,37094.0
2026-04-27T09:55:00-04:00,94.0,94.14,93.9,93.9,8610.0
2026-04-27T10:00:00-04:00,93.87,93.96,93.7,93.86,18941.0
2026-04-27T10:05:00-04:00,93.75,93.91,93.42,93.42,7804.0
2026-04-27T10:10:00-04:00,93.35,93.92,93.32,93.71,9428.0
2026-04-27T10:15:00-04:00,93.69,94.019997,93.5,93.995,5410.0
2026-04-27T10:20:00-04:00,94.059998,94.089996,93.98,94.019997,13796.0
2026-04-27T10:25:00-04:00,93.9,93.9,93.74,93.84,2731.0
2026-04-27T10:30:00-04:00,93.72,93.72,93.385,93.62,5717.0
2026-04-27T10:35:00-04:00,93.62,93.9,93.23,93.55,16573.0
2026-04-27T10:40:00-04:00,93.53,93.75,93.32,93.66,5524.0
2026-04-27T10:45:00-04:00,93.61,93.71,93.4554,93.657,4378.0
2026-04-27T10:50:00-04:00,93.69,93.78,93.45,93.57,5201.0
2026-04-27T10:55:00-04:00,93.465,93.57,93.4,93.535,7410.0
2026-04-27T11:00:00-04:00,93.52,93.52,93.0,93.0,11707.0
2026-04-27T11:05:00-04:00,92.91,93.31,92.91,93.29,6066.0
2026-04-27T11:10:00-04:00,93.23,93.33,93.17,93.17,4554.0
2026-04-27T11:15:00-04:00,93.27,93.41,93.099998,93.18,10161.0
2026-04-27T11:20:00-04:00,93.15,93.215,92.9408,92.9408,12016.0
2026-04-27T11:25:00-04:00,92.96,93.35,92.94,93.22,6109.0
2026-04-27T11:30:00-04:00,93.265,93.27,93.13,93.15,4817.0
2026-04-27T11:35:00-04:00,93.15,93.3,93.089996,93.24,4408.0
2026-04-27T11:40:00-04:00,93.225,93.31,93.07,93.074997,4805.0
2026-04-27T11:45:00-04:00,93.080002,93.185,92.91,93.0,9647.0
2026-04-27T11:50:00-04:00,93.0,93.13,92.96,93.0,3005.0
2026-04-27T11:55:00-04:00,92.99,93.11,92.95,93.010002,3526.0
2026-04-27T12:00:00-04:00,92.99,93.0,92.8601,92.99,10098.0
2026-04-27T12:05:00-04:00,93.0,93.050003,92.97,92.98,4050.0
2026-04-27T12:10:00-04:00,93.019997,93.19,93.014999,93.11,29108.0
2026-04-27T12:15:00-04:00,93.13,93.22,93.13,93.19,6923.0
2026-04-27T12:20:00-04:00,93.15,93.15,92.99,93.029999,5248.0
2026-04-27T12:25:00-04:00,93.07,93.15,92.99,93.15,3003.0
2026-04-27T12:30:00-04:00,93.15,93.38,93.145,93.38,7752.0
2026-04-27T12:35:00-04:00,93.51,93.56,93.35,93.35,123069.0
2026-04-27T12:40:00-04:00,93.34,93.35,93.19,93.24,14717.0
2026-04-27T12:45:00-04:00,93.22,93.24,93.19,93.225,2872.0
2026-04-27T12:50:00-04:00,93.26,93.32,93.19,93.25,11825.0
2026-04-27T12:55:00-04:00,93.21,93.3,93.195,93.24,13868.0
2026-04-27T13:00:00-04:00,93.27,93.3093,93.16,93.16,6354.0
2026-04-27T13:05:00-04:00,93.15,93.2,93.15,93.15,2222.0
2026-04-27T13:10:00-04:00,93.175,93.18,92.99,93.010002,7540.0
2026-04-27T13:15:00-04:00,93.050003,93.059998,92.92,92.98,4481.0
2026-04-27T13:20:00-04:00,92.94,93.25,92.911,93.225,9545.0
2026-04-27T13:25:00-04:00,93.305,93.305,93.24,93.3,2845.0
2026-04-27T13:30:00-04:00,93.3,93.64,93.3,93.595,2721.0
2026-04-27T13:35:00-04:00,93.55,93.6,93.38,93.38,2010.0
2026-04-27T13:40:00-04:00,93.39,93.46,93.36,93.46,2712.0
2026-04-27T13:45:00-04:00,93.48,93.5,93.435,93.47,1915.0
2026-04-27T13:50:00-04:00,93.43,93.46,93.39,93.4399,7437.0
2026-04-27T13:55:00-04:00,93.44,93.5499,93.44,93.51,7236.0
2026-04-27T14:00:00-04:00,93.5399,93.54,93.43,93.43,2524.0
2026-04-27T14:05:00-04:00,93.39,93.54,93.39,93.54,3667.0
2026-04-27T14:10:00-04:00,93.56,93.57,93.51984,93.52,2888.0
2026-04-27T14:15:00-04:00,93.51,93.57,93.4701,93.49,3611.0
2026-04-27T14:20:00-04:00,93.52,93.665,93.52,93.66,2534.0
2026-04-27T14:25:00-04:00,93.67,93.67,93.55,93.56,2637.0
2026-04-27T14:30:00-04:00,93.56,93.58,93.49,93.54,2792.0
2026-04-27T14:35:00-04:00,93.55,93.64,93.51,93.64,4657.0
2026-04-27T14:40:00-04:00,93.65,93.66,93.58,93.58,6020.0
2026-04-27T14:45:00-04:00,93.61,93.82,93.61,93.78,12096.0
2026-04-27T14:50:00-04:00,93.8407,94.040001,93.82,93.82,4852.0
2026-04-27T14:55:00-04:00,93.78,93.85,93.75,93.8,2907.0
2026-04-27T15:00:00-04:00,93.78,93.8,93.62,93.62,6453.0
2026-04-27T15:05:00-04:00,93.64,93.69,93.625,93.65,5760.0
2026-04-27T15:10:00-04:00,93.645,93.79,93.645,93.755,7000.0
2026-04-27T15:15:00-04:00,93.78,93.82,93.73,93.82,2807.0
2026-04-27T15:20:00-04:00,93.82,93.82,93.675,93.75,6579.0
2026-04-27T15:25:00-04:00,93.75,93.78,93.68,93.76,5524.0
2026-04-27T15:30:00-04:00,93.705,93.74,93.63,93.69,11513.0
2026-04-27T15:35:00-04:00,93.66,93.73,93.66,93.72,4285.0
2026-04-27T15:40:00-04:00,93.73,93.73,93.63,93.68,8816.0
2026-04-27T15:45:00-04:00,93.67,93.78,93.66,93.78,11637.0
2026-04-27T15:50:00-04:00,93.78,93.78,93.59,93.64,25917.0
2026-04-27T15:55:00-04:00,93.66,93.805,93.66,93.69,84742.0
2026-04-28T09:30:00-04:00,91.13,91.285,89.91,90.34,133495.0
2026-04-28T09:35:00-04:00,90.335,90.56,89.85,90.41,22482.0
2026-04-28T09:40:00-04:00,90.285,91.27,90.26,91.07,21606.0
2026-04-28T09:45:00-04:00,90.97,91.2,90.765,90.83,12133.0
2026-04-28T09:50:00-04:00,90.8001,90.92,90.395,90.56,10993.0
2026-04-28T09:55:00-04:00,90.53,90.69,90.32,90.32,24329.0
2026-04-28T10:00:00-04:00,90.31,90.55,89.86,89.86,30305.0
2026-04-28T10:05:00-04:00,89.85,90.15,89.85,89.98,7984.0
2026-04-28T10:10:00-04:00,90.019997,90.2,89.8189,90.07,8263.0
2026-04-28T10:15:00-04:00,90.080002,90.18,89.53,90.040001,17257.0
2026-04-28T10:20:00-04:00,89.9559,90.12,89.66,89.82,10760.0
2026-04-28T10:25:00-04:00,89.795,90.080002,89.71,89.7808,13523.0
2026-04-28T10:30:00-04:00,89.74,89.87,89.41,89.46,44824.0
2026-04-28T10:35:00-04:00,89.41,89.41,89.010101,89.105,21160.0
2026-04-28T10:40:00-04:00,89.060097,89.36,88.8973,89.2439,26380.0
2026-04-28T10:45:00-04:00,89.36,89.36,88.87,88.8772,30234.0
2026-04-28T10:50:00-04:00,88.85,88.93,88.67,88.77,17849.0
2026-04-28T10:55:00-04:00,88.69,89.24,88.669,89.24,25795.0
2026-04-28T11:00:00-04:00,89.3,89.52,89.14,89.14,7137.0
2026-04-28T11:05:00-04:00,89.11,89.22,88.92,89.18,8924.0
2026-04-28T11:10:00-04:00,89.2,89.27,89.010002,89.07,11015.0
2026-04-28T11:15:00-04:00,89.07,89.38,88.97,89.24,11506.0
2026-04-28T11:20:00-04:00,89.11,89.11,88.855,89.11,6724.0
2026-04-28T11:25:00-04:00,89.084999,89.2,89.040001,89.135,10063.0
2026-04-28T11:30:00-04:00,89.11,89.12,88.8,88.885,14745.0
2026-04-28T11:35:00-04:00,88.83,89.0,88.79,88.91,9477.0
2026-04-28T11:40:00-04:00,88.88,88.965,88.8,88.9,17658.0
2026-04-28T11:45:00-04:00,88.89,89.019997,88.73,88.97,16788.0
2026-04-28T11:50:00-04:00,89.07,89.16,89.029999,89.11,14280.0
2026-04-28T11:55:00-04:00,89.089996,89.12,88.9,88.975,36687.0
2026-04-28T12:00:00-04:00,88.91,88.93,88.7572,88.93,5981.0
2026-04-28T12:05:00-04:00,88.83,88.98,88.79,88.79,17221.0
2026-04-28T12:10:00-04:00,88.845,88.92,88.79,88.855,5398.0
2026-04-28T12:15:00-04:00,88.81,88.86,88.68,88.77,13371.0
2026-04-28T12:20:00-04:00,88.775,88.84,88.71,88.77,6066.0
2026-04-28T12:25:00-04:00,88.8,88.8,88.71,88.75,10880.0
2026-04-28T12:30:00-04:00,88.76,88.83,88.6425,88.66,19020.0
2026-04-28T12:35:00-04:00,88.67,88.81,88.65,88.72,10152.0
2026-04-28T12:40:00-04:00,88.72,88.74,88.6,88.66,16069.0
2026-04-28T12:45:00-04:00,88.66,88.81,88.63,88.75,12748.0
2026-04-28T12:50:00-04:00,88.77,89.010002,88.77,89.0090027,13178.0
2026-04-28T12:55:00-04:00,88.94,88.95,88.85,88.87,12613.0
2026-04-28T13:00:00-04:00,88.89,88.95,88.74,88.74,14702.0
2026-04-28T13:05:00-04:00,88.73,88.76,88.63,88.64,84117.0
2026-04-28T13:10:00-04:00,88.64,88.69,88.58,88.59,88622.0
2026-04-28T13:15:00-04:00,88.6,88.6,88.48,88.56,23023.0
2026-04-28T13:20:00-04:00,88.52,88.73,88.515,88.73,19912.0
2026-04-28T13:25:00-04:00,88.68,88.89,88.64,88.87,289942.0
2026-04-28T13:30:00-04:00,88.86,89.18,88.86,89.18,23551.0
2026-04-28T13:35:00-04:00,89.19,89.22,89.089996,89.19,13225.0
2026-04-28T13:40:00-04:00,89.195,89.33,89.16,89.17,32692.0
2026-04-28T13:45:00-04:00,89.18,89.21,88.94,88.94,11722.0
2026-04-28T13:50:00-04:00,88.93,89.029999,88.91,88.97,12905.0
2026-04-28T13:55:00-04:00,88.92,89.0,88.92,88.97,13532.0
2026-04-28T14:00:00-04:00,89.0,89.07,88.881,88.955,9386.0
2026-04-28T14:05:00-04:00,88.955,89.15,88.94,89.15,14714.0
2026-04-28T14:10:00-04:00,89.12,89.13,88.97,88.995,19743.0
2026-04-28T14:15:00-04:00,89.019997,89.12,88.99,89.07,14305.0
2026-04-28T14:20:00-04:00,89.080002,89.31,89.07,89.26,20845.0
2026-04-28T14:25:00-04:00,89.35,89.445,89.28,89.41,10676.0
2026-04-28T14:30:00-04:00,89.43,89.45,89.16,89.22,12984.0
2026-04-28T14:35:00-04:00,89.2125,89.2199,89.055,89.19,12440.0
2026-04-28T14:40:00-04:00,89.19,89.23,89.15,89.175,7699.0
2026-04-28T14:45:00-04:00,89.18,89.28,89.15,89.24,18118.0
2026-04-28T14:50:00-04:00,89.22,89.35,89.17,89.27,13118.0
2026-04-28T14:55:00-04:00,89.26,89.26,89.17,89.23,20157.0
2026-04-28T15:00:00-04:00,89.23,89.33,89.115,89.18,16535.0
2026-04-28T15:05:00-04:00,89.2,89.52,89.2,89.325,11666.0
2026-04-28T15:10:00-04:00,89.32,89.34,89.25,89.32,17922.0
2026-04-28T15:15:00-04:00,89.25,89.26,89.14,89.14,10701.0
2026-04-28T15:20:00-04:00,89.13,89.17,89.019997,89.089996,24197.0
2026-04-28T15:25:00-04:00,89.07,89.2701,89.07,89.25,27441.0
2026-04-28T15:30:00-04:00,89.24,89.26,89.040001,89.11,24040.0
2026-04-28T15:35:00-04:00,89.059998,89.14,89.040001,89.11,14618.0
2026-04-28T15:40:00-04:00,89.12,89.15,89.055,89.099998,24507.0
2026-04-28T15:45:00-04:00,89.07,89.12,89.050003,89.059998,51436.0
2026-04-28T15:50:00-04:00,89.055,89.13,88.98,88.99,96481.0
2026-04-28T15:55:00-04:00,88.9875,89.28,88.91,89.11,494221.0
2026-04-29T09:30:00-04:00,87.68,87.86,86.72,87.07,84908.0
2026-04-29T09:35:00-04:00,86.86,87.7,86.86,87.49,28415.0
2026-04-29T09:40:00-04:00,87.43,87.4714,87.050003,87.465,20188.0
2026-04-29T09:45:00-04:00,87.31,87.31,86.49,86.49,30955.0
2026-04-29T09:50:00-04:00,86.52,86.93,86.44,86.704,38598.0
2026-04-29T09:55:00-04:00,86.85,87.1262,86.67,86.68,36787.0
2026-04-29T10:00:00-04:00,86.59,86.625,86.2301,86.51,21094.0
2026-04-29T10:05:00-04:00,86.4,86.73,86.3372,86.72,204568.0
2026-04-29T10:10:00-04:00,86.67,86.97,86.6,86.85,46570.0
2026-04-29T10:15:00-04:00,86.83,87.13,86.755,87.080002,19038.0
2026-04-29T10:20:00-04:00,87.080002,87.115,86.81,86.86,33892.0
2026-04-29T10:25:00-04:00,86.795,87.099998,86.71,86.87,17829.0
2026-04-29T10:30:00-04:00,86.84,87.050003,86.66,86.87,21360.0
2026-04-29T10:35:00-04:00,86.905,87.019997,86.86,86.91,22225.0
2026-04-29T10:40:00-04:00,86.91,87.12,86.73,87.12,34780.0
2026-04-29T10:45:00-04:00,87.11,87.12,86.7901,86.81,8255.0
2026-04-29T10:50:00-04:00,86.85,87.11,86.81,86.965,18885.0
2026-04-29T10:55:00-04:00,86.96,86.985,86.83,86.985,9362.0
2026-04-29T11:00:00-04:00,86.95,87.12,86.77,86.87,13310.0
2026-04-29T11:05:00-04:00,86.86,86.96,86.68,86.68,11176.0
2026-04-29T11:10:00-04:00,86.68,86.75,86.52,86.57,38655.0
2026-04-29T11:15:00-04:00,86.58,86.98,86.57,86.91,13302.0
2026-04-29T11:20:00-04:00,86.94,86.97,86.76,86.87,8550.0
2026-04-29T11:25:00-04:00,86.86,86.94,86.7091,86.94,16708.0
2026-04-29T11:30:00-04:00,86.98,87.095001,86.87,86.87,52887.0
2026-04-29T11:35:00-04:00,86.9,86.975,86.8,86.86,22441.0
2026-04-29T11:40:00-04:00,86.895,87.125,86.85,87.050003,29145.0
2026-04-29T11:45:00-04:00,87.099998,87.24,87.029999,87.074997,161597.0
2026-04-29T11:50:00-04:00,87.050003,87.080002,86.44,86.46,14487.0
2026-04-29T11:55:00-04:00,86.47,86.8,86.415,86.8,19490.0
2026-04-29T12:00:00-04:00,86.76,87.0,86.68,86.95,26258.0
2026-04-29T12:05:00-04:00,86.97,87.009903,86.68,86.7,9382.0
2026-04-29T12:10:00-04:00,86.73,86.83,86.66781,86.7104,9660.0
2026-04-29T12:15:00-04:00,86.74,86.84,86.645,86.71,28561.0
2026-04-29T12:20:00-04:00,86.69,86.905,86.69,86.82,25740.0
2026-04-29T12:25:00-04:00,86.81,86.85,86.67,86.67,10819.0
2026-04-29T12:30:00-04:00,86.67,86.675,86.36,86.4,13261.0
2026-04-29T12:35:00-04:00,86.43,86.56,86.39,86.55,13716.0
2026-04-29T12:40:00-04:00,86.56,86.76,86.55,86.73,22808.0
2026-04-29T12:45:00-04:00,86.68,86.705,86.55,86.6,3160.0
2026-04-29T12:50:00-04:00,86.5475,86.69,86.48,86.56,16098.0
2026-04-29T12:55:00-04:00,86.51,86.62,86.49,86.53,15514.0
2026-04-29T13:00:00-04:00,86.565,86.565,86.38,86.45,15883.0
2026-04-29T13:05:00-04:00,86.46,86.6,86.46,86.54,1916.0
2026-04-29T13:10:00-04:00,86.49,86.55,86.46,86.54,2779.0
2026-04-29T13:15:00-04:00,86.51,86.59,86.48,86.48,6288.0
2026-04-29T13:20:00-04:00,86.54,86.65,86.54,86.605,12080.0
2026-04-29T13:25:00-04:00,86.54,86.565,86.45,86.52,8064.0
2026-04-29T13:30:00-04:00,86.545,86.7682,86.49,86.7,23989.0
2026-04-29T13:35:00-04:00,86.65,86.65,86.55,86.575,2596.0
2026-04-29T13:40:00-04:00,86.54,86.58,86.51,86.57,5781.0
2026-04-29T13:45:00-04:00,86.57,86.67,86.52,86.63,12375.0
2026-04-29T13:50:00-04:00,86.63,86.74,86.61,86.63,6657.0
2026-04-29T13:55:00-04:00,86.67,86.8,86.66,86.77,8953.0
2026-04-29T14:00:00-04:00,86.69,86.7,86.41,86.43,7177.0
2026-04-29T14:05:00-04:00,86.39,86.51,86.17,86.22,28678.0
2026-04-29T14:10:00-04:00,86.17,86.33,86.16,86.18,12677.0
2026-04-29T14:15:00-04:00,86.21,86.49,86.21,86.4,12405.0
2026-04-29T14:20:00-04:00,86.35,86.51,86.34,86.45,2919.0
2026-04-29T14:25:00-04:00,86.46,86.53,86.4,86.485,4356.0
2026-04-29T14:30:00-04:00,86.51,86.51,86.32,86.32,16309.0
2026-04-29T14:35:00-04:00,86.33,86.855,86.33,86.61,28107.0
2026-04-29T14:40:00-04:00,86.45,86.53,86.099998,86.099998,10707.0
2026-04-29T14:45:00-04:00,86.11,86.34,86.040001,86.2479,24058.0
2026-04-29T14:50:00-04:00,86.26,86.45,86.18,86.26,6873.0
2026-04-29T14:55:00-04:00,86.36,86.67,86.36,86.67,9254.0
2026-04-29T15:00:00-04:00,86.68,86.78,86.57,86.57,12925.0
2026-04-29T15:05:00-04:00,86.46,86.62,86.44,86.61,22266.0
2026-04-29T15:10:00-04:00,86.6,86.97,86.5318,86.95,27087.0
2026-04-29T15:15:00-04:00,86.99,87.019997,86.815,86.875,14016.0
2026-04-29T15:20:00-04:00,86.89,86.89,86.64,86.64,8201.0
2026-04-29T15:25:00-04:00,86.72,86.74,86.5,86.5,15950.0
2026-04-29T15:30:00-04:00,86.47,86.54,86.265,86.34,25209.0
2026-04-29T15:35:00-04:00,86.31,86.45,86.265,86.43,22418.0
2026-04-29T15:40:00-04:00,86.43,86.47,86.31,86.45,12065.0
2026-04-29T15:45:00-04:00,86.45,86.484,86.35,86.44,33545.0
2026-04-29T15:50:00-04:00,86.43,86.58,86.3201,86.58,50168.0
2026-04-29T15:55:00-04:00,86.555,86.58,86.28,86.44,115741.0
2026-04-30T09:30:00-04:00,89.43,90.325,89.13,89.42,102985.0
2026-04-30T09:35:00-04:00,89.31,89.54,88.45,88.48,54474.0
2026-04-30T09:40:00-04:00,88.55,88.955,88.36,88.36,32628.0
2026-04-30T09:45:00-04:00,88.4,88.53,87.93,88.28,7919.0
2026-04-30T09:50:00-04:00,88.215,88.33,87.98,88.185,9713.0
2026-04-30T09:55:00-04:00,88.019997,88.31,88.0049973,88.050003,9074.0
2026-04-30T10:00:00-04:00,88.080002,88.15,87.92,88.038597,9745.0
2026-04-30T10:05:00-04:00,87.97,88.089996,87.725,87.95,15797.0
2026-04-30T10:10:00-04:00,87.935,88.040001,87.68,88.0,7248.0
2026-04-30T10:15:00-04:00,87.985,88.3,87.81,88.3,8108.0
2026-04-30T10:20:00-04:00,88.34,88.6,88.275,88.58,12424.0
2026-04-30T10:25:00-04:00,88.48,88.71,88.34,88.6,9060.0
2026-04-30T10:30:00-04:00,88.6,88.61,88.23,88.295,9612.0
2026-04-30T10:35:00-04:00,88.36,88.36,88.019997,88.029999,4871.0
2026-04-30T10:40:00-04:00,88.099998,88.41,88.099998,88.41,6270.0
2026-04-30T10:45:00-04:00,88.28,88.8,88.28,88.56,8759.0
2026-04-30T10:50:00-04:00,88.7,89.050003,88.7,88.945,16111.0
2026-04-30T10:55:00-04:00,88.9532,88.9532,88.79,88.82,30984.0
2026-04-30T11:00:00-04:00,88.7,88.755,88.4801,88.5,6206.0
2026-04-30T11:05:00-04:00,88.48,88.69,88.3116,88.69,9084.0
2026-04-30T11:10:00-04:00,88.675,88.69,88.15,88.2779,5572.0
2026-04-30T11:15:00-04:00,88.24,88.36,88.14,88.19,6423.0
2026-04-30T11:20:00-04:00,88.16,88.28,88.07,88.275,7381.0
2026-04-30T11:25:00-04:00,88.27,88.47,88.21,88.42,8446.0
2026-04-30T11:30:00-04:00,88.375,88.59,88.375,88.52,29045.0
2026-04-30T11:35:00-04:00,88.49,88.54,88.36,88.415,16866.0
2026-04-30T11:40:00-04:00,88.37,88.47,88.31,88.34,14324.0
2026-04-30T11:45:00-04:00,88.27,88.27,88.019997,88.15,7097.0
2026-04-30T11:50:00-04:00,88.22,88.38,88.22,88.38,17280.0
2026-04-30T11:55:00-04:00,88.38,88.44,88.33,88.33,19880.0
2026-04-30T12:00:00-04:00,88.27,88.3,88.099998,88.27,12548.0
2026-04-30T12:05:00-04:00,88.28,88.47,88.28,88.43,11963.0
2026-04-30T12:10:00-04:00,88.42,88.45,88.29,88.29,14168.0
2026-04-30T12:15:00-04:00,88.27,88.27,88.090103,88.23,8698.0
2026-04-30T12:20:00-04:00,88.26,88.33,88.040001,88.11,12444.0
2026-04-30T12:25:00-04:00,88.1125,88.14,88.050003,88.050003,1980.0
2026-04-30T12:30:00-04:00,88.059998,88.14,88.019997,88.099998,4642.0
2026-04-30T12:35:00-04:00,88.080002,88.13,88.029999,88.029999,3829.0
2026-04-30T12:40:00-04:00,88.010002,88.07,87.9,88.050003,10795.0
2026-04-30T12:45:00-04:00,87.94,88.26,87.9,88.26,11972.0
2026-04-30T12:50:00-04:00,88.27,88.27,88.145,88.2195,3732.0
2026-04-30T12:55:00-04:00,88.089996,88.089996,87.9605,87.9605,1838.0
2026-04-30T13:00:00-04:00,88.019997,88.28,88.018204,88.24,9737.0
2026-04-30T13:05:00-04:00,88.26,88.36,88.26,88.33,4566.0
2026-04-30T13:10:00-04:00,88.26,88.4,88.26,88.31,4037.0
2026-04-30T13:15:00-04:00,88.28,88.28,88.099998,88.15,3427.0
2026-04-30T13:20:00-04:00,88.15,88.2511,88.050003,88.14,13517.0
2026-04-30T13:25:00-04:00,88.125,88.39,88.12,88.39,8939.0
2026-04-30T13:30:00-04:00,88.4,88.62,88.4,88.42,11628.0
2026-04-30T13:35:00-04:00,88.48,88.49,88.3425,88.3425,4989.0
2026-04-30T13:40:00-04:00,88.42,88.49,88.37,88.49,4385.0
2026-04-30T13:45:00-04:00,88.42,88.5,88.38,88.45,11425.0
2026-04-30T13:50:00-04:00,88.41,88.46,88.39,88.39,12733.0
2026-04-30T13:55:00-04:00,88.4499,88.46,88.365,88.365,8621.0
2026-04-30T14:00:00-04:00,88.37,88.54,88.37,88.39,12420.0
2026-04-30T14:05:00-04:00,88.43,88.57,88.43,88.52,29490.0
2026-04-30T14:10:00-04:00,88.53,88.59,88.515,88.53,14135.0
2026-04-30T14:15:00-04:00,88.57,88.655,88.55,88.64,4019.0
2026-04-30T14:20:00-04:00,88.63,88.7899,88.62,88.745,6464.0
2026-04-30T14:25:00-04:00,88.76,88.77,88.67,88.7,7289.0
2026-04-30T14:30:00-04:00,88.7,88.86,88.68,88.76,16377.0
2026-04-30T14:35:00-04:00,88.76,88.79,88.61,88.63,7573.0
2026-04-30T14:40:00-04:00,88.63,88.65,88.56,88.61,7837.0
2026-04-30T14:45:00-04:00,88.61,88.66,88.5401,88.62,3973.0
2026-04-30T14:50:00-04:00,88.66,88.84,88.6301,88.825,8738.0
2026-04-30T14:55:00-04:00,88.855,88.88,88.74,88.815,7316.0
2026-04-30T15:00:00-04:00,88.8,89.0,88.78,88.845,21072.0
2026-04-30T15:05:00-04:00,88.825,89.040001,88.72,88.87,15783.0
2026-04-30T15:10:00-04:00,88.86,88.8975,88.75,88.76,41114.0
2026-04-30T15:15:00-04:00,88.76,88.9,88.67,88.67,13616.0
2026-04-30T15:20:00-04:00,88.67,88.72,88.58,88.72,35185.0
2026-04-30T15:25:00-04:00,88.72,88.73,88.605,88.62,22520.0
2026-04-30T15:30:00-04:00,88.62,88.63,88.38,88.39,44137.0
2026-04-30T15:35:00-04:00,88.39,88.6,88.39,88.6,28572.0
2026-04-30T15:40:00-04:00,88.58,88.58,88.45,88.5,28495.0
2026-04-30T15:45:00-04:00,88.48,88.5,88.375,88.38,30333.0
2026-04-30T15:50:00-04:00,88.4,88.4,88.16,88.32,60876.0
2026-04-30T15:55:00-04:00,88.34,88.7,88.285,88.55,176435.0
2026-05-01T09:30:00-04:00,88.38,88.62,87.83,88.4625,56155.0
2026-05-01T09:35:00-04:00,88.5845,88.67,88.029999,88.52,128113.0
2026-05-01T09:40:00-04:00,88.6,88.99,88.555,88.81,95249.0
2026-05-01T09:45:00-04:00,88.83,88.84,88.245,88.245,61445.0
2026-05-01T09:50:00-04:00,88.3144,88.895,88.165,88.85,38378.0
2026-05-01T09:55:00-04:00,88.79,89.83,88.79,89.805,39527.0
2026-05-01T10:00:00-04:00,89.76,90.29,89.76,89.99,84333.0
2026-05-01T10:05:00-04:00,90.055,90.1699,89.74,89.885,56155.0
2026-05-01T10:10:00-04:00,89.77,90.45,89.63,90.43,31400.0
2026-05-01T10:15:00-04:00,90.3586,90.48,89.97,89.98,45084.0
2026-05-01T10:20:00-04:00,89.9977,90.2,89.92,90.0,13985.0
2026-05-01T10:25:00-04:00,89.91,89.95,89.44,89.44,57398.0
2026-05-01T10:30:00-04:00,89.42,89.42,88.93,89.010002,10161.0
2026-05-01T10:35:00-04:00,89.025002,89.28,88.975,89.22,22361.0
2026-05-01T10:40:00-04:00,89.2399,89.2399,88.84,88.96,20231.0
2026-05-01T10:45:00-04:00,88.91,89.29,88.91,89.07,17488.0
2026-05-01T10:50:00-04:00,88.87,89.029999,88.8,88.98,23113.0
2026-05-01T10:55:00-04:00,88.96,89.105,88.89,88.89,8862.0
2026-05-01T11:00:00-04:00,88.89,88.89,88.52,88.54,17919.0
2026-05-01T11:05:00-04:00,88.52,88.71,88.42,88.59,7960.0
2026-05-01T11:10:00-04:00,88.71,88.73,88.58,88.66,7294.0
2026-05-01T11:15:00-04:00,88.745,88.8,88.63,88.7,19694.0
2026-05-01T11:20:00-04:00,88.76,88.83,88.66,88.735,19611.0
2026-05-01T11:25:00-04:00,88.72,88.8,88.57,88.69,10883.0
2026-05-01T11:30:00-04:00,88.73,88.9,88.68,88.72,7839.0
2026-05-01T11:35:00-04:00,88.71,88.96,88.71,88.8,15699.0
2026-05-01T11:40:00-04:00,88.835,89.029999,88.75,88.99,26732.0
2026-05-01T11:45:00-04:00,89.029999,89.059998,88.96,89.019997,9866.0
2026-05-01T11:50:00-04:00,89.019997,89.059998,88.56,88.73,65346.0
2026-05-01T11:55:00-04:00,88.73,88.81,88.67,88.72,10657.0
2026-05-01T12:00:00-04:00,88.7675,88.79,88.66,88.75,23501.0
2026-05-01T12:05:00-04:00,88.71,88.79,88.67,88.68,7671.0
2026-05-01T12:10:00-04:00,88.68,88.87,88.65,88.86,7001.0
2026-05-01T12:15:00-04:00,88.87,89.059998,88.83,88.92,3744.0
2026-05-01T12:20:00-04:00,88.9699,88.9699,88.63,88.7469,5626.0
2026-05-01T12:25:00-04:00,88.64,88.67,88.5,88.58,11158.0
2026-05-01T12:30:00-04:00,88.6,88.6996,88.56,88.64,6205.0
2026-05-01T12:35:00-04:00,88.765,88.78,88.64,88.78,4384.0
2026-05-01T12:40:00-04:00,88.74,88.785,88.7,88.78,3974.0
2026-05-01T12:45:00-04:00,88.73,88.8,88.67,88.78,7305.0
2026-05-01T12:50:00-04:00,88.74,88.95,88.72,88.92,5956.0
2026-05-01T12:55:00-04:00,88.95,89.079903,88.84,88.84,3803.0
2026-05-01T13:00:00-04:00,88.8728,88.94,88.8,88.8,2673.0
2026-05-01T13:05:00-04:00,88.8699,88.8699,88.77,88.85,4206.0
2026-05-01T13:10:00-04:00,88.87,88.945,88.87,88.945,6068.0
2026-05-01T13:15:00-04:00,88.945,88.985,88.84,88.84,4985.0
2026-05-01T13:20:00-04:00,88.87,88.95,88.86,88.86,6174.0
2026-05-01T13:25:00-04:00,88.89,89.15,88.89,89.07,6649.0
2026-05-01T13:30:00-04:00,89.07,89.165,89.040001,89.089996,7435.0
2026-05-01T13:35:00-04:00,89.080002,89.13,89.010002,89.07,5212.0
2026-05-01T13:40:00-04:00,89.089996,89.11,89.050003,89.07,2667.0
2026-05-01T13:45:00-04:00,89.080002,89.15,89.080002,89.11,7344.0
2026-05-01T13:50:00-04:00,89.099998,89.37,89.089996,89.27,7390.0
2026-05-01T13:55:00-04:00,89.28,89.31,89.25,89.3,3287.0
2026-05-01T14:00:00-04:00,89.3,89.38,89.14,89.14,8071.0
2026-05-01T14:05:00-04:00,89.12,89.145,89.019997,89.019997,8190.0
2026-05-01T14:10:00-04:00,89.055,89.055,88.81,88.82,21137.0
2026-05-01T14:15:00-04:00,88.84,88.85,88.7,88.78,13534.0
2026-05-01T14:20:00-04:00,88.805,89.040001,88.77,89.040001,6057.0
2026-05-01T14:25:00-04:00,89.025002,89.14,88.99,89.11,15074.0
2026-05-01T14:30:00-04:00,89.13,89.19,88.94,88.945,49622.0
2026-05-01T14:35:00-04:00,88.91,89.019997,88.88,88.88,24558.0
2026-05-01T14:40:00-04:00,88.87,89.0049973,88.845,89.0,27295.0
2026-05-01T14:45:00-04:00,89.0,89.029999,88.895,88.99,24545.0
2026-05-01T14:50:00-04:00,89.0,89.029999,88.94,88.94,25451.0
2026-05-01T14:55:00-04:00,88.96,89.07,88.93,88.99,26796.0
2026-05-01T15:00:00-04:00,88.99,89.029999,88.84,88.86,34290.0
2026-05-01T15:05:00-04:00,88.85,89.080002,88.85,88.98,27193.0
2026-05-01T15:10:00-04:00,88.94,89.089996,88.94,88.98,8395.0
2026-05-01T15:15:00-04:00,88.95,89.13,88.95,88.99,8996.0
2026-05-01T15:20:00-04:00,88.98,89.0,88.845,88.93,46962.0
2026-05-01T15:25:00-04:00,88.9,88.99,88.85,88.85,50714.0
2026-05-01T15:30:00-04:00,88.85,88.87,88.755,88.87,49014.0
2026-05-01T15:35:00-04:00,88.86,88.94,88.85,88.93,39265.0
2026-05-01T15:40:00-04:00,88.91,88.92,88.75,88.79,45766.0
2026-05-01T15:45:00-04:00,88.8,88.85,88.74,88.83,35134.0
2026-05-01T15:50:00-04:00,88.84,88.88,88.705,88.87,61300.0
2026-05-01T15:55:00-04:00,88.84,88.95,88.6,88.735,327178.0
2026-05-04T09:30:00-04:00,87.38,88.17,86.87,88.019997,136893.0
2026-05-04T09:35:00-04:00,88.035004,88.18,87.69,88.040001,19414.0
2026-05-04T09:40:00-04:00,87.9,88.32,87.83,87.9521,15639.0
2026-05-04T09:45:00-04:00,87.88,88.41,87.88,87.9,18103.0
2026-05-04T09:50:00-04:00,87.95,88.24,87.81,88.24,15674.0
2026-05-04T09:55:00-04:00,88.24,88.61,88.21,88.39,8548.0
2026-05-04T10:00:00-04:00,88.405,88.435,88.165,88.27,18997.0
2026-05-04T10:05:00-04:00,88.27,88.285,87.92,87.95,34687.0
2026-05-04T10:10:00-04:00,87.8935,88.355,87.89,88.26,9283.0
2026-05-04T10:15:00-04:00,88.22,88.74,88.18,88.55315,15056.0
2026-05-04T10:20:00-04:00,88.58,88.8,88.43,88.495,14457.0
2026-05-04T10:25:00-04:00,88.53,88.59,88.3,88.35,20433.0
2026-05-04T10:30:00-04:00,88.355,88.74,88.355,88.66,9053.0
2026-05-04T10:35:00-04:00,88.71,88.79,88.575,88.61,8586.0
2026-05-04T10:40:00-04:00,88.6156,88.72,88.56,88.68,5433.0
2026-05-04T10:45:00-04:00,88.61,88.62,88.36,88.406,8466.0
2026-05-04T10:50:00-04:00,88.33,88.615,88.33,88.59,6993.0
2026-05-04T10:55:00-04:00,88.62,88.65,88.24,88.24,14611.0
2026-05-04T11:00:00-04:00,88.23,88.29,88.040001,88.22,9899.0
2026-05-04T11:05:00-04:00,88.255,88.26,88.07,88.15,5583.0
2026-05-04T11:10:00-04:00,88.14,88.27,87.98,88.080002,9600.0
2026-05-04T11:15:00-04:00,87.94,88.25,87.67,87.73,107737.0
2026-05-04T11:20:00-04:00,87.64,87.715,87.23,87.47,20192.0
2026-05-04T11:25:00-04:00,87.4,87.72,87.35,87.62,16245.0
2026-05-04T11:30:00-04:00,87.71,87.72,87.42,87.7,9400.0
2026-05-04T11:35:00-04:00,87.51,87.74,87.51,87.67,8861.0
2026-05-04T11:40:00-04:00,87.44,87.7,87.43,87.54,3113.0
2026-05-04T11:45:00-04:00,87.4201,87.53,87.3,87.3,6612.0
2026-05-04T11:50:00-04:00,87.34,87.48,87.0,87.48,26530.0
2026-05-04T11:55:00-04:00,87.46,87.5,87.25,87.35,21813.0
2026-05-04T12:00:00-04:00,87.2725,87.43,87.26,87.37,6058.0
2026-05-04T12:05:00-04:00,87.39,87.41,86.8,86.9,18464.0
2026-05-04T12:10:00-04:00,86.8,86.99,86.7655,86.845,6831.0
2026-05-04T12:15:00-04:00,86.78,87.24,86.69,87.19,14473.0
2026-05-04T12:20:00-04:00,87.099998,87.17,87.065002,87.15,4177.0
2026-05-04T12:25:00-04:00,87.2,87.275,87.040001,87.040001,5962.0
2026-05-04T12:30:00-04:00,87.07,87.18,87.010002,87.14,5141.0
2026-05-04T12:35:00-04:00,87.11,87.11,86.72,86.72,19804.0
2026-05-04T12:40:00-04:00,86.73,86.82,86.73,86.775,5009.0
2026-05-04T12:45:00-04:00,86.765,86.87,86.74,86.786,1942.0
2026-05-04T12:50:00-04:00,86.84,86.85,86.67,86.715,10419.0
2026-05-04T12:55:00-04:00,86.75,86.85,86.695,86.81,5889.0
2026-05-04T13:00:00-04:00,86.85,86.98,86.74,86.91,9177.0
2026-05-04T13:05:00-04:00,86.955,87.019997,86.91,86.955,4652.0
2026-05-04T13:10:00-04:00,86.95,87.0,86.88,87.0,4058.0
2026-05-04T13:15:00-04:00,86.9437,87.245,86.9437,87.245,5153.0
2026-05-04T13:20:00-04:00,87.235,87.235,87.17,87.19,2675.0
2026-05-04T13:25:00-04:00,87.175,87.2,87.089996,87.175,4963.0
2026-05-04T13:30:00-04:00,87.165,87.21,87.11,87.155,2642.0
2026-05-04T13:35:00-04:00,87.175,87.175,87.080002,87.145,2260.0
2026-05-04T13:40:00-04:00,87.11,87.15,87.11,87.15,3440.0
2026-05-04T13:45:00-04:00,87.099998,87.12,87.059998,87.080002,4457.0
2026-05-04T13:50:00-04:00,87.059998,87.14,86.98,87.049599,5313.0
2026-05-04T13:55:00-04:00,87.03,87.050102,87.0,87.025002,11905.0
2026-05-04T14:00:00-04:00,87.029999,87.1892,87.0,87.099998,6463.0
2026-05-04T14:05:00-04:00,87.135,87.135,86.91,86.91,7145.0
2026-05-04T14:10:00-04:00,86.96,87.033401,86.93,86.93,7915.0
2026-05-04T14:15:00-04:00,86.91,86.95,86.865,86.89,9831.0
2026-05-04T14:20:00-04:00,86.88,86.88,86.7551,86.7551,20848.0
2026-05-04T14:25:00-04:00,86.76,86.935,86.71,86.935,7529.0
2026-05-04T14:30:00-04:00,86.92,86.94,86.81,86.84,6134.0
2026-05-04T14:35:00-04:00,86.89,86.89,86.7,86.78,12819.0
2026-05-04T14:40:00-04:00,86.79,86.81,86.73,86.73,8885.0
2026-05-04T14:45:00-04:00,86.72,86.785,86.67,86.75,9247.0
2026-05-04T14:50:00-04:00,86.785,86.785,86.6,86.62,8691.0
2026-05-04T14:55:00-04:00,86.62,86.875,86.57,86.85,7600.0
2026-05-04T15:00:00-04:00,86.865,86.94,86.66,86.66,9636.0
2026-05-04T15:05:00-04:00,86.69,87.089996,86.63,86.985,11956.0
2026-05-04T15:10:00-04:00,86.91,86.91,86.73,86.73,7353.0
2026-05-04T15:15:00-04:00,86.8,86.845,86.71,86.765,22385.0
2026-05-04T15:20:00-04:00,86.765,86.765,86.65,86.72,7439.0
2026-05-04T15:25:00-04:00,86.69,86.85,86.64,86.78,8300.0
2026-05-04T15:30:00-04:00,86.78,86.9,86.765,86.875,5349.0
2026-05-04T15:35:00-04:00,86.92,86.93,86.701,86.735,6008.0
2026-05-04T15:40:00-04:00,86.77,86.83,86.7,86.72,17274.0
2026-05-04T15:45:00-04:00,86.71,86.84,86.66,86.84,12623.0
2026-05-04T15:50:00-04:00,86.81,86.89,86.765,86.82,23716.0
2026-05-04T15:55:00-04:00,86.86,86.995,86.79,86.87,68999.0
2026-05-05T09:30:00-04:00,88.41,88.91,87.865,87.865,49118.0
2026-05-05T09:35:00-04:00,88.029999,88.07,87.45,87.49,23012.0
2026-05-05T09:40:00-04:00,87.49,87.7,87.2,87.41,18650.0
2026-05-05T09:45:00-04:00,87.24,87.5585,87.18,87.5585,34447.0
2026-05-05T09:50:00-04:00,87.62,88.035004,87.62,87.96,5515.0
2026-05-05T09:55:00-04:00,87.94,88.14,87.94,87.99,7072.0
2026-05-05T10:00:00-04:00,88.010002,88.14,87.93,88.11,12233.0
2026-05-05T10:05:00-04:00,88.16,88.16,87.95,87.975,7493.0
2026-05-05T10:10:00-04:00,88.0,88.012497,87.47,87.47,10100.0
2026-05-05T10:15:00-04:00,87.38,87.5,87.050003,87.080002,11242.0
2026-05-05T10:20:00-04:00,87.010002,87.54,87.0,87.52,7874.0
2026-05-05T10:25:00-04:00,87.64,87.83,87.605,87.8,2861.0
2026-05-05T10:30:00-04:00,87.58,87.58,87.2401,87.27,4876.0
2026-05-05T10:35:00-04:00,87.3505,87.49,87.2809,87.47,8520.0
2026-05-05T10:40:00-04:00,87.435,87.68,87.39,87.64,7164.0
2026-05-05T10:45:00-04:00,87.53,87.65,87.46,87.54,7182.0
2026-05-05T10:50:00-04:00,87.55,87.61,87.42,87.53,7790.0
2026-05-05T10:55:00-04:00,87.57,87.73,87.56,87.71,8111.0
2026-05-05T11:00:00-04:00,87.63,87.65,87.41,87.65,5332.0
2026-05-05T11:05:00-04:00,87.6329,87.69,87.63,87.65,3681.0
2026-05-05T11:10:00-04:00,87.57,87.63,87.5,87.5,5744.0
2026-05-05T11:15:00-04:00,87.56,87.58,87.44,87.44,3958.0
2026-05-05T11:20:00-04:00,87.47,87.55,87.41,87.46,5379.0
2026-05-05T11:25:00-04:00,87.37,87.45,87.34,87.35,5696.0
2026-05-05T11:30:00-04:00,87.33,87.395,87.2,87.2,4049.0
2026-05-05T11:35:00-04:00,87.16,87.355,87.16,87.355,3179.0
2026-05-05T11:40:00-04:00,87.31,87.31,87.2,87.2,3761.0
2026-05-05T11:45:00-04:00,87.2,87.3,87.19,87.2,5568.0
2026-05-05T11:50:00-04:00,87.18,87.195,87.11,87.17,5147.0
2026-05-05T11:55:00-04:00,87.22,87.22,87.13,87.15,6473.0
2026-05-05T12:00:00-04:00,87.15,87.15,87.055099,87.11,2913.0
2026-05-05T12:05:00-04:00,87.11,87.12,87.019997,87.040001,17869.0
2026-05-05T12:10:00-04:00,87.040001,87.040001,86.93,87.019997,5919.0
2026-05-05T12:15:00-04:00,87.0,87.029999,86.9201,86.985,5720.0
2026-05-05T12:20:00-04:00,86.9701,87.029999,86.9701,86.98,2177.0
2026-05-05T12:25:00-04:00,86.92,87.07,86.7601,86.84,13270.0
2026-05-05T12:30:00-04:00,86.86,86.865,86.72,86.77,4086.0
2026-05-05T12:35:00-04:00,86.805,87.0,86.79,86.91,17212.0
2026-05-05T12:40:00-04:00,86.9,86.95,86.805,86.945,3823.0
2026-05-05T12:45:00-04:00,86.91,87.014999,86.91,86.97,3146.0
2026-05-05T12:50:00-04:00,87.025002,87.025002,86.91,86.91,2949.0
2026-05-05T12:55:00-04:00,86.915,86.97,86.81,86.81,2733.0
2026-05-05T13:00:00-04:00,86.8,86.89,86.8,86.83,3705.0
2026-05-05T13:05:00-04:00,86.83,86.9,86.74,86.78,8261.0
2026-05-05T13:10:00-04:00,86.73,86.86,86.695,86.8075,17280.0
2026-05-05T13:15:00-04:00,86.82,86.97,86.82,86.97,2799.0
2026-05-05T13:20:00-04:00,86.97,86.995,86.655,86.655,12566.0
2026-05-05T13:25:00-04:00,86.71,86.77,86.71,86.75,3437.0
2026-05-05T13:30:00-04:00,86.75,86.86,86.73,86.79,10134.0
2026-05-05T13:35:00-04:00,86.78,86.9,86.78,86.83,4669.0
2026-05-05T13:40:00-04:00,86.84,86.86,86.785,86.79,3440.0
2026-05-05T13:45:00-04:00,86.86,86.86,86.76,86.82,9504.0
2026-05-05T13:50:00-04:00,86.755,86.84,86.755,86.78,7426.0
2026-05-05T13:55:00-04:00,86.78,86.79,86.6601,86.68,5196.0
2026-05-05T14:00:00-04:00,86.73,86.8,86.675,86.71,5081.0
2026-05-05T14:05:00-04:00,86.78,86.795,86.71,86.78,7643.0
2026-05-05T14:10:00-04:00,86.77,86.82,86.7,86.82,6301.0
2026-05-05T14:15:00-04:00,86.8396,86.94,86.81,86.82,8644.0
2026-05-05T14:20:00-04:00,86.835,86.835,86.78,86.805,2893.0
2026-05-05T14:25:00-04:00,86.78,86.8651,86.78,86.8174,5658.0
2026-05-05T14:30:00-04:00,86.82,86.88,86.8,86.8,17947.0
2026-05-05T14:35:00-04:00,86.81,86.85,86.79,86.85,8764.0
2026-05-05T14:40:00-04:00,86.84,86.84,86.72,86.79,5354.0
2026-05-05T14:45:00-04:00,86.79,86.835,86.68,86.68,10369.0
2026-05-05T14:50:00-04:00,86.68,86.73,86.63,86.68,10169.0
2026-05-05T14:55:00-04:00,86.69,86.91,86.68,86.91,4419.0
2026-05-05T15:00:00-04:00,86.87,86.87,86.67,86.675,7555.0
2026-05-05T15:05:00-04:00,86.76,86.78,86.67,86.69,6356.0
2026-05-05T15:10:00-04:00,86.69,86.76,86.6,86.61,10314.0
2026-05-05T15:15:00-04:00,86.61,86.69,86.52,86.685,8440.0
2026-05-05T15:20:00-04:00,86.64,86.77,86.64,86.7,5232.0
2026-05-05T15:25:00-04:00,86.68,86.71,86.56,86.625,8069.0
2026-05-05T15:30:00-04:00,86.62,86.645,86.5381,86.575,10699.0
2026-05-05T15:35:00-04:00,86.59,86.78,86.57,86.77,41075.0
2026-05-05T15:40:00-04:00,86.77,86.81,86.7,86.725,8030.0
2026-05-05T15:45:00-04:00,86.72,86.79,86.68,86.7,30890.0
2026-05-05T15:50:00-04:00,86.69,86.7,86.56,86.59,43466.0
2026-05-05T15:55:00-04:00,86.58,86.59,86.3701,86.41,154354.0
2026-05-06T09:30:00-04:00,92.040001,93.55,91.91,93.53,228975.0
2026-05-06T09:35:00-04:00,93.58,94.089996,93.565,94.089996,40914.0
2026-05-06T09:40:00-04:00,94.040001,94.040001,93.0,93.395,31098.0
2026-05-06T09:45:00-04:00,93.4183,94.07,93.27,93.95,36214.0
2026-05-06T09:50:00-04:00,94.019997,94.019997,93.455,93.86,57332.0
2026-05-06T09:55:00-04:00,93.895,94.6253,93.895,94.32,44303.0
2026-05-06T10:00:00-04:00,94.325,94.815,94.24,94.63,28412.0
2026-05-06T10:05:00-04:00,94.6999,94.85,94.099998,94.605,21928.0
2026-05-06T10:10:00-04:00,94.605,94.76,94.41,94.72,26966.0
2026-05-06T10:15:00-04:00,94.73,94.86,94.585,94.68,16726.0
2026-05-06T10:20:00-04:00,94.79,94.93,94.41,94.44,18775.0
2026-05-06T10:25:00-04:00,94.56,94.57,94.040001,94.040001,12685.0
2026-05-06T10:30:00-04:00,94.115,94.29,94.115,94.25,10974.0
2026-05-06T10:35:00-04:00,94.25,94.32,94.080002,94.22,6516.0
2026-05-06T10:40:00-04:00,94.2351,94.6,94.2351,94.6,18750.0
2026-05-06T10:45:00-04:00,94.61,94.61,94.31,94.53,17807.0
2026-05-06T10:50:00-04:00,94.53,94.53,94.26,94.3254,9827.0
2026-05-06T10:55:00-04:00,94.33,94.5218,94.15,94.15,12150.0
2026-05-06T11:00:00-04:00,94.2,94.385,94.14,94.28,12184.0
2026-05-06T11:05:00-04:00,94.24,94.3727,94.080002,94.2,21453.0
2026-05-06T11:10:00-04:00,94.17,94.32,94.080002,94.23,23032.0
2026-05-06T11:15:00-04:00,94.2,94.22,94.040001,94.050102,44584.0
2026-05-06T11:20:00-04:00,94.105,94.13,93.96,94.059998,19549.0
2026-05-06T11:25:00-04:00,94.029999,94.235,93.98,94.07,7485.0
2026-05-06T11:30:00-04:00,94.040001,94.059898,93.92,94.010002,18022.0
2026-05-06T11:35:00-04:00,93.97,94.29,93.94,94.19,21936.0
2026-05-06T11:40:00-04:00,94.15,94.15,93.78,93.96,16183.0
2026-05-06T11:45:00-04:00,93.84,94.0,93.775,93.87,7172.0
2026-05-06T11:50:00-04:00,93.9699,94.019897,93.86703,93.99,4250.0
2026-05-06T11:55:00-04:00,93.99,93.99,93.805,93.88,11163.0
2026-05-06T12:00:00-04:00,93.81,93.87,93.78,93.78,11794.0
2026-05-06T12:05:00-04:00,93.815,93.815,93.56,93.5601,19714.0
2026-05-06T12:10:00-04:00,93.56,93.77,93.55,93.65,27903.0
2026-05-06T12:15:00-04:00,93.65,93.665,93.58,93.62,9949.0
2026-05-06T12:20:00-04:00,93.66,93.77,93.645,93.65,11597.0
2026-05-06T12:25:00-04:00,93.65,93.675,93.49,93.54,18339.0
2026-05-06T12:30:00-04:00,93.5633,93.68,93.49,93.68,21369.0
2026-05-06T12:35:00-04:00,93.68,93.86,93.64,93.83,73979.0
2026-05-06T12:40:00-04:00,93.83,93.84,93.425,93.425,24729.0
2026-05-06T12:45:00-04:00,93.435,93.55,93.4,93.525,20091.0
2026-05-06T12:50:00-04:00,93.525,93.54,93.35,93.39,27712.0
2026-05-06T12:55:00-04:00,93.41,93.5,93.24,93.275,32163.0
2026-05-06T13:00:00-04:00,93.27,93.53,93.07,93.49,46848.0
2026-05-06T13:05:00-04:00,93.51,93.54,93.38,93.455,15462.0
2026-05-06T13:10:00-04:00,93.51,93.53,93.33,93.49,32305.0
2026-05-06T13:15:00-04:00,93.49,93.5,93.33,93.43,24682.0
2026-05-06T13:20:00-04:00,93.39,93.58,93.39,93.43,49735.0
2026-05-06T13:25:00-04:00,93.455,93.63,93.435,93.62,43950.0
2026-05-06T13:30:00-04:00,93.62,93.66,93.55,93.55,38426.0
2026-05-06T13:35:00-04:00,93.55,93.55,93.415,93.42,23952.0
2026-05-06T13:40:00-04:00,93.45,93.7,93.445,93.68,24576.0
2026-05-06T13:45:00-04:00,93.69,93.73,93.52,93.55,21815.0
2026-05-06T13:50:00-04:00,93.57,93.64,93.505,93.61,22955.0
2026-05-06T13:55:00-04:00,93.61,93.6599,93.505,93.53,20287.0
2026-05-06T14:00:00-04:00,93.54,93.62,93.35,93.4,23215.0
2026-05-06T14:05:00-04:00,93.405,93.57,93.4038,93.54,30002.0
2026-05-06T14:10:00-04:00,93.56,93.56,93.4,93.43,28078.0
2026-05-06T14:15:00-04:00,93.435,93.53,93.435,93.51,27279.0
2026-05-06T14:20:00-04:00,93.51,93.7,93.5,93.675,31178.0
2026-05-06T14:25:00-04:00,93.65,93.655,93.53,93.53,30461.0
2026-05-06T14:30:00-04:00,93.52,93.55,93.36,93.45,41401.0
2026-05-06T14:35:00-04:00,93.45,93.615,93.41,93.41,32186.0
2026-05-06T14:40:00-04:00,93.37,93.395,93.18,93.32,32737.0
2026-05-06T14:45:00-04:00,93.315,93.495,93.315,93.47,47022.0
2026-05-06T14:50:00-04:00,93.445,93.49,93.36,93.4,35871.0
2026-05-06T14:55:00-04:00,93.4,93.51,93.36,93.425,43671.0
2026-05-06T15:00:00-04:00,93.425,93.59,93.38,93.55,40358.0
2026-05-06T15:05:00-04:00,93.55,93.64,93.54,93.62,45218.0
2026-05-06T15:10:00-04:00,93.63,93.88,93.61,93.83,50101.0
2026-05-06T15:15:00-04:00,93.83,94.050003,93.8,94.029999,59010.0
2026-05-06T15:20:00-04:00,94.035004,94.29,94.019997,94.26,82547.0
2026-05-06T15:25:00-04:00,94.225,94.4,94.2,94.295,59315.0
2026-05-06T15:30:00-04:00,94.295,94.46,94.21,94.34,63081.0
2026-05-06T15:35:00-04:00,94.36,94.45,94.295,94.315,65603.0
2026-05-06T15:40:00-04:00,94.3302,94.47,94.3,94.355,84148.0
2026-05-06T15:45:00-04:00,94.35,94.54,94.335,94.385,101045.0
2026-05-06T15:50:00-04:00,94.38,94.62,94.38,94.565,135992.0
2026-05-06T15:55:00-04:00,94.565,94.72,94.26,94.56,493663.0
2026-05-07T09:30:00-04:00,97.47,99.099998,97.45,98.52,254006.0
2026-05-07T09:35:00-04:00,98.6,98.89,98.31,98.79,84134.0
2026-05-07T09:40:00-04:00,98.68,98.76,98.14,98.3799,64937.0
2026-05-07T09:45:00-04:00,98.28,98.28,97.46,97.62,76670.0
2026-05-07T09:50:00-04:00,97.6,97.84,97.54,97.66,43201.0
2026-05-07T09:55:00-04:00,97.72,98.0,97.54,97.705,19253.0
2026-05-07T10:00:00-04:00,97.8,98.15,97.76,98.099998,38828.0
2026-05-07T10:05:00-04:00,98.089996,98.26,98.010002,98.07,13782.0
2026-05-07T10:10:00-04:00,98.17,98.97,98.17,98.95,41364.0
2026-05-07T10:15:00-04:00,98.94,99.2,98.59,99.1099,55527.0
2026-05-07T10:20:00-04:00,99.11,99.35,98.99,99.33,49646.0
2026-05-07T10:25:00-04:00,99.32,99.54,99.22,99.4,18469.0
2026-05-07T10:30:00-04:00,99.39,99.84,99.345,99.73,24944.0
2026-05-07T10:35:00-04:00,99.76,99.82,99.55,99.715,20138.0
2026-05-07T10:40:00-04:00,99.71,99.81,99.61,99.72,13685.0
2026-05-07T10:45:00-04:00,99.71,100.029999,99.66,100.029999,27024.0
2026-05-07T10:50:00-04:00,100.059998,100.12,99.9,99.98,16655.0
2026-05-07T10:55:00-04:00,100.014999,100.080002,99.69,99.75,37758.0
2026-05-07T11:00:00-04:00,99.69,99.69,99.28,99.61,22591.0
2026-05-07T11:05:00-04:00,99.5795,99.6475,99.31,99.4,17441.0
2026-05-07T11:10:00-04:00,99.45,99.51,99.13,99.279,24011.0
2026-05-07T11:15:00-04:00,99.18,99.39,99.14,99.22,12474.0
2026-05-07T11:20:00-04:00,99.32,99.37,99.029999,99.23,29726.0
2026-05-07T11:25:00-04:00,99.225,99.3,98.82,99.029999,16164.0
2026-05-07T11:30:00-04:00,99.074997,99.25,98.99,99.074997,25067.0
2026-05-07T11:35:00-04:00,99.11,99.36,99.07,99.23,22157.0
2026-05-07T11:40:00-04:00,99.2,99.21,99.07,99.099998,45055.0
2026-05-07T11:45:00-04:00,99.089996,99.155,98.77,98.8899,32601.0
2026-05-07T11:50:00-04:00,98.8499,98.92,98.5,98.5,14760.0
2026-05-07T11:55:00-04:00,98.445,98.45,97.74,97.77,22872.0
2026-05-07T12:00:00-04:00,97.73,97.97,97.65,97.72,17697.0
2026-05-07T12:05:00-04:00,97.7136,97.83,97.37,97.38,17881.0
2026-05-07T12:10:00-04:00,97.47,97.57,97.15,97.29,21774.0
2026-05-07T12:15:00-04:00,97.26,97.26,96.6101,96.6101,26155.0
2026-05-07T12:20:00-04:00,96.65,96.8,96.53,96.72,27106.0
2026-05-07T12:25:00-04:00,96.775,97.2199,96.775,97.11,42518.0
2026-05-07T12:30:00-04:00,97.18,97.26,97.010002,97.13,24011.0
2026-05-07T12:35:00-04:00,97.13,97.13,96.6951,96.765,10850.0
2026-05-07T12:40:00-04:00,96.745,97.009903,96.68,96.82,19648.0
2026-05-07T12:45:00-04:00,96.79,96.79,96.45,96.45,9064.0
2026-05-07T12:50:00-04:00,96.44,96.57,96.265,96.41,13233.0
2026-05-07T12:55:00-04:00,96.5295,96.5295,96.25,96.45,7812.0
2026-05-07T13:00:00-04:00,96.465,96.53,96.3,96.39,8909.0
2026-05-07T13:05:00-04:00,96.4446,96.525,96.28,96.32,28547.0
2026-05-07T13:10:00-04:00,96.25,96.3399,95.85,95.96,19595.0
2026-05-07T13:15:00-04:00,95.94,96.11,95.68,95.685,25402.0
2026-05-07T13:20:00-04:00,95.74,95.915,95.68,95.91,8736.0
2026-05-07T13:25:00-04:00,95.95,96.080002,94.7595,94.855,49019.0
2026-05-07T13:30:00-04:00,94.94,95.18,94.74,95.18,28964.0
2026-05-07T13:35:00-04:00,95.13,95.26,95.040001,95.099998,15644.0
2026-05-07T13:40:00-04:00,95.14,95.275,94.62,94.68,22067.0
2026-05-07T13:45:00-04:00,94.69,94.92,94.6504,94.84,11363.0
2026-05-07T13:50:00-04:00,94.78,94.94,94.67,94.94,9659.0
2026-05-07T13:55:00-04:00,95.080002,95.5742,94.94,95.4801,32090.0
2026-05-07T14:00:00-04:00,95.655,95.68,95.54,95.565,11502.0
2026-05-07T14:05:00-04:00,95.63,95.79,95.62,95.62,11272.0
2026-05-07T14:10:00-04:00,95.615,95.91,95.5898,95.7899,12884.0
2026-05-07T14:15:00-04:00,95.7335,95.7988,95.63,95.63,8728.0
2026-05-07T14:20:00-04:00,95.7,95.7,95.4,95.4,7126.0
2026-05-07T14:25:00-04:00,95.355,95.43,95.27,95.3801,4725.0
2026-05-07T14:30:00-04:00,95.45,95.625,95.35,95.35,4673.0
2026-05-07T14:35:00-04:00,95.33,95.46,95.13,95.46,19427.0
2026-05-07T14:40:00-04:00,95.36,95.36,94.99,94.99,8033.0
2026-05-07T14:45:00-04:00,94.97,95.080002,94.8,94.86,18032.0
2026-05-07T14:50:00-04:00,94.7,94.84,94.59,94.84,7773.0
2026-05-07T14:55:00-04:00,94.87,95.24,94.81,94.99,22382.0
2026-05-07T15:00:00-04:00,95.024101,95.099998,94.76,94.98,15068.0
2026-05-07T15:05:00-04:00,95.0,95.050003,94.86,94.92,11716.0
2026-05-07T15:10:00-04:00,94.97,95.14,94.92,95.0049973,18868.0
2026-05-07T15:15:00-04:00,95.019997,95.044998,94.79,94.925,27734.0
2026-05-07T15:20:00-04:00,94.905,95.059998,94.77,94.82,40819.0
2026-05-07T15:25:00-04:00,94.77,94.99,94.605,94.605,66065.0
2026-05-07T15:30:00-04:00,94.615,94.9,94.61,94.815,22368.0
2026-05-07T15:35:00-04:00,94.77,94.96,94.73,94.81,20633.0
2026-05-07T15:40:00-04:00,94.84,94.93,94.75,94.85,17542.0
2026-05-07T15:45:00-04:00,94.9,94.9,94.59,94.645,30657.0
2026-05-07T15:50:00-04:00,94.64,94.74,94.44,94.66,46258.0
2026-05-07T15:55:00-04:00,94.65,94.66,94.16,94.28,116578.0
2026-05-08T09:30:00-04:00,96.33,97.52,95.67,97.4,118238.0
2026-05-08T09:35:00-04:00,97.4025,97.74,97.33,97.59,108254.0
2026-05-08T09:40:00-04:00,97.68,97.79,97.0,97.040001,55822.0
2026-05-08T09:45:00-04:00,97.15,98.4,97.0,98.32,47332.0
2026-05-08T09:50:00-04:00,98.3243,98.58,97.45,97.7,66612.0
2026-05-08T09:55:00-04:00,97.68,97.9628,97.0,97.059998,19361.0
2026-05-08T10:00:00-04:00,96.98,97.29,96.91,97.15,11460.0
2026-05-08T10:05:00-04:00,97.1399,97.1399,96.43,96.48,75155.0
2026-05-08T10:10:00-04:00,96.52,96.63,96.16,96.48,47798.0
2026-05-08T10:15:00-04:00,96.485,96.62,96.19,96.24,30955.0
2026-05-08T10:20:00-04:00,96.295,96.41,96.029999,96.4041,53318.0
2026-05-08T10:25:00-04:00,96.3,96.44,96.080002,96.099998,18363.0
2026-05-08T10:30:00-04:00,96.050003,96.245,95.875,96.0886,23454.0
2026-05-08T10:35:00-04:00,96.084999,96.58,96.080002,96.58,41392.0
2026-05-08T10:40:00-04:00,96.57,96.585,96.34,96.39,28806.0
2026-05-08T10:45:00-04:00,96.37,96.7178,96.37,96.61,27880.0
2026-05-08T10:50:00-04:00,96.61,96.7,96.455,96.7,7755.0
2026-05-08T10:55:00-04:00,96.75,96.75,96.31,96.4,30226.0
2026-05-08T11:00:00-04:00,96.285,96.39,96.030098,96.050003,9638.0
2026-05-08T11:05:00-04:00,96.13,96.22,95.98,96.050003,18371.0
2026-05-08T11:10:00-04:00,96.13,96.22,95.62,95.75,39679.0
2026-05-08T11:15:00-04:00,95.7,95.81,95.61,95.6722,8972.0
2026-05-08T11:20:00-04:00,95.66,95.75,95.36,95.565,12656.0
2026-05-08T11:25:00-04:00,95.5,95.58,95.38,95.58,18501.0
2026-05-08T11:30:00-04:00,95.58,95.61,95.36,95.58,25099.0
2026-05-08T11:35:00-04:00,95.695,95.695,95.59,95.61,9429.0
2026-05-08T11:40:00-04:00,95.62,95.62,95.28,95.34,10017.0
2026-05-08T11:45:00-04:00,95.32,95.56,95.2923,95.43,9090.0
2026-05-08T11:50:00-04:00,95.49,95.54,95.36,95.44,49320.0
2026-05-08T11:55:00-04:00,95.45,95.47,95.29,95.385,14905.0
2026-05-08T12:00:00-04:00,95.38,95.57,95.38,95.47,21861.0
2026-05-08T12:05:00-04:00,95.54,95.63,95.365,95.43,12652.0
2026-05-08T12:10:00-04:00,95.42,95.6099,95.42,95.56,20490.0
2026-05-08T12:15:00-04:00,95.51,95.6476,95.51,95.56,18709.0
2026-05-08T12:20:00-04:00,95.61,95.82,95.61,95.82,11467.0
2026-05-08T12:25:00-04:00,95.87,96.22,95.85,96.19,9927.0
2026-05-08T12:30:00-04:00,96.19,96.3,96.019997,96.16,20286.0
2026-05-08T12:35:00-04:00,96.15,96.27,96.044998,96.095001,16874.0
2026-05-08T12:40:00-04:00,96.15,96.2441,95.945,96.059998,20802.0
2026-05-08T12:45:00-04:00,96.059998,96.2,95.99,96.105,25490.0
2026-05-08T12:50:00-04:00,96.11,96.15,95.83,95.9,8035.0
2026-05-08T12:55:00-04:00,95.9,95.99,95.8601,95.93,6870.0
2026-05-08T13:00:00-04:00,96.055,96.059998,95.9,96.055,4715.0
2026-05-08T13:05:00-04:00,96.080002,96.080002,95.92,95.92,5445.0
2026-05-08T13:10:00-04:00,95.95,96.099998,95.9301,96.0,7401.0
2026-05-08T13:15:00-04:00,96.050003,96.21,96.040001,96.13,14792.0
2026-05-08T13:20:00-04:00,96.12,96.3386,96.12,96.24,8611.0
2026-05-08T13:25:00-04:00,96.21,96.38,96.21,96.35,8850.0
2026-05-08T13:30:00-04:00,96.3783,96.38,96.23,96.3,22146.0
2026-05-08T13:35:00-04:00,96.32,96.36,96.24,96.34,7310.0
2026-05-08T13:40:00-04:00,96.31,96.345,96.2,96.295,20808.0
2026-05-08T13:45:00-04:00,96.295,96.34,96.225,96.31,10090.0
2026-05-08T13:50:00-04:00,96.3,96.33,96.22,96.32,6217.0
2026-05-08T13:55:00-04:00,96.32,96.36,96.14,96.14,27673.0
2026-05-08T14:00:00-04:00,96.17,96.6,96.17,96.52,26241.0
2026-05-08T14:05:00-04:00,96.56,96.6,96.52,96.52,16550.0
2026-05-08T14:10:00-04:00,96.55,96.85,96.55,96.71,24500.0
2026-05-08T14:15:00-04:00,96.74,96.8,96.6,96.77,12222.0
2026-05-08T14:20:00-04:00,96.74,96.83,96.69,96.78,26658.0
2026-05-08T14:25:00-04:00,96.81,96.9988,96.73,96.79,28462.0
2026-05-08T14:30:00-04:00,96.78,96.78,96.59,96.63,25822.0
2026-05-08T14:35:00-04:00,96.59,96.61,96.41,96.59,19450.0
2026-05-08T14:40:00-04:00,96.57,96.65,96.5,96.52,21749.0
2026-05-08T14:45:00-04:00,96.53,96.66,96.52,96.66,16819.0
2026-05-08T14:50:00-04:00,96.655,96.73,96.53,96.53,21021.0
2026-05-08T14:55:00-04:00,96.54,96.67,96.47,96.505,23712.0
2026-05-08T15:00:00-04:00,96.505,96.71,96.49,96.64,17625.0
2026-05-08T15:05:00-04:00,96.615,96.73,96.6,96.72,15083.0
2026-05-08T15:10:00-04:00,96.72,96.825,96.63,96.63,16668.0
2026-05-08T15:15:00-04:00,96.635,96.83,96.635,96.77,12167.0
2026-05-08T15:20:00-04:00,96.82,96.82,96.72,96.8,18377.0
2026-05-08T15:25:00-04:00,96.74,96.87,96.71,96.77,17204.0
2026-05-08T15:30:00-04:00,96.72,97.040001,96.7156,97.019997,25125.0
2026-05-08T15:35:00-04:00,97.029999,97.029999,96.935,96.95,24648.0
2026-05-08T15:40:00-04:00,96.94,97.0049973,96.88,96.935,42770.0
2026-05-08T15:45:00-04:00,96.95,97.029999,96.775,96.79,42340.0
2026-05-08T15:50:00-04:00,96.8,96.94,96.68,96.94,59622.0
2026-05-08T15:55:00-04:00,96.925,97.34,96.84,97.19,137210.0
2026-05-11T09:30:00-04:00,99.19,101.2,99.0019989,101.2,236906.0
2026-05-11T09:35:00-04:00,101.080002,101.4274,100.89,101.23,56908.0
2026-05-11T09:40:00-04:00,101.45,102.535,101.38,102.44,125041.0
2026-05-11T09:45:00-04:00,102.49,102.775,101.99,102.35,99657.0
2026-05-11T09:50:00-04:00,102.36,102.43,101.96,102.165,38882.0
2026-05-11T09:55:00-04:00,102.11,102.255,101.34,101.6592,34652.0
2026-05-11T10:00:00-04:00,101.61,101.76,101.14,101.24,44032.0
2026-05-11T10:05:00-04:00,101.26,101.3399,100.82,101.17,23480.0
2026-05-11T10:10:00-04:00,101.15,101.75,101.12,101.725,11790.0
2026-05-11T10:15:00-04:00,101.76,101.89,101.67,101.87,23369.0
2026-05-11T10:20:00-04:00,101.83,102.1099,101.73,102.040001,30485.0
2026-05-11T10:25:00-04:00,102.050003,102.069901,101.75,101.825,21501.0
2026-05-11T10:30:00-04:00,101.84,102.029999,101.25,101.37,29534.0
2026-05-11T10:35:00-04:00,101.42,101.69,101.24,101.645,16168.0
2026-05-11T10:40:00-04:00,101.62,101.81,101.62,101.76,7175.0
2026-05-11T10:45:00-04:00,101.76,101.77,101.325,101.36,10566.0
2026-05-11T10:50:00-04:00,101.37,101.52,101.050003,101.16,9709.0
2026-05-11T10:55:00-04:00,101.135,101.23,100.88,100.98,35986.0
2026-05-11T11:00:00-04:00,100.93,101.049896,100.73,100.97,22205.0
2026-05-11T11:05:00-04:00,100.945,101.39,100.86,101.385,17598.0
2026-05-11T11:10:00-04:00,101.3791,101.3791,101.050003,101.1128,9008.0
2026-05-11T11:15:00-04:00,101.1387,101.36,101.059998,101.26,27448.0
2026-05-11T11:20:00-04:00,101.33,101.66,101.235,101.625,15012.0
2026-05-11T11:25:00-04:00,101.62,101.7699,101.4901,101.7699,15635.0
2026-05-11T11:30:00-04:00,101.65,101.7999,101.54,101.58,11052.0
2026-05-11T11:35:00-04:00,101.6699,101.81,101.4,101.765,24256.0
2026-05-11T11:40:00-04:00,101.765,101.98,101.69,101.78,75694.0
2026-05-11T11:45:00-04:00,101.77,101.96,101.72,101.86,39920.0
2026-05-11T11:50:00-04:00,101.89,101.9599,101.69,101.845,17490.0
2026-05-11T11:55:00-04:00,101.86,101.9,101.75,101.9,6101.0
2026-05-11T12:00:00-04:00,101.88,101.91,101.56,101.67,18519.0
2026-05-11T12:05:00-04:00,101.635,101.8236,101.42,101.485,8954.0
2026-05-11T12:10:00-04:00,101.48,101.58,101.28,101.32,20029.0
2026-05-11T12:15:00-04:00,101.33,101.33,101.080002,101.31,16495.0
2026-05-11T12:20:00-04:00,101.3,101.3399,101.135,101.23,15110.0
2026-05-11T12:25:00-04:00,101.21,101.48,101.21,101.35,16654.0
2026-05-11T12:30:00-04:00,101.37,101.39,101.25,101.33,7105.0
2026-05-11T12:35:00-04:00,101.26,101.335,101.2,101.28,19224.0
2026-05-11T12:40:00-04:00,101.225,101.26,100.66,100.78,14113.0
2026-05-11T12:45:00-04:00,100.8,100.87,100.73,100.82,9484.0
2026-05-11T12:50:00-04:00,100.85,100.85,100.61,100.7211,6126.0
2026-05-11T12:55:00-04:00,100.76,100.89,100.62,100.81,10818.0
2026-05-11T13:00:00-04:00,100.87,100.87,100.63,100.6685,9602.0
2026-05-11T13:05:00-04:00,100.7,100.75,100.52,100.75,9434.0
2026-05-11T13:10:00-04:00,100.82,100.83,100.58,100.75,10155.0
2026-05-11T13:15:00-04:00,100.75,100.81,100.66,100.7,9632.0
2026-05-11T13:20:00-04:00,100.7,100.83,100.675,100.77,30439.0
2026-05-11T13:25:00-04:00,100.78,100.96,100.73,100.92,13615.0
2026-05-11T13:30:00-04:00,100.94,100.97,100.84,100.905,16151.0
2026-05-11T13:35:00-04:00,100.94,101.080002,100.87,100.9,5945.0
2026-05-11T13:40:00-04:00,100.91,101.0,100.815,100.88,5884.0
2026-05-11T13:45:00-04:00,100.96,100.98,100.86,100.86,7734.0
2026-05-11T13:50:00-04:00,100.83,100.92,100.79,100.875,10199.0
2026-05-11T13:55:00-04:00,100.89,100.945,100.76,100.85,14979.0
2026-05-11T14:00:00-04:00,100.94,101.042503,100.87,101.042503,5668.0
2026-05-11T14:05:00-04:00,101.089996,101.36,101.089996,101.2799,6892.0
2026-05-11T14:10:00-04:00,101.32,101.35,101.205,101.3,4949.0
2026-05-11T14:15:00-04:00,101.295,101.35,101.24,101.34,3589.0
2026-05-11T14:20:00-04:00,101.29,101.55,101.21,101.55,10335.0
2026-05-11T14:25:00-04:00,101.56,101.71,101.51,101.71,8885.0
2026-05-11T14:30:00-04:00,101.68,101.7599,101.635,101.69,4260.0
2026-05-11T14:35:00-04:00,101.67,101.885,101.67,101.77,11009.0
2026-05-11T14:40:00-04:00,101.69,101.85,101.6501,101.835,6985.0
2026-05-11T14:45:00-04:00,101.835,101.95,101.77,101.8,8889.0
2026-05-11T14:50:00-04:00,101.8,101.875,101.79,101.87,5556.0
2026-05-11T14:55:00-04:00,101.89,102.019997,101.615,101.67,9957.0
2026-05-11T15:00:00-04:00,101.66,101.805,101.64,101.77,24311.0
2026-05-11T15:05:00-04:00,101.74,101.95,101.735,101.895,40081.0
2026-05-11T15:10:00-04:00,101.86,101.89,101.6,101.755,13567.0
2026-05-11T15:15:00-04:00,101.755,101.9599,101.715,101.715,24687.0
2026-05-11T15:20:00-04:00,101.715,101.76,101.56,101.59,23403.0
2026-05-11T15:25:00-04:00,101.59,101.61,101.395,101.41,38454.0
2026-05-11T15:30:00-04:00,101.4725,101.73,101.41,101.65,41437.0
2026-05-11T15:35:00-04:00,101.67,101.76,101.6597,101.705,24548.0
2026-05-11T15:40:00-04:00,101.705,101.82,101.61,101.7,89903.0
2026-05-11T15:45:00-04:00,101.74,101.92,101.73,101.89,51669.0
2026-05-11T15:50:00-04:00,101.88,102.044998,101.79,102.044998,46625.0
2026-05-11T15:55:00-04:00,102.084999,102.089996,101.835,101.87,109208.0
2026-05-12T09:30:00-04:00,100.029999,100.375,99.19,100.295,154947.0
2026-05-12T09:35:00-04:00,100.25,101.425,99.94,101.38,52809.0
2026-05-12T09:40:00-04:00,101.39,101.56,100.77,100.96,28203.0
2026-05-12T09:45:00-04:00,100.78,101.3,100.7001,100.88,24032.0
2026-05-12T09:50:00-04:00,100.75,101.27,100.75,101.059998,10714.0
2026-05-12T09:55:00-04:00,100.93,100.96,100.19,100.36,33088.0
2026-05-12T10:00:00-04:00,100.27,101.48,100.27,101.42,14089.0
2026-05-12T10:05:00-04:00,101.3501,101.4326,101.0,101.19,6207.0
2026-05-12T10:10:00-04:00,101.19,101.31,101.050003,101.145,61643.0
2026-05-12T10:15:00-04:00,101.059998,101.42,100.88,101.31,7913.0
2026-05-12T10:20:00-04:00,101.38,101.43,101.17,101.2879,28054.0
2026-05-12T10:25:00-04:00,101.25,101.275,100.955,101.040001,22936.0
2026-05-12T10:30:00-04:00,101.019997,101.019997,100.11,100.43,54817.0
2026-05-12T10:35:00-04:00,100.48,100.57,100.11,100.57,18898.0
2026-05-12T10:40:00-04:00,100.515,100.92,100.38,100.85,28812.0
2026-05-12T10:45:00-04:00,100.85,100.85,100.21,100.365,26107.0
2026-05-12T10:50:00-04:00,100.36,100.36,99.9476,100.235,11443.0
2026-05-12T10:55:00-04:00,100.26,100.28,99.8,99.82,11808.0
2026-05-12T11:00:00-04:00,99.89,99.93,99.45,99.51,37218.0
2026-05-12T11:05:00-04:00,99.495,99.63,99.41,99.62,17996.0
2026-05-12T11:10:00-04:00,99.5864,99.59,98.87,98.89,51115.0
2026-05-12T11:15:00-04:00,98.86,98.87,98.19,98.2975,29002.0
2026-05-12T11:20:00-04:00,98.27,98.27,97.5,97.52,34085.0
2026-05-12T11:25:00-04:00,97.5,97.79,97.17,97.45,31713.0
2026-05-12T11:30:00-04:00,97.47,98.0,97.31,97.985,34471.0
2026-05-12T11:35:00-04:00,97.9,98.32,97.89,98.19,11361.0
2026-05-12T11:40:00-04:00,98.255,98.32,98.019997,98.029999,59901.0
2026-05-12T11:45:00-04:00,98.019997,98.4,98.010002,98.2501,8281.0
2026-05-12T11:50:00-04:00,98.32,98.43,98.099998,98.29,75093.0
2026-05-12T11:55:00-04:00,98.23,98.41,98.13,98.1375,13949.0
2026-05-12T12:00:00-04:00,98.07,98.56,98.07,98.55,12583.0
2026-05-12T12:05:00-04:00,98.6,98.6,98.39,98.485,16247.0
2026-05-12T12:10:00-04:00,98.52,98.755,98.485,98.75,5790.0
2026-05-12T12:15:00-04:00,98.7047,98.9199,98.7047,98.75,6702.0
2026-05-12T12:20:00-04:00,98.76,98.8,98.6,98.68,31090.0
2026-05-12T12:25:00-04:00,98.62,98.74,98.5,98.645,9943.0
2026-05-12T12:30:00-04:00,98.6,98.65,98.52,98.61,6527.0
2026-05-12T12:35:00-04:00,98.68,98.845,98.63,98.715,14587.0
2026-05-12T12:40:00-04:00,98.74,98.82,98.6,98.715,8107.0
2026-05-12T12:45:00-04:00,98.77,98.78,98.435,98.435,6688.0
2026-05-12T12:50:00-04:00,98.49,98.56,98.27,98.41,5721.0
2026-05-12T12:55:00-04:00,98.525,98.705,98.525,98.6775,5599.0
2026-05-12T13:00:00-04:00,98.75,99.0,98.73,98.97,6139.0
2026-05-12T13:05:00-04:00,99.080002,99.1799,99.029999,99.13,8478.0
2026-05-12T13:10:00-04:00,99.2,99.43,99.173,99.43,4922.0
2026-05-12T13:15:00-04:00,99.445,99.675,99.42,99.565,26652.0
2026-05-12T13:20:00-04:00,99.49,99.79,99.49,99.75,59511.0
2026-05-12T13:25:00-04:00,99.695,99.74,99.58,99.6175,4514.0
2026-05-12T13:30:00-04:00,99.645,99.829,99.62,99.81,9234.0
2026-05-12T13:35:00-04:00,99.8699,99.8699,99.7,99.79,9392.0
2026-05-12T13:40:00-04:00,99.8,99.97,99.72,99.97,14133.0
2026-05-12T13:45:00-04:00,99.92,100.0,99.79,99.95,14084.0
2026-05-12T13:50:00-04:00,100.0,100.029999,99.8,99.845,26154.0
2026-05-12T13:55:00-04:00,99.89,99.94,99.79,99.905,5401.0
2026-05-12T14:00:00-04:00,99.98,100.32,99.97,100.23,13988.0
2026-05-12T14:05:00-04:00,100.4,100.4,100.1001,100.14,27010.0
2026-05-12T14:10:00-04:00,100.27,100.47,100.24,100.47,19106.0
2026-05-12T14:15:00-04:00,100.47,100.58,100.45,100.58,6599.0
2026-05-12T14:20:00-04:00,100.58,100.755,100.54,100.66,8794.0
2026-05-12T14:25:00-04:00,100.78,101.24,100.78,101.044998,13022.0
2026-05-12T14:30:00-04:00,101.11,101.334,101.080002,101.27,11543.0
2026-05-12T14:35:00-04:00,101.255,101.31,101.080002,101.225,22720.0
2026-05-12T14:40:00-04:00,101.25,101.53,101.25,101.465,10648.0
2026-05-12T14:45:00-04:00,101.47,101.53,101.36,101.53,6505.0
2026-05-12T14:50:00-04:00,101.49,101.65,101.45,101.57,9678.0
2026-05-12T14:55:00-04:00,101.64,101.81,101.33,101.395,8923.0
2026-05-12T15:00:00-04:00,101.48,101.71,101.48,101.69,11046.0
2026-05-12T15:05:00-04:00,101.71,101.88,101.6001,101.87,20258.0
2026-05-12T15:10:00-04:00,101.87,102.28,101.865,102.17,33588.0
2026-05-12T15:15:00-04:00,102.19,102.32,102.19,102.32,37040.0
2026-05-12T15:20:00-04:00,102.3,102.3,102.095001,102.21,24519.0
2026-05-12T15:25:00-04:00,102.22,102.37,102.22,102.31,123422.0
2026-05-12T15:30:00-04:00,102.33,103.010002,102.32,103.0,82833.0
2026-05-12T15:35:00-04:00,103.050003,103.23,103.0,103.15,43465.0
2026-05-12T15:40:00-04:00,103.19,103.22,102.96,103.019997,18030.0
2026-05-12T15:45:00-04:00,102.9701,103.24,102.9701,103.24,22757.0
2026-05-12T15:50:00-04:00,103.2,103.305,103.080002,103.080002,45772.0
2026-05-12T15:55:00-04:00,103.13,103.15,102.68,102.78,109441.0
2026-05-13T09:30:00-04:00,102.71,102.71,101.2,101.305,160006.0
2026-05-13T09:35:00-04:00,101.35,101.4,100.36,100.64,52343.0
2026-05-13T09:40:00-04:00,100.7,101.07,100.48,100.48,43757.0
2026-05-13T09:45:00-04:00,100.54,100.72,99.99,100.65,65116.0
2026-05-13T09:50:00-04:00,100.61,101.17,100.4101,101.050003,25847.0
2026-05-13T09:55:00-04:00,101.059998,101.059998,100.56,100.605,13836.0
2026-05-13T10:00:00-04:00,100.61,101.4875,100.59,101.335,44244.0
2026-05-13T10:05:00-04:00,101.27,101.73,101.27,101.455,20907.0
2026-05-13T10:10:00-04:00,101.455,102.105,101.455,101.89,30373.0
2026-05-13T10:15:00-04:00,101.9199,101.98,101.56,101.635,25906.0
2026-05-13T10:20:00-04:00,101.77,102.322,101.77,102.195,17676.0
2026-05-13T10:25:00-04:00,102.3,102.7,102.17,102.58,33810.0
2026-05-13T10:30:00-04:00,102.66,103.415,102.64,103.415,47273.0
2026-05-13T10:35:00-04:00,103.42,103.42,102.96,103.11,28398.0
2026-05-13T10:40:00-04:00,103.18,103.39,103.0,103.099998,25938.0
2026-05-13T10:45:00-04:00,103.23,103.23,102.86,102.907,34745.0
2026-05-13T10:50:00-04:00,102.915,103.040001,102.84,102.89,50270.0
2026-05-13T10:55:00-04:00,102.77,103.0299,102.71,102.79,17295.0
2026-05-13T11:00:00-04:00,102.745,102.88,102.58,102.81,14774.0
2026-05-13T11:05:00-04:00,102.8,103.0049973,102.66,102.94,44423.0
2026-05-13T11:10:00-04:00,103.029999,103.07,102.87,102.91,20803.0
2026-05-13T11:15:00-04:00,102.94,103.2999,102.92,103.15,14223.0
2026-05-13T11:20:00-04:00,103.16,103.34,103.050003,103.29,17938.0
2026-05-13T11:25:00-04:00,103.3399,103.54,103.255,103.505,25413.0
2026-05-13T11:30:00-04:00,103.51,103.545,103.345,103.535,21564.0
2026-05-13T11:35:00-04:00,103.565,103.869,103.52,103.7728,44715.0
2026-05-13T11:40:00-04:00,103.79,103.82,103.61,103.625,13564.0
2026-05-13T11:45:00-04:00,103.62,103.72,103.55,103.61,77539.0
2026-05-13T11:50:00-04:00,103.65,103.7,103.39,103.45,15635.0
2026-05-13T11:55:00-04:00,103.4,103.4,103.16,103.22,13693.0
2026-05-13T12:00:00-04:00,103.215,103.38,103.215,103.31,8470.0
2026-05-13T12:05:00-04:00,103.315,103.45,103.29,103.45,14140.0
2026-05-13T12:10:00-04:00,103.48,103.56,103.365,103.5,29683.0
2026-05-13T12:15:00-04:00,103.46,103.6,103.4,103.6,9569.0
2026-05-13T12:20:00-04:00,103.595,104.19,103.595,104.07,41182.0
2026-05-13T12:25:00-04:00,104.080002,104.17,103.92,103.955,4327.0
2026-05-13T12:30:00-04:00,103.91563,104.049202,103.85,103.995,14609.0
2026-05-13T12:35:00-04:00,103.995,104.019897,103.86,103.92,8425.0
2026-05-13T12:40:00-04:00,103.86,103.87,103.46,103.46,9150.0
2026-05-13T12:45:00-04:00,103.456,103.48,103.27,103.38,11257.0
2026-05-13T12:50:00-04:00,103.31,103.38,103.089996,103.11,7797.0
2026-05-13T12:55:00-04:00,103.125,103.22,102.92,103.0,20021.0
2026-05-13T13:00:00-04:00,102.98,103.16,102.98,103.13,7598.0
2026-05-13T13:05:00-04:00,103.15,103.35,103.15,103.225,25081.0
2026-05-13T13:10:00-04:00,103.225,103.32,103.14,103.32,11886.0
2026-05-13T13:15:00-04:00,103.32,103.32,103.089996,103.14,9796.0
2026-05-13T13:20:00-04:00,103.165,103.21,103.0049973,103.029999,15886.0
2026-05-13T13:25:00-04:00,103.059998,103.21,103.059998,103.135,15676.0
2026-05-13T13:30:00-04:00,103.13,103.19,103.0,103.0,27639.0
2026-05-13T13:35:00-04:00,103.029999,103.07,102.93,102.95,10105.0
2026-05-13T13:40:00-04:00,102.97,102.98,102.78,102.82,16173.0
2026-05-13T13:45:00-04:00,102.815,102.825,102.6222,102.665,8501.0
2026-05-13T13:50:00-04:00,102.66,102.75,102.52,102.63,11728.0
2026-05-13T13:55:00-04:00,102.65,102.65,102.51,102.52,10171.0
2026-05-13T14:00:00-04:00,102.52,102.765,102.52,102.72,16096.0
2026-05-13T14:05:00-04:00,102.7,102.83,102.57,102.755,9508.0
2026-05-13T14:10:00-04:00,102.77,103.17,102.695,103.13,37648.0
2026-05-13T14:15:00-04:00,103.13,103.21,102.955,102.955,29590.0
2026-05-13T14:20:00-04:00,102.9999,102.9999,102.7251,102.77,8211.0
2026-05-13T14:25:00-04:00,102.81,102.95,102.765,102.95,9417.0
2026-05-13T14:30:00-04:00,102.92,102.99,102.84,102.91,10194.0
2026-05-13T14:35:00-04:00,102.91,102.91,102.6983,102.825,6246.0
2026-05-13T14:40:00-04:00,102.83,103.0,102.77,102.83,8986.0
2026-05-13T14:45:00-04:00,102.83,102.855,102.49,102.585,12810.0
2026-05-13T14:50:00-04:00,102.62,102.89,102.62,102.835,18633.0
2026-05-13T14:55:00-04:00,102.85,102.98,102.67,102.74,13559.0
2026-05-13T15:00:00-04:00,102.74,102.88,102.6601,102.715,8940.0
2026-05-13T15:05:00-04:00,102.7125,102.86,102.645,102.84,15975.0
2026-05-13T15:10:00-04:00,102.88,102.95,102.77,102.91,16359.0
2026-05-13T15:15:00-04:00,102.915,103.050003,102.8,102.87,17497.0
2026-05-13T15:20:00-04:00,102.9012,103.0,102.86,102.955,11746.0
2026-05-13T15:25:00-04:00,102.94,103.019997,102.86,103.0,30806.0
2026-05-13T15:30:00-04:00,103.050003,103.12,102.9,102.945,15796.0
2026-05-13T15:35:00-04:00,102.94,103.097298,102.88,103.074997,17187.0
2026-05-13T15:40:00-04:00,103.065002,103.065002,102.8,102.845,18317.0
2026-05-13T15:45:00-04:00,102.85,102.85,102.675,102.78,22834.0
2026-05-13T15:50:00-04:00,102.71,102.855,102.66,102.67,46093.0
2026-05-13T15:55:00-04:00,102.71,102.81,102.57,102.65,114526.0
2026-05-14T09:30:00-04:00,101.92,102.245,100.705,100.705,106025.0
2026-05-14T09:35:00-04:00,100.84,100.89,100.080002,100.41,23267.0
2026-05-14T09:40:00-04:00,100.16,100.19,99.475,99.74,33869.0
2026-05-14T09:45:00-04:00,99.72,100.43,99.69,100.0,49019.0
2026-05-14T09:50:00-04:00,100.040001,100.21,99.7,99.91,24907.0
2026-05-14T09:55:00-04:00,99.9,99.9,98.68,98.87,48060.0
2026-05-14T10:00:00-04:00,98.95,99.83,98.86,99.82,29284.0
2026-05-14T10:05:00-04:00,99.83,99.8305,99.23,99.31,41692.0
2026-05-14T10:10:00-04:00,99.39,99.8,99.39,99.5,23453.0
2026-05-14T10:15:00-04:00,99.52,99.545,99.36,99.46,14809.0
2026-05-14T10:20:00-04:00,99.56,99.87,99.55,99.575,21514.0
2026-05-14T10:25:00-04:00,99.5,99.5,99.11,99.26,26429.0
2026-05-14T10:30:00-04:00,99.15,99.52,99.15,99.36,5597.0
2026-05-14T10:35:00-04:00,99.37,99.5,99.3,99.41,12378.0
2026-05-14T10:40:00-04:00,99.36,99.57,99.36,99.57,10305.0
2026-05-14T10:45:00-04:00,99.61,99.61,99.24,99.32,13932.0
2026-05-14T10:50:00-04:00,99.34,99.43,99.17,99.2101,8292.0
2026-05-14T10:55:00-04:00,99.23,99.65,99.205,99.34,6297.0
2026-05-14T11:00:00-04:00,99.029999,99.21,98.9542,99.165,14101.0
2026-05-14T11:05:00-04:00,99.2,99.57,99.2,99.57,5530.0
2026-05-14T11:10:00-04:00,99.56,99.6796,99.35,99.58,10015.0
2026-05-14T11:15:00-04:00,99.66,100.059998,99.66,100.059998,7652.0
2026-05-14T11:20:00-04:00,99.84,99.98,99.75,99.946,8081.0
2026-05-14T11:25:00-04:00,99.88,99.9999,99.82,99.82,1682.0
2026-05-14T11:30:00-04:00,99.89,100.010002,99.86,99.99,7294.0
2026-05-14T11:35:00-04:00,100.055,100.195,99.84,99.995,5175.0
2026-05-14T11:40:00-04:00,99.9,100.0,99.72,99.795,12263.0
2026-05-14T11:45:00-04:00,99.8799,99.883,99.6889,99.883,14614.0
2026-05-14T11:50:00-04:00,99.88,99.9,99.69,99.82,6507.0
2026-05-14T11:55:00-04:00,99.84,99.97,99.73,99.83,25934.0
2026-05-14T12:00:00-04:00,99.84,99.89,99.61,99.67,19623.0
2026-05-14T12:05:00-04:00,99.65,99.675,99.41,99.58,15613.0
2026-05-14T12:10:00-04:00,99.51,99.6722,99.47,99.62,6299.0
2026-05-14T12:15:00-04:00,99.61,99.85,99.61,99.83,3210.0
2026-05-14T12:20:00-04:00,99.81,99.82,99.6,99.67401,2483.0
2026-05-14T12:25:00-04:00,99.5701,99.695,99.34,99.48,29429.0
2026-05-14T12:30:00-04:00,99.6,99.6713,99.47,99.49,9362.0
2026-05-14T12:35:00-04:00,99.59,99.59,99.32,99.54,10659.0
2026-05-14T12:40:00-04:00,99.56,99.86,99.54,99.86,7860.0
2026-05-14T12:45:00-04:00,99.95,99.95,99.7,99.9,4101.0
2026-05-14T12:50:00-04:00,99.99,100.040001,99.73,100.040001,8454.0
2026-05-14T12:55:00-04:00,100.050003,100.28,99.94,100.25,10210.0
2026-05-14T13:00:00-04:00,100.29,100.46,100.26,100.34,6859.0
2026-05-14T13:05:00-04:00,100.3748,100.4511,100.07,100.16,10420.0
2026-05-14T13:10:00-04:00,100.15,100.22,99.78,99.78,11923.0
2026-05-14T13:15:00-04:00,99.8,100.019997,99.78,99.905,8332.0
2026-05-14T13:20:00-04:00,99.9899,100.13,99.9,99.9,8782.0
2026-05-14T13:25:00-04:00,99.875,99.94,99.8,99.84,11134.0
2026-05-14T13:30:00-04:00,99.81,99.9153,99.81,99.85,10244.0
2026-05-14T13:35:00-04:00,99.89,99.9899,99.81,99.81,5074.0
2026-05-14T13:40:00-04:00,99.89,100.059998,99.82,100.035004,4944.0
2026-05-14T13:45:00-04:00,100.056503,100.14,99.91,99.94,7042.0
2026-05-14T13:50:00-04:00,99.94,100.010002,99.62,99.695,14516.0
2026-05-14T13:55:00-04:00,99.75,99.76,99.65,99.73,22316.0
2026-05-14T14:00:00-04:00,99.7,99.7,99.35,99.5,34889.0
2026-05-14T14:05:00-04:00,99.54,99.79,99.49,99.76,10845.0
2026-05-14T14:10:00-04:00,99.76,99.88,99.67,99.85,11125.0
2026-05-14T14:15:00-04:00,99.867,99.99,99.7901,99.99,12341.0
2026-05-14T14:20:00-04:00,99.99,100.080002,99.65,99.65,11962.0
2026-05-14T14:25:00-04:00,99.68,99.68,99.53,99.67,15459.0
2026-05-14T14:30:00-04:00,99.72,99.89,99.72,99.83,9912.0
2026-05-14T14:35:00-04:00,99.75,99.81,99.65,99.75,15198.0
2026-05-14T14:40:00-04:00,99.64,99.7799,99.55,99.57,9186.0
2026-05-14T14:45:00-04:00,99.66,99.72,99.56,99.72,9877.0
2026-05-14T14:50:00-04:00,99.68,99.72,99.56,99.56,4440.0
2026-05-14T14:55:00-04:00,99.55,99.62,99.46,99.501,8203.0
2026-05-14T15:00:00-04:00,99.5,99.615,99.44,99.615,8896.0
2026-05-14T15:05:00-04:00,99.61,99.75,99.57,99.695,24347.0
2026-05-14T15:10:00-04:00,99.73,99.79,99.69,99.79,7774.0
2026-05-14T15:15:00-04:00,99.81,99.81,99.49,99.545,8390.0
2026-05-14T15:20:00-04:00,99.57,99.65,99.53,99.55,13376.0
2026-05-14T15:25:00-04:00,99.55,99.65,99.29,99.29,24129.0
2026-05-14T15:30:00-04:00,99.28,99.49,99.27,99.485,12286.0
2026-05-14T15:35:00-04:00,99.47,99.53,99.36,99.41,15778.0
2026-05-14T15:40:00-04:00,99.42,99.44,99.21,99.305,18104.0
2026-05-14T15:45:00-04:00,99.26,99.336,99.145,99.29,26701.0
2026-05-14T15:50:00-04:00,99.24,99.3,99.12,99.215,25856.0
2026-05-14T15:55:00-04:00,99.1858,99.22,98.93,99.11,88108.0
2026-05-15T09:30:00-04:00,93.765,93.88,92.36,92.7,226542.0
2026-05-15T09:35:00-04:00,92.63,92.67,91.91,92.1552,77311.0
2026-05-15T09:40:00-04:00,92.25,92.37,91.6201,91.82,101478.0
2026-05-15T09:45:00-04:00,91.83,92.5,91.415,92.5,75198.0
2026-05-15T09:50:00-04:00,92.51,92.535,91.98,92.095001,32423.0
2026-05-15T09:55:00-04:00,92.010002,92.2,91.47,91.56,33409.0
2026-05-15T10:00:00-04:00,91.59,91.87,91.33,91.7699,24945.0
2026-05-15T10:05:00-04:00,91.9,91.96,91.575,91.715,40305.0
2026-05-15T10:10:00-04:00,91.71,92.56,91.6601,92.515,21871.0
2026-05-15T10:15:00-04:00,92.5999,92.73,92.33,92.535,37064.0
2026-05-15T10:20:00-04:00,92.62,92.7099,92.31,92.39,9589.0
2026-05-15T10:25:00-04:00,92.35,92.4199,92.040001,92.095001,8521.0
2026-05-15T10:30:00-04:00,92.18,92.2,91.85,91.97,44676.0
2026-05-15T10:35:00-04:00,92.019997,92.12,91.81,92.029999,19401.0
2026-05-15T10:40:00-04:00,92.050003,92.115,91.81,91.94,29677.0
2026-05-15T10:45:00-04:00,91.87,91.87,91.54,91.65,19267.0
2026-05-15T10:50:00-04:00,91.53,91.71,91.23,91.69,18424.0
2026-05-15T10:55:00-04:00,91.76,92.0,91.68,91.685,16011.0
2026-05-15T11:00:00-04:00,91.64,91.79,91.4,91.525,9010.0
2026-05-15T11:05:00-04:00,91.5647,91.83,91.5647,91.79,11227.0
2026-05-15T11:10:00-04:00,91.84,91.91,91.52,91.55,13044.0
2026-05-15T11:15:00-04:00,91.57,91.67,91.49,91.51,14157.0
2026-05-15T11:20:00-04:00,91.49,91.7,91.39,91.49,18663.0
2026-05-15T11:25:00-04:00,91.46,91.55,91.2001,91.35,22831.0
2026-05-15T11:30:00-04:00,91.3575,91.43,91.215,91.215,30132.0
2026-05-15T11:35:00-04:00,91.2,91.3,91.059998,91.089996,14887.0
2026-05-15T11:40:00-04:00,91.044998,91.059998,90.845,90.91,55574.0
2026-05-15T11:45:00-04:00,90.89,90.925,90.61,90.65,174925.0
2026-05-15T11:50:00-04:00,90.65,90.77,90.3,90.41,39018.0
2026-05-15T11:55:00-04:00,90.34,90.555,90.31,90.5,61046.0
2026-05-15T12:00:00-04:00,90.53,90.59,90.42,90.5401,59064.0
2026-05-15T12:05:00-04:00,90.52,90.645,90.49,90.505,11612.0
2026-05-15T12:10:00-04:00,90.54,90.6899,90.46,90.6899,6238.0
2026-05-15T12:15:00-04:00,90.69,90.69,90.52,90.6,10941.0
2026-05-15T12:20:00-04:00,90.55,90.955,90.55,90.955,5251.0
2026-05-15T12:25:00-04:00,91.029999,91.040001,90.755,90.78,8589.0
2026-05-15T12:30:00-04:00,90.85,91.0,90.85,90.965,4886.0
2026-05-15T12:35:00-04:00,91.039902,91.27,90.965,91.22,13594.0
2026-05-15T12:40:00-04:00,91.19,91.28,91.14,91.27,21689.0
2026-05-15T12:45:00-04:00,91.3449,91.3449,91.22,91.25,10948.0
2026-05-15T12:50:00-04:00,91.26,91.29,91.077499,91.080002,30219.0
2026-05-15T12:55:00-04:00,91.080002,91.15,90.96,91.025002,54119.0
2026-05-15T13:00:00-04:00,91.025002,91.26,91.0,91.26,10383.0
2026-05-15T13:05:00-04:00,91.24,91.5,91.235,91.395,8102.0
2026-05-15T13:10:00-04:00,91.42,91.68,91.39,91.68,11381.0
2026-05-15T13:15:00-04:00,91.6425,91.81,91.485,91.81,35639.0
2026-05-15T13:20:00-04:00,91.87,92.029999,91.8,92.029999,15145.0
2026-05-15T13:25:00-04:00,92.050003,92.16,91.92,91.92,13234.0
2026-05-15T13:30:00-04:00,91.9551,92.185,91.9551,92.135,3705.0
2026-05-15T13:35:00-04:00,92.17,92.25,92.040001,92.24,18196.0
2026-05-15T13:40:00-04:00,92.2,92.2,92.010002,92.11,5526.0
2026-05-15T13:45:00-04:00,92.099998,92.25,92.059998,92.14,7619.0
2026-05-15T13:50:00-04:00,92.12,92.26,92.095001,92.26,8014.0
2026-05-15T13:55:00-04:00,92.13,92.23,92.13,92.18,8411.0
2026-05-15T14:00:00-04:00,92.22,92.22,92.064796,92.155,10970.0
2026-05-15T14:05:00-04:00,92.16,92.255,92.0,92.0049973,21071.0
2026-05-15T14:10:00-04:00,91.965,92.040001,91.96,91.995,4706.0
2026-05-15T14:15:00-04:00,92.029999,92.040001,91.82,91.845,6871.0
2026-05-15T14:20:00-04:00,91.89,92.0049973,91.87,91.98,11433.0
2026-05-15T14:25:00-04:00,91.93,91.97,91.79,91.8,11415.0
2026-05-15T14:30:00-04:00,91.83,91.84,91.57,91.76,17997.0
2026-05-15T14:35:00-04:00,91.685,91.87,91.685,91.855,3941.0
2026-05-15T14:40:00-04:00,91.91,92.080002,91.79,92.080002,19125.0
2026-05-15T14:45:00-04:00,92.059998,92.059998,91.92,92.0049973,17457.0
2026-05-15T14:50:00-04:00,91.995,92.145,91.995,92.145,9379.0
2026-05-15T14:55:00-04:00,92.050003,92.1099,91.85,91.91,6265.0
2026-05-15T15:00:00-04:00,91.91,91.91,91.72,91.73,31543.0
2026-05-15T15:05:00-04:00,91.745,91.8,91.59,91.61,15993.0
2026-05-15T15:10:00-04:00,91.625,91.82,91.59,91.765,15269.0
2026-05-15T15:15:00-04:00,91.74,91.91,91.74,91.86,15660.0
2026-05-15T15:20:00-04:00,91.86,91.89,91.7,91.71,36658.0
2026-05-15T15:25:00-04:00,91.645,91.68,91.5651,91.6001,17248.0
2026-05-15T15:30:00-04:00,91.64,91.81,91.63,91.73,23728.0
2026-05-15T15:35:00-04:00,91.73,91.9,91.685,91.86,48693.0
2026-05-15T15:40:00-04:00,91.865,91.865,91.5101,91.5178,22058.0
2026-05-15T15:45:00-04:00,91.55,91.68,91.5,91.655,54400.0
2026-05-15T15:50:00-04:00,91.64,91.775,91.55,91.59,124752.0
2026-05-15T15:55:00-04:00,91.57,91.7,91.39,91.58,227301.0
2026-05-18T09:30:00-04:00,92.86,93.19,92.099998,93.059998,137068.0
2026-05-18T09:35:00-04:00,92.975,93.12,92.3009,92.42,66800.0
2026-05-18T09:40:00-04:00,92.395,92.77,91.97,92.105,48493.0
2026-05-18T09:45:00-04:00,92.13,93.22,91.9,93.040001,47061.0
2026-05-18T09:50:00-04:00,93.080002,93.31,92.88,93.31,59303.0
2026-05-18T09:55:00-04:00,93.35,93.515,93.025002,93.13,40187.0
2026-05-18T10:00:00-04:00,93.07,93.14,92.27,92.35,28133.0
2026-05-18T10:05:00-04:00,92.325,92.38,91.84,92.25,31392.0
2026-05-18T10:10:00-04:00,92.25,92.29,91.75,91.75,12389.0
2026-05-18T10:15:00-04:00,91.68,92.12,91.67,92.07,18879.0
2026-05-18T10:20:00-04:00,92.080002,92.089996,91.5101,91.68,8329.0
2026-05-18T10:25:00-04:00,91.76,91.85,91.646,91.646,5721.0
2026-05-18T10:30:00-04:00,91.745,91.75,91.029999,91.055,13743.0
2026-05-18T10:35:00-04:00,91.11,91.4,90.75,91.3,29225.0
2026-05-18T10:40:00-04:00,91.255,91.27,91.0,91.27,10039.0
2026-05-18T10:45:00-04:00,91.2,91.205,90.7,90.82,10924.0
2026-05-18T10:50:00-04:00,90.78,91.16,90.78,90.85,48146.0
2026-05-18T10:55:00-04:00,90.86,91.040001,90.8408,90.85,40517.0
2026-05-18T11:00:00-04:00,90.95,91.165,90.39,90.4113,22267.0
2026-05-18T11:05:00-04:00,90.53,90.68,90.38,90.38,18442.0
2026-05-18T11:10:00-04:00,90.36,90.66,90.25,90.63,26963.0
2026-05-18T11:15:00-04:00,90.635,90.7,90.41,90.41,14354.0
2026-05-18T11:20:00-04:00,90.51,90.615,90.4101,90.5,11870.0
2026-05-18T11:25:00-04:00,90.5,90.71,90.39,90.39,18062.0
2026-05-18T11:30:00-04:00,90.44,90.7,90.34,90.7,4953.0
2026-05-18T11:35:00-04:00,90.81,90.9268,90.74,90.83,32213.0
2026-05-18T11:40:00-04:00,90.85,91.019997,90.78,90.89,7883.0
2026-05-18T11:45:00-04:00,90.86,90.92,90.8,90.81,6307.0
2026-05-18T11:50:00-04:00,90.8,90.83,90.67,90.83,3252.0
2026-05-18T11:55:00-04:00,90.93,90.95,90.7,90.78,11560.0
2026-05-18T12:00:00-04:00,90.785,90.785,90.52,90.55,4928.0
2026-05-18T12:05:00-04:00,90.55,90.675,90.47,90.67,16448.0
2026-05-18T12:10:00-04:00,90.65,90.76,90.61,90.725,7784.0
2026-05-18T12:15:00-04:00,90.75,90.92,90.75,90.81,19160.0
2026-05-18T12:20:00-04:00,90.865,90.9,90.6,90.67,13314.0
2026-05-18T12:25:00-04:00,90.62,90.62,90.18,90.26,11859.0
2026-05-18T12:30:00-04:00,90.15,90.6,90.11,90.54,9421.0
2026-05-18T12:35:00-04:00,90.57,90.6,90.45,90.45,5658.0
2026-05-18T12:40:00-04:00,90.44,90.445,90.18,90.275,32194.0
2026-05-18T12:45:00-04:00,90.265,90.42,90.24,90.365,8041.0
2026-05-18T12:50:00-04:00,90.44,90.72,90.44,90.665,12080.0
2026-05-18T12:55:00-04:00,90.665,90.75,90.58,90.58,9345.0
2026-05-18T13:00:00-04:00,90.61,90.76,90.44,90.76,15953.0
2026-05-18T13:05:00-04:00,90.75,90.855,90.73,90.75,14661.0
2026-05-18T13:10:00-04:00,90.8,90.81,90.64,90.64,9259.0
2026-05-18T13:15:00-04:00,90.665,90.79,90.6361,90.79,16713.0
2026-05-18T13:20:00-04:00,90.78,90.78,90.65,90.685,18087.0
2026-05-18T13:25:00-04:00,90.68,90.685,90.57,90.65,10778.0
2026-05-18T13:30:00-04:00,90.64,90.77,90.64,90.655,20843.0
2026-05-18T13:35:00-04:00,90.64,90.655,90.53,90.55,11308.0
2026-05-18T13:40:00-04:00,90.55,90.65,90.54,90.62,16031.0
2026-05-18T13:45:00-04:00,90.6,90.63,90.53,90.535,9284.0
2026-05-18T13:50:00-04:00,90.54,90.64,90.5325,90.61,8403.0
2026-05-18T13:55:00-04:00,90.59,90.63,90.54,90.6,18877.0
2026-05-18T14:00:00-04:00,90.6,90.6,90.39,90.49,7389.0
2026-05-18T14:05:00-04:00,90.6,90.7,90.48,90.535,10670.0
2026-05-18T14:10:00-04:00,90.535,90.62,90.4604,90.4604,11423.0
2026-05-18T14:15:00-04:00,90.44,90.51,90.2,90.255,11000.0
2026-05-18T14:20:00-04:00,90.2,90.25,90.099998,90.175,19417.0
2026-05-18T14:25:00-04:00,90.14,90.16,89.84,90.089996,14256.0
2026-05-18T14:30:00-04:00,90.040001,90.185,90.0,90.0,8269.0
2026-05-18T14:35:00-04:00,90.050003,90.07,89.85,89.86,13557.0
2026-05-18T14:40:00-04:00,89.85,89.92,89.765,89.875,11862.0
2026-05-18T14:45:00-04:00,89.87,89.955,89.8,89.835,12511.0
2026-05-18T14:50:00-04:00,89.8,89.88,89.72,89.8001,24866.0
2026-05-18T14:55:00-04:00,89.82,89.9,89.7,89.725,23622.0
2026-05-18T15:00:00-04:00,89.7,90.84,89.7,90.55,74267.0
2026-05-18T15:05:00-04:00,90.7,90.78,90.25,90.35,8854.0
2026-05-18T15:10:00-04:00,90.47,90.58,90.32,90.32,12564.0
2026-05-18T15:15:00-04:00,90.38,90.445,90.22,90.26,15925.0
2026-05-18T15:20:00-04:00,90.24,90.3459,90.12,90.12,16206.0
2026-05-18T15:25:00-04:00,90.14,90.17,89.9785,90.11,14747.0
2026-05-18T15:30:00-04:00,90.084999,90.24,90.084999,90.22,28354.0
2026-05-18T15:35:00-04:00,90.23,90.405,90.2276,90.375,26244.0
2026-05-18T15:40:00-04:00,90.375,90.525,90.375,90.44,28209.0
2026-05-18T15:45:00-04:00,90.48,90.49,90.3,90.44,26450.0
2026-05-18T15:50:00-04:00,90.44,90.52,90.37,90.52,66465.0
2026-05-18T15:55:00-04:00,90.4935,90.62,90.45,90.58,130257.0
2026-05-19T09:30:00-04:00,88.19,88.605,86.87,87.37,130113.0
2026-05-19T09:35:00-04:00,87.39,87.805,87.2,87.55,36937.0
2026-05-19T09:40:00-04:00,87.37,87.44,86.58,86.73,45023.0
2026-05-19T09:45:00-04:00,86.645,86.81,86.3801,86.77,59593.0
2026-05-19T09:50:00-04:00,86.73,87.4,86.73,87.39,22119.0
2026-05-19T09:55:00-04:00,87.56,87.58,86.92,87.1151,23097.0
2026-05-19T10:00:00-04:00,86.98,87.46,86.77,87.46,32813.0
2026-05-19T10:05:00-04:00,87.5,87.5,87.13,87.26,19249.0
2026-05-19T10:10:00-04:00,87.27,87.38,87.115,87.115,9424.0
2026-05-19T10:15:00-04:00,86.99,87.082703,86.79,86.8999,31428.0
2026-05-19T10:20:00-04:00,86.9,86.93,86.23,86.37,51387.0
2026-05-19T10:25:00-04:00,86.31,86.49,86.2023,86.2023,15949.0
2026-05-19T10:30:00-04:00,86.28,86.49,86.040001,86.059998,10035.0
2026-05-19T10:35:00-04:00,86.1197,86.51,86.065002,86.445,15383.0
2026-05-19T10:40:00-04:00,86.36,86.515,86.19,86.19,11670.0
2026-05-19T10:45:00-04:00,86.17,86.29,85.95,86.12,44683.0
2026-05-19T10:50:00-04:00,86.16,86.22,86.021202,86.21,23163.0
2026-05-19T10:55:00-04:00,86.099998,86.24,85.95,86.15,16474.0
2026-05-19T11:00:00-04:00,86.27,86.4199,86.16,86.27,8443.0
2026-05-19T11:05:00-04:00,86.31432,86.31432,86.010002,86.155,13710.0
2026-05-19T11:10:00-04:00,86.22,86.33,86.18,86.33,9162.0
2026-05-19T11:15:00-04:00,86.33,86.52,86.2501,86.355,17981.0
2026-05-19T11:20:00-04:00,86.355,86.355,86.0,86.0,16602.0
2026-05-19T11:25:00-04:00,85.95,86.26,85.94,86.255,8616.0
2026-05-19T11:30:00-04:00,86.32,86.65,86.18,86.59,12979.0
2026-05-19T11:35:00-04:00,86.53,86.78,86.35,86.68,18830.0
2026-05-19T11:40:00-04:00,86.65,86.655,86.45,86.57,19713.0
2026-05-19T11:45:00-04:00,86.57,86.6,86.41,86.445,6255.0
2026-05-19T11:50:00-04:00,86.48,86.57,86.38,86.4971,18525.0
2026-05-19T11:55:00-04:00,86.58,86.63,86.43,86.63,8529.0
2026-05-19T12:00:00-04:00,86.6,86.6951,86.53,86.62,16867.0
2026-05-19T12:05:00-04:00,86.605,86.605,86.29,86.31,5562.0
2026-05-19T12:10:00-04:00,86.26,86.36,86.13,86.22,8895.0
2026-05-19T12:15:00-04:00,86.3,86.42,86.24,86.2541,4028.0
2026-05-19T12:20:00-04:00,86.275,86.405,86.22,86.32,6144.0
2026-05-19T12:25:00-04:00,86.39,86.57,86.3801,86.515,3878.0
2026-05-19T12:30:00-04:00,86.59,86.77,86.575,86.735,6714.0
2026-05-19T12:35:00-04:00,86.8,86.88,86.76,86.825,3879.0
2026-05-19T12:40:00-04:00,86.84,87.019997,86.84,87.019997,5497.0
2026-05-19T12:45:00-04:00,87.079903,87.099998,87.0,87.089996,5317.0
2026-05-19T12:50:00-04:00,87.15,87.16,87.055,87.13,1599.0
2026-05-19T12:55:00-04:00,87.115,87.225,87.0,87.15,5647.0
2026-05-19T13:00:00-04:00,87.18,87.37,87.18,87.37,5716.0
2026-05-19T13:05:00-04:00,87.37,87.53,87.37,87.51,5793.0
2026-05-19T13:10:00-04:00,87.503,87.76,87.503,87.76,8615.0
2026-05-19T13:15:00-04:00,87.765,87.939,87.71,87.71,5571.0
2026-05-19T13:20:00-04:00,87.825,87.99,87.77,87.9,11580.0
2026-05-19T13:25:00-04:00,87.89,87.89315,87.71,87.73,11155.0
2026-05-19T13:30:00-04:00,87.75,87.85,87.715,87.725,4095.0
2026-05-19T13:35:00-04:00,87.6,87.64,87.48,87.62,8195.0
2026-05-19T13:40:00-04:00,87.5,87.54,87.25,87.29,18861.0
2026-05-19T13:45:00-04:00,87.26,87.31,87.029999,87.2171,6169.0
2026-05-19T13:50:00-04:00,87.18,87.205,87.12,87.17,2774.0
2026-05-19T13:55:00-04:00,87.255,87.33,87.17,87.32,7840.0
2026-05-19T14:00:00-04:00,87.285,87.285,87.13,87.17,3084.0
2026-05-19T14:05:00-04:00,87.17,87.18,87.07,87.080002,8946.0
2026-05-19T14:10:00-04:00,87.07,87.080002,86.94,86.94,8946.0
2026-05-19T14:15:00-04:00,86.92,87.089996,86.91,87.0,7618.0
2026-05-19T14:20:00-04:00,86.99,87.010002,86.81,86.925,29284.0
2026-05-19T14:25:00-04:00,86.89,87.040001,86.86,86.92,5832.0
2026-05-19T14:30:00-04:00,86.84,86.965,86.7201,86.95,7270.0
2026-05-19T14:35:00-04:00,86.945,86.97,86.88,86.935,6923.0
2026-05-19T14:40:00-04:00,86.9,86.98,86.8801,86.93,15670.0
2026-05-19T14:45:00-04:00,86.9,86.96,86.8601,86.96,28488.0
2026-05-19T14:50:00-04:00,86.97,87.0093994,86.82,86.82,10527.0
2026-05-19T14:55:00-04:00,86.79,86.84,86.605,86.61,14743.0
2026-05-19T15:00:00-04:00,86.67,86.79,86.67,86.69,4933.0
2026-05-19T15:05:00-04:00,86.64,86.89,86.64,86.89,5958.0
2026-05-19T15:10:00-04:00,86.885,86.93,86.84,86.89,28458.0
2026-05-19T15:15:00-04:00,86.87,86.87,86.65,86.65,21688.0
2026-05-19T15:20:00-04:00,86.65,86.65,86.27,86.34,27056.0
2026-05-19T15:25:00-04:00,86.325,86.44,86.22,86.395,18096.0
2026-05-19T15:30:00-04:00,86.44,86.5,86.38,86.39,16515.0
2026-05-19T15:35:00-04:00,86.4,86.54,86.31,86.4,28529.0
2026-05-19T15:40:00-04:00,86.4,86.54,86.2966,86.48,31796.0
2026-05-19T15:45:00-04:00,86.49,86.65,86.45,86.58,51186.0
2026-05-19T15:50:00-04:00,86.58,86.64,86.425,86.425,31687.0
2026-05-19T15:55:00-04:00,86.3836,86.55,86.22,86.46,341470.0
2026-05-20T09:30:00-04:00,87.5,87.69,86.71,87.010002,140243.0
2026-05-20T09:35:00-04:00,86.86,87.010002,86.421,86.71,34714.0
2026-05-20T09:40:00-04:00,86.74,86.795,86.45,86.67,32944.0
2026-05-20T09:45:00-04:00,86.63,87.087799,86.63,86.89,9979.0
2026-05-20T09:50:00-04:00,86.97,87.15,86.746,86.87,16574.0
2026-05-20T09:55:00-04:00,86.915,86.95,86.7302,86.925,8598.0
2026-05-20T10:00:00-04:00,87.010002,87.245,87.010002,87.12,6378.0
2026-05-20T10:05:00-04:00,86.99,87.069901,86.63,86.63,13315.0
2026-05-20T10:10:00-04:00,86.63,86.905,86.13,86.8,24073.0
2026-05-20T10:15:00-04:00,86.68,88.14,86.68,87.7,12135.0
2026-05-20T10:20:00-04:00,88.0,88.44,88.0,88.044998,19502.0
2026-05-20T10:25:00-04:00,88.040001,88.25,87.91,88.059998,9536.0
2026-05-20T10:30:00-04:00,88.0,88.59,88.0,88.59,111788.0
2026-05-20T10:35:00-04:00,88.51,88.51,88.19,88.21,19839.0
2026-05-20T10:40:00-04:00,88.17,88.28,88.07,88.07,40866.0
2026-05-20T10:45:00-04:00,88.18,88.23,88.010002,88.029999,17130.0
2026-05-20T10:50:00-04:00,88.1399,88.3762,88.080002,88.3599,11507.0
2026-05-20T10:55:00-04:00,88.29,88.6675,88.29,88.5,13155.0
2026-05-20T11:00:00-04:00,88.43,88.76,88.43,88.54,9483.0
2026-05-20T11:05:00-04:00,88.47,88.59,88.31,88.35,6104.0
2026-05-20T11:10:00-04:00,88.345,88.5,88.16,88.48,12719.0
2026-05-20T11:15:00-04:00,88.57,89.815,88.57,89.235,21743.0
2026-05-20T11:20:00-04:00,89.32,89.34,89.15,89.17,5551.0
2026-05-20T11:25:00-04:00,89.080002,89.2299,88.96,88.96,14610.0
2026-05-20T11:30:00-04:00,89.089996,89.13,88.985,89.12,4847.0
2026-05-20T11:35:00-04:00,89.12,89.23,89.099998,89.15,19868.0
2026-05-20T11:40:00-04:00,89.18,89.34,89.078903,89.31,37586.0
2026-05-20T11:45:00-04:00,89.265,89.37,89.22,89.28,16961.0
2026-05-20T11:50:00-04:00,89.45,89.45,89.17,89.19,6785.0
2026-05-20T11:55:00-04:00,89.205,89.25,88.92,89.105,14975.0
2026-05-20T12:00:00-04:00,89.15,89.3236,89.15,89.32,11513.0
2026-05-20T12:05:00-04:00,89.385,89.59,89.385,89.59,7516.0
2026-05-20T12:10:00-04:00,89.58,89.65,89.5261,89.55,10759.0
2026-05-20T12:15:00-04:00,89.52,89.54,89.355,89.38,11390.0
2026-05-20T12:20:00-04:00,89.25,89.3658,89.175,89.175,2447.0
2026-05-20T12:25:00-04:00,89.17,89.25,89.105,89.17,7464.0
2026-05-20T12:30:00-04:00,89.21,89.3525,89.17,89.17,4821.0
2026-05-20T12:35:00-04:00,89.17,89.22,89.099998,89.155,5215.0
2026-05-20T12:40:00-04:00,89.07,89.31,89.07,89.24,8226.0
2026-05-20T12:45:00-04:00,89.26,89.3,89.15,89.27,5452.0
2026-05-20T12:50:00-04:00,89.3,89.4375,89.3,89.4375,5745.0
2026-05-20T12:55:00-04:00,89.43,89.43,89.25,89.385,7395.0
2026-05-20T13:00:00-04:00,89.3,89.53,89.28,89.35,7247.0
2026-05-20T13:05:00-04:00,89.345,89.52,89.31,89.52,4244.0
2026-05-20T13:10:00-04:00,89.52,89.8,89.515,89.62,17848.0
2026-05-20T13:15:00-04:00,89.59,89.62,89.44,89.49,1134.0
2026-05-20T13:20:00-04:00,89.51,89.51,89.4,89.43,5659.0
2026-05-20T13:25:00-04:00,89.39,89.47,89.39,89.46,3488.0
2026-05-20T13:30:00-04:00,89.52,89.52,89.4,89.52,4275.0
2026-05-20T13:35:00-04:00,89.52,89.68,89.5,89.5,17638.0
2026-05-20T13:40:00-04:00,89.46,89.46,89.27,89.28,2526.0
2026-05-20T13:45:00-04:00,89.34,89.41,89.34,89.36,789.0
2026-05-20T13:50:00-04:00,89.39,89.44,89.3834,89.405,5445.0
2026-05-20T13:55:00-04:00,89.34,89.4,89.22,89.37,4334.0
2026-05-20T14:00:00-04:00,89.43,89.51,89.375,89.51,4140.0
2026-05-20T14:05:00-04:00,89.495,89.6,89.49,89.6,1606.0
2026-05-20T14:10:00-04:00,89.63,89.68,89.505,89.505,2882.0
2026-05-20T14:15:00-04:00,89.5,89.66,89.5,89.64,3878.0
2026-05-20T14:20:00-04:00,89.58,89.63,89.51,89.52,7522.0
2026-05-20T14:25:00-04:00,89.55,89.68,89.54,89.645,3323.0
2026-05-20T14:30:00-04:00,89.64,89.659,89.55,89.63,2967.0
2026-05-20T14:35:00-04:00,89.65,89.7,89.61,89.68,1656.0
2026-05-20T14:40:00-04:00,89.63,89.68,89.5886,89.647,9405.0
2026-05-20T14:45:00-04:00,89.61,89.62,89.49,89.5799,7122.0
2026-05-20T14:50:00-04:00,89.52,89.54,89.415,89.48,6815.0
2026-05-20T14:55:00-04:00,89.44,89.44,89.32,89.41,6434.0
2026-05-20T15:00:00-04:00,89.43,89.72,89.42,89.42,19153.0
2026-05-20T15:05:00-04:00,89.42,89.47,89.24,89.24,13997.0
2026-05-20T15:10:00-04:00,89.24,89.36,89.205,89.35,11614.0
2026-05-20T15:15:00-04:00,89.325,89.41,89.23,89.41,18456.0
2026-05-20T15:20:00-04:00,89.41,89.43,89.28,89.31,12936.0
2026-05-20T15:25:00-04:00,89.32,89.37,89.235,89.27,25051.0
2026-05-20T15:30:00-04:00,89.27,89.37,89.24,89.35,38537.0
2026-05-20T15:35:00-04:00,89.355,89.465,89.32,89.395,17922.0
2026-05-20T15:40:00-04:00,89.375,89.46,89.34,89.34,17401.0
2026-05-20T15:45:00-04:00,89.37,89.38,89.27,89.27,19152.0
2026-05-20T15:50:00-04:00,89.28,89.305,89.21,89.24,41209.0
2026-05-20T15:55:00-04:00,89.24,89.58,89.18,89.51,151247.0
2026-05-21T09:30:00-04:00,87.74,88.0,87.099998,87.8608,92987.0
2026-05-21T09:35:00-04:00,87.79,88.059998,87.6236,87.75,12627.0
2026-05-21T09:40:00-04:00,87.8292,87.92,87.65,87.84,4678.0
2026-05-21T09:45:00-04:00,87.88,88.4963,87.88,88.35,33703.0
2026-05-21T09:50:00-04:00,88.25,89.089996,88.22,89.089996,27054.0
2026-05-21T09:55:00-04:00,88.96,88.96,88.62,88.675,7974.0
2026-05-21T10:00:00-04:00,88.7,88.8,88.31,88.31,2452.0
2026-05-21T10:05:00-04:00,88.42,88.47,88.28,88.39,3540.0
2026-05-21T10:10:00-04:00,88.36,88.38,88.17,88.21,9462.0
2026-05-21T10:15:00-04:00,88.050003,88.050003,87.54,87.9551,5392.0
2026-05-21T10:20:00-04:00,87.78,87.985,87.75,87.905,14713.0
2026-05-21T10:25:00-04:00,88.010002,88.029999,87.94,87.95,2162.0
2026-05-21T10:30:00-04:00,87.97,88.135,87.97,88.050003,4801.0
2026-05-21T10:35:00-04:00,88.050003,88.33,88.050003,88.33,10275.0
2026-05-21T10:40:00-04:00,88.17,88.17,87.97,88.055,2283.0
2026-05-21T10:45:00-04:00,88.099998,88.15,87.85,87.92,11429.0
2026-05-21T10:50:00-04:00,87.87,87.98,87.74,87.98,6756.0
2026-05-21T10:55:00-04:00,88.010002,88.080101,87.95,88.080002,4255.0
2026-05-21T11:00:00-04:00,87.99,88.15,87.97,88.035004,2278.0
2026-05-21T11:05:00-04:00,88.0,88.0,87.7,87.845,7795.0
2026-05-21T11:10:00-04:00,87.79,88.34,87.7,88.12,8853.0
2026-05-21T11:15:00-04:00,88.11,88.11,88.040001,88.089996,1541.0
2026-05-21T11:20:00-04:00,88.092751,88.125,88.065002,88.080002,2072.0
2026-05-21T11:25:00-04:00,88.019997,88.17,87.95,88.17,4179.0
2026-05-21T11:30:00-04:00,88.099998,88.19,88.010002,88.13,34676.0
2026-05-21T11:35:00-04:00,88.080002,88.245,88.059998,88.15,4003.0
2026-05-21T11:40:00-04:00,88.16,88.16,88.115,88.13,4007.0
2026-05-21T11:45:00-04:00,88.14,88.19,87.93,88.019997,5645.0
2026-05-21T11:50:00-04:00,88.0,88.019997,87.92,87.99,6723.0
2026-05-21T11:55:00-04:00,87.95,88.073898,87.935,88.0,7375.0
2026-05-21T12:00:00-04:00,87.97,88.34,87.97,88.295,8352.0
2026-05-21T12:05:00-04:00,88.31,88.41,88.2301,88.35,2282.0
2026-05-21T12:10:00-04:00,88.23,88.395,88.15,88.395,5441.0
2026-05-21T12:15:00-04:00,88.3651,88.4,88.36,88.36,805.0
2026-05-21T12:20:00-04:00,88.49,88.49,88.39,88.44,1362.0
2026-05-21T12:25:00-04:00,88.34,88.36,88.33,88.34,1347.0
2026-05-21T12:30:00-04:00,88.33,88.345,88.31,88.325,913.0
2026-05-21T12:35:00-04:00,88.325,88.368,88.255,88.3175,2918.0
2026-05-21T12:40:00-04:00,88.32,88.3968,88.27,88.3,1315.0
2026-05-21T12:45:00-04:00,88.34,88.355,88.25,88.25,3381.0
2026-05-21T12:50:00-04:00,88.285,88.32,88.11,88.32,3394.0
2026-05-21T12:55:00-04:00,88.2957,88.315,88.275,88.275,892.0
2026-05-21T13:00:00-04:00,88.4,88.46,88.36,88.36,3295.0
2026-05-21T13:05:00-04:00,88.31,88.4699,88.31,88.365,3003.0
2026-05-21T13:10:00-04:00,88.43,88.86,88.42,88.65,6110.0
2026-05-21T13:15:00-04:00,88.735,89.43,88.72,89.43,28194.0
2026-05-21T13:20:00-04:00,89.48,89.92,89.25,89.5,23089.0
2026-05-21T13:25:00-04:00,89.505,89.74,89.47,89.67,14808.0
2026-05-21T13:30:00-04:00,89.73,89.875,89.65,89.75,7429.0
2026-05-21T13:35:00-04:00,89.79,89.93,89.705,89.735,4686.0
2026-05-21T13:40:00-04:00,89.76,90.014999,89.76,90.014999,6171.0
2026-05-21T13:45:00-04:00,90.014999,90.21,89.885,90.21,9530.0
2026-05-21T13:50:00-04:00,90.28,90.795,90.265,90.795,11466.0
2026-05-21T13:55:00-04:00,90.8075,90.945,90.48,90.485,21651.0
2026-05-21T14:00:00-04:00,90.555,90.715,90.42,90.465,11210.0
2026-05-21T14:05:00-04:00,90.46,90.555,90.43,90.535,5405.0
2026-05-21T14:10:00-04:00,90.59,90.59,90.365,90.5199,11552.0
2026-05-21T14:15:00-04:00,90.43,90.53,90.36,90.49,5117.0
2026-05-21T14:20:00-04:00,90.51,90.64,90.35,90.58,10316.0
2026-05-21T14:25:00-04:00,90.595,90.61,90.39,90.54,3937.0
2026-05-21T14:30:00-04:00,90.49,90.52,90.19,90.19,7278.0
2026-05-21T14:35:00-04:00,90.23,90.23,90.11,90.115,4117.0
2026-05-21T14:40:00-04:00,90.115,90.16,90.089996,90.125,6409.0
2026-05-21T14:45:00-04:00,90.16,90.16,89.76,89.83,15342.0
2026-05-21T14:50:00-04:00,89.83,89.885,89.21,89.21,7961.0
2026-05-21T14:55:00-04:00,89.24,89.37,89.15,89.37,10243.0
2026-05-21T15:00:00-04:00,89.41,89.64,89.39,89.6,7757.0
2026-05-21T15:05:00-04:00,89.595,89.595,89.325,89.51,6008.0
2026-05-21T15:10:00-04:00,89.55,89.67,89.46,89.67,5517.0
2026-05-21T15:15:00-04:00,89.67,89.745,89.59,89.6,4465.0
2026-05-21T15:20:00-04:00,89.615,89.615,89.41,89.41,3951.0
2026-05-21T15:25:00-04:00,89.415,89.49,89.365,89.455,5379.0
2026-05-21T15:30:00-04:00,89.46,89.54,89.34,89.375,5346.0
2026-05-21T15:35:00-04:00,89.38,89.52,89.38,89.485,9427.0
2026-05-21T15:40:00-04:00,89.485,89.57,89.39,89.45,12750.0
2026-05-21T15:45:00-04:00,89.43,89.56,89.4,89.47,6526.0
2026-05-21T15:50:00-04:00,89.5,89.55,89.165,89.22,12555.0
2026-05-21T15:55:00-04:00,89.345,89.54,89.245,89.33,42618.0
2026-05-22T09:30:00-04:00,89.050003,89.050003,87.94,88.14,48378.0
2026-05-22T09:35:00-04:00,88.13,88.235,87.84,87.97,9212.0
2026-05-22T09:40:00-04:00,87.85,87.9,87.52,87.78,15835.0
2026-05-22T09:45:00-04:00,87.785,88.0,87.42,87.42,11174.0
2026-05-22T09:50:00-04:00,87.43,87.7,87.275,87.65,10058.0
2026-05-22T09:55:00-04:00,87.7,87.715,87.25,87.43,22243.0
2026-05-22T10:00:00-04:00,87.3,87.47,86.87,87.42,21587.0
2026-05-22T10:05:00-04:00,87.375,87.4785,87.099998,87.37,21704.0
2026-05-22T10:10:00-04:00,87.37,87.42,86.93,86.935,80254.0
2026-05-22T10:15:00-04:00,86.98,87.15,86.8,86.8219,11977.0
2026-05-22T10:20:00-04:00,86.95,87.080002,86.72,86.79,9855.0
2026-05-22T10:25:00-04:00,86.82,87.029999,86.78,86.9999,5865.0
2026-05-22T10:30:00-04:00,87.019997,87.16,86.92,87.070099,8005.0
2026-05-22T10:35:00-04:00,87.135,87.28,87.050003,87.084999,4622.0
2026-05-22T10:40:00-04:00,87.15,87.33,87.14,87.33,7810.0
2026-05-22T10:45:00-04:00,87.26,87.4,87.26,87.35,9431.0
2026-05-22T10:50:00-04:00,87.325,87.38,87.19,87.285,10685.0
2026-05-22T10:55:00-04:00,87.18,87.26,87.080002,87.2,5968.0
2026-05-22T11:00:00-04:00,87.14,87.355,87.080002,87.355,5308.0
2026-05-22T11:05:00-04:00,87.4,87.57,87.4,87.44,7754.0
2026-05-22T11:10:00-04:00,87.58,87.58,87.5,87.57,8392.0
2026-05-22T11:15:00-04:00,87.6,87.76,87.55,87.72,7040.0
2026-05-22T11:20:00-04:00,87.72,87.99,87.7,87.95,20472.0
2026-05-22T11:25:00-04:00,87.92,88.07,87.89,88.010002,7673.0
2026-05-22T11:30:00-04:00,88.032501,88.16,87.9301,88.059998,3876.0
2026-05-22T11:35:00-04:00,88.0,88.040001,87.87,87.97,2498.0
2026-05-22T11:40:00-04:00,88.01,88.035004,87.87,87.8723,2920.0
2026-05-22T11:45:00-04:00,87.9,88.025002,87.85,87.86,34006.0
2026-05-22T11:50:00-04:00,87.935,88.175,87.87,88.175,2330.0
2026-05-22T11:55:00-04:00,88.165,88.175,88.099998,88.099998,1134.0
2026-05-22T12:00:00-04:00,88.099998,88.22,88.029999,88.185,4147.0
2026-05-22T12:05:00-04:00,88.1847,88.195,88.11,88.115,1766.0
2026-05-22T12:10:00-04:00,88.15,88.205,88.11,88.205,1992.0
2026-05-22T12:15:00-04:00,88.17,88.17,88.0,88.155,4861.0
2026-05-22T12:20:00-04:00,88.16,88.31,88.15,88.24,3617.0
2026-05-22T12:25:00-04:00,88.27,88.55,88.27,88.47,6592.0
2026-05-22T12:30:00-04:00,88.535,88.6,88.39,88.39,5662.0
2026-05-22T12:35:00-04:00,88.4,88.48,88.37,88.425,4208.0
2026-05-22T12:40:00-04:00,88.455,88.52,88.35,88.35,3624.0
2026-05-22T12:45:00-04:00,88.4,88.48,88.36,88.4325,1288.0
2026-05-22T12:50:00-04:00,88.38,88.39,88.31,88.32,891.0
2026-05-22T12:55:00-04:00,88.35,88.56,88.2,88.56,4110.0
2026-05-22T13:00:00-04:00,88.55,88.69,88.55,88.625,5138.0
2026-05-22T13:05:00-04:00,88.69,88.73,88.65,88.73,1750.0
2026-05-22T13:10:00-04:00,88.72,88.76,88.66,88.695,15683.0
2026-05-22T13:15:00-04:00,88.67,88.67,88.48,88.48,8700.0
2026-05-22T13:20:00-04:00,88.47,88.57,88.47,88.555,2886.0
2026-05-22T13:25:00-04:00,88.55,88.99,88.55,88.99,7377.0
2026-05-22T13:30:00-04:00,88.99,89.0,88.67,88.7233,10929.0
2026-05-22T13:35:00-04:00,88.735,89.0049973,88.735,89.0049973,8871.0
2026-05-22T13:40:00-04:00,89.0,89.049004,88.9775,88.9775,3365.0
2026-05-22T13:45:00-04:00,88.98,88.98,88.85,88.91,1494.0
2026-05-22T13:50:00-04:00,88.884,88.905,88.79,88.79,8429.0
2026-05-22T13:55:00-04:00,88.815,88.8151,88.77,88.795,1575.0
2026-05-22T14:00:00-04:00,88.77,88.83,88.57,88.6901,26050.0
2026-05-22T14:05:00-04:00,88.69,88.83,88.69,88.69,4338.0
2026-05-22T14:10:00-04:00,88.68,88.84,88.665,88.805,3320.0
2026-05-22T14:15:00-04:00,88.8787,88.9312,88.83,88.855,8420.0
2026-05-22T14:20:00-04:00,88.82,88.845,88.795,88.845,1222.0
2026-05-22T14:25:00-04:00,88.795,88.85,88.76,88.76,879.0
2026-05-22T14:30:00-04:00,88.85,88.9,88.8,88.86,1686.0
2026-05-22T14:35:00-04:00,88.85,88.94,88.81,88.91,12064.0
2026-05-22T14:40:00-04:00,88.9,88.9,88.77,88.79,2072.0
2026-05-22T14:45:00-04:00,88.76,88.77,88.69,88.72,1280.0
2026-05-22T14:50:00-04:00,88.66,88.72,88.65,88.675,3761.0
2026-05-22T14:55:00-04:00,88.64,88.64,88.56,88.61,3817.0
2026-05-22T15:00:00-04:00,88.56,88.66,88.48,88.53,7110.0
2026-05-22T15:05:00-04:00,88.53,88.53,88.44,88.44,714.0
2026-05-22T15:10:00-04:00,88.52,88.5275,88.4,88.4,1361.0
2026-05-22T15:15:00-04:00,88.355,88.4,88.34,88.36,3009.0
2026-05-22T15:20:00-04:00,88.31,88.345,88.235,88.25,3850.0
2026-05-22T15:25:00-04:00,88.22,88.3,88.07,88.125,5221.0
2026-05-22T15:30:00-04:00,88.099998,88.265,88.073799,88.225,5494.0
2026-05-22T15:35:00-04:00,88.225,88.23,88.1403,88.1403,6377.0
2026-05-22T15:40:00-04:00,88.1416,88.1416,88.010002,88.044998,12674.0
2026-05-22T15:45:00-04:00,88.029999,88.040001,87.93,87.93,9655.0
2026-05-22T15:50:00-04:00,87.93,88.065002,87.885,87.95,14900.0
2026-05-22T15:55:00-04:00,88.0,88.125,87.96,88.11,58714.0
2026-05-26T09:30:00-04:00,89.91,91.0,89.6801,90.099998,87960.0
2026-05-26T09:35:00-04:00,90.089996,90.34,89.62,89.99,13588.0
2026-05-26T09:40:00-04:00,90.089996,90.64,89.9778,89.9778,26438.0
2026-05-26T09:45:00-04:00,90.13,90.51,90.099998,90.185,22110.0
2026-05-26T09:50:00-04:00,90.16,90.23,89.68,90.089996,13988.0
2026-05-26T09:55:00-04:00,90.19,90.34,89.955,90.065002,10253.0
2026-05-26T10:00:00-04:00,90.34,90.6199,90.17,90.6199,30891.0
2026-05-26T10:05:00-04:00,90.52,90.675,90.41,90.55,9697.0
2026-05-26T10:10:00-04:00,90.59,90.72,90.5101,90.68,59540.0
2026-05-26T10:15:00-04:00,90.67,90.87,90.61,90.6825,4706.0
2026-05-26T10:20:00-04:00,90.78,90.8,90.65,90.6703,8945.0
2026-05-26T10:25:00-04:00,90.5901,90.7099,90.34,90.475,3704.0
2026-05-26T10:30:00-04:00,90.475,90.56,90.37,90.49,4990.0
2026-05-26T10:35:00-04:00,90.49,90.78,90.49,90.5,12790.0
2026-05-26T10:40:00-04:00,90.59,90.78,90.59,90.69,7507.0
2026-05-26T10:45:00-04:00,90.5,90.6,90.44,90.52,2214.0
2026-05-26T10:50:00-04:00,90.46,90.495,90.21,90.265,5021.0
2026-05-26T10:55:00-04:00,90.18,90.2,90.0,90.2,10067.0
2026-05-26T11:00:00-04:00,90.195,90.195,89.94,90.085098,4152.0
2026-05-26T11:05:00-04:00,89.95,90.29,89.95,90.29,5619.0
2026-05-26T11:10:00-04:00,90.2,90.4,90.040001,90.21,10648.0
2026-05-26T11:15:00-04:00,90.17,90.17,89.96,89.995,4249.0
2026-05-26T11:20:00-04:00,90.059998,90.059998,89.95,90.010002,16158.0
2026-05-26T11:25:00-04:00,89.97,90.0,89.8,89.8,8967.0
2026-05-26T11:30:00-04:00,89.8498,89.85,89.69,89.8,5387.0
2026-05-26T11:35:00-04:00,89.94,90.059898,89.915,90.059898,3334.0
2026-05-26T11:40:00-04:00,90.089996,90.225,90.089996,90.2,4165.0
2026-05-26T11:45:00-04:00,90.15,90.44,90.11,90.44,30936.0
2026-05-26T11:50:00-04:00,90.39,90.47,90.28,90.28,9513.0
2026-05-26T11:55:00-04:00,90.2701,90.31,90.19,90.25,2966.0
2026-05-26T12:00:00-04:00,90.37,90.44,90.335,90.35,4121.0
2026-05-26T12:05:00-04:00,90.4,90.43,90.26,90.41,7464.0
2026-05-26T12:10:00-04:00,90.39,90.54,90.35,90.47,6438.0
2026-05-26T12:15:00-04:00,90.4838,90.65,90.36,90.5825,1986.0
2026-05-26T12:20:00-04:00,90.58,90.7,90.51,90.66,8146.0
2026-05-26T12:25:00-04:00,90.72,91.17,90.72,91.050003,19252.0
2026-05-26T12:30:00-04:00,91.0,91.325,91.0,91.13,26687.0
2026-05-26T12:35:00-04:00,91.14,91.14,90.905,90.96,3433.0
2026-05-26T12:40:00-04:00,90.91,91.019897,90.8901,90.99,4517.0
2026-05-26T12:45:00-04:00,90.93,90.94,90.8,90.82,4834.0
2026-05-26T12:50:00-04:00,90.8094,90.9067,90.78,90.8633,4347.0
2026-05-26T12:55:00-04:00,90.86,90.885,90.75,90.75,4202.0
2026-05-26T13:00:00-04:00,90.75,90.955,90.75,90.92,5070.0
2026-05-26T13:05:00-04:00,90.9351,90.97,90.8501,90.8501,3369.0
2026-05-26T13:10:00-04:00,90.92,90.96,90.85,90.96,2186.0
2026-05-26T13:15:00-04:00,91.019997,91.11,91.0,91.059998,3115.0
2026-05-26T13:20:00-04:00,91.21,91.3,91.21,91.24,3635.0
2026-05-26T13:25:00-04:00,91.27,91.3,91.17,91.17,3907.0
2026-05-26T13:30:00-04:00,91.16,91.245,91.029999,91.245,3161.0
2026-05-26T13:35:00-04:00,91.13,91.145,91.13,91.14,921.0
2026-05-26T13:40:00-04:00,91.11,91.16,91.010002,91.066498,4791.0
2026-05-26T13:45:00-04:00,91.099998,91.16,91.080002,91.12,3096.0
2026-05-26T13:50:00-04:00,91.099998,91.19,91.050003,91.065002,3376.0
2026-05-26T13:55:00-04:00,91.065002,91.065002,90.8701,90.8701,3713.0
2026-05-26T14:00:00-04:00,90.865,90.93,90.755,90.86,9174.0
2026-05-26T14:05:00-04:00,90.92,90.92,90.73,90.83,61664.0
2026-05-26T14:10:00-04:00,90.8417,90.86,90.66,90.66,4958.0
2026-05-26T14:15:00-04:00,90.71,90.77,90.63,90.755,4247.0
2026-05-26T14:20:00-04:00,90.76,90.76,90.61,90.61,4080.0
2026-05-26T14:25:00-04:00,90.61,90.7478,90.61,90.6839,5555.0
2026-05-26T14:30:00-04:00,90.675,90.83,90.675,90.83,2362.0
2026-05-26T14:35:00-04:00,90.8,90.8,90.67,90.73,10692.0
2026-05-26T14:40:00-04:00,90.725,90.725,90.65,90.665,4787.0
2026-05-26T14:45:00-04:00,90.675,90.755,90.64,90.72,3085.0
2026-05-26T14:50:00-04:00,90.74,90.88,90.74,90.83,2031.0
2026-05-26T14:55:00-04:00,90.835,90.94,90.82,90.835,5356.0
2026-05-26T15:00:00-04:00,90.83,91.029999,90.79,90.915,8433.0
2026-05-26T15:05:00-04:00,90.94,90.99,90.81,90.83,4396.0
2026-05-26T15:10:00-04:00,90.86,90.87,90.72,90.79,5159.0
2026-05-26T15:15:00-04:00,90.79,90.97,90.745,90.89,11223.0
2026-05-26T15:20:00-04:00,90.83,91.010002,90.83,90.97,10239.0
2026-05-26T15:25:00-04:00,90.95,90.97,90.83,90.865,17651.0
2026-05-26T15:30:00-04:00,90.855,90.93,90.845,90.91,11783.0
2026-05-26T15:35:00-04:00,90.95,90.99,90.9235,90.96,6574.0
2026-05-26T15:40:00-04:00,90.94,91.074997,90.93,91.035004,27827.0
2026-05-26T15:45:00-04:00,91.029999,91.12,91.019997,91.029999,14471.0
2026-05-26T15:50:00-04:00,91.040001,91.13,90.96,91.089996,27021.0
2026-05-26T15:55:00-04:00,91.099998,91.32,91.089996,91.21,78807.0
2026-05-27T09:30:00-04:00,88.32,89.98,88.24,89.8,133916.0
2026-05-27T09:35:00-04:00,89.79,90.18,89.12,89.22,14011.0
2026-05-27T09:40:00-04:00,89.080002,89.24,88.915,88.99,8916.0
2026-05-27T09:45:00-04:00,89.025002,89.19,88.78,88.81,7258.0
2026-05-27T09:50:00-04:00,88.78,89.35,88.77,89.25,15306.0
2026-05-27T09:55:00-04:00,89.245,89.32,88.97,89.26,6550.0
2026-05-27T10:00:00-04:00,89.45,89.52,89.14,89.36,12670.0
2026-05-27T10:05:00-04:00,89.36,89.49,89.16,89.265,8940.0
2026-05-27T10:10:00-04:00,89.44,89.63,89.44,89.51,2661.0
2026-05-27T10:15:00-04:00,89.475,89.6017,89.29,89.55,10144.0
2026-05-27T10:20:00-04:00,89.59,89.68,89.34,89.34,9345.0
2026-05-27T10:25:00-04:00,89.25,89.25,88.9409,89.17,6896.0
2026-05-27T10:30:00-04:00,89.2,89.39,88.95,89.13,35076.0
2026-05-27T10:35:00-04:00,89.035004,89.3,89.035004,89.3,5580.0
2026-05-27T10:40:00-04:00,89.27,89.36,89.07,89.285,10779.0
2026-05-27T10:45:00-04:00,89.28,89.52,89.235,89.32,3127.0
2026-05-27T10:50:00-04:00,89.19,89.41,89.19,89.35,2303.0
2026-05-27T10:55:00-04:00,89.2901,89.335,89.073997,89.11,4137.0
2026-05-27T11:00:00-04:00,89.050003,89.49,88.99,89.49,57872.0
2026-05-27T11:05:00-04:00,89.36,89.47,89.31,89.325,14075.0
2026-05-27T11:10:00-04:00,89.43,89.71,89.43,89.71,8451.0
2026-05-27T11:15:00-04:00,89.65,89.94,89.44,89.94,16851.0
2026-05-27T11:20:00-04:00,89.9,90.0,89.76,89.93,10391.0
2026-05-27T11:25:00-04:00,89.92,89.95,89.82,89.95,3433.0
2026-05-27T11:30:00-04:00,90.010002,90.124,89.91,89.99,12576.0
2026-05-27T11:35:00-04:00,89.99,90.010002,89.84,89.94,18922.0
2026-05-27T11:40:00-04:00,89.98,90.049896,89.81,89.81,19827.0
2026-05-27T11:45:00-04:00,89.78,89.84,89.405,89.495,5283.0
2026-05-27T11:50:00-04:00,89.38,89.47,89.26,89.47,2993.0
2026-05-27T11:55:00-04:00,89.39,89.52,89.385,89.51,2233.0
2026-05-27T12:00:00-04:00,89.4999,89.56,89.41,89.52,5370.0
2026-05-27T12:05:00-04:00,89.46,89.46,89.09,89.17,4664.0
2026-05-27T12:10:00-04:00,89.19,89.33,89.19,89.215,5733.0
2026-05-27T12:15:00-04:00,89.1792,89.225,89.099998,89.184,4638.0
2026-05-27T12:20:00-04:00,89.19,89.48,89.19,89.44,11523.0
2026-05-27T12:25:00-04:00,89.45,89.555,89.45,89.52,37246.0
2026-05-27T12:30:00-04:00,89.48,89.655,89.48,89.655,1874.0
2026-05-27T12:35:00-04:00,89.68,89.7,89.525,89.525,2892.0
2026-05-27T12:40:00-04:00,89.47,89.615,89.455,89.58,4364.0
2026-05-27T12:45:00-04:00,89.63,89.84,89.58,89.84,3308.0
2026-05-27T12:50:00-04:00,89.93,89.93,89.68,89.68,3189.0
2026-05-27T12:55:00-04:00,89.615,89.68,89.58,89.68,2813.0
2026-05-27T13:00:00-04:00,89.67,89.8,89.57,89.57,6433.0
2026-05-27T13:05:00-04:00,89.535,89.59,89.2,89.21,13208.0
2026-05-27T13:10:00-04:00,89.2,89.28,89.15,89.255,4569.0
2026-05-27T13:15:00-04:00,89.285,89.475,89.285,89.475,3381.0
2026-05-27T13:20:00-04:00,89.49,89.69,89.46,89.65,4575.0
2026-05-27T13:25:00-04:00,89.65,89.72,89.62,89.72,2726.0
2026-05-27T13:30:00-04:00,89.71,89.78,89.68,89.78,5475.0
2026-05-27T13:35:00-04:00,89.77,89.78,89.67,89.69,6603.0
2026-05-27T13:40:00-04:00,89.605,89.605,89.6,89.6,848.0
2026-05-27T13:45:00-04:00,89.52,89.525,89.42,89.47,3036.0
2026-05-27T13:50:00-04:00,89.44,89.72,89.425,89.65,4966.0
2026-05-27T13:55:00-04:00,89.6,89.65,89.555,89.555,4924.0
2026-05-27T14:00:00-04:00,89.55,89.6295,89.53,89.53,2610.0
2026-05-27T14:05:00-04:00,89.49,89.6063,89.46,89.5,2959.0
2026-05-27T14:10:00-04:00,89.525,89.5695,89.4801,89.53,2333.0
2026-05-27T14:15:00-04:00,89.54,89.72,89.54,89.68,5318.0
2026-05-27T14:20:00-04:00,89.7,89.78,89.7,89.72,14671.0
2026-05-27T14:25:00-04:00,89.745,89.885,89.7164,89.75,7686.0
2026-05-27T14:30:00-04:00,89.75,89.8299,89.71,89.75,3093.0
2026-05-27T14:35:00-04:00,89.74,89.74,89.65,89.68,4907.0
2026-05-27T14:40:00-04:00,89.7,89.71,89.64,89.64,4221.0
2026-05-27T14:45:00-04:00,89.66,89.71,89.58,89.71,5079.0
2026-05-27T14:50:00-04:00,89.71,89.76,89.66,89.71,4033.0
2026-05-27T14:55:00-04:00,89.67,89.72,89.6,89.72,5313.0
2026-05-27T15:00:00-04:00,89.67,89.73,89.64,89.695,4820.0
2026-05-27T15:05:00-04:00,89.61,89.61,89.5,89.52,3229.0
2026-05-27T15:10:00-04:00,89.53,89.53,89.415,89.435,4153.0
2026-05-27T15:15:00-04:00,89.47,89.52,89.3,89.3,2683.0
2026-05-27T15:20:00-04:00,89.31,89.32,89.2,89.21,22946.0
2026-05-27T15:25:00-04:00,89.122,89.175,89.059998,89.059998,7502.0
2026-05-27T15:30:00-04:00,89.11,89.1399,88.95,88.96,8851.0
2026-05-27T15:35:00-04:00,88.96,89.0,88.87,88.9234,11818.0
2026-05-27T15:40:00-04:00,88.91,89.050003,88.91,88.99,12037.0
2026-05-27T15:45:00-04:00,88.99,89.019997,88.9101,89.019997,21243.0
2026-05-27T15:50:00-04:00,89.0,89.019997,88.81,88.86,20973.0
2026-05-27T15:55:00-04:00,88.88,88.88,88.615,88.75,70976.0
2026-05-28T09:30:00-04:00,87.68,87.87,87.21,87.33,79333.0
2026-05-28T09:35:00-04:00,87.345,87.345,86.8013,86.92,25431.0
2026-05-28T09:40:00-04:00,86.88,87.050003,86.64,86.92,12716.0
2026-05-28T09:45:00-04:00,86.84,87.2,86.69,86.69,10405.0
2026-05-28T09:50:00-04:00,86.5801,86.87,86.52,86.61,10778.0
2026-05-28T09:55:00-04:00,86.69,87.15,86.6,87.15,13179.0
2026-05-28T10:00:00-04:00,87.165,87.23,86.82,86.965,10897.0
2026-05-28T10:05:00-04:00,86.92,87.56,86.82,87.4,9654.0
2026-05-28T10:10:00-04:00,87.36,88.8,87.11,88.62,27457.0
2026-05-28T10:15:00-04:00,88.5,89.2026,88.29,88.99,8631.0
2026-05-28T10:20:00-04:00,88.78,88.98,88.5,88.98,2363.0
2026-05-28T10:25:00-04:00,89.25,89.41,88.8701,89.2442,13845.0
2026-05-28T10:30:00-04:00,89.33,89.74,89.050003,89.050003,10280.0
2026-05-28T10:35:00-04:00,89.16,89.17,88.945,89.050003,3404.0
2026-05-28T10:40:00-04:00,89.27,89.43,89.13,89.28,3458.0
2026-05-28T10:45:00-04:00,89.27,89.64,89.27,89.45,37419.0
2026-05-28T10:50:00-04:00,89.53,89.84,89.4301,89.79,23084.0
2026-05-28T10:55:00-04:00,89.8,89.89,89.62,89.8,7712.0
2026-05-28T11:00:00-04:00,89.91,90.34,89.83,90.18,23290.0
2026-05-28T11:05:00-04:00,90.2,90.265,90.12,90.17,5375.0
2026-05-28T11:10:00-04:00,90.1101,90.18,90.010002,90.010002,11269.0
2026-05-28T11:15:00-04:00,90.019997,90.17,89.82,90.14,8595.0
2026-05-28T11:20:00-04:00,90.14,90.23,89.89,89.955,12038.0
2026-05-28T11:25:00-04:00,89.955,90.029999,89.905,89.94,6526.0
2026-05-28T11:30:00-04:00,89.97,90.3,89.96,90.3,22520.0
2026-05-28T11:35:00-04:00,90.33,90.47,90.21,90.2725,25052.0
2026-05-28T11:40:00-04:00,90.27,90.32,90.15,90.3,5594.0
2026-05-28T11:45:00-04:00,90.37,90.4,90.25,90.33,10368.0
2026-05-28T11:50:00-04:00,90.4,90.8,90.38,90.71,40048.0
2026-05-28T11:55:00-04:00,90.7,91.010002,90.7,90.9,20320.0
2026-05-28T12:00:00-04:00,90.98,90.98,90.53,90.71,11188.0
2026-05-28T12:05:00-04:00,90.825,90.825,90.7,90.79,4845.0
2026-05-28T12:10:00-04:00,90.74,90.9,90.66,90.89,5953.0
2026-05-28T12:15:00-04:00,90.87,91.29,90.815,91.035004,8565.0
2026-05-28T12:20:00-04:00,91.13,91.3,90.87,91.3,4838.0
2026-05-28T12:25:00-04:00,91.23,91.46,91.125,91.405,17314.0
2026-05-28T12:30:00-04:00,91.42,91.725,91.42,91.7,4709.0
2026-05-28T12:35:00-04:00,91.75,91.77,91.57,91.5741,4484.0
2026-05-28T12:40:00-04:00,91.49,91.6637,91.3453,91.6637,2515.0
2026-05-28T12:45:00-04:00,91.755,91.8,91.7,91.725,6640.0
2026-05-28T12:50:00-04:00,91.67,92.18,91.67,91.92,6826.0
2026-05-28T12:55:00-04:00,91.89,92.040001,91.89,92.035004,2210.0
2026-05-28T13:00:00-04:00,92.0,92.014603,91.7601,91.7601,6995.0
2026-05-28T13:05:00-04:00,91.9499,91.9499,91.67,91.6973,6633.0
2026-05-28T13:10:00-04:00,91.81,91.885,91.7823,91.7823,4333.0
2026-05-28T13:15:00-04:00,91.75,91.8,91.71,91.78,4964.0
2026-05-28T13:20:00-04:00,91.7125,91.7125,91.55,91.57,2979.0
2026-05-28T13:25:00-04:00,91.5,91.63,91.4,91.63,7551.0
2026-05-28T13:30:00-04:00,91.58,91.6258,91.48,91.58,4177.0
2026-05-28T13:35:00-04:00,91.51,91.63,91.47,91.63,4593.0
2026-05-28T13:40:00-04:00,91.73,91.745,91.66,91.745,8016.0
2026-05-28T13:45:00-04:00,91.77,91.87,91.755,91.8582,5832.0
2026-05-28T13:50:00-04:00,91.82,91.83,91.74,91.78,4719.0
2026-05-28T13:55:00-04:00,91.73,91.76,91.655,91.76,7362.0
2026-05-28T14:00:00-04:00,91.76,92.0,91.76,91.93,25699.0
2026-05-28T14:05:00-04:00,91.9125,91.95,91.84,91.92,85555.0
2026-05-28T14:10:00-04:00,91.89,91.96,91.835,91.91,36258.0
2026-05-28T14:15:00-04:00,91.915,92.089996,91.915,91.99,12510.0
2026-05-28T14:20:00-04:00,92.009201,92.029999,91.9,91.965,4028.0
2026-05-28T14:25:00-04:00,91.91,91.97,91.86,91.93,7220.0
2026-05-28T14:30:00-04:00,91.945,91.945,91.8565,91.9,3478.0
2026-05-28T14:35:00-04:00,91.93,92.010002,91.86,91.87,8036.0
2026-05-28T14:40:00-04:00,91.79,91.8051,91.73,91.74,2979.0
2026-05-28T14:45:00-04:00,91.72,91.77,91.66,91.725,19554.0
2026-05-28T14:50:00-04:00,91.725,91.785,91.64,91.69,27261.0
2026-05-28T14:55:00-04:00,91.7,91.71,91.62,91.66,29392.0
2026-05-28T15:00:00-04:00,91.67,91.7,91.46,91.47,37307.0
2026-05-28T15:05:00-04:00,91.45,91.57,91.3,91.31,35700.0
2026-05-28T15:10:00-04:00,91.31,91.39,91.19,91.29,29669.0
2026-05-28T15:15:00-04:00,91.25,91.52,91.23,91.4,41260.0
2026-05-28T15:20:00-04:00,91.38,91.56,91.34,91.56,30973.0
2026-05-28T15:25:00-04:00,91.48,91.51,91.4,91.5,29636.0
2026-05-28T15:30:00-04:00,91.52,91.5337,91.39,91.42,41032.0
2026-05-28T15:35:00-04:00,91.41,91.465,91.35,91.38,37095.0
2026-05-28T15:40:00-04:00,91.37,91.43,91.3,91.33,32911.0
2026-05-28T15:45:00-04:00,91.31,91.345,91.145,91.19,58726.0
2026-05-28T15:50:00-04:00,91.2,91.34,91.12,91.3,62749.0
2026-05-28T15:55:00-04:00,91.25,91.255,90.91,91.010002,141752.0
2026-05-29T09:30:00-04:00,91.089996,91.13,90.3305,90.61,53300.0
2026-05-29T09:35:00-04:00,90.64,91.225,90.27,91.18,11473.0
2026-05-29T09:40:00-04:00,91.17808,91.42,91.080002,91.12,10262.0
2026-05-29T09:45:00-04:00,91.044998,91.044998,90.37,90.475,8350.0
2026-05-29T09:50:00-04:00,90.49,90.575,90.099998,90.56,13517.0
2026-05-29T09:55:00-04:00,90.55,90.595,90.38,90.4,13296.0
2026-05-29T10:00:00-04:00,90.45,90.955,90.45,90.7915,8840.0
2026-05-29T10:05:00-04:00,90.84,91.11,90.84,91.0,11816.0
2026-05-29T10:10:00-04:00,90.99,91.035004,90.67,90.67,11748.0
2026-05-29T10:15:00-04:00,90.63,90.81,90.52,90.73,7729.0
2026-05-29T10:20:00-04:00,90.72,90.73,90.44,90.44,7551.0
2026-05-29T10:25:00-04:00,90.4,90.415,90.13,90.315,15558.0
2026-05-29T10:30:00-04:00,90.315,90.48,90.2,90.48,11465.0
2026-05-29T10:35:00-04:00,90.56,90.65,90.26,90.34,12428.0
2026-05-29T10:40:00-04:00,90.2301,90.5099,90.2301,90.43,7213.0
2026-05-29T10:45:00-04:00,90.435,90.69,90.19,90.69,21854.0
2026-05-29T10:50:00-04:00,90.675,91.9,90.675,91.56,34497.0
2026-05-29T10:55:00-04:00,91.75,92.5,91.57,92.235,37782.0
2026-05-29T11:00:00-04:00,92.2275,92.38,92.059998,92.3322,11536.0
2026-05-29T11:05:00-04:00,92.4,93.42,92.19,93.41,48024.0
2026-05-29T11:10:00-04:00,93.39,93.92,93.35,93.65,19031.0
2026-05-29T11:15:00-04:00,93.69,93.705,93.11,93.2,22895.0
2026-05-29T11:20:00-04:00,93.16,93.3,92.92,93.175,9517.0
2026-05-29T11:25:00-04:00,93.13,93.13,92.69,92.82,28511.0
2026-05-29T11:30:00-04:00,92.8,93.14,92.78,92.96,5816.0
2026-05-29T11:35:00-04:00,92.975,92.975,92.66,92.72,13117.0
2026-05-29T11:40:00-04:00,92.64,92.755,92.35,92.45,8947.0
2026-05-29T11:45:00-04:00,92.5407,92.6,92.35,92.45,13558.0
2026-05-29T11:50:00-04:00,92.55,92.62,92.33,92.58,4154.0
2026-05-29T11:55:00-04:00,92.63,92.67,92.51,92.66,20295.0
2026-05-29T12:00:00-04:00,92.6,92.61,92.39,92.39,11253.0
2026-05-29T12:05:00-04:00,92.39,92.39,92.3,92.375,5787.0
2026-05-29T12:10:00-04:00,92.33,92.375,92.2,92.36,19445.0
2026-05-29T12:15:00-04:00,92.4,92.47,92.33,92.37,4050.0
2026-05-29T12:20:00-04:00,92.355,92.42,92.2801,92.36,4744.0
2026-05-29T12:25:00-04:00,92.375,92.39,92.2,92.36,7091.0
2026-05-29T12:30:00-04:00,92.32,92.67,92.23,92.67,22262.0
2026-05-29T12:35:00-04:00,92.6418,92.98,92.55,92.975,75913.0
2026-05-29T12:40:00-04:00,92.98,92.985,92.74,92.74,21765.0
2026-05-29T12:45:00-04:00,92.78,92.79,92.63,92.64,21377.0
2026-05-29T12:50:00-04:00,92.64,92.77,92.53,92.765,26702.0
2026-05-29T12:55:00-04:00,92.765,92.86,92.61,92.82,14132.0
2026-05-29T13:00:00-04:00,92.85,92.94,92.74,92.751,15121.0
2026-05-29T13:05:00-04:00,92.745,92.95,92.67,92.89,9904.0
2026-05-29T13:10:00-04:00,92.89,92.93,92.77,92.87,20415.0
2026-05-29T13:15:00-04:00,92.92,92.99,92.82,92.82,18181.0
2026-05-29T13:20:00-04:00,92.84,92.88,92.62,92.82,18177.0
2026-05-29T13:25:00-04:00,92.82,92.875,92.74,92.86,64161.0
2026-05-29T13:30:00-04:00,92.86,93.019997,92.82,93.019997,19823.0
2026-05-29T13:35:00-04:00,93.025002,93.044998,92.85,92.885,15646.0
2026-05-29T13:40:00-04:00,92.92,92.92,92.78,92.83,24717.0
2026-05-29T13:45:00-04:00,92.85,92.89,92.82,92.88,11234.0
2026-05-29T13:50:00-04:00,92.88,92.9,92.74,92.76,11688.0
2026-05-29T13:55:00-04:00,92.688,92.74,92.59,92.625,9760.0
2026-05-29T14:00:00-04:00,92.72,92.87,92.67,92.85,13782.0
2026-05-29T14:05:00-04:00,92.81,92.96,92.8,92.89,12790.0
2026-05-29T14:10:00-04:00,92.89,92.95,92.8,92.87,13705.0
2026-05-29T14:15:00-04:00,92.91,92.9437,92.77,92.92,21201.0
2026-05-29T14:20:00-04:00,92.92,93.029999,92.87,93.0,30339.0
2026-05-29T14:25:00-04:00,93.010002,93.080002,92.95,92.98,53951.0
2026-05-29T14:30:00-04:00,92.995,93.07,92.915,93.059998,13049.0
2026-05-29T14:35:00-04:00,93.065002,93.11,92.99,93.055,21830.0
2026-05-29T14:40:00-04:00,93.055,93.055,92.88,92.88,12647.0
2026-05-29T14:45:00-04:00,92.91,92.91,92.62,92.81,31647.0
2026-05-29T14:50:00-04:00,92.82,92.96,92.74,92.79,32397.0
2026-05-29T14:55:00-04:00,92.765,92.8,92.62,92.655,19390.0
2026-05-29T15:00:00-04:00,92.7,92.82,92.62,92.805,26214.0
2026-05-29T15:05:00-04:00,92.77,93.050003,92.77,93.050003,29681.0
2026-05-29T15:10:00-04:00,93.059998,93.32,93.040001,93.3,28395.0
2026-05-29T15:15:00-04:00,93.3,93.3,93.040001,93.185,24920.0
2026-05-29T15:20:00-04:00,93.175,93.27,93.13,93.24,54065.0
2026-05-29T15:25:00-04:00,93.25,93.315,93.17,93.29,24577.0
2026-05-29T15:30:00-04:00,93.31,93.315,93.17,93.185,22184.0
2026-05-29T15:35:00-04:00,93.21,93.23,93.11,93.12,28828.0
2026-05-29T15:40:00-04:00,93.15,93.15,93.010002,93.099998,31287.0
2026-05-29T15:45:00-04:00,93.099998,93.1299,93.029999,93.080002,58534.0
2026-05-29T15:50:00-04:00,93.059998,93.4799,93.059998,93.435,68404.0
2026-05-29T15:55:00-04:00,93.46,93.79,93.44,93.57,184754.0
2026-06-01T09:30:00-04:00,91.34,91.3936,90.089996,90.1447,61736.0
2026-06-01T09:35:00-04:00,90.15,91.098503,90.099998,90.58,36122.0
2026-06-01T09:40:00-04:00,90.58,91.135,90.44,90.99,16043.0
2026-06-01T09:45:00-04:00,90.8,91.019997,90.34,90.34,30984.0
2026-06-01T09:50:00-04:00,90.5,90.55,89.84,90.080002,31974.0
2026-06-01T09:55:00-04:00,90.12,90.14,89.76,89.955,9307.0
2026-06-01T10:00:00-04:00,89.93,89.99,89.76,89.865,13141.0
2026-06-01T10:05:00-04:00,89.86,90.43,89.8001,90.42,7588.0
2026-06-01T10:10:00-04:00,90.38,90.59,90.38,90.39,6283.0
2026-06-01T10:15:00-04:00,90.315,90.5,90.019997,90.019997,21829.0
2026-06-01T10:20:00-04:00,90.084999,90.21,90.059799,90.080002,4783.0
2026-06-01T10:25:00-04:00,90.125,90.125,89.85,89.945,8642.0
2026-06-01T10:30:00-04:00,89.935,90.2,89.9,89.92,6004.0
2026-06-01T10:35:00-04:00,90.0,90.0,89.7,89.85,4331.0
2026-06-01T10:40:00-04:00,89.8613,89.95,89.315,89.315,28829.0
2026-06-01T10:45:00-04:00,89.34,89.5,88.83,88.995,12339.0
2026-06-01T10:50:00-04:00,88.86,89.050003,88.66,88.93,23258.0
2026-06-01T10:55:00-04:00,89.07,89.15,88.92,89.040001,4068.0
2026-06-01T11:00:00-04:00,89.07,89.3,89.07,89.3,4499.0
2026-06-01T11:05:00-04:00,89.27,89.85,89.21,89.7843,4333.0
2026-06-01T11:10:00-04:00,89.78,90.12,89.72,90.080002,8745.0
2026-06-01T11:15:00-04:00,90.019997,90.19,89.9483,90.19,6420.0
2026-06-01T11:20:00-04:00,90.465,90.55,90.43,90.43,4235.0
2026-06-01T11:25:00-04:00,90.29,90.65,90.29,90.65,3027.0
2026-06-01T11:30:00-04:00,90.61,91.26,90.61,91.175,22793.0
2026-06-01T11:35:00-04:00,91.175,91.5399,91.0,91.21,18962.0
2026-06-01T11:40:00-04:00,91.19,91.19,91.029999,91.029999,6553.0
2026-06-01T11:45:00-04:00,91.019997,91.12,90.76,90.76,6743.0
2026-06-01T11:50:00-04:00,90.82,90.92,90.72,90.87,4606.0
2026-06-01T11:55:00-04:00,90.75,91.065002,90.75,91.059998,3597.0
2026-06-01T12:00:00-04:00,91.19,91.32,91.085701,91.22,13711.0
2026-06-01T12:05:00-04:00,91.18,91.25,90.9,90.9,1539.0
2026-06-01T12:10:00-04:00,90.985,91.099998,90.81,90.965,5535.0
2026-06-01T12:15:00-04:00,90.965,91.059998,90.76,90.86,7009.0
2026-06-01T12:20:00-04:00,90.81,91.040001,90.81,90.99,10688.0
2026-06-01T12:25:00-04:00,91.010002,91.095001,90.83,90.97,7807.0
2026-06-01T12:30:00-04:00,91.080002,91.080002,90.87,91.0,7228.0
2026-06-01T12:35:00-04:00,90.91,91.1537,90.91,91.1537,5304.0
2026-06-01T12:40:00-04:00,91.029999,91.029999,90.78,90.78,4289.0
2026-06-01T12:45:00-04:00,90.75,91.07,90.75,91.010002,5165.0
2026-06-01T12:50:00-04:00,91.080002,91.34,90.98,91.34,38106.0
2026-06-01T12:55:00-04:00,91.32,91.7,91.31,91.7,25944.0
2026-06-01T13:00:00-04:00,91.68,91.68,91.41,91.41,7792.0
2026-06-01T13:05:00-04:00,91.43,91.62,91.4,91.47,8962.0
2026-06-01T13:10:00-04:00,91.59,91.62,91.39,91.5,9095.0
2026-06-01T13:15:00-04:00,91.56,91.71,91.485,91.5612,8445.0
2026-06-01T13:20:00-04:00,91.615,91.73,91.47,91.55,37851.0
2026-06-01T13:25:00-04:00,91.55,92.010002,91.47,92.010002,14676.0
2026-06-01T13:30:00-04:00,92.07,92.165,91.82,91.89,11687.0
2026-06-01T13:35:00-04:00,91.78,91.805,91.56,91.56,2061.0
2026-06-01T13:40:00-04:00,91.61,91.99,91.59,91.85,16600.0
2026-06-01T13:45:00-04:00,91.9126,92.080002,91.8901,91.98,16140.0
2026-06-01T13:50:00-04:00,91.91,92.31,91.91,92.31,8954.0
2026-06-01T13:55:00-04:00,92.295,92.41,92.24,92.25,8413.0
2026-06-01T14:00:00-04:00,92.28,92.389,92.099998,92.099998,15857.0
2026-06-01T14:05:00-04:00,92.089996,92.3,92.070099,92.23,8755.0
2026-06-01T14:10:00-04:00,92.25,92.25,92.13,92.14,12422.0
2026-06-01T14:15:00-04:00,92.14,92.19,92.0,92.17,10862.0
2026-06-01T14:20:00-04:00,92.11,92.3418,92.11,92.185,18792.0
2026-06-01T14:25:00-04:00,92.15,92.2399,92.0049973,92.1368,6504.0
2026-06-01T14:30:00-04:00,92.035004,92.13,91.99,92.0,9445.0
2026-06-01T14:35:00-04:00,91.99,92.0,91.9,91.91,9263.0
2026-06-01T14:40:00-04:00,91.935,92.1899,91.935,92.029999,20081.0
2026-06-01T14:45:00-04:00,92.089996,92.15,92.029999,92.12,49122.0
2026-06-01T14:50:00-04:00,92.12,92.17,92.080002,92.099998,17114.0
2026-06-01T14:55:00-04:00,92.099998,92.2099,92.059998,92.11,20998.0
2026-06-01T15:00:00-04:00,92.12,92.195,91.99,92.15,25406.0
2026-06-01T15:05:00-04:00,92.11,92.1353,91.92,91.97,18276.0
2026-06-01T15:10:00-04:00,91.965,91.97,91.73,91.815,5912.0
2026-06-01T15:15:00-04:00,91.76,91.902,91.7,91.835,16979.0
2026-06-01T15:20:00-04:00,91.84,91.93482,91.75,91.82,18977.0
2026-06-01T15:25:00-04:00,91.76,91.8292,91.68,91.755,6996.0
2026-06-01T15:30:00-04:00,91.77,91.93,91.77,91.93,17025.0
2026-06-01T15:35:00-04:00,91.93,91.97,91.81,91.85,25246.0
2026-06-01T15:40:00-04:00,91.85,91.85,91.66,91.665,31031.0
2026-06-01T15:45:00-04:00,91.6725,91.78,91.65,91.65,16240.0
2026-06-01T15:50:00-04:00,91.6,91.6499,91.4601,91.485,23707.0
2026-06-01T15:55:00-04:00,91.41,91.6,91.3,91.52,50593.0
2026-06-02T09:30:00-04:00,91.9,93.080002,91.9,92.059998,108972.0
2026-06-02T09:35:00-04:00,92.059998,92.39,91.841,92.39,17640.0
2026-06-02T09:40:00-04:00,92.545,92.85,92.24,92.315,25536.0
2026-06-02T09:45:00-04:00,92.25,92.62,92.0,92.1301,52345.0
2026-06-02T09:50:00-04:00,92.17,92.32,91.26,91.26,19174.0
2026-06-02T09:55:00-04:00,91.2,91.39,91.059998,91.24,20903.0
2026-06-02T10:00:00-04:00,91.010002,91.66,91.0,91.38,38667.0
2026-06-02T10:05:00-04:00,91.4,91.43,90.96,91.040001,24030.0
2026-06-02T10:10:00-04:00,90.93,91.15,90.915,90.97,11514.0
2026-06-02T10:15:00-04:00,91.067497,91.074997,90.8,90.94,14030.0
2026-06-02T10:20:00-04:00,91.099998,91.099998,90.17,90.2,12359.0
2026-06-02T10:25:00-04:00,90.25,90.49,90.25,90.39,9974.0
2026-06-02T10:30:00-04:00,90.53,90.6979,90.2811,90.6979,11760.0
2026-06-02T10:35:00-04:00,90.82,91.27,90.78,91.26,12561.0
2026-06-02T10:40:00-04:00,91.36,91.43,91.13,91.23,6659.0
2026-06-02T10:45:00-04:00,91.49,91.67,91.45,91.63,7634.0
2026-06-02T10:50:00-04:00,91.67,91.849,91.52,91.84,14226.0
2026-06-02T10:55:00-04:00,91.76,91.76,91.45,91.45,11848.0
2026-06-02T11:00:00-04:00,91.5075,91.75,91.5075,91.74,8959.0
2026-06-02T11:05:00-04:00,91.7,91.9433,91.61,91.86,14144.0
2026-06-02T11:10:00-04:00,91.86,91.86,91.61,91.68,8668.0
2026-06-02T11:15:00-04:00,91.69,91.8,91.63,91.71,5211.0
2026-06-02T11:20:00-04:00,91.925,92.050003,91.87,91.985,8225.0
2026-06-02T11:25:00-04:00,92.055,92.3,92.019997,92.11,10196.0
2026-06-02T11:30:00-04:00,92.175,92.28,92.059998,92.205,7300.0
2026-06-02T11:35:00-04:00,92.21,92.34,92.080002,92.235,24575.0
2026-06-02T11:40:00-04:00,92.215,92.34,92.040001,92.11,14772.0
2026-06-02T11:45:00-04:00,92.12,92.49,92.12,92.39,36286.0
2026-06-02T11:50:00-04:00,92.43,92.43,92.16,92.16,14389.0
2026-06-02T11:55:00-04:00,92.16,92.23,92.069397,92.16,14866.0
2026-06-02T12:00:00-04:00,92.195,92.245,92.065201,92.065201,7846.0
2026-06-02T12:05:00-04:00,92.11,92.11,91.96,92.11,10170.0
2026-06-02T12:10:00-04:00,92.12,92.27,92.099998,92.145,6705.0
2026-06-02T12:15:00-04:00,92.080002,92.089996,91.93,92.029999,14025.0
2026-06-02T12:20:00-04:00,92.025002,92.2,91.95,92.2,16463.0
2026-06-02T12:25:00-04:00,92.059998,92.11,91.97,92.040001,7883.0
2026-06-02T12:30:00-04:00,91.99,91.99,91.78,91.78,8382.0
2026-06-02T12:35:00-04:00,91.79,91.85,91.69,91.72,12025.0
2026-06-02T12:40:00-04:00,91.71,91.83,91.7,91.71,12445.0
2026-06-02T12:45:00-04:00,91.735,91.89,91.73,91.8,9340.0
2026-06-02T12:50:00-04:00,91.78,91.85,91.625,91.63,11042.0
2026-06-02T12:55:00-04:00,91.625,91.67,91.6,91.6,4781.0
2026-06-02T13:00:00-04:00,91.56,91.66,91.56,91.66,5428.0
2026-06-02T13:05:00-04:00,91.66,91.72,91.46,91.465,7542.0
2026-06-02T13:10:00-04:00,91.48,91.55,91.41,91.55,6190.0
2026-06-02T13:15:00-04:00,91.525,91.5652,91.4,91.56,9384.0
2026-06-02T13:20:00-04:00,91.555,91.6499,91.52,91.605,10047.0
2026-06-02T13:25:00-04:00,91.59,91.69,91.53,91.64,30173.0
2026-06-02T13:30:00-04:00,91.64,91.79,91.6,91.74,17307.0
2026-06-02T13:35:00-04:00,91.71,91.71,91.46,91.46,8818.0
2026-06-02T13:40:00-04:00,91.52,91.585,91.4401,91.48,8412.0
2026-06-02T13:45:00-04:00,91.48,91.58,91.44,91.57,11125.0
2026-06-02T13:50:00-04:00,91.531,91.55,91.36,91.36,12473.0
2026-06-02T13:55:00-04:00,91.39,91.435,91.3,91.435,12923.0
2026-06-02T14:00:00-04:00,91.435,91.63,91.39,91.39,12869.0
2026-06-02T14:05:00-04:00,91.41,91.69,91.41,91.54,11405.0
2026-06-02T14:10:00-04:00,91.55,91.66,91.54,91.6,11236.0
2026-06-02T14:15:00-04:00,91.59,91.67,91.56,91.63,13037.0
2026-06-02T14:20:00-04:00,91.63,91.75,91.57,91.72,14163.0
2026-06-02T14:25:00-04:00,91.725,91.84,91.66,91.7,14328.0
2026-06-02T14:30:00-04:00,91.7,91.76,91.68,91.71,14517.0
2026-06-02T14:35:00-04:00,91.74,91.76,91.6,91.675,20244.0
2026-06-02T14:40:00-04:00,91.63,91.63,91.44,91.485,13403.0
2026-06-02T14:45:00-04:00,91.52,91.69,91.5,91.66,10016.0
2026-06-02T14:50:00-04:00,91.67,91.7,91.6,91.69,11775.0
2026-06-02T14:55:00-04:00,91.62,91.715,91.61,91.715,12956.0
2026-06-02T15:00:00-04:00,91.67,91.86,91.67,91.81,15757.0
2026-06-02T15:05:00-04:00,91.83,91.83,91.68,91.71,12455.0
2026-06-02T15:10:00-04:00,91.73,91.7775,91.66,91.66,41349.0
2026-06-02T15:15:00-04:00,91.65,91.73,91.615,91.67,20010.0
2026-06-02T15:20:00-04:00,91.665,91.7,91.62,91.65,11496.0
2026-06-02T15:25:00-04:00,91.63,91.725,91.63,91.725,14964.0
2026-06-02T15:30:00-04:00,91.725,91.75,91.67,91.71,13373.0
2026-06-02T15:35:00-04:00,91.71,91.72,91.67,91.71,28177.0
2026-06-02T15:40:00-04:00,91.74,91.82,91.715,91.8,22299.0
2026-06-02T15:45:00-04:00,91.8,91.84,91.72,91.79,30655.0
2026-06-02T15:50:00-04:00,91.77,91.9,91.755,91.89,52868.0
2026-06-02T15:55:00-04:00,91.83,92.089996,91.815,92.080002,104240.0
2026-06-03T09:30:00-04:00,90.7,90.7,89.43,89.625,46176.0
2026-06-03T09:35:00-04:00,89.73,90.2,89.645,89.925,16183.0
2026-06-03T09:40:00-04:00,89.99,90.040001,89.29,89.29,37424.0
2026-06-03T09:45:00-04:00,89.17,89.38,88.75,88.75,14398.0
2026-06-03T09:50:00-04:00,88.735,89.099998,88.735,89.029999,4786.0
2026-06-03T09:55:00-04:00,88.85,89.084999,88.85,89.084999,12554.0
2026-06-03T10:00:00-04:00,89.26,89.26,88.8801,88.895,9361.0
2026-06-03T10:05:00-04:00,88.91,89.3,88.88,88.88,7163.0
2026-06-03T10:10:00-04:00,89.07,89.1799,88.88,89.044998,14562.0
2026-06-03T10:15:00-04:00,88.9226,89.295,88.915,89.049896,17778.0
2026-06-03T10:20:00-04:00,88.91,88.95,88.71,88.76,8039.0
2026-06-03T10:25:00-04:00,88.72,88.93,88.69,88.93,6809.0
2026-06-03T10:30:00-04:00,88.89,88.99,88.85,88.88,5134.0
2026-06-03T10:35:00-04:00,88.99,89.26,88.88,89.25,2618.0
2026-06-03T10:40:00-04:00,89.2342,89.39,89.18545,89.285,3109.0
2026-06-03T10:45:00-04:00,89.24,89.49,89.23,89.41,9652.0
2026-06-03T10:50:00-04:00,89.32,89.75,89.32,89.73,13572.0
2026-06-03T10:55:00-04:00,89.66,89.765,89.66,89.66,2979.0
2026-06-03T11:00:00-04:00,89.73,89.78,89.605,89.64,9520.0
2026-06-03T11:05:00-04:00,89.63,89.63,89.235,89.28,60114.0
2026-06-03T11:10:00-04:00,89.2444,89.31,89.010002,89.040001,10155.0
2026-06-03T11:15:00-04:00,89.010002,89.18,88.92,89.18,9784.0
2026-06-03T11:20:00-04:00,89.089996,89.099998,88.54,88.73,25676.0
2026-06-03T11:25:00-04:00,88.73,88.73,88.41,88.575,25076.0
2026-06-03T11:30:00-04:00,88.69,88.69,88.087799,88.087799,3769.0
2026-06-03T11:35:00-04:00,88.115,88.23,87.94,87.99,9692.0
2026-06-03T11:40:00-04:00,88.089996,88.2,88.019997,88.11,6983.0
2026-06-03T11:45:00-04:00,88.089996,88.19,88.019997,88.155,15351.0
2026-06-03T11:50:00-04:00,88.155,88.28,88.080002,88.089996,18334.0
2026-06-03T11:55:00-04:00,88.099998,88.2699,88.089996,88.13,40263.0
2026-06-03T12:00:00-04:00,88.12,88.27,88.089996,88.27,8580.0
2026-06-03T12:05:00-04:00,88.26,88.26,88.07,88.145,3968.0
2026-06-03T12:10:00-04:00,88.115,88.28,88.115,88.245,2352.0
2026-06-03T12:15:00-04:00,88.21,88.295,88.059998,88.15,4625.0
2026-06-03T12:20:00-04:00,88.12,88.155,87.92,87.92,18361.0
2026-06-03T12:25:00-04:00,87.92,88.037498,87.855,87.855,10854.0
2026-06-03T12:30:00-04:00,87.95,88.044998,87.9001,87.995,5188.0
2026-06-03T12:35:00-04:00,87.9645,88.0,87.78,87.79,9323.0
2026-06-03T12:40:00-04:00,87.78,87.88,87.695,87.75,8655.0
2026-06-03T12:45:00-04:00,87.76,87.76,87.52,87.55,16321.0
2026-06-03T12:50:00-04:00,87.6,87.66,87.59,87.62,18244.0
2026-06-03T12:55:00-04:00,87.6225,87.835,87.6225,87.82,45302.0
2026-06-03T13:00:00-04:00,87.785,87.865,87.785,87.84,1451.0
2026-06-03T13:05:00-04:00,87.84,88.13,87.7301,88.07,11961.0
2026-06-03T13:10:00-04:00,87.95,87.9551,87.885,87.885,2672.0
2026-06-03T13:15:00-04:00,87.82,87.82,87.7005,87.7005,1819.0
2026-06-03T13:20:00-04:00,87.81,87.9099,87.8075,87.9,2216.0
2026-06-03T13:25:00-04:00,87.89,87.9899,87.85,87.925,4499.0
2026-06-03T13:30:00-04:00,87.89,88.029999,87.8,87.955,5636.0
2026-06-03T13:35:00-04:00,87.95,87.96,87.83,87.885,8188.0
2026-06-03T13:40:00-04:00,87.8875,87.95,87.82,87.8725,3404.0
2026-06-03T13:45:00-04:00,87.9,87.91,87.83,87.88,8576.0
2026-06-03T13:50:00-04:00,87.88,87.94,87.72,87.75,17513.0
2026-06-03T13:55:00-04:00,87.73,87.7975,87.6,87.775,8276.0
2026-06-03T14:00:00-04:00,87.73,87.98,87.73,87.95,3351.0
2026-06-03T14:05:00-04:00,87.95,87.97,87.92,87.95,5449.0
2026-06-03T14:10:00-04:00,87.9275,87.9356,87.85,87.85,5589.0
2026-06-03T14:15:00-04:00,87.83,87.83,87.76,87.8,2648.0
2026-06-03T14:20:00-04:00,87.76,87.925,87.72,87.88,4937.0
2026-06-03T14:25:00-04:00,87.96,88.050102,87.96,88.050003,5194.0
2026-06-03T14:30:00-04:00,88.099998,88.3,88.099998,88.21,7188.0
2026-06-03T14:35:00-04:00,88.17,88.17,88.089996,88.16,4923.0
2026-06-03T14:40:00-04:00,88.115,88.185,88.095001,88.185,4171.0
2026-06-03T14:45:00-04:00,88.18,88.29,88.11,88.215,5669.0
2026-06-03T14:50:00-04:00,88.16,88.31,88.099998,88.175,20659.0
2026-06-03T14:55:00-04:00,88.099998,88.185,88.000099182,88.18,10876.0
2026-06-03T15:00:00-04:00,88.13,88.29,88.13,88.265,4241.0
2026-06-03T15:05:00-04:00,88.265,88.395,88.26,88.28,9134.0
2026-06-03T15:10:00-04:00,88.32,88.32,88.245,88.3,5234.0
2026-06-03T15:15:00-04:00,88.3,88.47,88.3,88.4,19470.0
2026-06-03T15:20:00-04:00,88.3975,88.405,88.25,88.26,9471.0
2026-06-03T15:25:00-04:00,88.2855,88.2855,88.029999,88.2325,22948.0
2026-06-03T15:30:00-04:00,88.235,88.46,88.235,88.415,13369.0
2026-06-03T15:35:00-04:00,88.415,88.415,88.29,88.345,6400.0
2026-06-03T15:40:00-04:00,88.345,88.3626,88.211,88.245,16116.0
2026-06-03T15:45:00-04:00,88.23,88.35,88.089996,88.11,16461.0
2026-06-03T15:50:00-04:00,88.07,88.099998,87.8901,88.0,39740.0
2026-06-03T15:55:00-04:00,87.97,88.035004,87.55,87.6,121595.0
2026-06-04T09:30:00-04:00,89.050003,89.44,88.19,88.19,59178.0
2026-06-04T09:35:00-04:00,88.63,89.77,88.63,89.6,16575.0
2026-06-04T09:40:00-04:00,89.59,90.080002,89.5,90.080002,16101.0
2026-06-04T09:45:00-04:00,90.0049973,90.088997,89.52,89.77,10654.0
2026-06-04T09:50:00-04:00,89.71,89.92,89.4,89.4,14642.0
2026-06-04T09:55:00-04:00,89.47,89.7424,89.3,89.59,12967.0
2026-06-04T10:00:00-04:00,89.62,89.62,89.3,89.31,8638.0
2026-06-04T10:05:00-04:00,89.128,89.31,89.128,89.2,2768.0
2026-06-04T10:10:00-04:00,89.16,89.47,89.16,89.3575,18774.0
2026-06-04T10:15:00-04:00,89.355,89.6872,89.355,89.59,49372.0
2026-06-04T10:20:00-04:00,89.55,89.7,89.44,89.61,60347.0
2026-06-04T10:25:00-04:00,89.58,89.64,89.345,89.395,18979.0
2026-06-04T10:30:00-04:00,89.41,89.545,89.12,89.165,29124.0
2026-06-04T10:35:00-04:00,89.15,89.15,88.73,88.85,44085.0
2026-06-04T10:40:00-04:00,88.83,88.925,88.45,88.58,40184.0
2026-06-04T10:45:00-04:00,88.57,88.57,88.019997,88.2,24088.0
2026-06-04T10:50:00-04:00,88.24,88.33,87.83,88.029999,42911.0
2026-06-04T10:55:00-04:00,87.97,88.089996,87.885,87.975,11594.0
2026-06-04T11:00:00-04:00,87.975,88.345,87.975,88.345,14148.0
2026-06-04T11:05:00-04:00,88.35,88.67,88.345,88.655,10697.0
2026-06-04T11:10:00-04:00,88.64,88.95,88.52,88.915,13994.0
2026-06-04T11:15:00-04:00,88.99,88.99,88.68,88.825,15190.0
2026-06-04T11:20:00-04:00,88.7,88.8,88.58,88.72,12589.0
2026-06-04T11:25:00-04:00,88.71,88.75,88.56,88.665,10701.0
2026-06-04T11:30:00-04:00,88.68,88.7407,88.575,88.65,10262.0
2026-06-04T11:35:00-04:00,88.61,88.76,88.58,88.59,9314.0
2026-06-04T11:40:00-04:00,88.685,88.74,88.51,88.65,16682.0
2026-06-04T11:45:00-04:00,88.57,88.61,88.42,88.495,17291.0
2026-06-04T11:50:00-04:00,88.495,88.67,88.375,88.575,22569.0
2026-06-04T11:55:00-04:00,88.5,88.575,88.44,88.5,15662.0
2026-06-04T12:00:00-04:00,88.58,88.76,88.53,88.66,14845.0
2026-06-04T12:05:00-04:00,88.595,88.83,88.54,88.77,17006.0
2026-06-04T12:10:00-04:00,88.73,88.805,88.61,88.67,16232.0
2026-06-04T12:15:00-04:00,88.615,88.71,88.53,88.615,9771.0
2026-06-04T12:20:00-04:00,88.615,88.76,88.49,88.75,12836.0
2026-06-04T12:25:00-04:00,88.755,88.8171,88.68,88.69,15731.0
2026-06-04T12:30:00-04:00,88.69,88.69,88.46,88.585,11867.0
2026-06-04T12:35:00-04:00,88.585,88.73,88.52,88.53,22258.0
2026-06-04T12:40:00-04:00,88.52,88.59,88.5,88.59,9879.0
2026-06-04T12:45:00-04:00,88.52,88.7325,88.45,88.71,24221.0
2026-06-04T12:50:00-04:00,88.67,88.68,88.62,88.655,5613.0
2026-06-04T12:55:00-04:00,88.62,88.65,88.53,88.62,3972.0
2026-06-04T13:00:00-04:00,88.625,88.88,88.56,88.85,16660.0
2026-06-04T13:05:00-04:00,88.83,88.98,88.83,88.88,10868.0
2026-06-04T13:10:00-04:00,88.88,88.88,88.67,88.67,27382.0
2026-06-04T13:15:00-04:00,88.7245,88.835,88.614,88.825,25729.0
2026-06-04T13:20:00-04:00,88.7701,88.83,88.74,88.741,5618.0
2026-06-04T13:25:00-04:00,88.76,88.88,88.75,88.85,14473.0
2026-06-04T13:30:00-04:00,88.85,88.99,88.845,88.955,10488.0
2026-06-04T13:35:00-04:00,88.955,89.080002,88.83,88.83,23935.0
2026-06-04T13:40:00-04:00,88.82,88.83,88.595,88.595,5288.0
2026-06-04T13:45:00-04:00,88.595,88.64,88.465,88.5175,14857.0
2026-06-04T13:50:00-04:00,88.57,88.69,88.46,88.56,16344.0
2026-06-04T13:55:00-04:00,88.56,88.56,88.39,88.475,5393.0
2026-06-04T14:00:00-04:00,88.475,88.61,88.43,88.515,14928.0
2026-06-04T14:05:00-04:00,88.515,88.515,88.35,88.43,12382.0
2026-06-04T14:10:00-04:00,88.4,88.445,88.36,88.36,11985.0
2026-06-04T14:15:00-04:00,88.36,88.475,88.34,88.46,9011.0
2026-06-04T14:20:00-04:00,88.48,88.49,88.44,88.465,6135.0
2026-06-04T14:25:00-04:00,88.465,88.465,88.3,88.375,8786.0
2026-06-04T14:30:00-04:00,88.31,88.395,88.29,88.355,8804.0
2026-06-04T14:35:00-04:00,88.355,88.44,88.32,88.44,9694.0
2026-06-04T14:40:00-04:00,88.44,88.6,88.43,88.5,14382.0
2026-06-04T14:45:00-04:00,88.505,88.57,88.415,88.45,10389.0
2026-06-04T14:50:00-04:00,88.48,88.69,88.43,88.675,11008.0
2026-06-04T14:55:00-04:00,88.67,88.6899,88.54,88.54,10821.0
2026-06-04T15:00:00-04:00,88.57,88.815,88.57,88.695,14513.0
2026-06-04T15:05:00-04:00,88.68,88.695,88.58,88.615,8915.0
2026-06-04T15:10:00-04:00,88.62,88.645,88.49,88.55,19170.0
2026-06-04T15:15:00-04:00,88.555,88.57,88.46,88.52,9528.0
2026-06-04T15:20:00-04:00,88.53,88.57,88.42,88.46,33697.0
2026-06-04T15:25:00-04:00,88.46,88.49,88.405,88.41,10722.0
2026-06-04T15:30:00-04:00,88.435,88.525,88.35,88.42,13647.0
2026-06-04T15:35:00-04:00,88.42,88.56,88.42,88.5,17093.0
2026-06-04T15:40:00-04:00,88.5,88.64,88.4,88.435,25331.0
2026-06-04T15:45:00-04:00,88.37,88.48,88.25,88.39,55996.0
2026-06-04T15:50:00-04:00,88.41,88.51,88.31,88.33,43667.0
2026-06-04T15:55:00-04:00,88.33,88.58,88.22,88.43,187052.0
2026-06-05T09:30:00-04:00,85.76,85.84,84.91,85.225,123426.0
2026-06-05T09:35:00-04:00,85.3618,85.3618,84.5213,84.58,49071.0
2026-06-05T09:40:00-04:00,84.56,84.86,84.17,84.2175,22211.0
2026-06-05T09:45:00-04:00,84.17,84.225,83.6,83.6,49780.0
2026-06-05T09:50:00-04:00,83.625,84.010002,83.52,83.72,26903.0
2026-06-05T09:55:00-04:00,83.54,83.63,82.67,82.67,51250.0
2026-06-05T10:00:00-04:00,82.76,82.99,82.44,82.74,32581.0
2026-06-05T10:05:00-04:00,82.7411,82.98659,82.48,82.7882,31883.0
2026-06-05T10:10:00-04:00,82.82491,82.93,82.435,82.4725,12558.0
2026-06-05T10:15:00-04:00,82.5143,82.61,82.31,82.55,16434.0
2026-06-05T10:20:00-04:00,82.49,82.5865,81.42,81.48,61137.0
2026-06-05T10:25:00-04:00,81.48,81.5551,81.25,81.4,35958.0
2026-06-05T10:30:00-04:00,81.47,81.82,81.32,81.3601,72092.0
2026-06-05T10:35:00-04:00,81.31,81.54,81.26,81.49,58267.0
2026-06-05T10:40:00-04:00,81.37,81.69,81.27,81.35,8667.0
2026-06-05T10:45:00-04:00,81.59,81.7,81.37,81.495,9707.0
2026-06-05T10:50:00-04:00,81.495,81.9,81.495,81.83,75433.0
2026-06-05T10:55:00-04:00,81.76,82.225,81.76,82.125,12969.0
2026-06-05T11:00:00-04:00,82.14,82.1975,81.94,82.050003,6900.0
2026-06-05T11:05:00-04:00,82.019997,82.059998,81.94,81.94,3170.0
2026-06-05T11:10:00-04:00,81.88,81.98,81.54,81.54,10401.0
2026-06-05T11:15:00-04:00,81.57,81.65,81.37,81.57,15805.0
2026-06-05T11:20:00-04:00,81.59,81.59,81.13,81.37,35465.0
2026-06-05T11:25:00-04:00,81.35,81.375,80.965,81.089996,28366.0
2026-06-05T11:30:00-04:00,81.089996,81.17,80.83,80.83,11214.0
2026-06-05T11:35:00-04:00,80.87,81.019997,80.44,80.46,29106.0
2026-06-05T11:40:00-04:00,80.46,80.65,80.37,80.38,35197.0
2026-06-05T11:45:00-04:00,80.3981,80.6,80.37,80.37,28395.0
2026-06-05T11:50:00-04:00,80.38,80.62,80.37,80.605,25432.0
2026-06-05T11:55:00-04:00,80.525,80.53,80.1999,80.24,58901.0
2026-06-05T12:00:00-04:00,80.27,80.31,80.099998,80.13,89625.0
2026-06-05T12:05:00-04:00,80.13,80.22,80.010002,80.18,88581.0
2026-06-05T12:10:00-04:00,80.133,80.61,80.13,80.45,14677.0
2026-06-05T12:15:00-04:00,80.34,80.37,80.17,80.21,23532.0
2026-06-05T12:20:00-04:00,80.23,80.57,80.16,80.5,21331.0
2026-06-05T12:25:00-04:00,80.51,80.73,80.42,80.48,25194.0
2026-06-05T12:30:00-04:00,80.53,80.55,80.26,80.505,28663.0
2026-06-05T12:35:00-04:00,80.51,80.63,80.42,80.525,22820.0
2026-06-05T12:40:00-04:00,80.525,80.525,80.22,80.31,17172.0
2026-06-05T12:45:00-04:00,80.31,80.58,80.059998,80.47,31027.0
2026-06-05T12:50:00-04:00,80.4624,80.855,80.35,80.79,15450.0
2026-06-05T12:55:00-04:00,80.78,80.98,80.7,80.98,20371.0
2026-06-05T13:00:00-04:00,80.98,81.099998,80.75,80.885,21388.0
2026-06-05T13:05:00-04:00,80.89,80.9393,80.61,80.63,53558.0
2026-06-05T13:10:00-04:00,80.655,80.66,80.42,80.575,60130.0
2026-06-05T13:15:00-04:00,80.62,80.695,80.36,80.52,21171.0
2026-06-05T13:20:00-04:00,80.495,80.75,80.45,80.7,17952.0
2026-06-05T13:25:00-04:00,80.73,80.75,80.46,80.57,13580.0
2026-06-05T13:30:00-04:00,80.54,80.7,80.48,80.69,25074.0
2026-06-05T13:35:00-04:00,80.66,80.75,80.57,80.62,11271.0
2026-06-05T13:40:00-04:00,80.655,80.67,80.36,80.36,31606.0
2026-06-05T13:45:00-04:00,80.37,80.45,80.27,80.305,15658.0
2026-06-05T13:50:00-04:00,80.36,80.39,80.26,80.35,6213.0
2026-06-05T13:55:00-04:00,80.39,80.48,80.33,80.37,10528.0
2026-06-05T14:00:00-04:00,80.41,80.5,80.059998,80.059998,32483.0
2026-06-05T14:05:00-04:00,80.099998,80.2799,79.9401,79.995,37768.0
2026-06-05T14:10:00-04:00,80.010002,80.089996,79.7,79.76,33099.0
2026-06-05T14:15:00-04:00,79.72,79.8373,79.6062,79.725,24228.0
2026-06-05T14:20:00-04:00,79.7799,79.85,79.61,79.61,19260.0
2026-06-05T14:25:00-04:00,79.61,79.73,79.35,79.625,44142.0
2026-06-05T14:30:00-04:00,79.59,79.73,79.475,79.52,17132.0
2026-06-05T14:35:00-04:00,79.62,79.6615,79.44,79.52,16940.0
2026-06-05T14:40:00-04:00,79.505,79.59,79.33,79.405,48632.0
2026-06-05T14:45:00-04:00,79.45,79.52,79.21,79.505,38049.0
2026-06-05T14:50:00-04:00,79.48,79.52,79.27,79.51,13917.0
2026-06-05T14:55:00-04:00,79.44,79.63,79.345,79.51,21732.0
2026-06-05T15:00:00-04:00,79.49,79.49,79.21,79.41,22565.0
2026-06-05T15:05:00-04:00,79.41,79.5999,79.1501,79.31,30243.0
2026-06-05T15:10:00-04:00,79.31,79.31,79.020103,79.07,28901.0
2026-06-05T15:15:00-04:00,79.059998,79.07,78.8301,78.955,31733.0
2026-06-05T15:20:00-04:00,78.93,79.12,78.91,79.059998,42556.0
2026-06-05T15:25:00-04:00,79.19,79.415,79.1101,79.31,23144.0
2026-06-05T15:30:00-04:00,79.31,79.38,79.029999,79.099998,31507.0
2026-06-05T15:35:00-04:00,79.089996,79.31,79.000099182,79.2048,26220.0
2026-06-05T15:40:00-04:00,79.11,79.11,78.7301,78.895,46036.0
2026-06-05T15:45:00-04:00,78.915,79.099998,78.79,79.080002,50402.0
2026-06-05T15:50:00-04:00,79.084999,79.24,78.91,78.915,78371.0
2026-06-05T15:55:00-04:00,78.91,79.22,78.81,79.22,117470.0
2026-06-08T09:30:00-04:00,80.19,81.080002,80.099998,80.23,181623.0
2026-06-08T09:35:00-04:00,80.17,80.525,80.0,80.2,74377.0
2026-06-08T09:40:00-04:00,80.27,80.42,80.080002,80.095001,39482.0
2026-06-08T09:45:00-04:00,80.12,80.53,79.88,79.88,62106.0
2026-06-08T09:50:00-04:00,79.875,80.32,79.63,79.96,31379.0
2026-06-08T09:55:00-04:00,80.0,80.13,79.62,79.74,21750.0
2026-06-08T10:00:00-04:00,79.775,79.97,79.7,79.85,30961.0
2026-06-08T10:05:00-04:00,79.85,80.040001,79.66,79.95,11795.0
2026-06-08T10:10:00-04:00,79.92,79.97,79.62,79.8,17506.0
2026-06-08T10:15:00-04:00,79.79,80.0,79.7401,79.83,16434.0
2026-06-08T10:20:00-04:00,80.0,80.0,79.72,79.92,16289.0
2026-06-08T10:25:00-04:00,79.88,79.97,79.71,79.71,6624.0
2026-06-08T10:30:00-04:00,79.67,80.07,79.64,80.029999,11004.0
2026-06-08T10:35:00-04:00,80.0,80.089996,79.795,80.074997,15171.0
2026-06-08T10:40:00-04:00,80.16,80.24,79.94,80.080002,6678.0
2026-06-08T10:45:00-04:00,80.18,80.335,80.050003,80.050003,10542.0
2026-06-08T10:50:00-04:00,79.96,80.19,79.91,80.040001,4759.0
2026-06-08T10:55:00-04:00,80.050003,80.27,80.050003,80.27,5899.0
2026-06-08T11:00:00-04:00,80.3,80.5,80.19,80.19,10319.0
2026-06-08T11:05:00-04:00,80.15,80.3445,80.07,80.285,4896.0
2026-06-08T11:10:00-04:00,80.335,80.43,80.33,80.36,4746.0
2026-06-08T11:15:00-04:00,80.3519,80.47,80.33,80.41,37672.0
2026-06-08T11:20:00-04:00,80.5,80.81,80.44,80.81,7490.0
2026-06-08T11:25:00-04:00,80.72,80.75,80.415,80.48,4300.0
2026-06-08T11:30:00-04:00,80.52,80.52,80.2615,80.41,3294.0
2026-06-08T11:35:00-04:00,80.43,80.74,80.405,80.665,9395.0
2026-06-08T11:40:00-04:00,80.64,80.73,80.5981,80.615,5744.0
2026-06-08T11:45:00-04:00,80.73,80.73,80.61,80.61,3584.0
2026-06-08T11:50:00-04:00,80.63,80.665,80.56,80.56,3267.0
2026-06-08T11:55:00-04:00,80.57,80.65,80.5406,80.632,1077.0
2026-06-08T12:00:00-04:00,80.625,80.625,80.4101,80.6099,5569.0
2026-06-08T12:05:00-04:00,80.525,80.545,80.3701,80.3701,11889.0
2026-06-08T12:10:00-04:00,80.37,80.49,80.36,80.3994,4125.0
2026-06-08T12:15:00-04:00,80.385,80.46,80.385,80.46,296334.0
2026-06-08T12:20:00-04:00,80.45,80.45,80.335,80.37,6435.0
2026-06-08T12:25:00-04:00,80.3619,80.49,80.3,80.31,5298.0
2026-06-08T12:30:00-04:00,80.32,80.57,80.3113,80.42,48776.0
2026-06-08T12:35:00-04:00,80.4,80.52,80.255,80.255,10521.0
2026-06-08T12:40:00-04:00,80.245,80.36,80.245,80.36,1831.0
2026-06-08T12:45:00-04:00,80.375,80.5,80.3709,80.5,1912.0
2026-06-08T12:50:00-04:00,80.42,80.4322,80.245,80.245,3156.0
2026-06-08T12:55:00-04:00,80.28,80.28,80.16,80.24,4310.0
2026-06-08T13:00:00-04:00,80.24,80.24,80.080002,80.080002,17543.0
2026-06-08T13:05:00-04:00,80.1519,80.185,80.07,80.07,3927.0
2026-06-08T13:10:00-04:00,80.059998,80.09,80.014999,80.09,1787.0
2026-06-08T13:15:00-04:00,80.1004,80.1004,80.07,80.07,1369.0
2026-06-08T13:20:00-04:00,80.080002,80.12,80.025002,80.025002,1026.0
2026-06-08T13:25:00-04:00,79.97,80.2,79.97,80.2,5432.0
2026-06-08T13:30:00-04:00,80.24,80.24,80.0,80.076149,10779.0
2026-06-08T13:35:00-04:00,80.089996,80.089996,79.991,80.0401,1731.0
2026-06-08T13:40:00-04:00,80.07,80.11,80.044998,80.11,3556.0
2026-06-08T13:45:00-04:00,80.080002,80.2,80.059998,80.15,4831.0
2026-06-08T13:50:00-04:00,80.19,80.31,80.19,80.28,62970.0
2026-06-08T13:55:00-04:00,80.255,80.3,80.16,80.27,11789.0
2026-06-08T14:00:00-04:00,80.2301,80.45,80.23,80.45,5460.0
2026-06-08T14:05:00-04:00,80.44,80.455,80.41,80.425,4611.0
2026-06-08T14:10:00-04:00,80.42,80.42,80.22,80.2777,5339.0
2026-06-08T14:15:00-04:00,80.3273,80.35,80.3,80.3,1097.0
2026-06-08T14:20:00-04:00,80.35,80.46,80.31,80.46,4957.0
2026-06-08T14:25:00-04:00,80.44,80.45,80.28,80.28,4143.0
2026-06-08T14:30:00-04:00,80.36,80.36,80.2,80.2,2916.0
2026-06-08T14:35:00-04:00,80.185,80.185,80.065002,80.065002,3728.0
2026-06-08T14:40:00-04:00,80.029999,80.1044,80.0,80.014999,18933.0
2026-06-08T14:45:00-04:00,80.019997,80.019997,79.91,79.91,23224.0
2026-06-08T14:50:00-04:00,79.91,79.923,79.84,79.845,10875.0
2026-06-08T14:55:00-04:00,79.82,79.82,79.72,79.75,9617.0
2026-06-08T15:00:00-04:00,79.71,79.88,79.71,79.81,26440.0
2026-06-08T15:05:00-04:00,79.74,79.74,79.55,79.55,10391.0
2026-06-08T15:10:00-04:00,79.55,79.55,79.36,79.36,35544.0
2026-06-08T15:15:00-04:00,79.33,79.34,79.23,79.24,15379.0
2026-06-08T15:20:00-04:00,79.245,79.38,79.11,79.2,40261.0
2026-06-08T15:25:00-04:00,79.16,79.26,79.145,79.2253,15549.0
2026-06-08T15:30:00-04:00,79.23,79.3,79.195,79.22,17409.0
2026-06-08T15:35:00-04:00,79.21,79.2599,79.099998,79.12,23142.0
2026-06-08T15:40:00-04:00,79.112,79.22,79.07,79.125,38757.0
2026-06-08T15:45:00-04:00,79.16,79.3,79.16,79.25,24693.0
2026-06-08T15:50:00-04:00,79.27,79.47,79.27,79.36,58783.0
2026-06-08T15:55:00-04:00,79.36,79.64,79.34,79.45,107441.0
2026-06-09T09:30:00-04:00,80.89,80.89,79.8,79.81,79918.0
2026-06-09T09:35:00-04:00,79.75,80.010002,79.65,79.81,13566.0
2026-06-09T09:40:00-04:00,79.85,80.13,79.771,80.0326,9313.0
2026-06-09T09:45:00-04:00,79.9307,81.0,79.9307,80.8453,18053.0
2026-06-09T09:50:00-04:00,80.84,80.865,80.44,80.44,9768.0
2026-06-09T09:55:00-04:00,80.52,80.56,80.3,80.52,4626.0
2026-06-09T10:00:00-04:00,80.49,80.68,80.2,80.2,6211.0
2026-06-09T10:05:00-04:00,80.45,80.7199,80.34,80.63,4076.0
2026-06-09T10:10:00-04:00,80.5,80.5,80.2,80.3,3267.0
2026-06-09T10:15:00-04:00,80.24,80.24,79.13,79.4,22400.0
2026-06-09T10:20:00-04:00,79.508,79.86,79.385,79.815,5007.0
2026-06-09T10:25:00-04:00,79.7,80.050003,79.7,79.84,9017.0
2026-06-09T10:30:00-04:00,79.86,79.94,79.565,79.66,11485.0
2026-06-09T10:35:00-04:00,79.61,79.61,79.099998,79.099998,10685.0
2026-06-09T10:40:00-04:00,79.27,79.34,78.43,78.44,28812.0
2026-06-09T10:45:00-04:00,78.44,78.58,77.85,78.059998,18436.0
2026-06-09T10:50:00-04:00,78.074997,78.7,77.98,78.6435,19150.0
2026-06-09T10:55:00-04:00,78.665,78.84,78.44,78.84,5768.0
2026-06-09T11:00:00-04:00,78.7532,78.85,78.52,78.57,18439.0
2026-06-09T11:05:00-04:00,78.51,78.76,78.51,78.76,15143.0
2026-06-09T11:10:00-04:00,78.89,78.8977,78.54,78.775,62214.0
2026-06-09T11:15:00-04:00,78.76,78.86,78.56,78.56,26366.0
2026-06-09T11:20:00-04:00,78.4525,78.4525,78.019997,78.019997,4660.0
2026-06-09T11:25:00-04:00,78.019997,78.0401,77.07,77.16,18081.0
2026-06-09T11:30:00-04:00,77.3,77.32,76.72,76.92,18419.0
2026-06-09T11:35:00-04:00,76.97,77.050003,76.6,76.87,52160.0
2026-06-09T11:40:00-04:00,76.885,77.23,76.8,77.125,20928.0
2026-06-09T11:45:00-04:00,77.22,77.41,77.16,77.35,6724.0
2026-06-09T11:50:00-04:00,77.27,77.47,77.11,77.125,13998.0
2026-06-09T11:55:00-04:00,77.0,77.040001,76.41,76.42,41277.0
2026-06-09T12:00:00-04:00,76.42,76.89,76.42,76.54,25789.0
2026-06-09T12:05:00-04:00,76.58,76.58,75.97,76.010002,25215.0
2026-06-09T12:10:00-04:00,76.059998,76.07,75.73,75.87,21993.0
2026-06-09T12:15:00-04:00,75.93,75.9775,75.39,75.45,21453.0
2026-06-09T12:20:00-04:00,75.48,75.81,75.3,75.7501,19393.0
2026-06-09T12:25:00-04:00,75.85,76.099998,75.85,76.040001,14491.0
2026-06-09T12:30:00-04:00,76.019997,76.3,75.95,76.12,13337.0
2026-06-09T12:35:00-04:00,76.11,76.325,75.0,75.040001,32288.0
2026-06-09T12:40:00-04:00,74.86,75.38,74.79,75.34,12808.0
2026-06-09T12:45:00-04:00,75.6273,75.6273,75.265,75.39,21999.0
2026-06-09T12:50:00-04:00,75.45,75.45,74.98,74.98,11786.0
2026-06-09T12:55:00-04:00,74.92,75.64,74.92,75.575,26724.0
2026-06-09T13:00:00-04:00,75.5701,76.019997,75.51,76.019997,20881.0
2026-06-09T13:05:00-04:00,76.010002,76.12,75.9317,76.059998,14260.0
2026-06-09T13:10:00-04:00,75.97,76.2,75.92,76.0049973,4862.0
2026-06-09T13:15:00-04:00,76.065002,76.23,75.94,76.205,26349.0
2026-06-09T13:20:00-04:00,76.25,76.59,76.24,76.37,12051.0
2026-06-09T13:25:00-04:00,76.34,76.395,76.25,76.265,38580.0
2026-06-09T13:30:00-04:00,76.31,76.565,76.25,76.565,5500.0
2026-06-09T13:35:00-04:00,76.4801,76.63,76.48,76.63,4365.0
2026-06-09T13:40:00-04:00,76.65,76.85,76.64,76.724,5637.0
2026-06-09T13:45:00-04:00,76.67,76.7,76.3,76.335,4838.0
2026-06-09T13:50:00-04:00,76.42,76.625,76.4,76.53,4603.0
2026-06-09T13:55:00-04:00,76.62,76.65,76.54,76.57,2753.0
2026-06-09T14:00:00-04:00,76.615,76.715,76.55,76.62,2545.0
2026-06-09T14:05:00-04:00,76.64,76.72,76.6,76.72,4581.0
2026-06-09T14:10:00-04:00,76.78,76.87,76.67,76.86,3678.0
2026-06-09T14:15:00-04:00,76.84,77.059998,76.68,77.055,8202.0
2026-06-09T14:20:00-04:00,77.050003,77.335,76.98,77.335,3599.0
2026-06-09T14:25:00-04:00,77.24,77.295,77.099998,77.295,9822.0
2026-06-09T14:30:00-04:00,77.3,77.47,77.195,77.39,6586.0
2026-06-09T14:35:00-04:00,77.2899,77.41,77.255,77.32,7436.0
2026-06-09T14:40:00-04:00,77.3,77.355,77.089996,77.089996,12808.0
2026-06-09T14:45:00-04:00,77.12,77.2025,77.099998,77.17,5019.0
2026-06-09T14:50:00-04:00,77.17,77.27,77.080002,77.16,5544.0
2026-06-09T14:55:00-04:00,77.19,77.52,77.19,77.51,9064.0
2026-06-09T15:00:00-04:00,77.4738,77.6699,77.4738,77.51,8651.0
2026-06-09T15:05:00-04:00,77.59,77.65,77.4,77.43,5853.0
2026-06-09T15:10:00-04:00,77.34461,77.355,77.12,77.12,22094.0
2026-06-09T15:15:00-04:00,77.089996,77.18,76.97,77.029999,13916.0
2026-06-09T15:20:00-04:00,76.95,77.019997,76.92,77.0039978,4071.0
2026-06-09T15:25:00-04:00,77.0,77.059998,76.94,77.035004,7817.0
2026-06-09T15:30:00-04:00,77.029999,77.18,77.010002,77.12,86699.0
2026-06-09T15:35:00-04:00,77.1401,77.22,76.95,76.95,80777.0
2026-06-09T15:40:00-04:00,76.87,77.11,76.84,77.059998,12883.0
2026-06-09T15:45:00-04:00,77.07,77.089996,76.9319,77.0,19790.0
2026-06-09T15:50:00-04:00,77.050003,77.47,77.050003,77.45,39308.0
2026-06-09T15:55:00-04:00,77.5,77.82,77.42,77.76,287551.0
2026-06-10T09:30:00-04:00,75.17,76.22,74.99,75.635,153316.0
2026-06-10T09:35:00-04:00,75.525,76.75,75.525,76.5,24624.0
2026-06-10T09:40:00-04:00,76.51,77.2931,76.42,77.07,24000.0
2026-06-10T09:45:00-04:00,77.165,77.21,76.92,77.14,41388.0
2026-06-10T09:50:00-04:00,77.16,77.19,76.8,76.83,10800.0
2026-06-10T09:55:00-04:00,76.86,76.94,76.6082,76.66,23927.0
2026-06-10T10:00:00-04:00,76.6151,76.63,76.34,76.63,10550.0
2026-06-10T10:05:00-04:00,76.53,76.81,76.494,76.81,8365.0
2026-06-10T10:10:00-04:00,76.79,77.099998,76.66,76.78,47246.0
2026-06-10T10:15:00-04:00,76.785,76.94,76.5201,76.78,61736.0
2026-06-10T10:20:00-04:00,76.71,76.85,76.48,76.85,42343.0
2026-06-10T10:25:00-04:00,76.86,76.9682,76.72,76.855,19060.0
2026-06-10T10:30:00-04:00,76.776,76.855,76.59,76.85,11561.0
2026-06-10T10:35:00-04:00,76.78,76.83,76.21,76.42,18417.0
2026-06-10T10:40:00-04:00,76.43,76.6425,76.0,76.105,21097.0
2026-06-10T10:45:00-04:00,75.99,76.285,75.98,76.07,7066.0
2026-06-10T10:50:00-04:00,76.125,76.27,76.026001,76.026001,18489.0
2026-06-10T10:55:00-04:00,76.091698,76.099998,75.57,75.75,10435.0
2026-06-10T11:00:00-04:00,75.69,76.22,75.69,75.99,6787.0
2026-06-10T11:05:00-04:00,75.785,75.88,75.6,75.61,34806.0
2026-06-10T11:10:00-04:00,75.6,75.65,75.38,75.42,14800.0
2026-06-10T11:15:00-04:00,75.38,75.38,74.97,75.089996,37028.0
2026-06-10T11:20:00-04:00,75.12,75.5899,75.12,75.475,21886.0
2026-06-10T11:25:00-04:00,75.36,75.635,75.32,75.39,30451.0
2026-06-10T11:30:00-04:00,75.36,75.4924,75.125,75.295,30796.0
2026-06-10T11:35:00-04:00,75.28,75.445,75.16,75.29,12969.0
2026-06-10T11:40:00-04:00,75.22,75.44,75.14,75.44,19536.0
2026-06-10T11:45:00-04:00,75.36,75.6,74.8,75.035004,38184.0
2026-06-10T11:50:00-04:00,75.080002,75.355,74.6027,75.2101,20387.0
2026-06-10T11:55:00-04:00,75.125,75.5567,75.0299,75.49,6984.0
2026-06-10T12:00:00-04:00,75.37,75.69,75.37,75.61,16587.0
2026-06-10T12:05:00-04:00,75.62,75.92,75.6,75.79,20114.0
2026-06-10T12:10:00-04:00,75.72,75.77,75.48,75.665,10598.0
2026-06-10T12:15:00-04:00,75.85,75.87,75.76,75.87,2522.0
2026-06-10T12:20:00-04:00,75.85,75.92,75.61,75.69,40243.0
2026-06-10T12:25:00-04:00,75.62,75.74,75.58,75.69,5229.0
2026-06-10T12:30:00-04:00,75.655,75.71,75.49,75.615,14195.0
2026-06-10T12:35:00-04:00,75.5911,75.78,75.45,75.61,51085.0
2026-06-10T12:40:00-04:00,75.56,75.56,75.43,75.47,11355.0
2026-06-10T12:45:00-04:00,75.37,75.41,75.25,75.41,9414.0
2026-06-10T12:50:00-04:00,75.2912,75.55,75.26,75.425,1939.0
2026-06-10T12:55:00-04:00,75.4199,75.4199,75.245,75.37,5032.0
2026-06-10T13:00:00-04:00,75.47,75.525,75.35,75.4893,6512.0
2026-06-10T13:05:00-04:00,75.46,75.47,75.27,75.27,4491.0
2026-06-10T13:10:00-04:00,75.215,75.23,75.099998,75.1302,5997.0
2026-06-10T13:15:00-04:00,75.17,75.23,75.000099182,75.019997,8576.0
2026-06-10T13:20:00-04:00,75.059998,75.1025,74.9551,75.040001,5357.0
2026-06-10T13:25:00-04:00,75.029999,75.12,74.9625,75.044998,10919.0
2026-06-10T13:30:00-04:00,74.99,75.059998,74.8575,75.029999,12553.0
2026-06-10T13:35:00-04:00,74.9701,75.059998,74.95,74.95,24564.0
2026-06-10T13:40:00-04:00,74.9,74.9795,74.84,74.84,4865.0
2026-06-10T13:45:00-04:00,74.79,75.25,74.79,75.25,8245.0
2026-06-10T13:50:00-04:00,75.2999,75.365,75.010101,75.3164,10539.0
2026-06-10T13:55:00-04:00,75.305,75.445,75.305,75.375,1665.0
2026-06-10T14:00:00-04:00,75.47,75.63,75.38,75.62,12391.0
2026-06-10T14:05:00-04:00,75.595,75.6252,75.36,75.37,6061.0
2026-06-10T14:10:00-04:00,75.42,75.44,75.34,75.34,8986.0
2026-06-10T14:15:00-04:00,75.38,75.43,75.23,75.265,20699.0
2026-06-10T14:20:00-04:00,75.305,75.37,75.2,75.2,4336.0
2026-06-10T14:25:00-04:00,75.21,75.21,75.010101,75.16,11432.0
2026-06-10T14:30:00-04:00,75.15,75.23,75.11,75.11,38285.0
2026-06-10T14:35:00-04:00,75.15,75.19,74.98,75.115,40944.0
2026-06-10T14:40:00-04:00,75.13,75.1725,74.99,74.99,7913.0
2026-06-10T14:45:00-04:00,74.94,75.080002,74.92,75.080002,4466.0
2026-06-10T14:50:00-04:00,74.95,75.099998,74.88,75.092499,7472.0
2026-06-10T14:55:00-04:00,75.019997,75.089996,74.88,74.95,13981.0
2026-06-10T15:00:00-04:00,74.95,74.985,74.811,74.86,23169.0
2026-06-10T15:05:00-04:00,74.88,74.93,74.76,74.82,13082.0
2026-06-10T15:10:00-04:00,74.76,74.79,74.6301,74.66,7235.0
2026-06-10T15:15:00-04:00,74.69,74.725,74.57,74.59,15830.0
2026-06-10T15:20:00-04:00,74.57,74.61,74.37,74.48,36018.0
2026-06-10T15:25:00-04:00,74.47,74.485,74.2825,74.365,35337.0
2026-06-10T15:30:00-04:00,74.33,74.53,74.2903,74.525,94551.0
2026-06-10T15:35:00-04:00,74.54,74.66,74.44,74.57,42995.0
2026-06-10T15:40:00-04:00,74.62,74.74,74.5801,74.705,63920.0
2026-06-10T15:45:00-04:00,74.705,74.74,74.505,74.57,126926.0
2026-06-10T15:50:00-04:00,74.56,74.73,74.49,74.52,173892.0
2026-06-10T15:55:00-04:00,74.52,74.52,74.18,74.305,516299.0
2026-06-11T09:30:00-04:00,74.64,75.22,74.49,74.89,67863.0
2026-06-11T09:35:00-04:00,74.895,75.38,74.75,74.88,29577.0
2026-06-11T09:40:00-04:00,74.77,74.815,74.089996,74.445,16563.0
2026-06-11T09:45:00-04:00,74.3385,75.65,74.3385,75.22,24083.0
2026-06-11T09:50:00-04:00,75.25,75.47,75.099998,75.4,22455.0
2026-06-11T09:55:00-04:00,75.43,75.59,75.080002,75.080002,8906.0
2026-06-11T10:00:00-04:00,75.020897,75.23,74.945,75.23,12036.0
2026-06-11T10:05:00-04:00,74.97,75.07,74.8,74.835,11103.0
2026-06-11T10:10:00-04:00,74.61,74.81,74.38,74.545,12536.0
2026-06-11T10:15:00-04:00,74.77,74.77,74.46,74.52,8984.0
2026-06-11T10:20:00-04:00,74.56,75.34,74.56,75.17,7528.0
2026-06-11T10:25:00-04:00,75.040001,75.185,74.905,75.080002,8519.0
2026-06-11T10:30:00-04:00,75.050003,75.3,75.040001,75.15,10204.0
2026-06-11T10:35:00-04:00,75.089996,75.58,75.089996,75.405,7269.0
2026-06-11T10:40:00-04:00,75.48,75.58,75.2,75.25,7935.0
2026-06-11T10:45:00-04:00,75.17,75.29,75.07,75.29,11287.0
2026-06-11T10:50:00-04:00,75.099998,75.2,75.029999,75.055,6741.0
2026-06-11T10:55:00-04:00,75.040001,75.099998,74.82,74.96,5596.0
2026-06-11T11:00:00-04:00,74.9,75.099998,74.7,75.099998,9505.0
2026-06-11T11:05:00-04:00,74.94,75.58,74.87,75.58,12683.0
2026-06-11T11:10:00-04:00,75.4,75.69,75.4,75.5,5540.0
2026-06-11T11:15:00-04:00,75.46,75.62,75.34,75.41,2879.0
2026-06-11T11:20:00-04:00,75.41,75.81,75.41,75.4901,9311.0
2026-06-11T11:25:00-04:00,75.49,75.62,75.41,75.62,1934.0
2026-06-11T11:30:00-04:00,75.53,75.74,75.46,75.62,6893.0
2026-06-11T11:35:00-04:00,75.71,75.87,75.65,75.87,5803.0
2026-06-11T11:40:00-04:00,75.92,75.92,75.7241,75.82,3817.0
2026-06-11T11:45:00-04:00,75.86,75.9,75.67,75.67,4125.0
2026-06-11T11:50:00-04:00,75.64,75.73,75.54,75.54,1646.0
2026-06-11T11:55:00-04:00,75.53,75.68,75.46,75.68,11021.0
2026-06-11T12:00:00-04:00,75.615,75.7401,75.595,75.595,2923.0
2026-06-11T12:05:00-04:00,75.67,75.75,75.6653,75.67,1037.0
2026-06-11T12:10:00-04:00,75.68,75.93,75.68,75.93,8153.0
2026-06-11T12:15:00-04:00,75.89,76.0,75.74,75.74,2945.0
2026-06-11T12:20:00-04:00,75.82,75.82,75.51,75.59,12384.0
2026-06-11T12:25:00-04:00,75.5788,75.595,75.46,75.46,3556.0
2026-06-11T12:30:00-04:00,75.44,76.099998,75.44,75.885,8001.0
2026-06-11T12:35:00-04:00,75.82,75.93,75.735,75.795,1344.0
2026-06-11T12:40:00-04:00,75.765,75.91,75.765,75.855,5169.0
2026-06-11T12:45:00-04:00,75.94,76.0,75.83,75.9892,3171.0
2026-06-11T12:50:00-04:00,76.0025024,76.010002,75.9,75.96,3966.0
2026-06-11T12:55:00-04:00,75.92,76.089996,75.86,75.86,2639.0
2026-06-11T13:00:00-04:00,75.93,76.059998,75.71,75.77,3562.0
2026-06-11T13:05:00-04:00,75.63,75.84,75.63,75.832,2205.0
2026-06-11T13:10:00-04:00,75.87,75.94,75.74,75.74,2282.0
2026-06-11T13:15:00-04:00,75.795,75.84,75.6001,75.705,1424.0
2026-06-11T13:20:00-04:00,75.69,75.74,75.64,75.73,2447.0
2026-06-11T13:25:00-04:00,75.83,77.185,75.83,77.185,26416.0
2026-06-11T13:30:00-04:00,77.24,78.080002,77.24,78.0,17411.0
2026-06-11T13:35:00-04:00,77.935,78.42,77.8,78.3,16757.0
2026-06-11T13:40:00-04:00,78.25,78.7,78.15,78.65,19018.0
2026-06-11T13:45:00-04:00,78.56,78.56,77.97,78.059998,18016.0
2026-06-11T13:50:00-04:00,78.0,78.080002,77.84,77.94,5069.0
2026-06-11T13:55:00-04:00,77.805,77.93,77.67,77.7107,108598.0
2026-06-11T14:00:00-04:00,77.665,77.69,77.029999,77.18,9330.0
2026-06-11T14:05:00-04:00,77.16,77.33,76.98,77.33,8281.0
2026-06-11T14:10:00-04:00,77.275,77.59,77.265,77.465,5964.0
2026-06-11T14:15:00-04:00,77.71,77.965,77.7,77.8,4286.0
2026-06-11T14:20:00-04:00,77.87,77.9,77.4901,77.9,8082.0
2026-06-11T14:25:00-04:00,77.8399,77.88,77.7,77.85,18618.0
2026-06-11T14:30:00-04:00,77.75,77.8499,77.63,77.63,10527.0
2026-06-11T14:35:00-04:00,77.6443,77.74,77.59,77.69,8399.0
2026-06-11T14:40:00-04:00,77.525,77.8399,77.525,77.8,5559.0
2026-06-11T14:45:00-04:00,77.865,78.059898,77.83,78.059898,11374.0
2026-06-11T14:50:00-04:00,78.010002,78.050003,77.92,78.0,6557.0
2026-06-11T14:55:00-04:00,77.93,77.95,77.8001,77.925,9876.0
2026-06-11T15:00:00-04:00,77.895,78.16,77.895,78.14,5201.0
2026-06-11T15:05:00-04:00,78.065002,78.11,77.85,78.11,9302.0
2026-06-11T15:10:00-04:00,78.135,78.52,78.135,78.52,5611.0
2026-06-11T15:15:00-04:00,78.32,78.62,78.32,78.62,26734.0
2026-06-11T15:20:00-04:00,78.62,78.69,78.51,78.67,8046.0
2026-06-11T15:25:00-04:00,78.63,78.83,78.63,78.79,22669.0
2026-06-11T15:30:00-04:00,78.8,79.4599,78.8,79.14,65473.0
2026-06-11T15:35:00-04:00,79.0007019,79.215,79.0007019,79.16,17040.0
2026-06-11T15:40:00-04:00,79.14,79.38,79.080002,79.16,11187.0
2026-06-11T15:45:00-04:00,79.16,79.215,78.97,79.059998,37520.0
2026-06-11T15:50:00-04:00,79.080002,79.13,78.92,79.07,105168.0
2026-06-11T15:55:00-04:00,79.11,79.21,79.010002,79.040001,120372.0
2026-06-12T09:30:00-04:00,79.29,80.4,79.22,79.77,114811.0
2026-06-12T09:35:00-04:00,79.87,80.21,79.651,79.89,19427.0
2026-06-12T09:40:00-04:00,79.92,80.010002,79.29,79.5858,8078.0
2026-06-12T09:45:00-04:00,79.48,79.775,79.28,79.775,8913.0
2026-06-12T09:50:00-04:00,79.71,80.095001,79.66,79.86,5366.0
2026-06-12T09:55:00-04:00,79.95,80.275,79.8795,80.13,23462.0
2026-06-12T10:00:00-04:00,80.25,80.77,80.25,80.37,14872.0
2026-06-12T10:05:00-04:00,80.43,80.945,80.18,80.945,20722.0
2026-06-12T10:10:00-04:00,80.88,80.9277,80.31,80.4599,19911.0
2026-06-12T10:15:00-04:00,80.38,80.63,80.28,80.51,5066.0
2026-06-12T10:20:00-04:00,80.52,80.6099,80.2,80.523,11229.0
2026-06-12T10:25:00-04:00,80.48,80.4999,80.185,80.185,6417.0
2026-06-12T10:30:00-04:00,80.31,80.4,80.029999,80.26,5291.0
2026-06-12T10:35:00-04:00,80.205,80.27,80.089996,80.23,7043.0
2026-06-12T10:40:00-04:00,80.3397,80.3397,79.665,79.665,5599.0
2026-06-12T10:45:00-04:00,79.84,79.895,79.3201,79.575,4881.0
2026-06-12T10:50:00-04:00,79.5,80.55,79.42,80.54,26375.0
2026-06-12T10:55:00-04:00,80.67,81.009903,80.67,80.9604,12111.0
2026-06-12T11:00:00-04:00,80.8758,80.995,80.57,80.735,13943.0
2026-06-12T11:05:00-04:00,81.080002,81.4,81.07,81.345,18266.0
2026-06-12T11:10:00-04:00,81.355,81.52,81.14,81.52,9177.0
2026-06-12T11:15:00-04:00,81.455,81.61,81.31,81.34,7619.0
2026-06-12T11:20:00-04:00,81.35,81.7701,81.29,81.74,8911.0
2026-06-12T11:25:00-04:00,81.7701,81.85,81.5,81.63,12135.0
2026-06-12T11:30:00-04:00,81.59,81.655,81.41,81.415,8878.0
2026-06-12T11:35:00-04:00,81.36,81.73,81.18,81.61,51834.0
2026-06-12T11:40:00-04:00,81.52,81.52,81.099998,81.16,38790.0
2026-06-12T11:45:00-04:00,81.35,81.35,81.0,81.025002,5260.0
2026-06-12T11:50:00-04:00,81.14,81.27,80.995,81.15,1600.0
2026-06-12T11:55:00-04:00,81.21,81.21,80.93,80.93,13270.0
2026-06-12T12:00:00-04:00,80.93,81.11,80.69,80.965,8941.0
2026-06-12T12:05:00-04:00,80.87,81.2,80.87,81.1895,1604.0
2026-06-12T12:10:00-04:00,81.13,81.97,80.97,81.63,19071.0
2026-06-12T12:15:00-04:00,81.89,82.25,81.89,81.92,6724.0
2026-06-12T12:20:00-04:00,81.95,82.029999,81.76,81.76,2811.0
2026-06-12T12:25:00-04:00,81.73,81.965,81.56,81.755,8993.0
2026-06-12T12:30:00-04:00,81.775,81.86,81.66,81.86,3189.0
2026-06-12T12:35:00-04:00,81.7,81.83,81.66,81.81,3260.0
2026-06-12T12:40:00-04:00,81.92,82.050003,81.75,81.75,4374.0
2026-06-12T12:45:00-04:00,81.785,81.97,81.785,81.97,3521.0
2026-06-12T12:50:00-04:00,81.8703,82.0,81.79,81.92,16940.0
2026-06-12T12:55:00-04:00,81.89,81.95,81.76,81.95,6948.0
2026-06-12T13:00:00-04:00,81.9451,82.0,81.84,82.0,4092.0
2026-06-12T13:05:00-04:00,81.95,82.28,81.95,82.18,7599.0
2026-06-12T13:10:00-04:00,82.19,82.1901,81.965,82.040001,3561.0
2026-06-12T13:15:00-04:00,82.059998,82.14,81.91,82.080002,4740.0
2026-06-12T13:20:00-04:00,82.050003,82.2257,82.050003,82.07,4547.0
2026-06-12T13:25:00-04:00,82.059998,82.14,82.0,82.14,6155.0
2026-06-12T13:30:00-04:00,82.135,82.19,82.059998,82.19,4246.0
2026-06-12T13:35:00-04:00,82.21,82.24,82.080002,82.105,3332.0
2026-06-12T13:40:00-04:00,82.105,82.28,82.059998,82.28,5127.0
2026-06-12T13:45:00-04:00,82.27,82.34016,82.22,82.24,5336.0
2026-06-12T13:50:00-04:00,82.2,82.28,82.18,82.2105,1791.0
2026-06-12T13:55:00-04:00,82.20755,82.235,82.080002,82.22,6194.0
2026-06-12T14:00:00-04:00,82.22,82.3,82.14,82.14,6646.0
2026-06-12T14:05:00-04:00,82.12,82.22,82.059998,82.15,2004.0
2026-06-12T14:10:00-04:00,82.195,82.24,82.11,82.115,4259.0
2026-06-12T14:15:00-04:00,82.099998,82.24,82.080002,82.16,4457.0
2026-06-12T14:20:00-04:00,82.12,82.2,82.080002,82.14,2382.0
2026-06-12T14:25:00-04:00,82.07,82.155,82.07,82.155,2413.0
2026-06-12T14:30:00-04:00,82.155,82.16,82.050003,82.089996,3150.0
2026-06-12T14:35:00-04:00,82.0233,82.25,82.0233,82.25,4648.0
2026-06-12T14:40:00-04:00,82.1901,82.295,82.15,82.23,4612.0
2026-06-12T14:45:00-04:00,82.23,82.23,82.099998,82.11,2096.0
2026-06-12T14:50:00-04:00,82.115,82.115,82.050003,82.11,3058.0
2026-06-12T14:55:00-04:00,82.050003,82.050003,81.775,81.81,8092.0
2026-06-12T15:00:00-04:00,81.77,82.0,81.77,82.0,4989.0
2026-06-12T15:05:00-04:00,81.97,82.059998,81.92,82.019997,4819.0
2026-06-12T15:10:00-04:00,81.95,82.085602,81.88,81.97,7813.0
2026-06-12T15:15:00-04:00,81.97,82.019997,81.86,82.019997,8788.0
2026-06-12T15:20:00-04:00,81.98,82.125,81.97,81.99,4888.0
2026-06-12T15:25:00-04:00,81.955,82.066002,81.955,82.0049973,4981.0
2026-06-12T15:30:00-04:00,82.0049973,82.089996,81.9,81.9,9954.0
2026-06-12T15:35:00-04:00,81.77,82.019997,81.76,81.8,18502.0
2026-06-12T15:40:00-04:00,81.795,81.92,81.65,81.65,9551.0
2026-06-12T15:45:00-04:00,81.7,81.7,81.53,81.61,19206.0
2026-06-12T15:50:00-04:00,81.64,81.7514,81.5,81.52,18884.0
2026-06-12T15:55:00-04:00,81.53,81.69,81.5,81.62,65415.0
2026-06-15T09:30:00-04:00,87.52,89.26,87.0,88.7,295840.0
2026-06-15T09:35:00-04:00,88.73,89.099998,88.445,88.875,62331.0
2026-06-15T09:40:00-04:00,88.79,89.25,88.6313,88.87,64331.0
2026-06-15T09:45:00-04:00,88.86,88.86,88.35,88.4,44509.0
2026-06-15T09:50:00-04:00,88.455,88.83,88.35,88.67,35052.0
2026-06-15T09:55:00-04:00,88.67,88.8,88.5,88.8,22739.0
2026-06-15T10:00:00-04:00,88.815,88.87,88.6,88.75,28100.0
2026-06-15T10:05:00-04:00,88.74,88.92,88.65,88.72,32708.0
2026-06-15T10:10:00-04:00,88.71,88.725,88.17,88.17,42632.0
2026-06-15T10:15:00-04:00,88.215,88.27,88.080002,88.22,37329.0
2026-06-15T10:20:00-04:00,88.23,88.2401,87.9,87.98,25387.0
2026-06-15T10:25:00-04:00,88.0196,88.3,87.9401,88.3,10689.0
2026-06-15T10:30:00-04:00,88.22,88.26,87.72,87.72,10999.0
2026-06-15T10:35:00-04:00,87.76,87.76,87.52,87.655,10627.0
2026-06-15T10:40:00-04:00,87.66,87.83,87.5,87.5,7705.0
2026-06-15T10:45:00-04:00,87.51,88.13,87.51,88.12,10981.0
2026-06-15T10:50:00-04:00,88.07,88.13,87.94,88.074997,7677.0
2026-06-15T10:55:00-04:00,87.99,88.029999,87.75,87.8,23630.0
2026-06-15T11:00:00-04:00,87.77,87.88,87.65,87.76,9400.0
2026-06-15T11:05:00-04:00,87.84,87.939,87.68,87.71,7882.0
2026-06-15T11:10:00-04:00,87.765,87.765,87.49,87.5,12762.0
2026-06-15T11:15:00-04:00,87.52,87.72,87.52,87.68,6341.0
2026-06-15T11:20:00-04:00,87.68,87.98,87.65,87.95,5767.0
2026-06-15T11:25:00-04:00,87.93,88.035004,87.87,88.035004,5763.0
2026-06-15T11:30:00-04:00,88.0,88.059998,87.88,87.89,8141.0
2026-06-15T11:35:00-04:00,87.99,88.25,87.84,88.25,49728.0
2026-06-15T11:40:00-04:00,88.18,88.24,88.07,88.07,34163.0
2026-06-15T11:45:00-04:00,88.089996,88.095001,87.945,87.995,6700.0
2026-06-15T11:50:00-04:00,87.965,87.9661,87.77,87.77,4840.0
2026-06-15T11:55:00-04:00,87.77,87.9,87.73,87.745,20338.0
2026-06-15T12:00:00-04:00,87.775,87.775,87.61,87.765,7658.0
2026-06-15T12:05:00-04:00,87.815,87.815,87.57,87.57,4312.0
2026-06-15T12:10:00-04:00,87.51,87.51,87.34,87.44,3029.0
2026-06-15T12:15:00-04:00,87.41,87.52,87.36,87.36,6779.0
2026-06-15T12:20:00-04:00,87.41,87.4101,87.2801,87.385,9238.0
2026-06-15T12:25:00-04:00,87.37,87.42,87.225,87.42,8019.0
2026-06-15T12:30:00-04:00,87.46,87.5236,87.315,87.485,34285.0
2026-06-15T12:35:00-04:00,87.48,87.54,87.3245,87.4,9641.0
2026-06-15T12:40:00-04:00,87.293,87.34,87.065002,87.16,20381.0
2026-06-15T12:45:00-04:00,87.21,87.25,87.059998,87.11,4649.0
2026-06-15T12:50:00-04:00,87.17,87.17,87.055,87.125,2834.0
2026-06-15T12:55:00-04:00,87.15,87.18,87.070099,87.15,25089.0
2026-06-15T13:00:00-04:00,87.15,87.19,87.0,87.080002,12643.0
2026-06-15T13:05:00-04:00,87.11,87.11,86.8,86.98,6646.0
2026-06-15T13:10:00-04:00,86.99,87.2,86.9201,87.019997,3132.0
2026-06-15T13:15:00-04:00,87.044998,87.099998,87.029999,87.099998,2127.0
2026-06-15T13:20:00-04:00,87.019997,87.12,87.010002,87.055,2733.0
2026-06-15T13:25:00-04:00,87.099998,87.1385,87.035004,87.035004,7973.0
2026-06-15T13:30:00-04:00,87.035004,87.07,86.9,86.9,14283.0
2026-06-15T13:35:00-04:00,86.9,86.9,86.6584,86.6669,14940.0
2026-06-15T13:40:00-04:00,86.67,86.7,86.59,86.67,4568.0
2026-06-15T13:45:00-04:00,86.6695,86.7727,86.63,86.75,3668.0
2026-06-15T13:50:00-04:00,86.69,86.69,86.53,86.54,5518.0
2026-06-15T13:55:00-04:00,86.54,86.67,86.54,86.6475,4494.0
2026-06-15T14:00:00-04:00,86.623,86.7,86.485,86.62,9209.0
2026-06-15T14:05:00-04:00,86.565,86.6499,86.565,86.5851,992.0
2026-06-15T14:10:00-04:00,86.65,86.73,86.535,86.73,15668.0
2026-06-15T14:15:00-04:00,86.65,86.79,86.64,86.77,19394.0
2026-06-15T14:20:00-04:00,86.77,86.935,86.7601,86.935,26074.0
2026-06-15T14:25:00-04:00,86.89,86.945,86.82,86.83,8661.0
2026-06-15T14:30:00-04:00,86.84,86.91,86.76,86.87,6731.0
2026-06-15T14:35:00-04:00,86.82,86.91,86.82,86.84,3031.0
2026-06-15T14:40:00-04:00,86.855,86.91,86.79,86.79,6775.0
2026-06-15T14:45:00-04:00,86.8375,86.8492,86.7427,86.82,4424.0
2026-06-15T14:50:00-04:00,86.79,86.8899,86.71,86.84,9065.0
2026-06-15T14:55:00-04:00,86.84,86.8899,86.77,86.835,9287.0
2026-06-15T15:00:00-04:00,86.81,86.9,86.73,86.73,5776.0
2026-06-15T15:05:00-04:00,86.7225,86.865,86.6601,86.725,14403.0
2026-06-15T15:10:00-04:00,86.73,86.73,86.5606,86.73,8293.0
2026-06-15T15:15:00-04:00,86.73,86.7899,86.65,86.755,2788.0
2026-06-15T15:20:00-04:00,86.8,86.9,86.72,86.9,10860.0
2026-06-15T15:25:00-04:00,86.88,86.93,86.76,86.76,8301.0
2026-06-15T15:30:00-04:00,86.88,87.015999,86.71,86.71,11442.0
2026-06-15T15:35:00-04:00,86.685,86.855,86.67,86.7975,7781.0
2026-06-15T15:40:00-04:00,86.73,86.76,86.6,86.66,11044.0
2026-06-15T15:45:00-04:00,86.65,86.73,86.62,86.68,8421.0
2026-06-15T15:50:00-04:00,86.68,86.95,86.67,86.9,54757.0
2026-06-15T15:55:00-04:00,86.92,87.089996,86.775,86.94,57742.0
2026-06-16T09:30:00-04:00,88.010002,89.18,88.010002,88.65,85007.0
2026-06-16T09:35:00-04:00,88.9299,89.099998,88.605,88.95,88444.0
2026-06-16T09:40:00-04:00,88.95,89.56,88.92,89.48,34317.0
2026-06-16T09:45:00-04:00,89.56,89.57,89.255,89.41,17700.0
2026-06-16T09:50:00-04:00,89.38,89.45,89.25,89.25,13729.0
2026-06-16T09:55:00-04:00,89.2212,89.2212,88.87,89.050003,42785.0
2026-06-16T10:00:00-04:00,89.040001,89.34,89.0,89.205,21814.0
2026-06-16T10:05:00-04:00,89.2206,89.2206,88.85,88.85,3929.0
2026-06-16T10:10:00-04:00,88.865,89.25,88.81,89.115,18963.0
2026-06-16T10:15:00-04:00,89.084999,89.087502,88.3,88.34,42594.0
2026-06-16T10:20:00-04:00,88.39,88.39,87.85,88.038002,31139.0
2026-06-16T10:25:00-04:00,88.029999,88.029999,87.58,87.66,11432.0
2026-06-16T10:30:00-04:00,87.8011,87.8011,87.4584,87.73,9681.0
2026-06-16T10:35:00-04:00,87.8245,88.57,87.7433,88.555,19829.0
2026-06-16T10:40:00-04:00,88.53,88.78,88.46,88.67,8536.0
2026-06-16T10:45:00-04:00,88.73,88.86,88.67,88.7367,10108.0
2026-06-16T10:50:00-04:00,88.82,88.834,88.65,88.7,8504.0
2026-06-16T10:55:00-04:00,88.6,88.7727,88.46,88.5523,4754.0
2026-06-16T11:00:00-04:00,88.66,88.66,88.57,88.63,3329.0
2026-06-16T11:05:00-04:00,88.67,88.77,88.63,88.63,1238.0
2026-06-16T11:10:00-04:00,88.715,88.83,88.665,88.75,3690.0
2026-06-16T11:15:00-04:00,88.71,88.865,88.695,88.695,1473.0
2026-06-16T11:20:00-04:00,88.71,88.71,88.43,88.48,3897.0
2026-06-16T11:25:00-04:00,88.49,88.49,88.29,88.43,1961.0
2026-06-16T11:30:00-04:00,88.5,88.525,88.44,88.46,2077.0
2026-06-16T11:35:00-04:00,88.48,88.55,88.4,88.4,4404.0
2026-06-16T11:40:00-04:00,88.27,88.43,88.27,88.35,10727.0
2026-06-16T11:45:00-04:00,88.39,88.39,87.94,88.135,11069.0
2026-06-16T11:50:00-04:00,88.16,88.61,88.15,88.56,14837.0
2026-06-16T11:55:00-04:00,88.66,89.105,88.62,88.85,13084.0
2026-06-16T12:00:00-04:00,88.8964,89.2,88.82,88.8943,14619.0
2026-06-16T12:05:00-04:00,88.91,89.145,88.91,89.145,5104.0
2026-06-16T12:10:00-04:00,89.25,89.2653,89.11,89.24,9862.0
2026-06-16T12:15:00-04:00,89.23,89.33,89.23,89.24,2649.0
2026-06-16T12:20:00-04:00,89.3424,89.3424,89.21,89.23,1740.0
2026-06-16T12:25:00-04:00,89.305,89.37,89.305,89.305,1015.0
2026-06-16T12:30:00-04:00,89.22,89.27,89.059998,89.059998,2487.0
2026-06-16T12:35:00-04:00,89.040001,89.11,88.93,89.11,5655.0
2026-06-16T12:40:00-04:00,89.07,89.155,88.975,88.98,13175.0
2026-06-16T12:45:00-04:00,88.995,89.074997,88.96,89.010002,5512.0
2026-06-16T12:50:00-04:00,88.99,89.019997,88.89,89.019997,2969.0
2026-06-16T12:55:00-04:00,89.019997,89.029999,88.93,88.99,2540.0
2026-06-16T13:00:00-04:00,88.97,89.040001,88.86,89.040001,3709.0
2026-06-16T13:05:00-04:00,88.95,89.019897,88.95,88.95,9102.0
2026-06-16T13:10:00-04:00,88.98,89.042503,88.91,88.965,5237.0
2026-06-16T13:15:00-04:00,88.97,88.984,88.88,88.88,3822.0
2026-06-16T13:20:00-04:00,88.86,88.86,88.72,88.83,2365.0
2026-06-16T13:25:00-04:00,88.89,88.955,88.8075,88.86,3959.0
2026-06-16T13:30:00-04:00,88.84,89.059898,88.76,88.965,3040.0
2026-06-16T13:35:00-04:00,88.96,89.080002,88.8201,88.89,3292.0
2026-06-16T13:40:00-04:00,88.88,89.099998,88.88,89.095703,3091.0
2026-06-16T13:45:00-04:00,89.080002,89.099998,89.0,89.089996,1703.0
2026-06-16T13:50:00-04:00,89.13,89.22,89.13,89.22,1811.0
2026-06-16T13:55:00-04:00,89.2799,89.305,89.17,89.305,25274.0
2026-06-16T14:00:00-04:00,89.3,89.37,89.25,89.35,9119.0
2026-06-16T14:05:00-04:00,89.3,89.39,89.3,89.365,13245.0
2026-06-16T14:10:00-04:00,89.39,89.49,89.35,89.395,39275.0
2026-06-16T14:15:00-04:00,89.35,89.4,89.28,89.39,5877.0
2026-06-16T14:20:00-04:00,89.385,89.46,89.36,89.46,10380.0
2026-06-16T14:25:00-04:00,89.46,89.55,89.45,89.535,9061.0
2026-06-16T14:30:00-04:00,89.54,89.5999,89.46,89.53,5621.0
2026-06-16T14:35:00-04:00,89.54,89.57,89.42,89.48,11932.0
2026-06-16T14:40:00-04:00,89.45,89.57,89.4,89.43,11186.0
2026-06-16T14:45:00-04:00,89.42,89.49,89.33,89.345,16136.0
2026-06-16T14:50:00-04:00,89.33,89.44,89.3,89.44,8563.0
2026-06-16T14:55:00-04:00,89.4256,89.4948,89.31,89.35,8849.0
2026-06-16T15:00:00-04:00,89.31,89.49,89.27,89.42,12548.0
2026-06-16T15:05:00-04:00,89.42,89.46,89.33,89.355,15743.0
2026-06-16T15:10:00-04:00,89.36,89.4499,89.34,89.41,16598.0
2026-06-16T15:15:00-04:00,89.37,89.6,89.3,89.6,11767.0
2026-06-16T15:20:00-04:00,89.59,89.8622,89.59,89.825,16408.0
2026-06-16T15:25:00-04:00,89.83,89.88,89.73,89.8,13509.0
2026-06-16T15:30:00-04:00,89.86,89.92,89.72,89.74,12157.0
2026-06-16T15:35:00-04:00,89.76,89.76,89.61,89.61,8883.0
2026-06-16T15:40:00-04:00,89.605,89.71,89.58,89.665,12226.0
2026-06-16T15:45:00-04:00,89.665,89.715,89.56,89.59,15115.0
2026-06-16T15:50:00-04:00,89.6,89.76,89.41,89.52,20100.0
2026-06-16T15:55:00-04:00,89.52,89.52,89.2,89.21,52866.0
2026-06-17T09:30:00-04:00,88.72,89.39,88.72,89.26,70304.0
2026-06-17T09:35:00-04:00,89.295,89.85,89.295,89.7,17465.0
2026-06-17T09:40:00-04:00,89.795,90.55,89.72,90.545,38288.0
2026-06-17T09:45:00-04:00,90.55,90.71,90.38,90.38,36341.0
2026-06-17T09:50:00-04:00,90.46,90.85,90.29,90.29,13223.0
2026-06-17T09:55:00-04:00,90.225,90.25,90.0,90.010002,10352.0
2026-06-17T10:00:00-04:00,90.010002,90.6221,89.99,90.6221,15891.0
2026-06-17T10:05:00-04:00,90.63,91.025002,90.53,90.93,8257.0
2026-06-17T10:10:00-04:00,90.89,91.051697,90.69,90.69,4603.0
2026-06-17T10:15:00-04:00,90.8,90.8491,90.6,90.79,3933.0
2026-06-17T10:20:00-04:00,90.72,91.78,90.72,91.7,15991.0
2026-06-17T10:25:00-04:00,91.73,91.925,91.58,91.58,6500.0
2026-06-17T10:30:00-04:00,91.6918,91.798,91.42,91.6199,6995.0
2026-06-17T10:35:00-04:00,91.51,91.63,91.089996,91.21,12088.0
2026-06-17T10:40:00-04:00,91.1154,91.305,91.07,91.11,5840.0
2026-06-17T10:45:00-04:00,91.059998,91.14,90.059998,90.595,17679.0
2026-06-17T10:50:00-04:00,90.73,91.1375,90.7,91.089996,5056.0
2026-06-17T10:55:00-04:00,91.105,91.1362,90.83,90.98,9535.0
2026-06-17T11:00:00-04:00,91.025002,91.14,90.95,91.089996,6700.0
2026-06-17T11:05:00-04:00,91.040001,91.044998,90.82,90.82,6647.0
2026-06-17T11:10:00-04:00,90.875,91.155,90.8497,91.155,7412.0
2026-06-17T11:15:00-04:00,91.26,91.37,91.22,91.23,3422.0
2026-06-17T11:20:00-04:00,91.3299,91.4,91.245,91.3151,5048.0
2026-06-17T11:25:00-04:00,91.28,91.53,91.28,91.53,4633.0
2026-06-17T11:30:00-04:00,91.37,91.39,91.26,91.26,10105.0
2026-06-17T11:35:00-04:00,91.24,91.34,91.089996,91.28,35813.0
2026-06-17T11:40:00-04:00,91.32,91.35,91.11,91.16,33748.0
2026-06-17T11:45:00-04:00,91.14,91.36,91.14,91.31,36447.0
2026-06-17T11:50:00-04:00,91.26,91.4299,91.21,91.22,2956.0
2026-06-17T11:55:00-04:00,91.32,91.4,91.24,91.24,10293.0
2026-06-17T12:00:00-04:00,91.22,91.365,91.22,91.275,2962.0
2026-06-17T12:05:00-04:00,91.255,91.325,91.25,91.25,2227.0
2026-06-17T12:10:00-04:00,91.22,91.35,91.22,91.35,3777.0
2026-06-17T12:15:00-04:00,91.42,91.45,91.34,91.44,5994.0
2026-06-17T12:20:00-04:00,91.47,91.55,91.46,91.5177,4965.0
2026-06-17T12:25:00-04:00,91.42,91.4922,91.35,91.46,2766.0
2026-06-17T12:30:00-04:00,91.445,91.47,91.32,91.33,5534.0
2026-06-17T12:35:00-04:00,91.36,91.36,91.19,91.24,4225.0
2026-06-17T12:40:00-04:00,91.2,91.27,91.099998,91.27,4945.0
2026-06-17T12:45:00-04:00,91.3,91.349,91.13,91.21,2415.0
2026-06-17T12:50:00-04:00,91.19,91.295,91.18,91.295,9565.0
2026-06-17T12:55:00-04:00,91.34,91.41,91.24,91.41,6267.0
2026-06-17T13:00:00-04:00,91.43,91.615,91.405,91.52,6615.0
2026-06-17T13:05:00-04:00,91.5373,91.6,91.41,91.585,12089.0
2026-06-17T13:10:00-04:00,91.66,91.66,91.42,91.42,2702.0
2026-06-17T13:15:00-04:00,91.45,91.45,91.32,91.44,4069.0
2026-06-17T13:20:00-04:00,91.37,91.5097,91.36,91.43,2292.0
2026-06-17T13:25:00-04:00,91.3951,91.56,91.39,91.45,4262.0
2026-06-17T13:30:00-04:00,91.455,91.725,91.455,91.67,4601.0
2026-06-17T13:35:00-04:00,91.61,91.84,91.59,91.84,3199.0
2026-06-17T13:40:00-04:00,91.86,91.98,91.82,91.88,4784.0
2026-06-17T13:45:00-04:00,91.89,91.92,91.84,91.88,2533.0
2026-06-17T13:50:00-04:00,91.84,91.9,91.8,91.825,2412.0
2026-06-17T13:55:00-04:00,91.805,91.85,91.76,91.81,2775.0
2026-06-17T14:00:00-04:00,91.7,91.71,89.1938,89.225,38121.0
2026-06-17T14:05:00-04:00,89.225,89.33,88.24,88.8372,75933.0
2026-06-17T14:10:00-04:00,88.78,89.11,88.52,88.84,22147.0
2026-06-17T14:15:00-04:00,88.83,89.55,88.77,89.48,19813.0
2026-06-17T14:20:00-04:00,89.475,89.475,89.07,89.07,15923.0
2026-06-17T14:25:00-04:00,89.010002,89.099998,88.75,89.089996,8161.0
2026-06-17T14:30:00-04:00,89.135,89.71,88.52,88.58,24556.0
2026-06-17T14:35:00-04:00,89.050003,90.22,88.98,89.88,8361.0
2026-06-17T14:40:00-04:00,89.865,90.19,89.73,90.19,6922.0
2026-06-17T14:45:00-04:00,90.41,90.635,90.029999,90.365,11818.0
2026-06-17T14:50:00-04:00,90.48,90.59,90.26,90.27,5424.0
2026-06-17T14:55:00-04:00,90.31,90.31,89.42,89.795,11153.0
2026-06-17T15:00:00-04:00,89.9,90.1575,89.3,89.35,15847.0
2026-06-17T15:05:00-04:00,89.35,89.415,89.0,89.18,7078.0
2026-06-17T15:10:00-04:00,89.27,89.48,89.0,89.27,6826.0
2026-06-17T15:15:00-04:00,89.335,89.335,87.85,87.85,22530.0
2026-06-17T15:20:00-04:00,87.79,87.79,87.2,87.27,34047.0
2026-06-17T15:25:00-04:00,87.33,87.77,87.013901,87.145,5688.0
2026-06-17T15:30:00-04:00,87.125,87.215,86.735,86.735,22279.0
2026-06-17T15:35:00-04:00,86.81,86.985,86.4001,86.43,21707.0
2026-06-17T15:40:00-04:00,86.49,86.63,86.33,86.4,24232.0
2026-06-17T15:45:00-04:00,86.45,86.7599,86.4,86.54,29978.0
2026-06-17T15:50:00-04:00,86.54,86.79,86.31,86.405,45708.0
2026-06-17T15:55:00-04:00,86.405,86.63,85.95,86.13,104828.0
2026-06-18T09:30:00-04:00,86.0,87.31,85.95,87.31,67163.0
2026-06-18T09:35:00-04:00,87.365,87.82,87.12,87.47,42013.0
2026-06-18T09:40:00-04:00,87.31,87.325,86.77,86.925,15743.0
2026-06-18T09:45:00-04:00,86.78,86.8825,86.080002,86.39,17298.0
2026-06-18T09:50:00-04:00,86.5399,86.5399,85.75,86.0,13079.0
2026-06-18T09:55:00-04:00,86.010002,86.010002,85.0,85.53,25643.0
2026-06-18T10:00:00-04:00,85.481,85.525,84.89,85.12,33607.0
2026-06-18T10:05:00-04:00,85.13,85.66,85.010101,85.395,31938.0
2026-06-18T10:10:00-04:00,85.4365,85.4365,84.98,84.9901,16645.0
2026-06-18T10:15:00-04:00,84.96,85.235,84.67,85.235,16403.0
2026-06-18T10:20:00-04:00,85.2143,85.765,85.089996,85.59,15354.0
2026-06-18T10:25:00-04:00,85.51,85.631,85.16,85.16,6893.0
2026-06-18T10:30:00-04:00,85.15,85.28,85.0,85.28,16320.0
2026-06-18T10:35:00-04:00,85.31,85.5,85.040001,85.040001,2856.0
2026-06-18T10:40:00-04:00,85.12,85.12,84.31,84.3138,14208.0
2026-06-18T10:45:00-04:00,84.34,84.41,84.13,84.2155,8239.0
2026-06-18T10:50:00-04:00,84.3,84.5,84.28,84.48,6818.0
2026-06-18T10:55:00-04:00,84.48,84.706,84.32,84.5301,10806.0
2026-06-18T11:00:00-04:00,84.63,84.9,84.63,84.82,8622.0
2026-06-18T11:05:00-04:00,84.82,84.88,84.68,84.68,4676.0
2026-06-18T11:10:00-04:00,84.72,84.72,84.205,84.205,6954.0
2026-06-18T11:15:00-04:00,84.19,84.35,84.17,84.27,11625.0
2026-06-18T11:20:00-04:00,84.27,84.42,84.17,84.17,11594.0
2026-06-18T11:25:00-04:00,84.2197,84.26,84.0,84.07,15451.0
2026-06-18T11:30:00-04:00,84.089996,84.27,83.9,84.1375,11144.0
2026-06-18T11:35:00-04:00,84.089996,84.089996,83.56,83.8,32101.0
2026-06-18T11:40:00-04:00,83.755,84.061996,83.735,83.95,5954.0
2026-06-18T11:45:00-04:00,83.8,83.91,83.61,83.6599,8661.0
2026-06-18T11:50:00-04:00,83.69,83.88,83.61,83.68,7815.0
2026-06-18T11:55:00-04:00,83.68,83.78,83.58,83.73,13799.0
2026-06-18T12:00:00-04:00,83.82,83.97,83.74,83.91,8533.0
2026-06-18T12:05:00-04:00,84.025002,84.080002,83.98,84.050003,8927.0
2026-06-18T12:10:00-04:00,84.019997,84.019997,83.69,83.7599,15869.0
2026-06-18T12:15:00-04:00,83.74,83.79,83.5,83.64,102681.0
2026-06-18T12:20:00-04:00,83.6,83.66,83.565,83.655,4491.0
2026-06-18T12:25:00-04:00,83.68,83.8,83.52,83.54,16352.0
2026-06-18T12:30:00-04:00,83.54,83.74,83.485,83.545,9867.0
2026-06-18T12:35:00-04:00,83.46,83.5201,83.25,83.42,20437.0
2026-06-18T12:40:00-04:00,83.4,83.46,83.32,83.32,9207.0
2026-06-18T12:45:00-04:00,83.31,83.3299,83.080002,83.080002,11771.0
2026-06-18T12:50:00-04:00,83.080002,83.17,82.97,83.099998,9767.0
2026-06-18T12:55:00-04:00,83.040001,83.095001,82.98,83.059998,9604.0
2026-06-18T13:00:00-04:00,83.16,83.26,82.9657,83.23,8339.0
2026-06-18T13:05:00-04:00,83.275,83.4,83.2628,83.35,17590.0
2026-06-18T13:10:00-04:00,83.32,83.32,82.97,82.97,12831.0
2026-06-18T13:15:00-04:00,83.019997,83.165,82.84,83.080002,8450.0
2026-06-18T13:20:00-04:00,83.105,83.34,83.105,83.19,7034.0
2026-06-18T13:25:00-04:00,83.225,83.25,83.14,83.15,4375.0
2026-06-18T13:30:00-04:00,83.175,83.27,83.17,83.25,2148.0
2026-06-18T13:35:00-04:00,83.255,83.29,83.185,83.21,9456.0
2026-06-18T13:40:00-04:00,83.22,83.5,83.22,83.49,13040.0
2026-06-18T13:45:00-04:00,83.465,83.49,83.36,83.4765,4065.0
2026-06-18T13:50:00-04:00,83.42,83.52,83.42,83.52,3101.0
2026-06-18T13:55:00-04:00,83.472,83.58,83.44,83.48,26409.0
2026-06-18T14:00:00-04:00,83.48,83.58,83.4217,83.445,19785.0
2026-06-18T14:05:00-04:00,83.5,83.565,83.45,83.565,40122.0
2026-06-18T14:10:00-04:00,83.565,83.59,83.31,83.31,31517.0
2026-06-18T14:15:00-04:00,83.31,83.43,83.3,83.41,18778.0
2026-06-18T14:20:00-04:00,83.38,83.43,83.33,83.43,11925.0
2026-06-18T14:25:00-04:00,83.54,83.67,83.43,83.43,22244.0
2026-06-18T14:30:00-04:00,83.44,83.5,83.41,83.5,9585.0
2026-06-18T14:35:00-04:00,83.5075,83.6,83.46,83.6,30255.0
2026-06-18T14:40:00-04:00,83.6,83.63,83.51,83.525,64354.0
2026-06-18T14:45:00-04:00,83.54,83.57,83.36,83.41,49867.0
2026-06-18T14:50:00-04:00,83.44,83.53,83.39,83.485,10716.0
2026-06-18T14:55:00-04:00,83.54,83.6094,83.465,83.465,15127.0
2026-06-18T15:00:00-04:00,83.51,83.52,83.15,83.17,17404.0
2026-06-18T15:05:00-04:00,83.17,83.18,83.0,83.019997,7486.0
2026-06-18T15:10:00-04:00,83.029999,83.1684,82.88,83.14,9829.0
2026-06-18T15:15:00-04:00,83.14,83.16,83.040001,83.15,11862.0
2026-06-18T15:20:00-04:00,83.12,83.285,83.12,83.27,10982.0
2026-06-18T15:25:00-04:00,83.24,83.395,83.2,83.33,10539.0
2026-06-18T15:30:00-04:00,83.3201,83.41,83.24,83.31,13060.0
2026-06-18T15:35:00-04:00,83.32,83.51,83.32,83.51,12706.0
2026-06-18T15:40:00-04:00,83.53,83.72,83.48,83.64,11130.0
2026-06-18T15:45:00-04:00,83.66,83.76,83.64,83.76,19649.0
2026-06-18T15:50:00-04:00,83.73,84.1219,83.73,84.025002,34690.0
2026-06-18T15:55:00-04:00,84.050003,84.11,83.69,83.73,98933.0
2026-06-22T09:30:00-04:00,82.27,83.38,81.8044,82.9,139701.0
2026-06-22T09:35:00-04:00,82.805,83.28,82.735,83.21,62841.0
2026-06-22T09:40:00-04:00,83.059998,83.35,82.96,83.14,24994.0
2026-06-22T09:45:00-04:00,83.050003,83.5,82.91,83.21,31610.0
2026-06-22T09:50:00-04:00,83.22,83.3,82.9,83.074997,17326.0
2026-06-22T09:55:00-04:00,83.080002,83.17,82.91,83.019997,13206.0
2026-06-22T10:00:00-04:00,82.995,83.0,82.25,82.7,21425.0
2026-06-22T10:05:00-04:00,82.8,83.24,82.65,83.019997,20198.0
2026-06-22T10:10:00-04:00,83.13,83.13,82.705,82.815,17784.0
2026-06-22T10:15:00-04:00,82.75,82.91,82.245,82.25,20904.0
2026-06-22T10:20:00-04:00,82.22,82.22,82.029099,82.115,16127.0
2026-06-22T10:25:00-04:00,82.010002,82.25,81.9199,82.14,13559.0
2026-06-22T10:30:00-04:00,82.080002,82.28,81.9,82.2425,16646.0
2026-06-22T10:35:00-04:00,82.32,82.5,82.29,82.39,7962.0
2026-06-22T10:40:00-04:00,82.352,82.55,82.27,82.28,12013.0
2026-06-22T10:45:00-04:00,82.25,82.76,82.25,82.665,21925.0
2026-06-22T10:50:00-04:00,82.73,82.78,82.54,82.55,12678.0
2026-06-22T10:55:00-04:00,82.595,83.029999,82.54,82.91,6573.0
2026-06-22T11:00:00-04:00,82.9,83.19,82.9,83.145,13011.0
2026-06-22T11:05:00-04:00,83.15,83.32,83.065002,83.082497,8966.0
2026-06-22T11:10:00-04:00,83.13,83.27,83.11,83.19,1558.0
2026-06-22T11:15:00-04:00,83.14,83.23,82.73,82.8,11203.0
2026-06-22T11:20:00-04:00,82.835,82.9,82.71,82.84,5199.0
2026-06-22T11:25:00-04:00,82.91,83.029999,82.85,82.855,10138.0
2026-06-22T11:30:00-04:00,82.93,83.040001,82.9001,83.040001,28330.0
2026-06-22T11:35:00-04:00,82.87,82.9299,82.62,82.79,23166.0
2026-06-22T11:40:00-04:00,82.79,82.855,82.74,82.741,8580.0
2026-06-22T11:45:00-04:00,82.8,82.82,82.44,82.45,14475.0
2026-06-22T11:50:00-04:00,82.49,82.645,82.4816,82.62,15932.0
2026-06-22T11:55:00-04:00,82.7,82.8,82.65,82.66,3845.0
2026-06-22T12:00:00-04:00,82.71,82.89,82.64,82.64,9344.0
2026-06-22T12:05:00-04:00,82.61,82.635,82.44,82.495,8074.0
2026-06-22T12:10:00-04:00,82.51,82.6,82.4101,82.6,13207.0
2026-06-22T12:15:00-04:00,82.59,82.705,82.5301,82.705,16391.0
2026-06-22T12:20:00-04:00,82.65,82.78,82.52,82.56,6674.0
2026-06-22T12:25:00-04:00,82.62,82.74,82.52,82.66,50997.0
2026-06-22T12:30:00-04:00,82.69,82.82,82.62,82.82,21399.0
2026-06-22T12:35:00-04:00,82.82,82.945,82.82,82.83,7694.0
2026-06-22T12:40:00-04:00,82.79,82.92,82.68,82.89,3512.0
2026-06-22T12:45:00-04:00,82.87,82.93,82.8,82.93,3211.0
2026-06-22T12:50:00-04:00,82.94,83.099998,82.91,83.067497,11232.0
2026-06-22T12:55:00-04:00,83.12,83.12,82.92,82.97,4876.0
2026-06-22T13:00:00-04:00,83.0,83.0,82.8,82.8,5093.0
2026-06-22T13:05:00-04:00,82.8,82.87,82.74,82.74,5716.0
2026-06-22T13:10:00-04:00,82.76,82.84,82.7,82.81,20675.0
2026-06-22T13:15:00-04:00,82.775,82.84,82.73,82.73,2786.0
2026-06-22T13:20:00-04:00,82.785,82.9,82.785,82.8,9513.0
2026-06-22T13:25:00-04:00,82.78,82.85,82.7001,82.73,13168.0
2026-06-22T13:30:00-04:00,82.735,82.735,82.56,82.565,5174.0
2026-06-22T13:35:00-04:00,82.57,82.695,82.49,82.69,22389.0
2026-06-22T13:40:00-04:00,82.69,82.75,82.6,82.75,15976.0
2026-06-22T13:45:00-04:00,82.76,82.79,82.74,82.78,3184.0
2026-06-22T13:50:00-04:00,82.78,82.8085,82.73,82.77,4085.0
2026-06-22T13:55:00-04:00,82.75,82.83,82.74,82.78,4449.0
2026-06-22T14:00:00-04:00,82.82,82.85,82.715,82.77,5339.0
2026-06-22T14:05:00-04:00,82.815,82.99,82.815,82.99,10527.0
2026-06-22T14:10:00-04:00,83.029999,83.050003,82.92,82.98,8487.0
2026-06-22T14:15:00-04:00,83.07,83.089996,82.98,83.07,4419.0
2026-06-22T14:20:00-04:00,83.089996,83.18,83.050003,83.15,8141.0
2026-06-22T14:25:00-04:00,83.14,83.14,83.040001,83.089996,5288.0
2026-06-22T14:30:00-04:00,83.11,83.14,83.029999,83.11,5526.0
2026-06-22T14:35:00-04:00,83.080002,83.24,83.080002,83.18,4652.0
2026-06-22T14:40:00-04:00,83.205,83.29,83.205,83.26,4987.0
2026-06-22T14:45:00-04:00,83.235,83.33,83.21,83.29,11165.0
2026-06-22T14:50:00-04:00,83.3,83.3001,83.21,83.25,8119.0
2026-06-22T14:55:00-04:00,83.21,83.27,83.155,83.205,3060.0
2026-06-22T15:00:00-04:00,83.205,83.32,83.2,83.26,4616.0
2026-06-22T15:05:00-04:00,83.265,83.265,83.115,83.17,4402.0
2026-06-22T15:10:00-04:00,83.105,83.1999,83.080002,83.135,5872.0
2026-06-22T15:15:00-04:00,83.080002,83.099998,83.0,83.099998,5529.0
2026-06-22T15:20:00-04:00,83.025,83.025002,82.9,82.965,8922.0
2026-06-22T15:25:00-04:00,82.94,82.955,82.85,82.85,5346.0
2026-06-22T15:30:00-04:00,82.83,83.019997,82.83,82.9,7344.0
2026-06-22T15:35:00-04:00,82.94,82.95,82.89,82.91,6456.0
2026-06-22T15:40:00-04:00,82.92,82.92,82.66,82.66,15664.0
2026-06-22T15:45:00-04:00,82.69,82.815,82.67,82.8125,8714.0
2026-06-22T15:50:00-04:00,82.79,82.9,82.78,82.89,20876.0
2026-06-22T15:55:00-04:00,82.92,83.12,82.91,83.050003,69745.0
2026-06-23T09:30:00-04:00,78.485,78.86,77.7872,78.715,327339.0
2026-06-23T09:35:00-04:00,78.705,79.010002,78.39,78.93,74783.0
2026-06-23T09:40:00-04:00,78.91,79.37,78.64,78.98,31458.0
2026-06-23T09:45:00-04:00,78.89,79.18,78.59,79.17,11428.0
2026-06-23T09:50:00-04:00,79.35,79.73,79.2,79.73,29609.0
2026-06-23T09:55:00-04:00,79.67,79.91,79.5301,79.815,13613.0
2026-06-23T10:00:00-04:00,79.92,80.0,79.58,79.72,20705.0
2026-06-23T10:05:00-04:00,79.75,79.93,79.62,79.88,21436.0
2026-06-23T10:10:00-04:00,79.88,80.019997,79.57,79.7275,16814.0
2026-06-23T10:15:00-04:00,79.68,79.835,79.43,79.835,10135.0
2026-06-23T10:20:00-04:00,79.76,79.87,79.4797,79.53,16779.0
2026-06-23T10:25:00-04:00,79.455,79.455,79.14,79.35,8912.0
2026-06-23T10:30:00-04:00,79.285,79.36,78.95,79.099998,9341.0
2026-06-23T10:35:00-04:00,79.010002,79.13,78.84,79.080002,6283.0
2026-06-23T10:40:00-04:00,78.931,79.14,78.85,78.85,9689.0
2026-06-23T10:45:00-04:00,79.049896,79.049896,78.53,78.72,19091.0
2026-06-23T10:50:00-04:00,78.75,79.059998,78.73,78.79,8965.0
2026-06-23T10:55:00-04:00,78.825,79.059601,78.81,78.9307,8084.0
2026-06-23T11:00:00-04:00,79.029999,79.48,79.029999,79.32,7758.0
2026-06-23T11:05:00-04:00,79.27,79.27,79.019997,79.029999,5509.0
2026-06-23T11:10:00-04:00,79.07,79.22,79.0,79.22,10249.0
2026-06-23T11:15:00-04:00,79.13,79.1699,78.78,78.78,13188.0
2026-06-23T11:20:00-04:00,78.79,78.97,78.781,78.84,13313.0
2026-06-23T11:25:00-04:00,78.865,79.050003,78.82,78.97,9285.0
2026-06-23T11:30:00-04:00,79.0049973,79.34,78.96,79.14,13601.0
2026-06-23T11:35:00-04:00,79.2132,79.32,79.1577,79.21,8040.0
2026-06-23T11:40:00-04:00,79.2,79.38,79.18,79.34,4745.0
2026-06-23T11:45:00-04:00,79.4,79.4,79.2,79.21,9586.0
2026-06-23T11:50:00-04:00,79.21,79.5,79.13,79.5,7378.0
2026-06-23T11:55:00-04:00,79.41,79.59,79.37,79.57,6351.0
2026-06-23T12:00:00-04:00,79.5101,79.73,79.5101,79.67,14719.0
2026-06-23T12:05:00-04:00,79.82,79.82,79.68,79.81,4342.0
2026-06-23T12:10:00-04:00,79.85,80.080002,79.85,80.040001,15334.0
2026-06-23T12:15:00-04:00,80.080002,80.099998,79.9,80.059998,9596.0
2026-06-23T12:20:00-04:00,80.099998,80.13,79.98,80.014999,6586.0
2026-06-23T12:25:00-04:00,79.96,80.050003,79.85,79.9,11862.0
2026-06-23T12:30:00-04:00,79.87,79.92,79.73,79.74,11423.0
2026-06-23T12:35:00-04:00,79.74,79.87,79.74,79.811,10303.0
2026-06-23T12:40:00-04:00,79.845,79.91,79.74,79.86,5758.0
2026-06-23T12:45:00-04:00,79.81,79.81,79.73,79.75,7854.0
2026-06-23T12:50:00-04:00,79.72,79.7899,79.63,79.745,6005.0
2026-06-23T12:55:00-04:00,79.77,79.83,79.67,79.78,4323.0
2026-06-23T13:00:00-04:00,79.795,79.86,79.76,79.79,4158.0
2026-06-23T13:05:00-04:00,79.8,79.96,79.79,79.96,6084.0
2026-06-23T13:10:00-04:00,79.95,80.27,79.93,80.19,10073.0
2026-06-23T13:15:00-04:00,80.21,80.235,80.019997,80.019997,5151.0
2026-06-23T13:20:00-04:00,80.11,80.22,80.099998,80.18,3680.0
2026-06-23T13:25:00-04:00,80.099998,80.14,80.010002,80.029999,6852.0
2026-06-23T13:30:00-04:00,80.0,80.019997,79.955,80.0,27945.0
2026-06-23T13:35:00-04:00,80.03,80.03,79.97,80.0,11032.0
2026-06-23T13:40:00-04:00,79.9901,80.010002,79.86,79.89,7585.0
2026-06-23T13:45:00-04:00,79.87,79.93,79.83,79.85,4255.0
2026-06-23T13:50:00-04:00,79.815,79.815,79.5513,79.5513,2912.0
2026-06-23T13:55:00-04:00,79.525,79.545,79.48,79.48,4493.0
2026-06-23T14:00:00-04:00,79.49,79.61,79.4,79.47,58005.0
2026-06-23T14:05:00-04:00,79.48,79.51,79.28,79.31,17717.0
2026-06-23T14:10:00-04:00,79.35,79.46,79.34,79.34,5865.0
2026-06-23T14:15:00-04:00,79.31,79.31,79.17,79.17,4558.0
2026-06-23T14:20:00-04:00,79.13,79.33,79.13,79.18,7869.0
2026-06-23T14:25:00-04:00,79.13,79.1713,79.065804,79.065804,3590.0
2026-06-23T14:30:00-04:00,79.010002,79.089996,78.98,78.98,5439.0
2026-06-23T14:35:00-04:00,79.059998,79.11,78.99,78.99,3211.0
2026-06-23T14:40:00-04:00,78.97,78.9825,78.7,78.72,20806.0
2026-06-23T14:45:00-04:00,78.74,78.74,78.53,78.55,19001.0
2026-06-23T14:50:00-04:00,78.61,78.7,78.57,78.7,18797.0
2026-06-23T14:55:00-04:00,78.68,78.83,78.65,78.81,11180.0
2026-06-23T15:00:00-04:00,78.78,78.985,78.69,78.95,7002.0
2026-06-23T15:05:00-04:00,78.95,78.95,78.6001,78.637,9638.0
2026-06-23T15:10:00-04:00,78.655,78.83,78.62,78.68,19356.0
2026-06-23T15:15:00-04:00,78.64,78.64,78.36,78.36,9162.0
2026-06-23T15:20:00-04:00,78.39,78.715,78.36,78.6,14535.0
2026-06-23T15:25:00-04:00,78.59,78.69,78.55,78.69,8055.0
2026-06-23T15:30:00-04:00,78.6329,78.78,78.5709,78.715,14518.0
2026-06-23T15:35:00-04:00,78.73,78.83,78.6801,78.69,12033.0
2026-06-23T15:40:00-04:00,78.7,78.71,78.565,78.571,8042.0
2026-06-23T15:45:00-04:00,78.61,78.61,78.46,78.55,21807.0
2026-06-23T15:50:00-04:00,78.6,78.61,78.32,78.53,31595.0
2026-06-23T15:55:00-04:00,78.57,78.67,78.44,78.44,51354.0
2026-06-24T09:30:00-04:00,75.31,76.305,75.00029755,76.155,203657.0
2026-06-24T09:35:00-04:00,76.17,76.445,75.56,76.24,45030.0
2026-06-24T09:40:00-04:00,76.205,76.21,75.7508,76.025299,17276.0
2026-06-24T09:45:00-04:00,75.99,76.61,75.89,76.4653,39731.0
2026-06-24T09:50:00-04:00,76.49,77.12,76.49,76.65,42012.0
2026-06-24T09:55:00-04:00,76.7,77.029999,76.44,76.96,36252.0
2026-06-24T10:00:00-04:00,76.87,77.050003,76.07,76.07,36574.0
2026-06-24T10:05:00-04:00,76.14,76.74,76.14,76.74,24515.0
2026-06-24T10:10:00-04:00,76.68,76.88,76.33,76.425,20161.0
2026-06-24T10:15:00-04:00,76.405,76.44,76.019997,76.32,18582.0
2026-06-24T10:20:00-04:00,76.24,76.42,76.12,76.12,29486.0
2026-06-24T10:25:00-04:00,76.12,76.26,76.089996,76.089996,10959.0
2026-06-24T10:30:00-04:00,76.174,76.38,76.17,76.3688,17295.0
2026-06-24T10:35:00-04:00,76.385,76.55,75.98,76.050003,16163.0
2026-06-24T10:40:00-04:00,76.0,76.059998,75.81,76.013367,6946.0
2026-06-24T10:45:00-04:00,76.084999,76.33,75.85,76.265,19151.0
2026-06-24T10:50:00-04:00,76.265,76.345,76.17,76.17,24260.0
2026-06-24T10:55:00-04:00,76.175,76.21,75.95,76.11,17134.0
2026-06-24T11:00:00-04:00,76.099998,76.17,75.86,75.87,63202.0
2026-06-24T11:05:00-04:00,75.8,75.8271,75.6013,75.75,28139.0
2026-06-24T11:10:00-04:00,75.8226,75.845,75.65,75.69,13358.0
2026-06-24T11:15:00-04:00,75.6776,76.0,75.6776,76.0,9131.0
2026-06-24T11:20:00-04:00,76.018501,76.17,75.93,75.97,13379.0
2026-06-24T11:25:00-04:00,75.91,76.12,75.83,76.11,12032.0
2026-06-24T11:30:00-04:00,76.095001,76.095001,75.97,75.97,6366.0
2026-06-24T11:35:00-04:00,75.98,75.98,75.6,75.62,10332.0
2026-06-24T11:40:00-04:00,75.64,75.65,75.49,75.62,9614.0
2026-06-24T11:45:00-04:00,75.603,75.71,75.4001,75.71,12838.0
2026-06-24T11:50:00-04:00,75.75,75.83,75.62,75.685,16307.0
2026-06-24T11:55:00-04:00,75.65,75.69,75.53,75.6,8350.0
2026-06-24T12:00:00-04:00,75.595,75.76,75.59,75.715,11072.0
2026-06-24T12:05:00-04:00,75.715,75.77,75.51,75.5607,24870.0
2026-06-24T12:10:00-04:00,75.59,75.6344,75.54,75.6344,9157.0
2026-06-24T12:15:00-04:00,75.68,75.73,75.555,75.73,20536.0
2026-06-24T12:20:00-04:00,75.7,75.9799,75.68,75.94,22809.0
2026-06-24T12:25:00-04:00,75.84,76.080002,75.82,76.080002,13574.0
2026-06-24T12:30:00-04:00,76.029999,76.029999,75.85,75.97,18150.0
2026-06-24T12:35:00-04:00,75.955,76.14,75.9532,76.089996,8177.0
2026-06-24T12:40:00-04:00,76.029999,76.12,75.83,75.99,13821.0
2026-06-24T12:45:00-04:00,75.99,76.010002,75.8,75.83,14319.0
2026-06-24T12:50:00-04:00,75.845,75.89,75.8,75.84,6346.0
2026-06-24T12:55:00-04:00,75.78,75.82,75.76,75.7601,9352.0
2026-06-24T13:00:00-04:00,75.835,75.9399,75.76,75.9,4501.0
2026-06-24T13:05:00-04:00,75.82,75.83,75.57,75.57,10437.0
2026-06-24T13:10:00-04:00,75.68,75.76,75.63,75.66,6376.0
2026-06-24T13:15:00-04:00,75.56,75.6299,75.43,75.455,8979.0
2026-06-24T13:20:00-04:00,75.38,75.38,75.19,75.31,24739.0
2026-06-24T13:25:00-04:00,75.23,75.34,75.21,75.215,4843.0
2026-06-24T13:30:00-04:00,75.225,75.27,75.099998,75.21,12213.0
2026-06-24T13:35:00-04:00,75.3,75.3,75.029999,75.040001,7900.0
2026-06-24T13:40:00-04:00,75.099998,75.3,74.94,74.94,18771.0
2026-06-24T13:45:00-04:00,74.97,74.97,74.72,74.905,15702.0
2026-06-24T13:50:00-04:00,74.89,74.96,74.82,74.9,16602.0
2026-06-24T13:55:00-04:00,74.995,75.029999,74.72,74.77,19061.0
2026-06-24T14:00:00-04:00,74.745,74.7515,74.52,74.55,35069.0
2026-06-24T14:05:00-04:00,74.595,74.92,74.595,74.824,18677.0
2026-06-24T14:10:00-04:00,74.8107,75.040001,74.8107,74.955,11907.0
2026-06-24T14:15:00-04:00,75.0062027,75.15,74.94,75.0,29515.0
2026-06-24T14:20:00-04:00,74.92,75.07,74.92,74.99,8786.0
2026-06-24T14:25:00-04:00,75.025002,75.3,75.025002,75.21,61268.0
2026-06-24T14:30:00-04:00,75.32,75.4,75.19,75.22,21503.0
2026-06-24T14:35:00-04:00,75.2499,75.2499,74.97,74.98,12890.0
2026-06-24T14:40:00-04:00,75.010002,75.014999,74.93,75.011902,21266.0
2026-06-24T14:45:00-04:00,74.96,74.98,74.67,74.67,15738.0
2026-06-24T14:50:00-04:00,74.72,74.88,74.63,74.88,17049.0
2026-06-24T14:55:00-04:00,74.91,75.0,74.78,74.84,8775.0
2026-06-24T15:00:00-04:00,74.86,74.935,74.68,74.835,11803.0
2026-06-24T15:05:00-04:00,74.88,74.88,74.55,74.6,46845.0
2026-06-24T15:10:00-04:00,74.58,74.61,74.465,74.58,17420.0
2026-06-24T15:15:00-04:00,74.59,74.59,74.49,74.56,11393.0
2026-06-24T15:20:00-04:00,74.575,74.66,74.52,74.63,19893.0
2026-06-24T15:25:00-04:00,74.69,74.96,74.69,74.96,23827.0
2026-06-24T15:30:00-04:00,74.97,75.07,74.86,75.044998,26162.0
2026-06-24T15:35:00-04:00,75.025002,75.025002,74.86,74.861,22860.0
2026-06-24T15:40:00-04:00,74.88,75.010002,74.76,74.96,30370.0
2026-06-24T15:45:00-04:00,74.98,75.13,74.97,75.11,30855.0
2026-06-24T15:50:00-04:00,75.080002,75.39,75.050003,75.39,50014.0
2026-06-24T15:55:00-04:00,75.42,75.65,75.27,75.54,76660.0
2026-06-25T09:30:00-04:00,77.5,78.18,76.73,76.89,80447.0
2026-06-25T09:35:00-04:00,77.0,77.475,76.66,76.76,16763.0
2026-06-25T09:40:00-04:00,76.66,76.66,75.99,75.99,39742.0
2026-06-25T09:45:00-04:00,76.059998,76.23,75.685,76.23,25650.0
2026-06-25T09:50:00-04:00,76.17,76.455,75.73,75.785,20721.0
2026-06-25T09:55:00-04:00,75.68,75.845,75.36,75.61,20465.0
2026-06-25T10:00:00-04:00,75.7,76.675,75.7,76.43,19945.0
2026-06-25T10:05:00-04:00,76.43,76.91,76.415,76.815,14345.0
2026-06-25T10:10:00-04:00,76.79,77.099998,76.71,76.7499,22045.0
2026-06-25T10:15:00-04:00,76.7,76.93,76.37,76.64,13936.0
2026-06-25T10:20:00-04:00,76.625,76.98,76.58,76.67,48360.0
2026-06-25T10:25:00-04:00,76.615,77.37,76.605,77.35,16966.0
2026-06-25T10:30:00-04:00,77.27,77.63,77.2,77.255,36753.0
2026-06-25T10:35:00-04:00,77.345,77.345,77.056099,77.21,7223.0
2026-06-25T10:40:00-04:00,77.11,77.27,76.88,77.010002,9970.0
2026-06-25T10:45:00-04:00,77.019997,77.2,76.91,77.135,7916.0
2026-06-25T10:50:00-04:00,77.21,77.75,77.21,77.56,16921.0
2026-06-25T10:55:00-04:00,77.52,77.6,77.3501,77.48,15628.0
2026-06-25T11:00:00-04:00,77.54,77.545,77.36,77.54,20168.0
2026-06-25T11:05:00-04:00,77.57,77.73,77.405,77.405,17757.0
2026-06-25T11:10:00-04:00,77.425,77.49,76.86,76.86,20984.0
2026-06-25T11:15:00-04:00,76.78,77.175,76.67,77.175,14033.0
2026-06-25T11:20:00-04:00,77.1899,77.81,77.074997,77.65,16424.0
2026-06-25T11:25:00-04:00,77.67,77.82,77.4,77.53,16909.0
2026-06-25T11:30:00-04:00,77.55,77.77,77.39,77.505,11558.0
2026-06-25T11:35:00-04:00,77.52,77.625,77.38,77.47,11976.0
2026-06-25T11:40:00-04:00,77.39,77.545,77.39,77.5,10052.0
2026-06-25T11:45:00-04:00,77.5298,77.745,77.4,77.42,24121.0
2026-06-25T11:50:00-04:00,77.45,77.79,77.38,77.6,11378.0
2026-06-25T11:55:00-04:00,77.565,77.71,77.555,77.66,9527.0
2026-06-25T12:00:00-04:00,77.66,77.9,77.61,77.86,12898.0
2026-06-25T12:05:00-04:00,77.89,77.9,77.715,77.72,10804.0
2026-06-25T12:10:00-04:00,77.855,78.14,77.845,78.089996,16600.0
2026-06-25T12:15:00-04:00,78.12,78.34,78.07,78.24,9658.0
2026-06-25T12:20:00-04:00,78.29,78.35,78.010002,78.1599,11135.0
2026-06-25T12:25:00-04:00,78.080002,78.365,78.010002,78.28,5726.0
2026-06-25T12:30:00-04:00,78.17,78.19,77.87,77.89,8931.0
2026-06-25T12:35:00-04:00,77.87,77.915,77.8,77.8,9030.0
2026-06-25T12:40:00-04:00,77.815,77.84,77.71,77.785,7556.0
2026-06-25T12:45:00-04:00,77.75,77.87,77.555,77.835,12513.0
2026-06-25T12:50:00-04:00,77.82,78.049896,77.8,78.0,7669.0
2026-06-25T12:55:00-04:00,77.97,77.98,77.81,77.98,8929.0
2026-06-25T13:00:00-04:00,78.010002,78.010002,77.92,78.0,5366.0
2026-06-25T13:05:00-04:00,78.0049973,78.010002,77.94,77.97,12495.0
2026-06-25T13:10:00-04:00,78.014999,78.14,78.0,78.059998,13381.0
2026-06-25T13:15:00-04:00,78.080002,78.18,77.93,77.94,20882.0
2026-06-25T13:20:00-04:00,77.93,77.96,77.86,77.935,6178.0
2026-06-25T13:25:00-04:00,77.935,78.11,77.935,78.010002,6465.0
2026-06-25T13:30:00-04:00,78.029999,78.099998,78.0,78.029999,8690.0
2026-06-25T13:35:00-04:00,78.07,78.145,77.97,78.089996,9077.0
2026-06-25T13:40:00-04:00,78.068825,78.135,77.915,77.93,11278.0
2026-06-25T13:45:00-04:00,77.885,77.96,77.74,77.81,8506.0
2026-06-25T13:50:00-04:00,77.795,77.8899,77.72,77.81,7203.0
2026-06-25T13:55:00-04:00,77.79,77.88,77.715,77.77,7248.0
2026-06-25T14:00:00-04:00,77.76,77.765,77.36,77.4,19429.0
2026-06-25T14:05:00-04:00,77.41,77.5203,77.28,77.5203,5686.0
2026-06-25T14:10:00-04:00,77.4734,77.53,77.35,77.35,5400.0
2026-06-25T14:15:00-04:00,77.35,77.57,77.33,77.48,14127.0
2026-06-25T14:20:00-04:00,77.51,77.55,77.33,77.4,6840.0
2026-06-25T14:25:00-04:00,77.405,77.59,77.405,77.57,9844.0
2026-06-25T14:30:00-04:00,77.53,77.53,77.2,77.2,19377.0
2026-06-25T14:35:00-04:00,77.19,77.33,77.14,77.2,35148.0
2026-06-25T14:40:00-04:00,77.2,77.26,77.074997,77.23,11908.0
2026-06-25T14:45:00-04:00,77.18,77.2025,76.95,77.080002,19893.0
2026-06-25T14:50:00-04:00,77.080002,77.27,77.050003,77.19,13205.0
2026-06-25T14:55:00-04:00,77.18,77.275,77.089996,77.275,39994.0
2026-06-25T15:00:00-04:00,77.25,77.295,77.099998,77.13,11239.0
2026-06-25T15:05:00-04:00,77.14,77.28,76.96,77.28,180670.0
2026-06-25T15:10:00-04:00,77.25,77.33,77.19,77.235,8395.0
2026-06-25T15:15:00-04:00,77.26,77.29,77.14,77.15,12919.0
2026-06-25T15:20:00-04:00,77.17,77.35,77.145,77.31,21173.0
2026-06-25T15:25:00-04:00,77.35,77.41,77.27,77.365,7473.0
2026-06-25T15:30:00-04:00,77.32,77.33,77.16,77.185,7512.0
2026-06-25T15:35:00-04:00,77.13,77.23,77.089996,77.15,9078.0
2026-06-25T15:40:00-04:00,77.17,77.25,77.07,77.18,11825.0
2026-06-25T15:45:00-04:00,77.15,77.269,77.13,77.23,14239.0
2026-06-25T15:50:00-04:00,77.23,77.28,77.11,77.28,27511.0
2026-06-25T15:55:00-04:00,77.26,77.27,77.029999,77.12,73644.0
2026-06-26T09:30:00-04:00,77.72,78.11,77.29,77.68,51426.0
2026-06-26T09:35:00-04:00,77.75,78.099998,77.61,77.99,6297.0
2026-06-26T09:40:00-04:00,77.93,79.059898,77.93,78.7311,7446.0
2026-06-26T09:45:00-04:00,78.69,78.69,77.9801,78.18,14474.0
2026-06-26T09:50:00-04:00,78.49,78.59,78.22,78.22,4103.0
2026-06-26T09:55:00-04:00,78.32,79.1796,78.32,79.014099,10381.0
2026-06-26T10:00:00-04:00,78.93,79.19,78.75,79.040001,10652.0
2026-06-26T10:05:00-04:00,79.0,79.0,78.71,78.89,6312.0
2026-06-26T10:10:00-04:00,78.95,79.48,78.73,79.24,12266.0
2026-06-26T10:15:00-04:00,79.33,79.735,79.33,79.39,8785.0
2026-06-26T10:20:00-04:00,79.33,79.67,79.33,79.5,4628.0
2026-06-26T10:25:00-04:00,79.5,79.64,79.25,79.3299,9979.0
2026-06-26T10:30:00-04:00,79.33,79.33,78.855,78.95,5926.0
2026-06-26T10:35:00-04:00,78.98,79.099998,78.7711,78.915,6338.0
2026-06-26T10:40:00-04:00,78.85,79.125,78.67,78.8301,6096.0
2026-06-26T10:45:00-04:00,79.040001,79.43,79.040001,79.305,5801.0
2026-06-26T10:50:00-04:00,79.3,79.37,79.1801,79.32,4091.0
2026-06-26T10:55:00-04:00,79.375,79.375,79.040001,79.135,2720.0
2026-06-26T11:00:00-04:00,79.25,79.28,79.040001,79.040001,5238.0
2026-06-26T11:05:00-04:00,78.91,78.98,78.91,78.91,1008.0
2026-06-26T11:10:00-04:00,78.95,78.96,78.705,78.79,3675.0
2026-06-26T11:15:00-04:00,78.75,79.265,78.705,79.265,4369.0
2026-06-26T11:20:00-04:00,79.4,79.42,79.1342,79.34,12071.0
2026-06-26T11:25:00-04:00,79.365,79.46,79.3,79.36,4391.0
2026-06-26T11:30:00-04:00,79.49,79.63,79.48,79.52,9617.0
2026-06-26T11:35:00-04:00,79.54,80.050003,79.4812,80.050003,14518.0
2026-06-26T11:40:00-04:00,80.029999,80.050003,79.83,79.84,11266.0
2026-06-26T11:45:00-04:00,79.815,79.89,79.75,79.84,10020.0
2026-06-26T11:50:00-04:00,79.87,79.87,79.4,79.52,14491.0
2026-06-26T11:55:00-04:00,79.61,79.77,79.54,79.76,2314.0
2026-06-26T12:00:00-04:00,79.76,79.8499,79.62,79.64,7929.0
2026-06-26T12:05:00-04:00,79.61,79.71,79.53,79.56,8381.0
2026-06-26T12:10:00-04:00,79.585,79.8,79.585,79.65,5961.0
2026-06-26T12:15:00-04:00,79.64,79.76,79.54,79.5825,4941.0
2026-06-26T12:20:00-04:00,79.51,79.575,79.42,79.575,7332.0
2026-06-26T12:25:00-04:00,79.5,79.6789,79.5,79.53634,6290.0
2026-06-26T12:30:00-04:00,79.56,79.75,79.56,79.6875,7444.0
2026-06-26T12:35:00-04:00,79.7117,79.72,79.57,79.57,11347.0
2026-06-26T12:40:00-04:00,79.59,79.6295,79.46,79.49,17005.0
2026-06-26T12:45:00-04:00,79.55,79.55,79.42,79.54,6169.0
2026-06-26T12:50:00-04:00,79.54,79.555,79.505,79.505,1534.0
2026-06-26T12:55:00-04:00,79.505,79.51,79.43,79.49,9030.0
2026-06-26T13:00:00-04:00,79.5043,79.53,79.5043,79.52,1001.0
2026-06-26T13:05:00-04:00,79.555,79.67,79.555,79.66,5863.0
2026-06-26T13:10:00-04:00,79.64,79.64,79.52,79.56,2414.0
2026-06-26T13:15:00-04:00,79.55,79.55,79.398,79.398,3074.0
2026-06-26T13:20:00-04:00,79.44,79.44,79.31,79.4095,4109.0
2026-06-26T13:25:00-04:00,79.3,79.34,79.21,79.21,4942.0
2026-06-26T13:30:00-04:00,79.31,79.3765,79.195,79.21,2911.0
2026-06-26T13:35:00-04:00,79.2,79.2,78.9525,78.9525,7226.0
2026-06-26T13:40:00-04:00,78.9501,78.99,78.92,78.98,2742.0
2026-06-26T13:45:00-04:00,78.99,79.029999,78.9019,79.029999,3431.0
2026-06-26T13:50:00-04:00,79.029999,79.089996,78.95,78.995,2801.0
2026-06-26T13:55:00-04:00,78.88,78.97,78.88,78.97,1447.0
2026-06-26T14:00:00-04:00,78.89,78.96,78.815,78.96,1949.0
2026-06-26T14:05:00-04:00,78.95,78.95,78.805,78.86,3550.0
2026-06-26T14:10:00-04:00,78.835,78.835,78.8,78.8,417.0
2026-06-26T14:15:00-04:00,78.88,78.88,78.7,78.7,3388.0
2026-06-26T14:20:00-04:00,78.74,78.75,78.6178,78.655,1671.0
2026-06-26T14:25:00-04:00,78.655,78.71,78.5015,78.64,3915.0
2026-06-26T14:30:00-04:00,78.6225,78.656,78.53,78.565,2141.0
2026-06-26T14:35:00-04:00,78.565,78.565,78.44,78.52,5277.0
2026-06-26T14:40:00-04:00,78.54,78.615,78.47,78.6,12283.0
2026-06-26T14:45:00-04:00,78.57,78.57,78.325,78.38,7501.0
2026-06-26T14:50:00-04:00,78.32,78.51,78.31,78.51,4289.0
2026-06-26T14:55:00-04:00,78.4987,78.51,78.4,78.4,6023.0
2026-06-26T15:00:00-04:00,78.36,78.39,78.28,78.28,4071.0
2026-06-26T15:05:00-04:00,78.29,78.45,78.27,78.45,1524.0
2026-06-26T15:10:00-04:00,78.42,78.45,78.385,78.39,3131.0
2026-06-26T15:15:00-04:00,78.46,78.53,78.41,78.48,3800.0
2026-06-26T15:20:00-04:00,78.43,78.43,78.22,78.3699,12014.0
2026-06-26T15:25:00-04:00,78.37,78.37,78.22,78.3,3626.0
2026-06-26T15:30:00-04:00,78.275,78.47,78.23,78.47,8389.0
2026-06-26T15:35:00-04:00,78.43,78.49,78.18,78.2,6436.0
2026-06-26T15:40:00-04:00,78.21,78.25,78.11,78.235,12799.0
2026-06-26T15:45:00-04:00,78.22,78.34,78.15,78.22,15752.0
2026-06-26T15:50:00-04:00,78.17,78.42,78.16,78.32,17983.0
2026-06-26T15:55:00-04:00,78.4,78.52,78.31,78.35,95538.0
2026-06-29T09:30:00-04:00,77.59,77.7,76.8624,77.28,50745.0
2026-06-29T09:35:00-04:00,77.36,77.42,76.85,76.95,11739.0
2026-06-29T09:40:00-04:00,77.0,77.415,77.0,77.32,13112.0
2026-06-29T09:45:00-04:00,77.29,77.55,76.72,76.84,22906.0
2026-06-29T09:50:00-04:00,76.88,77.26,76.76,76.905,20877.0
2026-06-29T09:55:00-04:00,76.86,77.22,76.84,77.175,35596.0
2026-06-29T10:00:00-04:00,77.19,77.28,76.8,77.059998,34353.0
2026-06-29T10:05:00-04:00,77.010002,77.010002,76.7,76.8801,10085.0
2026-06-29T10:10:00-04:00,76.86,76.86,76.2201,76.41,13779.0
2026-06-29T10:15:00-04:00,76.36768,76.72,76.13,76.69,20128.0
2026-06-29T10:20:00-04:00,76.62,76.91,76.52,76.88,33014.0
2026-06-29T10:25:00-04:00,76.88,77.465,76.88,77.45,4656.0
2026-06-29T10:30:00-04:00,77.51,77.75,77.165,77.3,23972.0
2026-06-29T10:35:00-04:00,77.3,77.3899,76.92,76.945,24143.0
2026-06-29T10:40:00-04:00,76.95,77.0,76.41,76.42,49655.0
2026-06-29T10:45:00-04:00,76.42,76.545,76.185,76.52,7419.0
2026-06-29T10:50:00-04:00,76.565,76.75,76.45,76.7,3557.0
2026-06-29T10:55:00-04:00,76.68,76.8,76.435,76.555,5013.0
2026-06-29T11:00:00-04:00,76.59,76.71,76.54,76.54,7082.0
2026-06-29T11:05:00-04:00,76.58,76.7,76.58,76.65,4412.0
2026-06-29T11:10:00-04:00,76.655,76.655,76.525,76.58,3703.0
2026-06-29T11:15:00-04:00,76.54,76.77,76.49,76.5,7206.0
2026-06-29T11:20:00-04:00,76.46,76.5899,76.25,76.25,4831.0
2026-06-29T11:25:00-04:00,76.25,76.56,76.23,76.56,13219.0
2026-06-29T11:30:00-04:00,76.5,76.725,76.5,76.675,4819.0
2026-06-29T11:35:00-04:00,76.61,76.7,76.505,76.7,17404.0
2026-06-29T11:40:00-04:00,76.71,76.78,76.66,76.78,4062.0
2026-06-29T11:45:00-04:00,76.81,76.97,76.81,76.9,7138.0
2026-06-29T11:50:00-04:00,76.8933,77.18,76.8933,77.155,5954.0
2026-06-29T11:55:00-04:00,77.16,77.36,77.050003,77.27,12062.0
2026-06-29T12:00:00-04:00,77.26,77.39,77.2,77.325,11502.0
2026-06-29T12:05:00-04:00,77.325,77.39,77.25,77.3,7277.0
2026-06-29T12:10:00-04:00,77.32,77.42,77.29,77.34,4550.0
2026-06-29T12:15:00-04:00,77.29,77.365,77.17,77.305,3120.0
2026-06-29T12:20:00-04:00,77.24,77.305,77.17,77.17,5039.0
2026-06-29T12:25:00-04:00,77.17,77.19,77.010002,77.0625,3892.0
2026-06-29T12:30:00-04:00,77.0,77.059998,76.78,76.87,8894.0
2026-06-29T12:35:00-04:00,76.88,76.91,76.72,76.76,4399.0
2026-06-29T12:40:00-04:00,76.77,76.82,76.66,76.77,7104.0
2026-06-29T12:45:00-04:00,76.82,76.99,76.78,76.98,3489.0
2026-06-29T12:50:00-04:00,76.99,77.029999,76.89,76.96,2187.0
2026-06-29T12:55:00-04:00,76.96,76.96,76.89,76.955,4461.0
2026-06-29T13:00:00-04:00,76.97,77.040001,76.97,77.040001,2224.0
2026-06-29T13:05:00-04:00,77.11,77.3,77.11,77.23,3920.0
2026-06-29T13:10:00-04:00,77.24,77.26,77.1913,77.2517,5837.0
2026-06-29T13:15:00-04:00,77.19,77.34,77.19,77.3,6326.0
2026-06-29T13:20:00-04:00,77.28,77.325,77.24,77.285,1997.0
2026-06-29T13:25:00-04:00,77.2101,77.315,77.2,77.24,2628.0
2026-06-29T13:30:00-04:00,77.25,77.3399,77.22,77.25,17247.0
2026-06-29T13:35:00-04:00,77.25,77.37,77.24,77.28,7966.0
2026-06-29T13:40:00-04:00,77.3,77.3,77.1701,77.18,3107.0
2026-06-29T13:45:00-04:00,77.18,77.18,77.080002,77.089996,3707.0
2026-06-29T13:50:00-04:00,77.13,77.27,77.13,77.255,6100.0
2026-06-29T13:55:00-04:00,77.25,77.295,77.23,77.265,4619.0
2026-06-29T14:00:00-04:00,77.26,77.365,77.25,77.365,10419.0
2026-06-29T14:05:00-04:00,77.34,77.34,77.165,77.24,12112.0
2026-06-29T14:10:00-04:00,77.19,77.31,77.19,77.28,6050.0
2026-06-29T14:15:00-04:00,77.25,77.34,77.25,77.3031,8195.0
2026-06-29T14:20:00-04:00,77.29,77.33,77.22,77.27,2408.0
2026-06-29T14:25:00-04:00,77.2527,77.315,77.24,77.24,2264.0
2026-06-29T14:30:00-04:00,77.23,77.35,77.23,77.35,1699.0
2026-06-29T14:35:00-04:00,77.29,77.31,77.24,77.31,2421.0
2026-06-29T14:40:00-04:00,77.32,77.41,77.29,77.36,25273.0
2026-06-29T14:45:00-04:00,77.34,77.405,77.31,77.375,3750.0
2026-06-29T14:50:00-04:00,77.38171,77.38171,77.3,77.325,2819.0
2026-06-29T14:55:00-04:00,77.3,77.3,77.185,77.21,3681.0
2026-06-29T15:00:00-04:00,77.22,77.22,77.099998,77.099998,3691.0
2026-06-29T15:05:00-04:00,77.080002,77.23,77.080002,77.17,2371.0
2026-06-29T15:10:00-04:00,77.14,77.14,77.0,77.0,7879.0
2026-06-29T15:15:00-04:00,77.07,77.115,77.050003,77.115,9318.0
2026-06-29T15:20:00-04:00,77.099998,77.23,77.010101,77.22,46892.0
2026-06-29T15:25:00-04:00,77.21,77.25,77.185,77.185,16905.0
2026-06-29T15:30:00-04:00,77.19,77.32,77.18,77.32,7587.0
2026-06-29T15:35:00-04:00,77.33,77.4,77.3,77.31,6899.0
2026-06-29T15:40:00-04:00,77.31,77.469,77.25,77.469,10710.0
2026-06-29T15:45:00-04:00,77.425,77.43,77.36,77.375,11379.0
2026-06-29T15:50:00-04:00,77.36,77.43,77.2,77.225,25548.0
2026-06-29T15:55:00-04:00,77.23,77.48,77.18,77.37,55292.0
2026-06-30T09:30:00-04:00,77.2,77.7599,76.86,76.865,31137.0
2026-06-30T09:35:00-04:00,77.0,77.0,76.093102,76.1524,16048.0
2026-06-30T09:40:00-04:00,76.23,76.48,76.23,76.3084,7615.0
2026-06-30T09:45:00-04:00,76.25,76.4,76.155,76.28,10766.0
2026-06-30T09:50:00-04:00,76.17,76.79,76.13,76.645,41361.0
2026-06-30T09:55:00-04:00,76.67,76.82,76.51,76.74,16547.0
2026-06-30T10:00:00-04:00,76.76,76.775,76.41,76.425,13958.0
2026-06-30T10:05:00-04:00,76.425,77.145,76.3,77.145,16283.0
2026-06-30T10:10:00-04:00,77.17,77.4999,77.099899,77.4999,23604.0
2026-06-30T10:15:00-04:00,77.425,77.85,77.425,77.67,22169.0
2026-06-30T10:20:00-04:00,77.665,78.17,77.5801,78.0,21641.0
2026-06-30T10:25:00-04:00,78.0,78.0084,77.67,77.67,6763.0
2026-06-30T10:30:00-04:00,77.815,77.885,77.605,77.605,5513.0
2026-06-30T10:35:00-04:00,77.67,77.74,77.42,77.61,23558.0
2026-06-30T10:40:00-04:00,77.5653,77.81,77.56,77.78,3956.0
2026-06-30T10:45:00-04:00,77.785,77.79,77.395,77.395,7588.0
2026-06-30T10:50:00-04:00,77.5,77.5,77.16,77.16,8946.0
2026-06-30T10:55:00-04:00,77.26,77.26,76.9131,76.9251,6968.0
2026-06-30T11:00:00-04:00,76.97,77.29,76.97,77.089996,12585.0
2026-06-30T11:05:00-04:00,77.050003,77.099998,76.93,76.93,4491.0
2026-06-30T11:10:00-04:00,76.99,77.1956,76.9,77.15,3001.0
2026-06-30T11:15:00-04:00,77.18,77.18,76.84,76.855,9851.0
2026-06-30T11:20:00-04:00,76.89,76.95,76.695,76.77,8179.0
2026-06-30T11:25:00-04:00,76.83,77.040001,76.83,76.995,7456.0
2026-06-30T11:30:00-04:00,77.029999,77.29,76.98,77.26,5475.0
2026-06-30T11:35:00-04:00,77.23,77.32,77.12,77.17,10541.0
2026-06-30T11:40:00-04:00,77.17,77.2,77.105,77.15,2673.0
2026-06-30T11:45:00-04:00,77.29,77.37,77.21,77.37,8352.0
2026-06-30T11:50:00-04:00,77.395,77.43,77.281,77.315,4625.0
2026-06-30T11:55:00-04:00,77.36,77.3895,77.2,77.2,6246.0
2026-06-30T12:00:00-04:00,77.3,77.37,77.21,77.315,5640.0
2026-06-30T12:05:00-04:00,77.315,77.39,77.25,77.2701,8564.0
2026-06-30T12:10:00-04:00,77.3222,77.479,77.3222,77.4221,4941.0
2026-06-30T12:15:00-04:00,77.47,77.47,77.41,77.46,7517.0
2026-06-30T12:20:00-04:00,77.465,77.6026,77.445,77.45,4402.0
2026-06-30T12:25:00-04:00,77.435,77.515,77.35,77.515,5053.0
2026-06-30T12:30:00-04:00,77.54,77.56,77.47,77.545,6086.0
2026-06-30T12:35:00-04:00,77.54,77.62,77.46,77.62,4211.0
2026-06-30T12:40:00-04:00,77.59,77.64,77.5361,77.64,4675.0
2026-06-30T12:45:00-04:00,77.6,77.6,77.495,77.535,6162.0
2026-06-30T12:50:00-04:00,77.49,77.59,77.47,77.59,7295.0
2026-06-30T12:55:00-04:00,77.53,77.5589,77.44,77.44,4841.0
2026-06-30T13:00:00-04:00,77.4,77.5299,77.4,77.45,8220.0
2026-06-30T13:05:00-04:00,77.42,77.4325,77.36,77.36,3817.0
2026-06-30T13:10:00-04:00,77.3001,77.34,77.28,77.28,3409.0
2026-06-30T13:15:00-04:00,77.35,77.35,77.34,77.34,432.0
2026-06-30T13:20:00-04:00,77.325,77.33,77.27,77.27,896.0
2026-06-30T13:25:00-04:00,77.26,77.37,77.25,77.3477,3555.0
2026-06-30T13:30:00-04:00,77.37,77.41,77.34,77.385,3930.0
2026-06-30T13:35:00-04:00,77.365,77.39,77.2975,77.39,8019.0
2026-06-30T13:40:00-04:00,77.37,77.545,77.37,77.5,11058.0
2026-06-30T13:45:00-04:00,77.48,77.59,77.48,77.575,5514.0
2026-06-30T13:50:00-04:00,77.598,77.62,77.598,77.62,1069.0
2026-06-30T13:55:00-04:00,77.625,77.69,77.56,77.69,9255.0
2026-06-30T14:00:00-04:00,77.665,77.6777,77.64,77.645,3475.0
2026-06-30T14:05:00-04:00,77.64,77.66,77.58,77.65,3060.0
2026-06-30T14:10:00-04:00,77.68,77.68,77.638,77.6455,4138.0
2026-06-30T14:15:00-04:00,77.635,77.66,77.59,77.615,5567.0
2026-06-30T14:20:00-04:00,77.61,77.65,77.59,77.625,3227.0
2026-06-30T14:25:00-04:00,77.625,77.7799,77.575,77.635,3302.0
2026-06-30T14:30:00-04:00,77.61,77.61,77.55,77.5581,6450.0
2026-06-30T14:35:00-04:00,77.58,77.61,77.49,77.525,9004.0
2026-06-30T14:40:00-04:00,77.51,77.61,77.4703,77.61,11057.0
2026-06-30T14:45:00-04:00,77.6,77.8,77.59,77.79,5478.0
2026-06-30T14:50:00-04:00,77.8,77.83,77.69,77.69,6589.0
2026-06-30T14:55:00-04:00,77.68,77.7,77.64,77.68,8959.0
2026-06-30T15:00:00-04:00,77.69,77.76,77.69,77.7,3677.0
2026-06-30T15:05:00-04:00,77.68,77.74,77.67,77.72,4818.0
2026-06-30T15:10:00-04:00,77.68,77.69,77.64,77.67,3566.0
2026-06-30T15:15:00-04:00,77.64,77.81,77.64,77.744,2388.0
2026-06-30T15:20:00-04:00,77.7289,77.7899,77.67,77.67,4998.0
2026-06-30T15:25:00-04:00,77.7169,77.7999,77.6702,77.69,14510.0
2026-06-30T15:30:00-04:00,77.6701,77.77,77.67,77.67,6931.0
2026-06-30T15:35:00-04:00,77.6326,77.69,77.51,77.555,19902.0
2026-06-30T15:40:00-04:00,77.53,77.61,77.52,77.61,2657.0
2026-06-30T15:45:00-04:00,77.52,77.66,77.52,77.66,28526.0
2026-06-30T15:50:00-04:00,77.635,77.66,77.44,77.44,19995.0
2026-06-30T15:55:00-04:00,77.45,77.65,77.43,77.58,72142.0
2026-07-01T09:30:00-04:00,77.07,77.78,76.64,77.3429,25579.0
2026-07-01T09:35:00-04:00,77.365,77.62,77.28,77.49,11990.0
2026-07-01T09:40:00-04:00,77.37,79.0,77.37,79.0,16918.0
2026-07-01T09:45:00-04:00,79.099998,79.38,78.7,78.7,10362.0
2026-07-01T09:50:00-04:00,78.9199,79.099998,78.66,78.795,5479.0
2026-07-01T09:55:00-04:00,78.7,78.96,78.65,78.9,3301.0
2026-07-01T10:00:00-04:00,79.010002,79.355,78.85,79.245,30016.0
2026-07-01T10:05:00-04:00,79.14,79.66,79.14,79.66,9093.0
2026-07-01T10:10:00-04:00,79.7299,79.94,79.61,79.62,9932.0
2026-07-01T10:15:00-04:00,79.71,79.91,79.47,79.8644,7329.0
2026-07-01T10:20:00-04:00,79.88,80.3,79.88,80.2476,19425.0
2026-07-01T10:25:00-04:00,80.38,80.4899,79.8,79.885,22448.0
2026-07-01T10:30:00-04:00,79.79,79.935,79.58,79.935,13660.0
2026-07-01T10:35:00-04:00,79.935,79.96,79.74,79.75,3947.0
2026-07-01T10:40:00-04:00,79.76,79.87,78.97,79.0049973,8535.0
2026-07-01T10:45:00-04:00,79.07,79.07,78.745,78.79,12747.0
2026-07-01T10:50:00-04:00,78.86,78.885,78.61,78.61,2126.0
2026-07-01T10:55:00-04:00,78.705,78.71,78.48,78.69,4510.0
2026-07-01T11:00:00-04:00,78.7498,78.8599,78.57,78.8599,4797.0
2026-07-01T11:05:00-04:00,78.79,78.95,78.41,78.4639,7627.0
2026-07-01T11:10:00-04:00,78.6,78.75,78.53,78.7,8407.0
2026-07-01T11:15:00-04:00,78.93,79.12,78.87,78.97,5029.0
2026-07-01T11:20:00-04:00,79.019997,79.089996,78.86,78.86,6882.0
2026-07-01T11:25:00-04:00,78.98,79.089996,78.9,79.089996,5404.0
2026-07-01T11:30:00-04:00,78.99,79.15,78.97,79.0,9351.0
2026-07-01T11:35:00-04:00,79.029999,79.105,78.821,78.821,8099.0
2026-07-01T11:40:00-04:00,78.97,79.0,78.86,78.96,3354.0
2026-07-01T11:45:00-04:00,78.89,79.0,78.86,78.91,4414.0
2026-07-01T11:50:00-04:00,79.029999,79.13,78.98,79.050003,13449.0
2026-07-01T11:55:00-04:00,79.0,79.029999,78.92,78.975,3225.0
2026-07-01T12:00:00-04:00,79.16,79.19,79.16,79.17,1600.0
2026-07-01T12:05:00-04:00,79.21,79.31,79.14,79.21,3512.0
2026-07-01T12:10:00-04:00,79.080002,79.15,79.080002,79.12,2293.0
2026-07-01T12:15:00-04:00,79.099998,79.175,78.99,79.12,3214.0
2026-07-01T12:20:00-04:00,79.060097,79.12,79.0049973,79.0049973,20554.0
2026-07-01T12:25:00-04:00,78.97,79.055,78.93,79.02,6801.0
2026-07-01T12:30:00-04:00,79.050003,79.099998,78.89,78.96,20595.0
2026-07-01T12:35:00-04:00,78.96,79.07,78.935,78.975,8198.0
2026-07-01T12:40:00-04:00,78.93,78.99,78.72,78.8599,5490.0
2026-07-01T12:45:00-04:00,78.75,78.855,78.68,78.73,3035.0
2026-07-01T12:50:00-04:00,78.73,78.8099,78.66,78.7,14123.0
2026-07-01T12:55:00-04:00,78.7,78.775,78.695,78.695,3583.0
2026-07-01T13:00:00-04:00,78.68,78.8,78.6005,78.625,4111.0
2026-07-01T13:05:00-04:00,78.58,78.58,78.38,78.387,3465.0
2026-07-01T13:10:00-04:00,78.34,78.49,78.31,78.49,1507.0
2026-07-01T13:15:00-04:00,78.41,78.43,78.41,78.41,3754.0
2026-07-01T13:20:00-04:00,78.485,78.64,78.47,78.62,3437.0
2026-07-01T13:25:00-04:00,78.57,78.615,78.565,78.57,2636.0
2026-07-01T13:30:00-04:00,78.62,78.685,78.5,78.545,2866.0
2026-07-01T13:35:00-04:00,78.525,78.555,78.49,78.555,1146.0
2026-07-01T13:40:00-04:00,78.56,78.59,78.5,78.5,2854.0
2026-07-01T13:45:00-04:00,78.46,78.53,78.42,78.45,9728.0
2026-07-01T13:50:00-04:00,78.43,78.43,78.365,78.41,4741.0
2026-07-01T13:55:00-04:00,78.42,78.42,78.35,78.35469,3483.0
2026-07-01T14:00:00-04:00,78.37,78.54,78.37,78.54,2730.0
2026-07-01T14:05:00-04:00,78.485,78.485,78.41,78.41,5102.0
2026-07-01T14:10:00-04:00,78.4,78.46,78.4,78.42,2018.0
2026-07-01T14:15:00-04:00,78.42,78.42,78.21,78.21,4701.0
2026-07-01T14:20:00-04:00,78.28,78.38,78.28,78.36,3014.0
2026-07-01T14:25:00-04:00,78.3,78.33,78.23,78.2375,7864.0
2026-07-01T14:30:00-04:00,78.24,78.275,78.18,78.26,1648.0
2026-07-01T14:35:00-04:00,78.29,78.3,78.2435,78.3,2324.0
2026-07-01T14:40:00-04:00,78.22,78.28,78.18,78.19,6112.0
2026-07-01T14:45:00-04:00,78.175,78.18,78.074997,78.074997,5819.0
2026-07-01T14:50:00-04:00,78.11,78.11,78.0,78.0,2387.0
2026-07-01T14:55:00-04:00,78.0,78.080002,78.0,78.08,6880.0
2026-07-01T15:00:00-04:00,78.13,78.24,78.11,78.11,5314.0
2026-07-01T15:05:00-04:00,78.2,78.39,78.175,78.34,7017.0
2026-07-01T15:10:00-04:00,78.34,78.34,78.23,78.235,1943.0
2026-07-01T15:15:00-04:00,78.21,78.29,78.19,78.2,44193.0
2026-07-01T15:20:00-04:00,78.25,78.25,78.010002,78.010002,3908.0
2026-07-01T15:25:00-04:00,78.045197,78.099998,78.045197,78.099998,1524.0
2026-07-01T15:30:00-04:00,78.084999,78.13,78.040001,78.059998,1872.0
2026-07-01T15:35:00-04:00,78.023903,78.040001,77.94,77.94,7516.0
2026-07-01T15:40:00-04:00,77.91,77.965,77.855,77.855,4468.0
2026-07-01T15:45:00-04:00,77.855,77.89,77.77,77.8,26238.0
2026-07-01T15:50:00-04:00,77.8,77.8,77.42,77.56,103365.0
2026-07-01T15:55:00-04:00,77.54,77.54,77.15,77.19,268587.0
2026-07-02T09:30:00-04:00,80.080002,81.2466,79.9,81.105,76385.0
2026-07-02T09:35:00-04:00,80.98,81.64,80.75,81.32,30504.0
2026-07-02T09:40:00-04:00,81.345,81.815,81.11,81.66,20118.0
2026-07-02T09:45:00-04:00,81.6,81.99,81.52,81.875,67371.0
2026-07-02T09:50:00-04:00,81.885,82.115,81.18,81.18,20984.0
2026-07-02T09:55:00-04:00,81.19,81.84,81.19,81.73,28426.0
2026-07-02T10:00:00-04:00,81.67,81.68,80.72,80.895,12350.0
2026-07-02T10:05:00-04:00,80.96,81.18,80.72,80.9824,7641.0
2026-07-02T10:10:00-04:00,80.96,81.27,80.6,81.21,6552.0
2026-07-02T10:15:00-04:00,81.0049973,81.15,80.79,81.15,6682.0
2026-07-02T10:20:00-04:00,81.14,81.14,80.44,80.44,13372.0
2026-07-02T10:25:00-04:00,80.41,80.65,80.07,80.21,9337.0
2026-07-02T10:30:00-04:00,80.265,80.61,80.2,80.2,7921.0
2026-07-02T10:35:00-04:00,80.205,80.54,80.16,80.47,6082.0
2026-07-02T10:40:00-04:00,80.295,80.295,79.71,80.059998,21062.0
2026-07-02T10:45:00-04:00,80.11,80.6399,79.9601,80.4913,25899.0
2026-07-02T10:50:00-04:00,80.5,80.65,80.050003,80.14,6311.0
2026-07-02T10:55:00-04:00,80.22,80.61,80.13,80.61,10823.0
2026-07-02T11:00:00-04:00,80.45,80.57,80.22,80.22,5322.0
2026-07-02T11:05:00-04:00,80.099998,80.099998,79.61,79.9999,10447.0
2026-07-02T11:10:00-04:00,80.0,80.48,79.95,80.215,4099.0
2026-07-02T11:15:00-04:00,80.21,80.3989,79.98,79.985,13255.0
2026-07-02T11:20:00-04:00,80.07,80.305,79.98,80.305,9661.0
2026-07-02T11:25:00-04:00,80.28,80.35,80.15,80.2,5551.0
2026-07-02T11:30:00-04:00,80.2225,80.94,80.215,80.825,14846.0
2026-07-02T11:35:00-04:00,80.735,80.9219,80.7,80.81,20107.0
2026-07-02T11:40:00-04:00,80.805,80.94,80.685,80.73,6736.0
2026-07-02T11:45:00-04:00,80.6905,80.77,80.65,80.7299,2643.0
2026-07-02T11:50:00-04:00,80.52,80.61,80.3,80.415,7736.0
2026-07-02T11:55:00-04:00,80.46,80.46,80.32,80.395,2738.0
2026-07-02T12:00:00-04:00,80.46,80.67,80.37,80.42,82345.0
2026-07-02T12:05:00-04:00,80.42,80.5599,80.22,80.25,14271.0
2026-07-02T12:10:00-04:00,80.29,80.65,80.285,80.625,5012.0
2026-07-02T12:15:00-04:00,80.56,80.56,80.38,80.48,4573.0
2026-07-02T12:20:00-04:00,80.465,80.465,80.095001,80.12,7318.0
2026-07-02T12:25:00-04:00,80.13,80.2,79.98,80.010002,6928.0
2026-07-02T12:30:00-04:00,79.91,79.91,79.51,79.595,6364.0
2026-07-02T12:35:00-04:00,79.595,79.64,79.36,79.56,7551.0
2026-07-02T12:40:00-04:00,79.63,79.91,79.63,79.9,6113.0
2026-07-02T12:45:00-04:00,79.88,79.88,79.73,79.73,4306.0
2026-07-02T12:50:00-04:00,79.67,79.901,79.67,79.82,8667.0
2026-07-02T12:55:00-04:00,79.78,79.78,79.525,79.645,20520.0
2026-07-02T13:00:00-04:00,79.69,79.7,79.4,79.44,9397.0
2026-07-02T13:05:00-04:00,79.435,79.63,79.365,79.4901,6464.0
2026-07-02T13:10:00-04:00,79.535,79.535,79.305,79.45,6754.0
2026-07-02T13:15:00-04:00,79.4,79.48,79.325,79.35,6741.0
2026-07-02T13:20:00-04:00,79.34,79.37,79.2,79.2899,3509.0
2026-07-02T13:25:00-04:00,79.22,79.2717,79.1505,79.21,6255.0
2026-07-02T13:30:00-04:00,79.25,79.25,79.07,79.07,7969.0
2026-07-02T13:35:00-04:00,79.07,79.099998,78.865,78.93,7900.0
2026-07-02T13:40:00-04:00,78.89,79.010002,78.89,78.93,9318.0
2026-07-02T13:45:00-04:00,78.8901,78.94,78.8001,78.9,3602.0
2026-07-02T13:50:00-04:00,78.83,78.87603,78.77,78.8432,2823.0
2026-07-02T13:55:00-04:00,78.835,78.835,78.665,78.665,3535.0
2026-07-02T14:00:00-04:00,78.62,78.895,78.62,78.78,9493.0
2026-07-02T14:05:00-04:00,78.8151,79.41,78.8151,79.41,7896.0
2026-07-02T14:10:00-04:00,79.42,79.51,79.37,79.49,6719.0
2026-07-02T14:15:00-04:00,79.4,79.4,79.21,79.295,4879.0
2026-07-02T14:20:00-04:00,79.36,79.47,79.28,79.47,16954.0
2026-07-02T14:25:00-04:00,79.47,79.615,79.41,79.615,8663.0
2026-07-02T14:30:00-04:00,79.64,79.895,79.64,79.735,13618.0
2026-07-02T14:35:00-04:00,79.72,79.81,79.7,79.79,3385.0
2026-07-02T14:40:00-04:00,79.85,79.85,79.75,79.75,8816.0
2026-07-02T14:45:00-04:00,79.75,79.77,79.62,79.77,4118.0
2026-07-02T14:50:00-04:00,79.79,79.7999,79.64,79.64,6390.0
2026-07-02T14:55:00-04:00,79.71,79.74,79.6699,79.725,2415.0
2026-07-02T15:00:00-04:00,79.725,79.78,79.46,79.46,7718.0
2026-07-02T15:05:00-04:00,79.5,79.595,79.44,79.515,6627.0
2026-07-02T15:10:00-04:00,79.43,79.43,79.28,79.29,4510.0
2026-07-02T15:15:00-04:00,79.32,79.32,79.089996,79.23,115024.0
2026-07-02T15:20:00-04:00,79.16,79.19,79.084999,79.16,9348.0
2026-07-02T15:25:00-04:00,79.16,79.49,79.13,79.45,31862.0
2026-07-02T15:30:00-04:00,79.44,79.5899,79.405,79.545,17128.0
2026-07-02T15:35:00-04:00,79.495,79.515,79.42,79.455,65171.0
2026-07-02T15:40:00-04:00,79.47,79.7,79.43,79.64,36085.0
2026-07-02T15:45:00-04:00,79.635,79.78,79.635,79.77,28247.0
2026-07-02T15:50:00-04:00,79.83,80.13,79.8,80.13,25946.0
2026-07-02T15:55:00-04:00,80.14,80.25,79.95,80.16,86378.0
2026-07-06T09:30:00-04:00,81.18,81.75,80.82,80.82,55478.0
2026-07-06T09:35:00-04:00,80.966,81.16,80.57,80.8,55751.0
2026-07-06T09:40:00-04:00,80.77,81.07,80.25,80.72,32508.0
2026-07-06T09:45:00-04:00,80.69,80.765,80.19,80.44,22662.0
2026-07-06T09:50:00-04:00,80.41,80.535,80.235,80.24,26807.0
2026-07-06T09:55:00-04:00,80.089996,80.19,79.68,79.9,27866.0
2026-07-06T10:00:00-04:00,80.16,80.2099,79.5,79.52,13253.0
2026-07-06T10:05:00-04:00,79.56,79.62,79.010002,79.34,46646.0
2026-07-06T10:10:00-04:00,79.37,79.5,79.089996,79.25,11438.0
2026-07-06T10:15:00-04:00,79.19,79.235,78.88,78.97,43425.0
2026-07-06T10:20:00-04:00,78.985,79.365,78.97,79.28,6709.0
2026-07-06T10:25:00-04:00,79.28,79.57,79.27,79.51,6227.0
2026-07-06T10:30:00-04:00,79.59,79.61,79.405,79.595,10453.0
2026-07-06T10:35:00-04:00,79.51,79.51,79.215,79.215,6367.0
2026-07-06T10:40:00-04:00,79.33,79.33,79.059998,79.17,16228.0
2026-07-06T10:45:00-04:00,79.17,79.28,79.059998,79.089996,10524.0
2026-07-06T10:50:00-04:00,79.2,79.4699,79.2,79.335,5484.0
2026-07-06T10:55:00-04:00,79.34644,79.58,79.2555,79.58,4340.0
2026-07-06T11:00:00-04:00,79.67,79.87,79.43,79.81,5866.0
2026-07-06T11:05:00-04:00,79.81,79.93,79.72,79.7642,3096.0
2026-07-06T11:10:00-04:00,79.74,79.81,79.58,79.66,5867.0
2026-07-06T11:15:00-04:00,79.69,79.72,79.5701,79.67,9417.0
2026-07-06T11:20:00-04:00,79.61,79.69,79.53,79.53,8083.0
2026-07-06T11:25:00-04:00,79.58,79.61,79.45,79.59,10088.0
2026-07-06T11:30:00-04:00,79.55,79.66,79.51,79.51,5281.0
2026-07-06T11:35:00-04:00,79.61,79.68,79.475,79.63,5078.0
2026-07-06T11:40:00-04:00,79.6404,79.69,79.56,79.56,16569.0
2026-07-06T11:45:00-04:00,79.56,79.63,79.47,79.56,7412.0
2026-07-06T11:50:00-04:00,79.5625,79.575,79.39,79.425,7944.0
2026-07-06T11:55:00-04:00,79.4895,79.49,79.38,79.47,5203.0
2026-07-06T12:00:00-04:00,79.5,79.5,79.31,79.31,12736.0
2026-07-06T12:05:00-04:00,79.3,79.3795,79.29,79.33,3341.0
2026-07-06T12:10:00-04:00,79.35,79.36,79.11,79.14,7744.0
2026-07-06T12:15:00-04:00,79.11,79.23,79.065002,79.211,5880.0
2026-07-06T12:20:00-04:00,79.19,79.19,79.11,79.11,2348.0
2026-07-06T12:25:00-04:00,79.099998,79.099998,79.0049973,79.050003,4021.0
2026-07-06T12:30:00-04:00,79.099998,79.32,79.099998,79.265,6113.0
2026-07-06T12:35:00-04:00,79.3,79.35,79.22,79.28,7240.0
2026-07-06T12:40:00-04:00,79.27,79.33,79.27,79.33,1606.0
2026-07-06T12:45:00-04:00,79.27,79.34,79.2,79.27,8682.0
2026-07-06T12:50:00-04:00,79.34,79.46,79.32,79.32,9489.0
2026-07-06T12:55:00-04:00,79.3,79.35,79.28,79.32,2213.0
2026-07-06T13:00:00-04:00,79.37,79.3724,79.19,79.215,11384.0
2026-07-06T13:05:00-04:00,79.215,79.43,79.215,79.42,5603.0
2026-07-06T13:10:00-04:00,79.43,79.43,79.31,79.41,2874.0
2026-07-06T13:15:00-04:00,79.42,79.42,79.275,79.275,1862.0
2026-07-06T13:20:00-04:00,79.24,79.44,79.19,79.44,3156.0
2026-07-06T13:25:00-04:00,79.41,79.535,79.4,79.45,4833.0
2026-07-06T13:30:00-04:00,79.39,79.415,79.29,79.35,6773.0
2026-07-06T13:35:00-04:00,79.32,79.335,79.2365,79.25,3804.0
2026-07-06T13:40:00-04:00,79.23,79.24,79.090103,79.21,4069.0
2026-07-06T13:45:00-04:00,79.18,79.38,79.18,79.38,1168.0
2026-07-06T13:50:00-04:00,79.405,79.525,79.38,79.48,5273.0
2026-07-06T13:55:00-04:00,79.44,79.5,79.39,79.49,11573.0
2026-07-06T14:00:00-04:00,79.5,79.5,79.34,79.34,4015.0
2026-07-06T14:05:00-04:00,79.38,79.55,79.34,79.55,6080.0
2026-07-06T14:10:00-04:00,79.52,79.52,79.4,79.4349,4686.0
2026-07-06T14:15:00-04:00,79.46,79.68,79.46,79.64,6080.0
2026-07-06T14:20:00-04:00,79.64,79.83,79.62,79.82,9177.0
2026-07-06T14:25:00-04:00,79.835,79.89,79.81,79.89,6002.0
2026-07-06T14:30:00-04:00,79.885,79.97,79.85,79.92,11755.0
2026-07-06T14:35:00-04:00,79.91,80.089996,79.765,79.79,34354.0
2026-07-06T14:40:00-04:00,79.77,79.82,79.68,79.75,122675.0
2026-07-06T14:45:00-04:00,79.68,79.77,79.67,79.74,5969.0
2026-07-06T14:50:00-04:00,79.74,79.755,79.61,79.61,5617.0
2026-07-06T14:55:00-04:00,79.6332,79.7171,79.58,79.695,6476.0
2026-07-06T15:00:00-04:00,79.71,79.76,79.63,79.66,7288.0
2026-07-06T15:05:00-04:00,79.655,79.665,79.6,79.66,11007.0
2026-07-06T15:10:00-04:00,79.68,79.6806,79.615,79.63,3513.0
2026-07-06T15:15:00-04:00,79.615,79.755,79.61,79.75,18551.0
2026-07-06T15:20:00-04:00,79.72,79.88,79.6908,79.88,4008.0
2026-07-06T15:25:00-04:00,79.97,80.084999,79.97,80.019997,27515.0
2026-07-06T15:30:00-04:00,80.0,80.010002,79.91,80.0,7719.0
2026-07-06T15:35:00-04:00,79.98,79.98,79.8,79.82,4165.0
2026-07-06T15:40:00-04:00,79.87,79.95,79.8,79.94,6892.0
2026-07-06T15:45:00-04:00,79.99,80.040001,79.97,80.0049973,8316.0
2026-07-06T15:50:00-04:00,79.99,79.99,79.805,79.87,12024.0
2026-07-06T15:55:00-04:00,79.85,79.85,79.56,79.72,39591.0
2026-07-07T09:30:00-04:00,79.21,79.21,78.625,78.97,34485.0
2026-07-07T09:35:00-04:00,78.854,79.33,78.57,79.0,17036.0
2026-07-07T09:40:00-04:00,78.89,79.64,78.88,79.39,7049.0
2026-07-07T09:45:00-04:00,79.31,79.365,78.59,78.745,5768.0
2026-07-07T09:50:00-04:00,78.84,78.84,78.4205,78.5,27256.0
2026-07-07T09:55:00-04:00,78.5,78.51,78.16,78.26,13762.0
2026-07-07T10:00:00-04:00,78.245,78.2895,77.9552,78.13,8434.0
2026-07-07T10:05:00-04:00,78.07,78.080002,77.455,77.68,7370.0
2026-07-07T10:10:00-04:00,77.53,77.53,76.9,76.92,34786.0
2026-07-07T10:15:00-04:00,76.8801,76.99,76.6701,76.9569,7072.0
2026-07-07T10:20:00-04:00,77.029999,77.099998,76.45,76.45,8975.0
2026-07-07T10:25:00-04:00,76.37,76.62,76.27,76.62,8400.0
2026-07-07T10:30:00-04:00,76.66,76.795,76.3951,76.53,9886.0
2026-07-07T10:35:00-04:00,76.48,76.48,76.21,76.2301,6368.0
2026-07-07T10:40:00-04:00,76.36,76.39,76.12,76.19,25958.0
2026-07-07T10:45:00-04:00,76.27,76.58,76.19,76.53,14466.0
2026-07-07T10:50:00-04:00,76.5076,76.71,76.5076,76.5718,11114.0
2026-07-07T10:55:00-04:00,76.57,76.68,76.2901,76.5849,5754.0
2026-07-07T11:00:00-04:00,76.52,76.64,76.48,76.6,3474.0
2026-07-07T11:05:00-04:00,76.61,76.85,76.53,76.85,3568.0
2026-07-07T11:10:00-04:00,76.99,76.99,76.74,76.74,7577.0
2026-07-07T11:15:00-04:00,76.6,76.6,76.415,76.45,5529.0
2026-07-07T11:20:00-04:00,76.45,76.59,76.43,76.49,9001.0
2026-07-07T11:25:00-04:00,76.54,76.62,76.48,76.57,5328.0
2026-07-07T11:30:00-04:00,76.67,76.72,76.55,76.57,15335.0
2026-07-07T11:35:00-04:00,76.53,76.55,76.47,76.485,4255.0
2026-07-07T11:40:00-04:00,76.44,76.48,76.38,76.43,54051.0
2026-07-07T11:45:00-04:00,76.44,76.7,76.36,76.38,16686.0
2026-07-07T11:50:00-04:00,76.38,76.57,76.34,76.435,3509.0
2026-07-07T11:55:00-04:00,76.4241,76.4241,76.25,76.4,14382.0
2026-07-07T12:00:00-04:00,76.38,76.55,76.38,76.49,2533.0
2026-07-07T12:05:00-04:00,76.52,76.655,76.47,76.51,46418.0
2026-07-07T12:10:00-04:00,76.54,76.71,76.5018,76.65,86042.0
2026-07-07T12:15:00-04:00,76.7,76.7717,76.67,76.77,4009.0
2026-07-07T12:20:00-04:00,76.92,77.080002,76.92,76.985,3633.0
2026-07-07T12:25:00-04:00,76.98,77.19,76.98,77.155,4316.0
2026-07-07T12:30:00-04:00,77.155,77.25,76.985,77.010002,10507.0
2026-07-07T12:35:00-04:00,77.010002,77.014999,76.92,76.95,2505.0
2026-07-07T12:40:00-04:00,76.98,76.98,76.8301,76.92,10025.0
2026-07-07T12:45:00-04:00,76.92,76.99,76.88,76.99,15032.0
2026-07-07T12:50:00-04:00,77.0,77.11,76.985,76.99,11063.0
2026-07-07T12:55:00-04:00,76.95,76.96,76.885,76.95,1516.0
2026-07-07T13:00:00-04:00,77.1699,77.1699,76.9305,77.010002,7459.0
2026-07-07T13:05:00-04:00,77.029999,77.16,76.975,77.11,4999.0
2026-07-07T13:10:00-04:00,77.099998,77.099998,76.9221,76.9416,4614.0
2026-07-07T13:15:00-04:00,76.9,77.029999,76.895,76.99,795.0
2026-07-07T13:20:00-04:00,76.99,77.16,76.985,77.16,4644.0
2026-07-07T13:25:00-04:00,77.14,77.14,77.050003,77.12,3177.0
2026-07-07T13:30:00-04:00,77.17,77.25,77.17,77.21,2925.0
2026-07-07T13:35:00-04:00,77.25,77.3,77.205,77.21,3350.0
2026-07-07T13:40:00-04:00,77.252,77.42,77.252,77.41,9657.0
2026-07-07T13:45:00-04:00,77.39,77.4025,77.29,77.2905,8609.0
2026-07-07T13:50:00-04:00,77.32,77.32,77.19,77.19,1518.0
2026-07-07T13:55:00-04:00,77.225,77.2658,77.17,77.23,5421.0
2026-07-07T14:00:00-04:00,77.27,77.28,77.07,77.080498,3820.0
2026-07-07T14:05:00-04:00,77.105,77.18,77.029999,77.029999,6576.0
2026-07-07T14:10:00-04:00,77.055,77.11,77.055,77.11,1427.0
2026-07-07T14:15:00-04:00,77.07,77.14,77.040001,77.135,4049.0
2026-07-07T14:20:00-04:00,77.145,77.2,77.11,77.18,2647.0
2026-07-07T14:25:00-04:00,77.21,77.26,77.14,77.14,3557.0
2026-07-07T14:30:00-04:00,77.099998,77.15,76.9,76.97,34352.0
2026-07-07T14:35:00-04:00,76.98,77.040001,76.95,77.035004,5861.0
2026-07-07T14:40:00-04:00,77.014999,77.014999,76.9,76.93,7934.0
2026-07-07T14:45:00-04:00,76.95,76.96,76.61,76.67,5143.0
2026-07-07T14:50:00-04:00,76.5506,76.555,76.42,76.47,6957.0
2026-07-07T14:55:00-04:00,76.42,76.53,76.4,76.41,17194.0
2026-07-07T15:00:00-04:00,76.3401,76.3401,76.029999,76.3,12527.0
2026-07-07T15:05:00-04:00,76.29,76.41,75.9405,76.059998,29402.0
2026-07-07T15:10:00-04:00,76.0,76.019997,75.89,76.010002,10819.0
2026-07-07T15:15:00-04:00,75.97,75.97,75.64,75.86,11317.0
2026-07-07T15:20:00-04:00,75.89,76.050003,75.86,76.014,5228.0
2026-07-07T15:25:00-04:00,75.95,76.2,75.9,76.14,8660.0
2026-07-07T15:30:00-04:00,76.11,76.36,76.11,76.33,5016.0
2026-07-07T15:35:00-04:00,76.3,76.38,76.16,76.24,9424.0
2026-07-07T15:40:00-04:00,76.2,76.22,76.080002,76.2,10168.0
2026-07-07T15:45:00-04:00,76.175,76.425,76.175,76.41,14097.0
2026-07-07T15:50:00-04:00,76.43,76.54,76.2533,76.54,24051.0
2026-07-07T15:55:00-04:00,76.59,76.7,76.41,76.68,89442.0
2026-07-08T09:30:00-04:00,74.83,75.3299,74.3802,75.3,65961.0
2026-07-08T09:35:00-04:00,75.27,75.5201,75.12,75.5201,11386.0
2026-07-08T09:40:00-04:00,75.46,75.55,75.099998,75.2599,11655.0
2026-07-08T09:45:00-04:00,75.13,75.535,74.89,74.89,20345.0
2026-07-08T09:50:00-04:00,74.915,75.065002,74.75,74.83,36048.0
2026-07-08T09:55:00-04:00,74.92,75.089996,74.71,75.089996,7878.0
2026-07-08T10:00:00-04:00,74.96,74.96,74.81,74.93,2368.0
2026-07-08T10:05:00-04:00,74.8,74.8544,74.68,74.715,4964.0
2026-07-08T10:10:00-04:00,74.75,74.75,74.3,74.42,57349.0
2026-07-08T10:15:00-04:00,74.45,74.5,73.97,74.051498,44246.0
2026-07-08T10:20:00-04:00,74.050003,74.51,73.98,74.37,8641.0
2026-07-08T10:25:00-04:00,74.46,74.66,74.41,74.53,8677.0
2026-07-08T10:30:00-04:00,74.48,74.48,74.050003,74.265,16279.0
2026-07-08T10:35:00-04:00,74.25,74.25,73.85,74.019997,11372.0
2026-07-08T10:40:00-04:00,73.99,74.019997,73.34,73.41,26789.0
2026-07-08T10:45:00-04:00,73.33,73.365,72.903,72.92,32822.0
2026-07-08T10:50:00-04:00,72.9,73.23,72.89,73.1333,16093.0
2026-07-08T10:55:00-04:00,73.11,73.1899,72.9963,73.099998,6967.0
2026-07-08T11:00:00-04:00,73.040001,73.2,73.0,73.0,20111.0
2026-07-08T11:05:00-04:00,73.089897,73.37,73.0,73.010002,9874.0
2026-07-08T11:10:00-04:00,72.98,73.050003,72.69,72.73,18817.0
2026-07-08T11:15:00-04:00,72.74,72.75,72.39,72.6428,19400.0
2026-07-08T11:20:00-04:00,72.55,72.57,72.15,72.2,7710.0
2026-07-08T11:25:00-04:00,72.27,72.28,72.17,72.2615,2825.0
2026-07-08T11:30:00-04:00,72.22,72.32,72.15,72.32,6096.0
2026-07-08T11:35:00-04:00,72.29,72.4,72.19,72.19,11382.0
2026-07-08T11:40:00-04:00,72.28,72.3975,72.28,72.36,2826.0
2026-07-08T11:45:00-04:00,72.385,72.385,72.15,72.235,6569.0
2026-07-08T11:50:00-04:00,72.23,72.23,72.099998,72.21,6837.0
2026-07-08T11:55:00-04:00,72.235,72.265,72.115,72.24,30972.0
2026-07-08T12:00:00-04:00,72.24,72.39,72.24,72.355,25347.0
2026-07-08T12:05:00-04:00,72.33,72.54,72.33,72.54,13836.0
2026-07-08T12:10:00-04:00,72.55,72.7551,72.55,72.7551,2704.0
2026-07-08T12:15:00-04:00,72.7,72.9,72.69,72.89,11531.0
2026-07-08T12:20:00-04:00,72.91,73.029999,72.9,72.91,15748.0
2026-07-08T12:25:00-04:00,72.88,73.07,72.8201,73.065002,6937.0
2026-07-08T12:30:00-04:00,73.055,73.27,73.055,73.089996,9937.0
2026-07-08T12:35:00-04:00,73.050003,73.21,72.8,72.985,15629.0
2026-07-08T12:40:00-04:00,72.94,73.335,72.92,73.33,13885.0
2026-07-08T12:45:00-04:00,73.3668,73.37,73.25,73.34,3843.0
2026-07-08T12:50:00-04:00,73.59,73.735,73.46,73.7,8135.0
2026-07-08T12:55:00-04:00,73.81,73.87,73.65,73.67,35284.0
2026-07-08T13:00:00-04:00,73.65,73.69,73.45,73.64,8897.0
2026-07-08T13:05:00-04:00,73.66,73.855,73.66,73.855,1005.0
2026-07-08T13:10:00-04:00,73.8,73.899,73.7292,73.8299,4127.0
2026-07-08T13:15:00-04:00,73.78,73.8051,73.71,73.805,3529.0
2026-07-08T13:20:00-04:00,73.77,74.0,73.74,73.98,4795.0
2026-07-08T13:25:00-04:00,74.050003,74.1834,74.019997,74.14,12254.0
2026-07-08T13:30:00-04:00,74.18,74.24,74.0,74.019997,14054.0
2026-07-08T13:35:00-04:00,74.050003,74.055,73.83,73.83,15244.0
2026-07-08T13:40:00-04:00,73.82,73.82,73.69,73.69,5420.0
2026-07-08T13:45:00-04:00,73.6503,73.66,73.55,73.57,7480.0
2026-07-08T13:50:00-04:00,73.55,73.75,73.55,73.62,4759.0
2026-07-08T13:55:00-04:00,73.6,73.6,73.48,73.55,11909.0
2026-07-08T14:00:00-04:00,73.54,73.77,73.39,73.68,10857.0
2026-07-08T14:05:00-04:00,73.67,73.7,73.5,73.61,3854.0
2026-07-08T14:10:00-04:00,73.67,73.84,73.67,73.8201,3994.0
2026-07-08T14:15:00-04:00,73.82,73.82,73.52,73.6,23705.0
2026-07-08T14:20:00-04:00,73.58,73.61,73.52,73.56,4592.0
2026-07-08T14:25:00-04:00,73.53,73.6592,73.51,73.6,6319.0
2026-07-08T14:30:00-04:00,73.58,73.61,73.465,73.5,16635.0
2026-07-08T14:35:00-04:00,73.47,73.64,73.41,73.57,8951.0
2026-07-08T14:40:00-04:00,73.595,73.625,73.54,73.6,3776.0
2026-07-08T14:45:00-04:00,73.65,73.96,73.65,73.94,13773.0
2026-07-08T14:50:00-04:00,73.92,73.935,73.76,73.77,9906.0
2026-07-08T14:55:00-04:00,73.74,73.82,73.65,73.81,9164.0
2026-07-08T15:00:00-04:00,73.81,73.96,73.78,73.8799,7852.0
2026-07-08T15:05:00-04:00,73.82,73.99,73.81,73.92,4181.0
2026-07-08T15:10:00-04:00,73.87,73.875,73.795,73.81,5049.0
2026-07-08T15:15:00-04:00,73.79,73.835,73.76,73.835,5870.0
2026-07-08T15:20:00-04:00,73.83,73.88,73.74,73.8,9675.0
2026-07-08T15:25:00-04:00,73.77,73.95,73.76,73.925,6535.0
2026-07-08T15:30:00-04:00,73.925,73.97,73.83,73.84,16907.0
2026-07-08T15:35:00-04:00,73.82,73.9363,73.81,73.9,11188.0
2026-07-08T15:40:00-04:00,73.88,74.010002,73.86,73.995,13453.0
2026-07-08T15:45:00-04:00,73.99,74.025002,73.85,73.905,18654.0
2026-07-08T15:50:00-04:00,73.87,74.099998,73.82,74.084999,27299.0
2026-07-08T15:55:00-04:00,74.095001,74.095001,73.87,73.93,56715.0
2026-07-09T09:30:00-04:00,75.25,75.57,75.029999,75.22,38405.0
2026-07-09T09:35:00-04:00,75.14,75.51,75.019997,75.49,11317.0
2026-07-09T09:40:00-04:00,75.3501,76.099998,75.2227,76.099998,15634.0
2026-07-09T09:45:00-04:00,75.99,76.019997,75.62,75.79,15937.0
2026-07-09T09:50:00-04:00,75.79,76.44,75.61,76.23,7841.0
2026-07-09T09:55:00-04:00,76.25,76.48,76.17,76.3,11566.0
2026-07-09T10:00:00-04:00,76.18,76.55,76.18,76.55,8082.0
2026-07-09T10:05:00-04:00,76.55,76.7,76.27,76.42,7523.0
2026-07-09T10:10:00-04:00,76.3,76.4,76.095001,76.195,4389.0
2026-07-09T10:15:00-04:00,76.065002,76.185,75.985,76.035004,6328.0
2026-07-09T10:20:00-04:00,76.089996,76.225,75.8,76.13,6118.0
2026-07-09T10:25:00-04:00,76.22,76.575,76.22,76.525,11984.0
2026-07-09T10:30:00-04:00,76.52,76.565,76.235,76.3,8828.0
2026-07-09T10:35:00-04:00,76.285,76.56,76.285,76.56,10638.0
2026-07-09T10:40:00-04:00,76.58,76.71,76.515,76.58,8944.0
2026-07-09T10:45:00-04:00,76.485,76.66,76.34,76.34,8577.0
2026-07-09T10:50:00-04:00,76.28,76.29,75.98,76.025002,2396.0
2026-07-09T10:55:00-04:00,76.18,76.375,76.099998,76.375,4153.0
2026-07-09T11:00:00-04:00,76.4325,76.545,76.425,76.545,8269.0
2026-07-09T11:05:00-04:00,76.52,76.725,76.49,76.56,3570.0
2026-07-09T11:10:00-04:00,76.5,76.535,76.43,76.43,12451.0
2026-07-09T11:15:00-04:00,76.37,76.55,76.37,76.41,11793.0
2026-07-09T11:20:00-04:00,76.4,76.62,76.36,76.6,6380.0
2026-07-09T11:25:00-04:00,76.59,76.63,76.52,76.61,5024.0
2026-07-09T11:30:00-04:00,76.585,76.6,76.53,76.53,2736.0
2026-07-09T11:35:00-04:00,76.61,76.72,76.56,76.72,12496.0
2026-07-09T11:40:00-04:00,76.71,76.865,76.62,76.865,10823.0
2026-07-09T11:45:00-04:00,76.89,76.93,76.885,76.89,2157.0
2026-07-09T11:50:00-04:00,76.9,76.9646,76.7947,76.7947,4505.0
2026-07-09T11:55:00-04:00,76.81,76.91,76.75,76.865,13615.0
2026-07-09T12:00:00-04:00,76.86,77.099998,76.86,77.050003,40099.0
2026-07-09T12:05:00-04:00,77.01,77.17,76.9805,77.17,4528.0
2026-07-09T12:10:00-04:00,77.14,77.24,77.11,77.23,27985.0
2026-07-09T12:15:00-04:00,77.23,77.24,77.080002,77.12,5888.0
2026-07-09T12:20:00-04:00,77.080002,77.099998,77.029999,77.07,8945.0
2026-07-09T12:25:00-04:00,77.040001,77.040001,76.87,76.99,4733.0
2026-07-09T12:30:00-04:00,76.99,77.089996,76.985,77.010002,16903.0
2026-07-09T12:35:00-04:00,77.0049973,77.16,77.0049973,77.099998,24229.0
2026-07-09T12:40:00-04:00,77.12,77.15,77.095001,77.13,4409.0
2026-07-09T12:45:00-04:00,77.11,77.11,77.050003,77.089996,7710.0
2026-07-09T12:50:00-04:00,77.080002,77.16,77.07,77.155,7353.0
2026-07-09T12:55:00-04:00,77.14,77.15,76.99,76.99,3580.0
2026-07-09T13:00:00-04:00,76.985,77.010002,76.9401,76.96,2267.0
2026-07-09T13:05:00-04:00,76.97,77.025002,76.9401,76.9401,2330.0
2026-07-09T13:10:00-04:00,76.97,76.98,76.91,76.98,4416.0
2026-07-09T13:15:00-04:00,76.95,76.99,76.84,76.95,4037.0
2026-07-09T13:20:00-04:00,77.0,77.046204,76.935,76.9751,8423.0
2026-07-09T13:25:00-04:00,76.985,77.035004,76.985,77.029999,1985.0
2026-07-09T13:30:00-04:00,77.025002,77.099899,76.93,77.040001,13513.0
2026-07-09T13:35:00-04:00,77.035004,77.07,76.97,76.97,5306.0
2026-07-09T13:40:00-04:00,76.97,77.089996,76.97,77.025002,5760.0
2026-07-09T13:45:00-04:00,77.24,77.24,77.24,77.24,378.0
2026-07-09T13:50:00-04:00,77.215,77.27,77.18,77.195,4629.0
2026-07-09T13:55:00-04:00,77.28,77.36,77.21,77.3333,5515.0
2026-07-09T14:00:00-04:00,77.33,77.33,77.1288,77.13,5282.0
2026-07-09T14:05:00-04:00,77.12,77.24,77.099998,77.24,2541.0
2026-07-09T14:10:00-04:00,77.2,77.23,77.085098,77.085098,5091.0
2026-07-09T14:15:00-04:00,77.059998,77.080002,77.029999,77.029999,1984.0
2026-07-09T14:20:00-04:00,77.059998,77.11,77.0,77.089996,13724.0
2026-07-09T14:25:00-04:00,77.099998,77.11,77.065002,77.084999,4285.0
2026-07-09T14:30:00-04:00,77.059998,77.065002,76.99,77.050003,5116.0
2026-07-09T14:35:00-04:00,77.0,77.0049973,76.84,76.84,9048.0
2026-07-09T14:40:00-04:00,76.82,76.9425,76.82,76.91,19293.0
2026-07-09T14:45:00-04:00,76.89,76.99,76.87,76.96,17629.0
2026-07-09T14:50:00-04:00,76.96,76.96,76.84,76.91,5214.0
2026-07-09T14:55:00-04:00,76.8699,76.895,76.78,76.87,9914.0
2026-07-09T15:00:00-04:00,76.8899,76.9,76.805,76.805,9170.0
2026-07-09T15:05:00-04:00,76.8,76.885,76.8,76.81,6002.0
2026-07-09T15:10:00-04:00,76.8,76.9,76.78,76.9,9615.0
2026-07-09T15:15:00-04:00,76.88,76.97,76.84,76.955,9512.0
2026-07-09T15:20:00-04:00,76.92,76.94,76.7601,76.795,13909.0
2026-07-09T15:25:00-04:00,76.805,76.88,76.805,76.83,6659.0
2026-07-09T15:30:00-04:00,76.81,76.81,76.7101,76.7201,7851.0
2026-07-09T15:35:00-04:00,76.7,76.7216,76.57,76.635,8898.0
2026-07-09T15:40:00-04:00,76.64,76.645,76.545,76.5698,7888.0
2026-07-09T15:45:00-04:00,76.6,76.77,76.59,76.745,9603.0
2026-07-09T15:50:00-04:00,76.7425,76.76,76.595,76.675,11624.0
2026-07-09T15:55:00-04:00,76.65,76.87,76.605,76.82,49226.0
2026-07-10T09:30:00-04:00,75.85,76.8,75.82,76.4358,14773.0
2026-07-10T09:35:00-04:00,76.3604,76.79,76.3604,76.7,3920.0
2026-07-10T09:40:00-04:00,76.5905,76.5905,76.34,76.34,2827.0
2026-07-10T09:45:00-04:00,76.25,76.54,76.18,76.54,4155.0
2026-07-10T09:50:00-04:00,76.44,76.7,76.3,76.3,5747.0
2026-07-10T09:55:00-04:00,76.21,76.24,76.080002,76.21,4377.0
2026-07-10T10:00:00-04:00,76.29,76.29,76.14,76.19,1424.0
2026-07-10T10:05:00-04:00,76.31,76.42,76.19,76.42,1901.0
2026-07-10T10:10:00-04:00,76.29,76.37,76.27,76.37,1889.0
2026-07-10T10:15:00-04:00,76.37,76.42,76.31,76.42,783.0
2026-07-10T10:20:00-04:00,76.44,76.47,76.3,76.3,3135.0
2026-07-10T10:25:00-04:00,76.235,76.76,76.235,76.6579,1957.0
2026-07-10T10:30:00-04:00,76.76,76.82,75.3,75.77,19058.0
2026-07-10T10:35:00-04:00,76.089996,76.5677,76.0,76.56,1735.0
2026-07-10T10:40:00-04:00,76.52,76.62,76.32,76.44,4776.0
2026-07-10T10:45:00-04:00,76.525,76.8,76.41,76.8,1711.0
2026-07-10T10:50:00-04:00,76.67,76.67,76.64,76.64,776.0
2026-07-10T10:55:00-04:00,76.38,76.38,76.16,76.24,2284.0
2026-07-10T11:00:00-04:00,76.1101,76.27,76.07,76.23,3332.0
2026-07-10T11:05:00-04:00,76.15,76.2,76.050003,76.050003,4450.0
2026-07-10T11:10:00-04:00,76.089996,76.2,76.059998,76.059998,1439.0
2026-07-10T11:15:00-04:00,76.24,76.24,76.2,76.2,538.0
2026-07-10T11:20:00-04:00,76.235,76.5495,76.235,76.5495,4096.0
2026-07-10T11:25:00-04:00,76.55,76.59,76.485,76.485,2023.0
2026-07-10T11:30:00-04:00,76.4614,76.48,76.43,76.48,2066.0
2026-07-10T11:35:00-04:00,76.27,76.32,76.26,76.32,2577.0
2026-07-10T11:40:00-04:00,76.3,76.31,76.21,76.31,664.0
2026-07-10T11:45:00-04:00,76.37,76.5,76.34,76.45,6618.0
2026-07-10T11:50:00-04:00,76.55,76.8,76.52,76.8,1816.0
2026-07-10T11:55:00-04:00,76.805,76.89,76.75,76.89,5916.0
2026-07-10T12:00:00-04:00,76.95,77.029999,76.86,76.86,5119.0
2026-07-10T12:05:00-04:00,76.81,76.915,76.78,76.91,3920.0
2026-07-10T12:10:00-04:00,76.87,76.88,76.82,76.87,1716.0
2026-07-10T12:15:00-04:00,77.0,77.0,76.82,76.855,1444.0
2026-07-10T12:20:00-04:00,76.73,76.815,76.73,76.8,12059.0
2026-07-10T12:25:00-04:00,76.82,76.885,76.79,76.885,7146.0
2026-07-10T12:30:00-04:00,76.935,76.935,76.88,76.92,1239.0
2026-07-10T12:35:00-04:00,76.87,76.8801,76.825,76.86,2957.0
2026-07-10T12:40:00-04:00,76.79,76.9,76.78,76.78,1076.0
2026-07-10T12:45:00-04:00,76.8,76.8703,76.8,76.81,3925.0
2026-07-10T12:50:00-04:00,76.84,76.86,76.76,76.76,4319.0
2026-07-10T12:55:00-04:00,76.64,76.685,76.62,76.62,1825.0
2026-07-10T13:00:00-04:00,76.6604,76.6604,76.63,76.64,1180.0
2026-07-10T13:05:00-04:00,76.61,76.61,76.53,76.56,4145.0
2026-07-10T13:10:00-04:00,76.55,76.59491,76.55,76.575,1546.0
2026-07-10T13:15:00-04:00,76.58,76.695,76.58,76.64,3454.0
2026-07-10T13:20:00-04:00,76.62,76.7,76.62,76.7,775.0
2026-07-10T13:25:00-04:00,76.67,76.685,76.58,76.59,2005.0
2026-07-10T13:30:00-04:00,76.6,76.63,76.6,76.625,3455.0
2026-07-10T13:35:00-04:00,76.625,76.695,76.55,76.5901,7653.0
2026-07-10T13:40:00-04:00,76.695,76.75,76.65,76.72,2066.0
2026-07-10T13:45:00-04:00,76.76,76.76,76.69,76.69,1040.0
2026-07-10T13:50:00-04:00,76.735,76.8,76.68,76.72,2405.0
2026-07-10T13:55:00-04:00,76.65,76.69,76.52,76.53,5162.0
2026-07-10T14:00:00-04:00,76.61,76.61,76.51,76.57,1422.0
2026-07-10T14:05:00-04:00,76.61,76.66,76.57,76.66,2965.0
2026-07-10T14:10:00-04:00,76.61,76.72,76.61,76.6601,2305.0
2026-07-10T14:15:00-04:00,76.6,76.6,76.5,76.58,2587.0
2026-07-10T14:20:00-04:00,76.57,76.68,76.57,76.645,2028.0
2026-07-10T14:25:00-04:00,76.71,76.75,76.6,76.62,2404.0
2026-07-10T14:30:00-04:00,76.65,76.6974,76.65,76.67,1552.0
2026-07-10T14:35:00-04:00,76.67,76.71,76.6149,76.615,2829.0
2026-07-10T14:40:00-04:00,76.57,76.61,76.515,76.555,3001.0
2026-07-10T14:45:00-04:00,76.555,76.555,76.44,76.44,1462.0
2026-07-10T14:50:00-04:00,76.5,76.51,76.49741,76.49741,736.0
2026-07-10T14:55:00-04:00,76.49,76.58,76.49,76.557,2395.0
2026-07-10T15:00:00-04:00,76.56,76.59,76.5,76.535,1174.0
2026-07-10T15:05:00-04:00,76.595,76.66,76.595,76.66,852.0
2026-07-10T15:10:00-04:00,76.69,76.7799,76.69,76.74,1687.0
2026-07-10T15:15:00-04:00,76.725,76.79,76.69,76.69,1694.0
2026-07-10T15:20:00-04:00,76.705,76.705,76.64,76.64,2499.0
2026-07-10T15:25:00-04:00,76.65,76.695,76.63,76.67,5866.0
2026-07-10T15:30:00-04:00,76.69,76.73,76.63,76.67,5553.0
2026-07-10T15:35:00-04:00,76.63,76.65,76.57,76.65,7237.0
2026-07-10T15:40:00-04:00,76.7199,76.7199,76.65,76.65,3283.0
2026-07-10T15:45:00-04:00,76.66,76.79,76.66,76.77,4103.0
2026-07-10T15:50:00-04:00,76.75,76.75,76.53,76.53,4765.0
2026-07-10T15:55:00-04:00,76.54,76.54,76.35,76.39,49406.0
2026-07-13T09:30:00-04:00,75.089996,75.13,74.56,74.845,28612.0
2026-07-13T09:35:00-04:00,74.8266,75.2299,74.625,74.625,10267.0
2026-07-13T09:40:00-04:00,74.5,74.62,74.25,74.62,13638.0
2026-07-13T09:45:00-04:00,74.6,74.98,74.51,74.68,4499.0
2026-07-13T09:50:00-04:00,74.735,74.78,74.43,74.74,5810.0
2026-07-13T09:55:00-04:00,74.76,74.87,74.6473,74.6473,3808.0
2026-07-13T10:00:00-04:00,74.635,74.675,74.35,74.46,6194.0
2026-07-13T10:05:00-04:00,74.41,74.565,74.295,74.565,7931.0
2026-07-13T10:10:00-04:00,74.51,74.835,74.47,74.6575,9381.0
2026-07-13T10:15:00-04:00,74.6767,74.82,73.8,74.595,71206.0
2026-07-13T10:20:00-04:00,74.62,74.72,74.26,74.72,10019.0
2026-07-13T10:25:00-04:00,74.78,75.0,74.58,74.765,6955.0
2026-07-13T10:30:00-04:00,74.83,74.83,74.64,74.76,3307.0
2026-07-13T10:35:00-04:00,74.81,74.81,74.45,74.69,9435.0
2026-07-13T10:40:00-04:00,74.61,74.61,74.281,74.46,11296.0
2026-07-13T10:45:00-04:00,74.4,74.66,74.351,74.6401,3611.0
2026-07-13T10:50:00-04:00,74.7,74.7038,74.43,74.54,4489.0
2026-07-13T10:55:00-04:00,74.46,74.8,74.41,74.74,3560.0
2026-07-13T11:00:00-04:00,74.8,74.815,74.57,74.57,7239.0
2026-07-13T11:05:00-04:00,74.585,74.6751,74.49,74.49,6028.0
2026-07-13T11:10:00-04:00,74.55,74.69,74.53,74.56,7618.0
2026-07-13T11:15:00-04:00,74.5,74.615,74.47,74.56,5086.0
2026-07-13T11:20:00-04:00,74.61,74.8,74.61,74.8,2132.0
2026-07-13T11:25:00-04:00,74.77,74.7715,74.67,74.745,13042.0
2026-07-13T11:30:00-04:00,74.7,74.71,74.54,74.54,21348.0
2026-07-13T11:35:00-04:00,74.5501,74.61,74.41,74.42,46196.0
2026-07-13T11:40:00-04:00,74.41,74.41,74.31,74.375,22150.0
2026-07-13T11:45:00-04:00,74.37,74.37,74.26,74.32,10514.0
2026-07-13T11:50:00-04:00,74.325,74.4199,74.175,74.28,11861.0
2026-07-13T11:55:00-04:00,74.22,74.22,74.16,74.17,6377.0
2026-07-13T12:00:00-04:00,74.195,74.33,74.195,74.295,4857.0
2026-07-13T12:05:00-04:00,74.305,74.305,74.235,74.29,981.0
2026-07-13T12:10:00-04:00,74.28,74.36,74.25,74.27,6613.0
2026-07-13T12:15:00-04:00,74.22,74.23,74.13,74.19,11432.0
2026-07-13T12:20:00-04:00,74.2,74.24,74.14,74.205,15597.0
2026-07-13T12:25:00-04:00,74.16,74.17,73.98,74.07,14162.0
2026-07-13T12:30:00-04:00,74.040001,74.042,73.585,73.585,21592.0
2026-07-13T12:35:00-04:00,73.595,73.72,73.3,73.72,17050.0
2026-07-13T12:40:00-04:00,73.735,73.79,73.67,73.67,3861.0
2026-07-13T12:45:00-04:00,73.715,73.75,73.64,73.73,7371.0
2026-07-13T12:50:00-04:00,73.63,73.77,73.455,73.77,8895.0
2026-07-13T12:55:00-04:00,73.68,73.77,73.52,73.77,22309.0
2026-07-13T13:00:00-04:00,73.78,73.85,73.75,73.79,6265.0
2026-07-13T13:05:00-04:00,73.8,73.93,73.71,73.93,8151.0
2026-07-13T13:10:00-04:00,74.0,74.0,73.85,73.86,12880.0
2026-07-13T13:15:00-04:00,73.92,73.955,73.85,73.93,4249.0
2026-07-13T13:20:00-04:00,73.85,73.915,73.78,73.87,2884.0
2026-07-13T13:25:00-04:00,73.855,73.855,73.725,73.78,3620.0
2026-07-13T13:30:00-04:00,73.805,73.87,73.72,73.87,4225.0
2026-07-13T13:35:00-04:00,73.87,73.87,73.75,73.75,2302.0
2026-07-13T13:40:00-04:00,73.74,73.81,73.71,73.81,4094.0
2026-07-13T13:45:00-04:00,73.85,73.85,73.67,73.693,2185.0
2026-07-13T13:50:00-04:00,73.62,73.65,73.56,73.58,6845.0
2026-07-13T13:55:00-04:00,73.585,73.68,73.56,73.625,3929.0
2026-07-13T14:00:00-04:00,73.605,73.705,73.56,73.56,12549.0
2026-07-13T14:05:00-04:00,73.595,73.72,73.58,73.64,10376.0
2026-07-13T14:10:00-04:00,73.59,73.69,73.53,73.65,14889.0
2026-07-13T14:15:00-04:00,73.65,73.7019,73.5,73.5,4520.0
2026-07-13T14:20:00-04:00,73.495,73.69,73.49,73.5,4514.0
2026-07-13T14:25:00-04:00,73.55,73.58,73.52,73.52,1864.0
2026-07-13T14:30:00-04:00,73.46,73.68,73.42,73.57,8825.0
2026-07-13T14:35:00-04:00,73.615,73.75,73.57,73.64,5238.0
2026-07-13T14:40:00-04:00,73.65,73.8,73.65,73.74,2992.0
2026-07-13T14:45:00-04:00,73.76,73.88,73.72,73.88,10171.0
2026-07-13T14:50:00-04:00,73.85,73.945,73.84,73.92,5868.0
2026-07-13T14:55:00-04:00,73.87,73.91,73.72,73.81,11097.0
2026-07-13T15:00:00-04:00,73.76,73.88,73.73,73.88,8588.0
2026-07-13T15:05:00-04:00,73.865,73.88,73.64,73.7,21418.0
2026-07-13T15:10:00-04:00,73.67,73.72,73.62,73.68,47900.0
2026-07-13T15:15:00-04:00,73.64,73.71,73.64,73.67,9203.0
2026-07-13T15:20:00-04:00,73.67,73.67,73.46,73.565,34764.0
2026-07-13T15:25:00-04:00,73.59,73.65,73.5801,73.5801,25761.0
2026-07-13T15:30:00-04:00,73.59,73.76,73.59,73.71,36258.0
2026-07-13T15:35:00-04:00,73.71,73.8,73.625,73.69,24152.0
2026-07-13T15:40:00-04:00,73.69,73.92,73.69,73.92,32031.0
2026-07-13T15:45:00-04:00,73.91,73.91,73.75,73.825,29506.0
2026-07-13T15:50:00-04:00,73.85,74.050003,73.78,74.040001,76396.0
2026-07-13T15:55:00-04:00,74.029999,74.24,73.98,74.24,98858.0
2026-07-14T09:30:00-04:00,76.76,77.12,76.16,76.9901,57864.0
2026-07-14T09:35:00-04:00,76.86,77.1077,76.61,77.1077,11311.0
2026-07-14T09:40:00-04:00,77.12,77.335,76.97,77.29,23752.0
2026-07-14T09:45:00-04:00,77.265,77.265,76.9,77.0,27041.0
2026-07-14T09:50:00-04:00,77.029999,77.25,76.85,76.87,7925.0
2026-07-14T09:55:00-04:00,76.89,77.050003,76.85,76.9,4721.0
2026-07-14T10:00:00-04:00,76.6277,77.0,76.59,76.6,4153.0
2026-07-14T10:05:00-04:00,76.55,76.88,76.5,76.745,7117.0
2026-07-14T10:10:00-04:00,76.84,76.94,76.64,76.82,6474.0
2026-07-14T10:15:00-04:00,76.595,76.75,76.54,76.6501,6572.0
2026-07-14T10:20:00-04:00,76.63,77.1325,76.59,76.68,17600.0
2026-07-14T10:25:00-04:00,76.6,76.735,76.49,76.49,9017.0
2026-07-14T10:30:00-04:00,76.48,77.12,76.31,76.86,6809.0
2026-07-14T10:35:00-04:00,76.67,76.79,76.395,76.64,8353.0
2026-07-14T10:40:00-04:00,76.585,76.585,76.25,76.265,17480.0
2026-07-14T10:45:00-04:00,76.28,76.44,76.21,76.33,7183.0
2026-07-14T10:50:00-04:00,76.23,76.46,76.16,76.46,3708.0
2026-07-14T10:55:00-04:00,76.41,76.5,76.39,76.39,3072.0
2026-07-14T11:00:00-04:00,76.54,76.665,76.23,76.63,10261.0
2026-07-14T11:05:00-04:00,76.49,76.66,76.46,76.625,3898.0
2026-07-14T11:10:00-04:00,76.55,76.55,76.25,76.25,1308.0
2026-07-14T11:15:00-04:00,76.27,76.33,76.080101,76.080101,2301.0
2026-07-14T11:20:00-04:00,76.095001,76.27,76.07,76.14,2889.0
2026-07-14T11:25:00-04:00,76.18,76.2,76.099998,76.185,3329.0
2026-07-14T11:30:00-04:00,76.15,76.19,76.0,76.010002,16542.0
2026-07-14T11:35:00-04:00,76.0,76.010002,75.94,76.010002,4497.0
2026-07-14T11:40:00-04:00,75.9692,75.9692,75.64,75.85,8674.0
2026-07-14T11:45:00-04:00,75.92,76.1016,75.92,76.1016,2373.0
2026-07-14T11:50:00-04:00,75.99,75.99,75.775,75.775,4172.0
2026-07-14T11:55:00-04:00,75.78,75.9,75.7067,75.87,4382.0
2026-07-14T12:00:00-04:00,75.76,75.76,75.6002,75.71,2729.0
2026-07-14T12:05:00-04:00,75.74,75.77,75.58,75.63,8244.0
2026-07-14T12:10:00-04:00,75.65,75.7,75.58,75.65,4051.0
2026-07-14T12:15:00-04:00,75.63,75.77,75.57,75.75,5694.0
2026-07-14T12:20:00-04:00,75.79,75.79,75.6,75.61,4491.0
2026-07-14T12:25:00-04:00,75.675,75.78,75.675,75.7504,3634.0
2026-07-14T12:30:00-04:00,75.86,75.9,75.735,75.735,7565.0
2026-07-14T12:35:00-04:00,75.78,75.83,75.63,75.645,2470.0
2026-07-14T12:40:00-04:00,75.67,75.75,75.66,75.7,6566.0
2026-07-14T12:45:00-04:00,75.75,75.75,75.39,75.48,7103.0
2026-07-14T12:50:00-04:00,75.4732,75.57,75.43,75.57,2993.0
2026-07-14T12:55:00-04:00,75.5,75.54,75.43,75.53,2918.0
2026-07-14T13:00:00-04:00,75.53,75.59,75.42,75.42,2039.0
2026-07-14T13:05:00-04:00,75.39,75.39,75.26,75.36,2110.0
2026-07-14T13:10:00-04:00,75.39,75.46,75.32,75.32,2418.0
2026-07-14T13:15:00-04:00,75.28,75.32,75.24,75.24,2562.0
2026-07-14T13:20:00-04:00,75.24,75.44,75.24,75.44,2030.0
2026-07-14T13:25:00-04:00,75.45,75.52,75.45,75.5,3735.0
2026-07-14T13:30:00-04:00,75.53,75.59,75.48,75.5,6668.0
2026-07-14T13:35:00-04:00,75.5,75.64,75.495,75.62,3438.0
2026-07-14T13:40:00-04:00,75.68,75.71,75.61,75.71,2108.0
2026-07-14T13:45:00-04:00,75.61,75.82,75.57,75.7,3782.0
2026-07-14T13:50:00-04:00,75.74,75.88,75.74,75.88,1613.0
2026-07-14T13:55:00-04:00,75.86,75.93,75.8,75.8,2716.0
2026-07-14T14:00:00-04:00,75.8,75.805,75.65,75.74,3641.0
2026-07-14T14:05:00-04:00,75.74,75.79,75.69,75.735,2803.0
2026-07-14T14:10:00-04:00,75.7,75.79,75.7,75.77,2143.0
2026-07-14T14:15:00-04:00,75.83,75.92,75.79,75.92,2404.0
2026-07-14T14:20:00-04:00,75.83,75.845,75.7,75.7,4194.0
2026-07-14T14:25:00-04:00,75.69,75.82,75.69,75.81,3069.0
2026-07-14T14:30:00-04:00,75.82,75.82,75.705,75.75,3531.0
2026-07-14T14:35:00-04:00,75.79,75.79,75.63,75.71,8317.0
2026-07-14T14:40:00-04:00,75.7,75.7,75.4,75.44,7550.0
2026-07-14T14:45:00-04:00,75.38,75.51,75.38,75.4592,2347.0
2026-07-14T14:50:00-04:00,75.47,75.63,75.4601,75.63,4696.0
2026-07-14T14:55:00-04:00,75.57,75.68,75.54,75.66,4041.0
2026-07-14T15:00:00-04:00,75.66,75.67,75.48,75.48,6801.0
2026-07-14T15:05:00-04:00,75.47,75.62,75.47,75.62,1305.0
2026-07-14T15:10:00-04:00,75.6114,75.73,75.58,75.69,2925.0
2026-07-14T15:15:00-04:00,75.73,75.73,75.61,75.67,11236.0
2026-07-14T15:20:00-04:00,75.64,75.66,75.58,75.62,5049.0
2026-07-14T15:25:00-04:00,75.571,75.6,75.51,75.55,4827.0
2026-07-14T15:30:00-04:00,75.48,75.52,75.41,75.51,5522.0
2026-07-14T15:35:00-04:00,75.475,75.55,75.4301,75.53,5910.0
2026-07-14T15:40:00-04:00,75.53,75.53,75.428,75.455,5909.0
2026-07-14T15:45:00-04:00,75.55,75.6,75.52,75.555,4110.0
2026-07-14T15:50:00-04:00,75.555,75.555,75.37,75.52,14591.0
2026-07-14T15:55:00-04:00,75.52,75.71,75.5,75.57,95709.0
2026-07-15T09:30:00-04:00,75.47,76.38,75.435,76.18,23261.0
2026-07-15T09:35:00-04:00,76.2256,76.346,75.75,75.785,10454.0
2026-07-15T09:40:00-04:00,75.72,75.72,75.2747,75.52,4068.0
2026-07-15T09:45:00-04:00,75.38,75.4499,75.27,75.4499,2084.0
2026-07-15T09:50:00-04:00,75.2,75.2597,75.19,75.2597,1073.0
2026-07-15T09:55:00-04:00,75.42,75.8197,75.39,75.8197,11406.0
2026-07-15T10:00:00-04:00,75.51,75.71,75.37,75.6001,2263.0
2026-07-15T10:05:00-04:00,75.49,75.6,75.4201,75.4201,2582.0
2026-07-15T10:10:00-04:00,75.61,75.61,75.38,75.38,2452.0
2026-07-15T10:15:00-04:00,75.355,75.51,75.26,75.34,3017.0
2026-07-15T10:20:00-04:00,75.059998,75.25,74.94,74.97,4826.0
2026-07-15T10:25:00-04:00,74.95,75.39,74.95,75.37,1076.0
2026-07-15T10:30:00-04:00,75.4,75.45,74.99,75.375,7755.0
2026-07-15T10:35:00-04:00,75.5,75.5,74.915,74.9345,2578.0
2026-07-15T10:40:00-04:00,74.82,74.82,74.6,74.725,2353.0
2026-07-15T10:45:00-04:00,74.63,74.69,74.44,74.69,4660.0
2026-07-15T10:50:00-04:00,74.735,74.735,74.62,74.62,1384.0
2026-07-15T10:55:00-04:00,74.55,74.79,74.55,74.79,8682.0
2026-07-15T11:00:00-04:00,74.8,74.86,74.57,74.57,7089.0
2026-07-15T11:05:00-04:00,74.585,74.685,74.5513,74.64,3914.0
2026-07-15T11:10:00-04:00,74.575,74.62,73.9751,74.010002,8559.0
2026-07-15T11:15:00-04:00,73.88,74.19,73.85,73.95,2912.0
2026-07-15T11:20:00-04:00,73.95,73.95,73.56,73.82,7724.0
2026-07-15T11:25:00-04:00,73.84,74.12,73.84,74.12,824.0
2026-07-15T11:30:00-04:00,74.079002,74.13,73.96,74.099998,13266.0
2026-07-15T11:35:00-04:00,74.15,74.2,74.085098,74.16,2603.0
2026-07-15T11:40:00-04:00,74.099998,74.16,74.040001,74.105,4623.0
2026-07-15T11:45:00-04:00,74.019997,74.17,73.9639,74.17,2803.0
2026-07-15T11:50:00-04:00,74.125,74.2,74.099998,74.2,2416.0
2026-07-15T11:55:00-04:00,74.175,74.18,74.050003,74.059998,36703.0
2026-07-15T12:00:00-04:00,74.050003,74.14,73.83,73.93,31224.0
2026-07-15T12:05:00-04:00,73.89,73.94,73.8,73.91,6571.0
2026-07-15T12:10:00-04:00,73.82,73.84,73.61,73.61,2779.0
2026-07-15T12:15:00-04:00,73.68,73.76,73.57,73.57,5347.0
2026-07-15T12:20:00-04:00,73.56,73.57,73.37,73.37,12077.0
2026-07-15T12:25:00-04:00,73.39,73.495,73.35,73.38,3829.0
2026-07-15T12:30:00-04:00,73.39,73.435,73.225,73.225,7463.0
2026-07-15T12:35:00-04:00,73.23,73.235,73.089996,73.235,5334.0
2026-07-15T12:40:00-04:00,73.26,73.3,73.26,73.3,560.0
2026-07-15T12:45:00-04:00,73.35,73.58,73.34,73.575,28766.0
2026-07-15T12:50:00-04:00,73.58,73.8854,73.555,73.65,3800.0
2026-07-15T12:55:00-04:00,73.685,73.77,73.6,73.77,1809.0
2026-07-15T13:00:00-04:00,74.040001,74.040001,73.955,73.955,1403.0
2026-07-15T13:05:00-04:00,73.92,74.089996,73.92,74.07,2602.0
2026-07-15T13:10:00-04:00,74.010002,74.11,73.885,73.885,13093.0
2026-07-15T13:15:00-04:00,73.885,74.13,73.865,74.045403,3856.0
2026-07-15T13:20:00-04:00,74.065002,74.2,74.019997,74.19,3000.0
2026-07-15T13:25:00-04:00,74.215,74.5,74.17,74.49,10817.0
2026-07-15T13:30:00-04:00,74.57,74.73,74.515,74.73,10264.0
2026-07-15T13:35:00-04:00,74.76,74.91,74.76,74.84,4635.0
2026-07-15T13:40:00-04:00,74.85,74.9301,74.825,74.88,1624.0
2026-07-15T13:45:00-04:00,74.965,75.080002,74.895,75.080002,5663.0
2026-07-15T13:50:00-04:00,75.059998,75.099899,74.98,75.089996,6298.0
2026-07-15T13:55:00-04:00,75.089996,75.23,75.080002,75.18,6771.0
2026-07-15T14:00:00-04:00,75.15,75.4,75.15,75.37,4137.0
2026-07-15T14:05:00-04:00,75.28,75.315,75.24,75.27,2351.0
2026-07-15T14:10:00-04:00,75.28,75.41,75.245,75.41,5452.0
2026-07-15T14:15:00-04:00,75.35,75.43,75.35,75.405,3389.0
2026-07-15T14:20:00-04:00,75.42,75.55,75.395,75.55,4118.0
2026-07-15T14:25:00-04:00,75.53,75.706,75.53,75.69,9784.0
2026-07-15T14:30:00-04:00,75.72,75.945,75.72,75.76,10453.0
2026-07-15T14:35:00-04:00,75.715,75.745,75.63,75.64,5165.0
2026-07-15T14:40:00-04:00,75.605,75.69,75.491,75.491,3742.0
2026-07-15T14:45:00-04:00,75.49,75.555,75.4,75.455,3040.0
2026-07-15T14:50:00-04:00,75.34,75.345,75.305,75.305,2023.0
2026-07-15T14:55:00-04:00,75.3363,75.38,75.235,75.235,1508.0
2026-07-15T15:00:00-04:00,75.3313,75.34,75.2,75.335,4117.0
2026-07-15T15:05:00-04:00,75.33,75.4699,75.3,75.46,5945.0
2026-07-15T15:10:00-04:00,75.39,75.58,75.39,75.45,4691.0
2026-07-15T15:15:00-04:00,75.48,75.49,75.24,75.24,91382.0
2026-07-15T15:20:00-04:00,75.21,75.26,75.080002,75.18,10157.0
2026-07-15T15:25:00-04:00,75.12,75.25,75.12,75.22,2849.0
2026-07-15T15:30:00-04:00,75.18,75.29,75.099998,75.099998,8928.0
2026-07-15T15:35:00-04:00,75.099998,75.22,75.099998,75.22,1948.0
2026-07-15T15:40:00-04:00,75.2232,75.316,75.21,75.21,2114.0
2026-07-15T15:45:00-04:00,75.17,75.195,75.044998,75.099998,9620.0
2026-07-15T15:50:00-04:00,75.0,75.222,74.955,75.215,8769.0
2026-07-15T15:55:00-04:00,75.24,75.24,74.93,75.105,34683.0
2026-07-16T09:30:00-04:00,73.4,73.545,72.76,72.8,91488.0
2026-07-16T09:35:00-04:00,72.83,72.95,72.48,72.49,24932.0
2026-07-16T09:40:00-04:00,72.57,72.72,72.29,72.29,24099.0
2026-07-16T09:45:00-04:00,72.43,72.8,72.36,72.65,8418.0
2026-07-16T09:50:00-04:00,72.81,73.079903,72.74,72.74,9143.0
2026-07-16T09:55:00-04:00,72.65,72.83,72.475,72.65,9699.0
2026-07-16T10:00:00-04:00,72.58,72.735,72.58,72.695,19055.0
2026-07-16T10:05:00-04:00,72.64,72.87,72.51,72.87,6367.0
2026-07-16T10:10:00-04:00,72.81,72.8149,72.52,72.52,7192.0
2026-07-16T10:15:00-04:00,72.55,72.746,72.485,72.587,6595.0
2026-07-16T10:20:00-04:00,72.7,72.7,72.33,72.51,18207.0
2026-07-16T10:25:00-04:00,72.35,72.8,72.35,72.74,4132.0
2026-07-16T10:30:00-04:00,72.57,72.61,72.41,72.59,4723.0
2026-07-16T10:35:00-04:00,72.53,72.625,72.31,72.33,13557.0
2026-07-16T10:40:00-04:00,72.32,72.56,72.3,72.56,6671.0
2026-07-16T10:45:00-04:00,72.53,72.57,72.22,72.22,33619.0
2026-07-16T10:50:00-04:00,72.22,72.24,72.00050354,72.07,13847.0
2026-07-16T10:55:00-04:00,72.010002,72.33,71.96,72.2401,19491.0
2026-07-16T11:00:00-04:00,72.33,72.33,72.019997,72.07,7510.0
2026-07-16T11:05:00-04:00,72.050003,72.089996,71.87,72.019997,18950.0
2026-07-16T11:10:00-04:00,72.019997,72.019997,71.81738,71.895,14500.0
2026-07-16T11:15:00-04:00,71.92,71.99,71.81,71.87,5268.0
2026-07-16T11:20:00-04:00,71.87,72.059998,71.8,72.059998,4122.0
2026-07-16T11:25:00-04:00,72.099998,72.38,72.099998,72.28,8555.0
2026-07-16T11:30:00-04:00,72.18,72.36,72.13,72.32,6240.0
2026-07-16T11:35:00-04:00,72.38,72.52,72.27,72.52,8576.0
2026-07-16T11:40:00-04:00,72.45,72.51,72.32,72.32,4100.0
2026-07-16T11:45:00-04:00,72.32,72.39,72.13,72.3,9693.0
2026-07-16T11:50:00-04:00,72.375,72.385,72.32,72.32,3877.0
2026-07-16T11:55:00-04:00,72.29,72.29,72.1101,72.185,9920.0
2026-07-16T12:00:00-04:00,72.16,72.2299,71.91,71.94,16260.0
2026-07-16T12:05:00-04:00,71.91,71.99,71.83,71.99,13358.0
2026-07-16T12:10:00-04:00,71.94,71.96,71.72,71.76,20166.0
2026-07-16T12:15:00-04:00,71.68,71.8525,71.64,71.8525,4980.0
2026-07-16T12:20:00-04:00,71.71,71.71,71.6,71.61,6254.0
2026-07-16T12:25:00-04:00,71.6,71.66,71.49,71.525,7750.0
2026-07-16T12:30:00-04:00,71.6,71.7,71.5479,71.68,3129.0
2026-07-16T12:35:00-04:00,71.7107,71.74,71.62,71.74,10273.0
2026-07-16T12:40:00-04:00,71.695,71.75,71.63,71.71,7340.0
2026-07-16T12:45:00-04:00,71.66,71.66,71.47,71.63,3700.0
2026-07-16T12:50:00-04:00,71.59,71.8899,71.59,71.88,15781.0
2026-07-16T12:55:00-04:00,71.9081,72.019997,71.9081,71.9993,5392.0
2026-07-16T13:00:00-04:00,71.94,71.96,71.8,71.87,6840.0
2026-07-16T13:05:00-04:00,71.895,71.895,71.68,71.74,29682.0
2026-07-16T13:10:00-04:00,71.74,71.84,71.66,71.66,2665.0
2026-07-16T13:15:00-04:00,71.695,71.745,71.6,71.6,2602.0
2026-07-16T13:20:00-04:00,71.54,71.6129,71.52,71.54,2963.0
2026-07-16T13:25:00-04:00,71.52,71.605,71.48,71.605,5299.0
2026-07-16T13:30:00-04:00,71.59,71.61,71.47,71.47,2740.0
2026-07-16T13:35:00-04:00,71.45,71.56,71.45,71.45,19434.0
2026-07-16T13:40:00-04:00,71.42,71.48,71.35,71.43,21319.0
2026-07-16T13:45:00-04:00,71.41,71.5,71.33,71.44,9775.0
2026-07-16T13:50:00-04:00,71.44,71.48,71.345,71.45,4386.0
2026-07-16T13:55:00-04:00,71.41,71.4375,71.3,71.33,4011.0
2026-07-16T14:00:00-04:00,71.38,71.38,71.22,71.27,11078.0
2026-07-16T14:05:00-04:00,71.3417,71.45,71.2301,71.415,5969.0
2026-07-16T14:10:00-04:00,71.405,71.4599,71.35,71.4,5186.0
2026-07-16T14:15:00-04:00,71.355,71.505,71.31,71.505,5388.0
2026-07-16T14:20:00-04:00,71.47,71.56,71.47,71.56,3871.0
2026-07-16T14:25:00-04:00,71.55,71.55,71.39,71.4,6290.0
2026-07-16T14:30:00-04:00,71.4071,71.415,71.22,71.22,9064.0
2026-07-16T14:35:00-04:00,71.22,71.24,71.099998,71.235,25823.0
2026-07-16T14:40:00-04:00,71.18,71.37,71.18,71.32,6925.0
2026-07-16T14:45:00-04:00,71.355,71.4,71.34,71.36,2594.0
2026-07-16T14:50:00-04:00,71.38,71.4,71.26,71.36,7448.0
2026-07-16T14:55:00-04:00,71.3,71.45,71.2821,71.4025,8704.0
2026-07-16T15:00:00-04:00,71.41,71.59,71.4,71.59,9069.0
2026-07-16T15:05:00-04:00,71.62,71.64,71.45,71.45,6103.0
2026-07-16T15:10:00-04:00,71.5,71.6452,71.49,71.625,7508.0
2026-07-16T15:15:00-04:00,71.66,71.66,71.56,71.63,8699.0
2026-07-16T15:20:00-04:00,71.69,71.69,71.53,71.6,11592.0
2026-07-16T15:25:00-04:00,71.63,71.736,71.59,71.65,21106.0
2026-07-16T15:30:00-04:00,71.65,71.68,71.49,71.515,9934.0
2026-07-16T15:35:00-04:00,71.47,71.51,71.36,71.51,17055.0
2026-07-16T15:40:00-04:00,71.5,71.59,71.4501,71.48,12492.0
2026-07-16T15:45:00-04:00,71.46,71.51,71.43,71.49,22318.0
2026-07-16T15:50:00-04:00,71.48,71.87,71.48,71.87,18417.0
2026-07-16T15:55:00-04:00,71.84,71.94,71.71,71.88,102423.0
2026-07-17T09:30:00-04:00,70.67,70.67,69.71,69.7101,61044.0
2026-07-17T09:35:00-04:00,69.71,70.0049973,69.68,69.98,12824.0
2026-07-17T09:40:00-04:00,70.050003,70.3799,69.88,69.88,4860.0
2026-07-17T09:45:00-04:00,69.76,70.51,69.76,70.51,9500.0
2026-07-17T09:50:00-04:00,70.41,70.83,70.41,70.605,13542.0
2026-07-17T09:55:00-04:00,70.51,70.91,70.51,70.905,3898.0
2026-07-17T10:00:00-04:00,70.73,71.3099,70.73,71.26,9923.0
2026-07-17T10:05:00-04:00,71.135,71.31,71.029999,71.24,10600.0
2026-07-17T10:10:00-04:00,71.19,71.26,70.985,70.985,10364.0
2026-07-17T10:15:00-04:00,71.040001,71.36,71.040001,71.125,6127.0
2026-07-17T10:20:00-04:00,71.29,71.3,70.945,71.165,18648.0
2026-07-17T10:25:00-04:00,71.23,71.23,70.94,71.0,15121.0
2026-07-17T10:30:00-04:00,70.9795,70.9795,70.57,70.78,13084.0
2026-07-17T10:35:00-04:00,70.74,71.11,70.74,71.1053,4085.0
2026-07-17T10:40:00-04:00,71.09,71.09,70.76,70.76,1582.0
2026-07-17T10:45:00-04:00,70.8,70.8799,70.582,70.69,19427.0
2026-07-17T10:50:00-04:00,70.87,71.010002,70.78,70.78,3677.0
2026-07-17T10:55:00-04:00,70.75,70.92,70.745,70.755,9447.0
2026-07-17T11:00:00-04:00,70.8695,70.95,70.63,70.865,13119.0
2026-07-17T11:05:00-04:00,70.8701,71.16,70.73,71.089996,3443.0
2026-07-17T11:10:00-04:00,71.225,71.34,70.86,70.94,13460.0
2026-07-17T11:15:00-04:00,70.945,71.15,70.92,71.099998,6141.0
2026-07-17T11:20:00-04:00,71.12,71.22,71.050003,71.0569,2392.0
2026-07-17T11:25:00-04:00,71.099998,71.39,71.089996,71.31,6149.0
2026-07-17T11:30:00-04:00,71.36,71.42,71.18,71.33,8560.0
2026-07-17T11:35:00-04:00,71.295,71.63,71.295,71.63,12849.0
2026-07-17T11:40:00-04:00,71.7,71.7238,71.37,71.5,10814.0
2026-07-17T11:45:00-04:00,71.52,71.67,71.48,71.635,3964.0
2026-07-17T11:50:00-04:00,71.71,71.99,71.7,71.99,5982.0
2026-07-17T11:55:00-04:00,72.029999,72.089996,71.97,72.029999,3656.0
2026-07-17T12:00:00-04:00,72.07,72.12,71.84,72.029999,21053.0
2026-07-17T12:05:00-04:00,72.11,72.34,71.9753,72.285,6234.0
2026-07-17T12:10:00-04:00,72.345,72.4,72.165,72.19,10971.0
2026-07-17T12:15:00-04:00,72.24,72.29,72.091003,72.18,11778.0
2026-07-17T12:20:00-04:00,72.14,72.2,71.84,71.89,7885.0
2026-07-17T12:25:00-04:00,71.905,72.023399,71.85,72.023399,8633.0
2026-07-17T12:30:00-04:00,71.955,71.955,71.885,71.885,2046.0
2026-07-17T12:35:00-04:00,71.82,71.86,71.81,71.835,2106.0
2026-07-17T12:40:00-04:00,71.835,71.93,71.765,71.92,4348.0
2026-07-17T12:45:00-04:00,71.99,72.07,71.99,72.07,813.0
2026-07-17T12:50:00-04:00,72.050003,72.105,72.019997,72.080002,2461.0
2026-07-17T12:55:00-04:00,71.995,72.050003,71.9,72.050003,18779.0
2026-07-17T13:00:00-04:00,72.12,72.2425,72.12,72.13,3952.0
2026-07-17T13:05:00-04:00,72.18,72.32,72.16,72.27,6360.0
2026-07-17T13:10:00-04:00,72.31,72.35,72.080002,72.11,3600.0
2026-07-17T13:15:00-04:00,72.11,72.33,72.11,72.195,24769.0
2026-07-17T13:20:00-04:00,72.195,72.27,72.16,72.16,7891.0
2026-07-17T13:25:00-04:00,72.22,72.34,72.22,72.31,3911.0
2026-07-17T13:30:00-04:00,72.275,72.37,72.25,72.33,3329.0
2026-07-17T13:35:00-04:00,72.28,72.35,72.2001,72.33,974.0
2026-07-17T13:40:00-04:00,72.2613,72.2613,72.0,72.050003,9017.0
2026-07-17T13:45:00-04:00,71.99,72.14,71.99,72.07,6874.0
2026-07-17T13:50:00-04:00,72.099998,72.099998,72.019997,72.025002,2659.0
2026-07-17T13:55:00-04:00,72.044998,72.069901,71.99,72.0,1639.0
2026-07-17T14:00:00-04:00,71.98,71.99,71.83,71.83,5267.0
2026-07-17T14:05:00-04:00,71.81,71.81,71.6414,71.76,2515.0
2026-07-17T14:10:00-04:00,71.74,71.74,71.635,71.66,2943.0
2026-07-17T14:15:00-04:00,71.67,71.72,71.57,71.61,5296.0
2026-07-17T14:20:00-04:00,71.605,71.63,71.515,71.59,2222.0
2026-07-17T14:25:00-04:00,71.535,71.595,71.485,71.595,2083.0
2026-07-17T14:30:00-04:00,71.63,71.77,71.4851,71.62,7587.0
2026-07-17T14:35:00-04:00,71.62,71.67,71.55,71.55,5705.0
2026-07-17T14:40:00-04:00,71.47,71.47,71.415,71.46,618.0
2026-07-17T14:45:00-04:00,71.48,71.5,71.405,71.43,1836.0
2026-07-17T14:50:00-04:00,71.39,71.55,71.375,71.55,4705.0
2026-07-17T14:55:00-04:00,71.565,71.67,71.53,71.58,2100.0
2026-07-17T15:00:00-04:00,71.565,71.58,71.445,71.5075,6999.0
2026-07-17T15:05:00-04:00,71.49,71.49,71.315,71.38,15013.0
2026-07-17T15:10:00-04:00,71.36,71.4,71.34,71.37,9087.0
2026-07-17T15:15:00-04:00,71.34,71.36,71.28,71.29,10350.0
2026-07-17T15:20:00-04:00,71.285,71.285,71.1032,71.1032,20379.0
2026-07-17T15:25:00-04:00,71.15,71.43,71.1035,71.43,15765.0
2026-07-17T15:30:00-04:00,71.42,71.46,71.3565,71.4,11850.0
2026-07-17T15:35:00-04:00,71.37,71.53,71.37,71.41,11992.0
2026-07-17T15:40:00-04:00,71.37,71.65,71.37,71.59,12996.0
2026-07-17T15:45:00-04:00,71.65,71.67,71.55,71.64,13269.0
2026-07-17T15:50:00-04:00,71.66,71.84,71.61,71.84,52753.0
2026-07-17T15:55:00-04:00,71.83,71.8499,71.645,71.72,96880.0
2026-07-20T09:30:00-04:00,71.66,72.035004,71.42,71.83,46971.0
2026-07-20T09:35:00-04:00,71.67,72.13,71.5418,72.099998,10046.0
2026-07-20T09:40:00-04:00,72.1391,72.1719,71.83,71.83,6550.0
2026-07-20T09:45:00-04:00,71.82,71.89,71.715,71.76,5339.0
2026-07-20T09:50:00-04:00,71.78,71.78,71.46,71.56,5815.0
2026-07-20T09:55:00-04:00,71.5806,71.7529,71.44,71.4811,3308.0
2026-07-20T10:00:00-04:00,71.52,71.52,71.185,71.2206,4089.0
2026-07-20T10:05:00-04:00,71.35,71.36,71.17,71.17,4473.0
2026-07-20T10:10:00-04:00,71.14,71.14,70.84,70.95,26923.0
2026-07-20T10:15:00-04:00,70.82,71.040001,70.82,70.91,10335.0
2026-07-20T10:20:00-04:00,70.92,71.010002,70.72,71.010002,4778.0
2026-07-20T10:25:00-04:00,71.12,71.24,71.0,71.14,8485.0
2026-07-20T10:30:00-04:00,71.16,71.22,71.059998,71.1499,35671.0
2026-07-20T10:35:00-04:00,70.96,71.22,70.87,71.13,21219.0
2026-07-20T10:40:00-04:00,71.079697,71.16,70.95,71.11,53805.0
2026-07-20T10:45:00-04:00,71.099998,71.475,71.040001,71.24,9613.0
2026-07-20T10:50:00-04:00,71.24,71.39,71.24,71.29,27131.0
2026-07-20T10:55:00-04:00,71.21,71.29,71.11,71.27,21258.0
2026-07-20T11:00:00-04:00,71.26,71.45,71.14,71.325,10883.0
2026-07-20T11:05:00-04:00,71.31,71.615,71.15,71.615,21471.0
2026-07-20T11:10:00-04:00,71.64,71.69,71.4101,71.42,19161.0
2026-07-20T11:15:00-04:00,71.48,71.58,71.44,71.5335,2269.0
2026-07-20T11:20:00-04:00,71.53,71.59,71.47,71.565,2979.0
2026-07-20T11:25:00-04:00,71.55,71.6,71.4,71.45,35426.0
2026-07-20T11:30:00-04:00,71.49,71.49,71.33,71.35,39412.0
2026-07-20T11:35:00-04:00,71.35,71.38,71.15,71.23,66633.0
2026-07-20T11:40:00-04:00,71.24,71.36,71.1701,71.36,30042.0
2026-07-20T11:45:00-04:00,71.38,71.4532,71.31,71.4532,14040.0
2026-07-20T11:50:00-04:00,71.445,71.67,71.445,71.5,33537.0
2026-07-20T11:55:00-04:00,71.55,71.6,71.53,71.53,2139.0
2026-07-20T12:00:00-04:00,71.55,71.652,71.48,71.652,46589.0
2026-07-20T12:05:00-04:00,71.66,71.8299,71.66,71.69,6087.0
2026-07-20T12:10:00-04:00,71.73,71.78,71.65,71.74,3823.0
2026-07-20T12:15:00-04:00,71.71098,71.74,71.63,71.63,4198.0
2026-07-20T12:20:00-04:00,71.62,71.6652,71.605,71.63,1716.0
2026-07-20T12:25:00-04:00,71.63,71.67,71.575,71.5903,4509.0
2026-07-20T12:30:00-04:00,71.59,71.6239,71.45,71.465,6522.0
2026-07-20T12:35:00-04:00,71.45,71.59,71.45,71.59,4926.0
2026-07-20T12:40:00-04:00,71.58,71.58,71.099998,71.445,37264.0
2026-07-20T12:45:00-04:00,71.41,71.66,71.41,71.59,6356.0
2026-07-20T12:50:00-04:00,71.53,71.53,71.49,71.525,759.0
2026-07-20T12:55:00-04:00,71.54,71.54,71.445,71.47,2691.0
2026-07-20T13:00:00-04:00,71.54,71.56,71.485,71.49,5276.0
2026-07-20T13:05:00-04:00,71.53,71.61,71.49,71.6,47762.0
2026-07-20T13:10:00-04:00,71.6,71.6,71.39,71.47,35193.0
2026-07-20T13:15:00-04:00,71.45,71.51,71.42,71.465,74877.0
2026-07-20T13:20:00-04:00,71.48,71.66,71.45,71.55,3860.0
2026-07-20T13:25:00-04:00,71.54,71.54,71.51,71.54,1041.0
2026-07-20T13:30:00-04:00,71.55,71.64,71.48,71.62,10741.0
2026-07-20T13:35:00-04:00,71.59,71.63,71.53,71.53,4953.0
2026-07-20T13:40:00-04:00,71.5,71.5199,71.44,71.48,9162.0
2026-07-20T13:45:00-04:00,71.46,71.56,71.46,71.48,8562.0
2026-07-20T13:50:00-04:00,71.49,71.53,71.42,71.49,3267.0
2026-07-20T13:55:00-04:00,71.5,71.6,71.45,71.565,7948.0
2026-07-20T14:00:00-04:00,71.62,71.7613,71.62,71.68,18134.0
2026-07-20T14:05:00-04:00,71.6339,71.75,71.59,71.75,3223.0
2026-07-20T14:10:00-04:00,71.74,71.8,71.7,71.74,10977.0
2026-07-20T14:15:00-04:00,71.69,71.78,71.69,71.75,6854.0
2026-07-20T14:20:00-04:00,71.74,71.75,71.625,71.64,6976.0
2026-07-20T14:25:00-04:00,71.725,71.725,71.6431,71.6438,3485.0
2026-07-20T14:30:00-04:00,71.5709,71.575,71.44,71.44,5946.0
2026-07-20T14:35:00-04:00,71.44,71.53,71.41,71.44,3566.0
2026-07-20T14:40:00-04:00,71.45,71.47,71.42,71.4499,5243.0
2026-07-20T14:45:00-04:00,71.39,71.48,71.37,71.42,1989.0
2026-07-20T14:50:00-04:00,71.45,71.5,71.45,71.5,2135.0
2026-07-20T14:55:00-04:00,71.52,71.52,71.44,71.48,4566.0
2026-07-20T15:00:00-04:00,71.47,71.5,71.35,71.35,3610.0
2026-07-20T15:05:00-04:00,71.3175,71.3999,71.3175,71.375,1443.0
2026-07-20T15:10:00-04:00,71.4,71.47,71.3035,71.3066,11290.0
2026-07-20T15:15:00-04:00,71.3,71.35,71.26,71.345,7045.0
2026-07-20T15:20:00-04:00,71.365,71.43,71.34,71.42,9169.0
2026-07-20T15:25:00-04:00,71.36,71.54,71.325,71.54,23426.0
2026-07-20T15:30:00-04:00,71.58,71.645,71.49,71.62,9109.0
2026-07-20T15:35:00-04:00,71.59,71.59,71.445,71.55,5926.0
2026-07-20T15:40:00-04:00,71.61,71.63,71.55,71.58,4195.0
2026-07-20T15:45:00-04:00,71.64,71.665,71.6,71.665,6789.0
2026-07-20T15:50:00-04:00,71.67,71.67,71.46,71.51,15659.0
2026-07-20T15:55:00-04:00,71.48,71.48,71.3,71.37,29777.0
2026-07-21T09:30:00-04:00,73.019997,73.58,73.019997,73.57,86128.0
2026-07-21T09:35:00-04:00,73.62,73.83,73.195,73.415,32701.0
2026-07-21T09:40:00-04:00,73.3,73.36,72.99,73.12,9840.0
2026-07-21T09:45:00-04:00,73.2,73.4699,73.059998,73.059998,3735.0
2026-07-21T09:50:00-04:00,73.291,73.291,72.96,73.080002,8249.0
2026-07-21T09:55:00-04:00,73.155,73.2799,72.93,73.1879,5103.0
2026-07-21T10:00:00-04:00,73.13,73.4797,73.11,73.415,4529.0
2026-07-21T10:05:00-04:00,73.59,73.72,73.47,73.47,11387.0
2026-07-21T10:10:00-04:00,73.6,74.099998,73.6,74.099998,10732.0
2026-07-21T10:15:00-04:00,74.17,74.21,73.81,74.07,8689.0
2026-07-21T10:20:00-04:00,73.97,74.026604,73.72,73.745,3300.0
2026-07-21T10:25:00-04:00,73.745,73.95,73.71,73.907,6353.0
2026-07-21T10:30:00-04:00,73.935,74.059898,73.87,73.96,24799.0
2026-07-21T10:35:00-04:00,73.85,73.85,73.74,73.75,2984.0
2026-07-21T10:40:00-04:00,73.82,74.029999,73.775,73.995,4479.0
2026-07-21T10:45:00-04:00,74.010002,74.13,73.8,74.13,4992.0
2026-07-21T10:50:00-04:00,74.11,74.13,74.010002,74.010597,4790.0
2026-07-21T10:55:00-04:00,74.0,74.23,73.9877,74.175,7429.0
2026-07-21T11:00:00-04:00,74.275,74.39,74.07,74.1159,23650.0
2026-07-21T11:05:00-04:00,74.089996,74.406,74.089996,74.406,3087.0
2026-07-21T11:10:00-04:00,74.46,74.69,74.46,74.69,24522.0
2026-07-21T11:15:00-04:00,74.7426,74.88,74.715,74.85,37729.0
2026-07-21T11:20:00-04:00,74.83,75.019997,74.83,74.9514,14855.0
2026-07-21T11:25:00-04:00,75.029999,75.2,74.95,75.11,6003.0
2026-07-21T11:30:00-04:00,75.096603,75.14,75.019997,75.14,5031.0
2026-07-21T11:35:00-04:00,75.19,75.29,75.12,75.28,15858.0
2026-07-21T11:40:00-04:00,75.28,75.3,75.14,75.15,12539.0
2026-07-21T11:45:00-04:00,75.11,75.11,74.95,74.95,9514.0
2026-07-21T11:50:00-04:00,75.050003,75.080002,75.029999,75.040001,4399.0
2026-07-21T11:55:00-04:00,75.040001,75.07,74.93,74.955,41291.0
2026-07-21T12:00:00-04:00,74.955,75.115,74.955,75.1125,4906.0
2026-07-21T12:05:00-04:00,75.105,75.105,75.019997,75.057503,6550.0
2026-07-21T12:10:00-04:00,75.055,75.13,74.97,75.11,7166.0
2026-07-21T12:15:00-04:00,75.071602,75.25,75.071602,75.23,6954.0
2026-07-21T12:20:00-04:00,75.25,75.33,75.23,75.29,8888.0
2026-07-21T12:25:00-04:00,75.285,75.285,75.16,75.19,6582.0
2026-07-21T12:30:00-04:00,75.18,75.24,75.145,75.22,7121.0
2026-07-21T12:35:00-04:00,75.24,75.26,75.07,75.11,4464.0
2026-07-21T12:40:00-04:00,75.11,75.16,75.074997,75.074997,3049.0
2026-07-21T12:45:00-04:00,75.07,75.22,75.035004,75.22,5834.0
2026-07-21T12:50:00-04:00,75.21,75.36,75.21,75.31,9285.0
2026-07-21T12:55:00-04:00,75.34,75.35,75.31,75.35,4094.0
2026-07-21T13:00:00-04:00,75.36,75.37,75.16,75.2,10330.0
2026-07-21T13:05:00-04:00,75.21,75.28,75.21,75.255,5964.0
2026-07-21T13:10:00-04:00,75.25,75.25,75.18,75.18,5812.0
2026-07-21T13:15:00-04:00,75.2,75.2,75.11,75.11,3652.0
2026-07-21T13:20:00-04:00,75.15,75.2499,75.15,75.21,8204.0
2026-07-21T13:25:00-04:00,75.25,75.26,75.17,75.25,7243.0
2026-07-21T13:30:00-04:00,75.26,75.3,75.14,75.14,7658.0
2026-07-21T13:35:00-04:00,75.1796,75.28,75.1525,75.19,5729.0
2026-07-21T13:40:00-04:00,75.21,75.21,75.14,75.19,7063.0
2026-07-21T13:45:00-04:00,75.19,75.25,75.15,75.24,7157.0
2026-07-21T13:50:00-04:00,75.24,75.27,75.235,75.245,5162.0
2026-07-21T13:55:00-04:00,75.25,75.315,75.22,75.29,13618.0
2026-07-21T14:00:00-04:00,75.305,75.3299,75.26,75.305,6407.0
2026-07-21T14:05:00-04:00,75.32,75.45,75.29,75.445,6781.0
2026-07-21T14:10:00-04:00,75.46,75.51,75.445,75.45,7639.0
2026-07-21T14:15:00-04:00,75.42,75.42,75.32,75.32,18882.0
2026-07-21T14:20:00-04:00,75.32,75.49,75.32,75.48,13439.0
2026-07-21T14:25:00-04:00,75.5,75.58,75.43,75.53,21903.0
2026-07-21T14:30:00-04:00,75.53,75.5499,75.41,75.51,12599.0
2026-07-21T14:35:00-04:00,75.48,75.52,75.39,75.39,11502.0
2026-07-21T14:40:00-04:00,75.38,75.4,75.3,75.34,62944.0
2026-07-21T14:45:00-04:00,75.335,75.34,75.265,75.305,4687.0
2026-07-21T14:50:00-04:00,75.295,75.31,75.2005,75.21,7456.0
2026-07-21T14:55:00-04:00,75.2,75.235,75.13,75.135,8279.0
2026-07-21T15:00:00-04:00,75.135,75.3,75.13,75.28,12530.0
2026-07-21T15:05:00-04:00,75.28,75.3,75.16,75.19,10735.0
2026-07-21T15:10:00-04:00,75.175,75.2,75.12,75.14,25361.0
2026-07-21T15:15:00-04:00,75.13,75.2,75.11,75.16,20047.0
2026-07-21T15:20:00-04:00,75.185,75.185,75.13,75.16,10812.0
2026-07-21T15:25:00-04:00,75.13,75.14,75.059998,75.07,9266.0
2026-07-21T15:30:00-04:00,75.07,75.215,75.07,75.2,10901.0
2026-07-21T15:35:00-04:00,75.21,75.25,75.12,75.2,12329.0
2026-07-21T15:40:00-04:00,75.19,75.33,75.19,75.31,10632.0
2026-07-21T15:45:00-04:00,75.345,75.46,75.32,75.46,16095.0
2026-07-21T15:50:00-04:00,75.45,75.58,75.44,75.52,25140.0
2026-07-21T15:55:00-04:00,75.52,75.64,75.5,75.64,84655.0
2026-07-22T09:30:00-04:00,76.97,78.11,76.9,77.98,82598.0
2026-07-22T09:35:00-04:00,77.98,78.44,77.79,78.34,21159.0
2026-07-22T09:40:00-04:00,78.3,78.66,78.055,78.6,25242.0
2026-07-22T09:45:00-04:00,78.6,78.71,78.5,78.55,22910.0
2026-07-22T09:50:00-04:00,78.54,78.64,78.3151,78.47,26208.0
2026-07-22T09:55:00-04:00,78.53,78.735,78.375,78.67,8372.0
2026-07-22T10:00:00-04:00,78.72,78.72,78.5,78.6325,9374.0
2026-07-22T10:05:00-04:00,78.58,78.67,78.28,78.455,19102.0
2026-07-22T10:10:00-04:00,78.46,78.7,78.41,78.575,14013.0
2026-07-22T10:15:00-04:00,78.425,78.51,78.29,78.42,10674.0
2026-07-22T10:20:00-04:00,78.42,78.51,78.29,78.37,19185.0
2026-07-22T10:25:00-04:00,78.375,78.5,78.25,78.37,16376.0
2026-07-22T10:30:00-04:00,78.425,78.78,78.425,78.527,86847.0
2026-07-22T10:35:00-04:00,78.5397,78.63,78.465,78.53,15648.0
2026-07-22T10:40:00-04:00,78.5499,78.6999,78.4,78.55,28807.0
2026-07-22T10:45:00-04:00,78.56,78.64,78.2601,78.37,6971.0
2026-07-22T10:50:00-04:00,78.36,78.4,78.25,78.31,10229.0
2026-07-22T10:55:00-04:00,78.22,78.37,78.065002,78.31,40748.0
2026-07-22T11:00:00-04:00,78.315,78.54,78.295,78.54,23050.0
2026-07-22T11:05:00-04:00,78.5422,78.58,78.43,78.465,18786.0
2026-07-22T11:10:00-04:00,78.43,78.75,78.43,78.73,24254.0
2026-07-22T11:15:00-04:00,78.72,78.72,78.55,78.595,6116.0
2026-07-22T11:20:00-04:00,78.63,78.78,78.57,78.689,5861.0
2026-07-22T11:25:00-04:00,78.71,78.81,78.6489,78.6489,4617.0
2026-07-22T11:30:00-04:00,78.63,78.75,78.59,78.71,9769.0
2026-07-22T11:35:00-04:00,78.76,78.82,78.73941,78.775,8141.0
2026-07-22T11:40:00-04:00,78.76,78.91,78.76,78.825,7255.0
2026-07-22T11:45:00-04:00,78.84,79.16,78.825,79.16,16605.0
2026-07-22T11:50:00-04:00,79.12,79.199,79.019997,79.019997,3569.0
2026-07-22T11:55:00-04:00,78.94,78.94,78.76,78.89,7396.0
2026-07-22T12:00:00-04:00,78.86,78.86,78.585,78.585,4348.0
2026-07-22T12:05:00-04:00,78.52,78.695,78.52,78.53,7894.0
2026-07-22T12:10:00-04:00,78.47,78.4787,78.18,78.24,10864.0
2026-07-22T12:15:00-04:00,78.23,78.23,78.080002,78.215,11683.0
2026-07-22T12:20:00-04:00,78.18,78.18,78.019997,78.080002,5428.0
2026-07-22T12:25:00-04:00,78.07,78.07,77.865,78.0049973,13143.0
2026-07-22T12:30:00-04:00,78.0049973,78.099998,77.99,78.010002,15471.0
2026-07-22T12:35:00-04:00,78.010002,78.010002,77.85,77.8875,10658.0
2026-07-22T12:40:00-04:00,77.91,77.955,77.89,77.93,3370.0
2026-07-22T12:45:00-04:00,77.93,77.93,77.65,77.675,15760.0
2026-07-22T12:50:00-04:00,77.65,77.7,77.625,77.7,9467.0
2026-07-22T12:55:00-04:00,77.75,77.86,77.7208,77.8025,5771.0
2026-07-22T13:00:00-04:00,77.805,77.825,77.59,77.65,4928.0
2026-07-22T13:05:00-04:00,77.655,77.695,77.5,77.55,6426.0
2026-07-22T13:10:00-04:00,77.565,77.615,77.45,77.49,5599.0
2026-07-22T13:15:00-04:00,77.44,77.53,77.4,77.4629,5736.0
2026-07-22T13:20:00-04:00,77.435,77.6,77.435,77.57,7440.0
2026-07-22T13:25:00-04:00,77.52,77.586,77.48,77.56,3273.0
2026-07-22T13:30:00-04:00,77.555,77.635,77.555,77.58,3928.0
2026-07-22T13:35:00-04:00,77.575,77.63,77.51,77.51,6223.0
2026-07-22T13:40:00-04:00,77.48,77.57,77.48,77.57,1684.0
2026-07-22T13:45:00-04:00,77.5401,77.6501,77.5401,77.64,7250.0
2026-07-22T13:50:00-04:00,77.64,77.7,77.59,77.595,2588.0
2026-07-22T13:55:00-04:00,77.54,77.7,77.53,77.7,6423.0
2026-07-22T14:00:00-04:00,77.675,77.7,77.54,77.59,4149.0
2026-07-22T14:05:00-04:00,77.55,77.59,77.45,77.51,8693.0
2026-07-22T14:10:00-04:00,77.5219,77.5219,77.355,77.4,8483.0
2026-07-22T14:15:00-04:00,77.36,77.4255,77.27,77.375,2777.0
2026-07-22T14:20:00-04:00,77.3589,77.45,77.32,77.32,2402.0
2026-07-22T14:25:00-04:00,77.39,77.4,77.315,77.315,1998.0
2026-07-22T14:30:00-04:00,77.34,77.36,77.16,77.16,4049.0
2026-07-22T14:35:00-04:00,77.16,77.23,77.16,77.195,3296.0
2026-07-22T14:40:00-04:00,77.24,77.24,77.18,77.23,4116.0
2026-07-22T14:45:00-04:00,77.24,77.29,77.21,77.21,1926.0
2026-07-22T14:50:00-04:00,77.205,77.31,77.205,77.31,2991.0
2026-07-22T14:55:00-04:00,77.34,77.34,77.235,77.2468,2482.0
2026-07-22T15:00:00-04:00,77.23,77.24,77.12,77.18,4593.0
2026-07-22T15:05:00-04:00,77.21,77.31,77.089699,77.089699,9374.0
2026-07-22T15:10:00-04:00,77.19,77.28,77.1899,77.23,2009.0
2026-07-22T15:15:00-04:00,77.26,77.35,77.23,77.27,3618.0
2026-07-22T15:20:00-04:00,77.275,77.35,77.14,77.35,6907.0
2026-07-22T15:25:00-04:00,77.34,77.47,77.31,77.47,5532.0
2026-07-22T15:30:00-04:00,77.44,77.49,77.32,77.4099,21249.0
2026-07-22T15:35:00-04:00,77.38,77.41,77.28,77.3687,20865.0
2026-07-22T15:40:00-04:00,77.345,77.42,77.345,77.39,10685.0
2026-07-22T15:45:00-04:00,77.39,77.46,77.38,77.455,17092.0
2026-07-22T15:50:00-04:00,77.44,77.44,77.25,77.295,21849.0
2026-07-22T15:55:00-04:00,77.29,77.48,77.26,77.46,53656.0
2026-07-23T09:30:00-04:00,74.71,75.86,74.64,75.6599,81246.0
2026-07-23T09:35:00-04:00,75.555,75.775,75.28,75.4,14970.0
2026-07-23T09:40:00-04:00,75.49,75.93,75.42,75.705,15261.0
2026-07-23T09:45:00-04:00,75.62,75.72,75.2,75.28,69884.0
2026-07-23T09:50:00-04:00,75.345,75.63,75.080002,75.58,10869.0
2026-07-23T09:55:00-04:00,75.68,75.74,74.975,74.975,15096.0
2026-07-23T10:00:00-04:00,74.97,75.25,74.93,75.099998,17058.0
2026-07-23T10:05:00-04:00,75.12,75.3,74.71,74.93,14900.0
2026-07-23T10:10:00-04:00,74.97,75.42,74.97,75.19,12604.0
2026-07-23T10:15:00-04:00,75.2,75.475,75.2,75.4199,13421.0
2026-07-23T10:20:00-04:00,75.36,75.36,75.07,75.2,25402.0
2026-07-23T10:25:00-04:00,75.21,75.69,75.21,75.69,4466.0
2026-07-23T10:30:00-04:00,75.69,75.71,75.34,75.41,9788.0
2026-07-23T10:35:00-04:00,75.3,75.59,75.28,75.54,8022.0
2026-07-23T10:40:00-04:00,75.58,75.6,75.0,75.010002,13414.0
2026-07-23T10:45:00-04:00,74.97,75.24,74.95,75.089996,13703.0
2026-07-23T10:50:00-04:00,75.17,75.19,74.77,74.82,22749.0
2026-07-23T10:55:00-04:00,74.82,75.055,74.78,74.99,17677.0
2026-07-23T11:00:00-04:00,74.91,74.94,74.52,74.65,18375.0
2026-07-23T11:05:00-04:00,74.65,74.71,74.34,74.35,21627.0
2026-07-23T11:10:00-04:00,74.34,74.48,74.23,74.25,23372.0
2026-07-23T11:15:00-04:00,74.33,74.5542,74.29,74.325,9388.0
2026-07-23T11:20:00-04:00,74.41,74.466,73.95,74.14,22731.0
2026-07-23T11:25:00-04:00,74.099998,74.135,73.98,74.0,3810.0
2026-07-23T11:30:00-04:00,74.11,74.11,73.96,74.105,7157.0
2026-07-23T11:35:00-04:00,74.14,74.49,74.14,74.49,5117.0
2026-07-23T11:40:00-04:00,74.48,74.615,74.46,74.46,9983.0
2026-07-23T11:45:00-04:00,74.44,74.57,74.42,74.53,6740.0
2026-07-23T11:50:00-04:00,74.51,74.7,74.4524,74.69,7503.0
2026-07-23T11:55:00-04:00,74.74,74.74,74.575,74.63,2256.0
2026-07-23T12:00:00-04:00,74.63,74.95,74.625,74.95,7711.0
2026-07-23T12:05:00-04:00,74.86,74.86,74.72,74.8037,7574.0
2026-07-23T12:10:00-04:00,74.85,75.059998,74.85,75.010002,10133.0
2026-07-23T12:15:00-04:00,75.059998,75.16,74.94,74.99,10901.0
2026-07-23T12:20:00-04:00,75.115,75.25,75.115,75.17,3131.0
2026-07-23T12:25:00-04:00,75.21,75.33,75.14,75.32,10469.0
2026-07-23T12:30:00-04:00,75.32,75.32,75.089996,75.099998,8536.0
2026-07-23T12:35:00-04:00,75.099998,75.35,75.099998,75.35,5012.0
2026-07-23T12:40:00-04:00,75.36,75.36,75.15,75.15,4540.0
2026-07-23T12:45:00-04:00,75.15,75.24,75.080002,75.18,11065.0
2026-07-23T12:50:00-04:00,75.17,75.27,75.16,75.18,6622.0
2026-07-23T12:55:00-04:00,75.22,75.496,75.22,75.49,6775.0
2026-07-23T13:00:00-04:00,75.48,75.65,75.4,75.61,5497.0
2026-07-23T13:05:00-04:00,75.6,75.64,75.49,75.57,11066.0
2026-07-23T13:10:00-04:00,75.57,75.61,75.43,75.43,4533.0
2026-07-23T13:15:00-04:00,75.435,75.5524,75.41,75.435,11455.0
2026-07-23T13:20:00-04:00,75.47,75.61,75.455,75.53,6561.0
2026-07-23T13:25:00-04:00,75.545,75.61,75.545,75.575,4247.0
2026-07-23T13:30:00-04:00,75.62,75.65,75.5,75.57,4970.0
2026-07-23T13:35:00-04:00,75.54,75.54,75.39,75.39,11233.0
2026-07-23T13:40:00-04:00,75.41,75.46,75.37,75.41,6051.0
2026-07-23T13:45:00-04:00,75.4,75.46,75.37,75.42,23310.0
2026-07-23T13:50:00-04:00,75.42,75.42,75.32,75.36,6401.0
2026-07-23T13:55:00-04:00,75.34,75.34,75.29,75.29,6954.0
2026-07-23T14:00:00-04:00,75.225,75.265,75.11,75.11,18016.0
2026-07-23T14:05:00-04:00,75.105,75.175,75.099998,75.11,6412.0
2026-07-23T14:10:00-04:00,75.089996,75.22,75.050003,75.12,6949.0
2026-07-23T14:15:00-04:00,75.099998,75.17,75.099998,75.17,2279.0
2026-07-23T14:20:00-04:00,75.22,75.27,75.14,75.2,3259.0
2026-07-23T14:25:00-04:00,75.205,75.26,75.1412,75.235,4314.0
2026-07-23T14:30:00-04:00,75.28,75.33,75.24,75.29,4801.0
2026-07-23T14:35:00-04:00,75.32,75.37,75.32,75.33,6056.0
2026-07-23T14:40:00-04:00,75.39,75.39,75.33,75.345,2366.0
2026-07-23T14:45:00-04:00,75.4,75.4399,75.33,75.33,6550.0
2026-07-23T14:50:00-04:00,75.3,75.33,75.21,75.21,6631.0
2026-07-23T14:55:00-04:00,75.2,75.24,75.17,75.2,2512.0
2026-07-23T15:00:00-04:00,75.26,75.26,74.97,74.97,8552.0
2026-07-23T15:05:00-04:00,74.965,75.080002,74.9204,74.9204,6659.0
2026-07-23T15:10:00-04:00,74.905,74.92,74.85,74.85,10546.0
2026-07-23T15:15:00-04:00,74.835,75.029999,74.835,74.88,6993.0
2026-07-23T15:20:00-04:00,74.9,75.059998,74.89,75.059998,6076.0
2026-07-23T15:25:00-04:00,75.115,75.17,75.080002,75.099998,3786.0
2026-07-23T15:30:00-04:00,75.12,75.2,74.92,75.07,8394.0
2026-07-23T15:35:00-04:00,74.99,75.095001,74.96,75.040001,8662.0
2026-07-23T15:40:00-04:00,75.040001,75.059998,74.945,74.945,4603.0
2026-07-23T15:45:00-04:00,75.0,75.035004,74.92,74.925,8961.0
2026-07-23T15:50:00-04:00,74.97,75.18,74.97,75.14,27468.0
2026-07-23T15:55:00-04:00,75.18,75.38,75.07,75.34,39058.0
2026-07-24T09:30:00-04:00,75.77,75.77,75.080002,75.080002,33847.0
2026-07-24T09:35:00-04:00,75.17,75.6975,75.135,75.61,3915.0
2026-07-24T09:40:00-04:00,75.69,75.74,75.475,75.61,12399.0
2026-07-24T09:45:00-04:00,75.64,76.0,75.5501,76.0,12153.0
2026-07-24T09:50:00-04:00,75.945,76.0,75.32,75.61,17244.0
2026-07-24T09:55:00-04:00,75.535,75.7,75.3346,75.7,6871.0
2026-07-24T10:00:00-04:00,75.8,75.8,75.4401,75.4401,20056.0
2026-07-24T10:05:00-04:00,75.61,75.62,75.3,75.62,4993.0
2026-07-24T10:10:00-04:00,75.63,75.815,75.63,75.69,4658.0
2026-07-24T10:15:00-04:00,75.6,75.605,75.23,75.3,9276.0
2026-07-24T10:20:00-04:00,75.31,75.7,75.31,75.695,5657.0
2026-07-24T10:25:00-04:00,75.81,75.915,75.73,75.86,2628.0
2026-07-24T10:30:00-04:00,75.85,75.87,75.6707,75.7799,2900.0
2026-07-24T10:35:00-04:00,75.7,75.8,75.49,75.49,4887.0
2026-07-24T10:40:00-04:00,75.44,75.55,75.43,75.465,2805.0
2026-07-24T10:45:00-04:00,75.43,75.51,75.3,75.485,5078.0
2026-07-24T10:50:00-04:00,75.56,75.65,75.49,75.54,3336.0
2026-07-24T10:55:00-04:00,75.6,75.81,75.6,75.77,4721.0
2026-07-24T11:00:00-04:00,75.61,75.72,75.515,75.515,3213.0
2026-07-24T11:05:00-04:00,75.5,75.58,75.36,75.44,3025.0
2026-07-24T11:10:00-04:00,75.41205,76.395,75.41205,76.31,28671.0
2026-07-24T11:15:00-04:00,76.35,76.77,76.35,76.47,14732.0
2026-07-24T11:20:00-04:00,76.485,76.805,76.485,76.655,5431.0
2026-07-24T11:25:00-04:00,76.7,76.79,76.6,76.685,5941.0
2026-07-24T11:30:00-04:00,76.76,76.82,76.46,76.46,9940.0
2026-07-24T11:35:00-04:00,76.445,76.7,76.41,76.7,2757.0
2026-07-24T11:40:00-04:00,76.7025,76.76,76.5,76.56,5768.0
2026-07-24T11:45:00-04:00,76.58,76.58,76.41,76.51,19252.0
2026-07-24T11:50:00-04:00,76.44,76.55,76.43,76.5,8521.0
2026-07-24T11:55:00-04:00,76.4801,76.525,76.4,76.49,8888.0
2026-07-24T12:00:00-04:00,76.46,76.7,76.33,76.7,4156.0
2026-07-24T12:05:00-04:00,76.65,76.71,76.575,76.71,6012.0
2026-07-24T12:10:00-04:00,76.695,76.71,76.42,76.45,3083.0
2026-07-24T12:15:00-04:00,76.47,76.47,76.39,76.39,3267.0
2026-07-24T12:20:00-04:00,76.41,76.5025,76.4,76.42,3530.0
2026-07-24T12:25:00-04:00,76.54,76.59,76.44,76.44,4591.0
2026-07-24T12:30:00-04:00,76.395,76.395,76.236,76.2758,6397.0
2026-07-24T12:35:00-04:00,76.375,76.375,76.089996,76.17,3259.0
2026-07-24T12:40:00-04:00,76.11,76.11,76.010002,76.044998,1387.0
2026-07-24T12:45:00-04:00,76.010002,76.010002,75.83,75.84,22481.0
2026-07-24T12:50:00-04:00,75.8,75.87,75.77,75.87,2079.0
2026-07-24T12:55:00-04:00,75.895,76.059998,75.86,76.019997,9238.0
2026-07-24T13:00:00-04:00,76.010002,76.029999,75.915,76.029999,5237.0
2026-07-24T13:05:00-04:00,76.0,76.010002,75.86,75.86,10635.0
2026-07-24T13:10:00-04:00,75.8,75.84,75.8,75.84,1360.0
2026-07-24T13:15:00-04:00,75.845,76.0,75.845,75.99,2086.0
2026-07-24T13:20:00-04:00,76.029999,76.029999,75.9404,75.95,2338.0
2026-07-24T13:25:00-04:00,76.069901,76.080002,76.0049973,76.080002,1613.0
2026-07-24T13:30:00-04:00,76.080002,76.125,76.029999,76.029999,6722.0
2026-07-24T13:35:00-04:00,76.07,76.07,76.019997,76.019997,557.0
2026-07-24T13:40:00-04:00,75.89,75.93,75.8703,75.91,2026.0
2026-07-24T13:45:00-04:00,75.885,75.95,75.885,75.945,1902.0
2026-07-24T13:50:00-04:00,75.91,75.915,75.86,75.8925,745.0
2026-07-24T13:55:00-04:00,75.895,75.96,75.895,75.9,1950.0
2026-07-24T14:00:00-04:00,75.9,75.93,75.83,75.87,2768.0
2026-07-24T14:05:00-04:00,75.88,75.9254,75.88,75.9254,8833.0
2026-07-24T14:10:00-04:00,75.905,75.905,75.87,75.87,1086.0
2026-07-24T14:15:00-04:00,75.73,75.75,75.645,75.645,2676.0
2026-07-24T14:20:00-04:00,75.6176,75.67,75.59,75.61,2652.0
2026-07-24T14:25:00-04:00,75.58,75.585,75.48,75.5,2126.0
2026-07-24T14:30:00-04:00,75.4957,75.525,75.395,75.395,1869.0
2026-07-24T14:35:00-04:00,75.45,75.45,75.375,75.44,2163.0
2026-07-24T14:40:00-04:00,75.38,75.38,75.255,75.31,4841.0
2026-07-24T14:45:00-04:00,75.27,75.4853,75.27,75.43,2450.0
2026-07-24T14:50:00-04:00,75.39,75.54,75.37,75.461,22060.0
2026-07-24T14:55:00-04:00,75.47,75.51,75.42,75.44,4141.0
2026-07-24T15:00:00-04:00,75.45,75.47,75.34,75.38,11378.0
2026-07-24T15:05:00-04:00,75.315,75.46,75.21,75.27,4110.0
2026-07-24T15:10:00-04:00,75.27,75.3,75.205,75.205,2242.0
2026-07-24T15:15:00-04:00,75.195,75.27,75.17,75.27,3024.0
2026-07-24T15:20:00-04:00,75.28,75.355,75.18,75.18,8335.0
2026-07-24T15:25:00-04:00,75.222,75.335,75.222,75.32,3245.0
2026-07-24T15:30:00-04:00,75.32,75.42,75.255,75.41,3162.0
2026-07-24T15:35:00-04:00,75.37,75.5,75.275,75.275,7440.0
2026-07-24T15:40:00-04:00,75.255,75.34,75.25,75.33,6742.0
2026-07-24T15:45:00-04:00,75.33,75.45,75.33,75.425,5383.0
2026-07-24T15:50:00-04:00,75.425,75.5,75.315,75.46,12721.0
2026-07-24T15:55:00-04:00,75.44,75.495,75.375,75.415,21861.0
2026-07-27T09:30:00-04:00,76.19,76.56,75.79,76.07,34729.0
2026-07-27T09:35:00-04:00,76.25,76.43,76.07,76.39,4738.0
2026-07-27T09:40:00-04:00,76.37263,76.37263,76.099998,76.25,3626.0
2026-07-27T09:45:00-04:00,76.26,76.4288,76.13,76.352,4597.0
2026-07-27T09:50:00-04:00,76.23,76.42,76.12,76.12,4028.0
2026-07-27T09:55:00-04:00,76.115,76.115,75.685,75.7,20724.0
2026-07-27T10:00:00-04:00,75.72,76.0078964,75.6501,75.93,6037.0
2026-07-27T10:05:00-04:00,75.76,75.83,75.655,75.72,37495.0
2026-07-27T10:10:00-04:00,75.67,75.6804,75.27,75.5,17243.0
2026-07-27T10:15:00-04:00,75.5,75.545,75.26,75.38,5728.0
2026-07-27T10:20:00-04:00,75.29,75.29,74.95,74.995,10977.0
2026-07-27T10:25:00-04:00,75.040001,75.040001,74.71,74.71,3513.0
2026-07-27T10:30:00-04:00,74.6,74.75,74.49,74.535,17475.0
2026-07-27T10:35:00-04:00,74.48,74.6,74.365,74.52,11155.0
2026-07-27T10:40:00-04:00,74.46,74.46,74.084999,74.19,5767.0
2026-07-27T10:45:00-04:00,74.235,74.99,74.235,74.99,10719.0
2026-07-27T10:50:00-04:00,74.99,75.285,74.94,75.19,24600.0
2026-07-27T10:55:00-04:00,75.255,75.7,75.25,75.69,15933.0
2026-07-27T11:00:00-04:00,75.64,75.64,75.35,75.57,5822.0
2026-07-27T11:05:00-04:00,75.585,75.7,75.48,75.48,3249.0
2026-07-27T11:10:00-04:00,75.55,75.57,75.375,75.45,2755.0
2026-07-27T11:15:00-04:00,75.5,75.613,75.42,75.57,4711.0
2026-07-27T11:20:00-04:00,75.675,75.81,75.63,75.63,2559.0
2026-07-27T11:25:00-04:00,75.415,75.49,75.26,75.4,8090.0
2026-07-27T11:30:00-04:00,75.26,75.415,75.13,75.1445,4245.0
2026-07-27T11:35:00-04:00,75.13,75.13,74.95,75.029999,3730.0
2026-07-27T11:40:00-04:00,74.97,75.265,74.97,75.19,7133.0
2026-07-27T11:45:00-04:00,75.22,75.22,75.1112,75.19,2965.0
2026-07-27T11:50:00-04:00,75.18,75.27,75.16,75.205,2353.0
2026-07-27T11:55:00-04:00,75.23,75.25,75.2,75.25,4805.0
2026-07-27T12:00:00-04:00,75.28,75.29,75.16,75.265,3462.0
2026-07-27T12:05:00-04:00,75.28,75.4996,75.23,75.48,4243.0
2026-07-27T12:10:00-04:00,75.5,75.565,75.48,75.48,1809.0
2026-07-27T12:15:00-04:00,75.51,75.56,75.45,75.52,2348.0
2026-07-27T12:20:00-04:00,75.56,75.71,75.56,75.61,4179.0
2026-07-27T12:25:00-04:00,75.66,76.15,75.61,76.029999,17548.0
2026-07-27T12:30:00-04:00,76.14,76.39,76.125,76.32,4399.0
2026-07-27T12:35:00-04:00,76.28,76.5,76.24,76.265,2831.0
2026-07-27T12:40:00-04:00,76.26,76.26,76.12,76.16,559.0
2026-07-27T12:45:00-04:00,76.13,76.21,76.089996,76.11,2224.0
2026-07-27T12:50:00-04:00,76.029999,76.029999,75.83,75.83,7757.0
2026-07-27T12:55:00-04:00,75.8896,75.8896,75.73,75.77,2901.0
2026-07-27T13:00:00-04:00,75.72,75.75,75.51,75.5501,16093.0
2026-07-27T13:05:00-04:00,75.49,75.57,75.45,75.5051,5511.0
2026-07-27T13:10:00-04:00,75.45,75.59,75.43,75.59,3495.0
2026-07-27T13:15:00-04:00,75.54,75.6,75.4,75.4,3729.0
2026-07-27T13:20:00-04:00,75.46,75.58,75.4,75.4,2519.0
2026-07-27T13:25:00-04:00,75.35,75.42,75.35,75.42,5010.0
2026-07-27T13:30:00-04:00,75.42,75.59,75.42,75.59,1311.0
2026-07-27T13:35:00-04:00,75.53,75.57,75.44,75.495,3098.0
2026-07-27T13:40:00-04:00,75.44,75.44,75.375,75.375,1694.0
2026-07-27T13:45:00-04:00,75.31,75.4,75.24,75.29,2967.0
2026-07-27T13:50:00-04:00,75.27,75.4,75.27,75.31,3623.0
2026-07-27T13:55:00-04:00,75.39,75.43,75.39,75.4,1060.0
2026-07-27T14:00:00-04:00,75.42,75.48,75.41,75.45,4927.0
2026-07-27T14:05:00-04:00,75.39,75.4,75.35,75.35,1356.0
2026-07-27T14:10:00-04:00,75.3,75.35,75.29,75.29,2042.0
2026-07-27T14:15:00-04:00,75.26,75.33,75.21,75.24,3238.0
2026-07-27T14:20:00-04:00,75.26,75.315,75.2396,75.26,2164.0
2026-07-27T14:25:00-04:00,75.26,75.26,75.16,75.1994,1132.0
2026-07-27T14:30:00-04:00,75.175,75.175,75.050003,75.050003,1191.0
2026-07-27T14:35:00-04:00,75.0,75.029999,74.9401,74.9401,1519.0
2026-07-27T14:40:00-04:00,75.0,75.13,74.99,75.13,8707.0
2026-07-27T14:45:00-04:00,75.084999,75.089996,75.010002,75.07,1417.0
2026-07-27T14:50:00-04:00,75.07,75.31,75.07,75.305,2657.0
2026-07-27T14:55:00-04:00,75.36,75.43,75.33,75.43,2300.0
2026-07-27T15:00:00-04:00,75.44,75.48,75.4,75.48,3722.0
2026-07-27T15:05:00-04:00,75.55,75.66,75.55,75.63,1361.0
2026-07-27T15:10:00-04:00,75.79,75.79,75.57,75.64,5201.0
2026-07-27T15:15:00-04:00,75.59,75.81,75.59,75.81,5399.0
2026-07-27T15:20:00-04:00,75.86,75.9683,75.84,75.9683,5342.0
2026-07-27T15:25:00-04:00,75.95,76.029999,75.92,75.99,7541.0
2026-07-27T15:30:00-04:00,76.010002,76.019997,75.94,75.99,9668.0
2026-07-27T15:35:00-04:00,75.97,75.995,75.9,75.91,7863.0
2026-07-27T15:40:00-04:00,75.91,76.010002,75.85,75.9,13151.0
2026-07-27T15:45:00-04:00,75.8801,75.955,75.86,75.9,6319.0
2026-07-27T15:50:00-04:00,75.93,75.955,75.76,75.9,16937.0
2026-07-27T15:55:00-04:00,75.85,75.875,75.68,75.82,36623.0
2026-07-28T09:30:00-04:00,74.445,74.969,73.955,74.225,27708.0
2026-07-28T09:35:00-04:00,74.155,74.155,73.3564,73.365,27146.0
2026-07-28T09:40:00-04:00,73.27,73.49,73.19,73.46,20483.0
2026-07-28T09:45:00-04:00,73.435,73.48,73.099998,73.4,16851.0
2026-07-28T09:50:00-04:00,73.48,73.595,72.88,73.1299,9745.0
2026-07-28T09:55:00-04:00,72.96,73.1899,72.96,73.059998,5279.0
2026-07-28T10:00:00-04:00,73.23,73.75,73.23,73.645,13465.0
2026-07-28T10:05:00-04:00,73.55,73.79,73.55,73.5801,3779.0
2026-07-28T10:10:00-04:00,73.68,73.91,73.38,73.38,10070.0
2026-07-28T10:15:00-04:00,73.44,73.44,73.010002,73.059998,21345.0
2026-07-28T10:20:00-04:00,73.0,73.11,72.8,73.035004,28591.0
2026-07-28T10:25:00-04:00,73.0,73.14,72.94,73.12,2022.0
2026-07-28T10:30:00-04:00,73.1434,73.2595,72.9,73.2595,6219.0
2026-07-28T10:35:00-04:00,73.2095,73.31,72.95,72.9933,8124.0
2026-07-28T10:40:00-04:00,73.019997,73.31,73.019997,73.31,2248.0
2026-07-28T10:45:00-04:00,73.25,73.62,73.2165,73.62,3264.0
2026-07-28T10:50:00-04:00,73.5401,73.81,73.511,73.5356,26212.0
2026-07-28T10:55:00-04:00,73.54,73.61,73.38,73.38,9987.0
2026-07-28T11:00:00-04:00,73.52,73.52,73.28,73.28,2418.0
2026-07-28T11:05:00-04:00,73.24,73.515,73.17,73.515,6564.0
2026-07-28T11:10:00-04:00,73.68,73.9486,73.44,73.835,10462.0
2026-07-28T11:15:00-04:00,73.8175,73.91,73.73,73.91,1884.0
2026-07-28T11:20:00-04:00,73.95,74.41,73.95,74.41,9771.0
2026-07-28T11:25:00-04:00,74.42,74.565,74.23,74.23,7863.0
2026-07-28T11:30:00-04:00,74.245,74.31,74.245,74.31,940.0
2026-07-28T11:35:00-04:00,74.37,74.48,74.27,74.41,3328.0
2026-07-28T11:40:00-04:00,74.35,74.37,74.33,74.33,2241.0
2026-07-28T11:45:00-04:00,74.515,74.7,74.515,74.6663,4048.0
2026-07-28T11:50:00-04:00,74.67,74.825,74.6,74.745,5151.0
2026-07-28T11:55:00-04:00,74.81,74.875,74.71,74.7901,2537.0
2026-07-28T12:00:00-04:00,74.87,74.87,74.715,74.7473,1752.0
2026-07-28T12:05:00-04:00,74.8461,74.8461,74.67,74.6701,3327.0
2026-07-28T12:10:00-04:00,74.67,74.77,74.65,74.675,4565.0
2026-07-28T12:15:00-04:00,74.67,74.68,74.57,74.57,2870.0
2026-07-28T12:20:00-04:00,74.595,74.61,74.455,74.455,1207.0
2026-07-28T12:25:00-04:00,74.5,74.5,74.4751,74.4751,1880.0
2026-07-28T12:30:00-04:00,74.4,74.42,74.28,74.37,1830.0
2026-07-28T12:35:00-04:00,74.31,74.35,74.26,74.26,5888.0
2026-07-28T12:40:00-04:00,74.3,74.3499,74.2,74.24,2951.0
2026-07-28T12:45:00-04:00,74.13,74.18,74.13,74.18,325.0
2026-07-28T12:50:00-04:00,74.175,74.43,74.175,74.43,1691.0
2026-07-28T12:55:00-04:00,74.42,74.58,74.42,74.49,3077.0
2026-07-28T13:00:00-04:00,74.5852,74.5852,74.39,74.52,948.0
2026-07-28T13:05:00-04:00,74.47,74.4901,74.43,74.43,2100.0
2026-07-28T13:10:00-04:00,74.32,74.32,74.2115,74.3,2776.0
2026-07-28T13:15:00-04:00,74.16,74.16,74.16,74.16,341.0
2026-07-28T13:20:00-04:00,74.3,74.46,74.23,74.23,3362.0
2026-07-28T13:25:00-04:00,74.18,74.3,74.18,74.27,2499.0
2026-07-28T13:30:00-04:00,74.22,74.25,74.13,74.25,2077.0
2026-07-28T13:35:00-04:00,74.27,74.27,74.11,74.11,1729.0
2026-07-28T13:40:00-04:00,74.15,74.15,73.83,73.86,3481.0
2026-07-28T13:45:00-04:00,73.87,73.9085,73.7,73.87,4582.0
2026-07-28T13:50:00-04:00,73.8101,73.86,73.775,73.775,2812.0
2026-07-28T13:55:00-04:00,73.6301,73.77,73.63,73.76,3797.0
2026-07-28T14:00:00-04:00,73.775,73.845,73.749,73.749,981.0
2026-07-28T14:05:00-04:00,73.82,73.82,73.76,73.8,3348.0
2026-07-28T14:10:00-04:00,73.86,73.875,73.78,73.8,4348.0
2026-07-28T14:15:00-04:00,73.77,73.8932,73.77,73.8802,4186.0
2026-07-28T14:20:00-04:00,73.85,73.87,73.775,73.775,3415.0
2026-07-28T14:25:00-04:00,73.78,73.82,73.69,73.7,54373.0
2026-07-28T14:30:00-04:00,73.735,73.81,73.69,73.77,9980.0
2026-07-28T14:35:00-04:00,73.75,73.91,73.75,73.855,4118.0
2026-07-28T14:40:00-04:00,73.82,73.9,73.8,73.87,8978.0
2026-07-28T14:45:00-04:00,73.9,73.98,73.83,73.89,22752.0
2026-07-28T14:50:00-04:00,73.86,73.925,73.76,73.76,7227.0
2026-07-28T14:55:00-04:00,73.81,73.925,73.75,73.88,5402.0
2026-07-28T15:00:00-04:00,73.89,74.025002,73.87,74.025002,5335.0
2026-07-28T15:05:00-04:00,74.022499,74.089996,73.98,73.99,5979.0
2026-07-28T15:10:00-04:00,74.010002,74.029999,73.95,73.96,3892.0
2026-07-28T15:15:00-04:00,74.010002,74.035004,73.96,74.014999,5776.0
2026-07-28T15:20:00-04:00,74.010002,74.15,74.010002,74.145,6877.0
2026-07-28T15:25:00-04:00,74.099998,74.165,74.010002,74.029999,5079.0
2026-07-28T15:30:00-04:00,74.059998,74.059998,73.92,73.9565,4471.0
2026-07-28T15:35:00-04:00,73.965,73.98,73.83,73.83,4816.0
2026-07-28T15:40:00-04:00,73.86,73.91,73.86,73.87,2545.0
2026-07-28T15:45:00-04:00,73.92,73.95,73.87,73.87,6173.0
2026-07-28T15:50:00-04:00,73.895,74.099998,73.84,74.07,11557.0
2026-07-28T15:55:00-04:00,74.040001,74.050003,73.84,73.96,129123.0
2026-07-29T09:30:00-04:00,73.17,73.6405,72.6,72.63,77020.0
2026-07-29T09:35:00-04:00,72.69,72.82,72.4,72.47,47841.0
2026-07-29T09:40:00-04:00,72.46,72.58,72.28,72.53,64483.0
2026-07-29T09:45:00-04:00,72.5,72.53,72.2,72.2875,57577.0
2026-07-29T09:50:00-04:00,72.2,72.285,71.85,72.010002,63407.0
2026-07-29T09:55:00-04:00,71.91,72.19,71.62,72.14,39592.0
2026-07-29T10:00:00-04:00,72.12,72.12,71.83,72.0,37097.0
2026-07-29T10:05:00-04:00,71.985,72.059998,71.63,71.75,42956.0
2026-07-29T10:10:00-04:00,71.71,71.71,71.2,71.22,40384.0
2026-07-29T10:15:00-04:00,71.57,71.6997,71.42,71.6,20608.0
2026-07-29T10:20:00-04:00,71.75,71.95,71.75,71.78,8716.0
2026-07-29T10:25:00-04:00,71.85,71.86,71.6431,71.86,2666.0
2026-07-29T10:30:00-04:00,71.74,71.85,71.72,71.72,20821.0
2026-07-29T10:35:00-04:00,71.645,71.645,71.5,71.57,4142.0
2026-07-29T10:40:00-04:00,71.45,71.5,71.13,71.13,23171.0
2026-07-29T10:45:00-04:00,71.255,71.37,71.11,71.37,6084.0
2026-07-29T10:50:00-04:00,71.4,71.58,71.3,71.58,6272.0
2026-07-29T10:55:00-04:00,71.6,71.64,71.4,71.64,6700.0
2026-07-29T11:00:00-04:00,71.57,71.87,71.46,71.825,12847.0
2026-07-29T11:05:00-04:00,71.77,71.81,71.655,71.8,7360.0
2026-07-29T11:10:00-04:00,71.7,71.73,71.5231,71.61,12609.0
2026-07-29T11:15:00-04:00,71.61,71.76,71.56,71.56,8481.0
2026-07-29T11:20:00-04:00,71.585,71.8,71.57,71.75,5339.0
2026-07-29T11:25:00-04:00,71.67,71.75,71.65,71.7,20638.0
2026-07-29T11:30:00-04:00,71.71,71.835,71.63,71.67,8034.0
2026-07-29T11:35:00-04:00,71.75,71.785,71.53,71.53,4022.0
2026-07-29T11:40:00-04:00,71.545,71.57,71.42,71.5,5308.0
2026-07-29T11:45:00-04:00,71.475,71.55,71.46,71.51,3506.0
2026-07-29T11:50:00-04:00,71.505,71.54,71.4,71.41,63741.0
2026-07-29T11:55:00-04:00,71.4,71.505,71.32,71.505,8573.0
2026-07-29T12:00:00-04:00,71.525,71.525,71.27,71.27,7360.0
2026-07-29T12:05:00-04:00,71.25,71.35,71.19,71.35,2944.0
2026-07-29T12:10:00-04:00,71.38,71.38,71.12,71.12,5879.0
2026-07-29T12:15:00-04:00,71.12,71.16652,71.089996,71.11,45347.0
2026-07-29T12:20:00-04:00,71.15,71.5,71.12,71.43,11161.0
2026-07-29T12:25:00-04:00,71.4751,71.6,71.45,71.58,4356.0
2026-07-29T12:30:00-04:00,71.69,71.83,71.68,71.83,5610.0
2026-07-29T12:35:00-04:00,71.77,71.87,71.7,71.7,5906.0
2026-07-29T12:40:00-04:00,71.73,71.775,71.685,71.73,1836.0
2026-07-29T12:45:00-04:00,71.72,71.875,71.72,71.86,3333.0
2026-07-29T12:50:00-04:00,71.92,72.07,71.87,71.9275,4305.0
2026-07-29T12:55:00-04:00,71.97,72.325,71.94,72.325,17418.0
2026-07-29T13:00:00-04:00,72.45,72.54,72.39,72.54,4614.0
2026-07-29T13:05:00-04:00,72.5299,72.5299,72.37,72.43,20758.0
2026-07-29T13:10:00-04:00,72.495,72.82,72.495,72.71,8014.0
2026-07-29T13:15:00-04:00,72.7,72.96,72.63,72.87,7139.0
2026-07-29T13:20:00-04:00,72.94,73.175,72.91,73.0,8555.0
2026-07-29T13:25:00-04:00,72.93,72.995,72.78,72.78,5689.0
2026-07-29T13:30:00-04:00,72.82,73.065002,72.815,72.9601,3601.0
2026-07-29T13:35:00-04:00,72.915,73.019501,72.8,72.88,5635.0
2026-07-29T13:40:00-04:00,72.915,73.195,72.915,73.059998,3799.0
2026-07-29T13:45:00-04:00,73.0,73.125,73.0,73.125,1899.0
2026-07-29T13:50:00-04:00,73.115,73.115,73.010002,73.074997,2304.0
2026-07-29T13:55:00-04:00,73.010002,73.13,72.99,73.029999,3583.0
2026-07-29T14:00:00-04:00,73.17,74.81,73.17,74.185,33668.0
2026-07-29T14:05:00-04:00,74.28,74.51,73.91,74.0,11483.0
2026-07-29T14:10:00-04:00,73.92,74.2204,73.88,73.88,14969.0
2026-07-29T14:15:00-04:00,73.955,74.13,73.46,73.46,8850.0
2026-07-29T14:20:00-04:00,73.31,73.49,73.31,73.33,5044.0
2026-07-29T14:25:00-04:00,73.24,73.345,73.16,73.345,4432.0
2026-07-29T14:30:00-04:00,73.48,73.63,72.97,73.37,6817.0
2026-07-29T14:35:00-04:00,73.24,73.89,73.23,73.89,2965.0
2026-07-29T14:40:00-04:00,73.9899,74.34,73.97,74.29,15745.0
2026-07-29T14:45:00-04:00,74.2,74.595,74.2,74.56,17857.0
2026-07-29T14:50:00-04:00,74.54,74.89,74.37,74.81,6075.0
2026-07-29T14:55:00-04:00,74.7301,75.1381,74.68,75.1381,11055.0
2026-07-29T15:00:00-04:00,75.040001,75.285,74.64,74.64,22256.0
2026-07-29T15:05:00-04:00,74.645,74.73,74.385,74.385,21883.0
2026-07-29T15:10:00-04:00,74.39,74.775,74.23,74.71,10439.0
2026-07-29T15:15:00-04:00,74.7,74.965,74.44,74.44,12849.0
2026-07-29T15:20:00-04:00,74.4,74.4,73.83,73.985,21426.0
2026-07-29T15:25:00-04:00,73.99,73.99,73.75,73.98,7987.0
2026-07-29T15:30:00-04:00,74.0,74.115,73.452,73.68,25433.0
2026-07-29T15:35:00-04:00,73.67,73.745,73.415,73.415,12783.0
2026-07-29T15:40:00-04:00,73.33,73.505,73.25,73.315,12199.0
2026-07-29T15:45:00-04:00,73.25,73.36,73.059998,73.175,34618.0
2026-07-29T15:50:00-04:00,73.17,73.21,72.915,73.084999,24376.0
2026-07-29T15:55:00-04:00,73.010002,73.089996,72.79,72.91,41417.0
2026-07-30T09:30:00-04:00,74.29,74.67,73.23,73.24,20384.0
2026-07-30T09:35:00-04:00,73.11,73.71,73.11,73.57,6920.0
2026-07-30T09:40:00-04:00,73.41,74.065002,73.24,73.75,10611.0
2026-07-30T09:45:00-04:00,73.755,74.4364,73.755,74.28,4952.0
2026-07-30T09:50:00-04:00,74.36,74.73,74.34817,74.69,7992.0
2026-07-30T09:55:00-04:00,74.585,74.775,74.51,74.655,15178.0
2026-07-30T10:00:00-04:00,74.78,74.93,74.69,74.825,8491.0
2026-07-30T10:05:00-04:00,74.7,74.785,74.07,74.089996,13933.0
2026-07-30T10:10:00-04:00,74.16,74.21,73.9588,73.985,7509.0
2026-07-30T10:15:00-04:00,73.88,74.059998,73.8788,73.8919,7185.0
2026-07-30T10:20:00-04:00,73.96,74.35,73.96,74.059998,7948.0
2026-07-30T10:25:00-04:00,74.11,74.52,74.095001,74.515,4599.0
2026-07-30T10:30:00-04:00,74.395,74.69,74.395,74.465,4303.0
2026-07-30T10:35:00-04:00,74.475,74.82,74.32,74.7,39058.0
2026-07-30T10:40:00-04:00,74.76,74.97,74.76,74.87,27876.0
2026-07-30T10:45:00-04:00,74.85,74.85,74.64,74.84,6201.0
2026-07-30T10:50:00-04:00,74.735,74.74,74.465,74.4687,4936.0
2026-07-30T10:55:00-04:00,74.4,74.475,74.23,74.43,10053.0
2026-07-30T11:00:00-04:00,74.27,74.57,74.27,74.46,5314.0
2026-07-30T11:05:00-04:00,74.46,74.53,74.26,74.37,5221.0
2026-07-30T11:10:00-04:00,74.31,74.31,73.7928,73.7928,4023.0
2026-07-30T11:15:00-04:00,73.96,74.33,73.92,74.33,5411.0
2026-07-30T11:20:00-04:00,74.38,74.39,74.010002,74.074997,3970.0
2026-07-30T11:25:00-04:00,73.94,74.010002,73.76,74.010002,5475.0
2026-07-30T11:30:00-04:00,74.080002,74.2159,74.080002,74.2159,772.0
2026-07-30T11:35:00-04:00,74.34,74.47,74.34,74.43,3250.0
2026-07-30T11:40:00-04:00,74.55,74.6503,74.47,74.6503,2978.0
2026-07-30T11:45:00-04:00,74.62,74.7669,74.6,74.73,2877.0
2026-07-30T11:50:00-04:00,74.72,74.815,74.72,74.75,3467.0
2026-07-30T11:55:00-04:00,74.89,75.135,74.89,74.98,2869.0
2026-07-30T12:00:00-04:00,75.035004,75.31,75.035004,75.215,8229.0
2026-07-30T12:05:00-04:00,75.16,75.195,75.029999,75.165,4926.0
2026-07-30T12:10:00-04:00,75.089996,75.285,75.080002,75.15,6296.0
2026-07-30T12:15:00-04:00,75.2375,75.49,75.21,75.38,7221.0
2026-07-30T12:20:00-04:00,75.4,75.6,75.35,75.6,6567.0
2026-07-30T12:25:00-04:00,75.575,75.665,75.535,75.58,11733.0
2026-07-30T12:30:00-04:00,75.54,75.56,75.41,75.42,3350.0
2026-07-30T12:35:00-04:00,75.415,75.48,75.31,75.33,4476.0
2026-07-30T12:40:00-04:00,75.31,75.32,75.089996,75.099998,7646.0
2026-07-30T12:45:00-04:00,75.13,75.28,75.1183,75.28,10447.0
2026-07-30T12:50:00-04:00,75.225,75.38,75.225,75.3,3291.0
2026-07-30T12:55:00-04:00,75.35,75.55,75.35,75.55,3331.0
2026-07-30T13:00:00-04:00,75.56,75.66,75.39,75.41,8180.0
2026-07-30T13:05:00-04:00,75.3975,75.49,75.39,75.43,3437.0
2026-07-30T13:10:00-04:00,75.49,75.5,75.36,75.39,7329.0
2026-07-30T13:15:00-04:00,75.31,75.47,75.2859,75.435,7416.0
2026-07-30T13:20:00-04:00,75.4799,75.59,75.4001,75.59,4782.0
2026-07-30T13:25:00-04:00,75.53,75.575,75.33,75.33,5997.0
2026-07-30T13:30:00-04:00,75.315,75.33,75.245,75.32,3682.0
2026-07-30T13:35:00-04:00,75.315,75.525,75.315,75.4,4942.0
2026-07-30T13:40:00-04:00,75.4,75.505,75.4,75.45,2438.0
2026-07-30T13:45:00-04:00,75.43,75.545,75.36,75.36,7887.0
2026-07-30T13:50:00-04:00,75.34,75.38,75.245,75.26,14420.0
2026-07-30T13:55:00-04:00,75.22,75.32,75.22,75.2895,9762.0
2026-07-30T14:00:00-04:00,75.3,75.39,75.26,75.26,15547.0
2026-07-30T14:05:00-04:00,75.21,75.36,75.21,75.36,4392.0
2026-07-30T14:10:00-04:00,75.39,75.49,75.37,75.49,3434.0
2026-07-30T14:15:00-04:00,75.47,75.47,75.35,75.36,2739.0
2026-07-30T14:20:00-04:00,75.39,75.415,75.29,75.29,3254.0
2026-07-30T14:25:00-04:00,75.281,75.281,75.21,75.27,2676.0
2026-07-30T14:30:00-04:00,75.35,75.41,75.32,75.32,4324.0
2026-07-30T14:35:00-04:00,75.35,75.35,75.1601,75.21,7081.0
2026-07-30T14:40:00-04:00,75.19,75.3,75.17,75.265,3736.0
2026-07-30T14:45:00-04:00,75.31,75.31,75.13,75.13,6103.0
2026-07-30T14:50:00-04:00,75.11,75.18,75.07,75.17,3059.0
2026-07-30T14:55:00-04:00,75.1312,75.24,75.1312,75.24,3815.0
2026-07-30T15:00:00-04:00,75.25,75.485,75.25,75.485,6345.0
2026-07-30T15:05:00-04:00,75.485,75.485,75.4045,75.4045,1553.0
2026-07-30T15:10:00-04:00,75.46,75.61,75.45,75.56,9405.0
2026-07-30T15:15:00-04:00,75.57,75.75,75.505,75.73,16006.0
2026-07-30T15:20:00-04:00,75.73,75.7596,75.69,75.7,4916.0
2026-07-30T15:25:00-04:00,75.73,75.83,75.71,75.81,8820.0
2026-07-30T15:30:00-04:00,75.81,76.029999,75.7999,76.029999,10792.0
2026-07-30T15:35:00-04:00,76.029999,76.065002,75.94,75.96,10516.0
2026-07-30T15:40:00-04:00,76.0,76.14,75.9314,76.065002,16275.0
2026-07-30T15:45:00-04:00,76.089996,76.165,76.029999,76.165,23468.0
2026-07-30T15:50:00-04:00,76.165,76.25,76.080002,76.21,63912.0
2026-07-30T15:55:00-04:00,76.2,76.33,76.15,76.15,89262.0
2026-07-31T09:30:00-04:00,74.39,75.0,74.37,74.435,41022.0
2026-07-31T09:35:00-04:00,74.42,74.44,73.755,73.76,11832.0
2026-07-31T09:40:00-04:00,73.83,73.97,73.63,73.885,15335.0
2026-07-31T09:45:00-04:00,73.755,73.755,73.37,73.545,9447.0
2026-07-31T09:50:00-04:00,73.53,73.71,73.53,73.69,4424.0
2026-07-31T09:55:00-04:00,73.64,73.77,73.54,73.67,8455.0
2026-07-31T10:00:00-04:00,73.68,73.8895,73.56,73.74,3331.0
2026-07-31T10:05:00-04:00,73.57,73.59,72.85,72.92,62577.0
2026-07-31T10:10:00-04:00,72.805,73.019997,72.71,72.7575,4279.0
2026-07-31T10:15:00-04:00,72.86,73.092003,72.63,72.98,13814.0
2026-07-31T10:20:00-04:00,72.9096,73.39,72.9096,72.99,4120.0
2026-07-31T10:25:00-04:00,73.059998,73.48,73.059998,73.48,2580.0
2026-07-31T10:30:00-04:00,73.46,73.67,73.39,73.615,4414.0
2026-07-31T10:35:00-04:00,73.6328,73.965,73.6328,73.745,7163.0
2026-07-31T10:40:00-04:00,73.83,73.855,73.635,73.7312,4334.0
2026-07-31T10:45:00-04:00,73.81,74.050003,73.66,74.050003,8889.0
2026-07-31T10:50:00-04:00,74.16,74.4,74.15,74.185,12960.0
2026-07-31T10:55:00-04:00,74.185,74.62,74.185,74.565,3672.0
2026-07-31T11:00:00-04:00,74.56,74.56,74.39,74.5125,36321.0
2026-07-31T11:05:00-04:00,74.49,74.63,74.42,74.4896,7111.0
2026-07-31T11:10:00-04:00,74.39,74.39,74.1475,74.28,1998.0
2026-07-31T11:15:00-04:00,74.42,74.72,74.089996,74.089996,3600.0
2026-07-31T11:20:00-04:00,74.18,74.18,73.98,74.059998,4358.0
2026-07-31T11:25:00-04:00,73.98,73.98,73.81,73.89,4512.0
2026-07-31T11:30:00-04:00,73.87,73.87,73.64,73.80539,2352.0
2026-07-31T11:35:00-04:00,73.73,73.825,73.73,73.8,1570.0
2026-07-31T11:40:00-04:00,73.95,73.95,73.7225,73.8232,3766.0
2026-07-31T11:45:00-04:00,73.805,73.805,73.63,73.74,3916.0
2026-07-31T11:50:00-04:00,73.795,73.87,73.795,73.86,5960.0
2026-07-31T11:55:00-04:00,73.89,74.021202,73.88,73.9,4600.0
2026-07-31T12:00:00-04:00,74.029999,74.029999,73.89,73.96,996.0
2026-07-31T12:05:00-04:00,73.78,73.8303,73.77,73.8303,2337.0
2026-07-31T12:10:00-04:00,73.86,73.94,73.86,73.925,2731.0
2026-07-31T12:15:00-04:00,73.94,73.95,73.795,73.9025,2192.0
2026-07-31T12:20:00-04:00,73.9699,74.039703,73.8875,74.039703,12993.0
2026-07-31T12:25:00-04:00,73.99,73.99,73.905,73.975,39763.0
2026-07-31T12:30:00-04:00,74.040001,74.2,74.040001,74.2,2788.0
2026-07-31T12:35:00-04:00,74.27,74.399,74.27,74.39,12816.0
2026-07-31T12:40:00-04:00,74.295,74.295,74.017502,74.017502,4593.0
2026-07-31T12:45:00-04:00,74.014999,74.099998,73.91,73.91,4389.0
2026-07-31T12:50:00-04:00,74.040001,74.050003,74.035004,74.050003,1834.0
2026-07-31T12:55:00-04:00,74.050003,74.13,74.050003,74.13,2052.0
2026-07-31T13:00:00-04:00,74.029999,74.043602,74.0,74.0,663.0
2026-07-31T13:05:00-04:00,73.92,73.92,73.81,73.82,6662.0
2026-07-31T13:10:00-04:00,73.81,73.81,73.81,73.81,20.0
2026-07-31T13:15:00-04:00,74.035004,74.044998,73.93,74.019997,12936.0
2026-07-31T13:20:00-04:00,73.98,74.0,73.945,73.985,2014.0
2026-07-31T13:25:00-04:00,74.17,74.17,74.0,74.010498,2640.0
2026-07-31T13:30:00-04:00,74.089996,74.2,74.07,74.125,10511.0
2026-07-31T13:35:00-04:00,74.115,74.19,74.115,74.14,4114.0
2026-07-31T13:40:00-04:00,74.084999,74.1454,74.084999,74.1454,519.0
2026-07-31T13:45:00-04:00,74.17,74.2251,74.040001,74.040001,3213.0
2026-07-31T13:50:00-04:00,74.11,74.21,74.080002,74.089996,5368.0
2026-07-31T13:55:00-04:00,74.145,74.22,74.14,74.16,3887.0
2026-07-31T14:00:00-04:00,74.14,74.15,73.99,73.99,3291.0
2026-07-31T14:05:00-04:00,73.96,73.96,73.82,73.8999,3976.0
2026-07-31T14:10:00-04:00,73.8,73.82,73.74,73.74,3952.0
2026-07-31T14:15:00-04:00,73.805,73.96,73.805,73.87,998.0
2026-07-31T14:20:00-04:00,73.85,73.8999,73.845,73.855,1043.0
2026-07-31T14:25:00-04:00,73.85,73.93,73.835,73.8875,816.0
2026-07-31T14:30:00-04:00,73.89,73.94,73.84,73.85,2827.0
2026-07-31T14:35:00-04:00,73.9,74.11,73.895,74.07,2815.0
2026-07-31T14:40:00-04:00,74.059998,74.07,74.010002,74.055,3152.0
2026-07-31T14:45:00-04:00,74.052498,74.11,73.965,74.059998,2990.0
2026-07-31T14:55:00-04:00,74.014999,74.059998,73.86,73.95,3891.0
2026-07-31T15:00:00-04:00,74.029999,74.07,73.825,73.85,3621.0
2026-07-31T15:05:00-04:00,73.905,73.98,73.865,73.98,1614.0
2026-07-31T15:10:00-04:00,73.965,74.029999,73.895,73.98,12874.0
2026-07-31T15:15:00-04:00,73.95,73.9899,73.91,73.9475,1930.0
2026-07-31T15:20:00-04:00,73.95,74.010002,73.89,73.945,7218.0
2026-07-31T15:25:00-04:00,74.010002,74.010002,74.010002,74.010002,527.0
2026-07-31T15:30:00-04:00,73.925,73.98,73.885,73.93,17416.0
2026-07-31T15:35:00-04:00,73.935,73.94,73.77,73.82,7889.0
2026-07-31T15:40:00-04:00,73.81,73.955,73.76,73.955,17316.0
2026-07-31T15:45:00-04:00,74.0,74.000099182,73.89,73.935,4263.0
2026-07-31T15:50:00-04:00,73.89,73.89,73.675,73.76,25111.0
2026-07-31T15:55:00-04:00,73.76,73.79,73.52,73.7,87748.0
2026-08-03T09:30:00-04:00,73.4,73.63,72.93,73.059998,102985.0
2026-08-03T09:35:00-04:00,72.83,73.32,72.69,72.99,50114.0
2026-08-03T09:40:00-04:00,72.91,73.17,72.91,73.07,21143.0
2026-08-03T09:45:00-04:00,73.13,73.37,73.13,73.22,5923.0
2026-08-03T09:50:00-04:00,73.255,73.48,73.17,73.44,10043.0
2026-08-03T09:55:00-04:00,73.4225,73.8,73.4225,73.67,6804.0
2026-08-03T10:00:00-04:00,73.58,73.785,73.33,73.33,18052.0
2026-08-03T10:05:00-04:00,73.2601,73.64,73.2601,73.64,2176.0
2026-08-03T10:10:00-04:00,73.53,73.98,73.53,73.975,8568.0
2026-08-03T10:15:00-04:00,73.95,74.21,73.95,73.97,10985.0
2026-08-03T10:20:00-04:00,73.88,74.11,73.88,74.11,1663.0
2026-08-03T10:25:00-04:00,74.16,74.17,74.080002,74.125,3264.0
2026-08-03T10:30:00-04:00,74.18,74.25,74.12,74.25,7741.0
2026-08-03T10:35:00-04:00,74.38,74.38,74.18,74.22,5918.0
2026-08-03T10:40:00-04:00,74.21,74.52,74.21,74.475,2474.0
2026-08-03T10:45:00-04:00,74.48,74.53,74.38,74.53,7758.0
2026-08-03T10:50:00-04:00,74.53,74.64,74.5,74.5605,16295.0
2026-08-03T10:55:00-04:00,74.76,74.9499,74.76,74.825,8218.0
2026-08-03T11:00:00-04:00,74.79,74.825,74.63,74.63,3050.0
2026-08-03T11:05:00-04:00,74.69,74.69,74.46,74.46,2184.0
2026-08-03T11:10:00-04:00,74.48,74.48,74.38,74.41,2246.0
2026-08-03T11:15:00-04:00,74.44,74.54,74.41,74.52,1732.0
2026-08-03T11:20:00-04:00,74.54,74.545,74.48,74.53,2983.0
2026-08-03T11:25:00-04:00,74.54,74.54,74.25,74.29,7592.0
2026-08-03T11:30:00-04:00,74.36,74.42,74.23,74.38,4439.0
2026-08-03T11:35:00-04:00,74.3,74.35,74.25,74.33,2610.0
2026-08-03T11:40:00-04:00,74.37,74.455,74.37,74.38,5011.0
2026-08-03T11:45:00-04:00,74.39,74.68,74.3701,74.68,23279.0
2026-08-03T11:50:00-04:00,74.7,74.84,74.7,74.835,3909.0
2026-08-03T11:55:00-04:00,74.85,74.85,74.76,74.76,3105.0
2026-08-03T12:00:00-04:00,74.73,74.73,74.65,74.69,3568.0
2026-08-03T12:05:00-04:00,74.685,74.685,74.52,74.53,2907.0
2026-08-03T12:10:00-04:00,74.565,74.605,74.5,74.5,3440.0
2026-08-03T12:15:00-04:00,74.545,74.6,74.545,74.58,1901.0
2026-08-03T12:20:00-04:00,74.67,74.67,74.6,74.6,739.0
2026-08-03T12:25:00-04:00,74.58,74.73,74.58,74.6999,3162.0
2026-08-03T12:30:00-04:00,74.72,74.72,74.66,74.7,6149.0
2026-08-03T12:35:00-04:00,74.75,74.76,74.63,74.63,11124.0
2026-08-03T12:40:00-04:00,74.59,74.61,74.5211,74.61,1883.0
2026-08-03T12:45:00-04:00,74.67,74.6751,74.66,74.66,1349.0
2026-08-03T12:50:00-04:00,74.63,74.675,74.565,74.565,1941.0
2026-08-03T12:55:00-04:00,74.63,74.63,74.63,74.63,626.0
2026-08-03T13:00:00-04:00,74.58,74.63,74.486,74.486,432.0
2026-08-03T13:05:00-04:00,74.44,74.57,74.44,74.57,1099.0
2026-08-03T13:10:00-04:00,74.575,74.6499,74.574,74.615,6441.0
2026-08-03T13:15:00-04:00,74.66,74.74,74.62,74.635,11048.0
2026-08-03T13:20:00-04:00,74.645,74.67,74.63,74.65,1092.0
2026-08-03T13:25:00-04:00,74.67,74.67,74.66,74.66,1343.0
2026-08-03T13:30:00-04:00,74.69,74.83,74.69,74.83,7297.0
2026-08-03T13:35:00-04:00,74.83,74.9195,74.73,74.73,5731.0
2026-08-03T13:40:00-04:00,74.79,74.79,74.79,74.79,547.0
2026-08-03T13:45:00-04:00,74.8,74.8,74.75,74.78,1397.0
2026-08-03T13:50:00-04:00,74.76,74.7799,74.73,74.7641,2536.0
2026-08-03T13:55:00-04:00,74.79,74.8364,74.79,74.82,1434.0
2026-08-03T14:00:00-04:00,74.83,74.915,74.83,74.915,1436.0
2026-08-03T14:05:00-04:00,74.9295,75.059998,74.9295,75.059998,2898.0
2026-08-03T14:10:00-04:00,75.099998,75.12,75.0,75.0,3504.0
2026-08-03T14:15:00-04:00,75.0,75.080002,74.98,75.040001,4062.0
2026-08-03T14:20:00-04:00,75.019997,75.059998,75.019997,75.059998,425.0
2026-08-03T14:25:00-04:00,75.019997,75.059998,74.98,75.0,3732.0
2026-08-03T14:30:00-04:00,75.0,75.059998,74.98,75.010002,4799.0
2026-08-03T14:35:00-04:00,74.97,74.98,74.87,74.87,3055.0
2026-08-03T14:40:00-04:00,74.87,74.87,74.84,74.84,1587.0
2026-08-03T14:45:00-04:00,74.9169,75.010002,74.87,75.010002,2848.0
2026-08-03T14:50:00-04:00,75.019997,75.019997,74.97,74.97,2069.0
2026-08-03T14:55:00-04:00,75.059998,75.059998,74.95,74.95,2167.0
2026-08-03T15:00:00-04:00,74.95,75.12,74.95,75.11,7739.0
2026-08-03T15:05:00-04:00,75.12,75.12,75.065002,75.12,10359.0
2026-08-03T15:10:00-04:00,75.099998,75.18,75.080002,75.11,4934.0
2026-08-03T15:15:00-04:00,75.15,75.28,75.15,75.28,56297.0
2026-08-03T15:20:00-04:00,75.3,75.58,75.3,75.58,50261.0
2026-08-03T15:25:00-04:00,75.63,75.66,75.56,75.56,30539.0
2026-08-03T15:30:00-04:00,75.56,75.61,75.5,75.55,8014.0
2026-08-03T15:35:00-04:00,75.5644,75.57,75.45,75.4597,7079.0
2026-08-03T15:40:00-04:00,75.4823,75.4823,75.4,75.47,5764.0
2026-08-03T15:45:00-04:00,75.52,75.6498,75.45,75.6498,6715.0
2026-08-03T15:50:00-04:00,75.58,75.705,75.55,75.68,10627.0
2026-08-03T15:55:00-04:00,75.635,75.815,75.57,75.76,66806.0
2026-08-04T09:30:00-04:00,77.68,78.4,77.51,78.325,123079.0
2026-08-04T09:35:00-04:00,78.4,79.038803,78.39,78.835,59923.0
2026-08-04T09:40:00-04:00,78.9425,79.080002,78.74,78.7942,32019.0
2026-08-04T09:45:00-04:00,78.62,78.675,78.27,78.4999,13273.0
2026-08-04T09:50:00-04:00,78.51,78.77,78.43,78.77,17016.0
2026-08-04T09:55:00-04:00,78.78,78.805,78.23,78.39,34105.0
2026-08-04T10:00:00-04:00,78.37,78.93,78.34,78.815,10525.0
2026-08-04T10:05:00-04:00,78.775,79.010002,78.695,78.87,22842.0
2026-08-04T10:10:00-04:00,78.92,79.2799,78.86,79.07,34212.0
2026-08-04T10:15:00-04:00,79.14,79.1699,78.57,78.615,6839.0
2026-08-04T10:20:00-04:00,78.545,78.635,78.365,78.365,7126.0
2026-08-04T10:25:00-04:00,78.39,78.51,78.26,78.26,14301.0
2026-08-04T10:30:00-04:00,78.16,78.4,78.050003,78.050003,6485.0
2026-08-04T10:35:00-04:00,78.035004,78.050003,77.75,77.95,19174.0
2026-08-04T10:40:00-04:00,77.87,78.019997,77.51,77.65,17331.0
2026-08-04T10:45:00-04:00,77.63,77.92,77.63,77.89,10237.0
2026-08-04T10:50:00-04:00,77.93,78.059998,77.92,78.059998,6387.0
2026-08-04T10:55:00-04:00,78.050003,78.3095,77.94,78.3095,6252.0
2026-08-04T11:00:00-04:00,78.25,78.5,78.19,78.42,21063.0
2026-08-04T11:05:00-04:00,78.4,78.55,78.4,78.5,6102.0
2026-08-04T11:10:00-04:00,78.61,78.69,78.52,78.52,11653.0
2026-08-04T11:15:00-04:00,78.5,78.5599,78.27,78.29,12056.0
2026-08-04T11:20:00-04:00,78.4384,78.4384,78.21,78.22,2437.0
2026-08-04T11:25:00-04:00,78.215,78.4099,78.21,78.38,3366.0
2026-08-04T11:30:00-04:00,78.38,78.525,78.28,78.28,12143.0
2026-08-04T11:35:00-04:00,78.3,78.4599,78.24,78.42,9495.0
2026-08-04T11:40:00-04:00,78.415,78.63,78.415,78.63,24646.0
2026-08-04T11:45:00-04:00,78.68,78.7,78.5313,78.66,9802.0
2026-08-04T11:50:00-04:00,78.65,78.92,78.65,78.84,8391.0
2026-08-04T11:55:00-04:00,78.99,79.0,78.8,78.81,14503.0
2026-08-04T12:00:00-04:00,78.7851,78.9,78.69,78.69,5688.0
2026-08-04T12:05:00-04:00,78.70528,78.828,78.655,78.77,5984.0
2026-08-04T12:10:00-04:00,78.83,78.87,78.6497,78.6497,5288.0
2026-08-04T12:15:00-04:00,78.57,78.67,78.54,78.61,16664.0
2026-08-04T12:20:00-04:00,78.61,78.94,78.61,78.9,9832.0
2026-08-04T12:25:00-04:00,78.925,78.9737,78.815,78.88,19883.0
2026-08-04T12:30:00-04:00,78.885,78.97,78.83,78.95,18776.0
2026-08-04T12:35:00-04:00,78.96,78.96,78.8101,78.8101,3816.0
2026-08-04T12:40:00-04:00,78.8599,79.009903,78.7401,78.915,7405.0
2026-08-04T12:45:00-04:00,78.98,79.080002,78.93,79.080002,4542.0
2026-08-04T12:50:00-04:00,79.074997,79.11,79.010002,79.010002,4187.0
2026-08-04T12:55:00-04:00,79.040298,79.175,79.020103,79.12,6623.0
2026-08-04T13:00:00-04:00,79.13,79.23,79.11,79.23,18055.0
2026-08-04T13:05:00-04:00,79.31,79.3425,79.22,79.3425,21043.0
2026-08-04T13:10:00-04:00,79.325,79.3699,79.28,79.3101,7660.0
2026-08-04T13:15:00-04:00,79.31,79.315,79.205,79.205,4281.0
2026-08-04T13:20:00-04:00,79.28,79.285,79.14,79.26,4316.0
2026-08-04T13:25:00-04:00,79.29,79.33,79.14,79.175,2222.0
2026-08-04T13:30:00-04:00,79.15,79.25,79.15,79.215,1748.0
2026-08-04T13:35:00-04:00,79.255,79.4,79.21,79.245,7519.0
2026-08-04T13:40:00-04:00,79.245,79.36,79.245,79.34,1883.0
2026-08-04T13:45:00-04:00,79.34,79.4999,79.34,79.37,11389.0
2026-08-04T13:50:00-04:00,79.39,79.4,79.21,79.3,19288.0
2026-08-04T13:55:00-04:00,79.3,79.33,79.18,79.215,6423.0
2026-08-04T14:00:00-04:00,79.21,79.29,79.089996,79.17,9316.0
2026-08-04T14:05:00-04:00,79.18,79.32,79.1775,79.3,6800.0
2026-08-04T14:10:00-04:00,79.28,79.37,79.26,79.31,2756.0
2026-08-04T14:15:00-04:00,79.405,79.41,79.24,79.265,5594.0
2026-08-04T14:20:00-04:00,79.25,79.27,79.18,79.18,5068.0
2026-08-04T14:25:00-04:00,79.21,79.31,79.1404,79.16,11433.0
2026-08-04T14:30:00-04:00,79.185,79.335,79.065002,79.14,14659.0
2026-08-04T14:35:00-04:00,79.1799,79.1799,78.96,78.985,11560.0
2026-08-04T14:40:00-04:00,78.96,78.97,78.87,78.96,19857.0
2026-08-04T14:45:00-04:00,78.96,79.040001,78.96,78.975,14110.0
2026-08-04T14:50:00-04:00,79.059998,79.12,78.985,79.0,9478.0
2026-08-04T14:55:00-04:00,79.010002,79.050003,78.9801,79.025002,10936.0
2026-08-04T15:00:00-04:00,79.029999,79.19,79.029999,79.135,7415.0
2026-08-04T15:05:00-04:00,79.13,79.37,79.13,79.37,14321.0
2026-08-04T15:10:00-04:00,79.355,79.355,79.18,79.2,11020.0
2026-08-04T15:15:00-04:00,79.19,79.23,79.1371,79.23,13871.0
2026-08-04T15:20:00-04:00,79.28,79.29,79.082603,79.12,13345.0
2026-08-04T15:25:00-04:00,79.099998,79.2,79.099998,79.19,6403.0
2026-08-04T15:30:00-04:00,79.2,79.2,79.07,79.12,39000.0
2026-08-04T15:35:00-04:00,79.125,79.14,79.029999,79.029999,10071.0
2026-08-04T15:40:00-04:00,79.07,79.089996,78.96,78.98,12878.0
2026-08-04T15:45:00-04:00,78.96,78.99,78.84,78.84,33194.0
2026-08-04T15:50:00-04:00,78.84,78.84,78.62,78.62,27485.0
2026-08-04T15:55:00-04:00,78.61,78.8075,78.572,78.61,101750.0
2026-08-05T09:30:00-04:00,82.595,83.95,82.4801,82.91,188047.0
2026-08-05T09:35:00-04:00,82.91,82.93,82.019997,82.53,46600.0
2026-08-05T09:40:00-04:00,82.53,83.0,82.32,82.9,50071.0
2026-08-05T09:45:00-04:00,83.0,83.095001,82.71,82.9325,24723.0
2026-08-05T09:50:00-04:00,82.99,83.49,82.8,83.4794,30283.0
2026-08-05T09:55:00-04:00,83.49,83.68,83.325,83.5918,28499.0
2026-08-05T10:00:00-04:00,83.54,83.54,83.13,83.44,34636.0
2026-08-05T10:05:00-04:00,83.6,84.11,83.57,83.925,20311.0
2026-08-05T10:10:00-04:00,83.96,84.31,83.96,84.31,17272.0
2026-08-05T10:15:00-04:00,84.27955,84.62,84.27955,84.43,83323.0
2026-08-05T10:20:00-04:00,84.35,84.43,83.93,84.325,28505.0
2026-08-05T10:25:00-04:00,84.28,84.54,84.28,84.28,19248.0
2026-08-05T10:30:00-04:00,84.33,84.33,83.96,84.050003,15648.0
2026-08-05T10:35:00-04:00,84.095001,84.3803,83.84,83.86,52088.0
2026-08-05T10:40:00-04:00,83.89,84.23,83.84,84.21,15401.0
2026-08-05T10:45:00-04:00,84.25,84.57,84.19,84.57,26128.0
2026-08-05T10:50:00-04:00,84.55,84.57,83.65,84.13,34365.0
2026-08-05T10:55:00-04:00,84.125,84.3699,83.92,83.96,36351.0
2026-08-05T11:00:00-04:00,83.97,84.5,83.9,84.34,23133.0
2026-08-05T11:05:00-04:00,84.41,84.545,84.35,84.49,11274.0
2026-08-05T11:10:00-04:00,84.5999,84.67,84.43,84.44,19512.0
2026-08-05T11:15:00-04:00,84.45,84.6063,84.15,84.6057,39349.0
2026-08-05T11:20:00-04:00,84.6,84.71,84.49,84.6649,20798.0
2026-08-05T11:25:00-04:00,84.65,84.79,84.51,84.51,10745.0
2026-08-05T11:30:00-04:00,84.58,84.685,84.28,84.31,26329.0
2026-08-05T11:35:00-04:00,84.37,84.59,84.32,84.59,9928.0
2026-08-05T11:40:00-04:00,84.51,84.525,84.2608,84.28,15006.0
2026-08-05T11:45:00-04:00,84.27,84.388,84.23,84.245,12596.0
2026-08-05T11:50:00-04:00,84.26,84.26,83.97,84.029999,32864.0
2026-08-05T11:55:00-04:00,83.98,83.98,83.71,83.81,8925.0
2026-08-05T12:00:00-04:00,83.77,84.029999,83.62,83.62,24462.0
2026-08-05T12:05:00-04:00,83.64,83.75,83.6,83.74,19182.0
2026-08-05T12:10:00-04:00,83.765,83.84,83.51,83.69,23904.0
2026-08-05T12:15:00-04:00,83.81,84.010002,83.77,83.92,6001.0
2026-08-05T12:20:00-04:00,84.019997,84.1129,83.95,83.95,5867.0
2026-08-05T12:25:00-04:00,83.98,84.23,83.98,84.19,18919.0
2026-08-05T12:30:00-04:00,84.23,84.2499,83.99,84.059998,18145.0
2026-08-05T12:35:00-04:00,84.089996,84.18,83.9542,84.080002,10697.0
2026-08-05T12:40:00-04:00,84.099998,84.11,83.8814,83.95,14523.0
2026-08-05T12:45:00-04:00,83.9,83.94,83.82648,83.85,19856.0
2026-08-05T12:50:00-04:00,83.88,84.050003,83.88,84.050003,3939.0
2026-08-05T12:55:00-04:00,84.025002,84.025002,83.89,83.9,5036.0
2026-08-05T13:00:00-04:00,83.9,83.94,83.71,83.73,23616.0
2026-08-05T13:05:00-04:00,83.74,83.77,83.56,83.56,19674.0
2026-08-05T13:10:00-04:00,83.5,83.65,83.46,83.52,6907.0
2026-08-05T13:15:00-04:00,83.5,83.61,83.495,83.565,8682.0
2026-08-05T13:20:00-04:00,83.52,83.565,83.44,83.45,4380.0
2026-08-05T13:25:00-04:00,83.44,83.6384,83.44,83.62,11363.0
2026-08-05T13:30:00-04:00,83.54,83.725,83.47,83.69,9902.0
2026-08-05T13:35:00-04:00,83.74,83.87,83.7,83.85,5358.0
2026-08-05T13:40:00-04:00,83.86,83.9,83.71,83.73,19321.0
2026-08-05T13:45:00-04:00,83.68,84.0,83.68,83.97,9635.0
2026-08-05T13:50:00-04:00,83.98,83.98,83.84,83.84,7629.0
2026-08-05T13:55:00-04:00,83.8,83.89,83.76,83.775,6413.0
2026-08-05T14:00:00-04:00,83.77,83.86,83.64,83.75,9590.0
2026-08-05T14:05:00-04:00,83.7226,83.755,83.69,83.755,2865.0
2026-08-05T14:10:00-04:00,83.79,83.83,83.52,83.54,11435.0
2026-08-05T14:15:00-04:00,83.52,83.77,83.5,83.67,8081.0
2026-08-05T14:20:00-04:00,83.759,83.86,83.73,83.73,8396.0
2026-08-05T14:25:00-04:00,83.78,83.85,83.74,83.82,9416.0
2026-08-05T14:30:00-04:00,83.79,83.83,83.42,83.45,27431.0
2026-08-05T14:35:00-04:00,83.43,83.48,83.36,83.38,7258.0
2026-08-05T14:40:00-04:00,83.4,83.49,83.38,83.43,12688.0
2026-08-05T14:45:00-04:00,83.4354,83.6,83.43,83.49,10591.0
2026-08-05T14:50:00-04:00,83.54,83.58,83.51,83.56,4598.0
2026-08-05T14:55:00-04:00,83.61,83.62,83.53,83.56,8520.0
2026-08-05T15:00:00-04:00,83.53,83.83,83.53,83.8099,22041.0
2026-08-05T15:05:00-04:00,83.84,83.98,83.74,83.93,20263.0
2026-08-05T15:10:00-04:00,83.91,84.089996,83.85,84.050003,21031.0
2026-08-05T15:15:00-04:00,83.98,84.069504,83.88,83.905,13093.0
2026-08-05T15:20:00-04:00,83.93,84.07,83.92,84.010002,19457.0
2026-08-05T15:25:00-04:00,84.050003,84.103,84.029999,84.080002,12770.0
2026-08-05T15:30:00-04:00,84.080002,84.11,83.94,83.98,35582.0
2026-08-05T15:35:00-04:00,83.955,84.0,83.9,83.97,21575.0
2026-08-05T15:40:00-04:00,84.0,84.155,83.8201,83.95,25764.0
2026-08-05T15:45:00-04:00,83.94,83.95,83.68,83.74,22126.0
2026-08-05T15:50:00-04:00,83.74,83.811,83.655,83.77,42246.0
2026-08-05T15:55:00-04:00,83.7795,83.935,83.63,83.63,105131.0
2026-08-06T09:30:00-04:00,82.44,82.7,81.83,82.165,105111.0
2026-08-06T09:35:00-04:00,82.24,83.3,82.24,83.16,36889.0
2026-08-06T09:40:00-04:00,83.22,83.78,83.15,83.56,14459.0
2026-08-06T09:45:00-04:00,83.34,83.81,83.2701,83.585,12053.0
2026-08-06T09:50:00-04:00,83.43,83.47,83.23,83.4,17779.0
2026-08-06T09:55:00-04:00,83.37,83.5,83.17,83.28,48033.0
2026-08-06T10:00:00-04:00,83.42,83.54,83.27,83.37,18515.0
2026-08-06T10:05:00-04:00,83.3427,83.71,83.3427,83.45,8673.0
2026-08-06T10:10:00-04:00,83.56,83.9147,83.56,83.6975,10576.0
2026-08-06T10:15:00-04:00,83.78,83.78,83.6,83.63,6776.0
2026-08-06T10:20:00-04:00,83.62,83.6901,83.13,83.18,23423.0
2026-08-06T10:25:00-04:00,83.23,83.26,83.0,83.059998,8219.0
2026-08-06T10:30:00-04:00,83.065002,83.5015,83.065002,83.5015,6316.0
2026-08-06T10:35:00-04:00,83.35,83.72,83.33,83.63,11866.0
2026-08-06T10:40:00-04:00,83.49,84.059998,83.49,83.99,10316.0
2026-08-06T10:45:00-04:00,83.91,83.9499,83.68,83.73,33780.0
2026-08-06T10:50:00-04:00,83.75,84.16,83.65,84.16,16117.0
2026-08-06T10:55:00-04:00,84.13,84.2328,83.83,83.86,6919.0
2026-08-06T11:00:00-04:00,84.0,84.059998,83.51,83.72,10138.0
2026-08-06T11:05:00-04:00,83.7282,83.91,83.715,83.78,6749.0
2026-08-06T11:10:00-04:00,83.87,83.89,83.64,83.69,6797.0
2026-08-06T11:15:00-04:00,83.7,83.76,83.5504,83.65,23771.0
2026-08-06T11:20:00-04:00,83.65,83.66,83.4,83.41,11431.0
2026-08-06T11:25:00-04:00,83.51,83.72,83.47,83.51,8597.0
2026-08-06T11:30:00-04:00,83.53,83.53,83.135,83.135,12412.0
2026-08-06T11:35:00-04:00,83.12,83.26,83.019997,83.125,24009.0
2026-08-06T11:40:00-04:00,83.135,83.135,82.9,82.985,8201.0
2026-08-06T11:45:00-04:00,83.040001,83.23,82.94,83.23,5076.0
2026-08-06T11:50:00-04:00,83.05,83.050003,82.815,82.815,4743.0
2026-08-06T11:55:00-04:00,82.59,82.84,82.58,82.63,10839.0
2026-08-06T12:00:00-04:00,82.63,82.66,82.39,82.39,10795.0
2026-08-06T12:05:00-04:00,82.52,82.799,82.48,82.74,26614.0
2026-08-06T12:10:00-04:00,82.87,82.9499,82.55,82.59,3602.0
2026-08-06T12:15:00-04:00,82.49,82.49,82.2974,82.32,2346.0
2026-08-06T12:20:00-04:00,82.33,82.51,82.17,82.26,15647.0
2026-08-06T12:25:00-04:00,82.3,82.475,82.3,82.475,3103.0
2026-08-06T12:30:00-04:00,82.55,82.75,82.55,82.7,4467.0
2026-08-06T12:35:00-04:00,82.75,82.9895,82.75,82.9627,7434.0
2026-08-06T12:40:00-04:00,82.9899,83.019997,82.86,82.86,3703.0
2026-08-06T12:45:00-04:00,82.94,82.9489,82.73,82.91,6890.0
2026-08-06T12:50:00-04:00,82.96,83.099998,82.91,82.99,4385.0
2026-08-06T12:55:00-04:00,83.1146,83.27,83.07,83.22,4623.0
2026-08-06T13:00:00-04:00,83.28,83.3599,83.18,83.3,7359.0
2026-08-06T13:05:00-04:00,83.29,83.33,83.15,83.26,13811.0
2026-08-06T13:10:00-04:00,83.36,83.37,83.29,83.29,4175.0
2026-08-06T13:15:00-04:00,83.07,83.24,83.07,83.24,4172.0
2026-08-06T13:20:00-04:00,83.3311,83.3311,83.1501,83.17,6953.0
2026-08-06T13:25:00-04:00,83.28,83.31,83.25,83.28,4892.0
2026-08-06T13:30:00-04:00,83.22,83.32,83.12,83.12,2064.0
2026-08-06T13:35:00-04:00,83.29,83.3099,83.18,83.3099,5350.0
2026-08-06T13:40:00-04:00,83.245,83.3,83.21,83.28,5035.0
2026-08-06T13:45:00-04:00,83.24,83.4197,83.24,83.33,5330.0
2026-08-06T13:50:00-04:00,83.355,83.54,83.35,83.46,10319.0
2026-08-06T13:55:00-04:00,83.42,83.55,83.39,83.55,3950.0
2026-08-06T14:00:00-04:00,83.53,83.56,83.32,83.37,6390.0
2026-08-06T14:05:00-04:00,83.385,83.5,83.35,83.5,8120.0
2026-08-06T14:10:00-04:00,83.505,83.51,83.325,83.43,7934.0
2026-08-06T14:15:00-04:00,83.44,83.54,83.34,83.505,7023.0
2026-08-06T14:20:00-04:00,83.54,83.61,83.37,83.46,12526.0
2026-08-06T14:25:00-04:00,83.44,83.54,83.44,83.54,4491.0
2026-08-06T14:30:00-04:00,83.46,83.52,83.2005,83.24,7049.0
2026-08-06T14:35:00-04:00,83.27,83.315,83.23,83.26,7814.0
2026-08-06T14:40:00-04:00,83.25,83.26,83.14,83.21,5176.0
2026-08-06T14:45:00-04:00,83.23,83.3,83.165,83.165,4125.0
2026-08-06T14:50:00-04:00,83.12,83.2,83.089996,83.165,8994.0
2026-08-06T14:55:00-04:00,83.17,83.25,83.165,83.21,4832.0
2026-08-06T15:00:00-04:00,83.21,83.325,83.19,83.28,6431.0
2026-08-06T15:05:00-04:00,83.25,83.3,83.21,83.275,3176.0
2026-08-06T15:10:00-04:00,83.335,83.4,83.195,83.195,21843.0
2026-08-06T15:15:00-04:00,83.2,83.23,83.089996,83.12,6615.0
2026-08-06T15:20:00-04:00,83.18,83.26,82.97,82.97,143443.0
2026-08-06T15:25:00-04:00,82.96,83.059998,82.9,82.97,4844.0
2026-08-06T15:30:00-04:00,82.98,83.080002,82.885,83.019997,13198.0
2026-08-06T15:35:00-04:00,82.98,82.98,82.755,82.755,22552.0
2026-08-06T15:40:00-04:00,82.812,82.825,82.54,82.54,13457.0
2026-08-06T15:45:00-04:00,82.63,82.87,82.63,82.83,13005.0
2026-08-06T15:50:00-04:00,82.86,83.26,82.81,83.19,28516.0
2026-08-06T15:55:00-04:00,83.15,83.28,83.07,83.21,79937.0
2026-08-07T09:30:00-04:00,88.22,88.97,87.94,88.36,217840.0
2026-08-07T09:35:00-04:00,88.435,89.0,88.3,89.0,48617.0
2026-08-07T09:40:00-04:00,88.96,89.13,88.71,88.72,37153.0
2026-08-07T09:45:00-04:00,88.74,89.13,88.4926,88.95,86640.0
2026-08-07T09:50:00-04:00,89.019997,89.25,88.73,89.25,39968.0
2026-08-07T09:55:00-04:00,89.2,89.22,88.5303,88.835,51888.0
2026-08-07T10:00:00-04:00,88.88,88.88,87.94,87.9403,42678.0
2026-08-07T10:05:00-04:00,87.92,88.19,87.795,87.98,20524.0
2026-08-07T10:10:00-04:00,88.11,88.26,87.5,87.705,16161.0
2026-08-07T10:15:00-04:00,87.62,88.56,87.42,88.56,105065.0
2026-08-07T10:20:00-04:00,88.495,88.58,87.945,88.07,55593.0
2026-08-07T10:25:00-04:00,88.084999,88.32,88.029999,88.089996,22743.0
2026-08-07T10:30:00-04:00,88.080002,88.080002,87.58,87.705,9665.0
2026-08-07T10:35:00-04:00,87.73,87.88,87.62,87.65,17627.0
2026-08-07T10:40:00-04:00,87.64,87.935,87.63,87.72,9941.0
2026-08-07T10:45:00-04:00,87.73,87.9888,87.6,87.736,10700.0
2026-08-07T10:50:00-04:00,87.66,87.85,87.595,87.7,17242.0
2026-08-07T10:55:00-04:00,87.76,87.795,87.5,87.54,13438.0
2026-08-07T11:00:00-04:00,87.6,87.98,87.5701,87.975,10555.0
2026-08-07T11:05:00-04:00,87.93,88.33,87.8767,88.272,23399.0
2026-08-07T11:10:00-04:00,88.32,88.64,88.2,88.62,29694.0
2026-08-07T11:15:00-04:00,88.51,88.59,88.31,88.31,17633.0
2026-08-07T11:20:00-04:00,88.34,88.52,88.34,88.36,12016.0
2026-08-07T11:25:00-04:00,88.47,88.6,88.46,88.485,19666.0
2026-08-07T11:30:00-04:00,88.46,88.48,88.24,88.275,17454.0
2026-08-07T11:35:00-04:00,88.22,88.3343,88.17,88.25,9424.0
2026-08-07T11:40:00-04:00,88.29,88.29,87.96,87.96,8148.0
2026-08-07T11:45:00-04:00,87.93,88.13,87.9,88.13,9867.0
2026-08-07T11:50:00-04:00,88.1774,88.22,87.86,88.010002,14263.0
2026-08-07T11:55:00-04:00,88.0049973,88.15,88.0049973,88.11,10798.0
2026-08-07T12:00:00-04:00,88.089996,88.255,88.019997,88.235,14097.0
2026-08-07T12:05:00-04:00,88.38,88.57,88.35,88.54,21408.0
2026-08-07T12:10:00-04:00,88.58,88.6,88.39,88.4,30698.0
2026-08-07T12:15:00-04:00,88.47,88.54,88.31,88.315,22815.0
2026-08-07T12:20:00-04:00,88.2501,88.475,88.17,88.2,16885.0
2026-08-07T12:25:00-04:00,88.15,88.15,87.95,88.044998,10316.0
2026-08-07T12:30:00-04:00,88.010002,88.010002,87.73,87.85,18049.0
2026-08-07T12:35:00-04:00,87.79,87.8863,87.675,87.73,10735.0
2026-08-07T12:40:00-04:00,87.765,87.87,87.61,87.69,8841.0
2026-08-07T12:45:00-04:00,87.69,87.78,87.64,87.77,7381.0
2026-08-07T12:50:00-04:00,87.82,87.83,87.33,87.395,9256.0
2026-08-07T12:55:00-04:00,87.39,87.39,87.089996,87.089996,29583.0
2026-08-07T13:00:00-04:00,87.125,87.385,86.9853,87.37,16211.0
2026-08-07T13:05:00-04:00,87.48,87.59,87.47,87.5,6854.0
2026-08-07T13:10:00-04:00,87.5692,87.67,87.4,87.49,7535.0
2026-08-07T13:15:00-04:00,87.455,87.6272,87.39,87.53,7219.0
2026-08-07T13:20:00-04:00,87.625,87.74,87.56,87.74,11533.0
2026-08-07T13:25:00-04:00,87.71,87.84,87.68,87.83,6286.0
2026-08-07T13:30:00-04:00,87.77,87.81,87.53,87.59,18013.0
2026-08-07T13:35:00-04:00,87.55,87.71,87.44,87.71,11076.0
2026-08-07T13:40:00-04:00,87.7025,87.8195,87.67,87.685,12537.0
2026-08-07T13:45:00-04:00,87.69,87.8,87.6846,87.73,8263.0
2026-08-07T13:50:00-04:00,87.77,87.87,87.76,87.8138,11596.0
2026-08-07T13:55:00-04:00,87.83,87.8583,87.74,87.74,9439.0
2026-08-07T14:00:00-04:00,87.75,87.79,87.655,87.73,12654.0
2026-08-07T14:05:00-04:00,87.72,87.77,87.58,87.65,11001.0
2026-08-07T14:10:00-04:00,87.655,87.72,87.3949,87.47,15767.0
2026-08-07T14:15:00-04:00,87.48,87.59,87.48,87.49,13403.0
2026-08-07T14:20:00-04:00,87.49,87.57,87.34,87.39,17672.0
2026-08-07T14:25:00-04:00,87.39,87.49,87.38,87.48,8758.0
2026-08-07T14:30:00-04:00,87.49,87.62,87.44,87.59,27037.0
2026-08-07T14:35:00-04:00,87.61,87.8115,87.61,87.69,22210.0
2026-08-07T14:40:00-04:00,87.62,87.64,87.48,87.51,14488.0
2026-08-07T14:45:00-04:00,87.52,87.76,87.52,87.71,23138.0
2026-08-07T14:50:00-04:00,87.74,87.74,87.61,87.63,22925.0
2026-08-07T14:55:00-04:00,87.64,87.74,87.49,87.74,32886.0
2026-08-07T15:00:00-04:00,87.76,88.2,87.75,87.91,39097.0
2026-08-07T15:05:00-04:00,87.95,88.3295,87.95,88.31,22149.0
2026-08-07T15:10:00-04:00,88.33,88.37,88.29,88.32,18983.0
2026-08-07T15:15:00-04:00,88.325,88.5,88.3,88.42,34441.0
2026-08-07T15:20:00-04:00,88.42,88.635,88.33,88.35,126574.0
2026-08-07T15:25:00-04:00,88.34,88.56,88.32,88.5495,32396.0
2026-08-07T15:30:00-04:00,88.54,88.54,88.28,88.31,23612.0
2026-08-07T15:35:00-04:00,88.2884,88.35,88.23,88.29,29314.0
2026-08-07T15:40:00-04:00,88.3,88.4299,88.21,88.35,54168.0
2026-08-07T15:45:00-04:00,88.345,88.55,88.3,88.525,45846.0
2026-08-07T15:50:00-04:00,88.52,88.74,88.52,88.56,87944.0
2026-08-07T15:55:00-04:00,88.555,88.625,88.41,88.51,171311.0
2026-08-10T09:30:00-04:00,88.25,88.395,87.79,88.059998,62003.0
2026-08-10T09:35:00-04:00,87.98,88.4,87.9,88.010002,54362.0
2026-08-10T09:40:00-04:00,87.99162,88.26,87.75,87.75,15162.0
2026-08-10T09:45:00-04:00,87.78,87.86,87.465,87.54,14318.0
2026-08-10T09:50:00-04:00,87.59,87.71,87.17,87.4116,11210.0
2026-08-10T09:55:00-04:00,87.43,87.4599,87.18,87.32,6092.0
2026-08-10T10:00:00-04:00,87.3,87.83,87.3,87.5438,15774.0
2026-08-10T10:05:00-04:00,87.6,87.84,87.56,87.665,9624.0
2026-08-10T10:10:00-04:00,87.67,88.14,87.67,88.14,12978.0
2026-08-10T10:15:00-04:00,88.12,88.5237,88.0401,88.415,10216.0
2026-08-10T10:20:00-04:00,88.39,88.66,88.24,88.6,14471.0
2026-08-10T10:25:00-04:00,88.61,89.17,88.6,89.0998,18766.0
2026-08-10T10:30:00-04:00,89.099998,89.38,89.019997,89.24,18272.0
2026-08-10T10:35:00-04:00,89.080002,89.245,89.040001,89.11,8725.0
2026-08-10T10:40:00-04:00,89.084999,89.5,89.040001,89.43,19829.0
2026-08-10T10:45:00-04:00,89.38,89.59,89.38,89.49,44152.0
2026-08-10T10:50:00-04:00,89.47,89.47,89.11,89.11,12727.0
2026-08-10T10:55:00-04:00,89.145,89.24,88.88,88.88,8109.0
2026-08-10T11:00:00-04:00,89.029999,89.45,88.95,89.315,19564.0
2026-08-10T11:05:00-04:00,89.305,89.62,89.285,89.31,12559.0
2026-08-10T11:10:00-04:00,89.38,89.61,89.27,89.5,10549.0
2026-08-10T11:15:00-04:00,89.51,89.6986,89.45,89.54,24188.0
2026-08-10T11:20:00-04:00,89.57,89.66,89.45,89.53,28794.0
2026-08-10T11:25:00-04:00,89.5,89.53,89.28,89.38,11009.0
2026-08-10T11:30:00-04:00,89.4,89.505,89.28,89.32,10406.0
2026-08-10T11:35:00-04:00,89.285,89.49,89.25,89.25,10471.0
2026-08-10T11:40:00-04:00,89.29,89.4499,89.2802,89.43,8812.0
2026-08-10T11:45:00-04:00,89.42,89.59,89.35,89.55,9515.0
2026-08-10T11:50:00-04:00,89.55,89.8,89.55,89.71,12085.0
2026-08-10T11:55:00-04:00,89.71,89.98,89.68,89.87,22808.0
2026-08-10T12:00:00-04:00,89.88,89.97,89.72,89.75,17668.0
2026-08-10T12:05:00-04:00,89.78,89.95,89.715,89.95,33270.0
2026-08-10T12:10:00-04:00,89.95,89.96,89.77,89.77,7018.0
2026-08-10T12:15:00-04:00,89.74,89.88,89.63,89.77,7997.0
2026-08-10T12:20:00-04:00,89.82,89.95,89.755,89.91,12440.0
2026-08-10T12:25:00-04:00,89.92,90.010002,89.92,89.96,13546.0
2026-08-10T12:30:00-04:00,89.95,89.96,89.5,89.76,37501.0
2026-08-10T12:35:00-04:00,89.8299,89.9,89.66,89.66,6623.0
2026-08-10T12:40:00-04:00,89.68,89.68,89.34,89.51,6475.0
2026-08-10T12:45:00-04:00,89.47,89.59,89.41,89.46,5219.0
2026-08-10T12:50:00-04:00,89.50622,89.54,89.34,89.44,10306.0
2026-08-10T12:55:00-04:00,89.465,89.51,89.32,89.46,6988.0
2026-08-10T13:00:00-04:00,89.475,89.52,89.34,89.3957,8478.0
2026-08-10T13:05:00-04:00,89.36,89.505,89.31,89.48,6360.0
2026-08-10T13:10:00-04:00,89.52,89.55,89.44,89.49,6249.0
2026-08-10T13:15:00-04:00,89.5121,89.56,89.46,89.56,8740.0
2026-08-10T13:20:00-04:00,89.55,89.6,89.49,89.56,6786.0
2026-08-10T13:25:00-04:00,89.575,89.81,89.55,89.765,10372.0
2026-08-10T13:30:00-04:00,89.81,89.91,89.81,89.91,8946.0
2026-08-10T13:35:00-04:00,89.905,89.92,89.7821,89.89,9964.0
2026-08-10T13:40:00-04:00,89.88,89.94,89.76,89.8,12278.0
2026-08-10T13:45:00-04:00,89.76,89.85,89.73,89.83,9145.0
2026-08-10T13:50:00-04:00,89.89,89.96,89.86,89.915,14216.0
2026-08-10T13:55:00-04:00,89.95,89.9799,89.92,89.96,5404.0
2026-08-10T14:00:00-04:00,90.0,90.050003,89.835,89.95,9755.0
2026-08-10T14:05:00-04:00,89.93,90.07,89.93,90.0,29016.0
2026-08-10T14:10:00-04:00,90.019997,90.040001,89.87,89.9,8261.0
2026-08-10T14:15:00-04:00,89.86,89.9,89.8,89.87,18071.0
2026-08-10T14:20:00-04:00,89.85,89.9,89.79,89.79,16661.0
2026-08-10T14:25:00-04:00,89.81,89.88,89.77,89.82,15132.0
2026-08-10T14:30:00-04:00,89.805,90.1499,89.805,90.11,23277.0
2026-08-10T14:35:00-04:00,90.1395,90.21,90.050003,90.1684,8887.0
2026-08-10T14:40:00-04:00,90.23,90.39,90.23,90.3048,45148.0
2026-08-10T14:45:00-04:00,90.24,90.38,90.17,90.36,6971.0
2026-08-10T14:50:00-04:00,90.36,90.43,90.265,90.3,6751.0
2026-08-10T14:55:00-04:00,90.3025,90.43,90.2,90.42,13055.0
2026-08-10T15:00:00-04:00,90.43,90.47,90.33,90.4195,42256.0
2026-08-10T15:05:00-04:00,90.42,90.535,90.4,90.495,9881.0
2026-08-10T15:10:00-04:00,90.505,90.6,90.46,90.56,9290.0
2026-08-10T15:15:00-04:00,90.56,90.73,90.52,90.64,25446.0
2026-08-10T15:20:00-04:00,90.66,90.76,90.61,90.73,28319.0
2026-08-10T15:25:00-04:00,90.73,90.78,90.56,90.625,32806.0
2026-08-10T15:30:00-04:00,90.63,90.6799,90.54,90.62,16408.0
2026-08-10T15:35:00-04:00,90.6,90.71,90.52,90.71,16162.0
2026-08-10T15:40:00-04:00,90.69,90.7755,90.6801,90.71,34680.0
2026-08-10T15:45:00-04:00,90.72,90.8899,90.68,90.87,50250.0
2026-08-10T15:50:00-04:00,90.84,90.84,90.5825,90.5825,45133.0
2026-08-10T15:55:00-04:00,90.58,90.58,90.26,90.32,108210.0
2026-08-11T09:30:00-04:00,90.16,90.39,89.63,89.695,78791.0
2026-08-11T09:35:00-04:00,89.61,90.5,89.5311,90.33,31107.0
2026-08-11T09:40:00-04:00,90.4,91.07,90.26,90.89,41414.0
2026-08-11T09:45:00-04:00,90.93,91.1299,90.3,90.35,41278.0
2026-08-11T09:50:00-04:00,90.32,90.67,90.050003,90.099998,28756.0
2026-08-11T09:55:00-04:00,90.18,90.515,90.11,90.235,22290.0
2026-08-11T10:00:00-04:00,90.2,90.3925,89.99,90.080002,20625.0
2026-08-11T10:05:00-04:00,90.14,90.3351,90.12,90.225,27163.0
2026-08-11T10:10:00-04:00,90.37,90.549,90.13,90.25,5509.0
2026-08-11T10:15:00-04:00,90.32,90.675,90.2824,90.455,30961.0
2026-08-11T10:20:00-04:00,90.49,90.65,90.2102,90.35,14544.0
2026-08-11T10:25:00-04:00,90.39,90.715,90.37,90.55,10864.0
2026-08-11T10:30:00-04:00,90.46,90.83,90.45,90.83,7641.0
2026-08-11T10:35:00-04:00,90.88,90.93,90.74,90.74,14140.0
2026-08-11T10:40:00-04:00,90.78,90.95,90.67,90.8,22960.0
2026-08-11T10:45:00-04:00,90.79,90.89,90.6884,90.74,19004.0
2026-08-11T10:50:00-04:00,90.68,90.82,90.64,90.78,11817.0
2026-08-11T10:55:00-04:00,90.8,90.87,90.6,90.64,6550.0
2026-08-11T11:00:00-04:00,90.59106,90.84,90.59,90.78,25135.0
2026-08-11T11:05:00-04:00,90.66,90.74,90.32,90.36,48445.0
2026-08-11T11:10:00-04:00,90.4,90.7,90.335,90.49,38099.0
2026-08-11T11:15:00-04:00,90.41,90.5,90.080299,90.23,19913.0
2026-08-11T11:20:00-04:00,90.22,90.41,90.13,90.2887,10419.0
2026-08-11T11:25:00-04:00,90.29,90.43,90.21,90.35,3599.0
2026-08-11T11:30:00-04:00,90.325,90.44,90.22,90.22,4448.0
2026-08-11T11:35:00-04:00,90.2001,90.3,89.76,89.76,13441.0
2026-08-11T11:40:00-04:00,89.75,90.019997,89.63,89.92,12448.0
2026-08-11T11:45:00-04:00,90.019997,90.099998,89.89,89.93,17787.0
2026-08-11T11:50:00-04:00,89.98,90.16,89.92,90.16,18001.0
2026-08-11T11:55:00-04:00,90.18,90.3009,90.12,90.3,6287.0
2026-08-11T12:00:00-04:00,90.4,90.44,90.26,90.29,6183.0
2026-08-11T12:05:00-04:00,90.29,90.4404,90.225,90.36,6538.0
2026-08-11T12:10:00-04:00,90.3812,90.48,90.3399,90.3399,7337.0
2026-08-11T12:15:00-04:00,90.31,90.31,90.099998,90.099998,2176.0
2026-08-11T12:20:00-04:00,90.11,90.34023,90.11,90.33,3871.0
2026-08-11T12:25:00-04:00,90.3,90.305,90.2,90.2425,2670.0
2026-08-11T12:30:00-04:00,90.22,90.25,90.059998,90.21,4657.0
2026-08-11T12:35:00-04:00,90.2,90.31,90.17,90.19,5070.0
2026-08-11T12:40:00-04:00,90.2,90.27,90.15,90.18,8254.0
2026-08-11T12:45:00-04:00,90.1601,90.23,90.11,90.1624,7920.0
2026-08-11T12:50:00-04:00,90.15,90.18,90.0,90.0,4293.0
2026-08-11T12:55:00-04:00,90.025002,90.23,90.025002,90.23,6369.0
2026-08-11T13:00:00-04:00,90.14,90.235,90.14,90.235,4931.0
2026-08-11T13:05:00-04:00,90.23,90.335,90.17,90.26,26704.0
2026-08-11T13:10:00-04:00,90.23,90.27,90.15,90.2,6533.0
2026-08-11T13:15:00-04:00,90.14,90.2635,90.105,90.2399,6828.0
2026-08-11T13:20:00-04:00,90.2125,90.32,90.16,90.22,5405.0
2026-08-11T13:25:00-04:00,90.22,90.255,90.080002,90.115,4074.0
2026-08-11T13:30:00-04:00,90.1151,90.1151,89.9201,89.9201,3868.0
2026-08-11T13:35:00-04:00,90.014999,90.11,89.965,89.98,5744.0
2026-08-11T13:40:00-04:00,90.0,90.16,89.97,90.040001,5852.0
2026-08-11T13:45:00-04:00,90.029999,90.105,90.0049973,90.079002,4229.0
2026-08-11T13:50:00-04:00,90.07,90.11,89.93,89.935,5560.0
2026-08-11T13:55:00-04:00,89.87,89.95,89.745,89.77,13793.0
2026-08-11T14:00:00-04:00,89.77,89.87,89.665,89.8,14696.0
2026-08-11T14:05:00-04:00,89.85,89.88,89.78,89.82,4523.0
2026-08-11T14:10:00-04:00,89.88,89.91,89.785,89.91,3951.0
2026-08-11T14:15:00-04:00,89.92,90.14,89.92,90.14,5630.0
2026-08-11T14:20:00-04:00,90.11,90.11,89.95,90.019997,7694.0
2026-08-11T14:25:00-04:00,90.029999,90.029999,89.82,89.82,9980.0
2026-08-11T14:30:00-04:00,89.93,90.17,89.93,90.16,14531.0
2026-08-11T14:35:00-04:00,90.16,90.27,90.16,90.19,10759.0
2026-08-11T14:40:00-04:00,90.15,90.2,90.050003,90.16,7865.0
2026-08-11T14:45:00-04:00,90.15,90.28,90.15,90.28,8942.0
2026-08-11T14:50:00-04:00,90.28,90.34,90.25,90.27,16669.0
2026-08-11T14:55:00-04:00,90.25,90.33,90.24,90.33,5776.0
2026-08-11T15:00:00-04:00,90.38,90.389,90.24,90.32,12180.0
2026-08-11T15:05:00-04:00,90.23,90.31,90.18,90.24,17325.0
2026-08-11T15:10:00-04:00,90.32,90.42,90.29,90.31,8161.0
2026-08-11T15:15:00-04:00,90.325,90.385,90.24,90.3,13874.0
2026-08-11T15:20:00-04:00,90.28,90.465,90.265,90.46,9738.0
2026-08-11T15:25:00-04:00,90.455,90.545,90.4,90.53,15825.0
2026-08-11T15:30:00-04:00,90.54,90.64,90.455,90.61,31578.0
2026-08-11T15:35:00-04:00,90.605,90.6599,90.4501,90.55,21363.0
2026-08-11T15:40:00-04:00,90.57,90.58,90.35,90.485,45982.0
2026-08-11T15:45:00-04:00,90.485,90.58,90.45,90.58,17981.0
2026-08-11T15:50:00-04:00,90.58,90.69,90.51,90.69,30010.0
2026-08-11T15:55:00-04:00,90.69,90.89,90.65,90.8,61136.0
2026-08-12T09:30:00-04:00,93.37,93.4,92.19,92.39,132015.0
2026-08-12T09:35:00-04:00,92.17,92.39,91.52,91.55,25971.0
2026-08-12T09:40:00-04:00,91.57,91.95,91.4693,91.825,19928.0
2026-08-12T09:45:00-04:00,91.83,92.3899,91.64,92.19,17285.0
2026-08-12T09:50:00-04:00,92.22,92.41,92.059998,92.12,22326.0
2026-08-12T09:55:00-04:00,92.17,92.27,91.99,92.050003,26171.0
2026-08-12T10:00:00-04:00,92.080002,92.12,91.83,92.099297,137138.0
2026-08-12T10:05:00-04:00,92.1499,92.26,91.89,92.13,22206.0
2026-08-12T10:10:00-04:00,92.14,92.36,92.07,92.07,32265.0
2026-08-12T10:15:00-04:00,92.080002,92.575,92.010002,92.51,36512.0
2026-08-12T10:20:00-04:00,92.51,92.6,92.37,92.54,20070.0
2026-08-12T10:25:00-04:00,92.59,92.6,92.29,92.37,28551.0
2026-08-12T10:30:00-04:00,92.4225,92.5,91.94,92.31,28121.0
2026-08-12T10:35:00-04:00,91.99,92.235,91.885,91.885,7882.0
2026-08-12T10:40:00-04:00,91.895,92.099998,91.82,92.099998,21121.0
2026-08-12T10:45:00-04:00,92.1399,92.369,91.87,91.95,21004.0
2026-08-12T10:50:00-04:00,92.035004,92.035004,91.83,91.97,10996.0
2026-08-12T10:55:00-04:00,91.945,92.0,91.81,91.88,7770.0
2026-08-12T11:00:00-04:00,91.88,92.084801,91.8,91.95,12222.0
2026-08-12T11:05:00-04:00,91.895,92.21,91.895,92.089996,10314.0
2026-08-12T11:10:00-04:00,92.12,92.14,92.010002,92.010002,5951.0
2026-08-12T11:15:00-04:00,92.0,92.0,91.65,91.81,7943.0
2026-08-12T11:20:00-04:00,91.875,91.9,91.675,91.78,4063.0
2026-08-12T11:25:00-04:00,91.78,91.78,91.64,91.68,9431.0
2026-08-12T11:30:00-04:00,91.72,91.835,91.62,91.7251,7709.0
2026-08-12T11:35:00-04:00,91.78,91.83,91.68,91.74,9343.0
2026-08-12T11:40:00-04:00,91.74,91.825,91.66,91.66,5148.0
2026-08-12T11:45:00-04:00,91.695,91.695,91.355,91.3725,6840.0
2026-08-12T11:50:00-04:00,91.37,91.45,91.2,91.45,10568.0
2026-08-12T11:55:00-04:00,91.43,91.635,91.43,91.63,3734.0
2026-08-12T12:00:00-04:00,91.64,91.765,91.55,91.57,6233.0
2026-08-12T12:05:00-04:00,91.64,91.7607,91.41,91.43,12928.0
2026-08-12T12:10:00-04:00,91.46,91.66,91.41,91.615,10808.0
2026-08-12T12:15:00-04:00,91.6,91.72,91.6,91.72,14650.0
2026-08-12T12:20:00-04:00,91.642,91.88,91.642,91.83,7801.0
2026-08-12T12:25:00-04:00,91.83,91.86,91.63,91.63,6139.0
2026-08-12T12:30:00-04:00,91.62,91.62,91.31,91.31,5566.0
2026-08-12T12:35:00-04:00,91.3112,91.53,91.3112,91.405,3809.0
2026-08-12T12:40:00-04:00,91.47,91.47,91.27,91.27,7647.0
2026-08-12T12:45:00-04:00,91.285,91.285,91.0,91.0,8221.0
2026-08-12T12:50:00-04:00,90.955,90.9976,90.83,90.91,9035.0
2026-08-12T12:55:00-04:00,90.9,91.15,90.72,91.15,11952.0
2026-08-12T13:00:00-04:00,91.084999,91.24,91.029999,91.074997,8216.0
2026-08-12T13:05:00-04:00,91.029999,91.22,91.029999,91.17,2430.0
2026-08-12T13:10:00-04:00,91.12,91.18,91.099998,91.125,9879.0
2026-08-12T13:15:00-04:00,91.125,91.255,91.0401,91.2,5560.0
2026-08-12T13:20:00-04:00,91.22,91.46,91.17,91.4,31987.0
2026-08-12T13:25:00-04:00,91.38,91.49,91.38,91.46,4796.0
2026-08-12T13:30:00-04:00,91.445,91.57,91.41,91.54,14260.0
2026-08-12T13:35:00-04:00,91.55,91.56,91.365,91.44,3878.0
2026-08-12T13:40:00-04:00,91.4575,91.49,91.39,91.39,4843.0
2026-08-12T13:45:00-04:00,91.41,91.4499,91.32,91.36,4618.0
2026-08-12T13:50:00-04:00,91.42,91.43,91.23,91.235,7741.0
2026-08-12T13:55:00-04:00,91.25,91.4,91.25,91.27,5791.0
2026-08-12T14:00:00-04:00,91.3,91.33,91.19,91.33,5977.0
2026-08-12T14:05:00-04:00,91.275,91.35,91.2,91.35,3071.0
2026-08-12T14:10:00-04:00,91.37,91.44,91.29,91.36,11289.0
2026-08-12T14:15:00-04:00,91.34,91.455,91.34,91.39,6629.0
2026-08-12T14:20:00-04:00,91.41,91.56,91.37,91.55,7662.0
2026-08-12T14:25:00-04:00,91.58,91.58,91.41,91.41,6865.0
2026-08-12T14:30:00-04:00,91.46,91.5491,91.38,91.48,4573.0
2026-08-12T14:35:00-04:00,91.4,91.65,91.4,91.62,5632.0
2026-08-12T14:40:00-04:00,91.625,91.75,91.625,91.75,4677.0
2026-08-12T14:45:00-04:00,91.72,91.81,91.69,91.74,5531.0
2026-08-12T14:50:00-04:00,91.745,91.82,91.73,91.765,9652.0
2026-08-12T14:55:00-04:00,91.745,91.79,91.68,91.775,11578.0
2026-08-12T15:00:00-04:00,91.71,91.86,91.71,91.81,12682.0
2026-08-12T15:05:00-04:00,91.79,91.89,91.77,91.82,7946.0
2026-08-12T15:10:00-04:00,91.84,91.92,91.8,91.89,6704.0
2026-08-12T15:15:00-04:00,91.92,91.92,91.86,91.895,11748.0
2026-08-12T15:20:00-04:00,91.89,91.89,91.77,91.785,14530.0
2026-08-12T15:25:00-04:00,91.78,91.78,91.67,91.71,12384.0
2026-08-12T15:30:00-04:00,91.72,91.72,91.52,91.56,23260.0
2026-08-12T15:35:00-04:00,91.56,91.58,91.37,91.37,24541.0
2026-08-12T15:40:00-04:00,91.34,91.38,91.19,91.33,12345.0
2026-08-12T15:45:00-04:00,91.31,91.32,91.15,91.21,14473.0
2026-08-12T15:50:00-04:00,91.23,91.31,91.14,91.2,24675.0
2026-08-12T15:55:00-04:00,91.18,91.44,91.11,91.34,46014.0
2026-08-13T09:30:00-04:00,89.73,89.75,88.61,88.82,72459.0
2026-08-13T09:35:00-04:00,88.74,89.36,88.74,89.36,7528.0
2026-08-13T09:40:00-04:00,89.41,89.5,89.0,89.18,26734.0
2026-08-13T09:45:00-04:00,89.135,89.21,88.73,88.945,14273.0
2026-08-13T09:50:00-04:00,88.915,89.15,88.915,89.080002,7954.0
2026-08-13T09:55:00-04:00,89.28,89.28,88.53,88.635,29393.0
2026-08-13T10:00:00-04:00,88.64,89.010002,88.64,88.82,17576.0
2026-08-13T10:05:00-04:00,88.9,89.17,88.45,88.49,12978.0
2026-08-13T10:10:00-04:00,88.39,88.445,88.099998,88.29,15583.0
2026-08-13T10:15:00-04:00,88.3,88.6799,88.275,88.44,8570.0
2026-08-13T10:20:00-04:00,88.44,88.6,88.33,88.6,8628.0
2026-08-13T10:25:00-04:00,88.63,88.65,88.21,88.215,7612.0
2026-08-13T10:30:00-04:00,88.17,88.6099,87.8825,88.6099,11613.0
2026-08-13T10:35:00-04:00,88.59,88.6,88.2005,88.4,2423.0
2026-08-13T10:40:00-04:00,88.41,88.4202,88.21,88.37,5424.0
2026-08-13T10:45:00-04:00,88.35,88.96,88.35,88.895,8245.0
2026-08-13T10:50:00-04:00,88.94,89.13,88.81,89.07,7234.0
2026-08-13T10:55:00-04:00,89.125,89.3695,89.059998,89.305,4217.0
2026-08-13T11:00:00-04:00,89.28,89.4,89.0049973,89.039703,3935.0
2026-08-13T11:05:00-04:00,89.014999,89.014999,88.6,88.6,9346.0
2026-08-13T11:10:00-04:00,88.64,88.67,88.45,88.5,14712.0
2026-08-13T11:15:00-04:00,88.49,88.61,88.37,88.47,10559.0
2026-08-13T11:20:00-04:00,88.49,88.75,88.44,88.69,3757.0
2026-08-13T11:25:00-04:00,88.7444,88.7896,88.4701,88.51,20092.0
2026-08-13T11:30:00-04:00,88.575,88.7,88.39,88.39,9174.0
2026-08-13T11:35:00-04:00,88.88,88.91,88.51,88.87,14252.0
2026-08-13T11:40:00-04:00,88.9,88.91,88.62,88.62,3501.0
2026-08-13T11:45:00-04:00,88.57,88.58,88.5135,88.555,3676.0
2026-08-13T11:50:00-04:00,88.53,88.53,88.2401,88.35,2983.0
2026-08-13T11:55:00-04:00,88.31,88.525,88.31,88.505,28322.0
2026-08-13T12:00:00-04:00,88.51,88.55,88.31,88.31,13516.0
2026-08-13T12:05:00-04:00,88.27,88.32,88.15,88.15,3744.0
2026-08-13T12:10:00-04:00,88.11,88.24,87.96,87.96,7027.0
2026-08-13T12:15:00-04:00,87.97,88.019997,87.83,87.96,13665.0
2026-08-13T12:20:00-04:00,87.87,88.029999,87.845,88.019997,11880.0
2026-08-13T12:25:00-04:00,88.010002,88.12,87.92,88.12,30931.0
2026-08-13T12:30:00-04:00,88.19,88.373,88.19,88.37,2746.0
2026-08-13T12:35:00-04:00,88.39,88.4,88.32,88.32,2039.0
2026-08-13T12:40:00-04:00,88.27,88.29,88.2101,88.29,1572.0
2026-08-13T12:45:00-04:00,88.255,88.4,88.24,88.4,4187.0
2026-08-13T12:50:00-04:00,88.405,88.405,88.29,88.3835,2265.0
2026-08-13T12:55:00-04:00,88.44,88.475,88.3715,88.42,13634.0
2026-08-13T13:00:00-04:00,88.44,88.61,88.43,88.53,2222.0
2026-08-13T13:05:00-04:00,88.46,88.7187,88.46,88.64,3703.0
2026-08-13T13:10:00-04:00,88.71,88.7452,88.64,88.64,4181.0
2026-08-13T13:15:00-04:00,88.625,88.625,88.45,88.45,4064.0
2026-08-13T13:20:00-04:00,88.44,88.48,88.41,88.46,3117.0
2026-08-13T13:25:00-04:00,88.47,88.49,88.28,88.32,12683.0
2026-08-13T13:30:00-04:00,88.35,88.4,88.33,88.4,3508.0
2026-08-13T13:35:00-04:00,88.33,88.43,88.27,88.27,4922.0
2026-08-13T13:40:00-04:00,88.28,88.28,88.14,88.14,5901.0
2026-08-13T13:45:00-04:00,88.19,88.3908,88.07,88.15,13630.0
2026-08-13T13:50:00-04:00,88.15,88.255,88.059998,88.215,23633.0
2026-08-13T13:55:00-04:00,88.215,88.23,88.000099182,88.044998,22001.0
2026-08-13T14:00:00-04:00,88.080002,88.1751,88.080002,88.125,25628.0
2026-08-13T14:05:00-04:00,88.125,88.3,88.125,88.27,21628.0
2026-08-13T14:10:00-04:00,88.27,88.4099,88.23,88.4099,24089.0
2026-08-13T14:15:00-04:00,88.41,88.53,88.375,88.53,21594.0
2026-08-13T14:20:00-04:00,88.53,88.575,88.365,88.4,20912.0
2026-08-13T14:25:00-04:00,88.42,88.57,88.39,88.51,23173.0
2026-08-13T14:30:00-04:00,88.58,88.675,88.5,88.64,28849.0
2026-08-13T14:35:00-04:00,88.64,88.64,88.54,88.6,19781.0
2026-08-13T14:40:00-04:00,88.6,88.6599,88.5401,88.575,20645.0
2026-08-13T14:45:00-04:00,88.59,88.73,88.52,88.71,34711.0
2026-08-13T14:50:00-04:00,88.71,88.71,88.59,88.6169,20521.0
2026-08-13T14:55:00-04:00,88.63,88.68,88.615,88.64,25926.0
2026-08-13T15:00:00-04:00,88.63,88.71,88.59,88.6475,31835.0
2026-08-13T15:05:00-04:00,88.645,88.69,88.55,88.62,30409.0
2026-08-13T15:10:00-04:00,88.62,88.66,88.48,88.5325,45396.0
2026-08-13T15:15:00-04:00,88.52,88.6,88.42,88.55,41059.0
2026-08-13T15:20:00-04:00,88.59,88.73,88.5805,88.63,39119.0
2026-08-13T15:25:00-04:00,88.63,88.68,88.56,88.67,50459.0
2026-08-13T15:30:00-04:00,88.665,88.71,88.595,88.65,49449.0
2026-08-13T15:35:00-04:00,88.66,88.81,88.65,88.76,60389.0
2026-08-13T15:40:00-04:00,88.76,88.81,88.5425,88.545,44144.0
2026-08-13T15:45:00-04:00,88.55,88.56,88.45,88.525,85732.0
2026-08-13T15:50:00-04:00,88.5225,88.705,88.5,88.6,96159.0
2026-08-13T15:55:00-04:00,88.64,88.78,88.55,88.65,213588.0
2026-08-14T09:30:00-04:00,89.875,90.7099,89.6,90.69,44989.0
2026-08-14T09:35:00-04:00,90.62,91.26,90.495,91.1099,28786.0
2026-08-14T09:40:00-04:00,91.089996,91.2,90.5315,90.5315,15218.0
2026-08-14T09:45:00-04:00,90.71,90.71,90.00099945,90.295,10239.0
2026-08-14T09:50:00-04:00,90.315,90.7694,90.27,90.62,8213.0
2026-08-14T09:55:00-04:00,90.65,90.779,90.56,90.72,2872.0
2026-08-14T10:00:00-04:00,90.81,91.2899,90.81,91.265,7144.0
2026-08-14T10:05:00-04:00,91.099998,91.235,90.78,90.78,14444.0
2026-08-14T10:10:00-04:00,90.87,91.080002,90.69,90.69,7360.0
2026-08-14T10:15:00-04:00,90.84,90.975,90.6,90.605,11664.0
2026-08-14T10:20:00-04:00,90.51,91.0,90.51,91.0,5739.0
2026-08-14T10:25:00-04:00,91.07,91.25,90.985,90.985,8798.0
2026-08-14T10:30:00-04:00,90.99,91.059998,90.82,90.89,5089.0
2026-08-14T10:35:00-04:00,90.91,90.91,90.785,90.905,2377.0
2026-08-14T10:40:00-04:00,90.8501,90.8501,90.4,90.48,5882.0
2026-08-14T10:45:00-04:00,90.39,90.39,90.07,90.25,5143.0
2026-08-14T10:50:00-04:00,90.18,90.18,90.0,90.019997,20451.0
2026-08-14T10:55:00-04:00,90.059998,90.089996,89.82,90.080002,6759.0
2026-08-14T11:00:00-04:00,90.17,90.46,90.17,90.28,7331.0
2026-08-14T11:05:00-04:00,90.35,90.36,90.165,90.185,19683.0
2026-08-14T11:10:00-04:00,90.18,90.365,90.15,90.19,11599.0
2026-08-14T11:15:00-04:00,90.099998,90.141,89.98,89.98,3866.0
2026-08-14T11:20:00-04:00,89.96,89.97,89.6,89.615,33201.0
2026-08-14T11:25:00-04:00,89.64,89.68,89.51,89.6,8994.0
2026-08-14T11:30:00-04:00,89.64,89.78,89.52,89.56,17160.0
2026-08-14T11:35:00-04:00,89.59,89.635,89.43,89.515,2857.0
2026-08-14T11:40:00-04:00,89.415,89.605,89.36,89.545,7822.0
2026-08-14T11:45:00-04:00,89.55,89.81,89.55,89.73,12514.0
2026-08-14T11:50:00-04:00,89.7199,89.84,89.632,89.7,11491.0
2026-08-14T11:55:00-04:00,89.72,89.905,89.72,89.7328,8996.0
2026-08-14T12:00:00-04:00,89.75,90.0,89.75,89.87,15324.0
2026-08-14T12:05:00-04:00,89.84,89.88,89.63,89.63,14385.0
2026-08-14T12:10:00-04:00,89.64,89.815,89.63,89.815,6241.0
2026-08-14T12:15:00-04:00,89.8,90.105,89.8,90.099998,7885.0
2026-08-14T12:20:00-04:00,90.080002,90.17,90.07,90.14,6209.0
2026-08-14T12:25:00-04:00,90.12,90.12,89.94,90.080002,3150.0
2026-08-14T12:30:00-04:00,89.99,89.99,89.8,89.96,5801.0
2026-08-14T12:35:00-04:00,90.0,90.105,89.9526,90.089996,9573.0
2026-08-14T12:40:00-04:00,90.11,90.12,89.93,89.955,4060.0
2026-08-14T12:45:00-04:00,89.96,89.97,89.87,89.95,12245.0
2026-08-14T12:50:00-04:00,89.94,90.014999,89.88,89.985,6808.0
2026-08-14T12:55:00-04:00,89.9,89.98,89.88,89.96,3794.0
2026-08-14T13:00:00-04:00,89.9,89.985,89.81,89.91,8384.0
2026-08-14T13:05:00-04:00,89.92,89.935,89.845,89.935,2687.0
2026-08-14T13:10:00-04:00,89.94,90.019997,89.91,90.019997,4674.0
2026-08-14T13:15:00-04:00,90.095001,90.095001,89.92,89.92,3252.0
2026-08-14T13:20:00-04:00,89.9,90.090698,89.9,90.046303,5340.0
2026-08-14T13:25:00-04:00,90.0,90.027496,89.8776,89.8776,5014.0
2026-08-14T13:30:00-04:00,89.91,89.95,89.835,89.94,7715.0
2026-08-14T13:35:00-04:00,89.87,89.89,89.665,89.665,6399.0
2026-08-14T13:40:00-04:00,89.68,89.71,89.5875,89.66,8167.0
2026-08-14T13:45:00-04:00,89.64,89.64,89.515,89.56,8192.0
2026-08-14T13:50:00-04:00,89.5,89.535,89.45,89.49,4896.0
2026-08-14T13:55:00-04:00,89.44,89.54,89.44,89.54,7676.0
2026-08-14T14:00:00-04:00,89.54,89.625,89.45,89.57,4393.0
2026-08-14T14:05:00-04:00,89.51,89.54,89.375,89.41,5053.0
2026-08-14T14:10:00-04:00,89.415,89.415,89.315,89.39,5340.0
2026-08-14T14:15:00-04:00,89.39,89.5,89.39,89.46,5400.0
2026-08-14T14:20:00-04:00,89.42,89.57,89.42,89.515,9671.0
2026-08-14T14:25:00-04:00,89.46,89.565,89.445,89.4775,8163.0
2026-08-14T14:30:00-04:00,89.51,89.565,89.42,89.44,12289.0
2026-08-14T14:35:00-04:00,89.3881,89.65,89.3881,89.635,12527.0
2026-08-14T14:40:00-04:00,89.64,89.65,89.425,89.46,9923.0
2026-08-14T14:45:00-04:00,89.41,89.48,89.35,89.445,9454.0
2026-08-14T14:50:00-04:00,89.44,89.55,89.44,89.505,10148.0
2026-08-14T14:55:00-04:00,89.4921,89.4921,89.38,89.41,9150.0
2026-08-14T15:00:00-04:00,89.42,89.49,89.405,89.41,6903.0
2026-08-14T15:05:00-04:00,89.38,89.46,89.335,89.46,7072.0
2026-08-14T15:10:00-04:00,89.43,89.43,89.31,89.31,6746.0
2026-08-14T15:15:00-04:00,89.31,89.37,89.265,89.35,8898.0
2026-08-14T15:20:00-04:00,89.38,89.44,89.38,89.44,6842.0
2026-08-14T15:25:00-04:00,89.415,89.5641,89.415,89.455,13822.0
2026-08-14T15:30:00-04:00,89.48,89.49,89.4,89.48,11243.0
2026-08-14T15:35:00-04:00,89.46,89.46,89.365,89.385,10531.0
2026-08-14T15:40:00-04:00,89.385,89.47,89.335,89.41,13463.0
2026-08-14T15:45:00-04:00,89.41,89.42,89.295,89.42,11876.0
2026-08-14T15:50:00-04:00,89.43,89.6,89.42,89.425,23248.0
2026-08-14T15:55:00-04:00,89.425,89.6,89.375,89.6,55555.0
2026-08-17T09:30:00-04:00,90.099998,90.5,89.53,89.59,38098.0
2026-08-17T09:35:00-04:00,89.59,89.81,89.26,89.78,23015.0
2026-08-17T09:40:00-04:00,89.79,89.97,89.58,89.75,11132.0
2026-08-17T09:45:00-04:00,89.72,90.33,89.56,90.28,28538.0
2026-08-17T09:50:00-04:00,90.305,90.4399,90.13,90.17,101255.0
2026-08-17T09:55:00-04:00,90.12,90.5599,90.070396,90.5599,9956.0
2026-08-17T10:00:00-04:00,90.3169,90.53,90.18,90.47,10314.0
2026-08-17T10:05:00-04:00,90.5,90.56,90.37,90.37,7678.0
2026-08-17T10:10:00-04:00,90.37,90.67,90.29,90.58,10614.0
2026-08-17T10:15:00-04:00,90.67,91.044998,90.58,90.91,38810.0
2026-08-17T10:20:00-04:00,90.9194,91.26,90.78,91.15,16112.0
2026-08-17T10:25:00-04:00,91.145,91.28,90.96,91.055,19219.0
2026-08-17T10:30:00-04:00,91.125,91.5194,91.11,91.4707,34923.0
2026-08-17T10:35:00-04:00,91.4063,91.41,91.105,91.29,8645.0
2026-08-17T10:40:00-04:00,91.405,91.4599,91.31,91.32,5355.0
2026-08-17T10:45:00-04:00,91.23,91.27,90.97,91.081902,13377.0
2026-08-17T10:50:00-04:00,91.19,91.275,91.010002,91.035103,14503.0
2026-08-17T10:55:00-04:00,90.93,91.0299,90.82,90.98,8522.0
2026-08-17T11:00:00-04:00,91.1299,91.1788,91.0,91.15,4987.0
2026-08-17T11:05:00-04:00,91.115,91.115,90.93,90.93,15423.0
2026-08-17T11:10:00-04:00,90.9725,91.14,90.96,91.0,5787.0
2026-08-17T11:15:00-04:00,90.98,91.099998,90.905,91.010002,6048.0
2026-08-17T11:20:00-04:00,91.080002,91.22,91.042503,91.175,5690.0
2026-08-17T11:25:00-04:00,91.24,91.24,90.99,91.2,5242.0
2026-08-17T11:30:00-04:00,91.19,91.19,91.025002,91.080002,3856.0
2026-08-17T11:35:00-04:00,91.12,91.25,91.050003,91.25,5501.0
2026-08-17T11:40:00-04:00,91.2799,91.28,91.11,91.19,4448.0
2026-08-17T11:45:00-04:00,91.175,91.45,91.1404,91.41,23214.0
2026-08-17T11:50:00-04:00,91.425,91.5,91.425,91.5,4540.0
2026-08-17T11:55:00-04:00,91.49,91.49,91.325,91.325,6706.0
2026-08-17T12:00:00-04:00,91.365,91.43,91.365,91.3911,3449.0
2026-08-17T12:05:00-04:00,91.385,91.395,91.33,91.37,5259.0
2026-08-17T12:10:00-04:00,91.31,91.4,91.31,91.31,7182.0
2026-08-17T12:15:00-04:00,91.32,91.47,91.27,91.43,5668.0
2026-08-17T12:20:00-04:00,91.435,91.53,91.345,91.345,11079.0
2026-08-17T12:25:00-04:00,91.31,91.4,91.31,91.37,4009.0
2026-08-17T12:30:00-04:00,91.42,91.435,91.39,91.435,1124.0
2026-08-17T12:35:00-04:00,91.38,91.51,91.38,91.47,3133.0
2026-08-17T12:40:00-04:00,91.485,91.485,91.43,91.43,811.0
2026-08-17T12:45:00-04:00,91.39,91.44,91.33,91.44,3326.0
2026-08-17T12:50:00-04:00,91.455,91.5,91.32,91.37,9658.0
2026-08-17T12:55:00-04:00,91.4,91.47,91.38,91.43,3330.0
2026-08-17T13:00:00-04:00,91.455,91.56,91.45,91.45,4213.0
2026-08-17T13:05:00-04:00,91.42,91.43,91.24,91.29,8011.0
2026-08-17T13:10:00-04:00,91.33,91.33,91.205,91.205,4495.0
2026-08-17T13:15:00-04:00,91.29,91.29,91.135,91.145,4490.0
2026-08-17T13:20:00-04:00,91.12,91.2,91.040001,91.07,16955.0
2026-08-17T13:25:00-04:00,91.11,91.1199,90.98,91.040001,8748.0
2026-08-17T13:30:00-04:00,91.099998,91.099998,90.89,91.059998,13337.0
2026-08-17T13:35:00-04:00,91.0,91.080002,90.87,90.87,6597.0
2026-08-17T13:40:00-04:00,90.89,91.16,90.83,91.16,4314.0
2026-08-17T13:45:00-04:00,91.19,91.23,91.14,91.17,4258.0
2026-08-17T13:50:00-04:00,91.18,91.23,91.089996,91.099998,8547.0
2026-08-17T13:55:00-04:00,91.105,91.105,90.98,90.9899,3759.0
2026-08-17T14:00:00-04:00,91.040001,91.050003,90.75,90.7801,7003.0
2026-08-17T14:05:00-04:00,90.815,90.87,90.75,90.8,5914.0
2026-08-17T14:10:00-04:00,90.76,90.94,90.72,90.94,7881.0
2026-08-17T14:15:00-04:00,90.945,91.099998,90.93,91.07,2196.0
2026-08-17T14:20:00-04:00,91.0,91.040001,90.84,90.865,9244.0
2026-08-17T14:25:00-04:00,90.885,90.91,90.825,90.845,4800.0
2026-08-17T14:30:00-04:00,90.895,90.895,90.63,90.67,4264.0
2026-08-17T14:35:00-04:00,90.68,90.71,90.56,90.7,3202.0
2026-08-17T14:40:00-04:00,90.72,90.76,90.68,90.69,4277.0
2026-08-17T14:45:00-04:00,90.64,90.79,90.6,90.79,6016.0
2026-08-17T14:50:00-04:00,90.76,90.8,90.69,90.7,1997.0
2026-08-17T14:55:00-04:00,90.655,90.8,90.655,90.72,9020.0
2026-08-17T15:00:00-04:00,90.77,90.82,90.595,90.68,8336.0
2026-08-17T15:05:00-04:00,90.66,90.74,90.62,90.71,6545.0
2026-08-17T15:10:00-04:00,90.69,90.84,90.69,90.76,30261.0
2026-08-17T15:15:00-04:00,90.81,91.080002,90.8,91.050003,10467.0
2026-08-17T15:20:00-04:00,91.050003,91.089996,90.93,91.0,22508.0
2026-08-17T15:25:00-04:00,90.99,91.044998,90.92,90.95,8476.0
2026-08-17T15:30:00-04:00,90.94,91.0049973,90.88,90.9,8946.0
2026-08-17T15:35:00-04:00,90.97,91.010002,90.93,91.009903,8648.0
2026-08-17T15:40:00-04:00,90.98,91.029999,90.95,91.029999,12543.0
2026-08-17T15:45:00-04:00,91.0,91.040001,90.955,90.975,10011.0
2026-08-17T15:50:00-04:00,90.94,90.94,90.67,90.68,17807.0
2026-08-17T15:55:00-04:00,90.73,90.78,90.55,90.68,48834.0
2026-08-18T09:30:00-04:00,89.22,89.25,88.5,88.6,54045.0
2026-08-18T09:35:00-04:00,88.74,89.685,88.74,89.66,10957.0
2026-08-18T09:40:00-04:00,89.67,89.75,89.27,89.27,14659.0
2026-08-18T09:45:00-04:00,89.33,89.38,89.010002,89.010002,24199.0
2026-08-18T09:50:00-04:00,89.010002,89.305,88.85,89.205,54283.0
2026-08-18T09:55:00-04:00,89.225,89.35,89.050003,89.050003,21978.0
2026-08-18T10:00:00-04:00,89.26,89.59,89.255,89.44,10616.0
2026-08-18T10:05:00-04:00,89.2489,89.285,88.99,89.0049973,4696.0
2026-08-18T10:10:00-04:00,88.89,88.96,88.66,88.66,6886.0
2026-08-18T10:15:00-04:00,88.76,89.23,88.76,89.18,6222.0
2026-08-18T10:20:00-04:00,89.14,89.33,89.029999,89.33,4732.0
2026-08-18T10:25:00-04:00,89.38,89.3875,89.0718,89.0718,10355.0
2026-08-18T10:30:00-04:00,89.074997,89.175,88.97,88.9825,2862.0
2026-08-18T10:35:00-04:00,88.78,88.9398,88.65,88.65,2154.0
2026-08-18T10:40:00-04:00,88.7,88.7,88.4,88.5,20803.0
2026-08-18T10:45:00-04:00,88.5,88.69,88.45,88.69,6170.0
2026-08-18T10:50:00-04:00,88.57,88.72,88.099998,88.365,13088.0
2026-08-18T10:55:00-04:00,88.36,88.36,87.64,87.7,22653.0
2026-08-18T11:00:00-04:00,87.71,88.1232,87.5425,88.1232,12353.0
2026-08-18T11:05:00-04:00,88.07,88.175,87.485,87.485,9279.0
2026-08-18T11:10:00-04:00,87.45,87.67,87.4,87.52,14154.0
2026-08-18T11:15:00-04:00,87.51,87.685,87.2239,87.2239,8711.0
2026-08-18T11:20:00-04:00,87.22,87.355,87.18,87.31,8809.0
2026-08-18T11:25:00-04:00,87.28,87.45,87.28,87.42,12432.0
2026-08-18T11:30:00-04:00,87.37978,87.6578,87.37978,87.6578,10130.0
2026-08-18T11:35:00-04:00,87.63,87.63,87.4116,87.55,13886.0
2026-08-18T11:40:00-04:00,87.5,87.69,87.5,87.59,4999.0
2026-08-18T11:45:00-04:00,87.68,88.1275,87.67,88.055,8076.0
2026-08-18T11:50:00-04:00,88.0952,88.23,88.0,88.07,4683.0
2026-08-18T11:55:00-04:00,88.21,88.21,88.010002,88.050003,6091.0
2026-08-18T12:00:00-04:00,88.13,88.33,88.13,88.33,3286.0
2026-08-18T12:05:00-04:00,88.31,88.4,88.21,88.285,6115.0
2026-08-18T12:10:00-04:00,88.23,88.29,88.082497,88.082497,7338.0
2026-08-18T12:15:00-04:00,88.050003,88.080002,87.93,88.0,2949.0
2026-08-18T12:20:00-04:00,88.029999,88.14,87.925,88.0,3957.0
2026-08-18T12:25:00-04:00,88.0,88.089996,87.82,87.9099,3938.0
2026-08-18T12:30:00-04:00,87.82,87.95,87.82,87.95,3669.0
2026-08-18T12:35:00-04:00,87.95,87.99,87.875,87.99,2865.0
2026-08-18T12:40:00-04:00,87.94,88.16,87.94,88.13,18855.0
2026-08-18T12:45:00-04:00,88.099998,88.099998,88.019997,88.092598,3513.0
2026-08-18T12:50:00-04:00,88.099998,88.25,88.099998,88.25,1429.0
2026-08-18T12:55:00-04:00,88.23,88.23,88.13,88.13,4358.0
2026-08-18T13:00:00-04:00,88.089996,88.16,88.019997,88.080704,3609.0
2026-08-18T13:05:00-04:00,88.029999,88.059998,88.019997,88.059998,1842.0
2026-08-18T13:10:00-04:00,88.089996,88.089996,87.98,88.0,3515.0
2026-08-18T13:15:00-04:00,87.99,88.065002,87.965,87.99,6924.0
2026-08-18T13:20:00-04:00,88.07,88.07,87.89,88.0049973,8309.0
2026-08-18T13:25:00-04:00,87.97,88.0,87.92,87.96,3755.0
2026-08-18T13:30:00-04:00,87.965,87.98,87.905,87.95,10853.0
2026-08-18T13:35:00-04:00,87.95,87.95,87.83,87.9,4470.0
2026-08-18T13:40:00-04:00,87.82,87.855,87.73,87.74,5973.0
2026-08-18T13:45:00-04:00,87.74,87.74,87.65,87.68,3012.0
2026-08-18T13:50:00-04:00,87.6894,87.7,87.54,87.545,7017.0
2026-08-18T13:55:00-04:00,87.54,87.58,87.52,87.5582,9444.0
2026-08-18T14:00:00-04:00,87.55,87.57,87.46,87.46,4891.0
2026-08-18T14:05:00-04:00,87.48,87.58,87.43,87.55,6835.0
2026-08-18T14:10:00-04:00,87.6,87.6601,87.52,87.65,4427.0
2026-08-18T14:15:00-04:00,87.64,87.74,87.61,87.725,7872.0
2026-08-18T14:20:00-04:00,87.725,87.725,87.5,87.55,3668.0
2026-08-18T14:25:00-04:00,87.56,87.815,87.55,87.815,7026.0
2026-08-18T14:30:00-04:00,87.8,87.85,87.7601,87.785,5123.0
2026-08-18T14:35:00-04:00,87.87,87.98,87.87,87.97,17580.0
2026-08-18T14:40:00-04:00,87.965,87.965,87.77,87.8,5378.0
2026-08-18T14:45:00-04:00,87.84,87.87,87.79,87.82,9089.0
2026-08-18T14:50:00-04:00,87.85,87.85,87.76,87.79,4210.0
2026-08-18T14:55:00-04:00,87.75,87.8458,87.745,87.8,10455.0
2026-08-18T15:00:00-04:00,87.825,87.84,87.67,87.67,22953.0
2026-08-18T15:05:00-04:00,87.675,87.77,87.67,87.715,7531.0
2026-08-18T15:10:00-04:00,87.725,87.84,87.725,87.84,5805.0
2026-08-18T15:15:00-04:00,87.82,87.86,87.73,87.79,12430.0
2026-08-18T15:20:00-04:00,87.76,87.84,87.74,87.8,26836.0
2026-08-18T15:25:00-04:00,87.785,87.88,87.785,87.85,17307.0
2026-08-18T15:30:00-04:00,87.8201,87.9,87.78,87.79,24268.0
2026-08-18T15:35:00-04:00,87.785,87.855,87.685,87.75,18108.0
2026-08-18T15:40:00-04:00,87.71,87.79,87.66,87.67,14837.0
2026-08-18T15:45:00-04:00,87.645,87.71,87.52,87.62,24692.0
2026-08-18T15:50:00-04:00,87.59,87.685,87.48,87.54,31168.0
2026-08-18T15:55:00-04:00,87.57,87.66,87.4,87.48,109694.0
2026-08-19T09:30:00-04:00,92.2,93.225,91.94,92.89,116304.0
2026-08-19T09:35:00-04:00,92.745,93.0,92.0,92.86,49504.0
2026-08-19T09:40:00-04:00,92.85,93.795,92.76,93.63,31938.0
2026-08-19T09:45:00-04:00,93.485,93.6,92.883,92.9196,44451.0
2026-08-19T09:50:00-04:00,93.059998,93.24,92.745,93.15,17481.0
2026-08-19T09:55:00-04:00,93.15,93.87,93.15,93.78,40563.0
2026-08-19T10:00:00-04:00,93.73,93.78,93.51,93.74,25731.0
2026-08-19T10:05:00-04:00,93.75,94.3,93.71,94.13,32758.0
2026-08-19T10:10:00-04:00,94.19,94.2,93.77,93.95,21970.0
2026-08-19T10:15:00-04:00,93.81,94.37,93.78,94.13,18309.0
2026-08-19T10:20:00-04:00,94.07,94.49,94.059998,94.445,22934.0
2026-08-19T10:25:00-04:00,94.5503,95.14,94.46,95.051003,28045.0
2026-08-19T10:30:00-04:00,95.17,95.415,95.13,95.215,35524.0
2026-08-19T10:35:00-04:00,95.18,95.755,95.17,95.755,17628.0
2026-08-19T10:40:00-04:00,95.76,95.9,95.645,95.645,19812.0
2026-08-19T10:45:00-04:00,95.63,95.63,94.965,95.019997,22298.0
2026-08-19T10:50:00-04:00,95.040001,95.4056,95.029999,95.23,9448.0
2026-08-19T10:55:00-04:00,95.3171,95.49,95.29,95.4193,17473.0
2026-08-19T11:00:00-04:00,95.3975,95.4252,95.23,95.31,25042.0
2026-08-19T11:05:00-04:00,95.32,95.57,95.251,95.355,20287.0
2026-08-19T11:10:00-04:00,95.2573,95.49,95.105,95.46,23049.0
2026-08-19T11:15:00-04:00,95.47,95.615,95.33,95.45,24479.0
2026-08-19T11:20:00-04:00,95.45,95.58,95.35,95.365,7991.0
2026-08-19T11:25:00-04:00,95.34,95.8,95.34,95.78,10061.0
2026-08-19T11:30:00-04:00,95.75,95.77,95.5805,95.62,15468.0
2026-08-19T11:35:00-04:00,95.58,95.68,95.49,95.57,33144.0
2026-08-19T11:40:00-04:00,95.57,95.98,95.51,95.98,23178.0
2026-08-19T11:45:00-04:00,95.98,96.19,95.98,96.010002,17866.0
2026-08-19T11:50:00-04:00,95.96,96.07,95.91,95.93,29448.0
2026-08-19T11:55:00-04:00,95.95,96.2,95.95,96.1295,12055.0
2026-08-19T12:00:00-04:00,96.11,96.31,96.059998,96.059998,11083.0
2026-08-19T12:05:00-04:00,96.055,96.18,96.0,96.105,11900.0
2026-08-19T12:10:00-04:00,96.135,96.14,95.955,96.080002,8015.0
2026-08-19T12:15:00-04:00,96.059998,96.099998,95.95,96.0049973,6821.0
2026-08-19T12:20:00-04:00,95.99892,96.11,95.9401,96.029999,4269.0
2026-08-19T12:25:00-04:00,96.019997,96.019997,95.7306,95.7306,5270.0
2026-08-19T12:30:00-04:00,95.79,95.88,95.7,95.79,10328.0
2026-08-19T12:35:00-04:00,95.765,95.765,95.6101,95.705,7428.0
2026-08-19T12:40:00-04:00,95.7,95.71,95.54,95.54,5993.0
2026-08-19T12:45:00-04:00,95.47,95.47,95.21,95.21,23166.0
2026-08-19T12:50:00-04:00,95.175,95.325,95.175,95.2,6764.0
2026-08-19T12:55:00-04:00,95.15,95.16,95.019997,95.059998,5671.0
2026-08-19T13:00:00-04:00,95.089996,95.4199,95.089996,95.34,11920.0
2026-08-19T13:05:00-04:00,95.35,95.45,95.089996,95.14,5947.0
2026-08-19T13:10:00-04:00,95.059998,95.07,94.92,95.059998,17213.0
2026-08-19T13:15:00-04:00,95.0,95.039902,94.62,94.74,12596.0
2026-08-19T13:20:00-04:00,94.76,94.775,94.6,94.65,6670.0
2026-08-19T13:25:00-04:00,94.6004,94.6004,94.4283,94.44,14493.0
2026-08-19T13:30:00-04:00,94.42,94.57,94.34,94.5,12916.0
2026-08-19T13:35:00-04:00,94.465,94.555,94.365,94.385,7030.0
2026-08-19T13:40:00-04:00,94.42,94.61,94.3601,94.53,4185.0
2026-08-19T13:45:00-04:00,94.58,94.725,94.53,94.72,34529.0
2026-08-19T13:50:00-04:00,94.69,94.74,94.63,94.73,15908.0
2026-08-19T13:55:00-04:00,94.65,94.87,94.65,94.845,15360.0
2026-08-19T14:00:00-04:00,94.88,94.98,94.8,94.82,33538.0
2026-08-19T14:05:00-04:00,94.815,94.83,94.42,94.46,19701.0
2026-08-19T14:10:00-04:00,94.34,94.4298,94.25,94.25,7118.0
2026-08-19T14:15:00-04:00,94.23,94.26,94.089996,94.13,16670.0
2026-08-19T14:20:00-04:00,94.125,94.19,94.050003,94.165,4836.0
2026-08-19T14:25:00-04:00,94.175,94.21,94.019997,94.12,19279.0
2026-08-19T14:30:00-04:00,94.12,94.4205,94.11,94.4205,13795.0
2026-08-19T14:35:00-04:00,94.54,94.54,94.4,94.52,12758.0
2026-08-19T14:40:00-04:00,94.6,94.82,94.58,94.82,16744.0
2026-08-19T14:45:00-04:00,94.81,94.93,94.735,94.93,13492.0
2026-08-19T14:50:00-04:00,94.87,94.935,94.785,94.88,12645.0
2026-08-19T14:55:00-04:00,94.88,94.9399,94.87,94.88,14041.0
2026-08-19T15:00:00-04:00,94.865,95.1967,94.86,95.19,17618.0
2026-08-19T15:05:00-04:00,95.225,95.71,95.225,95.71,64294.0
2026-08-19T15:10:00-04:00,95.675,95.7243,95.54,95.68,14051.0
2026-08-19T15:15:00-04:00,95.73,95.88,95.595,95.835,17333.0
2026-08-19T15:20:00-04:00,95.8,95.87,95.605,95.83,20815.0
2026-08-19T15:25:00-04:00,95.84,95.98,95.82,95.88,18368.0
2026-08-19T15:30:00-04:00,95.88,95.94,95.795,95.825,46427.0
2026-08-19T15:35:00-04:00,95.8,95.81,95.66,95.7,55044.0
2026-08-19T15:40:00-04:00,95.71,95.76,95.56,95.66,61130.0
2026-08-19T15:45:00-04:00,95.67,95.735,95.62,95.7,16767.0
2026-08-19T15:50:00-04:00,95.7,95.93,95.67,95.93,64308.0
2026-08-19T15:55:00-04:00,95.905,96.12,95.905,96.0,196318.0
2026-08-20T09:30:00-04:00,94.87,96.4,94.87,96.2476,133249.0
2026-08-20T09:35:00-04:00,96.23,97.57,96.23,97.22,46520.0
2026-08-20T09:40:00-04:00,97.24,97.51,96.91,97.34,46646.0
2026-08-20T09:45:00-04:00,97.435,97.575,96.8,97.1099,36373.0
2026-08-20T09:50:00-04:00,97.044998,97.044998,96.6,96.69,20111.0
2026-08-20T09:55:00-04:00,96.77,96.8134,96.275,96.58,43645.0
2026-08-20T10:00:00-04:00,96.675,97.17,96.45,96.62,34055.0
2026-08-20T10:05:00-04:00,96.44,96.775,96.38,96.775,43236.0
2026-08-20T10:10:00-04:00,96.76,97.050003,96.66,96.75,26604.0
2026-08-20T10:15:00-04:00,96.68,96.885,96.63,96.63,15731.0
2026-08-20T10:20:00-04:00,96.74,97.1799,96.74,97.019997,31824.0
2026-08-20T10:25:00-04:00,97.0,97.040001,96.81,96.84,10096.0
2026-08-20T10:30:00-04:00,97.019997,97.37,97.019997,97.15,22508.0
2026-08-20T10:35:00-04:00,97.13,97.5,97.010002,97.25,15898.0
2026-08-20T10:40:00-04:00,97.285,97.35,96.965,97.35,15935.0
2026-08-20T10:45:00-04:00,97.3,97.7,97.19,97.7,30549.0
2026-08-20T10:50:00-04:00,97.73,97.98,97.68,97.91,35585.0
2026-08-20T10:55:00-04:00,97.9398,98.28,97.92,98.2,55087.0
2026-08-20T11:00:00-04:00,98.18,98.96,98.13,98.78,58457.0
2026-08-20T11:05:00-04:00,98.86,98.86,98.32,98.345,63717.0
2026-08-20T11:10:00-04:00,98.57,98.96,98.205,98.865,23297.0
2026-08-20T11:15:00-04:00,98.81,98.85,98.555,98.835,33043.0
2026-08-20T11:20:00-04:00,98.85,98.88,98.22,98.44,35001.0
2026-08-20T11:25:00-04:00,98.5,98.7499,98.4413,98.66,19491.0
2026-08-20T11:30:00-04:00,98.6175,98.7,98.18,98.265,62748.0
2026-08-20T11:35:00-04:00,98.25,98.3082,97.64,97.64,33417.0
2026-08-20T11:40:00-04:00,97.675,97.77,97.39,97.39,24575.0
2026-08-20T11:45:00-04:00,97.49,97.87,97.445,97.7617,28077.0
2026-08-20T11:50:00-04:00,97.71,97.79,97.615,97.78,34623.0
2026-08-20T11:55:00-04:00,97.8,98.1199,97.76,98.1199,16745.0
2026-08-20T12:00:00-04:00,98.12,98.18,97.79,97.82,16307.0
2026-08-20T12:05:00-04:00,97.86,97.96,97.79,97.91,14054.0
2026-08-20T12:10:00-04:00,97.89,97.93,97.61,97.7,23202.0
2026-08-20T12:15:00-04:00,97.66,97.779,97.61,97.715,21958.0
2026-08-20T12:20:00-04:00,97.7,97.75,97.65,97.7362,16168.0
2026-08-20T12:25:00-04:00,97.71,97.74,97.47,97.5775,14772.0
2026-08-20T12:30:00-04:00,97.5,97.52,97.36,97.52,14209.0
2026-08-20T12:35:00-04:00,97.55,97.7301,97.53,97.65,14125.0
2026-08-20T12:40:00-04:00,97.68,97.79,97.68,97.74,14075.0
2026-08-20T12:45:00-04:00,97.635,97.94,97.635,97.94,14413.0
2026-08-20T12:50:00-04:00,97.95,98.0,97.835,97.88,16792.0
2026-08-20T12:55:00-04:00,97.88,97.975,97.83,97.83,15530.0
2026-08-20T13:00:00-04:00,97.825,97.94,97.75,97.75,28153.0
2026-08-20T13:05:00-04:00,97.75,97.75,97.465,97.49,23425.0
2026-08-20T13:10:00-04:00,97.49,97.55,97.45,97.5,1375113.0
2026-08-20T13:15:00-04:00,97.5,97.5,97.33,97.34,12046.0
2026-08-20T13:20:00-04:00,97.36,97.6,97.35,97.52,14517.0
2026-08-20T13:25:00-04:00,97.58,97.65,97.475,97.63,16431.0
2026-08-20T13:30:00-04:00,97.53,97.8,97.53,97.74,17768.0
2026-08-20T13:35:00-04:00,97.7537,97.77,97.65,97.67,17873.0
2026-08-20T13:40:00-04:00,97.67,97.67,97.6,97.605,12326.0
2026-08-20T13:45:00-04:00,97.61,97.675,97.57,97.58,12941.0
2026-08-20T13:50:00-04:00,97.61,97.65,97.49,97.515,13458.0
2026-08-20T13:55:00-04:00,97.52,97.6,97.46,97.53,30082.0
2026-08-20T14:00:00-04:00,97.52,97.57,97.44,97.44,22293.0
2026-08-20T14:05:00-04:00,97.455,97.455,97.1105,97.13,36869.0
2026-08-20T14:10:00-04:00,97.105,97.105,96.76,96.76,31445.0
2026-08-20T14:15:00-04:00,96.81,97.07,96.71,97.07,15561.0
2026-08-20T14:20:00-04:00,97.07,97.089996,96.975,97.040001,10024.0
2026-08-20T14:25:00-04:00,97.07,97.145,97.040001,97.14,13936.0
2026-08-20T14:30:00-04:00,97.12,97.2,96.93,96.95,37520.0
2026-08-20T14:35:00-04:00,96.93,97.099998,96.9,96.93,40268.0
2026-08-20T14:40:00-04:00,96.94,97.0,96.91,96.9874,12670.0
2026-08-20T14:45:00-04:00,96.96,96.96,96.73,96.77,20165.0
2026-08-20T14:50:00-04:00,96.84,96.9599,96.825,96.9,16602.0
2026-08-20T14:55:00-04:00,96.85,96.92,96.77,96.83,32167.0
2026-08-20T15:00:00-04:00,96.82,97.17,96.77,97.17,20319.0
2026-08-20T15:05:00-04:00,97.18,97.31,97.15,97.2865,14723.0
2026-08-20T15:10:00-04:00,97.3,97.3,97.16,97.25,144256.0
2026-08-20T15:15:00-04:00,97.25,97.25,97.175,97.19,39963.0
2026-08-20T15:20:00-04:00,97.19,97.24,97.029999,97.19,54700.0
2026-08-20T15:25:00-04:00,97.195,97.24,97.14,97.155,21771.0
2026-08-20T15:30:00-04:00,97.14,97.3,97.105,97.21,26051.0
2026-08-20T15:35:00-04:00,97.2499,97.3,97.15,97.28,21604.0
2026-08-20T15:40:00-04:00,97.29,97.295,97.089996,97.175,22997.0
2026-08-20T15:45:00-04:00,97.2,97.29,97.135,97.225,32160.0
2026-08-20T15:50:00-04:00,97.22,97.465,97.205,97.41,29572.0
2026-08-20T15:55:00-04:00,97.37,97.61,97.32,97.49,191743.0
2026-08-21T09:30:00-04:00,100.23,100.88,99.059998,99.14,174844.0
2026-08-21T09:35:00-04:00,99.17,99.77,99.11,99.4961,62940.0
2026-08-21T09:40:00-04:00,99.55,99.731,99.43,99.57,37857.0
2026-08-21T09:45:00-04:00,99.48,99.7,99.31,99.34,20586.0
2026-08-21T09:50:00-04:00,99.3763,99.64,98.76,99.010002,62449.0
2026-08-21T09:55:00-04:00,98.985,99.1099,98.671,98.75,60951.0
2026-08-21T10:00:00-04:00,98.83,99.095001,98.62,98.89,20103.0
2026-08-21T10:05:00-04:00,99.11,99.35,99.010002,99.16,44504.0
2026-08-21T10:10:00-04:00,99.235,99.35,99.099998,99.1495,23483.0
2026-08-21T10:15:00-04:00,99.13,99.23,98.76,98.76,44836.0
2026-08-21T10:20:00-04:00,98.742,99.48,98.73,99.335,18995.0
2026-08-21T10:25:00-04:00,99.4,99.68,99.36,99.435,19489.0
2026-08-21T10:30:00-04:00,99.59,99.6,98.93,98.93,30808.0
2026-08-21T10:35:00-04:00,98.96,99.059998,98.54,98.55,60061.0
2026-08-21T10:40:00-04:00,98.57,98.75,98.37,98.53,35795.0
2026-08-21T10:45:00-04:00,98.56,98.855,98.44,98.85,23852.0
2026-08-21T10:50:00-04:00,98.89,99.080002,98.575,98.67,23276.0
2026-08-21T10:55:00-04:00,98.645,99.0,98.455,98.92,10894.0
2026-08-21T11:00:00-04:00,98.92,99.14,98.86,99.06,12207.0
2026-08-21T11:05:00-04:00,99.040001,99.32,99.029999,99.12,12084.0
2026-08-21T11:10:00-04:00,99.11,99.4,99.11,99.32,64492.0
2026-08-21T11:15:00-04:00,99.34,99.4151,99.23,99.265,19375.0
2026-08-21T11:20:00-04:00,99.28,99.63,99.16,99.63,17159.0
2026-08-21T11:25:00-04:00,99.68,99.8,99.465,99.555,9329.0
2026-08-21T11:30:00-04:00,99.55,99.62,99.39,99.49,13021.0
2026-08-21T11:35:00-04:00,99.47,99.67,99.34,99.4063,27358.0
2026-08-21T11:40:00-04:00,99.395,99.645,99.285,99.55,7684.0
2026-08-21T11:45:00-04:00,99.6,99.6,99.45,99.59,17701.0
2026-08-21T11:50:00-04:00,99.59,99.8,99.59,99.75,22516.0
2026-08-21T11:55:00-04:00,99.8,99.8,99.67,99.72,30431.0
2026-08-21T12:00:00-04:00,99.7,99.8335,99.62,99.8335,21332.0
2026-08-21T12:05:00-04:00,99.75,99.75,99.41,99.43,25097.0
2026-08-21T12:10:00-04:00,99.43,99.72,99.43,99.7,31807.0
2026-08-21T12:15:00-04:00,99.7599,99.8,99.7,99.7312,2758.0
2026-08-21T12:20:00-04:00,99.73,100.074997,99.66,99.695,16440.0
2026-08-21T12:25:00-04:00,99.72,100.0103,99.68,99.95,9680.0
2026-08-21T12:30:00-04:00,99.97,100.0022507,99.83,99.97833,10396.0
2026-08-21T12:35:00-04:00,99.9551,100.27,99.9551,100.17,38551.0
2026-08-21T12:40:00-04:00,100.15,100.185,100.029999,100.029999,44198.0
2026-08-21T12:45:00-04:00,100.059998,100.13,100.019997,100.12,13189.0
2026-08-21T12:50:00-04:00,100.1294,100.23,100.07,100.089996,8320.0
2026-08-21T12:55:00-04:00,100.099998,100.2,100.099998,100.19,17851.0
2026-08-21T13:00:00-04:00,100.19,100.23,100.0,100.010002,19011.0
2026-08-21T13:05:00-04:00,100.010002,100.084999,99.9,99.93,7633.0
2026-08-21T13:10:00-04:00,99.96,99.98,99.7,99.74,17683.0
2026-08-21T13:15:00-04:00,99.69,99.79,99.66,99.7,23683.0
2026-08-21T13:20:00-04:00,99.7499,99.7499,99.31,99.46,33220.0
2026-08-21T13:25:00-04:00,99.42,99.5,99.34,99.43,17074.0
2026-08-21T13:30:00-04:00,99.37,99.52,99.31,99.5,5326.0
2026-08-21T13:35:00-04:00,99.57,99.63,99.53,99.53,9826.0
2026-08-21T13:40:00-04:00,99.53,99.685,99.52,99.56,17649.0
2026-08-21T13:45:00-04:00,99.545,99.65,99.48,99.6336,90032.0
2026-08-21T13:50:00-04:00,99.635,99.755,99.62,99.7,9245.0
2026-08-21T13:55:00-04:00,99.71,99.855,99.7,99.84,7847.0
2026-08-21T14:00:00-04:00,99.83,99.98,99.82,99.93,13617.0
2026-08-21T14:05:00-04:00,99.92,100.0,99.83,99.83,35787.0
2026-08-21T14:10:00-04:00,99.83,99.86,99.74,99.79,20802.0
2026-08-21T14:15:00-04:00,99.79,99.92,99.79,99.9,16006.0
2026-08-21T14:20:00-04:00,99.9,99.94,99.79,99.925,21788.0
2026-08-21T14:25:00-04:00,99.975,100.010002,99.83,99.83,19059.0
2026-08-21T14:30:00-04:00,99.835,99.905,99.73,99.9,15794.0
2026-08-21T14:35:00-04:00,99.93,99.96,99.79,99.79,36216.0
2026-08-21T14:40:00-04:00,99.8,99.84,99.76,99.815,20930.0
2026-08-21T14:45:00-04:00,99.83,99.9,99.83,99.875,17124.0
2026-08-21T14:50:00-04:00,99.83,99.845,99.76,99.805,19603.0
2026-08-21T14:55:00-04:00,99.81,99.8301,99.68,99.72,18405.0
2026-08-21T15:00:00-04:00,99.73,99.7814,99.56,99.59,24376.0
2026-08-21T15:05:00-04:00,99.6,99.8,99.55,99.69,47005.0
2026-08-21T15:10:00-04:00,99.7,99.8061,99.7,99.79,21210.0
2026-08-21T15:15:00-04:00,99.8,99.8,99.61,99.72,18740.0
2026-08-21T15:20:00-04:00,99.75,99.86,99.75,99.7851,13670.0
2026-08-21T15:25:00-04:00,99.78,99.78,99.615,99.615,31750.0
2026-08-21T15:30:00-04:00,99.59,99.78,99.59,99.7,17122.0
2026-08-21T15:35:00-04:00,99.7,99.78,99.66,99.75,21904.0
2026-08-21T15:40:00-04:00,99.71,99.75,99.64,99.75,21953.0
2026-08-21T15:45:00-04:00,99.74,99.92,99.73,99.92,32259.0
2026-08-21T15:50:00-04:00,99.84,99.9,99.64,99.72,104440.0
2026-08-21T15:55:00-04:00,99.71,99.785,99.53,99.56,144431.0
2026-08-24T09:30:00-04:00,101.7,101.7,100.39,100.9,162080.0
2026-08-24T09:35:00-04:00,101.2277,101.2277,100.13,100.13,42369.0
2026-08-24T09:40:00-04:00,100.059998,100.6799,99.39,99.45,63022.0
2026-08-24T09:45:00-04:00,99.44,100.42,99.44,100.145,44495.0
2026-08-24T09:50:00-04:00,100.21,100.31,99.45,99.72,24694.0
2026-08-24T09:55:00-04:00,99.81,99.94,99.61,99.94,12007.0
2026-08-24T10:00:00-04:00,99.885,100.049896,99.27,99.45,23034.0
2026-08-24T10:05:00-04:00,99.51,100.16,99.4501,100.089996,9507.0
2026-08-24T10:10:00-04:00,100.1999,100.25,99.7,99.8,23370.0
2026-08-24T10:15:00-04:00,99.755,99.8899,99.44,99.735,14392.0
2026-08-24T10:20:00-04:00,99.8,100.25,99.79,100.22,43148.0
2026-08-24T10:25:00-04:00,100.099998,100.238,100.0,100.22,38157.0
2026-08-24T10:30:00-04:00,100.19,100.43,100.19,100.2,23445.0
2026-08-24T10:35:00-04:00,100.2795,100.52,99.97,99.97,22504.0
2026-08-24T10:40:00-04:00,100.050003,100.18,99.7671,99.9,22371.0
2026-08-24T10:45:00-04:00,99.9,99.94,99.69,99.6982,14967.0
2026-08-24T10:50:00-04:00,99.66,99.8976,99.36,99.8976,70733.0
2026-08-24T10:55:00-04:00,99.865,100.048897,99.86,99.9,15981.0
2026-08-24T11:00:00-04:00,99.835,100.11,99.66,100.11,12466.0
2026-08-24T11:05:00-04:00,100.13,100.24,99.92,100.24,3757.0
2026-08-24T11:10:00-04:00,99.99,100.16,99.89,99.9083,7421.0
2026-08-24T11:15:00-04:00,99.87,99.95,99.8,99.925,11592.0
2026-08-24T11:20:00-04:00,99.98,100.010002,99.8074,99.96,6000.0
2026-08-24T11:25:00-04:00,99.96,100.17,99.89,100.019997,8088.0
2026-08-24T11:30:00-04:00,100.1094,100.14,99.76,99.86,25247.0
2026-08-24T11:35:00-04:00,99.815,99.92,99.6705,99.7796,11762.0
2026-08-24T11:40:00-04:00,99.66,99.7499,99.45,99.46,778336.0
2026-08-24T11:45:00-04:00,99.485,99.6,99.18,99.18,28265.0
2026-08-24T11:50:00-04:00,99.2325,99.6,99.225,99.47,16488.0
2026-08-24T11:55:00-04:00,99.4,99.4,98.785,98.971,20249.0
2026-08-24T12:00:00-04:00,98.98,99.71,98.98,99.705,5941.0
2026-08-24T12:05:00-04:00,99.73,99.9099,99.65,99.655,5357.0
2026-08-24T12:10:00-04:00,99.57,99.7852,99.57,99.71,6812.0
2026-08-24T12:15:00-04:00,99.75,99.9,99.67,99.885,4550.0
2026-08-24T12:20:00-04:00,99.99,99.99,99.86,99.86,6830.0
2026-08-24T12:25:00-04:00,99.89,100.11,99.89,100.080002,17748.0
2026-08-24T12:30:00-04:00,100.105,100.17,100.0,100.0,17496.0
2026-08-24T12:35:00-04:00,99.9334,100.080002,99.915,99.925,12342.0
2026-08-24T12:40:00-04:00,99.86,99.9915,99.86,99.905,8129.0
2026-08-24T12:45:00-04:00,99.88,99.97,99.87,99.955,5989.0
2026-08-24T12:50:00-04:00,99.93,99.93,99.755,99.81,8871.0
2026-08-24T12:55:00-04:00,99.795,99.795,99.66,99.715,5734.0
2026-08-24T13:00:00-04:00,99.715,99.9262,99.615,99.9262,7705.0
2026-08-24T13:05:00-04:00,99.9,100.19,99.87,100.19,3364.0
2026-08-24T13:10:00-04:00,100.099998,100.15,100.010002,100.1,5199.0
2026-08-24T13:15:00-04:00,100.080002,100.24,99.94,100.080002,8564.0
2026-08-24T13:20:00-04:00,99.97,99.97,99.4468,99.62,30161.0
2026-08-24T13:25:00-04:00,99.58,99.93,99.49,99.8,13934.0
2026-08-24T13:30:00-04:00,99.81,99.81,99.59,99.6,2797.0
2026-08-24T13:35:00-04:00,99.65,99.85,99.65,99.7621,3686.0
2026-08-24T13:40:00-04:00,99.82,99.82,99.64,99.7,2989.0
2026-08-24T13:45:00-04:00,99.62,99.68,99.57,99.67,4265.0
2026-08-24T13:50:00-04:00,99.66,99.76,99.65,99.715,10731.0
2026-08-24T13:55:00-04:00,99.705,99.79,99.705,99.78,2097.0
2026-08-24T14:00:00-04:00,99.805,99.97,99.74,99.85,14545.0
2026-08-24T14:05:00-04:00,99.978,99.99,99.54,99.66,8385.0
2026-08-24T14:10:00-04:00,99.64,99.725,99.55,99.725,3834.0
2026-08-24T14:15:00-04:00,99.725,99.86,99.725,99.79,4403.0
2026-08-24T14:20:00-04:00,99.76,99.99,99.76,99.99,14649.0
2026-08-24T14:25:00-04:00,100.0,100.125,99.99,100.099998,147517.0
2026-08-24T14:30:00-04:00,100.13,100.22,100.089996,100.089996,16980.0
2026-08-24T14:35:00-04:00,100.089996,100.099998,99.9,100.029999,22028.0
2026-08-24T14:40:00-04:00,100.029999,100.15,100.029999,100.089996,2544.0
2026-08-24T14:45:00-04:00,99.985,99.99,99.86,99.95,8087.0
2026-08-24T14:50:00-04:00,99.95,100.010002,99.93,99.94,4880.0
2026-08-24T14:55:00-04:00,99.95,100.010002,99.95,99.96,8001.0
2026-08-24T15:00:00-04:00,99.98,100.12,99.97,100.07,23603.0
2026-08-24T15:05:00-04:00,100.074997,100.12,100.019997,100.029999,9322.0
2026-08-24T15:10:00-04:00,99.99,100.15,99.99,100.15,10445.0
2026-08-24T15:15:00-04:00,100.105,100.24,100.010002,100.24,26799.0
2026-08-24T15:20:00-04:00,100.24,100.29,100.2,100.2217,9280.0
2026-08-24T15:25:00-04:00,100.22,100.3,100.13,100.24,8587.0
2026-08-24T15:30:00-04:00,100.225,100.3494,100.18,100.27,22057.0
2026-08-24T15:35:00-04:00,100.245,100.36,100.21,100.3,10241.0
2026-08-24T15:40:00-04:00,100.4,100.4,100.265,100.31,12770.0
2026-08-24T15:45:00-04:00,100.28,100.32,100.145,100.32,16338.0
2026-08-24T15:50:00-04:00,100.35,100.54,100.33,100.4,59425.0
2026-08-24T15:55:00-04:00,100.39,100.47,100.32,100.39,59357.0
2026-08-25T09:30:00-04:00,98.42,100.059998,98.089996,99.84,79118.0
2026-08-25T09:35:00-04:00,99.89,100.17,99.55,99.55,19710.0
2026-08-25T09:40:00-04:00,99.595,100.089996,99.56,99.78,14113.0
2026-08-25T09:45:00-04:00,99.92,99.92,99.26,99.3,27309.0
2026-08-25T09:50:00-04:00,99.19,99.33,98.92,99.27,15416.0
2026-08-25T09:55:00-04:00,99.094101,99.57,99.094101,99.47,9742.0
2026-08-25T10:00:00-04:00,99.625,99.99,99.52,99.84,11348.0
2026-08-25T10:05:00-04:00,99.8315,100.18,99.83,100.18,11749.0
2026-08-25T10:10:00-04:00,100.185,100.5,99.99,100.040001,12669.0
2026-08-25T10:15:00-04:00,100.019997,100.019997,99.75,99.85,7220.0
2026-08-25T10:20:00-04:00,99.94,100.45,99.85,100.45,17686.0
2026-08-25T10:25:00-04:00,100.5,100.59,100.37,100.37,21149.0
2026-08-25T10:30:00-04:00,100.32,100.73,99.74,100.62,47260.0
2026-08-25T10:35:00-04:00,100.54,100.94,100.52,100.92,10625.0
2026-08-25T10:40:00-04:00,100.95,100.95,100.46,100.83,21559.0
2026-08-25T10:45:00-04:00,100.86,100.91,100.66,100.91,10800.0
2026-08-25T10:50:00-04:00,100.845,100.9101,100.716,100.7699,10297.0
2026-08-25T10:55:00-04:00,100.71,100.91,100.65,100.91,11185.0
2026-08-25T11:00:00-04:00,100.92,100.98,100.7,100.71,12461.0
2026-08-25T11:05:00-04:00,100.77,100.96,100.74,100.91,4171.0
2026-08-25T11:10:00-04:00,100.9,101.099998,100.88,100.95,12636.0
2026-08-25T11:15:00-04:00,100.92,101.12,100.7975,101.12,14852.0
2026-08-25T11:20:00-04:00,101.18,101.44,101.13,101.29,13367.0
2026-08-25T11:25:00-04:00,101.24,101.7,101.24,101.5,12473.0
2026-08-25T11:30:00-04:00,101.52,102.0,101.485,101.94,32934.0
2026-08-25T11:35:00-04:00,101.86,102.21,101.86,102.15,23318.0
2026-08-25T11:40:00-04:00,102.25,102.36,102.14,102.2,516824.0
2026-08-25T11:45:00-04:00,102.24,102.3,102.040001,102.099998,15176.0
2026-08-25T11:50:00-04:00,102.029999,102.035004,101.87,101.95,5903.0
2026-08-25T11:55:00-04:00,101.87,102.089996,101.87,102.059998,11503.0
2026-08-25T12:00:00-04:00,102.080002,102.099998,101.86,101.86,11638.0
2026-08-25T12:05:00-04:00,101.85,101.895,101.8,101.83,6808.0
2026-08-25T12:10:00-04:00,101.8,101.93,101.79,101.93,2851.0
2026-08-25T12:15:00-04:00,101.88,102.080002,101.84,101.98,5391.0
2026-08-25T12:20:00-04:00,101.965,102.019997,101.91,102.0,3902.0
2026-08-25T12:25:00-04:00,101.99,102.019997,101.94,101.9998,11692.0
2026-08-25T12:30:00-04:00,101.94,101.98,101.93,101.945,4047.0
2026-08-25T12:35:00-04:00,101.8887,102.16,101.85,102.145,5061.0
2026-08-25T12:40:00-04:00,102.13,102.13,102.029999,102.050003,14088.0
2026-08-25T12:45:00-04:00,102.050003,102.080002,101.98,102.0049973,25561.0
2026-08-25T12:50:00-04:00,102.029999,102.055,101.9,101.9,6380.0
2026-08-25T12:55:00-04:00,101.8451,101.87,101.755,101.81,4519.0
2026-08-25T13:00:00-04:00,101.8529,101.89,101.8,101.81,7562.0
2026-08-25T13:05:00-04:00,101.79,101.8,101.72,101.72,9563.0
2026-08-25T13:10:00-04:00,101.6801,101.91,101.6801,101.91,15004.0
2026-08-25T13:15:00-04:00,101.87,102.0,101.81,102.0,18222.0
2026-08-25T13:20:00-04:00,102.059998,102.07,101.91,101.91,6232.0
2026-08-25T13:25:00-04:00,101.9084,101.915,101.84,101.86,7185.0
2026-08-25T13:30:00-04:00,101.87,101.94,101.84,101.91,4500.0
2026-08-25T13:35:00-04:00,101.92,102.050003,101.92,102.040001,6122.0
2026-08-25T13:40:00-04:00,102.019997,102.15,102.019997,102.15,2060.0
2026-08-25T13:45:00-04:00,102.12,102.25,102.12,102.25,6844.0
2026-08-25T13:50:00-04:00,102.24,102.24,102.17,102.2201,9154.0
2026-08-25T13:55:00-04:00,102.24,102.31,102.21,102.3,7706.0
2026-08-25T14:00:00-04:00,102.28,102.28,102.16,102.17,6794.0
2026-08-25T14:05:00-04:00,102.16,102.22,102.145,102.16,8265.0
2026-08-25T14:10:00-04:00,102.19,102.24,102.12,102.16,766361.0
2026-08-25T14:15:00-04:00,102.175,102.24,102.16,102.213,6565.0
2026-08-25T14:20:00-04:00,102.25,102.3102,102.21,102.3,8043.0
2026-08-25T14:25:00-04:00,102.315,102.34,102.279,102.33,7966.0
2026-08-25T14:30:00-04:00,102.36,102.37,102.21,102.23,5205.0
2026-08-25T14:35:00-04:00,102.23,102.27,102.18,102.26,5422.0
2026-08-25T14:40:00-04:00,102.25,102.37,102.2,102.32,8074.0
2026-08-25T14:45:00-04:00,102.33,102.425,102.33,102.38,6262.0
2026-08-25T14:50:00-04:00,102.38,102.38,102.27,102.35,5658.0
2026-08-25T14:55:00-04:00,102.33,102.36,102.3,102.36,4665.0
2026-08-25T15:00:00-04:00,102.36,102.49,102.34,102.38,8160.0
2026-08-25T15:05:00-04:00,102.42,102.64,102.42,102.615,13522.0
2026-08-25T15:10:00-04:00,102.63,102.69,102.5701,102.64,11805.0
2026-08-25T15:15:00-04:00,102.66,102.77,102.66,102.77,9573.0
2026-08-25T15:20:00-04:00,102.76,102.77,102.66,102.685,18593.0
2026-08-25T15:25:00-04:00,102.68,102.71,102.619,102.69,9946.0
2026-08-25T15:30:00-04:00,102.67,102.68,102.6,102.68,15435.0
2026-08-25T15:35:00-04:00,102.68,102.68,102.51,102.55,15612.0
2026-08-25T15:40:00-04:00,102.5699,102.63,102.51,102.55,24619.0
2026-08-25T15:45:00-04:00,102.57,102.695,102.46,102.695,25087.0
2026-08-25T15:50:00-04:00,102.67,102.84,102.65,102.67,28114.0
2026-08-25T15:55:00-04:00,102.76,102.87,102.56,102.83,65473.0
2026-08-26T09:30:00-04:00,100.66,101.505,100.66,101.31,76896.0
2026-08-26T09:35:00-04:00,101.29,101.55,101.13,101.3,21939.0
2026-08-26T09:40:00-04:00,101.38,101.68,101.34,101.555,46333.0
2026-08-26T09:45:00-04:00,101.55,101.9,101.45,101.47,10880.0
2026-08-26T09:50:00-04:00,101.7299,101.76,101.27,101.54,163881.0
2026-08-26T09:55:00-04:00,101.4602,101.77,101.4602,101.71,8725.0
2026-08-26T10:00:00-04:00,101.78,101.79,101.57,101.72,12900.0
2026-08-26T10:05:00-04:00,101.8,101.95,101.76,101.785,4936.0
2026-08-26T10:10:00-04:00,101.86,102.099998,101.47,101.56,12959.0
2026-08-26T10:15:00-04:00,101.53,101.75,101.5,101.625,5902.0
2026-08-26T10:20:00-04:00,101.68,101.88,101.65,101.81,14755.0
2026-08-26T10:25:00-04:00,101.76,101.8699,101.495,101.73,50985.0
2026-08-26T10:30:00-04:00,101.72,101.95,101.66,101.95,74765.0
2026-08-26T10:35:00-04:00,101.87,101.88,101.65,101.77,9334.0
2026-08-26T10:40:00-04:00,101.68,101.935,101.68,101.935,21859.0
2026-08-26T10:45:00-04:00,101.9,101.95,101.3,101.3,27181.0
2026-08-26T10:50:00-04:00,101.31,101.43,101.26,101.3,4447.0
2026-08-26T10:55:00-04:00,101.33,101.63,101.2601,101.38,8899.0
2026-08-26T11:00:00-04:00,101.31,101.31,100.67,100.76,10592.0
2026-08-26T11:05:00-04:00,100.623,101.0,100.4901,101.0,16819.0
2026-08-26T11:10:00-04:00,101.062698,101.062698,100.91,101.0,3755.0
2026-08-26T11:15:00-04:00,100.72,100.92,100.42,100.82,12997.0
2026-08-26T11:20:00-04:00,100.81,100.89,100.74,100.785,5018.0
2026-08-26T11:25:00-04:00,100.7101,100.795,100.67,100.76,3293.0
2026-08-26T11:30:00-04:00,100.755,100.76,100.64,100.75,11345.0
2026-08-26T11:35:00-04:00,100.78,100.86,100.63,100.74,10341.0
2026-08-26T11:40:00-04:00,100.7901,100.835,100.71,100.71,12188.0
2026-08-26T11:45:00-04:00,100.83,101.014999,100.71,100.94,8758.0
2026-08-26T11:50:00-04:00,100.9,100.9,100.4601,100.55,6475.0
2026-08-26T11:55:00-04:00,100.74,100.92,100.74,100.85,4049.0
2026-08-26T12:00:00-04:00,100.8,100.81,100.66,100.807,2762.0
2026-08-26T12:05:00-04:00,100.815,100.91,100.74,100.84,4320.0
2026-08-26T12:10:00-04:00,100.84,100.87,100.84,100.87,912.0
2026-08-26T12:15:00-04:00,100.92,101.059998,100.89,101.059998,5965.0
2026-08-26T12:20:00-04:00,101.07,101.11,100.94,100.94,12642.0
2026-08-26T12:25:00-04:00,100.91,100.99,100.8004,100.8004,2351.0
2026-08-26T12:30:00-04:00,100.8914,100.95,100.79,100.95,3945.0
2026-08-26T12:35:00-04:00,100.9,100.98,100.795,100.795,567418.0
2026-08-26T12:40:00-04:00,100.7401,100.89,100.6801,100.79,4208.0
2026-08-26T12:45:00-04:00,100.85,101.019997,100.85,101.0049973,8516.0
2026-08-26T12:50:00-04:00,101.014999,101.074997,100.86,100.91,4829.0
2026-08-26T12:55:00-04:00,100.9,101.065002,100.9,101.048203,592067.0
2026-08-26T13:00:00-04:00,101.035004,101.3699,101.035004,101.29,4418.0
2026-08-26T13:05:00-04:00,101.295,101.4299,101.18,101.3,599628.0
2026-08-26T13:10:00-04:00,101.3,101.3,101.089996,101.1039,4662.0
2026-08-26T13:15:00-04:00,101.080002,101.11,100.99,101.084999,4058.0
2026-08-26T13:20:00-04:00,100.99,101.089996,100.98,100.98,4789.0
2026-08-26T13:25:00-04:00,100.96,101.099998,100.96,101.099998,9798.0
2026-08-26T13:30:00-04:00,101.13,101.2588,101.089996,101.23,4353.0
2026-08-26T13:35:00-04:00,101.25,101.27,101.14,101.225,3490.0
2026-08-26T13:40:00-04:00,101.2,101.27,101.2,101.27,6037.0
2026-08-26T13:45:00-04:00,101.27,101.335,101.23,101.28,5741.0
2026-08-26T13:50:00-04:00,101.276,101.2822,101.2,101.21,1764.0
2026-08-26T13:55:00-04:00,101.195,101.29,101.195,101.29,2115.0
2026-08-26T14:00:00-04:00,101.27,101.33,101.235,101.33,3049.0
2026-08-26T14:05:00-04:00,101.34,101.4,101.25,101.265,2263.0
2026-08-26T14:10:00-04:00,101.22,101.25,101.16,101.16,3552.0
2026-08-26T14:15:00-04:00,101.1999,101.24,101.11,101.21,28696.0
2026-08-26T14:20:00-04:00,101.25,101.34,101.1944,101.34,2604.0
2026-08-26T14:25:00-04:00,101.3,101.37,101.3,101.3499,7396.0
2026-08-26T14:30:00-04:00,101.35,101.43,101.26,101.33,5457.0
2026-08-26T14:35:00-04:00,101.3436,101.39,101.33,101.3301,3590.0
2026-08-26T14:40:00-04:00,101.34,101.41,101.32,101.41,3676.0
2026-08-26T14:45:00-04:00,101.4109,101.48,101.395,101.44,8348.0
2026-08-26T14:50:00-04:00,101.35,101.415,101.29,101.35,3609.0
2026-08-26T14:55:00-04:00,101.28,101.335,101.2462,101.3,729561.0
2026-08-26T15:00:00-04:00,101.3,101.35,101.26,101.35,4981.0
2026-08-26T15:05:00-04:00,101.26,101.3699,101.23,101.25,4838.0
2026-08-26T15:10:00-04:00,101.21,101.2416,101.14,101.17,2745.0
2026-08-26T15:15:00-04:00,101.1558,101.25,101.080002,101.13,12582.0
2026-08-26T15:20:00-04:00,101.099998,101.12,101.050003,101.105,5414.0
2026-08-26T15:25:00-04:00,101.16,101.3295,101.16,101.3,4254.0
2026-08-26T15:30:00-04:00,101.2805,101.34,101.28,101.3,10338.0
2026-08-26T15:35:00-04:00,101.3,101.34,101.24,101.28,4824.0
2026-08-26T15:40:00-04:00,101.28851,101.35,101.11,101.17,9242.0
2026-08-26T15:45:00-04:00,101.135,101.255,101.115,101.255,13012.0
2026-08-26T15:50:00-04:00,101.23,101.23,100.7701,100.95,15532.0
2026-08-26T15:55:00-04:00,100.98,101.019997,100.53,100.7,63400.0
2026-08-27T09:30:00-04:00,100.41,101.375,100.365,100.97,59669.0
2026-08-27T09:35:00-04:00,100.85,101.2,100.6955,100.72,19483.0
2026-08-27T09:40:00-04:00,100.69,101.15,100.51,101.010002,9792.0
2026-08-27T09:45:00-04:00,100.8,101.12,100.43,100.71,10157.0
2026-08-27T09:50:00-04:00,100.765,101.35,100.765,101.089996,15421.0
2026-08-27T09:55:00-04:00,101.135,101.74,101.050003,101.6764,51281.0
2026-08-27T10:00:00-04:00,101.62,101.89,101.52,101.88,37243.0
2026-08-27T10:05:00-04:00,101.91,102.099998,101.71,101.74,24672.0
2026-08-27T10:10:00-04:00,101.76,101.91,101.64,101.75,6720.0
2026-08-27T10:15:00-04:00,101.82,102.36,101.82,102.27,9142.0
2026-08-27T10:20:00-04:00,102.37,102.67,102.12,102.27,22390.0
2026-08-27T10:25:00-04:00,102.24,102.31,101.98,102.2153,18269.0
2026-08-27T10:30:00-04:00,102.31,102.64,102.17,102.63,12738.0
2026-08-27T10:35:00-04:00,102.68,102.91,102.54,102.76,35111.0
2026-08-27T10:40:00-04:00,102.77,103.27,102.63,103.26,26006.0
2026-08-27T10:45:00-04:00,103.27,103.27,102.77,102.81,11848.0
2026-08-27T10:50:00-04:00,102.7251,102.8219,102.485,102.5,5651.0
2026-08-27T10:55:00-04:00,102.485,102.51,102.2301,102.36,13793.0
2026-08-27T11:00:00-04:00,102.43,102.55,102.3,102.31,5650.0
2026-08-27T11:05:00-04:00,102.27,102.28,102.099998,102.13,4420.0
2026-08-27T11:10:00-04:00,102.18,102.455,102.059998,102.38,5272.0
2026-08-27T11:15:00-04:00,102.31,102.52,102.31,102.52,3402.0
2026-08-27T11:20:00-04:00,102.455,102.56,102.1845,102.34,6221.0
2026-08-27T11:25:00-04:00,102.23,102.47,102.195,102.2301,9319.0
2026-08-27T11:30:00-04:00,102.33,102.62,102.32,102.495,16790.0
2026-08-27T11:35:00-04:00,102.455,102.565,102.43,102.5,4345.0
2026-08-27T11:40:00-04:00,102.57,102.785,102.51,102.7,19220.0
2026-08-27T11:45:00-04:00,102.71,102.765,102.591,102.64,7180.0
2026-08-27T11:50:00-04:00,102.7,102.94,102.65,102.87,8964.0
2026-08-27T11:55:00-04:00,102.92,102.98,102.83,102.98,3532.0
2026-08-27T12:00:00-04:00,102.9697,103.2,102.94,103.135,10975.0
2026-08-27T12:05:00-04:00,103.059998,103.059998,102.89,102.9251,12885.0
2026-08-27T12:10:00-04:00,102.975,102.98,102.8,102.835,8218.0
2026-08-27T12:15:00-04:00,102.72,102.8,102.65,102.65,3305.0
2026-08-27T12:20:00-04:00,102.68,102.75,102.58,102.606,7171.0
2026-08-27T12:25:00-04:00,102.615,102.715,102.615,102.71,5365.0
2026-08-27T12:30:00-04:00,102.66,103.029999,102.66,103.029999,5635.0
2026-08-27T12:35:00-04:00,103.050003,103.18,102.98,103.18,5560.0
2026-08-27T12:40:00-04:00,103.2,103.2,103.019997,103.095001,4153.0
2026-08-27T12:45:00-04:00,103.029999,103.13,102.9892,103.010002,5666.0
2026-08-27T12:50:00-04:00,102.9201,103.17,102.9201,103.17,8503.0
2026-08-27T12:55:00-04:00,103.13,103.265,103.07,103.24,5239.0
2026-08-27T13:00:00-04:00,103.215,103.29,103.11,103.23,8909.0
2026-08-27T13:05:00-04:00,103.235,103.235,103.019997,103.19,13559.0
2026-08-27T13:10:00-04:00,103.14,103.185,103.089996,103.18,6304.0
2026-08-27T13:15:00-04:00,103.195,103.195,103.019997,103.029999,3559.0
2026-08-27T13:20:00-04:00,103.059998,103.14,103.029999,103.084999,15530.0
2026-08-27T13:25:00-04:00,103.099998,103.139,103.0,103.044998,6890.0
2026-08-27T13:30:00-04:00,103.029999,103.135,103.0,103.135,6180.0
2026-08-27T13:35:00-04:00,103.07,103.1305,103.029999,103.080002,3270.0
2026-08-27T13:40:00-04:00,103.2,103.255,103.089996,103.11,5614.0
2026-08-27T13:45:00-04:00,103.080002,103.080002,102.94,103.059998,11475.0
2026-08-27T13:50:00-04:00,103.080002,103.080002,102.9,102.96,10226.0
2026-08-27T13:55:00-04:00,102.94,102.94,102.75,102.84,3012.0
2026-08-27T14:00:00-04:00,102.82,102.87,102.515,102.515,3096.0
2026-08-27T14:05:00-04:00,102.56,102.925,102.55,102.87,5471.0
2026-08-27T14:10:00-04:00,102.82,102.88,102.7577,102.88,4310.0
2026-08-27T14:15:00-04:00,102.88,102.945,102.82,102.91,3895.0
2026-08-27T14:20:00-04:00,102.8601,102.91,102.775,102.775,3728.0
2026-08-27T14:25:00-04:00,102.72,102.855,102.62,102.835,3270.0
2026-08-27T14:30:00-04:00,102.73,102.845,102.59,102.625,15721.0
2026-08-27T14:35:00-04:00,102.58,102.845,102.58,102.77,5994.0
2026-08-27T14:40:00-04:00,102.79,102.79,102.66,102.66,5608.0
2026-08-27T14:45:00-04:00,102.68,102.865,102.68,102.79,3918.0
2026-08-27T14:50:00-04:00,102.8,102.92,102.76,102.88,6835.0
2026-08-27T14:55:00-04:00,102.8475,102.965,102.845,102.955,5204.0
2026-08-27T15:00:00-04:00,103.0,103.080002,102.95,103.040001,7870.0
2026-08-27T15:05:00-04:00,103.044998,103.285,102.95,103.23,754838.0
2026-08-27T15:10:00-04:00,103.21,103.21,102.96,103.084999,4405.0
2026-08-27T15:15:00-04:00,103.050003,103.089996,102.93,102.99,5409.0
2026-08-27T15:20:00-04:00,102.97,102.99,102.92,102.92,4912.0
2026-08-27T15:25:00-04:00,102.92,102.97,102.81,102.87,11295.0
2026-08-27T15:30:00-04:00,102.83,103.025002,102.83,102.91,11363.0
2026-08-27T15:35:00-04:00,102.94,102.99,102.91,102.96,7953.0
2026-08-27T15:40:00-04:00,102.97,103.099998,102.92,103.080002,10190.0
2026-08-27T15:45:00-04:00,103.089996,103.235,103.029999,103.22,11798.0
2026-08-27T15:50:00-04:00,103.2,103.245,103.047203,103.21,22966.0
2026-08-27T15:55:00-04:00,103.195,103.32,103.12,103.16,71519.0
2026-08-28T09:30:00-04:00,104.19,104.19,103.565,103.9,91576.0
2026-08-28T09:35:00-04:00,103.98,103.98,103.39,103.69,22586.0
2026-08-28T09:40:00-04:00,103.53,103.73,103.31,103.54,28482.0
2026-08-28T09:45:00-04:00,103.425,103.82,103.425,103.7475,45328.0
2026-08-28T09:50:00-04:00,103.755,104.040001,103.67,104.0,26484.0
2026-08-28T09:55:00-04:00,103.99,104.285,103.78,103.8,25905.0
2026-08-28T10:00:00-04:00,103.63,104.49,102.18,102.315,40900.0
2026-08-28T10:05:00-04:00,102.395,102.41,101.37,101.645,43370.0
2026-08-28T10:10:00-04:00,101.35,101.6599,100.39,100.53,75108.0
2026-08-28T10:15:00-04:00,100.53,101.13,100.53,100.728,33952.0
2026-08-28T10:20:00-04:00,100.52,101.32,100.52,100.88528,21285.0
2026-08-28T10:25:00-04:00,101.099998,101.099998,99.615,100.019997,66291.0
2026-08-28T10:30:00-04:00,100.135,101.5,100.11,101.5,28328.0
2026-08-28T10:35:00-04:00,101.6762,102.19,101.615,102.029999,18647.0
2026-08-28T10:40:00-04:00,101.88,102.21,101.7,101.85,31634.0
2026-08-28T10:45:00-04:00,101.69,101.86,101.46,101.82,7206.0
2026-08-28T10:50:00-04:00,101.95,102.38,101.86,102.38,10952.0
2026-08-28T10:55:00-04:00,102.4,102.5899,102.33,102.33,17205.0
2026-08-28T11:00:00-04:00,102.41,102.5,101.94,102.059998,14731.0
2026-08-28T11:05:00-04:00,102.155,102.155,101.63,101.75,5608.0
2026-08-28T11:10:00-04:00,101.78,101.78,101.39,101.49,11748.0
2026-08-28T11:15:00-04:00,101.455,101.66,101.455,101.62,10161.0
2026-08-28T11:20:00-04:00,101.6,101.8,101.48,101.64,9331.0
2026-08-28T11:25:00-04:00,101.6,101.79,101.36,101.41,4593.0
2026-08-28T11:30:00-04:00,101.7099,101.72,101.38,101.58,8423.0
2026-08-28T11:35:00-04:00,101.54,101.65,101.12,101.12,7327.0
2026-08-28T11:40:00-04:00,101.0,101.0,100.52,100.52,6008.0
2026-08-28T11:45:00-04:00,100.585,100.64,100.46,100.46,8640.0
2026-08-28T11:50:00-04:00,100.57,100.94,100.57,100.7685,4239.0
2026-08-28T11:55:00-04:00,100.58,100.58,99.91,100.15,18929.0
2026-08-28T12:00:00-04:00,100.12,100.5268,100.080002,100.080002,16047.0
2026-08-28T12:05:00-04:00,100.0,100.17,99.7901,99.96,21600.0
2026-08-28T12:10:00-04:00,99.89,99.93,99.5,99.585,19295.0
2026-08-28T12:15:00-04:00,99.47,99.58,98.88,98.97,29497.0
2026-08-28T12:20:00-04:00,98.905,98.96,98.32,98.32,66342.0
2026-08-28T12:25:00-04:00,98.35,98.88,98.31,98.69,48649.0
2026-08-28T12:30:00-04:00,98.8,99.14,98.67,98.67,23464.0
2026-08-28T12:35:00-04:00,98.8,99.2099,98.8,99.029999,16646.0
2026-08-28T12:40:00-04:00,99.07,99.175,98.41,98.41,16800.0
2026-08-28T12:45:00-04:00,98.48,98.9095,98.465,98.85,22761.0
2026-08-28T12:50:00-04:00,98.97,99.125,98.93,98.94,8384.0
2026-08-28T12:55:00-04:00,98.95,98.95,98.66,98.7,9352.0
2026-08-28T13:00:00-04:00,98.73,98.74,98.39,98.54,22439.0
2026-08-28T13:05:00-04:00,98.475,98.9367,98.42,98.66,45500.0
2026-08-28T13:10:00-04:00,98.66,98.87,98.53,98.83,14592.0
2026-08-28T13:15:00-04:00,98.8001,98.86,98.57,98.8,20850.0
2026-08-28T13:20:00-04:00,98.84,99.040001,98.84,98.975,17575.0
2026-08-28T13:25:00-04:00,99.010002,99.019997,98.75,98.88,16946.0
2026-08-28T13:30:00-04:00,98.88,99.059998,98.78,99.039902,4716.0
2026-08-28T13:35:00-04:00,99.019997,99.13,98.73,98.755,21936.0
2026-08-28T13:40:00-04:00,98.7,98.81,98.54,98.69,14904.0
2026-08-28T13:45:00-04:00,98.6527,98.89,98.6401,98.86,7150.0
2026-08-28T13:50:00-04:00,98.87,98.91,98.71,98.71,20161.0
2026-08-28T13:55:00-04:00,98.735,98.76,98.64546,98.69,7459.0
2026-08-28T14:00:00-04:00,98.68,98.68,98.3,98.3,7848.0
2026-08-28T14:05:00-04:00,98.28,98.5,98.25,98.5,22677.0
2026-08-28T14:10:00-04:00,98.48,98.49,98.15,98.175,10062.0
2026-08-28T14:15:00-04:00,98.19,98.25,96.0,98.14,123294.0
2026-08-28T14:20:00-04:00,98.175,98.38,98.12,98.205,12325.0
2026-08-28T14:25:00-04:00,98.26,98.51,98.12,98.12,16737.0
2026-08-28T14:30:00-04:00,98.165,98.28,98.11,98.28,16086.0
2026-08-28T14:35:00-04:00,98.2,98.24,98.099998,98.099998,9577.0
2026-08-28T14:40:00-04:00,98.074997,98.15,97.82,98.050003,22068.0
2026-08-28T14:45:00-04:00,98.050003,98.1899,97.97,98.055,19967.0
2026-08-28T14:50:00-04:00,98.055,98.13,97.925,97.955,11290.0
2026-08-28T14:55:00-04:00,97.99,98.24,97.93,98.2,27558.0
2026-08-28T15:00:00-04:00,98.25,98.56,98.12,98.42,17953.0
2026-08-28T15:05:00-04:00,98.46,98.8,98.46,98.74,32915.0
2026-08-28T15:10:00-04:00,98.725,98.8,98.64,98.69,19420.0
2026-08-28T15:15:00-04:00,98.67,98.87,98.63,98.87,14675.0
2026-08-28T15:20:00-04:00,98.8999,98.92,98.705,98.85,15680.0
2026-08-28T15:25:00-04:00,98.88,99.17,98.82,99.080002,11374.0
2026-08-28T15:30:00-04:00,99.07,99.23,99.0,99.12,23620.0
2026-08-28T15:35:00-04:00,99.1555,99.23,99.084999,99.16,10997.0
2026-08-28T15:40:00-04:00,99.17,99.32,99.099998,99.29,22377.0
2026-08-28T15:45:00-04:00,99.29,99.29,98.86,98.9,46523.0
2026-08-28T15:50:00-04:00,98.95,99.099998,98.88,99.089996,22045.0
2026-08-28T15:55:00-04:00,99.12,99.26,99.019997,99.11,69294.0
2026-08-31T09:30:00-04:00,98.65,98.825,97.36,97.43,66645.0
2026-08-31T09:35:00-04:00,97.46,97.88,97.2,97.48,27519.0
2026-08-31T09:40:00-04:00,97.31,97.43,96.89,96.98,24137.0
2026-08-31T09:45:00-04:00,96.92,97.13,96.4205,96.66,30011.0
2026-08-31T09:50:00-04:00,96.66,96.94,96.22,96.65,18269.0
2026-08-31T09:55:00-04:00,96.63,96.6301,96.37,96.41,16148.0
2026-08-31T10:00:00-04:00,96.51,96.655,96.25,96.5688,17801.0
2026-08-31T10:05:00-04:00,96.62,96.88,96.35,96.56,25708.0
2026-08-31T10:10:00-04:00,96.64,96.78,96.39,96.78,11936.0
2026-08-31T10:15:00-04:00,96.75,96.93,96.605,96.69,10096.0
2026-08-31T10:20:00-04:00,96.5,96.5,96.16,96.22,8921.0
2026-08-31T10:25:00-04:00,96.24,96.52,96.15,96.22,29451.0
2026-08-31T10:30:00-04:00,96.29,96.44,96.029999,96.059998,14244.0
2026-08-31T10:35:00-04:00,96.050003,96.85,96.040001,96.81,24897.0
2026-08-31T10:40:00-04:00,96.75,96.83,96.6888,96.78,11524.0
2026-08-31T10:45:00-04:00,96.78,97.13,96.71,96.91,38035.0
2026-08-31T10:50:00-04:00,96.87,96.9,96.735,96.82,5707.0
2026-08-31T10:55:00-04:00,96.92,96.96,96.76,96.76,6113.0
2026-08-31T11:00:00-04:00,96.87,96.97,96.47,96.49,16679.0
2026-08-31T11:05:00-04:00,96.54,96.86,96.51,96.83,7781.0
2026-08-31T11:10:00-04:00,96.81,96.955,96.68,96.77,18815.0
2026-08-31T11:15:00-04:00,96.83,96.88,96.68,96.88,21197.0
2026-08-31T11:20:00-04:00,96.855,97.14,96.82,97.050003,11218.0
2026-08-31T11:25:00-04:00,97.099998,97.359,97.050003,97.28,7193.0
2026-08-31T11:30:00-04:00,97.205,97.31,97.19,97.19,2346.0
2026-08-31T11:35:00-04:00,97.089996,97.3,97.089996,97.22,5069.0
2026-08-31T11:40:00-04:00,97.22,97.32,97.165,97.165,3350.0
2026-08-31T11:45:00-04:00,97.18,97.36,97.175,97.34,1386.0
2026-08-31T11:50:00-04:00,97.31,97.395,97.11,97.11,3879.0
2026-08-31T11:55:00-04:00,97.125,97.14,96.995,97.14,3967.0
2026-08-31T12:00:00-04:00,97.059998,97.25,97.035004,97.195,3672.0
2026-08-31T12:05:00-04:00,97.21,97.4,97.2,97.23,3674.0
2026-08-31T12:10:00-04:00,97.2125,97.42,97.17,97.42,3066.0
2026-08-31T12:15:00-04:00,97.38,97.47,97.37,97.38,5728.0
2026-08-31T12:20:00-04:00,97.46,97.52,97.2955,97.46,5801.0
2026-08-31T12:25:00-04:00,97.445,97.52,97.385,97.52,8411.0
2026-08-31T12:30:00-04:00,97.54,97.62,97.5,97.6,5486.0
2026-08-31T12:35:00-04:00,97.59,97.62,97.395,97.48,13269.0
2026-08-31T12:40:00-04:00,97.45,97.58,97.415,97.57,3455.0
2026-08-31T12:45:00-04:00,97.53,97.53,97.43,97.4975,1461.0
2026-08-31T12:50:00-04:00,97.4601,97.65,97.4601,97.5,4937.0
2026-08-31T12:55:00-04:00,97.51,97.51,97.37,97.37,10707.0
2026-08-31T13:00:00-04:00,97.4,97.46,97.35,97.355,2902.0
2026-08-31T13:05:00-04:00,97.34,97.395,97.31,97.31,1652.0
2026-08-31T13:10:00-04:00,97.4598,97.4598,97.4,97.45,1366.0
2026-08-31T13:15:00-04:00,97.41,97.48,97.35,97.35,3976.0
2026-08-31T13:20:00-04:00,97.415,97.44,97.38,97.38,1654.0
2026-08-31T13:25:00-04:00,97.3599,97.3599,97.2,97.29,7162.0
2026-08-31T13:30:00-04:00,97.3,97.36,97.24,97.325,3224.0
2026-08-31T13:35:00-04:00,97.43,97.46,97.35,97.38,5364.0
2026-08-31T13:40:00-04:00,97.4151,97.5,97.415,97.48,3333.0
2026-08-31T13:45:00-04:00,97.48,97.6399,97.48,97.56,3872.0
2026-08-31T13:50:00-04:00,97.6,97.605,97.5085,97.54,3815.0
2026-08-31T13:55:00-04:00,97.51,97.51,97.461,97.505,4424.0
2026-08-31T14:00:00-04:00,97.46,97.51,97.32,97.44,11772.0
2026-08-31T14:05:00-04:00,97.42,97.445,97.28,97.33,9881.0
2026-08-31T14:10:00-04:00,97.325,97.46,97.325,97.46,14018.0
2026-08-31T14:15:00-04:00,97.47,97.47,97.34,97.35,12688.0
2026-08-31T14:20:00-04:00,97.35,97.395,97.31,97.32,12585.0
2026-08-31T14:25:00-04:00,97.32,97.33,97.23,97.23,16379.0
2026-08-31T14:30:00-04:00,97.23,97.23,97.07,97.089996,17244.0
2026-08-31T14:35:00-04:00,97.099998,97.145,97.07,97.13,8552.0
2026-08-31T14:40:00-04:00,97.16,97.25,97.16,97.22,7130.0
2026-08-31T14:45:00-04:00,97.205,97.35,97.205,97.35,10375.0
2026-08-31T14:50:00-04:00,97.355,97.44,97.335,97.35,3861.0
2026-08-31T14:55:00-04:00,97.34,97.34,97.255,97.28,5849.0
2026-08-31T15:00:00-04:00,97.3,97.36,97.275,97.315,6003.0
2026-08-31T15:05:00-04:00,97.31,97.4,97.31,97.38,7741.0
2026-08-31T15:10:00-04:00,97.39,97.4,97.27,97.4,5864.0
2026-08-31T15:15:00-04:00,97.36,97.44,97.35,97.4,12260.0
2026-08-31T15:20:00-04:00,97.39,97.44,97.27,97.44,10780.0
2026-08-31T15:25:00-04:00,97.48,97.685,97.48,97.685,9318.0
2026-08-31T15:30:00-04:00,97.67,97.7799,97.6532,97.765,24505.0
2026-08-31T15:35:00-04:00,97.73,97.865,97.73,97.81,13897.0
2026-08-31T15:40:00-04:00,97.78,97.81,97.69,97.81,11256.0
2026-08-31T15:45:00-04:00,97.82,97.96,97.78,97.96,6989.0
2026-08-31T15:50:00-04:00,98.0,98.059998,97.8,97.935,21495.0
2026-08-31T15:55:00-04:00,97.93,97.99,97.75,97.92,103930.0
2026-09-01T09:30:00-04:00,94.23,94.72,93.68,94.645,177584.0
2026-09-01T09:35:00-04:00,94.7,94.72,93.85,94.23,29836.0
2026-09-01T09:40:00-04:00,94.59,94.89,94.25,94.6375,10746.0
2026-09-01T09:45:00-04:00,94.56,94.9693,94.54,94.855,66748.0
2026-09-01T09:50:00-04:00,94.92,95.14,94.77,94.9812,26987.0
2026-09-01T09:55:00-04:00,95.07,95.51,95.059998,95.51,7783.0
2026-09-01T10:00:00-04:00,95.57,95.81651,95.37,95.81651,29173.0
2026-09-01T10:05:00-04:00,95.8201,96.69,95.8,96.6,22759.0
2026-09-01T10:10:00-04:00,96.71,97.019997,96.51,97.010002,12502.0
2026-09-01T10:15:00-04:00,97.13,97.47,97.099998,97.47,19406.0
2026-09-01T10:20:00-04:00,97.54,97.99,97.39,97.69,18406.0
2026-09-01T10:25:00-04:00,97.8,97.8301,97.3984,97.51,13768.0
2026-09-01T10:30:00-04:00,97.4521,97.54,97.22,97.22,47671.0
2026-09-01T10:35:00-04:00,97.34,97.4,97.029999,97.029999,6984.0
2026-09-01T10:40:00-04:00,97.011002,97.11,96.84,96.85,2187.0
2026-09-01T10:45:00-04:00,96.69,96.88,96.42,96.43,39813.0
2026-09-01T10:50:00-04:00,96.43,96.69,96.41,96.5,8658.0
2026-09-01T10:55:00-04:00,96.38,96.41,96.235,96.33,14735.0
2026-09-01T11:00:00-04:00,96.3825,96.3825,95.845,95.9,6860.0
2026-09-01T11:05:00-04:00,95.885,95.94,95.765,95.91,16752.0
2026-09-01T11:10:00-04:00,95.905,95.97,95.63,95.63,12601.0
2026-09-01T11:15:00-04:00,95.69,95.97,95.65,95.92,6780.0
2026-09-01T11:20:00-04:00,95.88,96.13,95.85,96.12,5250.0
2026-09-01T11:25:00-04:00,95.985,96.15,95.835,96.15,3650.0
2026-09-01T11:30:00-04:00,96.18,96.26,96.029999,96.13,9395.0
2026-09-01T11:35:00-04:00,96.040001,96.2349,95.99,96.2349,2886.0
2026-09-01T11:40:00-04:00,96.26,96.285,96.089996,96.26,9288.0
2026-09-01T11:45:00-04:00,96.37,96.5,96.3,96.43,5957.0
2026-09-01T11:50:00-04:00,96.42,96.51,96.4131,96.465,6008.0
2026-09-01T11:55:00-04:00,96.55,96.58,96.41,96.48,8322.0
2026-09-01T12:00:00-04:00,96.57,96.57,96.45,96.48,10009.0
2026-09-01T12:05:00-04:00,96.58,96.59,96.39,96.485,3483.0
2026-09-01T12:10:00-04:00,96.37,96.41,96.13,96.13,2940.0
2026-09-01T12:15:00-04:00,96.15,96.2,96.025002,96.060204,9999.0
2026-09-01T12:20:00-04:00,96.019997,96.029999,95.8216,95.8216,7607.0
2026-09-01T12:25:00-04:00,95.9,95.9,95.72,95.83,7883.0
2026-09-01T12:30:00-04:00,95.69,95.69,95.385,95.42,15497.0
2026-09-01T12:35:00-04:00,95.54,95.9625,95.53,95.95,8057.0
2026-09-01T12:40:00-04:00,96.010002,96.21,95.95,96.059998,5624.0
2026-09-01T12:45:00-04:00,96.105,96.1899,96.0,96.1899,2398.0
2026-09-01T12:50:00-04:00,96.19,96.28,96.13,96.145,2203.0
2026-09-01T12:55:00-04:00,96.25,96.28,96.12,96.12,7508.0
2026-09-01T13:00:00-04:00,96.125,96.125,95.8119,95.8119,4082.0
2026-09-01T13:05:00-04:00,95.865,95.96,95.865,95.95,7178.0
2026-09-01T13:10:00-04:00,95.98,95.98,95.86,95.86,1851.0
2026-09-01T13:15:00-04:00,95.87,95.87,95.74,95.8301,69729.0
2026-09-01T13:20:00-04:00,95.86,95.93,95.83,95.875,7181.0
2026-09-01T13:25:00-04:00,95.87,96.099998,95.745,96.099998,20428.0
2026-09-01T13:30:00-04:00,96.16,96.32,96.029999,96.059998,11993.0
2026-09-01T13:35:00-04:00,96.12,96.21,96.059998,96.059998,3610.0
2026-09-01T13:40:00-04:00,96.059998,96.089996,95.88,95.9,11569.0
2026-09-01T13:45:00-04:00,95.85,95.89,95.8,95.825,5703.0
2026-09-01T13:50:00-04:00,95.83,95.9097,95.5105,95.64,13840.0
2026-09-01T13:55:00-04:00,95.65,95.69,95.6,95.66,4779.0
2026-09-01T14:00:00-04:00,95.67,95.7,95.3005,95.3005,25858.0
2026-09-01T14:05:00-04:00,95.38,95.4,95.31,95.31,7641.0
2026-09-01T14:10:00-04:00,95.29,95.31,95.24,95.29,7650.0
2026-09-01T14:15:00-04:00,95.32,95.47,95.32,95.47,36693.0
2026-09-01T14:20:00-04:00,95.46,95.47,95.315,95.315,6198.0
2026-09-01T14:25:00-04:00,95.27,95.31,95.090103,95.115,4248.0
2026-09-01T14:30:00-04:00,95.115,95.14,95.019997,95.080002,7679.0
2026-09-01T14:35:00-04:00,95.099998,95.12,94.85,94.87,10800.0
2026-09-01T14:40:00-04:00,94.87,94.97,94.83,94.87,12123.0
2026-09-01T14:45:00-04:00,94.85,95.15,94.85,95.15,55909.0
2026-09-01T14:50:00-04:00,95.15,95.29,95.07,95.07,22231.0
2026-09-01T14:55:00-04:00,95.080002,95.36,95.080002,95.36,7382.0
2026-09-01T15:00:00-04:00,95.32,95.41,95.2,95.31,11081.0
2026-09-01T15:05:00-04:00,95.31,95.34,95.099998,95.16,5809.0
2026-09-01T15:10:00-04:00,95.16,95.26,95.16,95.25,6523.0
2026-09-01T15:15:00-04:00,95.27,95.2964,95.13,95.19,3426.0
2026-09-01T15:20:00-04:00,95.15,95.15,95.050003,95.080002,4549.0
2026-09-01T15:25:00-04:00,95.12,95.23,95.115,95.17,24468.0
2026-09-01T15:30:00-04:00,95.17,95.17,94.8401,94.915,6595.0
2026-09-01T15:35:00-04:00,94.94,95.0,94.74,94.77,12693.0
2026-09-01T15:40:00-04:00,94.805,94.85,94.595,94.595,24913.0
2026-09-01T15:45:00-04:00,94.62,94.6795,94.48,94.515,17041.0
2026-09-01T15:50:00-04:00,94.545,94.59,94.36,94.41,27319.0
2026-09-01T15:55:00-04:00,94.42,94.49,94.18,94.36,124440.0
2026-09-02T09:30:00-04:00,96.81,99.039902,96.76,98.95,76272.0
2026-09-02T09:35:00-04:00,98.93,98.95,97.050003,97.6531,31037.0
2026-09-02T09:40:00-04:00,97.75,98.4,97.58,98.4,12543.0
2026-09-02T09:45:00-04:00,98.375,98.375,97.93,97.93,27535.0
2026-09-02T09:50:00-04:00,97.97,98.24,97.8,98.165,7408.0
2026-09-02T09:55:00-04:00,98.31,98.31,97.85,98.1896,17021.0
2026-09-02T10:00:00-04:00,97.99,98.68,97.94,98.68,13367.0
2026-09-02T10:05:00-04:00,98.735,99.125,98.66,98.66,25964.0
2026-09-02T10:10:00-04:00,98.59,99.1599,98.52,98.67,12650.0
2026-09-02T10:15:00-04:00,98.73,98.73,98.5,98.595,13763.0
2026-09-02T10:20:00-04:00,98.57,98.92,98.28,98.3,14335.0
2026-09-02T10:25:00-04:00,98.28,98.28,97.84,98.050003,13362.0
2026-09-02T10:30:00-04:00,98.0,98.080002,97.76,97.76,14021.0
2026-09-02T10:35:00-04:00,97.68,97.83,97.62,97.67,11611.0
2026-09-02T10:40:00-04:00,97.665,98.0,97.59,98.0,6434.0
2026-09-02T10:45:00-04:00,97.89,97.91,97.455,97.51,7323.0
2026-09-02T10:50:00-04:00,97.8144,97.8144,97.59,97.68,3870.0
2026-09-02T10:55:00-04:00,97.75,97.85,97.64,97.8,5366.0
2026-09-02T11:00:00-04:00,97.72,98.019997,97.67,98.019997,7766.0
2026-09-02T11:05:00-04:00,97.935,98.2,97.9322,97.94,7354.0
2026-09-02T11:10:00-04:00,97.88,97.88,97.62,97.68,7903.0
2026-09-02T11:15:00-04:00,97.55,97.69,97.41,97.69,18839.0
2026-09-02T11:20:00-04:00,97.69,97.69,97.3,97.58,11317.0
2026-09-02T11:25:00-04:00,97.61,97.81,97.51,97.81,9675.0
2026-09-02T11:30:00-04:00,97.81,97.85,97.6901,97.73,6285.0
2026-09-02T11:35:00-04:00,97.7499,97.7499,97.48,97.51,12118.0
2026-09-02T11:40:00-04:00,97.67,97.67,97.28,97.28,7109.0
2026-09-02T11:45:00-04:00,97.144,97.345,97.1067,97.32,4294.0
2026-09-02T11:50:00-04:00,97.37,97.53,97.3112,97.34,21867.0
2026-09-02T11:55:00-04:00,97.41,97.92,97.41,97.855,4179.0
2026-09-02T12:00:00-04:00,97.81,97.83,97.65,97.68,6784.0
2026-09-02T12:05:00-04:00,97.69,97.69,97.52,97.52,5646.0
2026-09-02T12:10:00-04:00,97.56,97.71,97.53,97.71,3439.0
2026-09-02T12:15:00-04:00,97.735,97.75,97.61,97.75,4549.0
2026-09-02T12:20:00-04:00,97.715,97.81,97.67,97.79,4720.0
2026-09-02T12:25:00-04:00,97.77,97.77,97.6,97.6668,2877.0
2026-09-02T12:30:00-04:00,97.72,97.8,97.59,97.59,4211.0
2026-09-02T12:35:00-04:00,97.61,97.749,97.61,97.61,4046.0
2026-09-02T12:40:00-04:00,97.56,97.57,97.5124,97.5124,1340.0
2026-09-02T12:45:00-04:00,97.4004,97.53,97.33,97.35,8445.0
2026-09-02T12:50:00-04:00,97.33,97.6,97.21,97.6,4065.0
2026-09-02T12:55:00-04:00,97.69,97.99,97.68,97.91,8247.0
2026-09-02T13:00:00-04:00,97.98,98.080002,97.98,98.059998,4251.0
2026-09-02T13:05:00-04:00,98.059998,98.059998,97.96,98.029999,5615.0
2026-09-02T13:10:00-04:00,97.985,98.0,97.92,97.945,6192.0
2026-09-02T13:15:00-04:00,97.92,97.95,97.675,97.7699,3968.0
2026-09-02T13:20:00-04:00,97.73,97.75,97.65,97.72,5878.0
2026-09-02T13:25:00-04:00,97.67,97.77,97.67,97.77,3593.0
2026-09-02T13:30:00-04:00,97.82,97.82,97.75,97.8099,2280.0
2026-09-02T13:35:00-04:00,97.6983,97.75,97.69,97.705,2673.0
2026-09-02T13:40:00-04:00,97.678,98.0,97.678,97.98,6991.0
2026-09-02T13:45:00-04:00,98.050003,98.35,98.019997,98.18,6887.0
2026-09-02T13:50:00-04:00,98.155,98.23,98.07,98.12,7723.0
2026-09-02T13:55:00-04:00,98.14,98.25,98.14,98.235,8314.0
2026-09-02T14:00:00-04:00,98.29,98.35,98.019997,98.17,8057.0
2026-09-02T14:05:00-04:00,98.12,98.27,98.12,98.19,1737.0
2026-09-02T14:10:00-04:00,98.17,98.2,98.040001,98.07,4244.0
2026-09-02T14:15:00-04:00,98.065002,98.56,98.065002,98.49,15045.0
2026-09-02T14:20:00-04:00,98.41,98.41,98.14,98.17,15805.0
2026-09-02T14:25:00-04:00,98.15,98.19,98.095001,98.19,6834.0
2026-09-02T14:30:00-04:00,98.2,98.27,98.12,98.23,5786.0
2026-09-02T14:35:00-04:00,98.28,98.28,98.17,98.24,8060.0
2026-09-02T14:40:00-04:00,98.23,98.23,98.019997,98.029999,10933.0
2026-09-02T14:45:00-04:00,98.050003,98.059998,97.96,98.019997,7295.0
2026-09-02T14:50:00-04:00,98.019997,98.040001,97.94,97.94,3802.0
2026-09-02T14:55:00-04:00,97.94,97.995,97.77,97.88,7174.0
2026-09-02T15:00:00-04:00,97.92,97.92,97.83,97.9,5177.0
2026-09-02T15:05:00-04:00,97.93,98.050003,97.93,98.050003,3347.0
2026-09-02T15:10:00-04:00,98.050003,98.11,98.019997,98.055,8097.0
2026-09-02T15:15:00-04:00,98.11,98.2399,98.11,98.2,5030.0
2026-09-02T15:20:00-04:00,98.16,98.33,98.16,98.23,4450.0
2026-09-02T15:25:00-04:00,98.25,98.395,98.225,98.35018,7944.0
2026-09-02T15:30:00-04:00,98.41,98.49,98.345,98.35,6893.0
2026-09-02T15:35:00-04:00,98.33,98.34,98.25,98.315,10145.0
2026-09-02T15:40:00-04:00,98.3,98.48,98.3,98.4699,10952.0
2026-09-02T15:45:00-04:00,98.38,98.67,98.37,98.64,19238.0
2026-09-02T15:50:00-04:00,98.61,98.78,98.54,98.66,20176.0
2026-09-02T15:55:00-04:00,98.69,98.75,98.585,98.73,72765.0
2026-09-03T09:30:00-04:00,102.11,102.15,100.88,100.9,100538.0
2026-09-03T09:35:00-04:00,100.895,101.029999,100.26,100.26,51950.0
2026-09-03T09:40:00-04:00,100.13,100.71,100.07,100.61,21630.0
2026-09-03T09:45:00-04:00,100.51,100.51,99.7505,99.79,17953.0
2026-09-03T09:50:00-04:00,99.72,100.2,99.72,100.040001,11274.0
2026-09-03T09:55:00-04:00,100.18,100.18,99.81,100.16,8552.0
2026-09-03T10:00:00-04:00,100.059998,100.15,99.6412,99.93,11571.0
2026-09-03T10:05:00-04:00,99.96,100.15,99.77,99.8729,8202.0
2026-09-03T10:10:00-04:00,99.71,99.9023,99.59,99.67,7785.0
2026-09-03T10:15:00-04:00,99.78,99.9595,99.72,99.72,6452.0
2026-09-03T10:20:00-04:00,99.835,99.94,99.56,99.94,10144.0
2026-09-03T10:25:00-04:00,99.65,99.72,99.54,99.72,14234.0
2026-09-03T10:30:00-04:00,99.865,100.010002,99.76,99.785,10224.0
2026-09-03T10:35:00-04:00,99.76,99.99,99.65,99.76,7220.0
2026-09-03T10:40:00-04:00,99.63,99.72,99.545,99.7054,4451.0
2026-09-03T10:45:00-04:00,99.8,100.315,99.77,100.010002,6670.0
2026-09-03T10:50:00-04:00,100.23,100.23,100.029999,100.099998,7295.0
2026-09-03T10:55:00-04:00,100.12,100.525,99.69,100.49,51841.0
2026-09-03T11:00:00-04:00,100.555,100.93,100.485,100.88,11022.0
2026-09-03T11:05:00-04:00,100.8825,101.13,100.795,100.795,16239.0
2026-09-03T11:10:00-04:00,100.68,100.74,100.48,100.73,16053.0
2026-09-03T11:15:00-04:00,100.74,101.25,100.72,101.17,10783.0
2026-09-03T11:20:00-04:00,101.18,101.37296,101.17,101.24,7127.0
2026-09-03T11:25:00-04:00,101.11,101.43,101.11,101.38,5499.0
2026-09-03T11:30:00-04:00,101.4,101.5494,101.029999,101.11,11298.0
2026-09-03T11:35:00-04:00,101.14,101.18,100.85,100.92,23068.0
2026-09-03T11:40:00-04:00,100.95,101.050003,100.89,100.95,12847.0
2026-09-03T11:45:00-04:00,100.98,101.059998,100.67,100.75,10848.0
2026-09-03T11:50:00-04:00,100.78,100.78,100.58,100.58,13884.0
2026-09-03T11:55:00-04:00,100.565,100.74,100.5,100.74,8428.0
2026-09-03T12:00:00-04:00,100.7,100.77,100.64,100.69,2572.0
2026-09-03T12:05:00-04:00,100.5626,100.83,100.5626,100.76,2819.0
2026-09-03T12:10:00-04:00,100.72,100.92,100.72,100.85,5365.0
2026-09-03T12:15:00-04:00,100.91,100.97,100.84,100.88,7964.0
2026-09-03T12:20:00-04:00,100.85,100.94,100.72333,100.76,8062.0
2026-09-03T12:25:00-04:00,100.8,100.91,100.73,100.8942,2713.0
2026-09-03T12:30:00-04:00,100.96,100.99,100.78,100.8151,7936.0
2026-09-03T12:35:00-04:00,100.7709,100.82,100.705,100.79,8306.0
2026-09-03T12:40:00-04:00,100.78,100.85,100.73,100.73,5407.0
2026-09-03T12:45:00-04:00,100.81,100.8699,100.74,100.78,4818.0
2026-09-03T12:50:00-04:00,100.815,100.87,100.67,100.67,8614.0
2026-09-03T12:55:00-04:00,100.695,100.825,100.695,100.825,3595.0
2026-09-03T13:00:00-04:00,100.91,100.97,100.75,100.94,4421.0
2026-09-03T13:05:00-04:00,100.98,101.11,100.94,100.94,3184.0
2026-09-03T13:10:00-04:00,101.040001,101.079903,100.98,100.98,2823.0
2026-09-03T13:15:00-04:00,100.9451,100.9451,100.8,100.89,5638.0
2026-09-03T13:20:00-04:00,100.86,100.9431,100.84,100.9,4448.0
2026-09-03T13:25:00-04:00,100.905,101.11,100.905,101.059998,15226.0
2026-09-03T13:30:00-04:00,101.13,101.22,101.080002,101.135,7954.0
2026-09-03T13:35:00-04:00,101.12,101.35,101.080002,101.3,5881.0
2026-09-03T13:40:00-04:00,101.265,101.31,101.23,101.29,5307.0
2026-09-03T13:45:00-04:00,101.27,101.305,101.27,101.27,4813.0
2026-09-03T13:50:00-04:00,101.24,101.25,101.2,101.21,19235.0
2026-09-03T13:55:00-04:00,101.19,101.2,101.089996,101.17,7063.0
2026-09-03T14:00:00-04:00,101.21,101.29,101.15,101.205,8578.0
2026-09-03T14:05:00-04:00,101.12,101.23,101.1053,101.19,5019.0
2026-09-03T14:10:00-04:00,101.145,101.17,101.099998,101.17,1628.0
2026-09-03T14:15:00-04:00,101.089897,101.1199,100.98,101.1199,8331.0
2026-09-03T14:20:00-04:00,101.089996,101.089996,101.010002,101.040001,4405.0
2026-09-03T14:25:00-04:00,101.080002,101.095001,100.97,100.97,4098.0
2026-09-03T14:30:00-04:00,100.95,101.059998,100.8709,101.0,5061.0
2026-09-03T14:35:00-04:00,101.050003,101.19,101.019997,101.0578,4165.0
2026-09-03T14:40:00-04:00,101.074997,101.074997,101.010002,101.050003,1138.0
2026-09-03T14:45:00-04:00,100.98,101.080002,100.97,100.97,1580.0
2026-09-03T14:50:00-04:00,100.9,100.98,100.9,100.94,5815.0
2026-09-03T14:55:00-04:00,100.93,101.019997,100.9,100.96,18283.0
2026-09-03T15:00:00-04:00,101.0,101.099998,100.9601,101.050003,7942.0
2026-09-03T15:05:00-04:00,101.040001,101.11,101.010002,101.07,21533.0
2026-09-03T15:10:00-04:00,101.089996,101.089996,100.93,100.935,3587.0
2026-09-03T15:15:00-04:00,100.93,101.14,100.93,101.14,3894.0
2026-09-03T15:20:00-04:00,101.125,101.165,101.089996,101.115,4805.0
2026-09-03T15:25:00-04:00,101.059998,101.23,101.050003,101.1861,6733.0
2026-09-03T15:30:00-04:00,101.25,101.33,101.21,101.32,6836.0
2026-09-03T15:35:00-04:00,101.3,101.41,101.29,101.37,6439.0
2026-09-03T15:40:00-04:00,101.38,101.565,101.375,101.45,20229.0
2026-09-03T15:45:00-04:00,101.42,101.56,101.4,101.51,14311.0
2026-09-03T15:50:00-04:00,101.53,101.57,101.35,101.5,20110.0
2026-09-03T15:55:00-04:00,101.5,101.675,101.34,101.47,79516.0
2026-09-04T09:30:00-04:00,99.25,99.96,98.22,98.22,123311.0
2026-09-04T09:35:00-04:00,98.21,99.0,98.17,98.17,15082.0
2026-09-04T09:40:00-04:00,98.25,99.4256,98.25,99.4256,13312.0
2026-09-04T09:45:00-04:00,99.53,99.66,99.17,99.66,4626.0
2026-09-04T09:50:00-04:00,99.7279,99.7279,98.66,98.66,70589.0
2026-09-04T09:55:00-04:00,98.74,98.89,98.58,98.67,50967.0
2026-09-04T10:00:00-04:00,98.695,98.935,98.6501,98.915,18545.0
2026-09-04T10:05:00-04:00,99.031998,99.17,98.65,98.94,6473.0
2026-09-04T10:10:00-04:00,98.945,99.48,98.91,99.46,10075.0
2026-09-04T10:15:00-04:00,99.435,99.52,99.2,99.39,4689.0
2026-09-04T10:20:00-04:00,99.2401,99.46,99.24,99.34,3913.0
2026-09-04T10:25:00-04:00,99.35,99.5982,99.35,99.45,1040.0
2026-09-04T10:30:00-04:00,99.54,99.81,99.45,99.6764,3315.0
2026-09-04T10:35:00-04:00,99.77,99.77,99.3967,99.445,5969.0
2026-09-04T10:40:00-04:00,99.4,99.53,99.28,99.53,5055.0
2026-09-04T10:45:00-04:00,99.52,99.7026,99.19,99.48,19771.0
2026-09-04T10:50:00-04:00,99.54,99.55,99.28,99.28,7404.0
2026-09-04T10:55:00-04:00,99.41,99.69,99.35,99.68,2918.0
2026-09-04T11:00:00-04:00,99.755,99.89,99.51,99.89,6342.0
2026-09-04T11:05:00-04:00,99.87,100.13,99.85,99.98,6422.0
2026-09-04T11:10:00-04:00,99.9709,100.08,99.93,100.08,1988.0
2026-09-04T11:15:00-04:00,100.12,100.27,100.07,100.27,10043.0
2026-09-04T11:20:00-04:00,100.25,100.3928,99.97,100.029999,11123.0
2026-09-04T11:25:00-04:00,100.1548,100.1548,100.084999,100.12,2152.0
2026-09-04T11:30:00-04:00,100.13,100.22,100.0,100.0,2792.0
2026-09-04T11:35:00-04:00,100.059998,100.059998,99.9,99.99,1443.0
2026-09-04T11:40:00-04:00,99.97,100.29,99.97,100.29,3777.0
2026-09-04T11:45:00-04:00,100.28,100.4,100.22,100.23,2695.0
2026-09-04T11:50:00-04:00,100.205,100.34,100.070099,100.080002,5035.0
2026-09-04T11:55:00-04:00,100.1805,100.1805,100.019997,100.069901,1857.0
2026-09-04T12:00:00-04:00,99.99,100.095001,99.96,100.095001,3075.0
2026-09-04T12:05:00-04:00,100.125,100.13,99.85,99.85,3579.0
2026-09-04T12:10:00-04:00,99.85,99.94,99.74,99.94,1997.0
2026-09-04T12:15:00-04:00,99.92,100.019997,99.88,99.97,1726.0
2026-09-04T12:20:00-04:00,100.080002,100.099998,99.89,99.91,6401.0
2026-09-04T12:25:00-04:00,99.94,99.94,99.77,99.7863,3515.0
2026-09-04T12:30:00-04:00,99.78,99.95,99.78,99.95,2052.0
2026-09-04T12:35:00-04:00,99.98,100.060997,99.94,99.94,5540.0
2026-09-04T12:40:00-04:00,99.97,100.068199,99.87,99.94,2568.0
2026-09-04T12:45:00-04:00,100.010002,100.079803,100.0,100.0,1235.0
2026-09-04T12:50:00-04:00,99.99,99.99,99.82,99.83,3787.0
2026-09-04T12:55:00-04:00,99.85,99.899,99.82,99.89,3310.0
2026-09-04T13:00:00-04:00,99.79,99.82,99.73,99.82,9178.0
2026-09-04T13:05:00-04:00,99.83,99.92,99.79,99.905,2511.0
2026-09-04T13:10:00-04:00,99.9,99.9986,99.9,99.915,2083.0
2026-09-04T13:15:00-04:00,100.0,100.040001,99.96,100.040001,2050.0
2026-09-04T13:20:00-04:00,99.97,99.97,99.935,99.935,1294.0
2026-09-04T13:25:00-04:00,99.999,99.999,99.84,99.84,3004.0
2026-09-04T13:30:00-04:00,99.83,99.83,99.7,99.745,12322.0
2026-09-04T13:35:00-04:00,99.75,99.9,99.75,99.79,7357.0
2026-09-04T13:40:00-04:00,99.7949,99.7949,99.62,99.62,7167.0
2026-09-04T13:45:00-04:00,99.61,99.65,99.56,99.565,2811.0
2026-09-04T13:50:00-04:00,99.55,99.55,99.45,99.45,3555.0
2026-09-04T13:55:00-04:00,99.43,99.43,99.34,99.39,2068.0
2026-09-04T14:00:00-04:00,99.4,99.455,99.29,99.29,11039.0
2026-09-04T14:05:00-04:00,99.33,99.41,99.305,99.38,11768.0
2026-09-04T14:10:00-04:00,99.39,99.4,99.305,99.34,14146.0
2026-09-04T14:15:00-04:00,99.35,99.39,99.255,99.255,9045.0
2026-09-04T14:20:00-04:00,99.265,99.41,99.2314,99.39,13290.0
2026-09-04T14:25:00-04:00,99.4,99.52,99.29,99.31,12712.0
2026-09-04T14:30:00-04:00,99.325,99.39,99.28,99.39,11215.0
2026-09-04T14:35:00-04:00,99.4,99.4,99.22,99.245,14041.0
2026-09-04T14:40:00-04:00,99.24,99.33,99.225,99.32,16056.0
2026-09-04T14:45:00-04:00,99.33,99.345,99.26,99.29,8979.0
2026-09-04T14:50:00-04:00,99.28,99.28,99.22,99.26,13292.0
2026-09-04T14:55:00-04:00,99.265,99.265,99.18,99.18,13742.0
2026-09-04T15:00:00-04:00,99.195,99.21,99.089996,99.125,15537.0
2026-09-04T15:05:00-04:00,99.12,99.16,99.11,99.155,11551.0
2026-09-04T15:10:00-04:00,99.17,99.24,99.13,99.24,31103.0
2026-09-04T15:15:00-04:00,99.26,99.37,99.16,99.19,19662.0
2026-09-04T15:20:00-04:00,99.1825,99.45,99.15,99.435,11357.0
2026-09-04T15:25:00-04:00,99.44,99.5699,99.41,99.41,11584.0
2026-09-04T15:30:00-04:00,99.43,99.59,99.38,99.585,16831.0
2026-09-04T15:35:00-04:00,99.585,99.59,99.39,99.41,26868.0
2026-09-04T15:40:00-04:00,99.39,99.41,99.33,99.41,25790.0
2026-09-04T15:45:00-04:00,99.42,99.42,99.2,99.22,28043.0
2026-09-04T15:50:00-04:00,99.24,99.39,99.22,99.38,28635.0
2026-09-04T15:55:00-04:00,99.4,99.4,99.099998,99.32,78506.0
