timestamp,open,high,low,close,volume
2026-06-11T09:30:00-04:00,57.45000076293945,57.619998931884766,57.38999938964844,57.4900016784668,2787041.0
2026-06-11T09:35:00-04:00,57.47999954223633,57.72999954223633,57.345001220703125,57.470001220703125,268464.0
2026-06-11T09:40:00-04:00,57.470001220703125,57.689998626708984,57.29999923706055,57.630001068115234,322352.0
2026-06-11T09:45:00-04:00,57.63999938964844,58.0,57.54999923706055,57.8650016784668,657650.0
2026-06-11T09:50:00-04:00,57.899898529052734,58.09000015258789,57.880001068115234,57.940101623535156,363194.0
2026-06-11T09:55:00-04:00,57.959999084472656,58.130001068115234,57.8849983215332,57.90890121459961,204505.0
2026-06-11T10:00:00-04:00,57.91999816894531,58.095001220703125,57.86000061035156,57.959999084472656,264487.0
2026-06-11T10:05:00-04:00,57.95000076293945,57.95500183105469,57.59000015258789,57.625,190659.0
2026-06-11T10:10:00-04:00,57.630001068115234,57.630001068115234,57.400001525878906,57.540000915527344,275701.0
2026-06-11T10:15:00-04:00,57.540000915527344,57.70000076293945,57.45000076293945,57.58000183105469,197775.0
2026-06-11T10:20:00-04:00,57.56999969482422,58.029998779296875,57.560001373291016,57.95500183105469,230565.0
2026-06-11T10:25:00-04:00,57.95500183105469,58.07500076293945,57.869998931884766,57.88999938964844,287284.0
2026-06-11T10:30:00-04:00,57.90999984741211,57.96179962158203,57.810001373291016,57.900001525878906,321460.0
2026-06-11T10:35:00-04:00,57.8849983215332,58.060001373291016,57.849998474121094,58.0,280427.0
2026-06-11T10:40:00-04:00,58.0,58.064998626708984,57.869998931884766,57.869998931884766,217797.0
2026-06-11T10:45:00-04:00,57.880001068115234,58.01499938964844,57.81999969482422,57.98500061035156,142477.0
2026-06-11T10:50:00-04:00,57.9900016784668,57.9900016784668,57.810001373291016,57.904998779296875,178557.0
2026-06-11T10:55:00-04:00,57.900001525878906,57.959999084472656,57.7599983215332,57.80500030517578,191693.0
2026-06-11T11:00:00-04:00,57.790000915527344,57.82500076293945,57.63999938964844,57.66999816894531,406388.0
2026-06-11T11:05:00-04:00,57.650001525878906,58.1349983215332,57.6349983215332,57.939998626708984,374802.0
2026-06-11T11:10:00-04:00,57.939998626708984,58.10499954223633,57.880001068115234,57.880001068115234,307686.0
2026-06-11T11:15:00-04:00,57.88999938964844,57.994998931884766,57.790000915527344,57.83000183105469,213225.0
2026-06-11T11:20:00-04:00,57.82350158691406,58.04999923706055,57.790000915527344,57.845001220703125,270431.0
2026-06-11T11:25:00-04:00,57.83000183105469,57.91999816894531,57.77000045776367,57.845001220703125,103604.0
2026-06-11T11:30:00-04:00,57.849998474121094,57.900001525878906,57.7599983215332,57.814998626708984,133136.0
2026-06-11T11:35:00-04:00,57.810001373291016,57.939998626708984,57.77470016479492,57.90999984741211,173814.0
2026-06-11T11:40:00-04:00,57.91999816894531,58.0099983215332,57.880001068115234,57.900001525878906,127904.0
2026-06-11T11:45:00-04:00,57.91999816894531,58.01499938964844,57.869998931884766,57.93000030517578,131235.0
2026-06-11T11:50:00-04:00,57.92499923706055,58.01499938964844,57.86000061035156,57.8849983215332,105966.0
2026-06-11T11:55:00-04:00,57.88999938964844,57.935001373291016,57.810001373291016,57.87900161743164,151122.0
2026-06-11T12:00:00-04:00,57.875,58.03499984741211,57.849998474121094,57.900001525878906,103056.0
2026-06-11T12:05:00-04:00,57.900001525878906,58.060001373291016,57.869998931884766,58.02000045776367,172384.0
2026-06-11T12:10:00-04:00,58.02000045776367,58.38999938964844,57.99909973144531,58.369998931884766,330230.0
2026-06-11T12:15:00-04:00,58.369998931884766,58.43000030517578,58.11000061035156,58.130001068115234,252090.0
2026-06-11T12:20:00-04:00,58.14500045776367,58.165401458740234,57.93000030517578,57.959999084472656,328556.0
2026-06-11T12:25:00-04:00,57.970001220703125,57.986900329589844,57.709999084472656,57.720001220703125,236914.0
2026-06-11T12:30:00-04:00,57.70000076293945,57.94499969482422,57.68000030517578,57.869998931884766,231448.0
2026-06-11T12:35:00-04:00,57.849998474121094,57.900001525878906,57.779998779296875,57.80009841918945,75013.0
2026-06-11T12:40:00-04:00,57.810001373291016,57.820701599121094,57.709999084472656,57.744998931884766,90231.0
2026-06-11T12:45:00-04:00,57.75,57.810001373291016,57.689998626708984,57.73509979248047,73168.0
2026-06-11T12:50:00-04:00,57.709999084472656,57.755001068115234,57.654998779296875,57.689998626708984,107021.0
2026-06-11T12:55:00-04:00,57.689998626708984,57.77000045776367,57.689998626708984,57.720001220703125,64913.0
2026-06-11T13:00:00-04:00,57.720001220703125,57.72999954223633,57.559898376464844,57.65999984741211,208371.0
2026-06-11T13:05:00-04:00,57.65999984741211,57.755001068115234,57.65999984741211,57.720001220703125,133523.0
2026-06-11T13:10:00-04:00,57.72999954223633,57.779701232910156,57.61000061035156,57.70000076293945,107882.0
2026-06-11T13:15:00-04:00,57.689998626708984,57.78499984741211,57.66999816894531,57.750099182128906,80629.0
2026-06-11T13:20:00-04:00,57.75,57.84000015258789,57.665000915527344,57.81999969482422,131673.0
2026-06-11T13:25:00-04:00,57.810001373291016,58.5,57.79999923706055,58.494998931884766,828472.0
2026-06-11T13:30:00-04:00,58.5,59.7599983215332,58.5,59.7400016784668,2278911.0
2026-06-11T13:35:00-04:00,59.7400016784668,59.81999969482422,59.400001525878906,59.709999084472656,1461017.0
2026-06-11T13:40:00-04:00,59.709999084472656,60.20000076293945,59.654998779296875,60.09000015258789,699437.0
2026-06-11T13:45:00-04:00,60.09000015258789,60.099998474121094,59.689998626708984,59.7400016784668,461650.0
2026-06-11T13:50:00-04:00,59.75,59.820098876953125,59.540000915527344,59.60499954223633,349875.0
2026-06-11T13:55:00-04:00,59.61000061035156,59.68000030517578,59.474998474121094,59.584999084472656,391734.0
2026-06-11T14:00:00-04:00,59.59000015258789,59.744998931884766,59.23500061035156,59.27000045776367,522991.0
2026-06-11T14:05:00-04:00,59.27000045776367,59.310001373291016,59.064998626708984,59.18000030517578,245791.0
2026-06-11T14:10:00-04:00,59.189998626708984,59.43000030517578,59.185001373291016,59.42499923706055,155336.0
2026-06-11T14:15:00-04:00,59.404998779296875,59.75,59.39500045776367,59.72999954223633,361954.0
2026-06-11T14:20:00-04:00,59.72999954223633,59.7599983215332,59.459999084472656,59.59000015258789,562013.0
2026-06-11T14:25:00-04:00,59.59000015258789,59.689998626708984,59.525001525878906,59.630001068115234,146622.0
2026-06-11T14:30:00-04:00,59.619998931884766,59.775001525878906,59.56010055541992,59.689998626708984,314852.0
2026-06-11T14:35:00-04:00,59.689998626708984,59.755001068115234,59.61000061035156,59.66999816894531,114543.0
2026-06-11T14:40:00-04:00,59.67499923706055,59.90999984741211,59.650001525878906,59.900001525878906,178361.0
2026-06-11T14:45:00-04:00,59.88999938964844,60.0,59.87969970703125,59.94499969482422,323798.0
2026-06-11T14:50:00-04:00,59.939998626708984,59.9901008605957,59.849998474121094,59.849998474121094,156599.0
2026-06-11T14:55:00-04:00,59.86000061035156,59.93000030517578,59.75,59.810001373291016,251230.0
2026-06-11T15:00:00-04:00,59.810001373291016,60.1349983215332,59.810001373291016,60.1349983215332,259959.0
2026-06-11T15:05:00-04:00,60.1349983215332,60.15999984741211,59.95500183105469,60.08000183105469,255590.0
2026-06-11T15:10:00-04:00,60.06999969482422,60.44499969482422,60.040000915527344,60.369998931884766,672507.0
2026-06-11T15:15:00-04:00,60.369998931884766,60.5099983215332,60.275001525878906,60.5099983215332,366550.0
2026-06-11T15:20:00-04:00,60.510101318359375,60.560001373291016,60.369998931884766,60.470001220703125,319298.0
2026-06-11T15:25:00-04:00,60.459999084472656,60.58000183105469,60.40999984741211,60.52000045776367,331563.0
2026-06-11T15:30:00-04:00,60.540000915527344,61.029998779296875,60.540000915527344,61.029998779296875,805718.0
2026-06-11T15:35:00-04:00,61.025001525878906,61.099998474121094,60.869998931884766,60.875,915722.0
2026-06-11T15:40:00-04:00,60.8849983215332,61.09560012817383,60.875,60.936500549316406,609283.0
2026-06-11T15:45:00-04:00,60.94499969482422,61.0,60.880001068115234,60.904998779296875,402656.0
2026-06-11T15:50:00-04:00,60.90999984741211,61.06999969482422,60.880001068115234,61.060001373291016,574764.0
2026-06-11T15:55:00-04:00,61.060001373291016,61.060001373291016,60.790000915527344,60.810001373291016,1067670.0
2026-06-12T09:30:00-04:00,60.529998779296875,60.630001068115234,60.379600524902344,60.43000030517578,2231276.0
2026-06-12T09:35:00-04:00,60.439998626708984,60.63600158691406,60.41999816894531,60.59000015258789,361519.0
2026-06-12T09:40:00-04:00,60.58000183105469,60.599998474121094,59.94499969482422,60.119998931884766,945479.0
2026-06-12T09:45:00-04:00,60.130001068115234,60.209999084472656,59.91999816894531,60.1150016784668,658707.0
2026-06-12T09:50:00-04:00,60.11000061035156,60.189300537109375,59.939998626708984,59.994998931884766,340129.0
2026-06-12T09:55:00-04:00,59.9900016784668,60.05929946899414,59.8650016784668,59.93000030517578,318353.0
2026-06-12T10:00:00-04:00,59.939998626708984,60.29499816894531,59.900001525878906,60.224998474121094,619399.0
2026-06-12T10:05:00-04:00,60.224998474121094,60.33000183105469,59.95500183105469,60.33000183105469,301512.0
2026-06-12T10:10:00-04:00,60.3120002746582,60.33000183105469,60.119998931884766,60.185001373291016,227452.0
2026-06-12T10:15:00-04:00,60.165000915527344,60.380001068115234,60.14500045776367,60.16999816894531,174982.0
2026-06-12T10:20:00-04:00,60.15999984741211,60.2400016784668,60.04499816894531,60.13999938964844,166945.0
2026-06-12T10:25:00-04:00,60.150001525878906,60.27000045776367,60.119998931884766,60.16999816894531,184994.0
2026-06-12T10:30:00-04:00,60.18000030517578,60.22999954223633,60.040000915527344,60.20500183105469,191439.0
2026-06-12T10:35:00-04:00,60.19499969482422,60.41999816894531,60.189998626708984,60.279998779296875,324554.0
2026-06-12T10:40:00-04:00,60.28499984741211,60.310001373291016,60.060001373291016,60.135799407958984,173115.0
2026-06-12T10:45:00-04:00,60.130001068115234,60.150001525878906,59.875,60.08000183105469,418525.0
2026-06-12T10:50:00-04:00,60.07500076293945,60.70989990234375,59.994998931884766,60.70989990234375,848657.0
2026-06-12T10:55:00-04:00,60.68000030517578,60.709999084472656,60.529998779296875,60.625,218039.0
2026-06-12T11:00:00-04:00,60.619998931884766,60.72999954223633,60.47999954223633,60.57500076293945,303147.0
2026-06-12T11:05:00-04:00,60.56999969482422,60.7692985534668,60.540000915527344,60.683998107910156,214248.0
2026-06-12T11:10:00-04:00,60.68000030517578,60.8650016784668,60.68000030517578,60.84000015258789,181137.0
2026-06-12T11:15:00-04:00,60.849998474121094,61.0099983215332,60.81999969482422,60.905662536621094,139109.0
2026-06-12T11:20:00-04:00,60.90999984741211,61.380001068115234,60.83000183105469,61.31999969482422,468489.0
2026-06-12T11:25:00-04:00,61.319000244140625,61.54999923706055,61.189998626708984,61.27870178222656,458935.0
2026-06-12T11:30:00-04:00,61.275001525878906,61.30500030517578,61.08000183105469,61.154998779296875,225111.0
2026-06-12T11:35:00-04:00,61.15999984741211,61.34000015258789,61.09000015258789,61.2400016784668,335111.0
2026-06-12T11:40:00-04:00,61.22999954223633,61.25,61.04999923706055,61.10499954223633,192873.0
2026-06-12T11:45:00-04:00,61.11000061035156,61.19499969482422,60.939998626708984,60.959999084472656,166619.0
2026-06-12T11:50:00-04:00,60.970001220703125,61.150001525878906,60.93000030517578,61.11000061035156,183421.0
2026-06-12T11:55:00-04:00,61.11000061035156,61.150001525878906,60.97999954223633,61.02000045776367,113552.0
2026-06-12T12:00:00-04:00,61.02000045776367,61.06999969482422,60.915000915527344,60.95000076293945,115273.0
2026-06-12T12:05:00-04:00,60.93000030517578,61.179901123046875,60.880001068115234,60.9901008605957,100942.0
2026-06-12T12:10:00-04:00,60.9900016784668,61.30500030517578,60.94499969482422,61.220001220703125,442347.0
2026-06-12T12:15:00-04:00,61.224998474121094,61.560001373291016,61.220001220703125,61.27000045776367,286456.0
2026-06-12T12:20:00-04:00,61.26499938964844,61.380001068115234,61.179901123046875,61.29499816894531,196924.0
2026-06-12T12:25:00-04:00,61.29499816894531,61.375,61.2400016784668,61.279998779296875,122447.0
2026-06-12T12:30:00-04:00,61.279998779296875,61.31999969482422,61.23500061035156,61.28020095825195,113070.0
2026-06-12T12:35:00-04:00,61.27009963989258,61.369998931884766,61.165000915527344,61.34989929199219,122894.0
2026-06-12T12:40:00-04:00,61.3484001159668,61.5,61.290000915527344,61.30540084838867,117740.0
2026-06-12T12:45:00-04:00,61.310001373291016,61.375,61.244998931884766,61.369998931884766,64879.0
2026-06-12T12:50:00-04:00,61.36000061035156,61.380001068115234,61.22999954223633,61.26499938964844,700955.0
2026-06-12T12:55:00-04:00,61.27000045776367,61.29999923706055,61.20000076293945,61.25,245162.0
2026-06-12T13:00:00-04:00,61.244998931884766,61.290000915527344,61.16999816894531,61.290000915527344,133559.0
2026-06-12T13:05:00-04:00,61.29499816894531,61.529998779296875,61.27000045776367,61.345001220703125,274904.0
2026-06-12T13:10:00-04:00,61.345001220703125,61.380001068115234,61.2400016784668,61.35499954223633,266610.0
2026-06-12T13:15:00-04:00,61.34000015258789,61.345001220703125,61.19499969482422,61.29999923706055,117600.0
2026-06-12T13:20:00-04:00,61.310001373291016,61.45500183105469,61.290000915527344,61.439998626708984,193558.0
2026-06-12T13:25:00-04:00,61.439998626708984,61.44499969482422,61.31999969482422,61.37929916381836,60752.0
2026-06-12T13:30:00-04:00,61.380001068115234,61.38999938964844,61.279998779296875,61.377899169921875,73290.0
2026-06-12T13:35:00-04:00,61.3650016784668,61.41999816894531,61.32500076293945,61.349998474121094,121049.0
2026-06-12T13:40:00-04:00,61.34574890136719,61.61000061035156,61.31999969482422,61.58000183105469,243483.0
2026-06-12T13:45:00-04:00,61.56999969482422,61.65999984741211,61.525001525878906,61.60499954223633,236178.0
2026-06-12T13:50:00-04:00,61.60499954223633,61.65999984741211,61.5900993347168,61.63999938964844,156162.0
2026-06-12T13:55:00-04:00,61.630001068115234,61.630001068115234,61.470001220703125,61.54499816894531,140560.0
2026-06-12T14:00:00-04:00,61.54999923706055,61.609901428222656,61.525001525878906,61.525001525878906,70702.0
2026-06-12T14:05:00-04:00,61.535099029541016,61.55500030517578,61.48649978637695,61.540000915527344,107583.0
2026-06-12T14:10:00-04:00,61.540000915527344,61.69599914550781,61.5099983215332,61.654998779296875,147630.0
2026-06-12T14:15:00-04:00,61.619998931884766,61.665000915527344,61.59000015258789,61.65999984741211,106325.0
2026-06-12T14:20:00-04:00,61.650001525878906,61.72999954223633,61.63999938964844,61.6693000793457,69109.0
2026-06-12T14:25:00-04:00,61.65999984741211,61.73500061035156,61.63999938964844,61.724998474121094,140572.0
2026-06-12T14:30:00-04:00,61.72999954223633,61.73575210571289,61.65999984741211,61.70500183105469,76022.0
2026-06-12T14:35:00-04:00,61.70575714111328,61.7400016784668,61.69499969482422,61.709999084472656,104962.0
2026-06-12T14:40:00-04:00,61.71009826660156,61.82500076293945,61.71009826660156,61.79890060424805,130323.0
2026-06-12T14:45:00-04:00,61.79990005493164,61.79990005493164,61.599998474121094,61.61000061035156,71368.0
2026-06-12T14:50:00-04:00,61.60499954223633,61.63990020751953,61.56999969482422,61.630001068115234,94112.0
2026-06-12T14:55:00-04:00,61.619998931884766,61.63999938964844,61.390201568603516,61.40999984741211,127633.0
2026-06-12T15:00:00-04:00,61.40999984741211,61.540000915527344,61.404998779296875,61.52000045776367,99301.0
2026-06-12T15:05:00-04:00,61.52000045776367,61.560001373291016,61.439998626708984,61.4900016784668,82267.0
2026-06-12T15:10:00-04:00,61.494998931884766,61.529998779296875,61.45000076293945,61.4900016784668,64262.0
2026-06-12T15:15:00-04:00,61.47999954223633,61.47999954223633,61.349998474121094,61.41680145263672,91296.0
2026-06-12T15:20:00-04:00,61.415000915527344,61.415000915527344,61.349998474121094,61.35070037841797,107781.0
2026-06-12T15:25:00-04:00,61.35499954223633,61.38100051879883,61.31999969482422,61.34000015258789,100109.0
2026-06-12T15:30:00-04:00,61.349998474121094,61.349998474121094,61.189998626708984,61.195960998535156,106850.0
2026-06-12T15:35:00-04:00,61.19499969482422,61.380001068115234,61.14500045776367,61.25,509170.0
2026-06-12T15:40:00-04:00,61.2400016784668,61.290000915527344,61.16999816894531,61.189998626708984,212524.0
2026-06-12T15:45:00-04:00,61.185001373291016,61.2156982421875,61.147300720214844,61.20500183105469,136618.0
2026-06-12T15:50:00-04:00,61.209999084472656,61.26499938964844,61.150001525878906,61.18000030517578,716663.0
2026-06-12T15:55:00-04:00,61.18000030517578,61.310001373291016,61.16999816894531,61.279998779296875,595046.0
2026-06-15T09:30:00-04:00,64.27999877929688,64.5,64.2699966430664,64.30999755859375,3031210.0
2026-06-15T09:35:00-04:00,64.30999755859375,64.33000183105469,64.16500091552734,64.2300033569336,1193697.0
2026-06-15T09:40:00-04:00,64.2300033569336,64.33999633789062,64.125,64.24500274658203,523371.0
2026-06-15T09:45:00-04:00,64.2300033569336,64.23999786376953,64.11000061035156,64.21499633789062,347431.0
2026-06-15T09:50:00-04:00,64.21499633789062,64.26000213623047,64.11000061035156,64.25,251884.0
2026-06-15T09:55:00-04:00,64.23999786376953,64.4000015258789,64.22000122070312,64.25,284514.0
2026-06-15T10:00:00-04:00,64.25499725341797,64.37000274658203,64.19000244140625,64.31009674072266,843328.0
2026-06-15T10:05:00-04:00,64.30999755859375,64.47000122070312,64.29499816894531,64.40499877929688,362079.0
2026-06-15T10:10:00-04:00,64.41000366210938,64.41000366210938,64.0199966430664,64.06500244140625,492090.0
2026-06-15T10:15:00-04:00,64.06999969482422,64.19000244140625,64.05999755859375,64.19000244140625,174777.0
2026-06-15T10:20:00-04:00,64.18499755859375,64.19999694824219,64.05500030517578,64.16999816894531,269723.0
2026-06-15T10:25:00-04:00,64.16000366210938,64.3499984741211,64.15989685058594,64.32499694824219,168581.0
2026-06-15T10:30:00-04:00,64.33499908447266,64.36000061035156,64.12000274658203,64.1500015258789,227399.0
2026-06-15T10:35:00-04:00,64.15499877929688,64.19999694824219,64.04499816894531,64.125,165730.0
2026-06-15T10:40:00-04:00,64.12999725341797,64.15350341796875,64.0,64.01499938964844,175872.0
2026-06-15T10:45:00-04:00,64.01499938964844,64.13999938964844,63.93000030517578,64.12000274658203,234328.0
2026-06-15T10:50:00-04:00,64.12999725341797,64.16500091552734,64.00499725341797,64.04499816894531,222677.0
2026-06-15T10:55:00-04:00,64.04000091552734,64.06999969482422,63.959999084472656,63.970001220703125,192740.0
2026-06-15T11:00:00-04:00,63.959999084472656,64.01499938964844,63.904998779296875,63.98500061035156,178050.0
2026-06-15T11:05:00-04:00,63.97999954223633,64.0250015258789,63.86000061035156,63.900001525878906,174625.0
2026-06-15T11:10:00-04:00,63.900001525878906,63.900001525878906,63.66999816894531,63.76499938964844,238899.0
2026-06-15T11:15:00-04:00,63.76499938964844,63.900001525878906,63.73500061035156,63.7599983215332,152221.0
2026-06-15T11:20:00-04:00,63.75,63.92499923706055,63.72999954223633,63.90950012207031,109314.0
2026-06-15T11:25:00-04:00,63.900001525878906,63.974998474121094,63.86000061035156,63.900001525878906,95760.0
2026-06-15T11:30:00-04:00,63.89500045776367,63.959999084472656,63.7599983215332,63.939998626708984,616015.0
2026-06-15T11:35:00-04:00,63.95000076293945,64.0199966430664,63.92499923706055,63.993499755859375,120286.0
2026-06-15T11:40:00-04:00,63.985477447509766,64.08499908447266,63.96989822387695,64.01000213623047,184921.0
2026-06-15T11:45:00-04:00,64.01000213623047,64.08000183105469,63.97999954223633,64.04499816894531,397135.0
2026-06-15T11:50:00-04:00,64.04499816894531,64.06500244140625,63.970001220703125,63.9900016784668,386921.0
2026-06-15T11:55:00-04:00,63.98500061035156,64.0093002319336,63.915000915527344,63.91999816894531,659380.0
2026-06-15T12:00:00-04:00,63.91999816894531,63.95000076293945,63.86000061035156,63.95000076293945,169498.0
2026-06-15T12:05:00-04:00,63.95989990234375,63.97999954223633,63.78010177612305,63.790000915527344,219965.0
2026-06-15T12:10:00-04:00,63.79999923706055,63.81999969482422,63.7400016784668,63.79999923706055,92694.0
2026-06-15T12:15:00-04:00,63.790000915527344,63.834999084472656,63.64099884033203,63.67499923706055,159572.0
2026-06-15T12:20:00-04:00,63.67499923706055,63.689998626708984,63.53990173339844,63.559898376464844,126460.0
2026-06-15T12:25:00-04:00,63.540000915527344,63.650001525878906,63.47999954223633,63.619998931884766,287083.0
2026-06-15T12:30:00-04:00,63.6150016784668,63.665000915527344,63.5098991394043,63.5900993347168,108331.0
2026-06-15T12:35:00-04:00,63.595001220703125,63.599998474121094,63.52000045776367,63.525001525878906,126330.0
2026-06-15T12:40:00-04:00,63.529998779296875,63.577999114990234,63.459999084472656,63.53499984741211,105882.0
2026-06-15T12:45:00-04:00,63.53499984741211,63.61000061035156,63.53300094604492,63.560001373291016,108827.0
2026-06-15T12:50:00-04:00,63.56999969482422,63.599998474121094,63.540000915527344,63.59000015258789,72030.0
2026-06-15T12:55:00-04:00,63.599998474121094,63.654998779296875,63.54999923706055,63.61000061035156,54475.0
2026-06-15T13:00:00-04:00,63.60499954223633,63.60499954223633,63.39500045776367,63.435001373291016,111792.0
2026-06-15T13:05:00-04:00,63.435001373291016,63.5,63.349998474121094,63.470001220703125,192579.0
2026-06-15T13:10:00-04:00,63.459999084472656,63.52989959716797,63.439998626708984,63.47990036010742,68361.0
2026-06-15T13:15:00-04:00,63.470001220703125,63.4900016784668,63.34000015258789,63.3650016784668,69560.0
2026-06-15T13:20:00-04:00,63.349998474121094,63.45000076293945,63.349998474121094,63.45000076293945,91974.0
2026-06-15T13:25:00-04:00,63.44499969482422,63.5099983215332,63.43000030517578,63.435001373291016,142458.0
2026-06-15T13:30:00-04:00,63.435001373291016,63.44499969482422,63.380001068115234,63.3849983215332,106412.0
2026-06-15T13:35:00-04:00,63.380001068115234,63.45000076293945,63.290000915527344,63.42789840698242,139340.0
2026-06-15T13:40:00-04:00,63.41999816894531,63.43000030517578,63.28499984741211,63.314998626708984,74121.0
2026-06-15T13:45:00-04:00,63.32500076293945,63.3765983581543,63.279998779296875,63.33000183105469,100135.0
2026-06-15T13:50:00-04:00,63.34000015258789,63.375701904296875,63.290000915527344,63.31060028076172,139331.0
2026-06-15T13:55:00-04:00,63.310001373291016,63.439998626708984,63.30500030517578,63.435001373291016,218270.0
2026-06-15T14:00:00-04:00,63.43000030517578,63.43000030517578,63.2400016784668,63.30500030517578,224570.0
2026-06-15T14:05:00-04:00,63.30500030517578,63.36989974975586,63.27000045776367,63.36000061035156,115127.0
2026-06-15T14:10:00-04:00,63.36000061035156,63.44499969482422,63.35499954223633,63.439998626708984,48383.0
2026-06-15T14:15:00-04:00,63.45000076293945,63.46549987792969,63.38999938964844,63.41999816894531,50160.0
2026-06-15T14:20:00-04:00,63.41999816894531,63.54999923706055,63.41999816894531,63.529998779296875,78853.0
2026-06-15T14:25:00-04:00,63.525001525878906,63.549800872802734,63.400001525878906,63.42499923706055,190325.0
2026-06-15T14:30:00-04:00,63.41999816894531,63.42499923706055,63.34000015258789,63.38999938964844,65952.0
2026-06-15T14:35:00-04:00,63.38999938964844,63.439998626708984,63.369998931884766,63.42499923706055,39386.0
2026-06-15T14:40:00-04:00,63.42499923706055,63.459999084472656,63.40010070800781,63.41749954223633,45656.0
2026-06-15T14:45:00-04:00,63.41999816894531,63.41999816894531,63.39500045776367,63.40999984741211,67695.0
2026-06-15T14:50:00-04:00,63.41999816894531,63.47999954223633,63.40999984741211,63.47999954223633,85610.0
2026-06-15T14:55:00-04:00,63.47999954223633,63.52000045776367,63.470001220703125,63.4900016784668,143652.0
2026-06-15T15:00:00-04:00,63.494998931884766,63.5099983215332,63.38999938964844,63.415000915527344,65573.0
2026-06-15T15:05:00-04:00,63.40999984741211,63.41999816894531,63.334999084472656,63.36000061035156,112821.0
2026-06-15T15:10:00-04:00,63.36000061035156,63.380001068115234,63.29029846191406,63.37009811401367,70790.0
2026-06-15T15:15:00-04:00,63.370201110839844,63.41999816894531,63.369998931884766,63.41999816894531,46918.0
2026-06-15T15:20:00-04:00,63.43000030517578,63.45500183105469,63.404998779296875,63.42499923706055,341078.0
2026-06-15T15:25:00-04:00,63.43000030517578,63.435001373291016,63.349998474121094,63.3650016784668,196318.0
2026-06-15T15:30:00-04:00,63.36000061035156,63.415000915527344,63.34000015258789,63.39500045776367,219240.0
2026-06-15T15:35:00-04:00,63.38999938964844,63.38999938964844,63.33000183105469,63.37990188598633,127751.0
2026-06-15T15:40:00-04:00,63.380001068115234,63.425498962402344,63.35499954223633,63.3849983215332,219383.0
2026-06-15T15:45:00-04:00,63.3849983215332,63.404998779296875,63.375,63.39500045776367,135846.0
2026-06-15T15:50:00-04:00,63.38999938964844,63.470001220703125,63.34000015258789,63.46500015258789,334656.0
2026-06-15T15:55:00-04:00,63.459999084472656,63.505001068115234,63.43000030517578,63.470001220703125,623989.0
2026-06-16T09:30:00-04:00,63.70000076293945,63.83000183105469,63.689998626708984,63.7599983215332,1245730.0
2026-06-16T09:35:00-04:00,63.7599983215332,63.845001220703125,63.689998626708984,63.720001220703125,393226.0
2026-06-16T09:40:00-04:00,63.720001220703125,63.79930114746094,63.68000030517578,63.744998931884766,102215.0
2026-06-16T09:45:00-04:00,63.755001068115234,63.779998779296875,63.540000915527344,63.61000061035156,169595.0
2026-06-16T09:50:00-04:00,63.60499954223633,63.654998779296875,63.52000045776367,63.6150016784668,141197.0
2026-06-16T09:55:00-04:00,63.619998931884766,63.63999938964844,63.435001373291016,63.47999954223633,164883.0
2026-06-16T10:00:00-04:00,63.4900016784668,63.67499923706055,63.4900016784668,63.67499923706055,111115.0
2026-06-16T10:05:00-04:00,63.67499923706055,63.68000030517578,63.4900016784668,63.505001068115234,124992.0
2026-06-16T10:10:00-04:00,63.5099983215332,63.56999969482422,63.48500061035156,63.54499816894531,107624.0
2026-06-16T10:15:00-04:00,63.53499984741211,63.54999923706055,63.09000015258789,63.11000061035156,315956.0
2026-06-16T10:20:00-04:00,63.11000061035156,63.16999816894531,63.040000915527344,63.15999984741211,361387.0
2026-06-16T10:25:00-04:00,63.15999984741211,63.165000915527344,62.86000061035156,62.935001373291016,421268.0
2026-06-16T10:30:00-04:00,62.935001373291016,63.0,62.7599983215332,62.908599853515625,421763.0
2026-06-16T10:35:00-04:00,62.900001525878906,63.15999984741211,62.900001525878906,63.158599853515625,177144.0
2026-06-16T10:40:00-04:00,63.13999938964844,63.290000915527344,63.119998931884766,63.17499923706055,160912.0
2026-06-16T10:45:00-04:00,63.17499923706055,63.20000076293945,63.060001373291016,63.10499954223633,108727.0
2026-06-16T10:50:00-04:00,63.11000061035156,63.21500015258789,63.099998474121094,63.18000030517578,152820.0
2026-06-16T10:55:00-04:00,63.16999816894531,63.16999816894531,63.02000045776367,63.097198486328125,149636.0
2026-06-16T11:00:00-04:00,63.099998474121094,63.13999938964844,62.9900016784668,63.02000045776367,152991.0
2026-06-16T11:05:00-04:00,63.040000915527344,63.15999984741211,63.029998779296875,63.122798919677734,104702.0
2026-06-16T11:10:00-04:00,63.130001068115234,63.150001525878906,63.029998779296875,63.1150016784668,97514.0
2026-06-16T11:15:00-04:00,63.119998931884766,63.22999954223633,63.07500076293945,63.125,188955.0
2026-06-16T11:20:00-04:00,63.119998931884766,63.220001220703125,63.099998474121094,63.11009979248047,187726.0
2026-06-16T11:25:00-04:00,63.11000061035156,63.20989990234375,63.095001220703125,63.18000030517578,156097.0
2026-06-16T11:30:00-04:00,63.185001373291016,63.31990051269531,63.040000915527344,63.27989959716797,267174.0
2026-06-16T11:35:00-04:00,63.279998779296875,63.31999969482422,63.15999984741211,63.22999954223633,167460.0
2026-06-16T11:40:00-04:00,63.22999954223633,63.2400016784668,63.189998626708984,63.209999084472656,111332.0
2026-06-16T11:45:00-04:00,63.20000076293945,63.20000076293945,62.96500015258789,63.08000183105469,182347.0
2026-06-16T11:50:00-04:00,63.084999084472656,63.42499923706055,63.06999969482422,63.400001525878906,189005.0
2026-06-16T11:55:00-04:00,63.40010070800781,63.58000183105469,63.3650016784668,63.369998931884766,194246.0
2026-06-16T12:00:00-04:00,63.36000061035156,63.45000076293945,63.36000061035156,63.38990020751953,74426.0
2026-06-16T12:05:00-04:00,63.400001525878906,63.55500030517578,63.38999938964844,63.525001525878906,92189.0
2026-06-16T12:10:00-04:00,63.540000915527344,63.59000015258789,63.5,63.57500076293945,151958.0
2026-06-16T12:15:00-04:00,63.56999969482422,63.595401763916016,63.525001525878906,63.58000183105469,97110.0
2026-06-16T12:20:00-04:00,63.58000183105469,63.58000183105469,63.459999084472656,63.540000915527344,189108.0
2026-06-16T12:25:00-04:00,63.53499984741211,63.61000061035156,63.5,63.5900993347168,73279.0
2026-06-16T12:30:00-04:00,63.599998474121094,63.599998474121094,63.46500015258789,63.47990036010742,88568.0
2026-06-16T12:35:00-04:00,63.474998474121094,63.54999923706055,63.41999816894531,63.529998779296875,411990.0
2026-06-16T12:40:00-04:00,63.52000045776367,63.56650161743164,63.5099983215332,63.540000915527344,68682.0
2026-06-16T12:45:00-04:00,63.540000915527344,63.59000015258789,63.529998779296875,63.540000915527344,74223.0
2026-06-16T12:50:00-04:00,63.54499816894531,63.57500076293945,63.44499969482422,63.459999084472656,120641.0
2026-06-16T12:55:00-04:00,63.45610046386719,63.474998474121094,63.3849983215332,63.39500045776367,38667.0
2026-06-16T13:00:00-04:00,63.400001525878906,63.41999816894531,63.3650016784668,63.40999984741211,80321.0
2026-06-16T13:05:00-04:00,63.400001525878906,63.459800720214844,63.380001068115234,63.38999938964844,54855.0
2026-06-16T13:10:00-04:00,63.3849983215332,63.400001525878906,63.290000915527344,63.30500030517578,113365.0
2026-06-16T13:15:00-04:00,63.29999923706055,63.31999969482422,63.16999816894531,63.17410659790039,278080.0
2026-06-16T13:20:00-04:00,63.16999816894531,63.27000045776367,63.08000183105469,63.2400016784668,234744.0
2026-06-16T13:25:00-04:00,63.2599983215332,63.314998626708984,63.19499969482422,63.30455780029297,127375.0
2026-06-16T13:30:00-04:00,63.29999923706055,63.369998931884766,63.279998779296875,63.35499954223633,196968.0
2026-06-16T13:35:00-04:00,63.35499954223633,63.435001373291016,63.32500076293945,63.380001068115234,87023.0
2026-06-16T13:40:00-04:00,63.380001068115234,63.46500015258789,63.375,63.43000030517578,54590.0
2026-06-16T13:45:00-04:00,63.43009948730469,63.435001373291016,63.310001373291016,63.380001068115234,289914.0
2026-06-16T13:50:00-04:00,63.38999938964844,63.499900817871094,63.38999938964844,63.4900016784668,245555.0
2026-06-16T13:55:00-04:00,63.5,63.51499938964844,63.467498779296875,63.5098991394043,122744.0
2026-06-16T14:00:00-04:00,63.5099983215332,63.59000015258789,63.48500061035156,63.52000045776367,1556942.0
2026-06-16T14:05:00-04:00,63.51499938964844,63.54999923706055,63.474998474121094,63.52000045776367,182469.0
2026-06-16T14:10:00-04:00,63.51499938964844,63.65999984741211,63.51499938964844,63.64500045776367,67001.0
2026-06-16T14:15:00-04:00,63.640098571777344,63.70000076293945,63.55500030517578,63.570098876953125,81638.0
2026-06-16T14:20:00-04:00,63.584999084472656,63.60499954223633,63.54999923706055,63.560001373291016,75180.0
2026-06-16T14:25:00-04:00,63.560001373291016,63.65999984741211,63.54999923706055,63.64500045776367,78585.0
2026-06-16T14:30:00-04:00,63.630001068115234,63.685001373291016,63.599998474121094,63.60499954223633,70093.0
2026-06-16T14:35:00-04:00,63.599998474121094,63.599998474121094,63.53499984741211,63.53499984741211,34195.0
2026-06-16T14:40:00-04:00,63.53499984741211,63.54999923706055,63.51425552368164,63.52009963989258,42409.0
2026-06-16T14:45:00-04:00,63.529998779296875,63.56999969482422,63.47999954223633,63.48500061035156,77789.0
2026-06-16T14:50:00-04:00,63.48500061035156,63.560001373291016,63.480098724365234,63.54999923706055,440556.0
2026-06-16T14:55:00-04:00,63.54999923706055,63.59000015258789,63.54010009765625,63.57500076293945,69542.0
2026-06-16T15:00:00-04:00,63.564998626708984,63.65999984741211,63.54499816894531,63.63010025024414,95264.0
2026-06-16T15:05:00-04:00,63.63999938964844,63.65999984741211,63.59000015258789,63.60430145263672,103057.0
2026-06-16T15:10:00-04:00,63.60499954223633,63.61000061035156,63.529998779296875,63.53499984741211,52808.0
2026-06-16T15:15:00-04:00,63.5359992980957,63.56999969482422,63.44990158081055,63.56999969482422,118041.0
2026-06-16T15:20:00-04:00,63.56999969482422,63.619998931884766,63.55229949951172,63.589900970458984,60544.0
2026-06-16T15:25:00-04:00,63.584999084472656,63.60499954223633,63.54999923706055,63.584999084472656,1258273.0
2026-06-16T15:30:00-04:00,63.58000183105469,63.59000015258789,63.54499816894531,63.564998626708984,79552.0
2026-06-16T15:35:00-04:00,63.56999969482422,63.584999084472656,63.459999084472656,63.494998931884766,182325.0
2026-06-16T15:40:00-04:00,63.494998931884766,63.529998779296875,63.4900016784668,63.510101318359375,84987.0
2026-06-16T15:45:00-04:00,63.5099983215332,63.540000915527344,63.459999084472656,63.474998474121094,124422.0
2026-06-16T15:50:00-04:00,63.47999954223633,63.52000045776367,63.349998474121094,63.375,269801.0
2026-06-16T15:55:00-04:00,63.3650016784668,63.40999984741211,63.33000183105469,63.400001525878906,393730.0
2026-06-17T09:30:00-04:00,63.54399871826172,63.574798583984375,63.40999984741211,63.459999084472656,791056.0
2026-06-17T09:35:00-04:00,63.470001220703125,63.64500045776367,63.43199920654297,63.54999923706055,257143.0
2026-06-17T09:40:00-04:00,63.54999923706055,63.65999984741211,63.50899887084961,63.649898529052734,324546.0
2026-06-17T09:45:00-04:00,63.63999938964844,63.709999084472656,63.529998779296875,63.53499984741211,180116.0
2026-06-17T09:50:00-04:00,63.529998779296875,63.625,63.404998779296875,63.435001373291016,146273.0
2026-06-17T09:55:00-04:00,63.435001373291016,63.52000045776367,63.39500045776367,63.39500045776367,188316.0
2026-06-17T10:00:00-04:00,63.400001525878906,63.560001373291016,63.369998931884766,63.55500030517578,165410.0
2026-06-17T10:05:00-04:00,63.54999923706055,63.709999084472656,63.529998779296875,63.58000183105469,127251.0
2026-06-17T10:10:00-04:00,63.59000015258789,63.67499923706055,63.55009841918945,63.599998474121094,126976.0
2026-06-17T10:15:00-04:00,63.61000061035156,63.625,63.54999923706055,63.584999084472656,491248.0
2026-06-17T10:20:00-04:00,63.59000015258789,64.04000091552734,63.58000183105469,63.93000030517578,221059.0
2026-06-17T10:25:00-04:00,63.93000030517578,63.9900016784668,63.8650016784668,63.97569274902344,187642.0
2026-06-17T10:30:00-04:00,63.97999954223633,64.08989715576172,63.939998626708984,64.05500030517578,281571.0
2026-06-17T10:35:00-04:00,64.05000305175781,64.05000305175781,63.77000045776367,63.84000015258789,212840.0
2026-06-17T10:40:00-04:00,63.84000015258789,63.90999984741211,63.779998779296875,63.85499954223633,122991.0
2026-06-17T10:45:00-04:00,63.849998474121094,63.9099006652832,63.2599983215332,63.61000061035156,882261.0
2026-06-17T10:50:00-04:00,63.630001068115234,63.810001373291016,63.584999084472656,63.68000030517578,207816.0
2026-06-17T10:55:00-04:00,63.68000030517578,63.720001220703125,63.54999923706055,63.560001373291016,116812.0
2026-06-17T11:00:00-04:00,63.56999969482422,63.63529968261719,63.4900016784668,63.61000061035156,189128.0
2026-06-17T11:05:00-04:00,63.630001068115234,63.69990158081055,63.56999969482422,63.597999572753906,79754.0
2026-06-17T11:10:00-04:00,63.59000015258789,63.689998626708984,63.5620002746582,63.68000030517578,235698.0
2026-06-17T11:15:00-04:00,63.68000030517578,63.83000183105469,63.63999938964844,63.790000915527344,106759.0
2026-06-17T11:20:00-04:00,63.810001373291016,63.90999984741211,63.79499816894531,63.88999938964844,147800.0
2026-06-17T11:25:00-04:00,63.900001525878906,63.920101165771484,63.85499954223633,63.88999938964844,91208.0
2026-06-17T11:30:00-04:00,63.89500045776367,63.95000076293945,63.845001220703125,63.86000061035156,91852.0
2026-06-17T11:35:00-04:00,63.86000061035156,63.875,63.790000915527344,63.875,75749.0
2026-06-17T11:40:00-04:00,63.875,63.875,63.78499984741211,63.849998474121094,50310.0
2026-06-17T11:45:00-04:00,63.86000061035156,63.93000030517578,63.849998474121094,63.904998779296875,78697.0
2026-06-17T11:50:00-04:00,63.904998779296875,63.959999084472656,63.900001525878906,63.91999816894531,100936.0
2026-06-17T11:55:00-04:00,63.91999816894531,63.9900016784668,63.91999816894531,63.959999084472656,775419.0
2026-06-17T12:00:00-04:00,63.959999084472656,64.0199966430664,63.880001068115234,63.88999938964844,150951.0
2026-06-17T12:05:00-04:00,63.88999938964844,63.95500183105469,63.875,63.935001373291016,127023.0
2026-06-17T12:10:00-04:00,63.935001373291016,63.94499969482422,63.880001068115234,63.94499969482422,54930.0
2026-06-17T12:15:00-04:00,63.94499969482422,63.974998474121094,63.86000061035156,63.974998474121094,68302.0
2026-06-17T12:20:00-04:00,63.974998474121094,63.9911003112793,63.93920135498047,63.95899963378906,72600.0
2026-06-17T12:25:00-04:00,63.95000076293945,64.00499725341797,63.93000030517578,63.96500015258789,53082.0
2026-06-17T12:30:00-04:00,63.96500015258789,63.974998474121094,63.900001525878906,63.900001525878906,51183.0
2026-06-17T12:35:00-04:00,63.900001525878906,63.900001525878906,63.79999923706055,63.80500030517578,62810.0
2026-06-17T12:40:00-04:00,63.79999923706055,63.84000015258789,63.709999084472656,63.84000015258789,55023.0
2026-06-17T12:45:00-04:00,63.83000183105469,63.84000015258789,63.78499984741211,63.800201416015625,42328.0
2026-06-17T12:50:00-04:00,63.79499816894531,63.82500076293945,63.755001068115234,63.755001068115234,85412.0
2026-06-17T12:55:00-04:00,63.755001068115234,63.83000183105469,63.755001068115234,63.83000183105469,75214.0
2026-06-17T13:00:00-04:00,63.83000183105469,63.88999938964844,63.790000915527344,63.790000915527344,167439.0
2026-06-17T13:05:00-04:00,63.80500030517578,63.900001525878906,63.709999084472656,63.880001068115234,168350.0
2026-06-17T13:10:00-04:00,63.8849983215332,63.93000030517578,63.86000061035156,63.88999938964844,57092.0
2026-06-17T13:15:00-04:00,63.8650016784668,63.88999938964844,63.750099182128906,63.86000061035156,76478.0
2026-06-17T13:20:00-04:00,63.849998474121094,63.95000076293945,63.83000183105469,63.940101623535156,125559.0
2026-06-17T13:25:00-04:00,63.939998626708984,64.04000091552734,63.939998626708984,63.994998931884766,91540.0
2026-06-17T13:30:00-04:00,64.0,64.43000030517578,63.980201721191406,64.3499984741211,386131.0
2026-06-17T13:35:00-04:00,64.33999633789062,64.33999633789062,64.16999816894531,64.30000305175781,213180.0
2026-06-17T13:40:00-04:00,64.30500030517578,64.66999816894531,64.28990173339844,64.56500244140625,613191.0
2026-06-17T13:45:00-04:00,64.56500244140625,64.69000244140625,64.45999908447266,64.50499725341797,274470.0
2026-06-17T13:50:00-04:00,64.5,64.55000305175781,64.42500305175781,64.44999694824219,106997.0
2026-06-17T13:55:00-04:00,64.45999908447266,64.5199966430664,64.42500305175781,64.4800033569336,160690.0
2026-06-17T14:00:00-04:00,64.44999694824219,64.48999786376953,62.880001068115234,62.8849983215332,1753012.0
2026-06-17T14:05:00-04:00,62.880001068115234,62.959999084472656,62.15999984741211,62.38999938964844,1412751.0
2026-06-17T14:10:00-04:00,62.380001068115234,62.40999984741211,62.06999969482422,62.15999984741211,968342.0
2026-06-17T14:15:00-04:00,62.1599006652832,62.834999084472656,62.119998931884766,62.77899932861328,721115.0
2026-06-17T14:20:00-04:00,62.77989959716797,62.79999923706055,62.45000076293945,62.46009826660156,398298.0
2026-06-17T14:25:00-04:00,62.459999084472656,62.540000915527344,62.279998779296875,62.52989959716797,447217.0
2026-06-17T14:30:00-04:00,62.52000045776367,63.060001373291016,62.119998931884766,62.20000076293945,1270976.0
2026-06-17T14:35:00-04:00,62.18000030517578,63.0099983215332,62.16999816894531,62.79999923706055,587676.0
2026-06-17T14:40:00-04:00,62.810001373291016,63.369998931884766,62.70000076293945,63.29999923706055,816424.0
2026-06-17T14:45:00-04:00,63.27000045776367,63.540000915527344,63.130401611328125,63.25,607254.0
2026-06-17T14:50:00-04:00,63.255001068115234,63.369998931884766,63.08000183105469,63.099998474121094,428386.0
2026-06-17T14:55:00-04:00,63.09000015258789,63.099998474121094,62.27000045776367,62.52000045776367,694914.0
2026-06-17T15:00:00-04:00,62.52000045776367,62.685001373291016,62.02000045776367,62.03499984741211,694591.0
2026-06-17T15:05:00-04:00,62.040000915527344,62.16999816894531,61.76900100708008,62.0,1125457.0
2026-06-17T15:10:00-04:00,61.9900016784668,62.13999938964844,61.72999954223633,62.0,695608.0
2026-06-17T15:15:00-04:00,61.9900016784668,62.02000045776367,61.59000015258789,61.59000015258789,577155.0
2026-06-17T15:20:00-04:00,61.584999084472656,61.64500045776367,61.31999969482422,61.375,607075.0
2026-06-17T15:25:00-04:00,61.375,61.630001068115234,61.09000015258789,61.099998474121094,664600.0
2026-06-17T15:30:00-04:00,61.099998474121094,61.11000061035156,60.82500076293945,60.91999816894531,876935.0
2026-06-17T15:35:00-04:00,60.93000030517578,61.02000045776367,60.400001525878906,60.41999816894531,1381318.0
2026-06-17T15:40:00-04:00,60.41999816894531,60.665000915527344,60.3849983215332,60.52000045776367,1580118.0
2026-06-17T15:45:00-04:00,60.529998779296875,60.790000915527344,60.5099983215332,60.65999984741211,959851.0
2026-06-17T15:50:00-04:00,60.650001525878906,60.935001373291016,60.560001373291016,60.70000076293945,1210705.0
2026-06-17T15:55:00-04:00,60.70000076293945,60.845001220703125,60.57500076293945,60.619998931884766,1290382.0
2026-06-18T09:30:00-04:00,60.7400016784668,61.119998931884766,60.7400016784668,61.0,2909940.0
2026-06-18T09:35:00-04:00,60.9900016784668,61.095001220703125,60.900001525878906,61.04999923706055,334661.0
2026-06-18T09:40:00-04:00,61.04999923706055,61.060001373291016,60.81999969482422,60.8650016784668,335011.0
2026-06-18T09:45:00-04:00,60.869998931884766,60.939998626708984,60.560001373291016,60.724998474121094,359432.0
2026-06-18T09:50:00-04:00,60.720001220703125,60.7400016784668,60.490501403808594,60.599998474121094,410146.0
2026-06-18T09:55:00-04:00,60.60329818725586,60.61000061035156,60.36000061035156,60.54999923706055,336008.0
2026-06-18T10:00:00-04:00,60.54999923706055,60.60580062866211,60.251399993896484,60.439998626708984,418894.0
2026-06-18T10:05:00-04:00,60.439998626708984,60.56010055541992,60.29999923706055,60.400001525878906,302887.0
2026-06-18T10:10:00-04:00,60.39500045776367,60.415000915527344,60.275001525878906,60.31990051269531,218854.0
2026-06-18T10:15:00-04:00,60.30500030517578,60.37929916381836,60.11000061035156,60.345001220703125,382507.0
2026-06-18T10:20:00-04:00,60.345001220703125,60.474998474121094,60.22999954223633,60.38100051879883,183378.0
2026-06-18T10:25:00-04:00,60.380001068115234,60.47999954223633,60.151100158691406,60.16999816894531,340800.0
2026-06-18T10:30:00-04:00,60.150001525878906,60.275001525878906,60.08000183105469,60.275001525878906,234670.0
2026-06-18T10:35:00-04:00,60.279998779296875,60.369998931884766,60.220001220703125,60.27220153808594,252480.0
2026-06-18T10:40:00-04:00,60.27000045776367,60.279998779296875,59.81999969482422,59.90999984741211,481549.0
2026-06-18T10:45:00-04:00,59.900001525878906,59.939998626708984,59.7599983215332,59.869300842285156,314187.0
2026-06-18T10:50:00-04:00,59.849998474121094,59.9900016784668,59.72999954223633,59.96989822387695,262104.0
2026-06-18T10:55:00-04:00,59.970001220703125,60.165000915527344,59.95000076293945,60.11000061035156,278538.0
2026-06-18T11:00:00-04:00,60.11000061035156,60.16999816894531,59.91999816894531,60.04499816894531,194080.0
2026-06-18T11:05:00-04:00,60.040000915527344,60.119998931884766,60.01499938964844,60.06999969482422,827707.0
2026-06-18T11:10:00-04:00,60.06999969482422,60.06999969482422,59.790000915527344,59.80500030517578,149685.0
2026-06-18T11:15:00-04:00,59.810001373291016,59.90999984741211,59.70000076293945,59.790000915527344,358708.0
2026-06-18T11:20:00-04:00,59.79999923706055,59.95000076293945,59.779998779296875,59.810001373291016,250892.0
2026-06-18T11:25:00-04:00,59.81999969482422,59.86000061035156,59.63999938964844,59.67499923706055,1000841.0
2026-06-18T11:30:00-04:00,59.65999984741211,59.83000183105469,59.595001220703125,59.81999969482422,336445.0
2026-06-18T11:35:00-04:00,59.81999969482422,59.869998931884766,59.630001068115234,59.76499938964844,245481.0
2026-06-18T11:40:00-04:00,59.77000045776367,59.90999984741211,59.77000045776367,59.81990051269531,274152.0
2026-06-18T11:45:00-04:00,59.81999969482422,59.845001220703125,59.750099182128906,59.755001068115234,137274.0
2026-06-18T11:50:00-04:00,59.7599983215332,59.779998779296875,59.66999816894531,59.71500015258789,133937.0
2026-06-18T11:55:00-04:00,59.709999084472656,59.83000183105469,59.709999084472656,59.75,907183.0
2026-06-18T12:00:00-04:00,59.75,59.93000030517578,59.75,59.85499954223633,202858.0
2026-06-18T12:05:00-04:00,59.85499954223633,59.900001525878906,59.72999954223633,59.88100051879883,240285.0
2026-06-18T12:10:00-04:00,59.880001068115234,59.88990020751953,59.72999954223633,59.72999954223633,153259.0
2026-06-18T12:15:00-04:00,59.73500061035156,59.77000045776367,59.63999938964844,59.665000915527344,236785.0
2026-06-18T12:20:00-04:00,59.66999816894531,59.79499816894531,59.65999984741211,59.7401008605957,191120.0
2026-06-18T12:25:00-04:00,59.744998931884766,59.814998626708984,59.70500183105469,59.77000045776367,128828.0
2026-06-18T12:30:00-04:00,59.775001525878906,59.915000915527344,59.71500015258789,59.73500061035156,290945.0
2026-06-18T12:35:00-04:00,59.73500061035156,59.755001068115234,59.57500076293945,59.755001068115234,329171.0
2026-06-18T12:40:00-04:00,59.7599983215332,59.84349822998047,59.73500061035156,59.77000045776367,119169.0
2026-06-18T12:45:00-04:00,59.77000045776367,59.77000045776367,59.66999816894531,59.67679977416992,145834.0
2026-06-18T12:50:00-04:00,59.670101165771484,59.77000045776367,59.64500045776367,59.72999954223633,280068.0
2026-06-18T12:55:00-04:00,59.724998474121094,59.790000915527344,59.62009811401367,59.790000915527344,288725.0
2026-06-18T13:00:00-04:00,59.79999923706055,59.84000015258789,59.73500061035156,59.834999084472656,127924.0
2026-06-18T13:05:00-04:00,59.834999084472656,59.91999816894531,59.81999969482422,59.834999084472656,437508.0
2026-06-18T13:10:00-04:00,59.84000015258789,59.89890670776367,59.753501892089844,59.88800048828125,203497.0
2026-06-18T13:15:00-04:00,59.880001068115234,60.02000045776367,59.875,59.93000030517578,507340.0
2026-06-18T13:20:00-04:00,59.92070007324219,60.025001525878906,59.849998474121094,59.85499954223633,202678.0
2026-06-18T13:25:00-04:00,59.849998474121094,59.86000061035156,59.689998626708984,59.70000076293945,335075.0
2026-06-18T13:30:00-04:00,59.69499969482422,59.709999084472656,59.53499984741211,59.540000915527344,508270.0
2026-06-18T13:35:00-04:00,59.540000915527344,59.619998931884766,59.47999954223633,59.51499938964844,362930.0
2026-06-18T13:40:00-04:00,59.52000045776367,59.72999954223633,59.5099983215332,59.68000030517578,325035.0
2026-06-18T13:45:00-04:00,59.67499923706055,59.740299224853516,59.665000915527344,59.709999084472656,134479.0
2026-06-18T13:50:00-04:00,59.709999084472656,59.81610107421875,59.709999084472656,59.810001373291016,136998.0
2026-06-18T13:55:00-04:00,59.80500030517578,59.849998474121094,59.790000915527344,59.80099868774414,282557.0
2026-06-18T14:00:00-04:00,59.810001373291016,59.81990051269531,59.720001220703125,59.73500061035156,80779.0
2026-06-18T14:05:00-04:00,59.75,59.86000061035156,59.7401008605957,59.834999084472656,168036.0
2026-06-18T14:10:00-04:00,59.830101013183594,59.845001220703125,59.72999954223633,59.7400016784668,138591.0
2026-06-18T14:15:00-04:00,59.74428939819336,59.769901275634766,59.665000915527344,59.75,102024.0
2026-06-18T14:20:00-04:00,59.75,59.77000045776367,59.665000915527344,59.720001220703125,77732.0
2026-06-18T14:25:00-04:00,59.720001220703125,59.81999969482422,59.71500015258789,59.73500061035156,104739.0
2026-06-18T14:30:00-04:00,59.7400016784668,59.7400016784668,59.63999938964844,59.66999816894531,189742.0
2026-06-18T14:35:00-04:00,59.665000915527344,59.68000030517578,59.525001525878906,59.55500030517578,347371.0
2026-06-18T14:40:00-04:00,59.560001373291016,59.66999816894531,59.54999923706055,59.66999816894531,86129.0
2026-06-18T14:45:00-04:00,59.665000915527344,59.68000030517578,59.54499816894531,59.58000183105469,181613.0
2026-06-18T14:50:00-04:00,59.57500076293945,59.61750030517578,59.52000045776367,59.59299850463867,212124.0
2026-06-18T14:55:00-04:00,59.595001220703125,59.625,59.53499984741211,59.53499984741211,236940.0
2026-06-18T15:00:00-04:00,59.540000915527344,59.54999923706055,59.310001373291016,59.320098876953125,487508.0
2026-06-18T15:05:00-04:00,59.32500076293945,59.33000183105469,59.13999938964844,59.154998779296875,545479.0
2026-06-18T15:10:00-04:00,59.154998779296875,59.18000030517578,58.97999954223633,59.1349983215332,477929.0
2026-06-18T15:15:00-04:00,59.130001068115234,59.165000915527344,58.98500061035156,59.064998626708984,324449.0
2026-06-18T15:20:00-04:00,59.060001373291016,59.1150016784668,59.01688003540039,59.025001525878906,186176.0
2026-06-18T15:25:00-04:00,59.025001525878906,59.08000183105469,58.94219970703125,58.95500183105469,320000.0
2026-06-18T15:30:00-04:00,58.95500183105469,59.02000045776367,58.849998474121094,58.98500061035156,686230.0
2026-06-18T15:35:00-04:00,58.994998931884766,59.220001220703125,58.9900016784668,59.21500015258789,425510.0
2026-06-18T15:40:00-04:00,59.21009826660156,59.38999938964844,59.209999084472656,59.3849983215332,606507.0
2026-06-18T15:45:00-04:00,59.380001068115234,59.400001525878906,59.31999969482422,59.39500045776367,510440.0
2026-06-18T15:50:00-04:00,59.38999938964844,59.53499984741211,59.369998931884766,59.52000045776367,934174.0
2026-06-18T15:55:00-04:00,59.52000045776367,59.59000015258789,59.4900016784668,59.5099983215332,1063253.0
2026-06-22T09:30:00-04:00,60.09000015258789,60.1599006652832,59.970001220703125,60.060001373291016,1917502.0
2026-06-22T09:35:00-04:00,60.04999923706055,60.25,60.029998779296875,60.25,224834.0
2026-06-22T09:40:00-04:00,60.2599983215332,60.31999969482422,60.08000183105469,60.095001220703125,219580.0
2026-06-22T09:45:00-04:00,60.11000061035156,60.314998626708984,60.02069854736328,60.220699310302734,451699.0
2026-06-22T09:50:00-04:00,60.21500015258789,60.310001373291016,60.13999938964844,60.209999084472656,241813.0
2026-06-22T09:55:00-04:00,60.220001220703125,60.25659942626953,60.095001220703125,60.150001525878906,137611.0
2026-06-22T10:00:00-04:00,60.150001525878906,60.154998779296875,59.849998474121094,60.02000045776367,326722.0
2026-06-22T10:05:00-04:00,60.01620101928711,60.33000183105469,59.95000076293945,60.17499923706055,209536.0
2026-06-22T10:10:00-04:00,60.17499923706055,60.202301025390625,59.97169876098633,60.05659866333008,124669.0
2026-06-22T10:15:00-04:00,60.060001373291016,60.06999969482422,59.71500015258789,59.755401611328125,235121.0
2026-06-22T10:20:00-04:00,59.744998931884766,59.79999923706055,59.65460968017578,59.71863555908203,154554.0
2026-06-22T10:25:00-04:00,59.72999954223633,59.77000045776367,59.63999938964844,59.654998779296875,176639.0
2026-06-22T10:30:00-04:00,59.650001525878906,59.68000030517578,59.54999923706055,59.59000015258789,244241.0
2026-06-22T10:35:00-04:00,59.60499954223633,59.654998779296875,59.52000045776367,59.5974006652832,183892.0
2026-06-22T10:40:00-04:00,59.595001220703125,59.70500183105469,59.56999969482422,59.58000183105469,189992.0
2026-06-22T10:45:00-04:00,59.595001220703125,59.849998474121094,59.595001220703125,59.755001068115234,191194.0
2026-06-22T10:50:00-04:00,59.744998931884766,59.779998779296875,59.5791015625,59.5791015625,96183.0
2026-06-22T10:55:00-04:00,59.58000183105469,59.744998931884766,59.56999969482422,59.71189880371094,150682.0
2026-06-22T11:00:00-04:00,59.71500015258789,59.79499816894531,59.709999084472656,59.755001068115234,115018.0
2026-06-22T11:05:00-04:00,59.77000045776367,59.779998779296875,59.66999816894531,59.69499969482422,101752.0
2026-06-22T11:10:00-04:00,59.689998626708984,59.7599983215332,59.689998626708984,59.709999084472656,76507.0
2026-06-22T11:15:00-04:00,59.709999084472656,59.72999954223633,59.51499938964844,59.54999923706055,162935.0
2026-06-22T11:20:00-04:00,59.540000915527344,59.56999969482422,59.47999954223633,59.53499984741211,218869.0
2026-06-22T11:25:00-04:00,59.540000915527344,59.559898376464844,59.439998626708984,59.47999954223633,239692.0
2026-06-22T11:30:00-04:00,59.47999954223633,59.540000915527344,59.43000030517578,59.46500015258789,125851.0
2026-06-22T11:35:00-04:00,59.470001220703125,59.494998931884766,59.2599983215332,59.2599983215332,172817.0
2026-06-22T11:40:00-04:00,59.27000045776367,59.36000061035156,59.209999084472656,59.29999923706055,318207.0
2026-06-22T11:45:00-04:00,59.29999923706055,59.29999923706055,58.89500045776367,58.89500045776367,313688.0
2026-06-22T11:50:00-04:00,58.90999984741211,59.11000061035156,58.900001525878906,59.095001220703125,168919.0
2026-06-22T11:55:00-04:00,59.084999084472656,59.22999954223633,59.06999969482422,59.17499923706055,117520.0
2026-06-22T12:00:00-04:00,59.18000030517578,59.220001220703125,59.05500030517578,59.07500076293945,155190.0
2026-06-22T12:05:00-04:00,59.064998626708984,59.119998931884766,59.02000045776367,59.040000915527344,143545.0
2026-06-22T12:10:00-04:00,59.03499984741211,59.064998626708984,58.97999954223633,59.04999923706055,171656.0
2026-06-22T12:15:00-04:00,59.04499816894531,59.15999984741211,59.02000045776367,59.154998779296875,113225.0
2026-06-22T12:20:00-04:00,59.17499923706055,59.23429870605469,59.1150016784668,59.150001525878906,65091.0
2026-06-22T12:25:00-04:00,59.15999984741211,59.185001373291016,59.11000061035156,59.185001373291016,75872.0
2026-06-22T12:30:00-04:00,59.18000030517578,59.20500183105469,59.095001220703125,59.20500183105469,79092.0
2026-06-22T12:35:00-04:00,59.209999084472656,59.27000045776367,59.154998779296875,59.154998779296875,105377.0
2026-06-22T12:40:00-04:00,59.169898986816406,59.169898986816406,59.095001220703125,59.13999938964844,65987.0
2026-06-22T12:45:00-04:00,59.13999938964844,59.16999816894531,59.084999084472656,59.16999816894531,37023.0
2026-06-22T12:50:00-04:00,59.165000915527344,59.314998626708984,59.160099029541016,59.309898376464844,65018.0
2026-06-22T12:55:00-04:00,59.310001373291016,59.439998626708984,59.2599983215332,59.315574645996094,145647.0
2026-06-22T13:00:00-04:00,59.31999969482422,59.33000183105469,59.22999954223633,59.290000915527344,90470.0
2026-06-22T13:05:00-04:00,59.290000915527344,59.290000915527344,59.20500183105469,59.22999954223633,52878.0
2026-06-22T13:10:00-04:00,59.22999954223633,59.2599983215332,59.18130111694336,59.209999084472656,65276.0
2026-06-22T13:15:00-04:00,59.209999084472656,59.27000045776367,59.209999084472656,59.22999954223633,103874.0
2026-06-22T13:20:00-04:00,59.2400016784668,59.29990005493164,59.16999816894531,59.18000030517578,71421.0
2026-06-22T13:25:00-04:00,59.18000030517578,59.18000030517578,59.060001373291016,59.08980178833008,218355.0
2026-06-22T13:30:00-04:00,59.08000183105469,59.10499954223633,58.779598236083984,58.81740188598633,197863.0
2026-06-22T13:35:00-04:00,58.81438064575195,58.939998626708984,58.75,58.92499923706055,105800.0
2026-06-22T13:40:00-04:00,58.91999816894531,58.939998626708984,58.869998931884766,58.92499923706055,59580.0
2026-06-22T13:45:00-04:00,58.91999816894531,59.0,58.86000061035156,58.974998474121094,72019.0
2026-06-22T13:50:00-04:00,58.97999954223633,59.025001525878906,58.96500015258789,59.025001525878906,60608.0
2026-06-22T13:55:00-04:00,59.0099983215332,59.04999923706055,58.9900016784668,59.0099983215332,102341.0
2026-06-22T14:00:00-04:00,59.02000045776367,59.119998931884766,59.0,59.05500030517578,167283.0
2026-06-22T14:05:00-04:00,59.05070114135742,59.13999938964844,59.04999923706055,59.130001068115234,84657.0
2026-06-22T14:10:00-04:00,59.119998931884766,59.18000030517578,59.05500030517578,59.060001373291016,92085.0
2026-06-22T14:15:00-04:00,59.06999969482422,59.13999938964844,59.060001373291016,59.084999084472656,64805.0
2026-06-22T14:20:00-04:00,59.084999084472656,59.18000030517578,59.08000183105469,59.130001068115234,143096.0
2026-06-22T14:25:00-04:00,59.130001068115234,59.16999816894531,59.04999923706055,59.11000061035156,120226.0
2026-06-22T14:30:00-04:00,59.119998931884766,59.150001525878906,59.029998779296875,59.04999923706055,261167.0
2026-06-22T14:35:00-04:00,59.05500030517578,59.10499954223633,59.03010177612305,59.050201416015625,104531.0
2026-06-22T14:40:00-04:00,59.060001373291016,59.14500045776367,59.04999923706055,59.13999938964844,95305.0
2026-06-22T14:45:00-04:00,59.13999938964844,59.209999084472656,59.1349983215332,59.18370056152344,99243.0
2026-06-22T14:50:00-04:00,59.189998626708984,59.209999084472656,59.1349983215332,59.165000915527344,118444.0
2026-06-22T14:55:00-04:00,59.150001525878906,59.189998626708984,59.130001068115234,59.165000915527344,83900.0
2026-06-22T15:00:00-04:00,59.16999816894531,59.209999084472656,59.1445426940918,59.165000915527344,132529.0
2026-06-22T15:05:00-04:00,59.165000915527344,59.18000030517578,59.099998474121094,59.119998931884766,266011.0
2026-06-22T15:10:00-04:00,59.125,59.16999816894531,59.099998474121094,59.125,153929.0
2026-06-22T15:15:00-04:00,59.12009811401367,59.150001525878906,59.09000015258789,59.11009979248047,107522.0
2026-06-22T15:20:00-04:00,59.1150016784668,59.1150016784668,59.03499984741211,59.04999923706055,209522.0
2026-06-22T15:25:00-04:00,59.04999923706055,59.06999969482422,58.939998626708984,58.95000076293945,448595.0
2026-06-22T15:30:00-04:00,58.952598571777344,58.95500183105469,58.84000015258789,58.8650016784668,709893.0
2026-06-22T15:35:00-04:00,58.8650016784668,58.900001525878906,58.834999084472656,58.880001068115234,284380.0
2026-06-22T15:40:00-04:00,58.880001068115234,59.001800537109375,58.76499938964844,58.77000045776367,538966.0
2026-06-22T15:45:00-04:00,58.779998779296875,58.86000061035156,58.7599983215332,58.83000183105469,218367.0
2026-06-22T15:50:00-04:00,58.84000015258789,58.88999938964844,58.810001373291016,58.845001220703125,531122.0
2026-06-22T15:55:00-04:00,58.849998474121094,58.935001373291016,58.814998626708984,58.904998779296875,411128.0
2026-06-23T09:30:00-04:00,56.15999984741211,56.38999938964844,55.954498291015625,56.33879852294922,3355768.0
2026-06-23T09:35:00-04:00,56.34000015258789,56.345001220703125,56.13999938964844,56.2599983215332,499571.0
2026-06-23T09:40:00-04:00,56.279998779296875,56.470001220703125,56.22999954223633,56.32500076293945,407267.0
2026-06-23T09:45:00-04:00,56.31999969482422,56.474998474121094,56.22999954223633,56.34000015258789,439415.0
2026-06-23T09:50:00-04:00,56.34000015258789,56.439998626708984,56.31999969482422,56.39500045776367,486891.0
2026-06-23T09:55:00-04:00,56.39500045776367,56.5099983215332,56.25,56.40999984741211,240593.0
2026-06-23T10:00:00-04:00,56.40999984741211,56.5099983215332,56.2598991394043,56.37009811401367,598204.0
2026-06-23T10:05:00-04:00,56.36000061035156,56.459999084472656,56.28499984741211,56.43000030517578,184649.0
2026-06-23T10:10:00-04:00,56.43000030517578,56.5,56.30500030517578,56.41999816894531,432064.0
2026-06-23T10:15:00-04:00,56.429901123046875,56.46500015258789,56.290000915527344,56.439998626708984,171337.0
2026-06-23T10:20:00-04:00,56.43000030517578,56.470001220703125,56.150901794433594,56.16999816894531,202590.0
2026-06-23T10:25:00-04:00,56.15999984741211,56.189998626708984,56.029998779296875,56.12009811401367,232864.0
2026-06-23T10:30:00-04:00,56.119998931884766,56.130001068115234,55.630001068115234,55.77000045776367,779140.0
2026-06-23T10:35:00-04:00,55.7599983215332,55.88999938964844,55.669898986816406,55.84000015258789,359827.0
2026-06-23T10:40:00-04:00,55.84000015258789,56.01499938964844,55.75899887084961,55.95000076293945,447879.0
2026-06-23T10:45:00-04:00,55.959999084472656,56.06990051269531,55.939998626708984,56.04499816894531,282684.0
2026-06-23T10:50:00-04:00,56.040000915527344,56.16999816894531,55.959999084472656,56.05500030517578,194172.0
2026-06-23T10:55:00-04:00,56.04999923706055,56.154998779296875,56.0099983215332,56.11000061035156,149525.0
2026-06-23T11:00:00-04:00,56.1150016784668,56.2400016784668,56.060001373291016,56.17499923706055,210469.0
2026-06-23T11:05:00-04:00,56.15999984741211,56.185001373291016,55.93000030517578,55.95000076293945,200455.0
2026-06-23T11:10:00-04:00,55.95000076293945,56.060001373291016,55.915000915527344,56.04999923706055,270170.0
2026-06-23T11:15:00-04:00,56.05630111694336,56.08000183105469,55.97999954223633,56.0099983215332,246870.0
2026-06-23T11:20:00-04:00,56.0099983215332,56.08000183105469,55.92499923706055,55.935001373291016,105740.0
2026-06-23T11:25:00-04:00,55.939998626708984,56.019901275634766,55.90999984741211,55.97999954223633,145660.0
2026-06-23T11:30:00-04:00,55.97999954223633,56.18000030517578,55.959999084472656,56.119998931884766,139718.0
2026-06-23T11:35:00-04:00,56.12120056152344,56.28499984741211,56.119998931884766,56.22999954223633,262871.0
2026-06-23T11:40:00-04:00,56.22999954223633,56.25,56.13990020751953,56.16999816894531,146441.0
2026-06-23T11:45:00-04:00,56.17499923706055,56.209999084472656,56.119998931884766,56.125,163825.0
2026-06-23T11:50:00-04:00,56.125,56.25,56.095001220703125,56.21500015258789,329209.0
2026-06-23T11:55:00-04:00,56.220001220703125,56.34000015258789,56.20500183105469,56.310001373291016,136397.0
2026-06-23T12:00:00-04:00,56.31999969482422,56.3650016784668,56.268001556396484,56.279998779296875,121269.0
2026-06-23T12:05:00-04:00,56.279998779296875,56.29999923706055,56.209999084472656,56.239898681640625,149799.0
2026-06-23T12:10:00-04:00,56.2599983215332,56.310001373291016,56.2400016784668,56.290000915527344,85356.0
2026-06-23T12:15:00-04:00,56.290000915527344,56.32500076293945,56.224998474121094,56.28990173339844,66961.0
2026-06-23T12:20:00-04:00,56.279998779296875,56.31999969482422,56.25,56.275001525878906,67145.0
2026-06-23T12:25:00-04:00,56.27000045776367,56.28499984741211,56.1349983215332,56.165000915527344,101212.0
2026-06-23T12:30:00-04:00,56.15999984741211,56.2599983215332,56.11000061035156,56.20000076293945,134551.0
2026-06-23T12:35:00-04:00,56.19499969482422,56.2400016784668,56.154998779296875,56.20989990234375,192851.0
2026-06-23T12:40:00-04:00,56.209999084472656,56.244998931884766,56.160099029541016,56.22999954223633,62960.0
2026-06-23T12:45:00-04:00,56.2400016784668,56.24769973754883,56.150001525878906,56.165000915527344,46297.0
2026-06-23T12:50:00-04:00,56.165000915527344,56.16999816894531,56.080101013183594,56.150001525878906,71914.0
2026-06-23T12:55:00-04:00,56.13999938964844,56.16510009765625,56.060001373291016,56.1150016784668,69286.0
2026-06-23T13:00:00-04:00,56.11000061035156,56.11000061035156,56.02000045776367,56.09000015258789,185600.0
2026-06-23T13:05:00-04:00,56.084999084472656,56.1349983215332,56.025001525878906,56.125,51154.0
2026-06-23T13:10:00-04:00,56.13010025024414,56.23500061035156,56.119998931884766,56.20500183105469,131923.0
2026-06-23T13:15:00-04:00,56.20000076293945,56.2400016784668,56.165000915527344,56.185001373291016,92884.0
2026-06-23T13:20:00-04:00,56.194698333740234,56.255001068115234,56.040000915527344,56.04999923706055,170911.0
2026-06-23T13:25:00-04:00,56.060001373291016,56.095001220703125,56.025001525878906,56.040000915527344,103024.0
2026-06-23T13:30:00-04:00,56.049598693847656,56.109901428222656,56.010101318359375,56.109901428222656,169569.0
2026-06-23T13:35:00-04:00,56.099998474121094,56.11000061035156,56.0099983215332,56.025001525878906,111154.0
2026-06-23T13:40:00-04:00,56.029998779296875,56.07500076293945,55.9900016784668,56.064998626708984,127172.0
2026-06-23T13:45:00-04:00,56.06999969482422,56.1349983215332,56.060001373291016,56.09000015258789,75572.0
2026-06-23T13:50:00-04:00,56.06999969482422,56.09000015258789,55.880001068115234,55.880001068115234,156967.0
2026-06-23T13:55:00-04:00,55.8849983215332,55.92499923706055,55.880001068115234,55.89500045776367,111630.0
2026-06-23T14:00:00-04:00,55.900001525878906,55.96860122680664,55.8650016784668,55.904998779296875,123640.0
2026-06-23T14:05:00-04:00,55.90999984741211,55.90999984741211,55.790000915527344,55.84000015258789,83775.0
2026-06-23T14:10:00-04:00,55.84000015258789,55.875,55.709999084472656,55.779998779296875,244153.0
2026-06-23T14:15:00-04:00,55.78499984741211,55.83000183105469,55.78499984741211,55.83000183105469,65630.0
2026-06-23T14:20:00-04:00,55.83000183105469,55.880001068115234,55.790000915527344,55.8400993347168,112311.0
2026-06-23T14:25:00-04:00,55.845001220703125,55.845001220703125,55.775001525878906,55.78499984741211,85189.0
2026-06-23T14:30:00-04:00,55.77000045776367,55.814998626708984,55.724998474121094,55.7599983215332,130268.0
2026-06-23T14:35:00-04:00,55.7599983215332,55.790000915527344,55.720001220703125,55.724998474121094,126837.0
2026-06-23T14:40:00-04:00,55.724998474121094,55.72999954223633,55.6349983215332,55.63990020751953,211794.0
2026-06-23T14:45:00-04:00,55.63999938964844,55.650001525878906,55.4900016784668,55.53499984741211,324525.0
2026-06-23T14:50:00-04:00,55.540000915527344,55.609901428222656,55.46500015258789,55.505001068115234,123302.0
2026-06-23T14:55:00-04:00,55.5099983215332,55.59000015258789,55.470001220703125,55.584999084472656,186750.0
2026-06-23T15:00:00-04:00,55.584999084472656,55.775001525878906,55.56423568725586,55.75,230602.0
2026-06-23T15:05:00-04:00,55.744998931884766,55.80402755737305,55.689998626708984,55.72100067138672,115731.0
2026-06-23T15:10:00-04:00,55.720001220703125,55.80500030517578,55.69499969482422,55.76427459716797,178525.0
2026-06-23T15:15:00-04:00,55.75,55.76860046386719,55.650001525878906,55.654998779296875,150708.0
2026-06-23T15:20:00-04:00,55.654998779296875,55.77000045776367,55.650001525878906,55.730098724365234,111945.0
2026-06-23T15:25:00-04:00,55.73500061035156,55.80500030517578,55.724998474121094,55.779998779296875,131857.0
2026-06-23T15:30:00-04:00,55.779998779296875,55.845001220703125,55.73500061035156,55.80500030517578,181749.0
2026-06-23T15:35:00-04:00,55.810001373291016,55.875,55.77009963989258,55.84000015258789,245839.0
2026-06-23T15:40:00-04:00,55.834999084472656,55.849998474121094,55.790000915527344,55.79719924926758,159179.0
2026-06-23T15:45:00-04:00,55.79499816894531,55.81999969482422,55.70000076293945,55.772701263427734,299080.0
2026-06-23T15:50:00-04:00,55.775001525878906,55.790000915527344,55.65999984741211,55.724998474121094,471704.0
2026-06-23T15:55:00-04:00,55.724998474121094,55.790000915527344,55.69499969482422,55.720001220703125,863873.0
2026-06-24T09:30:00-04:00,52.939998626708984,53.33000183105469,52.91339874267578,53.029998779296875,5361736.0
2026-06-24T09:35:00-04:00,53.029998779296875,53.349998474121094,53.02000045776367,53.30500030517578,808214.0
2026-06-24T09:40:00-04:00,53.29999923706055,53.369998931884766,53.165000915527344,53.334999084472656,618965.0
2026-06-24T09:45:00-04:00,53.33000183105469,53.540000915527344,53.25,53.494998931884766,777612.0
2026-06-24T09:50:00-04:00,53.5,53.86000061035156,53.47439956665039,53.73500061035156,893567.0
2026-06-24T09:55:00-04:00,53.7400016784668,53.89500045776367,53.61000061035156,53.82500076293945,420543.0
2026-06-24T10:00:00-04:00,53.81999969482422,53.86000061035156,53.404998779296875,53.45000076293945,457269.0
2026-06-24T10:05:00-04:00,53.46500015258789,53.57500076293945,53.41999816894531,53.459999084472656,526423.0
2026-06-24T10:10:00-04:00,53.46500015258789,53.560001373291016,53.349998474121094,53.38999938964844,343693.0
2026-06-24T10:15:00-04:00,53.38999938964844,53.43000030517578,53.22999954223633,53.40010070800781,399543.0
2026-06-24T10:20:00-04:00,53.400001525878906,53.56990051269531,53.279998779296875,53.529998779296875,428629.0
2026-06-24T10:25:00-04:00,53.52000045776367,53.68000030517578,53.47999954223633,53.54499816894531,399427.0
2026-06-24T10:30:00-04:00,53.540000915527344,53.69070053100586,53.540000915527344,53.619998931884766,363704.0
2026-06-24T10:35:00-04:00,53.619998931884766,53.65639877319336,53.310001373291016,53.349998474121094,310906.0
2026-06-24T10:40:00-04:00,53.36000061035156,53.40010070800781,53.185001373291016,53.314701080322266,440022.0
2026-06-24T10:45:00-04:00,53.310001373291016,53.46500015258789,53.22999954223633,53.380001068115234,248349.0
2026-06-24T10:50:00-04:00,53.369998931884766,53.42499923706055,53.17499923706055,53.20500183105469,404226.0
2026-06-24T10:55:00-04:00,53.209999084472656,53.29999923706055,53.154998779296875,53.275001525878906,298881.0
2026-06-24T11:00:00-04:00,53.27000045776367,53.30149841308594,53.18000030517578,53.275001525878906,242514.0
2026-06-24T11:05:00-04:00,53.279998779296875,53.279998779296875,53.04999923706055,53.1150016784668,345344.0
2026-06-24T11:10:00-04:00,53.119998931884766,53.191001892089844,53.040000915527344,53.06999969482422,361374.0
2026-06-24T11:15:00-04:00,53.0703010559082,53.369998931884766,53.04059982299805,53.35499954223633,294658.0
2026-06-24T11:20:00-04:00,53.36000061035156,53.459999084472656,53.25,53.26499938964844,252681.0
2026-06-24T11:25:00-04:00,53.27000045776367,53.449798583984375,53.16999816894531,53.44499969482422,259678.0
2026-06-24T11:30:00-04:00,53.45000076293945,53.459999084472656,53.279998779296875,53.345001220703125,204102.0
2026-06-24T11:35:00-04:00,53.34000015258789,53.36000061035156,53.25199890136719,53.2599983215332,169743.0
2026-06-24T11:40:00-04:00,53.2599983215332,53.29499816894531,53.17499923706055,53.290000915527344,233752.0
2026-06-24T11:45:00-04:00,53.279998779296875,53.42499923706055,53.2400016784668,53.415000915527344,207780.0
2026-06-24T11:50:00-04:00,53.41999816894531,53.47990036010742,53.1349983215332,53.185001373291016,211462.0
2026-06-24T11:55:00-04:00,53.185001373291016,53.185001373291016,53.05099868774414,53.09000015258789,126413.0
2026-06-24T12:00:00-04:00,53.09000015258789,53.13999938964844,53.04999923706055,53.06999969482422,187756.0
2026-06-24T12:05:00-04:00,53.06999969482422,53.130001068115234,52.90999984741211,53.03499984741211,386357.0
2026-06-24T12:10:00-04:00,53.029998779296875,53.084999084472656,52.980098724365234,53.03499984741211,241695.0
2026-06-24T12:15:00-04:00,53.040000915527344,53.06999969482422,52.970001220703125,52.991798400878906,282657.0
2026-06-24T12:20:00-04:00,52.994998931884766,53.13999938964844,52.994998931884766,53.11000061035156,311234.0
2026-06-24T12:25:00-04:00,53.119998931884766,53.14970016479492,53.064998626708984,53.14500045776367,169958.0
2026-06-24T12:30:00-04:00,53.13999938964844,53.169898986816406,53.09000015258789,53.125,150168.0
2026-06-24T12:35:00-04:00,53.119998931884766,53.27000045776367,53.119998931884766,53.16999816894531,190790.0
2026-06-24T12:40:00-04:00,53.16999816894531,53.185001373291016,53.01060104370117,53.04499816894531,262077.0
2026-06-24T12:45:00-04:00,53.03990173339844,53.04999923706055,52.94499969482422,52.957000732421875,218448.0
2026-06-24T12:50:00-04:00,52.95000076293945,53.04999923706055,52.939998626708984,53.02000045776367,147151.0
2026-06-24T12:55:00-04:00,53.005001068115234,53.04999923706055,52.959999084472656,52.974998474121094,182189.0
2026-06-24T13:00:00-04:00,52.970001220703125,53.029998779296875,52.904998779296875,52.970001220703125,359539.0
2026-06-24T13:05:00-04:00,52.96009826660156,52.98849868774414,52.810001373291016,52.875,406198.0
2026-06-24T13:10:00-04:00,52.880001068115234,52.96979904174805,52.84000015258789,52.862586975097656,266336.0
2026-06-24T13:15:00-04:00,52.869998931884766,52.8849983215332,52.60499954223633,52.60499954223633,431901.0
2026-06-24T13:20:00-04:00,52.61000061035156,52.654998779296875,52.379600524902344,52.43000030517578,746582.0
2026-06-24T13:25:00-04:00,52.43000030517578,52.43000030517578,52.189998626708984,52.209999084472656,698413.0
2026-06-24T13:30:00-04:00,52.209999084472656,52.310001373291016,52.08000183105469,52.2400016784668,635436.0
2026-06-24T13:35:00-04:00,52.2400016784668,52.290000915527344,51.96500015258789,52.06999969482422,763943.0
2026-06-24T13:40:00-04:00,52.06999969482422,52.099998474121094,51.9109992980957,52.0099983215332,530650.0
2026-06-24T13:45:00-04:00,52.0,52.03499984741211,51.779998779296875,51.79999923706055,701493.0
2026-06-24T13:50:00-04:00,51.79999923706055,51.86000061035156,51.650001525878906,51.685001373291016,773582.0
2026-06-24T13:55:00-04:00,51.689998626708984,51.691001892089844,51.150001525878906,51.15999984741211,1981754.0
2026-06-24T14:00:00-04:00,51.16999816894531,51.18000030517578,50.310001373291016,50.755001068115234,4551954.0
2026-06-24T14:05:00-04:00,50.77000045776367,51.19499969482422,50.77000045776367,51.189998626708984,2219634.0
2026-06-24T14:10:00-04:00,51.189998626708984,51.40999984741211,51.099998474121094,51.314998626708984,1268723.0
2026-06-24T14:15:00-04:00,51.314998626708984,51.470001220703125,51.275001525878906,51.375,939649.0
2026-06-24T14:20:00-04:00,51.380001068115234,51.5,51.2400016784668,51.45500183105469,744407.0
2026-06-24T14:25:00-04:00,51.45479965209961,51.68000030517578,51.40999984741211,51.599998474121094,732463.0
2026-06-24T14:30:00-04:00,51.619998931884766,51.72999954223633,51.540000915527344,51.59000015258789,752967.0
2026-06-24T14:35:00-04:00,51.57500076293945,51.61000061035156,51.40999984741211,51.42129898071289,612660.0
2026-06-24T14:40:00-04:00,51.43000030517578,51.45000076293945,51.34000015258789,51.40999984741211,451971.0
2026-06-24T14:45:00-04:00,51.40999984741211,51.40999984741211,51.16999816894531,51.22999954223633,524253.0
2026-06-24T14:50:00-04:00,51.23500061035156,51.349998474121094,51.13999938964844,51.33000183105469,470983.0
2026-06-24T14:55:00-04:00,51.33000183105469,51.40999984741211,51.2599983215332,51.27000045776367,378701.0
2026-06-24T15:00:00-04:00,51.279998779296875,51.42499923706055,51.18000030517578,51.3650016784668,622989.0
2026-06-24T15:05:00-04:00,51.369998931884766,51.375,51.13999938964844,51.13999938964844,532817.0
2026-06-24T15:10:00-04:00,51.1349983215332,51.20500183105469,51.09000015258789,51.189998626708984,475902.0
2026-06-24T15:15:00-04:00,51.19499969482422,51.2400016784668,51.150001525878906,51.21500015258789,361493.0
2026-06-24T15:20:00-04:00,51.220001220703125,51.23500061035156,51.15010070800781,51.209999084472656,359840.0
2026-06-24T15:25:00-04:00,51.220001220703125,51.38999938964844,51.209999084472656,51.3849983215332,421822.0
2026-06-24T15:30:00-04:00,51.3849983215332,51.48500061035156,51.34000015258789,51.40999984741211,765406.0
2026-06-24T15:35:00-04:00,51.415000915527344,51.415000915527344,51.2599983215332,51.30500030517578,625260.0
2026-06-24T15:40:00-04:00,51.30500030517578,51.349998474121094,51.189998626708984,51.28499984741211,452448.0
2026-06-24T15:45:00-04:00,51.28499984741211,51.35499954223633,51.27000045776367,51.329898834228516,611639.0
2026-06-24T15:50:00-04:00,51.31999969482422,51.66999816894531,51.290000915527344,51.662498474121094,988042.0
2026-06-24T15:55:00-04:00,51.65999984741211,51.81999969482422,51.599998474121094,51.77000045776367,2138655.0
2026-06-25T09:30:00-04:00,52.709999084472656,52.81999969482422,52.339900970458984,52.369998931884766,4432997.0
2026-06-25T09:35:00-04:00,52.375,52.584999084472656,52.334999084472656,52.43899917602539,551530.0
2026-06-25T09:40:00-04:00,52.43000030517578,52.44499969482422,52.0099983215332,52.02000045776367,572693.0
2026-06-25T09:45:00-04:00,52.029998779296875,52.099998474121094,51.8849983215332,51.996299743652344,542436.0
2026-06-25T09:50:00-04:00,51.9900016784668,52.099998474121094,51.709999084472656,51.73500061035156,547984.0
2026-06-25T09:55:00-04:00,51.7400016784668,51.78990173339844,51.505001068115234,51.54499816894531,513206.0
2026-06-25T10:00:00-04:00,51.53499984741211,52.095001220703125,51.529998779296875,51.95000076293945,528511.0
2026-06-25T10:05:00-04:00,51.95000076293945,52.209999084472656,51.95000076293945,52.11000061035156,456974.0
2026-06-25T10:10:00-04:00,52.119998931884766,52.21009826660156,52.07500076293945,52.13999938964844,302983.0
2026-06-25T10:15:00-04:00,52.14500045776367,52.26499938964844,52.060001373291016,52.18009948730469,335204.0
2026-06-25T10:20:00-04:00,52.185001373291016,52.290000915527344,52.040000915527344,52.095001220703125,281748.0
2026-06-25T10:25:00-04:00,52.099998474121094,52.560001373291016,52.07500076293945,52.494998931884766,349565.0
2026-06-25T10:30:00-04:00,52.4900016784668,52.56999969482422,52.404998779296875,52.474998474121094,370220.0
2026-06-25T10:35:00-04:00,52.470001220703125,52.540000915527344,52.220001220703125,52.2859001159668,232826.0
2026-06-25T10:40:00-04:00,52.285099029541016,52.40999984741211,52.22999954223633,52.39500045776367,212714.0
2026-06-25T10:45:00-04:00,52.400001525878906,52.439998626708984,52.189998626708984,52.31990051269531,208813.0
2026-06-25T10:50:00-04:00,52.310001373291016,52.470001220703125,52.279998779296875,52.43000030517578,217223.0
2026-06-25T10:55:00-04:00,52.40999984741211,52.470001220703125,52.345001220703125,52.3650016784668,353386.0
2026-06-25T11:00:00-04:00,52.369998931884766,52.39580154418945,52.25,52.38999938964844,195740.0
2026-06-25T11:05:00-04:00,52.3849983215332,52.5099983215332,52.36000061035156,52.400001525878906,230658.0
2026-06-25T11:10:00-04:00,52.400001525878906,52.40999984741211,52.08000183105469,52.119998931884766,258217.0
2026-06-25T11:15:00-04:00,52.11000061035156,52.349998474121094,52.06999969482422,52.34000015258789,174159.0
2026-06-25T11:20:00-04:00,52.330101013183594,52.900001525878906,52.290000915527344,52.830101013183594,542460.0
2026-06-25T11:25:00-04:00,52.830101013183594,52.830101013183594,52.68600082397461,52.70000076293945,414784.0
2026-06-25T11:30:00-04:00,52.709999084472656,52.790000915527344,52.63999938964844,52.64720153808594,211876.0
2026-06-25T11:35:00-04:00,52.64419937133789,52.859901428222656,52.63999938964844,52.81999969482422,248837.0
2026-06-25T11:40:00-04:00,52.81999969482422,52.869998931884766,52.775001525878906,52.84000015258789,270802.0
2026-06-25T11:45:00-04:00,52.834999084472656,53.02000045776367,52.77000045776367,52.81019973754883,359179.0
2026-06-25T11:50:00-04:00,52.81999969482422,53.02000045776367,52.76499938964844,52.97990036010742,470196.0
2026-06-25T11:55:00-04:00,52.970001220703125,53.16999816894531,52.959999084472656,53.150001525878906,593542.0
2026-06-25T12:00:00-04:00,53.150001525878906,53.20000076293945,53.04499816894531,53.109901428222656,381144.0
2026-06-25T12:05:00-04:00,53.10900115966797,53.150001525878906,52.96009826660156,52.97999954223633,233202.0
2026-06-25T12:10:00-04:00,52.97999954223633,53.11000061035156,52.97140121459961,53.0099983215332,168746.0
2026-06-25T12:15:00-04:00,53.029998779296875,53.16999816894531,53.02000045776367,53.064998626708984,174942.0
2026-06-25T12:20:00-04:00,53.09000015258789,53.154998779296875,53.04499816894531,53.08729934692383,304221.0
2026-06-25T12:25:00-04:00,53.08000183105469,53.08000183105469,53.010101318359375,53.02000045776367,101244.0
2026-06-25T12:30:00-04:00,53.02000045776367,53.02000045776367,52.779998779296875,52.814998626708984,197569.0
2026-06-25T12:35:00-04:00,52.814998626708984,52.89500045776367,52.75,52.78499984741211,123139.0
2026-06-25T12:40:00-04:00,52.78499984741211,52.79999923706055,52.720001220703125,52.724998474121094,150154.0
2026-06-25T12:45:00-04:00,52.72999954223633,52.790000915527344,52.599998474121094,52.78990173339844,187713.0
2026-06-25T12:50:00-04:00,52.78499984741211,52.814998626708984,52.71500015258789,52.77989959716797,165796.0
2026-06-25T12:55:00-04:00,52.77000045776367,52.77000045776367,52.65999984741211,52.70000076293945,147934.0
2026-06-25T13:00:00-04:00,52.70000076293945,52.78499984741211,52.685001373291016,52.779998779296875,119306.0
2026-06-25T13:05:00-04:00,52.79999923706055,52.814998626708984,52.72999954223633,52.79999923706055,83582.0
2026-06-25T13:10:00-04:00,52.790000915527344,52.810001373291016,52.70500183105469,52.709999084472656,132448.0
2026-06-25T13:15:00-04:00,52.709800720214844,52.90999984741211,52.709800720214844,52.744998931884766,196899.0
2026-06-25T13:20:00-04:00,52.7400016784668,52.814998626708984,52.67499923706055,52.7400016784668,153840.0
2026-06-25T13:25:00-04:00,52.72999954223633,52.83000183105469,52.689998626708984,52.810001373291016,152217.0
2026-06-25T13:30:00-04:00,52.79999923706055,52.86000061035156,52.7400016784668,52.75,96859.0
2026-06-25T13:35:00-04:00,52.7400016784668,52.744998931884766,52.65999984741211,52.73899841308594,170635.0
2026-06-25T13:40:00-04:00,52.72999954223633,52.77000045776367,52.65999984741211,52.67499923706055,196436.0
2026-06-25T13:45:00-04:00,52.67499923706055,52.67499923706055,52.5099983215332,52.57500076293945,210741.0
2026-06-25T13:50:00-04:00,52.58000183105469,52.63999938964844,52.54010009765625,52.63100051879883,100172.0
2026-06-25T13:55:00-04:00,52.630001068115234,52.744998931884766,52.625,52.72999954223633,133122.0
2026-06-25T14:00:00-04:00,52.7400016784668,52.7599983215332,52.470001220703125,52.5099983215332,169047.0
2026-06-25T14:05:00-04:00,52.51499938964844,52.59000015258789,52.42499923706055,52.564998626708984,213533.0
2026-06-25T14:10:00-04:00,52.56999969482422,52.599998474121094,52.45000076293945,52.529998779296875,147172.0
2026-06-25T14:15:00-04:00,52.529998779296875,52.744998931884766,52.529998779296875,52.709999084472656,162160.0
2026-06-25T14:20:00-04:00,52.71500015258789,52.779998779296875,52.689998626708984,52.76750183105469,125875.0
2026-06-25T14:25:00-04:00,52.7599983215332,52.88639831542969,52.72999954223633,52.880001068115234,131763.0
2026-06-25T14:30:00-04:00,52.880001068115234,52.880001068115234,52.56990051269531,52.56990051269531,171363.0
2026-06-25T14:35:00-04:00,52.56999969482422,52.61000061035156,52.5099983215332,52.599998474121094,188515.0
2026-06-25T14:40:00-04:00,52.61000061035156,52.61000061035156,52.5099983215332,52.54999923706055,152816.0
2026-06-25T14:45:00-04:00,52.529998779296875,52.540000915527344,52.439998626708984,52.53499984741211,128618.0
2026-06-25T14:50:00-04:00,52.53499984741211,52.66899871826172,52.53499984741211,52.63999938964844,70605.0
2026-06-25T14:55:00-04:00,52.6349983215332,52.66999816894531,52.58000183105469,52.617801666259766,101137.0
2026-06-25T15:00:00-04:00,52.619998931884766,52.650001525878906,52.52000045776367,52.540000915527344,99227.0
2026-06-25T15:05:00-04:00,52.540000915527344,52.654998779296875,52.5,52.647701263427734,355753.0
2026-06-25T15:10:00-04:00,52.63999938964844,52.63999938964844,52.560001373291016,52.584999084472656,109404.0
2026-06-25T15:15:00-04:00,52.59000015258789,52.66593933105469,52.5099983215332,52.5432014465332,83201.0
2026-06-25T15:20:00-04:00,52.54499816894531,52.6150016784668,52.54499816894531,52.60499954223633,77669.0
2026-06-25T15:25:00-04:00,52.619998931884766,52.650001525878906,52.5099983215332,52.52000045776367,124115.0
2026-06-25T15:30:00-04:00,52.529998779296875,52.540000915527344,52.41999816894531,52.459999084472656,282567.0
2026-06-25T15:35:00-04:00,52.459999084472656,52.52000045776367,52.41999816894531,52.4900016784668,172236.0
2026-06-25T15:40:00-04:00,52.4900016784668,52.54999923706055,52.43000030517578,52.45000076293945,191998.0
2026-06-25T15:45:00-04:00,52.45000076293945,52.45000076293945,52.25,52.290000915527344,378626.0
2026-06-25T15:50:00-04:00,52.29999923706055,52.33000183105469,52.165000915527344,52.310001373291016,414492.0
2026-06-25T15:55:00-04:00,52.31999969482422,52.380001068115234,52.220001220703125,52.345001220703125,939209.0
2026-06-26T09:30:00-04:00,52.869998931884766,52.880001068115234,52.619998931884766,52.630001068115234,2072667.0
2026-06-26T09:35:00-04:00,52.63199996948242,52.70650100708008,52.45930099487305,52.4900016784668,491107.0
2026-06-26T09:40:00-04:00,52.4900016784668,52.915000915527344,52.489898681640625,52.915000915527344,326055.0
2026-06-26T09:45:00-04:00,52.91999816894531,52.96500015258789,52.790000915527344,52.90999984741211,258068.0
2026-06-26T09:50:00-04:00,52.90999984741211,53.08000183105469,52.87009811401367,52.96500015258789,401924.0
2026-06-26T09:55:00-04:00,52.970001220703125,53.314998626708984,52.970001220703125,53.287498474121094,295988.0
2026-06-26T10:00:00-04:00,53.290000915527344,53.470001220703125,53.119998931884766,53.404998779296875,501444.0
2026-06-26T10:05:00-04:00,53.40999984741211,53.47999954223633,53.2599983215332,53.46500015258789,338502.0
2026-06-26T10:10:00-04:00,53.46989822387695,53.71500015258789,53.39500045776367,53.54999923706055,520092.0
2026-06-26T10:15:00-04:00,53.56999969482422,53.76070022583008,53.52000045776367,53.599998474121094,339334.0
2026-06-26T10:20:00-04:00,53.599998474121094,53.71500015258789,53.59000015258789,53.630001068115234,319481.0
2026-06-26T10:25:00-04:00,53.6349983215332,53.720001220703125,53.494998931884766,53.494998931884766,183541.0
2026-06-26T10:30:00-04:00,53.5,53.529998779296875,53.36000061035156,53.380001068115234,246404.0
2026-06-26T10:35:00-04:00,53.380001068115234,53.474998474121094,53.369998931884766,53.45000076293945,169502.0
2026-06-26T10:40:00-04:00,53.44499969482422,53.71500015258789,53.39500045776367,53.59000015258789,329966.0
2026-06-26T10:45:00-04:00,53.580299377441406,53.834999084472656,53.58000183105469,53.72999954223633,377365.0
2026-06-26T10:50:00-04:00,53.72999954223633,53.7599983215332,53.650001525878906,53.71500015258789,150661.0
2026-06-26T10:55:00-04:00,53.709999084472656,53.775001525878906,53.52000045776367,53.52000045776367,201393.0
2026-06-26T11:00:00-04:00,53.51499938964844,53.5900993347168,53.41999816894531,53.41999816894531,276160.0
2026-06-26T11:05:00-04:00,53.439998626708984,53.5098991394043,53.32500076293945,53.5,217593.0
2026-06-26T11:10:00-04:00,53.4900016784668,53.52000045776367,53.31999969482422,53.35499954223633,130236.0
2026-06-26T11:15:00-04:00,53.3650016784668,53.50960159301758,53.33100128173828,53.470001220703125,168797.0
2026-06-26T11:20:00-04:00,53.474998474121094,53.529998779296875,53.45500183105469,53.494998931884766,192706.0
2026-06-26T11:25:00-04:00,53.5,53.61989974975586,53.48500061035156,53.60499954223633,98333.0
2026-06-26T11:30:00-04:00,53.61000061035156,53.66999816894531,53.470001220703125,53.494998931884766,158118.0
2026-06-26T11:35:00-04:00,53.489898681640625,53.869998931884766,53.48500061035156,53.810001373291016,182676.0
2026-06-26T11:40:00-04:00,53.81999969482422,53.845001220703125,53.76499938964844,53.845001220703125,102349.0
2026-06-26T11:45:00-04:00,53.849998474121094,53.869998931884766,53.7599983215332,53.84000015258789,137037.0
2026-06-26T11:50:00-04:00,53.85499954223633,53.869998931884766,53.51499938964844,53.59000015258789,366989.0
2026-06-26T11:55:00-04:00,53.58000183105469,53.72999954223633,53.57429885864258,53.70000076293945,108904.0
2026-06-26T12:00:00-04:00,53.709999084472656,53.755001068115234,53.650001525878906,53.68000030517578,149573.0
2026-06-26T12:05:00-04:00,53.665000915527344,53.665000915527344,53.599998474121094,53.630001068115234,65190.0
2026-06-26T12:10:00-04:00,53.6349983215332,53.70500183105469,53.59000015258789,53.654998779296875,71158.0
2026-06-26T12:15:00-04:00,53.65999984741211,53.71979904174805,53.630001068115234,53.685001373291016,66169.0
2026-06-26T12:20:00-04:00,53.689998626708984,53.69499969482422,53.52899932861328,53.6150016784668,199733.0
2026-06-26T12:25:00-04:00,53.58000183105469,53.63999938964844,53.559898376464844,53.58000183105469,55509.0
2026-06-26T12:30:00-04:00,53.58000183105469,53.75,53.58000183105469,53.625,88308.0
2026-06-26T12:35:00-04:00,53.6349983215332,53.63999938964844,53.54999923706055,53.551700592041016,42726.0
2026-06-26T12:40:00-04:00,53.564998626708984,53.61000061035156,53.4828987121582,53.589698791503906,54231.0
2026-06-26T12:45:00-04:00,53.61000061035156,53.665000915527344,53.56999969482422,53.619998931884766,63487.0
2026-06-26T12:50:00-04:00,53.60499954223633,53.63999938964844,53.540000915527344,53.63999938964844,82195.0
2026-06-26T12:55:00-04:00,53.64500045776367,53.65999984741211,53.609901428222656,53.630001068115234,60818.0
2026-06-26T13:00:00-04:00,53.63999938964844,53.65999984741211,53.560001373291016,53.57500076293945,46789.0
2026-06-26T13:05:00-04:00,53.57500076293945,53.63999938964844,53.56999969482422,53.59000015258789,61979.0
2026-06-26T13:10:00-04:00,53.584999084472656,53.599998474121094,53.4900016784668,53.5099983215332,54739.0
2026-06-26T13:15:00-04:00,53.52009963989258,53.52009963989258,53.430999755859375,53.430999755859375,67566.0
2026-06-26T13:20:00-04:00,53.43000030517578,53.65999984741211,53.38970184326172,53.630001068115234,172781.0
2026-06-26T13:25:00-04:00,53.619998931884766,53.63999938964844,53.54999923706055,53.564998626708984,324956.0
2026-06-26T13:30:00-04:00,53.58000183105469,53.599998474121094,53.44499969482422,53.4900016784668,53517.0
2026-06-26T13:35:00-04:00,53.48500061035156,53.52000045776367,53.38999938964844,53.404998779296875,92055.0
2026-06-26T13:40:00-04:00,53.41999816894531,53.470001220703125,53.37009811401367,53.46500015258789,69779.0
2026-06-26T13:45:00-04:00,53.45000076293945,53.474998474121094,53.380001068115234,53.435001373291016,53669.0
2026-06-26T13:50:00-04:00,53.435001373291016,53.4900016784668,53.400001525878906,53.423702239990234,71108.0
2026-06-26T13:55:00-04:00,53.41999816894531,53.435001373291016,53.3433837890625,53.349998474121094,124120.0
2026-06-26T14:00:00-04:00,53.36000061035156,53.42499923706055,53.32500076293945,53.40140151977539,89999.0
2026-06-26T14:05:00-04:00,53.404998779296875,53.459999084472656,53.375,53.439998626708984,49770.0
2026-06-26T14:10:00-04:00,53.435001373291016,53.47999954223633,53.41999816894531,53.47999954223633,44288.0
2026-06-26T14:15:00-04:00,53.474998474121094,53.474998474121094,53.37009811401367,53.400001525878906,53997.0
2026-06-26T14:20:00-04:00,53.400001525878906,53.40999984741211,53.3400993347168,53.3650016784668,69100.0
2026-06-26T14:25:00-04:00,53.369998931884766,53.470001220703125,53.369998931884766,53.45500183105469,49477.0
2026-06-26T14:30:00-04:00,53.459999084472656,53.494998931884766,53.435001373291016,53.44499969482422,38328.0
2026-06-26T14:35:00-04:00,53.43000030517578,53.439998626708984,53.349998474121094,53.35499954223633,52533.0
2026-06-26T14:40:00-04:00,53.36000061035156,53.41999816894531,53.32500076293945,53.38999938964844,55636.0
2026-06-26T14:45:00-04:00,53.380001068115234,53.380001068115234,53.21500015258789,53.25,150094.0
2026-06-26T14:50:00-04:00,53.248600006103516,53.290000915527344,53.2400016784668,53.27750015258789,53170.0
2026-06-26T14:55:00-04:00,53.279998779296875,53.31999969482422,53.224998474121094,53.244998931884766,41796.0
2026-06-26T15:00:00-04:00,53.25,53.279998779296875,53.21500015258789,53.224998474121094,80392.0
2026-06-26T15:05:00-04:00,53.22999954223633,53.31999969482422,53.20500183105469,53.290000915527344,109303.0
2026-06-26T15:10:00-04:00,53.28499984741211,53.3650016784668,53.279998779296875,53.36000061035156,62767.0
2026-06-26T15:15:00-04:00,53.36000061035156,53.375,53.28499984741211,53.314998626708984,79495.0
2026-06-26T15:20:00-04:00,53.310001373291016,53.310001373291016,53.21009826660156,53.244998931884766,124780.0
2026-06-26T15:25:00-04:00,53.244998931884766,53.279998779296875,53.222999572753906,53.244998931884766,53737.0
2026-06-26T15:30:00-04:00,53.25,53.33000183105469,53.220001220703125,53.33000183105469,152677.0
2026-06-26T15:35:00-04:00,53.31999969482422,53.334999084472656,53.275001525878906,53.279998779296875,167283.0
2026-06-26T15:40:00-04:00,53.279998779296875,53.369998931884766,53.279998779296875,53.369998931884766,149611.0
2026-06-26T15:45:00-04:00,53.36000061035156,53.3849983215332,53.310001373291016,53.32500076293945,191383.0
2026-06-26T15:50:00-04:00,53.32500076293945,53.404998779296875,53.32500076293945,53.3849983215332,350999.0
2026-06-26T15:55:00-04:00,53.38999938964844,53.400001525878906,53.27000045776367,53.27000045776367,655647.0
2026-06-29T09:30:00-04:00,52.775001525878906,52.93000030517578,52.744998931884766,52.869998931884766,2136815.0
2026-06-29T09:35:00-04:00,52.875,52.92789840698242,52.66999816894531,52.724998474121094,300114.0
2026-06-29T09:40:00-04:00,52.709999084472656,52.869998931884766,52.689998626708984,52.7400016784668,221642.0
2026-06-29T09:45:00-04:00,52.73500061035156,52.779998779296875,52.56999969482422,52.6150016784668,291551.0
2026-06-29T09:50:00-04:00,52.61000061035156,52.70000076293945,52.540000915527344,52.58000183105469,334741.0
2026-06-29T09:55:00-04:00,52.59000015258789,52.619998931884766,52.5,52.59000015258789,207084.0
2026-06-29T10:00:00-04:00,52.61000061035156,52.63999938964844,52.34000015258789,52.439998626708984,238789.0
2026-06-29T10:05:00-04:00,52.435001373291016,52.439998626708984,52.154998779296875,52.2599983215332,493155.0
2026-06-29T10:10:00-04:00,52.2599983215332,52.34000015258789,52.099998474121094,52.10499954223633,208308.0
2026-06-29T10:15:00-04:00,52.099998474121094,52.34000015258789,51.93000030517578,52.34000015258789,831792.0
2026-06-29T10:20:00-04:00,52.334999084472656,52.4369010925293,52.29999923706055,52.400001525878906,277067.0
2026-06-29T10:25:00-04:00,52.404998779296875,52.64500045776367,52.404998779296875,52.54999923706055,261122.0
2026-06-29T10:30:00-04:00,52.54999923706055,52.650001525878906,52.54999923706055,52.60499954223633,125228.0
2026-06-29T10:35:00-04:00,52.599998474121094,52.66999816894531,52.48310089111328,52.51499938964844,140521.0
2026-06-29T10:40:00-04:00,52.51499938964844,52.51499938964844,52.38999938964844,52.40999984741211,68556.0
2026-06-29T10:45:00-04:00,52.40999984741211,52.439998626708984,52.26499938964844,52.314998626708984,145900.0
2026-06-29T10:50:00-04:00,52.31999969482422,52.519901275634766,52.30500030517578,52.474998474121094,145245.0
2026-06-29T10:55:00-04:00,52.47999954223633,52.59989929199219,52.415000915527344,52.459999084472656,137628.0
2026-06-29T11:00:00-04:00,52.470001220703125,52.470001220703125,52.334999084472656,52.349998474121094,103418.0
2026-06-29T11:05:00-04:00,52.34000015258789,52.43009948730469,52.32500076293945,52.35499954223633,132887.0
2026-06-29T11:10:00-04:00,52.36000061035156,52.400001525878906,52.20009994506836,52.30500030517578,289783.0
2026-06-29T11:15:00-04:00,52.29999923706055,52.459999084472656,52.279998779296875,52.279998779296875,126984.0
2026-06-29T11:20:00-04:00,52.279998779296875,52.29499816894531,52.154998779296875,52.220001220703125,226214.0
2026-06-29T11:25:00-04:00,52.22999954223633,52.400001525878906,52.21500015258789,52.38999938964844,95812.0
2026-06-29T11:30:00-04:00,52.38999938964844,52.439998626708984,52.36000061035156,52.369998931884766,105273.0
2026-06-29T11:35:00-04:00,52.36000061035156,52.439998626708984,52.29999923706055,52.40999984741211,135985.0
2026-06-29T11:40:00-04:00,52.41999816894531,52.47999954223633,52.404998779296875,52.459999084472656,75550.0
2026-06-29T11:45:00-04:00,52.45500183105469,52.60499954223633,52.44499969482422,52.55500030517578,147969.0
2026-06-29T11:50:00-04:00,52.54499816894531,52.57500076293945,52.47999954223633,52.564998626708984,102586.0
2026-06-29T11:55:00-04:00,52.564998626708984,52.61000061035156,52.52000045776367,52.529998779296875,92936.0
2026-06-29T12:00:00-04:00,52.52000045776367,52.564998626708984,52.470001220703125,52.53010177612305,172093.0
2026-06-29T12:05:00-04:00,52.52000045776367,52.56999969482422,52.485572814941406,52.56999969482422,114671.0
2026-06-29T12:10:00-04:00,52.560001373291016,52.584999084472656,52.47999954223633,52.494998931884766,118294.0
2026-06-29T12:15:00-04:00,52.494998931884766,52.529998779296875,52.41999816894531,52.51499938964844,94472.0
2026-06-29T12:20:00-04:00,52.51499938964844,52.54499816894531,52.48500061035156,52.530399322509766,68971.0
2026-06-29T12:25:00-04:00,52.53499984741211,52.53499984741211,52.45000076293945,52.459999084472656,157651.0
2026-06-29T12:30:00-04:00,52.470001220703125,52.4900016784668,52.40999984741211,52.42509841918945,96090.0
2026-06-29T12:35:00-04:00,52.42100143432617,52.486698150634766,52.375,52.38999938964844,138222.0
2026-06-29T12:40:00-04:00,52.3843994140625,52.470001220703125,52.3843994140625,52.470001220703125,82192.0
2026-06-29T12:45:00-04:00,52.470001220703125,52.60499954223633,52.44990158081055,52.599998474121094,200234.0
2026-06-29T12:50:00-04:00,52.595001220703125,52.66999816894531,52.57500076293945,52.58000183105469,189272.0
2026-06-29T12:55:00-04:00,52.59000015258789,52.637699127197266,52.54999923706055,52.54999923706055,42734.0
2026-06-29T13:00:00-04:00,52.56999969482422,52.650001525878906,52.54999923706055,52.6349983215332,44014.0
2026-06-29T13:05:00-04:00,52.630001068115234,52.814998626708984,52.630001068115234,52.755001068115234,80420.0
2026-06-29T13:10:00-04:00,52.7400016784668,52.7400016784668,52.665000915527344,52.70500183105469,80385.0
2026-06-29T13:15:00-04:00,52.709999084472656,52.7400016784668,52.68000030517578,52.720001220703125,132771.0
2026-06-29T13:20:00-04:00,52.71500015258789,52.71500015258789,52.56999969482422,52.599998474121094,84365.0
2026-06-29T13:25:00-04:00,52.59960174560547,52.6349983215332,52.560001373291016,52.60499954223633,76228.0
2026-06-29T13:30:00-04:00,52.61000061035156,52.61000061035156,52.54999923706055,52.584999084472656,39212.0
2026-06-29T13:35:00-04:00,52.58000183105469,52.64500045776367,52.560001373291016,52.625,63724.0
2026-06-29T13:40:00-04:00,52.619998931884766,52.619998931884766,52.5,52.505001068115234,98841.0
2026-06-29T13:45:00-04:00,52.505001068115234,52.529998779296875,52.48509979248047,52.52989959716797,54277.0
2026-06-29T13:50:00-04:00,52.529998779296875,52.61000061035156,52.494998931884766,52.5900993347168,55085.0
2026-06-29T13:55:00-04:00,52.584999084472656,52.650001525878906,52.584999084472656,52.649898529052734,70028.0
2026-06-29T14:00:00-04:00,52.64889907836914,52.720001220703125,52.630001068115234,52.70500183105469,100059.0
2026-06-29T14:05:00-04:00,52.70000076293945,52.70000076293945,52.64500045776367,52.65999984741211,66975.0
2026-06-29T14:10:00-04:00,52.654998779296875,52.709999084472656,52.654998779296875,52.70000076293945,79883.0
2026-06-29T14:15:00-04:00,52.69499969482422,52.76499938964844,52.65999984741211,52.744998931884766,135408.0
2026-06-29T14:20:00-04:00,52.749900817871094,52.779998779296875,52.709999084472656,52.755001068115234,67283.0
2026-06-29T14:25:00-04:00,52.75,52.75,52.67499923706055,52.689998626708984,66282.0
2026-06-29T14:30:00-04:00,52.69499969482422,52.72999954223633,52.66999816894531,52.68000030517578,93052.0
2026-06-29T14:35:00-04:00,52.6890983581543,52.75,52.68000030517578,52.7421989440918,93911.0
2026-06-29T14:40:00-04:00,52.7400016784668,52.77000045776367,52.720001220703125,52.7599983215332,103804.0
2026-06-29T14:45:00-04:00,52.7599983215332,52.779998779296875,52.68000030517578,52.685001373291016,77311.0
2026-06-29T14:50:00-04:00,52.685001373291016,52.71989822387695,52.66999816894531,52.689998626708984,55123.0
2026-06-29T14:55:00-04:00,52.689998626708984,52.689998626708984,52.529998779296875,52.595001220703125,96979.0
2026-06-29T15:00:00-04:00,52.599998474121094,52.6150016784668,52.529998779296875,52.529998779296875,81045.0
2026-06-29T15:05:00-04:00,52.529998779296875,52.55500030517578,52.5,52.529998779296875,139510.0
2026-06-29T15:10:00-04:00,52.529998779296875,52.540000915527344,52.38999938964844,52.39500045776367,187935.0
2026-06-29T15:15:00-04:00,52.38999938964844,52.48500061035156,52.380001068115234,52.474998474121094,81913.0
2026-06-29T15:20:00-04:00,52.47800064086914,52.6150016784668,52.474998474121094,52.60499954223633,121462.0
2026-06-29T15:25:00-04:00,52.60029983520508,52.70000076293945,52.599998474121094,52.70000076293945,156365.0
2026-06-29T15:30:00-04:00,52.709999084472656,52.744998931884766,52.67499923706055,52.70500183105469,135902.0
2026-06-29T15:35:00-04:00,52.70500183105469,52.71500015258789,52.654998779296875,52.65999984741211,90260.0
2026-06-29T15:40:00-04:00,52.665000915527344,52.689998626708984,52.619998931884766,52.68299865722656,171220.0
2026-06-29T15:45:00-04:00,52.685001373291016,52.70500183105469,52.630001068115234,52.63999938964844,112892.0
2026-06-29T15:50:00-04:00,52.650001525878906,52.650001525878906,52.59000015258789,52.60499954223633,223508.0
2026-06-29T15:55:00-04:00,52.61000061035156,52.69499969482422,52.56999969482422,52.66999816894531,466983.0
2026-06-30T09:30:00-04:00,53.33000183105469,53.547000885009766,53.28099822998047,53.369998931884766,2262013.0
2026-06-30T09:35:00-04:00,53.380001068115234,53.47999954223633,53.185001373291016,53.19499969482422,248762.0
2026-06-30T09:40:00-04:00,53.20000076293945,53.45069885253906,53.189998626708984,53.41999816894531,173137.0
2026-06-30T09:45:00-04:00,53.41999816894531,53.5099983215332,53.31999969482422,53.33000183105469,199482.0
2026-06-30T09:50:00-04:00,53.34000015258789,53.63999938964844,53.33000183105469,53.529998779296875,283349.0
2026-06-30T09:55:00-04:00,53.53499984741211,53.65999984741211,53.52000045776367,53.59000015258789,187616.0
2026-06-30T10:00:00-04:00,53.59000015258789,53.59000015258789,53.39500045776367,53.43000030517578,255507.0
2026-06-30T10:05:00-04:00,53.43000030517578,54.099998474121094,53.42499923706055,54.02000045776367,688735.0
2026-06-30T10:10:00-04:00,54.02000045776367,54.25960159301758,53.86000061035156,54.095001220703125,660825.0
2026-06-30T10:15:00-04:00,54.09000015258789,54.2599983215332,54.01969909667969,54.185001373291016,460963.0
2026-06-30T10:20:00-04:00,54.16999816894531,54.54999923706055,54.12120056152344,54.538700103759766,615570.0
2026-06-30T10:25:00-04:00,54.52000045776367,54.525001525878906,54.31999969482422,54.31999969482422,263399.0
2026-06-30T10:30:00-04:00,54.32500076293945,54.56999969482422,54.310001373291016,54.459999084472656,281560.0
2026-06-30T10:35:00-04:00,54.470001220703125,54.64500045776367,54.33000183105469,54.439998626708984,357821.0
2026-06-30T10:40:00-04:00,54.439998626708984,54.56999969482422,54.39500045776367,54.470001220703125,304338.0
2026-06-30T10:45:00-04:00,54.470001220703125,54.47999954223633,54.19499969482422,54.20500183105469,253582.0
2026-06-30T10:50:00-04:00,54.209999084472656,54.310001373291016,54.13999938964844,54.224998474121094,193794.0
2026-06-30T10:55:00-04:00,54.22999954223633,54.22999954223633,54.06999969482422,54.119998931884766,210052.0
2026-06-30T11:00:00-04:00,54.130001068115234,54.240699768066406,54.08000183105469,54.095001220703125,139285.0
2026-06-30T11:05:00-04:00,54.109901428222656,54.189998626708984,54.02000045776367,54.10499954223633,90027.0
2026-06-30T11:10:00-04:00,54.099998474121094,54.1349983215332,53.97999954223633,54.130001068115234,107113.0
2026-06-30T11:15:00-04:00,54.119998931884766,54.1349983215332,53.85499954223633,53.91999816894531,113289.0
2026-06-30T11:20:00-04:00,53.91999816894531,53.999900817871094,53.8307991027832,53.97999954223633,149334.0
2026-06-30T11:25:00-04:00,53.97999954223633,54.08000183105469,53.959999084472656,54.02000045776367,96592.0
2026-06-30T11:30:00-04:00,54.029998779296875,54.08000183105469,53.994998931884766,54.0099983215332,83540.0
2026-06-30T11:35:00-04:00,54.0099983215332,54.04499816894531,53.90999984741211,53.959999084472656,110801.0
2026-06-30T11:40:00-04:00,53.95000076293945,53.959999084472656,53.839900970458984,53.932701110839844,102875.0
2026-06-30T11:45:00-04:00,53.939998626708984,54.04999923706055,53.93000030517578,54.0098991394043,100114.0
2026-06-30T11:50:00-04:00,54.0,54.0,53.90999984741211,53.9900016784668,148591.0
2026-06-30T11:55:00-04:00,54.0,54.02000045776367,53.845001220703125,53.8650016784668,83274.0
2026-06-30T12:00:00-04:00,53.8650016784668,53.970001220703125,53.81999969482422,53.889801025390625,148952.0
2026-06-30T12:05:00-04:00,53.88999938964844,53.970001220703125,53.8650016784668,53.89500045776367,87857.0
2026-06-30T12:10:00-04:00,53.89500045776367,53.9556884765625,53.875,53.95000076293945,62527.0
2026-06-30T12:15:00-04:00,53.95500183105469,54.060001373291016,53.95500183105469,53.989898681640625,245996.0
2026-06-30T12:20:00-04:00,54.0,54.07500076293945,53.97010040283203,54.025001525878906,45436.0
2026-06-30T12:25:00-04:00,54.02989959716797,54.09000015258789,53.97999954223633,54.005001068115234,62097.0
2026-06-30T12:30:00-04:00,54.0,54.04999923706055,53.95500183105469,54.029998779296875,79215.0
2026-06-30T12:35:00-04:00,54.025001525878906,54.03990173339844,53.939998626708984,53.989898681640625,55250.0
2026-06-30T12:40:00-04:00,53.98500061035156,54.029998779296875,53.935001373291016,54.01499938964844,92241.0
2026-06-30T12:45:00-04:00,54.015716552734375,54.09000015258789,54.015716552734375,54.03499984741211,46772.0
2026-06-30T12:50:00-04:00,54.029998779296875,54.029998779296875,53.974998474121094,54.01499938964844,76449.0
2026-06-30T12:55:00-04:00,54.0099983215332,54.0099983215332,53.72999954223633,53.7599983215332,155356.0
2026-06-30T13:00:00-04:00,53.755001068115234,53.834999084472656,53.68000030517578,53.779998779296875,95559.0
2026-06-30T13:05:00-04:00,53.775001525878906,53.779998779296875,53.661598205566406,53.70500183105469,92440.0
2026-06-30T13:10:00-04:00,53.70000076293945,53.80500030517578,53.69499969482422,53.790000915527344,84803.0
2026-06-30T13:15:00-04:00,53.79999923706055,53.88990020751953,53.78499984741211,53.78499984741211,49585.0
2026-06-30T13:20:00-04:00,53.790000915527344,53.84000015258789,53.72999954223633,53.755001068115234,93999.0
2026-06-30T13:25:00-04:00,53.72999954223633,53.81990051269531,53.70500183105469,53.810001373291016,45103.0
2026-06-30T13:30:00-04:00,53.810001373291016,53.845001220703125,53.76499938964844,53.79499816894531,45124.0
2026-06-30T13:35:00-04:00,53.790000915527344,53.81999969482422,53.744998931884766,53.744998931884766,34174.0
2026-06-30T13:40:00-04:00,53.744998931884766,53.85499954223633,53.72999954223633,53.81999969482422,44167.0
2026-06-30T13:45:00-04:00,53.81999969482422,53.858001708984375,53.80500030517578,53.81999969482422,37001.0
2026-06-30T13:50:00-04:00,53.8297004699707,53.92499923706055,53.82500076293945,53.915000915527344,28870.0
2026-06-30T13:55:00-04:00,53.915000915527344,53.970001220703125,53.8849983215332,53.91510009765625,46662.0
2026-06-30T14:00:00-04:00,53.915000915527344,53.94900131225586,53.89500045776367,53.935001373291016,31355.0
2026-06-30T14:05:00-04:00,53.93000030517578,54.005001068115234,53.924129486083984,53.935001373291016,47965.0
2026-06-30T14:10:00-04:00,53.935001373291016,53.96500015258789,53.910099029541016,53.95539855957031,58951.0
2026-06-30T14:15:00-04:00,53.95000076293945,53.97999954223633,53.910400390625,53.970001220703125,32912.0
2026-06-30T14:20:00-04:00,53.970001220703125,53.9900016784668,53.93000030517578,53.94499969482422,47663.0
2026-06-30T14:25:00-04:00,53.94499969482422,53.95109939575195,53.88990020751953,53.935001373291016,86001.0
2026-06-30T14:30:00-04:00,53.93000030517578,53.93000030517578,53.849998474121094,53.880001068115234,54266.0
2026-06-30T14:35:00-04:00,53.880001068115234,53.939998626708984,53.880001068115234,53.92499923706055,70971.0
2026-06-30T14:40:00-04:00,53.93000030517578,54.02000045776367,53.91999816894531,54.01499938964844,145989.0
2026-06-30T14:45:00-04:00,54.02000045776367,54.119998931884766,54.005001068115234,54.1150016784668,99047.0
2026-06-30T14:50:00-04:00,54.1150016784668,54.14500045776367,54.09000015258789,54.125,71267.0
2026-06-30T14:55:00-04:00,54.11989974975586,54.11989974975586,54.02000045776367,54.040000915527344,89902.0
2026-06-30T15:00:00-04:00,54.029998779296875,54.04999923706055,53.98500061035156,53.98500061035156,106146.0
2026-06-30T15:05:00-04:00,53.98500061035156,54.005001068115234,53.90999984741211,53.95000076293945,151555.0
2026-06-30T15:10:00-04:00,53.956600189208984,53.9900016784668,53.903682708740234,53.92499923706055,119944.0
2026-06-30T15:15:00-04:00,53.93000030517578,53.959999084472656,53.90999984741211,53.92499923706055,98207.0
2026-06-30T15:20:00-04:00,53.92499923706055,53.939998626708984,53.79499816894531,53.79499816894531,292706.0
2026-06-30T15:25:00-04:00,53.79029846191406,53.80500030517578,53.75,53.775001525878906,205665.0
2026-06-30T15:30:00-04:00,53.775001525878906,53.810001373291016,53.755001068115234,53.77000045776367,156337.0
2026-06-30T15:35:00-04:00,53.77199935913086,53.775001525878906,53.66999816894531,53.68000030517578,505398.0
2026-06-30T15:40:00-04:00,53.685001373291016,53.720001220703125,53.65999984741211,53.68000030517578,312876.0
2026-06-30T15:45:00-04:00,53.685001373291016,53.70500183105469,53.630001068115234,53.665000915527344,194505.0
2026-06-30T15:50:00-04:00,53.65999984741211,53.665000915527344,53.5099983215332,53.52000045776367,274597.0
2026-06-30T15:55:00-04:00,53.525001525878906,53.540000915527344,53.45000076293945,53.47999954223633,599551.0
2026-07-01T09:30:00-04:00,53.33000183105469,53.45000076293945,53.224998474121094,53.44499969482422,2410049.0
2026-07-01T09:35:00-04:00,53.45000076293945,53.81999969482422,53.43000030517578,53.790000915527344,543608.0
2026-07-01T09:40:00-04:00,53.79999923706055,54.5900993347168,53.7599983215332,54.58000183105469,860249.0
2026-07-01T09:45:00-04:00,54.59000015258789,54.880001068115234,54.400001525878906,54.474998474121094,1342725.0
2026-07-01T09:50:00-04:00,54.470001220703125,54.619998931884766,54.34000015258789,54.45000076293945,296761.0
2026-07-01T09:55:00-04:00,54.45000076293945,54.529998779296875,54.349998474121094,54.5099983215332,267025.0
2026-07-01T10:00:00-04:00,54.5099983215332,54.709999084472656,54.3650016784668,54.42499923706055,612696.0
2026-07-01T10:05:00-04:00,54.43000030517578,54.654998779296875,54.400001525878906,54.63999938964844,328825.0
2026-07-01T10:10:00-04:00,54.63999938964844,54.77000045776367,54.599998474121094,54.60499954223633,228773.0
2026-07-01T10:15:00-04:00,54.599998474121094,54.77920150756836,54.51499938964844,54.63999938964844,287950.0
2026-07-01T10:20:00-04:00,54.63999938964844,55.154998779296875,54.63999938964844,55.13990020751953,510586.0
2026-07-01T10:25:00-04:00,55.13999938964844,55.15999984741211,54.83000183105469,54.84000015258789,276437.0
2026-07-01T10:30:00-04:00,54.845001220703125,55.08000183105469,54.779998779296875,55.08000183105469,198627.0
2026-07-01T10:35:00-04:00,55.060001373291016,55.099998474121094,54.8650016784668,54.880001068115234,253748.0
2026-07-01T10:40:00-04:00,54.88999938964844,54.92499923706055,54.599998474121094,54.61000061035156,257637.0
2026-07-01T10:45:00-04:00,54.61009979248047,54.65999984741211,54.47999954223633,54.529998779296875,276015.0
2026-07-01T10:50:00-04:00,54.540000915527344,54.560001373291016,54.459999084472656,54.48426818847656,181304.0
2026-07-01T10:55:00-04:00,54.494998931884766,54.599998474121094,54.474998474121094,54.56990051269531,125838.0
2026-07-01T11:00:00-04:00,54.560001373291016,54.59000015258789,54.47999954223633,54.4901008605957,110386.0
2026-07-01T11:05:00-04:00,54.5,54.56999969482422,54.34000015258789,54.349998474121094,135504.0
2026-07-01T11:10:00-04:00,54.36000061035156,54.45989990234375,54.33000183105469,54.45000076293945,104365.0
2026-07-01T11:15:00-04:00,54.459999084472656,54.529300689697266,54.345001220703125,54.345001220703125,102247.0
2026-07-01T11:20:00-04:00,54.3489990234375,54.439998626708984,54.290000915527344,54.34000015258789,149568.0
2026-07-01T11:25:00-04:00,54.35499954223633,54.470001220703125,54.29130172729492,54.45500183105469,154430.0
2026-07-01T11:30:00-04:00,54.459999084472656,54.4900016784668,54.36000061035156,54.37559509277344,152532.0
2026-07-01T11:35:00-04:00,54.3849983215332,54.435001373291016,54.369998931884766,54.415000915527344,62165.0
2026-07-01T11:40:00-04:00,54.41999816894531,54.459999084472656,54.375,54.415000915527344,113874.0
2026-07-01T11:45:00-04:00,54.40999984741211,54.48899841308594,54.380001068115234,54.474998474121094,84981.0
2026-07-01T11:50:00-04:00,54.474998474121094,54.56999969482422,54.474998474121094,54.505001068115234,107090.0
2026-07-01T11:55:00-04:00,54.505001068115234,54.505001068115234,54.380001068115234,54.41999816894531,145774.0
2026-07-01T12:00:00-04:00,54.43000030517578,54.54999923706055,54.415000915527344,54.54499816894531,103897.0
2026-07-01T12:05:00-04:00,54.540000915527344,54.59000015258789,54.4900016784668,54.500099182128906,96927.0
2026-07-01T12:10:00-04:00,54.494998931884766,54.54499816894531,54.4900016784668,54.529998779296875,36297.0
2026-07-01T12:15:00-04:00,54.53499984741211,54.599998474121094,54.5099983215332,54.599998474121094,68097.0
2026-07-01T12:20:00-04:00,54.58000183105469,54.6150016784668,54.53139877319336,54.55500030517578,46593.0
2026-07-01T12:25:00-04:00,54.55929946899414,54.63010025024414,54.55929946899414,54.564998626708984,108070.0
2026-07-01T12:30:00-04:00,54.56999969482422,54.60499954223633,54.380001068115234,54.380001068115234,65185.0
2026-07-01T12:35:00-04:00,54.38999938964844,54.52351379394531,54.389400482177734,54.46500015258789,50415.0
2026-07-01T12:40:00-04:00,54.45500183105469,54.459999084472656,54.35499954223633,54.375,71068.0
2026-07-01T12:45:00-04:00,54.380001068115234,54.40999984741211,54.349998474121094,54.36520004272461,59434.0
2026-07-01T12:50:00-04:00,54.36000061035156,54.40999984741211,54.314998626708984,54.380001068115234,58442.0
2026-07-01T12:55:00-04:00,54.375,54.375,54.29999923706055,54.31999969482422,56648.0
2026-07-01T13:00:00-04:00,54.310001373291016,54.38999938964844,54.275001525878906,54.314998626708984,100297.0
2026-07-01T13:05:00-04:00,54.310001373291016,54.310001373291016,54.220001220703125,54.2400016784668,61361.0
2026-07-01T13:10:00-04:00,54.244998931884766,54.27000045776367,54.191200256347656,54.255001068115234,48432.0
2026-07-01T13:15:00-04:00,54.25,54.2599983215332,54.15999984741211,54.21500015258789,59199.0
2026-07-01T13:20:00-04:00,54.224998474121094,54.27000045776367,54.185001373291016,54.23500061035156,103035.0
2026-07-01T13:25:00-04:00,54.22999954223633,54.2599983215332,54.21009826660156,54.224998474121094,33816.0
2026-07-01T13:30:00-04:00,54.2400016784668,54.334999084472656,54.2400016784668,54.310001373291016,53959.0
2026-07-01T13:35:00-04:00,54.31999969482422,54.349998474121094,54.29999923706055,54.314998626708984,38068.0
2026-07-01T13:40:00-04:00,54.307701110839844,54.310298919677734,54.244998931884766,54.2599983215332,161378.0
2026-07-01T13:45:00-04:00,54.2599983215332,54.28499984741211,54.22999954223633,54.2400016784668,33861.0
2026-07-01T13:50:00-04:00,54.22999954223633,54.2599983215332,54.130001068115234,54.150001525878906,129782.0
2026-07-01T13:55:00-04:00,54.150001525878906,54.165000915527344,54.099998474121094,54.119998931884766,54460.0
2026-07-01T14:00:00-04:00,54.130001068115234,54.23720169067383,54.125,54.23500061035156,56335.0
2026-07-01T14:05:00-04:00,54.23500061035156,54.23649978637695,54.13999938964844,54.150001525878906,40023.0
2026-07-01T14:10:00-04:00,54.13999938964844,54.15999984741211,54.084999084472656,54.11000061035156,38280.0
2026-07-01T14:15:00-04:00,54.099998474121094,54.13999938964844,54.060001373291016,54.11000061035156,76074.0
2026-07-01T14:20:00-04:00,54.1150016784668,54.1150016784668,53.9900016784668,54.03499984741211,137907.0
2026-07-01T14:25:00-04:00,54.040000915527344,54.04999923706055,53.92499923706055,53.93000030517578,194364.0
2026-07-01T14:30:00-04:00,53.93000030517578,54.084999084472656,53.93000030517578,54.040000915527344,130309.0
2026-07-01T14:35:00-04:00,54.04999923706055,54.05500030517578,54.000301361083984,54.01499938964844,38060.0
2026-07-01T14:40:00-04:00,54.01499938964844,54.01499938964844,53.97999954223633,53.9900016784668,47636.0
2026-07-01T14:45:00-04:00,53.98500061035156,53.9900016784668,53.915000915527344,53.95500183105469,126713.0
2026-07-01T14:50:00-04:00,53.957298278808594,53.96379852294922,53.880001068115234,53.880001068115234,124744.0
2026-07-01T14:55:00-04:00,53.875,54.0099983215332,53.875,53.980201721191406,66579.0
2026-07-01T15:00:00-04:00,53.9900016784668,54.09000015258789,53.97999954223633,54.040000915527344,77742.0
2026-07-01T15:05:00-04:00,54.04999923706055,54.15999984741211,54.029998779296875,54.14500045776367,72437.0
2026-07-01T15:10:00-04:00,54.13999938964844,54.13999938964844,54.027801513671875,54.04999923706055,101538.0
2026-07-01T15:15:00-04:00,54.04499816894531,54.05509948730469,54.0,54.01020050048828,51503.0
2026-07-01T15:20:00-04:00,54.0099983215332,54.02989959716797,53.94499969482422,53.95000076293945,334344.0
2026-07-01T15:25:00-04:00,53.95000076293945,53.9900016784668,53.939998626708984,53.974998474121094,61167.0
2026-07-01T15:30:00-04:00,53.97999954223633,54.005001068115234,53.904998779296875,53.90999984741211,88717.0
2026-07-01T15:35:00-04:00,53.90999984741211,53.90999984741211,53.880001068115234,53.880001068115234,83669.0
2026-07-01T15:40:00-04:00,53.880001068115234,53.8849983215332,53.779998779296875,53.79499816894531,224646.0
2026-07-01T15:45:00-04:00,53.79999923706055,53.834999084472656,53.72999954223633,53.79499816894531,232676.0
2026-07-01T15:50:00-04:00,53.79999923706055,53.810001373291016,53.54499816894531,53.595001220703125,399049.0
2026-07-01T15:55:00-04:00,53.59000015258789,53.630001068115234,53.52000045776367,53.56999969482422,416128.0
2026-07-02T09:30:00-04:00,55.11000061035156,55.540401458740234,55.02000045776367,55.52000045776367,2669269.0
2026-07-02T09:35:00-04:00,55.51900100708008,55.84000015258789,55.5,55.709999084472656,592029.0
2026-07-02T09:40:00-04:00,55.72999954223633,56.06999969482422,55.65999984741211,55.875,596482.0
2026-07-02T09:45:00-04:00,55.87009811401367,56.125,55.830101013183594,56.02000045776367,334527.0
2026-07-02T09:50:00-04:00,56.029998779296875,56.130001068115234,55.810001373291016,55.834999084472656,500690.0
2026-07-02T09:55:00-04:00,55.84000015258789,56.029998779296875,55.82500076293945,55.95000076293945,403468.0
2026-07-02T10:00:00-04:00,55.959999084472656,55.959999084472656,55.68000030517578,55.790000915527344,823051.0
2026-07-02T10:05:00-04:00,55.79999923706055,55.88999938964844,55.709999084472656,55.744998931884766,253232.0
2026-07-02T10:10:00-04:00,55.7400016784668,55.810001373291016,55.58000183105469,55.75,264989.0
2026-07-02T10:15:00-04:00,55.74020004272461,55.81999969482422,55.59000015258789,55.68000030517578,169809.0
2026-07-02T10:20:00-04:00,55.65999984741211,55.65999984741211,55.439998626708984,55.45500183105469,241921.0
2026-07-02T10:25:00-04:00,55.459999084472656,55.47420120239258,55.2400016784668,55.30500030517578,383952.0
2026-07-02T10:30:00-04:00,55.310001373291016,55.52799987792969,55.275001525878906,55.314998626708984,289598.0
2026-07-02T10:35:00-04:00,55.31999969482422,55.41999816894531,55.25,55.369998931884766,180469.0
2026-07-02T10:40:00-04:00,55.369998931884766,55.39500045776367,55.25,55.369998931884766,232502.0
2026-07-02T10:45:00-04:00,55.380001068115234,55.41999816894531,55.22999954223633,55.37030029296875,251851.0
2026-07-02T10:50:00-04:00,55.38999938964844,55.440101623535156,55.279998779296875,55.34000015258789,188404.0
2026-07-02T10:55:00-04:00,55.349998474121094,55.4900016784668,55.349998474121094,55.479698181152344,195866.0
2026-07-02T11:00:00-04:00,55.470001220703125,55.5099983215332,55.34000015258789,55.34000015258789,181862.0
2026-07-02T11:05:00-04:00,55.345001220703125,55.345001220703125,54.95000076293945,55.154998779296875,241058.0
2026-07-02T11:10:00-04:00,55.154998779296875,55.34000015258789,55.13999938964844,55.279998779296875,262319.0
2026-07-02T11:15:00-04:00,55.279998779296875,55.349998474121094,55.084999084472656,55.130001068115234,160524.0
2026-07-02T11:20:00-04:00,55.13999938964844,55.31999969482422,55.13999938964844,55.30500030517578,120930.0
2026-07-02T11:25:00-04:00,55.310001373291016,55.345001220703125,55.15999984741211,55.165000915527344,125448.0
2026-07-02T11:30:00-04:00,55.176998138427734,55.40999984741211,55.16999816894531,55.380001068115234,91376.0
2026-07-02T11:35:00-04:00,55.3849983215332,55.45000076293945,55.36000061035156,55.36800003051758,127010.0
2026-07-02T11:40:00-04:00,55.36000061035156,55.400001525878906,55.275001525878906,55.275001525878906,55904.0
2026-07-02T11:45:00-04:00,55.279998779296875,55.32500076293945,55.25,55.26499938964844,100162.0
2026-07-02T11:50:00-04:00,55.25,55.29249954223633,55.160099029541016,55.290000915527344,82710.0
2026-07-02T11:55:00-04:00,55.279998779296875,55.290000915527344,55.18000030517578,55.25040054321289,112918.0
2026-07-02T12:00:00-04:00,55.255001068115234,55.29499816894531,55.1349983215332,55.17959976196289,107793.0
2026-07-02T12:05:00-04:00,55.18000030517578,55.20000076293945,55.040000915527344,55.060001373291016,109265.0
2026-07-02T12:10:00-04:00,55.07500076293945,55.19499969482422,55.064998626708984,55.17499923706055,150747.0
2026-07-02T12:15:00-04:00,55.16999816894531,55.206600189208984,55.10499954223633,55.185001373291016,122486.0
2026-07-02T12:20:00-04:00,55.189998626708984,55.189998626708984,54.95000076293945,55.0099983215332,242108.0
2026-07-02T12:25:00-04:00,55.0099983215332,55.05500030517578,54.93000030517578,54.95500183105469,172533.0
2026-07-02T12:30:00-04:00,54.95000076293945,54.95000076293945,54.7400016784668,54.7599983215332,386151.0
2026-07-02T12:35:00-04:00,54.76499938964844,54.89500045776367,54.68000030517578,54.89500045776367,179485.0
2026-07-02T12:40:00-04:00,54.900001525878906,55.03499984741211,54.88999938964844,54.983699798583984,154246.0
2026-07-02T12:45:00-04:00,54.97999954223633,55.04999923706055,54.959999084472656,55.02949905395508,66662.0
2026-07-02T12:50:00-04:00,55.0099983215332,55.08000183105469,54.96989822387695,55.005001068115234,65944.0
2026-07-02T12:55:00-04:00,55.0099983215332,55.0099983215332,54.959999084472656,55.0,45606.0
2026-07-02T13:00:00-04:00,55.0099983215332,55.04999923706055,54.880001068115234,54.92499923706055,97009.0
2026-07-02T13:05:00-04:00,54.91999816894531,55.0099983215332,54.8650016784668,54.935001373291016,72721.0
2026-07-02T13:10:00-04:00,54.90999984741211,54.95640182495117,54.849998474121094,54.939998626708984,49551.0
2026-07-02T13:15:00-04:00,54.939998626708984,54.959999084472656,54.8650016784668,54.875,53560.0
2026-07-02T13:20:00-04:00,54.880001068115234,54.88999938964844,54.68000030517578,54.790000915527344,144623.0
2026-07-02T13:25:00-04:00,54.775001525878906,54.83000183105469,54.7400016784668,54.790000915527344,91594.0
2026-07-02T13:30:00-04:00,54.779998779296875,54.84000015258789,54.724998474121094,54.72999954223633,161516.0
2026-07-02T13:35:00-04:00,54.720001220703125,54.7599983215332,54.665000915527344,54.70000076293945,84071.0
2026-07-02T13:40:00-04:00,54.70000076293945,54.72999954223633,54.630001068115234,54.65999984741211,71617.0
2026-07-02T13:45:00-04:00,54.665000915527344,54.744998931884766,54.6349983215332,54.7400016784668,121172.0
2026-07-02T13:50:00-04:00,54.72999954223633,54.76499938964844,54.685001373291016,54.7400016784668,82254.0
2026-07-02T13:55:00-04:00,54.7400016784668,54.755001068115234,54.63999938964844,54.65999984741211,59361.0
2026-07-02T14:00:00-04:00,54.650001525878906,54.86000061035156,54.632999420166016,54.86000061035156,121602.0
2026-07-02T14:05:00-04:00,54.849998474121094,54.959999084472656,54.849998474121094,54.959999084472656,82717.0
2026-07-02T14:10:00-04:00,54.970001220703125,54.97999954223633,54.880001068115234,54.904998779296875,125149.0
2026-07-02T14:15:00-04:00,54.90999984741211,54.91999816894531,54.77000045776367,54.80500030517578,143930.0
2026-07-02T14:20:00-04:00,54.810001373291016,54.84000015258789,54.790000915527344,54.82500076293945,51628.0
2026-07-02T14:25:00-04:00,54.814998626708984,54.95949935913086,54.814998626708984,54.95949935913086,85364.0
2026-07-02T14:30:00-04:00,54.95669937133789,55.099998474121094,54.95669937133789,55.064998626708984,115324.0
2026-07-02T14:35:00-04:00,55.060001373291016,55.099998474121094,55.040000915527344,55.04999923706055,57169.0
2026-07-02T14:40:00-04:00,55.04999923706055,55.06990051269531,54.96049880981445,54.96670150756836,70327.0
2026-07-02T14:45:00-04:00,54.96500015258789,54.9900016784668,54.90010070800781,54.98500061035156,44142.0
2026-07-02T14:50:00-04:00,54.97999954223633,55.01499938964844,54.92499923706055,54.93000030517578,48091.0
2026-07-02T14:55:00-04:00,54.93000030517578,54.970001220703125,54.8849983215332,54.970001220703125,102484.0
2026-07-02T15:00:00-04:00,54.970001220703125,55.01499938964844,54.80500030517578,54.810001373291016,70022.0
2026-07-02T15:05:00-04:00,54.81999969482422,54.83000183105469,54.75,54.779998779296875,179136.0
2026-07-02T15:10:00-04:00,54.779998779296875,54.779998779296875,54.724998474121094,54.7400016784668,59359.0
2026-07-02T15:15:00-04:00,54.7400016784668,54.75,54.70000076293945,54.720001220703125,59321.0
2026-07-02T15:20:00-04:00,54.71979904174805,54.720001220703125,54.599998474121094,54.60499954223633,93328.0
2026-07-02T15:25:00-04:00,54.60499954223633,54.779998779296875,54.56999969482422,54.7400016784668,145028.0
2026-07-02T15:30:00-04:00,54.7400016784668,54.81999969482422,54.724998474121094,54.78499984741211,166434.0
2026-07-02T15:35:00-04:00,54.78499984741211,54.79999923706055,54.7400016784668,54.78499984741211,131434.0
2026-07-02T15:40:00-04:00,54.78499984741211,54.84000015258789,54.77000045776367,54.79999923706055,110899.0
2026-07-02T15:45:00-04:00,54.79999923706055,54.86000061035156,54.78499984741211,54.86000061035156,153525.0
2026-07-02T15:50:00-04:00,54.86000061035156,55.04499816894531,54.86000061035156,55.04499816894531,278276.0
2026-07-02T15:55:00-04:00,55.04499816894531,55.084999084472656,54.9900016784668,55.029998779296875,649698.0
2026-07-06T09:30:00-04:00,55.742000579833984,55.90999984741211,55.72999954223633,55.880001068115234,2301748.0
2026-07-06T09:35:00-04:00,55.880001068115234,55.95000076293945,55.78990173339844,55.95000076293945,267383.0
2026-07-06T09:40:00-04:00,55.95000076293945,56.02000045776367,55.849998474121094,56.01499938964844,300956.0
2026-07-06T09:45:00-04:00,56.02000045776367,56.03499984741211,55.8401985168457,56.029998779296875,304492.0
2026-07-06T09:50:00-04:00,56.029998779296875,56.099998474121094,55.95500183105469,56.025001525878906,280363.0
2026-07-06T09:55:00-04:00,56.02000045776367,56.03499984741211,55.81999969482422,55.90999984741211,274208.0
2026-07-06T10:00:00-04:00,55.900001525878906,56.0099983215332,55.829898834228516,55.84000015258789,236972.0
2026-07-06T10:05:00-04:00,55.849998474121094,55.88800048828125,55.720001220703125,55.79999923706055,275982.0
2026-07-06T10:10:00-04:00,55.79499816894531,55.9900016784668,55.79499816894531,55.900001525878906,255323.0
2026-07-06T10:15:00-04:00,55.90010070800781,55.904998779296875,55.689998626708984,55.7599983215332,180664.0
2026-07-06T10:20:00-04:00,55.7505989074707,55.78499984741211,55.63999938964844,55.650001525878906,116919.0
2026-07-06T10:25:00-04:00,55.650001525878906,55.810001373291016,55.650001525878906,55.779998779296875,99716.0
2026-07-06T10:30:00-04:00,55.79999923706055,55.939998626708984,55.709999084472656,55.93000030517578,109402.0
2026-07-06T10:35:00-04:00,55.92499923706055,55.959999084472656,55.810001373291016,55.84000015258789,134108.0
2026-07-06T10:40:00-04:00,55.84000015258789,55.900001525878906,55.6349983215332,55.654998779296875,82913.0
2026-07-06T10:45:00-04:00,55.650001525878906,55.72999954223633,55.619998931884766,55.68000030517578,146806.0
2026-07-06T10:50:00-04:00,55.689998626708984,55.76499938964844,55.65999984741211,55.720001220703125,143836.0
2026-07-06T10:55:00-04:00,55.75,55.81999969482422,55.690101623535156,55.810001373291016,92202.0
2026-07-06T11:00:00-04:00,55.810001373291016,55.935001373291016,55.79290008544922,55.90999984741211,99679.0
2026-07-06T11:05:00-04:00,55.915000915527344,55.970001220703125,55.875,55.92365646362305,90184.0
2026-07-06T11:10:00-04:00,55.92499923706055,55.935001373291016,55.73500061035156,55.760501861572266,113648.0
2026-07-06T11:15:00-04:00,55.755001068115234,55.810001373291016,55.75,55.7599983215332,245425.0
2026-07-06T11:20:00-04:00,55.755001068115234,55.81999969482422,55.72999954223633,55.790000915527344,85796.0
2026-07-06T11:25:00-04:00,55.79899978637695,55.88050079345703,55.7599983215332,55.8650016784668,146145.0
2026-07-06T11:30:00-04:00,55.86000061035156,55.939998626708984,55.83000183105469,55.915000915527344,152165.0
2026-07-06T11:35:00-04:00,55.91999816894531,55.935001373291016,55.85499954223633,55.915000915527344,86223.0
2026-07-06T11:40:00-04:00,55.915000915527344,55.970001220703125,55.8849983215332,55.96500015258789,44796.0
2026-07-06T11:45:00-04:00,55.970001220703125,55.974998474121094,55.88999938964844,55.88999938964844,64782.0
2026-07-06T11:50:00-04:00,55.880001068115234,55.89500045776367,55.84000015258789,55.845001220703125,47978.0
2026-07-06T11:55:00-04:00,55.845001220703125,55.90999984741211,55.810001373291016,55.85499954223633,78276.0
2026-07-06T12:00:00-04:00,55.849998474121094,55.86000061035156,55.72999954223633,55.755001068115234,116144.0
2026-07-06T12:05:00-04:00,55.744998931884766,55.790000915527344,55.73500061035156,55.775001525878906,74185.0
2026-07-06T12:10:00-04:00,55.779998779296875,55.79999923706055,55.66999816894531,55.66999816894531,68975.0
2026-07-06T12:15:00-04:00,55.665000915527344,55.72999954223633,55.64500045776367,55.70000076293945,106357.0
2026-07-06T12:20:00-04:00,55.68000030517578,55.7400016784668,55.65999984741211,55.7400016784668,141328.0
2026-07-06T12:25:00-04:00,55.73500061035156,55.73500061035156,55.61000061035156,55.64739990234375,45180.0
2026-07-06T12:30:00-04:00,55.650001525878906,55.755001068115234,55.650001525878906,55.724998474121094,68574.0
2026-07-06T12:35:00-04:00,55.709999084472656,55.7599983215332,55.70000076293945,55.7400016784668,37047.0
2026-07-06T12:40:00-04:00,55.739898681640625,55.796600341796875,55.72999954223633,55.79499816894531,34949.0
2026-07-06T12:45:00-04:00,55.790000915527344,55.814998626708984,55.755001068115234,55.814998626708984,55293.0
2026-07-06T12:50:00-04:00,55.81999969482422,55.94499969482422,55.81999969482422,55.834999084472656,85243.0
2026-07-06T12:55:00-04:00,55.83000183105469,55.90999984741211,55.82500076293945,55.8849983215332,90614.0
2026-07-06T13:00:00-04:00,55.875,55.93000030517578,55.86000061035156,55.90999984741211,127528.0
2026-07-06T13:05:00-04:00,55.90999984741211,56.060001373291016,55.90999984741211,55.95000076293945,236140.0
2026-07-06T13:10:00-04:00,55.95000076293945,55.95000076293945,55.87049865722656,55.90999984741211,74494.0
2026-07-06T13:15:00-04:00,55.90999984741211,55.935001373291016,55.790000915527344,55.810001373291016,75799.0
2026-07-06T13:20:00-04:00,55.81999969482422,56.02000045776367,55.76499938964844,55.94029998779297,126776.0
2026-07-06T13:25:00-04:00,55.95330047607422,56.0,55.92900085449219,55.94499969482422,111579.0
2026-07-06T13:30:00-04:00,55.939998626708984,56.040000915527344,55.920101165771484,56.040000915527344,120999.0
2026-07-06T13:35:00-04:00,56.03499984741211,56.06800079345703,55.9900016784668,56.060001373291016,105326.0
2026-07-06T13:40:00-04:00,56.060001373291016,56.06999969482422,55.974998474121094,55.974998474121094,141858.0
2026-07-06T13:45:00-04:00,55.970001220703125,56.047698974609375,55.95500183105469,56.040000915527344,129882.0
2026-07-06T13:50:00-04:00,56.040000915527344,56.130001068115234,56.02989959716797,56.05500030517578,240339.0
2026-07-06T13:55:00-04:00,56.05500030517578,56.07509994506836,56.025001525878906,56.060001373291016,89530.0
2026-07-06T14:00:00-04:00,56.06999969482422,56.077999114990234,55.97999954223633,55.98500061035156,71234.0
2026-07-06T14:05:00-04:00,55.97999954223633,56.0099983215332,55.959999084472656,56.000099182128906,56670.0
2026-07-06T14:10:00-04:00,56.0,56.060001373291016,55.994998931884766,56.04999923706055,44470.0
2026-07-06T14:15:00-04:00,56.04999923706055,56.15999984741211,56.04999923706055,56.150001525878906,67582.0
2026-07-06T14:20:00-04:00,56.14500045776367,56.185001373291016,56.119998931884766,56.17499923706055,73194.0
2026-07-06T14:25:00-04:00,56.17499923706055,56.189998626708984,56.130001068115234,56.155853271484375,97207.0
2026-07-06T14:30:00-04:00,56.150001525878906,56.29999923706055,56.13999938964844,56.275001525878906,314129.0
2026-07-06T14:35:00-04:00,56.275001525878906,56.369998931884766,56.25,56.2599983215332,282167.0
2026-07-06T14:40:00-04:00,56.26499938964844,56.27000045776367,56.22999954223633,56.25,69114.0
2026-07-06T14:45:00-04:00,56.244998931884766,56.2599983215332,56.185001373291016,56.209999084472656,179160.0
2026-07-06T14:50:00-04:00,56.21500015258789,56.22999954223633,56.15999984741211,56.18989944458008,181986.0
2026-07-06T14:55:00-04:00,56.189998626708984,56.220001220703125,56.179901123046875,56.20500183105469,34974.0
2026-07-06T15:00:00-04:00,56.20500183105469,56.25,56.1349983215332,56.13999938964844,125029.0
2026-07-06T15:05:00-04:00,56.134517669677734,56.15999984741211,56.099998474121094,56.139801025390625,59003.0
2026-07-06T15:10:00-04:00,56.130001068115234,56.14500045776367,56.099998474121094,56.1150016784668,59365.0
2026-07-06T15:15:00-04:00,56.11000061035156,56.14500045776367,56.07500076293945,56.14500045776367,119335.0
2026-07-06T15:20:00-04:00,56.150001525878906,56.21699905395508,56.1349983215332,56.21500015258789,176315.0
2026-07-06T15:25:00-04:00,56.209999084472656,56.220001220703125,56.189998626708984,56.21500015258789,103283.0
2026-07-06T15:30:00-04:00,56.21390151977539,56.22999954223633,56.15999984741211,56.15999984741211,229055.0
2026-07-06T15:35:00-04:00,56.160499572753906,56.165000915527344,56.06100082397461,56.08000183105469,312874.0
2026-07-06T15:40:00-04:00,56.084999084472656,56.10860061645508,56.06999969482422,56.095001220703125,228770.0
2026-07-06T15:45:00-04:00,56.099998474121094,56.14500045776367,56.09000015258789,56.12990188598633,148586.0
2026-07-06T15:50:00-04:00,56.125,56.150001525878906,56.099998474121094,56.1349983215332,178299.0
2026-07-06T15:55:00-04:00,56.130001068115234,56.13999938964844,56.07500076293945,56.119998931884766,648786.0
2026-07-07T09:30:00-04:00,55.38999938964844,55.525001525878906,55.2400016784668,55.5,1429727.0
2026-07-07T09:35:00-04:00,55.5,55.69499969482422,55.459999084472656,55.58000183105469,301002.0
2026-07-07T09:40:00-04:00,55.579898834228516,55.935001373291016,55.54999923706055,55.869998931884766,576926.0
2026-07-07T09:45:00-04:00,55.869998931884766,55.935001373291016,55.689998626708984,55.75,147412.0
2026-07-07T09:50:00-04:00,55.7400016784668,55.779998779296875,55.525001525878906,55.56999969482422,317391.0
2026-07-07T09:55:00-04:00,55.56999969482422,55.595001220703125,55.345001220703125,55.439998626708984,183871.0
2026-07-07T10:00:00-04:00,55.44499969482422,55.53010177612305,55.32500076293945,55.345001220703125,248058.0
2026-07-07T10:05:00-04:00,55.34000015258789,55.404998779296875,55.290000915527344,55.375,149028.0
2026-07-07T10:10:00-04:00,55.380001068115234,55.38999938964844,55.244998931884766,55.279998779296875,114681.0
2026-07-07T10:15:00-04:00,55.28499984741211,55.400001525878906,55.244998931884766,55.33000183105469,101243.0
2026-07-07T10:20:00-04:00,55.33000183105469,55.34000015258789,55.099998474121094,55.119998931884766,209793.0
2026-07-07T10:25:00-04:00,55.099998474121094,55.220001220703125,55.060001373291016,55.220001220703125,176160.0
2026-07-07T10:30:00-04:00,55.220001220703125,55.259498596191406,54.98500061035156,54.9901008605957,172408.0
2026-07-07T10:35:00-04:00,54.9900016784668,55.000099182128906,54.84000015258789,54.9900016784668,165780.0
2026-07-07T10:40:00-04:00,54.9900016784668,55.099998474121094,54.88999938964844,55.07500076293945,123879.0
2026-07-07T10:45:00-04:00,55.08509826660156,55.20000076293945,55.07500076293945,55.20000076293945,288631.0
2026-07-07T10:50:00-04:00,55.20500183105469,55.214599609375,55.08000183105469,55.09000015258789,97900.0
2026-07-07T10:55:00-04:00,55.09000015258789,55.14500045776367,55.040000915527344,55.08449935913086,54557.0
2026-07-07T11:00:00-04:00,55.08000183105469,55.14500045776367,55.02000045776367,55.08000183105469,63476.0
2026-07-07T11:05:00-04:00,55.08000183105469,55.119998931884766,54.95000076293945,55.01499938964844,77332.0
2026-07-07T11:10:00-04:00,55.0099983215332,55.060001373291016,54.94499969482422,54.959999084472656,103967.0
2026-07-07T11:15:00-04:00,54.959999084472656,54.959999084472656,54.814998626708984,54.875,520307.0
2026-07-07T11:20:00-04:00,54.880001068115234,54.9370002746582,54.869998931884766,54.93000030517578,48660.0
2026-07-07T11:25:00-04:00,54.939998626708984,54.970001220703125,54.849998474121094,54.919898986816406,56915.0
2026-07-07T11:30:00-04:00,54.91999816894531,54.994998931884766,54.914798736572266,54.91999816894531,84341.0
2026-07-07T11:35:00-04:00,54.915000915527344,54.974998474121094,54.88999938964844,54.959999084472656,109700.0
2026-07-07T11:40:00-04:00,54.95500183105469,55.015499114990234,54.92499923706055,54.9900016784668,66087.0
2026-07-07T11:45:00-04:00,54.9900016784668,55.02000045776367,54.849998474121094,54.849998474121094,177767.0
2026-07-07T11:50:00-04:00,54.849998474121094,54.88999938964844,54.68000030517578,54.685001373291016,194988.0
2026-07-07T11:55:00-04:00,54.685001373291016,54.82500076293945,54.65999984741211,54.814998626708984,121566.0
2026-07-07T12:00:00-04:00,54.81999969482422,54.91999816894531,54.79999923706055,54.904998779296875,62345.0
2026-07-07T12:05:00-04:00,54.915000915527344,55.0099983215332,54.900001525878906,54.92499923706055,164913.0
2026-07-07T12:10:00-04:00,54.93000030517578,55.040000915527344,54.91999816894531,55.025001525878906,127379.0
2026-07-07T12:15:00-04:00,55.01499938964844,55.08000183105469,55.0099983215332,55.07500076293945,102818.0
2026-07-07T12:20:00-04:00,55.09000015258789,55.130001068115234,55.05009841918945,55.05500030517578,118195.0
2026-07-07T12:25:00-04:00,55.060001373291016,55.16550064086914,55.060001373291016,55.1349983215332,96175.0
2026-07-07T12:30:00-04:00,55.130001068115234,55.14500045776367,55.04499816894531,55.0536994934082,34439.0
2026-07-07T12:35:00-04:00,55.04999923706055,55.06999969482422,54.97999954223633,55.0,36664.0
2026-07-07T12:40:00-04:00,54.9900016784668,55.05500030517578,54.97999954223633,55.029998779296875,38664.0
2026-07-07T12:45:00-04:00,55.040000915527344,55.040000915527344,54.97549819946289,55.040000915527344,25700.0
2026-07-07T12:50:00-04:00,55.040000915527344,55.084999084472656,55.020198822021484,55.025001525878906,58608.0
2026-07-07T12:55:00-04:00,55.029998779296875,55.09000015258789,54.994998931884766,55.09000015258789,33077.0
2026-07-07T13:00:00-04:00,55.099998474121094,55.140098571777344,55.064998626708984,55.08449935913086,45914.0
2026-07-07T13:05:00-04:00,55.099998474121094,55.119998931884766,55.06999969482422,55.084999084472656,119770.0
2026-07-07T13:10:00-04:00,55.070098876953125,55.070098876953125,54.970001220703125,54.9900016784668,36484.0
2026-07-07T13:15:00-04:00,54.9900016784668,55.000099182128906,54.92499923706055,54.98500061035156,47686.0
2026-07-07T13:20:00-04:00,54.994998931884766,55.09000015258789,54.9900016784668,55.06999969482422,37935.0
2026-07-07T13:25:00-04:00,55.06010055541992,55.150001525878906,55.060001373291016,55.140098571777344,24034.0
2026-07-07T13:30:00-04:00,55.13999938964844,55.20000076293945,55.13999938964844,55.189998626708984,54832.0
2026-07-07T13:35:00-04:00,55.18645477294922,55.20500183105469,55.150299072265625,55.185001373291016,65557.0
2026-07-07T13:40:00-04:00,55.185001373291016,55.22999954223633,55.165000915527344,55.18000030517578,64156.0
2026-07-07T13:45:00-04:00,55.18000030517578,55.189998626708984,55.1349983215332,55.16999816894531,48920.0
2026-07-07T13:50:00-04:00,55.15999984741211,55.17499923706055,55.1150016784668,55.1349983215332,57722.0
2026-07-07T13:55:00-04:00,55.130001068115234,55.170101165771484,55.130001068115234,55.16375732421875,46926.0
2026-07-07T14:00:00-04:00,55.16999816894531,55.17499923706055,55.08000183105469,55.125,56690.0
2026-07-07T14:05:00-04:00,55.125,55.12990188598633,55.06999969482422,55.07500076293945,57395.0
2026-07-07T14:10:00-04:00,55.08000183105469,55.1349983215332,55.064998626708984,55.12969970703125,25202.0
2026-07-07T14:15:00-04:00,55.11000061035156,55.159000396728516,55.095001220703125,55.154998779296875,64439.0
2026-07-07T14:20:00-04:00,55.14500045776367,55.189998626708984,55.130001068115234,55.13999938964844,42058.0
2026-07-07T14:25:00-04:00,55.130001068115234,55.150001525878906,55.08000183105469,55.09000015258789,47724.0
2026-07-07T14:30:00-04:00,55.08000183105469,55.084999084472656,54.90999984741211,54.97999954223633,311622.0
2026-07-07T14:35:00-04:00,54.97999954223633,55.09000015258789,54.97999954223633,55.06999969482422,37190.0
2026-07-07T14:40:00-04:00,55.06999969482422,55.06999969482422,54.994998931884766,55.0359992980957,54635.0
2026-07-07T14:45:00-04:00,55.05471420288086,55.05471420288086,54.79999923706055,54.86000061035156,93175.0
2026-07-07T14:50:00-04:00,54.87009811401367,54.900001525878906,54.630001068115234,54.66999816894531,359942.0
2026-07-07T14:55:00-04:00,54.67499923706055,54.71500015258789,54.619998931884766,54.64500045776367,434265.0
2026-07-07T15:00:00-04:00,54.63999938964844,54.65999984741211,54.4005012512207,54.527198791503906,293232.0
2026-07-07T15:05:00-04:00,54.52009963989258,54.52009963989258,54.20500183105469,54.25,284492.0
2026-07-07T15:10:00-04:00,54.250099182128906,54.2599983215332,54.06999969482422,54.08000183105469,341940.0
2026-07-07T15:15:00-04:00,54.08000183105469,54.084999084472656,53.744998931884766,53.904998779296875,561113.0
2026-07-07T15:20:00-04:00,53.90999984741211,54.040000915527344,53.814998626708984,54.029998779296875,262918.0
2026-07-07T15:25:00-04:00,54.02000045776367,54.130001068115234,53.939998626708984,54.040000915527344,207879.0
2026-07-07T15:30:00-04:00,54.04499816894531,54.2599983215332,54.040000915527344,54.25,221990.0
2026-07-07T15:35:00-04:00,54.25,54.36000061035156,54.22999954223633,54.290000915527344,162749.0
2026-07-07T15:40:00-04:00,54.29999923706055,54.33000183105469,54.23500061035156,54.255001068115234,167549.0
2026-07-07T15:45:00-04:00,54.2599983215332,54.369998931884766,54.2400016784668,54.314998626708984,174505.0
2026-07-07T15:50:00-04:00,54.31999969482422,54.44499969482422,54.27000045776367,54.44499969482422,263252.0
2026-07-07T15:55:00-04:00,54.44499969482422,54.54499816894531,54.44499969482422,54.4900016784668,989547.0
2026-07-08T09:30:00-04:00,52.7599983215332,53.04999923706055,52.72999954223633,52.959999084472656,3108346.0
2026-07-08T09:35:00-04:00,52.95000076293945,53.09000015258789,52.8650016784668,53.04999923706055,158081.0
2026-07-08T09:40:00-04:00,53.04999923706055,53.07500076293945,52.830101013183594,52.93000030517578,297596.0
2026-07-08T09:45:00-04:00,52.93000030517578,53.06999969482422,52.869998931884766,52.869998931884766,263938.0
2026-07-08T09:50:00-04:00,52.875,52.95000076293945,52.779998779296875,52.790000915527344,220766.0
2026-07-08T09:55:00-04:00,52.779998779296875,52.900001525878906,52.755001068115234,52.845001220703125,146325.0
2026-07-08T10:00:00-04:00,52.84000015258789,52.86000061035156,52.689998626708984,52.790000915527344,186684.0
2026-07-08T10:05:00-04:00,52.779998779296875,52.84000015258789,52.70000076293945,52.790000915527344,248346.0
2026-07-08T10:10:00-04:00,52.78499984741211,52.83000183105469,52.65999984741211,52.685001373291016,164332.0
2026-07-08T10:15:00-04:00,52.68000030517578,52.75,52.481998443603516,52.57899856567383,451382.0
2026-07-08T10:20:00-04:00,52.57360076904297,52.79999923706055,52.540000915527344,52.724998474121094,222950.0
2026-07-08T10:25:00-04:00,52.7400016784668,52.84000015258789,52.630001068115234,52.70500183105469,293593.0
2026-07-08T10:30:00-04:00,52.689998626708984,52.720001220703125,52.48500061035156,52.54999923706055,189214.0
2026-07-08T10:35:00-04:00,52.54999923706055,52.580101013183594,52.2599983215332,52.290000915527344,440752.0
2026-07-08T10:40:00-04:00,52.279998779296875,52.41999816894531,52.119998931884766,52.13990020751953,290520.0
2026-07-08T10:45:00-04:00,52.13999938964844,52.220001220703125,52.08000183105469,52.119998931884766,276913.0
2026-07-08T10:50:00-04:00,52.11000061035156,52.34000015258789,52.095001220703125,52.275001525878906,363814.0
2026-07-08T10:55:00-04:00,52.27899932861328,52.310001373291016,52.20000076293945,52.255001068115234,350031.0
2026-07-08T11:00:00-04:00,52.2599983215332,52.290000915527344,52.150001525878906,52.165000915527344,165228.0
2026-07-08T11:05:00-04:00,52.16460037231445,52.345001220703125,52.16460037231445,52.249900817871094,145679.0
2026-07-08T11:10:00-04:00,52.244998931884766,52.28499984741211,51.95000076293945,52.01499938964844,413114.0
2026-07-08T11:15:00-04:00,52.01499938964844,52.04999923706055,51.8650016784668,52.01499938964844,1007824.0
2026-07-08T11:20:00-04:00,51.999900817871094,52.08760070800781,51.84000015258789,51.849998474121094,357555.0
2026-07-08T11:25:00-04:00,51.834999084472656,51.96500015258789,51.83000183105469,51.91999816894531,210310.0
2026-07-08T11:30:00-04:00,51.91999816894531,51.959999084472656,51.720001220703125,51.86759948730469,340795.0
2026-07-08T11:35:00-04:00,51.849998474121094,51.95719909667969,51.82500076293945,51.8650016784668,253786.0
2026-07-08T11:40:00-04:00,51.8650016784668,51.91999816894531,51.755001068115234,51.8849983215332,265411.0
2026-07-08T11:45:00-04:00,51.880001068115234,51.904998779296875,51.775001525878906,51.86989974975586,198998.0
2026-07-08T11:50:00-04:00,51.8650016784668,51.91999816894531,51.79499816894531,51.820098876953125,140999.0
2026-07-08T11:55:00-04:00,51.81999969482422,51.93000030517578,51.78499984741211,51.900001525878906,144328.0
2026-07-08T12:00:00-04:00,51.900001525878906,51.98500061035156,51.86000061035156,51.939998626708984,203980.0
2026-07-08T12:05:00-04:00,51.939998626708984,52.04999923706055,51.939998626708984,52.025001525878906,133801.0
2026-07-08T12:10:00-04:00,52.040000915527344,52.13999938964844,52.012699127197266,52.02000045776367,152369.0
2026-07-08T12:15:00-04:00,52.02009963989258,52.08000183105469,51.98500061035156,52.029998779296875,52151.0
2026-07-08T12:20:00-04:00,52.040000915527344,52.06999969482422,51.95000076293945,51.96500015258789,74007.0
2026-07-08T12:25:00-04:00,51.96500015258789,52.11000061035156,51.95000076293945,52.040000915527344,295709.0
2026-07-08T12:30:00-04:00,52.029998779296875,52.099998474121094,51.9900016784668,51.9900016784668,146054.0
2026-07-08T12:35:00-04:00,51.9900016784668,52.119998931884766,51.95000076293945,52.08000183105469,230708.0
2026-07-08T12:40:00-04:00,52.09000015258789,52.36000061035156,52.04999923706055,52.345001220703125,327967.0
2026-07-08T12:45:00-04:00,52.34000015258789,52.36000061035156,52.279998779296875,52.34360122680664,208047.0
2026-07-08T12:50:00-04:00,52.349998474121094,52.41999816894531,52.314998626708984,52.41230010986328,145016.0
2026-07-08T12:55:00-04:00,52.41999816894531,52.470001220703125,52.354000091552734,52.369998931884766,93339.0
2026-07-08T13:00:00-04:00,52.369998931884766,52.369998931884766,52.2599983215332,52.345001220703125,109136.0
2026-07-08T13:05:00-04:00,52.34000015258789,52.470001220703125,52.33980178833008,52.38999938964844,133172.0
2026-07-08T13:10:00-04:00,52.38999938964844,52.45000076293945,52.34000015258789,52.400001525878906,69666.0
2026-07-08T13:15:00-04:00,52.40999984741211,52.51499938964844,52.404998779296875,52.494998931884766,81914.0
2026-07-08T13:20:00-04:00,52.4901008605957,52.599998474121094,52.474998474121094,52.59040069580078,166176.0
2026-07-08T13:25:00-04:00,52.599998474121094,52.75,52.59000015258789,52.75,101589.0
2026-07-08T13:30:00-04:00,52.7400016784668,52.88999938964844,52.70500183105469,52.72999954223633,154828.0
2026-07-08T13:35:00-04:00,52.72999954223633,52.75,52.65039825439453,52.65999984741211,109392.0
2026-07-08T13:40:00-04:00,52.66999816894531,52.679901123046875,52.59000015258789,52.625,115421.0
2026-07-08T13:45:00-04:00,52.619998931884766,52.630001068115234,52.560001373291016,52.584999084472656,45926.0
2026-07-08T13:50:00-04:00,52.584999084472656,52.665000915527344,52.55500030517578,52.57500076293945,116643.0
2026-07-08T13:55:00-04:00,52.57500076293945,52.58000183105469,52.5099983215332,52.56999969482422,123707.0
2026-07-08T14:00:00-04:00,52.560001373291016,52.880001068115234,52.53499984741211,52.70500183105469,179192.0
2026-07-08T14:05:00-04:00,52.720001220703125,52.76499938964844,52.630001068115234,52.70500183105469,110499.0
2026-07-08T14:10:00-04:00,52.70000076293945,52.880001068115234,52.68000030517578,52.86000061035156,68926.0
2026-07-08T14:15:00-04:00,52.86000061035156,52.8650016784668,52.709999084472656,52.7400016784668,78347.0
2026-07-08T14:20:00-04:00,52.7400016784668,52.75,52.65999984741211,52.689998626708984,97742.0
2026-07-08T14:25:00-04:00,52.685001373291016,52.7599983215332,52.65999984741211,52.685001373291016,36024.0
2026-07-08T14:30:00-04:00,52.689998626708984,52.720001220703125,52.630001068115234,52.654998779296875,88094.0
2026-07-08T14:35:00-04:00,52.65999984741211,52.83000183105469,52.650001525878906,52.82500076293945,142266.0
2026-07-08T14:40:00-04:00,52.81999969482422,52.8849983215332,52.779998779296875,52.8849983215332,81058.0
2026-07-08T14:45:00-04:00,52.8849983215332,53.02000045776367,52.8650016784668,53.0099983215332,132118.0
2026-07-08T14:50:00-04:00,53.0,53.0099983215332,52.90999984741211,52.93000030517578,126385.0
2026-07-08T14:55:00-04:00,52.91999816894531,52.91999816894531,52.85499954223633,52.910099029541016,65511.0
2026-07-08T15:00:00-04:00,52.91999816894531,53.06999969482422,52.91999816894531,52.93989944458008,84481.0
2026-07-08T15:05:00-04:00,52.93000030517578,53.02000045776367,52.90999984741211,53.005001068115234,96252.0
2026-07-08T15:10:00-04:00,53.005001068115234,53.007999420166016,52.869998931884766,52.91999816894531,112191.0
2026-07-08T15:15:00-04:00,52.915000915527344,52.93579864501953,52.875,52.93000030517578,102719.0
2026-07-08T15:20:00-04:00,52.93000030517578,52.97549819946289,52.92499923706055,52.959999084472656,79404.0
2026-07-08T15:25:00-04:00,52.96500015258789,53.0099983215332,52.93000030517578,53.005001068115234,117000.0
2026-07-08T15:30:00-04:00,53.0099983215332,53.03499984741211,52.910099029541016,52.91999816894531,380569.0
2026-07-08T15:35:00-04:00,52.91999816894531,52.9900016784668,52.90999984741211,52.974998474121094,170865.0
2026-07-08T15:40:00-04:00,52.974998474121094,52.9900016784668,52.88999938964844,52.91999816894531,192751.0
2026-07-08T15:45:00-04:00,52.91999816894531,52.95000076293945,52.83000183105469,52.83000183105469,268881.0
2026-07-08T15:50:00-04:00,52.83000183105469,52.88999938964844,52.7599983215332,52.845001220703125,398205.0
2026-07-08T15:55:00-04:00,52.845001220703125,52.88999938964844,52.79499816894531,52.83000183105469,514302.0
2026-07-09T09:30:00-04:00,54.11000061035156,54.2400016784668,53.999900817871094,54.16999816894531,1791758.0
2026-07-09T09:35:00-04:00,54.16999816894531,54.369998931884766,54.130001068115234,54.310001373291016,194883.0
2026-07-09T09:40:00-04:00,54.310001373291016,54.5,54.22999954223633,54.470001220703125,306926.0
2026-07-09T09:45:00-04:00,54.47999954223633,54.47999954223633,54.28499984741211,54.345001220703125,234670.0
2026-07-09T09:50:00-04:00,54.349998474121094,54.47999954223633,54.290000915527344,54.310001373291016,319086.0
2026-07-09T09:55:00-04:00,54.314998626708984,54.53499984741211,54.30500030517578,54.46500015258789,275676.0
2026-07-09T10:00:00-04:00,54.459999084472656,54.665000915527344,54.459999084472656,54.589900970458984,277630.0
2026-07-09T10:05:00-04:00,54.595001220703125,54.66999816894531,54.430198669433594,54.439998626708984,206375.0
2026-07-09T10:10:00-04:00,54.435001373291016,54.440101623535156,54.29050064086914,54.338600158691406,240604.0
2026-07-09T10:15:00-04:00,54.33000183105469,54.33000183105469,54.1609992980957,54.170101165771484,146346.0
2026-07-09T10:20:00-04:00,54.17499923706055,54.314998626708984,54.11000061035156,54.310001373291016,206360.0
2026-07-09T10:25:00-04:00,54.30500030517578,54.38999938964844,54.29999923706055,54.35499954223633,183571.0
2026-07-09T10:30:00-04:00,54.369998931884766,54.380001068115234,54.220001220703125,54.29499816894531,211133.0
2026-07-09T10:35:00-04:00,54.290000915527344,54.345001220703125,54.2400016784668,54.29999923706055,58609.0
2026-07-09T10:40:00-04:00,54.29999923706055,54.33530044555664,54.26499938964844,54.33530044555664,92927.0
2026-07-09T10:45:00-04:00,54.33000183105469,54.37900161743164,54.2400016784668,54.255001068115234,66447.0
2026-07-09T10:50:00-04:00,54.25,54.34590148925781,54.20000076293945,54.34590148925781,64294.0
2026-07-09T10:55:00-04:00,54.34000015258789,54.4900016784668,54.314998626708984,54.47999954223633,145286.0
2026-07-09T11:00:00-04:00,54.48500061035156,54.529998779296875,54.41999816894531,54.4554328918457,66619.0
2026-07-09T11:05:00-04:00,54.470001220703125,54.57500076293945,54.45500183105469,54.48500061035156,99367.0
2026-07-09T11:10:00-04:00,54.5,54.53499984741211,54.46500015258789,54.4901008605957,67292.0
2026-07-09T11:15:00-04:00,54.494998931884766,54.55799865722656,54.47999954223633,54.51499938964844,161260.0
2026-07-09T11:20:00-04:00,54.51499938964844,54.54499816894531,54.46500015258789,54.5255012512207,68935.0
2026-07-09T11:25:00-04:00,54.52000045776367,54.595001220703125,54.500999450683594,54.525001525878906,91324.0
2026-07-09T11:30:00-04:00,54.525001525878906,54.53499984741211,54.48500061035156,54.51499938964844,52695.0
2026-07-09T11:35:00-04:00,54.52000045776367,54.6150016784668,54.5099983215332,54.6150016784668,94589.0
2026-07-09T11:40:00-04:00,54.61000061035156,54.6150016784668,54.540000915527344,54.57500076293945,135082.0
2026-07-09T11:45:00-04:00,54.57749938964844,54.665000915527344,54.564998626708984,54.61000061035156,95413.0
2026-07-09T11:50:00-04:00,54.60499954223633,54.689998626708984,54.54999923706055,54.57500076293945,179763.0
2026-07-09T11:55:00-04:00,54.58000183105469,54.58000183105469,54.5099983215332,54.520999908447266,94732.0
2026-07-09T12:00:00-04:00,54.53499984741211,54.595001220703125,54.525001525878906,54.525001525878906,58714.0
2026-07-09T12:05:00-04:00,54.529998779296875,54.584999084472656,54.505001068115234,54.54999923706055,51623.0
2026-07-09T12:10:00-04:00,54.55070114135742,54.64500045776367,54.54999923706055,54.619998931884766,89153.0
2026-07-09T12:15:00-04:00,54.630001068115234,54.775001525878906,54.619998931884766,54.71500015258789,116923.0
2026-07-09T12:20:00-04:00,54.720001220703125,54.77000045776367,54.65999984741211,54.68989944458008,46002.0
2026-07-09T12:25:00-04:00,54.689998626708984,54.689998626708984,54.61000061035156,54.665000915527344,47213.0
2026-07-09T12:30:00-04:00,54.665000915527344,54.775001525878906,54.650001525878906,54.689998626708984,90628.0
2026-07-09T12:35:00-04:00,54.689998626708984,54.707698822021484,54.6349983215332,54.66999816894531,177627.0
2026-07-09T12:40:00-04:00,54.67499923706055,54.73500061035156,54.65359878540039,54.70500183105469,41347.0
2026-07-09T12:45:00-04:00,54.70500183105469,54.724998474121094,54.60499954223633,54.60499954223633,43867.0
2026-07-09T12:50:00-04:00,54.61000061035156,54.70000076293945,54.58000183105469,54.685001373291016,71313.0
2026-07-09T12:55:00-04:00,54.68000030517578,54.68000030517578,54.59000015258789,54.59000015258789,114163.0
2026-07-09T13:00:00-04:00,54.584999084472656,54.61000061035156,54.52000045776367,54.53099822998047,82418.0
2026-07-09T13:05:00-04:00,54.52000045776367,54.54999923706055,54.47999954223633,54.54499816894531,79897.0
2026-07-09T13:10:00-04:00,54.54499816894531,54.54499816894531,54.459999084472656,54.4900016784668,57395.0
2026-07-09T13:15:00-04:00,54.494998931884766,54.494998931884766,54.400001525878906,54.44969940185547,70196.0
2026-07-09T13:20:00-04:00,54.439998626708984,54.56999969482422,54.404998779296875,54.51499938964844,89467.0
2026-07-09T13:25:00-04:00,54.5,54.57500076293945,54.47269821166992,54.54499816894531,47743.0
2026-07-09T13:30:00-04:00,54.54999923706055,54.5900993347168,54.5099983215332,54.524200439453125,60553.0
2026-07-09T13:35:00-04:00,54.525001525878906,54.560001373291016,54.525001525878906,54.54999923706055,28511.0
2026-07-09T13:40:00-04:00,54.525001525878906,54.54010009765625,54.5,54.50279998779297,27291.0
2026-07-09T13:45:00-04:00,54.5099983215332,54.65999984741211,54.505001068115234,54.619998931884766,84732.0
2026-07-09T13:50:00-04:00,54.6150016784668,54.64500045776367,54.599998474121094,54.61989974975586,35463.0
2026-07-09T13:55:00-04:00,54.619998931884766,54.6349983215332,54.56999969482422,54.62120056152344,114756.0
2026-07-09T14:00:00-04:00,54.619998931884766,54.6255989074707,54.474998474121094,54.494998931884766,34304.0
2026-07-09T14:05:00-04:00,54.4900016784668,54.52009963989258,54.47999954223633,54.4900016784668,67928.0
2026-07-09T14:10:00-04:00,54.494998931884766,54.494998931884766,54.3849983215332,54.415000915527344,92064.0
2026-07-09T14:15:00-04:00,54.40999984741211,54.42499923706055,54.369998931884766,54.38999938964844,50697.0
2026-07-09T14:20:00-04:00,54.37030029296875,54.40999984741211,54.36000061035156,54.375,75523.0
2026-07-09T14:25:00-04:00,54.380001068115234,54.3849983215332,54.333885192871094,54.34000015258789,85128.0
2026-07-09T14:30:00-04:00,54.334999084472656,54.334999084472656,54.26499938964844,54.275001525878906,42245.0
2026-07-09T14:35:00-04:00,54.279998779296875,54.28499984741211,54.22999954223633,54.239898681640625,57956.0
2026-07-09T14:40:00-04:00,54.22999954223633,54.334999084472656,54.22999954223633,54.30500030517578,171599.0
2026-07-09T14:45:00-04:00,54.30500030517578,54.30500030517578,54.25,54.27000045776367,57092.0
2026-07-09T14:50:00-04:00,54.275001525878906,54.275001525878906,54.21139907836914,54.2400016784668,224968.0
2026-07-09T14:55:00-04:00,54.244998931884766,54.29499816894531,54.22999954223633,54.27000045776367,71694.0
2026-07-09T15:00:00-04:00,54.27000045776367,54.290000915527344,54.20989990234375,54.220001220703125,80252.0
2026-07-09T15:05:00-04:00,54.224998474121094,54.2400016784668,54.15999984741211,54.17499923706055,63230.0
2026-07-09T15:10:00-04:00,54.16999816894531,54.185001373291016,54.14500045776367,54.154998779296875,113007.0
2026-07-09T15:15:00-04:00,54.15999984741211,54.2400016784668,54.15950012207031,54.21500015258789,60250.0
2026-07-09T15:20:00-04:00,54.21500015258789,54.224998474121094,54.17499923706055,54.179901123046875,100460.0
2026-07-09T15:25:00-04:00,54.18000030517578,54.185001373291016,54.14500045776367,54.17499923706055,66112.0
2026-07-09T15:30:00-04:00,54.16999816894531,54.18000030517578,54.13999938964844,54.150001525878906,110159.0
2026-07-09T15:35:00-04:00,54.150001525878906,54.220001220703125,54.130001068115234,54.1349983215332,467168.0
2026-07-09T15:40:00-04:00,54.130001068115234,54.18000030517578,54.130001068115234,54.150001525878906,93827.0
2026-07-09T15:45:00-04:00,54.150001525878906,54.21620178222656,54.13999938964844,54.21500015258789,111050.0
2026-07-09T15:50:00-04:00,54.209999084472656,54.220001220703125,54.125,54.125,236780.0
2026-07-09T15:55:00-04:00,54.130001068115234,54.154998779296875,54.10499954223633,54.13999938964844,626568.0
2026-07-10T09:30:00-04:00,53.689998626708984,53.9822998046875,53.66999816894531,53.869998931884766,3658206.0
2026-07-10T09:35:00-04:00,53.869998931884766,54.040000915527344,53.77989959716797,54.03499984741211,336081.0
2026-07-10T09:40:00-04:00,54.03139877319336,54.060001373291016,53.95500183105469,53.959999084472656,145418.0
2026-07-10T09:45:00-04:00,53.96500015258789,54.060001373291016,53.904998779296875,54.029998779296875,102590.0
2026-07-10T09:50:00-04:00,54.02000045776367,54.14500045776367,54.0099983215332,54.06999969482422,109943.0
2026-07-10T09:55:00-04:00,54.07500076293945,54.07500076293945,53.95000076293945,53.9900016784668,113756.0
2026-07-10T10:00:00-04:00,53.9900016784668,54.03499984741211,53.935001373291016,53.97999954223633,109372.0
2026-07-10T10:05:00-04:00,53.9900016784668,54.089900970458984,53.970001220703125,54.06999969482422,114538.0
2026-07-10T10:10:00-04:00,54.060001373291016,54.09000015258789,53.939998626708984,53.970001220703125,105207.0
2026-07-10T10:15:00-04:00,53.970001220703125,54.060001373291016,53.92499923706055,54.05500030517578,83757.0
2026-07-10T10:20:00-04:00,54.04999923706055,54.119998931884766,54.040000915527344,54.060001373291016,114190.0
2026-07-10T10:25:00-04:00,54.05500030517578,54.290000915527344,54.0099983215332,54.150001525878906,120415.0
2026-07-10T10:30:00-04:00,54.15999984741211,54.17499923706055,53.22999954223633,53.67499923706055,998785.0
2026-07-10T10:35:00-04:00,53.69499969482422,53.92499923706055,53.64500045776367,53.869998931884766,220387.0
2026-07-10T10:40:00-04:00,53.869998931884766,53.959999084472656,53.84000015258789,53.88999938964844,71012.0
2026-07-10T10:45:00-04:00,53.8849983215332,54.08000183105469,53.875,54.04999923706055,83571.0
2026-07-10T10:50:00-04:00,54.04499816894531,54.04499816894531,53.88999938964844,53.95500183105469,85953.0
2026-07-10T10:55:00-04:00,53.95500183105469,53.963401794433594,53.72999954223633,53.72999954223633,121908.0
2026-07-10T11:00:00-04:00,53.7400016784668,53.849998474121094,53.70500183105469,53.82500076293945,104529.0
2026-07-10T11:05:00-04:00,53.814998626708984,53.89500045776367,53.79999923706055,53.84000015258789,78521.0
2026-07-10T11:10:00-04:00,53.845001220703125,53.93000030517578,53.827301025390625,53.834999084472656,37791.0
2026-07-10T11:15:00-04:00,53.84000015258789,54.009498596191406,53.84000015258789,53.95000076293945,95493.0
2026-07-10T11:20:00-04:00,53.95000076293945,54.10499954223633,53.92499923706055,54.064998626708984,95440.0
2026-07-10T11:25:00-04:00,54.064998626708984,54.119998931884766,54.02000045776367,54.060001373291016,71685.0
2026-07-10T11:30:00-04:00,54.060001373291016,54.060001373291016,54.002899169921875,54.060001373291016,65610.0
2026-07-10T11:35:00-04:00,54.064998626708984,54.099998474121094,54.0099983215332,54.09000015258789,72705.0
2026-07-10T11:40:00-04:00,54.09000015258789,54.09000015258789,54.01499938964844,54.04999923706055,44531.0
2026-07-10T11:45:00-04:00,54.04499816894531,54.130001068115234,54.04499816894531,54.1150016784668,34173.0
2026-07-10T11:50:00-04:00,54.1150016784668,54.165000915527344,54.08000183105469,54.15999984741211,68082.0
2026-07-10T11:55:00-04:00,54.154998779296875,54.244998931884766,54.130001068115234,54.21500015258789,118283.0
2026-07-10T12:00:00-04:00,54.220001220703125,54.27000045776367,54.13999938964844,54.159000396728516,121477.0
2026-07-10T12:05:00-04:00,54.154998779296875,54.20000076293945,54.130001068115234,54.20000076293945,92262.0
2026-07-10T12:10:00-04:00,54.17499923706055,54.20500183105469,54.099998474121094,54.119998931884766,83136.0
2026-07-10T12:15:00-04:00,54.130001068115234,54.189998626708984,54.11000061035156,54.12009811401367,43020.0
2026-07-10T12:20:00-04:00,54.119998931884766,54.119998931884766,54.04999923706055,54.1150016784668,47498.0
2026-07-10T12:25:00-04:00,54.119998931884766,54.16999816894531,54.11000061035156,54.130001068115234,84413.0
2026-07-10T12:30:00-04:00,54.1349983215332,54.165000915527344,54.130001068115234,54.150001525878906,143208.0
2026-07-10T12:35:00-04:00,54.150001525878906,54.165000915527344,54.119998931884766,54.1349983215332,38968.0
2026-07-10T12:40:00-04:00,54.1349983215332,54.185001373291016,54.11000061035156,54.11000061035156,49044.0
2026-07-10T12:45:00-04:00,54.11000061035156,54.130001068115234,54.06999969482422,54.06999969482422,26657.0
2026-07-10T12:50:00-04:00,54.06999969482422,54.09000015258789,53.97999954223633,54.02000045776367,92018.0
2026-07-10T12:55:00-04:00,54.02000045776367,54.04999923706055,53.9900016784668,53.9900016784668,46808.0
2026-07-10T13:00:00-04:00,53.9900016784668,54.029998779296875,53.959999084472656,53.974998474121094,40040.0
2026-07-10T13:05:00-04:00,53.959999084472656,54.005001068115234,53.95000076293945,53.97999954223633,75463.0
2026-07-10T13:10:00-04:00,53.97800064086914,54.01499938964844,53.88999938964844,53.939998626708984,45026.0
2026-07-10T13:15:00-04:00,53.939998626708984,54.01499938964844,53.939998626708984,53.97999954223633,52924.0
2026-07-10T13:20:00-04:00,53.97999954223633,54.07500076293945,53.97999954223633,54.029998779296875,93881.0
2026-07-10T13:25:00-04:00,54.025001525878906,54.025001525878906,53.959999084472656,53.9900016784668,48501.0
2026-07-10T13:30:00-04:00,53.9900016784668,54.019901275634766,53.944400787353516,53.96009826660156,38704.0
2026-07-10T13:35:00-04:00,53.970001220703125,53.97990036010742,53.915000915527344,53.915000915527344,55725.0
2026-07-10T13:40:00-04:00,53.91999816894531,53.94499969482422,53.8849983215332,53.88999938964844,49808.0
2026-07-10T13:45:00-04:00,53.88019943237305,53.90999984741211,53.86000061035156,53.900001525878906,53724.0
2026-07-10T13:50:00-04:00,53.900001525878906,53.970001220703125,53.900001525878906,53.915000915527344,26086.0
2026-07-10T13:55:00-04:00,53.915000915527344,53.915000915527344,53.832000732421875,53.84000015258789,45233.0
2026-07-10T14:00:00-04:00,53.84000015258789,53.8650016784668,53.81999969482422,53.857398986816406,32821.0
2026-07-10T14:05:00-04:00,53.8650016784668,53.8849983215332,53.834999084472656,53.875,52681.0
2026-07-10T14:10:00-04:00,53.875,53.90999984741211,53.86000061035156,53.89500045776367,82725.0
2026-07-10T14:15:00-04:00,53.89830017089844,53.89830017089844,53.83000183105469,53.849998474121094,36254.0
2026-07-10T14:20:00-04:00,53.85499954223633,53.92499923706055,53.84989929199219,53.915000915527344,29878.0
2026-07-10T14:25:00-04:00,53.915000915527344,53.970001220703125,53.89500045776367,53.904998779296875,102229.0
2026-07-10T14:30:00-04:00,53.91999816894531,53.97999954223633,53.900001525878906,53.97990036010742,38300.0
2026-07-10T14:35:00-04:00,53.970001220703125,53.974998474121094,53.869998931884766,53.875,26981.0
2026-07-10T14:40:00-04:00,53.869998931884766,53.875999450683594,53.82500076293945,53.834999084472656,24549.0
2026-07-10T14:45:00-04:00,53.839900970458984,53.86000061035156,53.82500076293945,53.86000061035156,43602.0
2026-07-10T14:50:00-04:00,53.86000061035156,53.875,53.84000015258789,53.875,40845.0
2026-07-10T14:55:00-04:00,53.869998931884766,53.8849983215332,53.84000015258789,53.859798431396484,58825.0
2026-07-10T15:00:00-04:00,53.849998474121094,53.85499954223633,53.80500030517578,53.834999084472656,22717.0
2026-07-10T15:05:00-04:00,53.84000015258789,53.935001373291016,53.84000015258789,53.92499923706055,45083.0
2026-07-10T15:10:00-04:00,53.91999816894531,53.95000076293945,53.875,53.935001373291016,40842.0
2026-07-10T15:15:00-04:00,53.935001373291016,53.94499969482422,53.900001525878906,53.92499923706055,24069.0
2026-07-10T15:20:00-04:00,53.91999816894531,53.93000030517578,53.89500045776367,53.900001525878906,35951.0
2026-07-10T15:25:00-04:00,53.900001525878906,53.959999084472656,53.900001525878906,53.935001373291016,34730.0
2026-07-10T15:30:00-04:00,53.93000030517578,53.970001220703125,53.900001525878906,53.96500015258789,122528.0
2026-07-10T15:35:00-04:00,53.959999084472656,53.970001220703125,53.93000030517578,53.94499969482422,63095.0
2026-07-10T15:40:00-04:00,53.94499969482422,53.959999084472656,53.915000915527344,53.92499923706055,77603.0
2026-07-10T15:45:00-04:00,53.92259979248047,53.970001220703125,53.90999984741211,53.95050048828125,374639.0
2026-07-10T15:50:00-04:00,53.959999084472656,53.970001220703125,53.91999816894531,53.94499969482422,203398.0
2026-07-10T15:55:00-04:00,53.94499969482422,53.97999954223633,53.92499923706055,53.970001220703125,533685.0
2026-07-13T09:30:00-04:00,52.95000076293945,53.0,52.7599983215332,52.79999923706055,1471967.0
2026-07-13T09:35:00-04:00,52.79999923706055,52.849998474121094,52.70000076293945,52.70949935913086,255320.0
2026-07-13T09:40:00-04:00,52.709999084472656,52.83000183105469,52.625,52.7400016784668,250448.0
2026-07-13T09:45:00-04:00,52.7400016784668,52.790000915527344,52.560001373291016,52.584999084472656,226027.0
2026-07-13T09:50:00-04:00,52.59000015258789,52.72999954223633,52.474998474121094,52.689998626708984,276938.0
2026-07-13T09:55:00-04:00,52.68899917602539,52.72999954223633,52.61000061035156,52.61000061035156,224470.0
2026-07-13T10:00:00-04:00,52.60499954223633,52.65999984741211,52.54999923706055,52.58000183105469,237037.0
2026-07-13T10:05:00-04:00,52.59000015258789,52.59510040283203,52.34000015258789,52.525001525878906,420094.0
2026-07-13T10:10:00-04:00,52.52000045776367,52.625,52.47999954223633,52.57500076293945,182650.0
2026-07-13T10:15:00-04:00,52.56999969482422,52.62990188598633,52.0099983215332,52.345001220703125,856073.0
2026-07-13T10:20:00-04:00,52.35499954223633,52.46500015258789,52.09000015258789,52.443599700927734,321116.0
2026-07-13T10:25:00-04:00,52.439998626708984,52.55009841918945,52.3650016784668,52.44499969482422,188600.0
2026-07-13T10:30:00-04:00,52.43000030517578,52.435001373291016,52.25,52.314998626708984,182065.0
2026-07-13T10:35:00-04:00,52.310001373291016,52.34000015258789,52.220001220703125,52.27000045776367,173052.0
2026-07-13T10:40:00-04:00,52.27000045776367,52.27000045776367,52.125,52.2599983215332,290922.0
2026-07-13T10:45:00-04:00,52.25,52.40999984741211,52.19499969482422,52.380001068115234,143856.0
2026-07-13T10:50:00-04:00,52.38999938964844,52.45000076293945,52.33000183105469,52.41999816894531,106343.0
2026-07-13T10:55:00-04:00,52.415000915527344,52.540000915527344,52.40999984741211,52.540000915527344,215483.0
2026-07-13T11:00:00-04:00,52.54499816894531,52.59000015258789,52.415000915527344,52.41999816894531,146217.0
2026-07-13T11:05:00-04:00,52.42499923706055,52.470001220703125,52.38999938964844,52.460201263427734,134601.0
2026-07-13T11:10:00-04:00,52.470001220703125,52.52989959716797,52.439998626708984,52.45989990234375,126435.0
2026-07-13T11:15:00-04:00,52.45989990234375,52.540000915527344,52.400001525878906,52.540000915527344,87228.0
2026-07-13T11:20:00-04:00,52.529998779296875,52.54999923706055,52.5,52.525001525878906,90379.0
2026-07-13T11:25:00-04:00,52.52000045776367,52.55500030517578,52.470001220703125,52.5265007019043,132130.0
2026-07-13T11:30:00-04:00,52.540000915527344,52.595001220703125,52.47999954223633,52.51499938964844,130993.0
2026-07-13T11:35:00-04:00,52.52000045776367,52.54999923706055,52.459999084472656,52.48500061035156,191302.0
2026-07-13T11:40:00-04:00,52.48500061035156,52.4900016784668,52.420101165771484,52.45000076293945,62063.0
2026-07-13T11:45:00-04:00,52.45000076293945,52.470001220703125,52.380001068115234,52.45000076293945,84167.0
2026-07-13T11:50:00-04:00,52.459999084472656,52.459999084472656,52.349998474121094,52.41999816894531,69905.0
2026-07-13T11:55:00-04:00,52.40999984741211,52.429901123046875,52.380001068115234,52.41999816894531,33753.0
2026-07-13T12:00:00-04:00,52.43000030517578,52.480098724365234,52.38999938964844,52.459999084472656,187842.0
2026-07-13T12:05:00-04:00,52.45989990234375,52.47999954223633,52.38999938964844,52.44499969482422,76409.0
2026-07-13T12:10:00-04:00,52.44499969482422,52.47999954223633,52.400001525878906,52.435001373291016,106603.0
2026-07-13T12:15:00-04:00,52.43000030517578,52.43000030517578,52.36000061035156,52.380001068115234,77483.0
2026-07-13T12:20:00-04:00,52.380001068115234,52.404998779296875,52.290000915527344,52.290000915527344,63069.0
2026-07-13T12:25:00-04:00,52.29499816894531,52.314998626708984,52.08000183105469,52.15999984741211,186785.0
2026-07-13T12:30:00-04:00,52.15999984741211,52.189998626708984,51.939998626708984,51.96549987792969,433375.0
2026-07-13T12:35:00-04:00,51.959999084472656,52.095001220703125,51.900001525878906,52.06999969482422,309167.0
2026-07-13T12:40:00-04:00,52.064998626708984,52.119998931884766,52.0,52.1150016784668,157890.0
2026-07-13T12:45:00-04:00,52.11000061035156,52.165000915527344,52.07500076293945,52.09989929199219,118780.0
2026-07-13T12:50:00-04:00,52.10499954223633,52.10499954223633,51.96500015258789,52.040000915527344,148769.0
2026-07-13T12:55:00-04:00,52.029998779296875,52.08000183105469,51.929901123046875,52.07500076293945,162756.0
2026-07-13T13:00:00-04:00,52.08000183105469,52.150001525878906,52.04999923706055,52.07979965209961,105181.0
2026-07-13T13:05:00-04:00,52.06999969482422,52.18000030517578,52.05500030517578,52.15999984741211,88256.0
2026-07-13T13:10:00-04:00,52.15999984741211,52.18899917602539,52.120201110839844,52.185001373291016,109545.0
2026-07-13T13:15:00-04:00,52.189998626708984,52.2239990234375,52.14509963989258,52.21500015258789,78848.0
2026-07-13T13:20:00-04:00,52.20989990234375,52.20989990234375,52.08000183105469,52.09000015258789,120557.0
2026-07-13T13:25:00-04:00,52.09000015258789,52.119998931884766,52.040000915527344,52.090999603271484,76430.0
2026-07-13T13:30:00-04:00,52.099998474121094,52.099998474121094,52.02000045776367,52.08000183105469,91805.0
2026-07-13T13:35:00-04:00,52.07500076293945,52.07500076293945,52.0099983215332,52.04999923706055,55576.0
2026-07-13T13:40:00-04:00,52.04999923706055,52.09000015258789,52.0,52.03960037231445,111969.0
2026-07-13T13:45:00-04:00,52.040000915527344,52.084999084472656,51.86009979248047,51.89500045776367,266989.0
2026-07-13T13:50:00-04:00,51.89500045776367,51.90999984741211,51.80500030517578,51.880001068115234,240745.0
2026-07-13T13:55:00-04:00,51.880001068115234,51.88999938964844,51.779998779296875,51.83000183105469,133905.0
2026-07-13T14:00:00-04:00,51.83000183105469,51.91999816894531,51.79499816894531,51.85499954223633,133300.0
2026-07-13T14:05:00-04:00,51.85499954223633,51.93000030517578,51.85499954223633,51.8650016784668,72522.0
2026-07-13T14:10:00-04:00,51.86989974975586,51.93000030517578,51.80950164794922,51.92499923706055,105018.0
2026-07-13T14:15:00-04:00,51.91999816894531,51.935001373291016,51.78499984741211,51.81990051269531,101030.0
2026-07-13T14:20:00-04:00,51.81999969482422,51.994998931884766,51.809898376464844,51.994998931884766,158153.0
2026-07-13T14:25:00-04:00,51.9900016784668,52.029998779296875,51.96500015258789,51.98500061035156,112412.0
2026-07-13T14:30:00-04:00,51.974998474121094,52.02000045776367,51.935001373291016,51.940101623535156,100472.0
2026-07-13T14:35:00-04:00,51.95000076293945,52.05500030517578,51.94499969482422,52.01499938964844,107039.0
2026-07-13T14:40:00-04:00,52.0099983215332,52.04999923706055,51.9900016784668,52.040199279785156,69733.0
2026-07-13T14:45:00-04:00,52.04389953613281,52.1150016784668,52.0,52.1150016784668,85327.0
2026-07-13T14:50:00-04:00,52.11000061035156,52.16999816894531,52.06999969482422,52.099998474121094,245001.0
2026-07-13T14:55:00-04:00,52.09000015258789,52.119998931884766,52.02000045776367,52.07500076293945,145718.0
2026-07-13T15:00:00-04:00,52.084999084472656,52.149898529052734,52.005001068115234,52.14500045776367,131791.0
2026-07-13T15:05:00-04:00,52.13999938964844,52.13999938964844,52.0,52.02000045776367,146732.0
2026-07-13T15:10:00-04:00,52.02000045776367,52.02000045776367,51.95500183105469,51.959999084472656,65571.0
2026-07-13T15:15:00-04:00,51.970001220703125,52.040000915527344,51.95500183105469,52.000099182128906,94834.0
2026-07-13T15:20:00-04:00,52.0099983215332,52.0099983215332,51.915000915527344,51.97570037841797,98473.0
2026-07-13T15:25:00-04:00,51.97949981689453,51.994998931884766,51.935001373291016,51.94499969482422,125413.0
2026-07-13T15:30:00-04:00,51.939998626708984,51.999900817871094,51.935001373291016,51.970001220703125,134081.0
2026-07-13T15:35:00-04:00,51.959999084472656,51.959999084472656,51.900001525878906,51.94499969482422,238665.0
2026-07-13T15:40:00-04:00,51.94499969482422,52.060001373291016,51.94499969482422,52.05500030517578,134171.0
2026-07-13T15:45:00-04:00,52.05500030517578,52.06990051269531,52.0099983215332,52.02519989013672,1399567.0
2026-07-13T15:50:00-04:00,52.029998779296875,52.15999984741211,52.029998779296875,52.1349983215332,611907.0
2026-07-13T15:55:00-04:00,52.1349983215332,52.18000030517578,52.099998474121094,52.15999984741211,1164534.0
2026-07-14T09:30:00-04:00,53.529998779296875,53.61000061035156,53.39500045776367,53.45000076293945,2372858.0
2026-07-14T09:35:00-04:00,53.439998626708984,53.7400016784668,53.39500045776367,53.689998626708984,379832.0
2026-07-14T09:40:00-04:00,53.68000030517578,53.83000183105469,53.64500045776367,53.80500030517578,236517.0
2026-07-14T09:45:00-04:00,53.79999923706055,53.810001373291016,53.619998931884766,53.65999984741211,381459.0
2026-07-14T09:50:00-04:00,53.665000915527344,53.70000076293945,53.46500015258789,53.47999954223633,335753.0
2026-07-14T09:55:00-04:00,53.470001220703125,53.47999954223633,53.369998931884766,53.400001525878906,198197.0
2026-07-14T10:00:00-04:00,53.400001525878906,53.5099983215332,53.29050064086914,53.30500030517578,271816.0
2026-07-14T10:05:00-04:00,53.29999923706055,53.439998626708984,53.2599983215332,53.3849983215332,258580.0
2026-07-14T10:10:00-04:00,53.38999938964844,53.48500061035156,53.29499816894531,53.42499923706055,296551.0
2026-07-14T10:15:00-04:00,53.41999816894531,53.41999816894531,53.20000076293945,53.33000183105469,125492.0
2026-07-14T10:20:00-04:00,53.33000183105469,53.56999969482422,53.30500030517578,53.45000076293945,174756.0
2026-07-14T10:25:00-04:00,53.439998626708984,53.529998779296875,53.36000061035156,53.40999984741211,278986.0
2026-07-14T10:30:00-04:00,53.40999984741211,53.7400016784668,53.31010055541992,53.54999923706055,647907.0
2026-07-14T10:35:00-04:00,53.53499984741211,53.55500030517578,53.39500045776367,53.49100112915039,184495.0
2026-07-14T10:40:00-04:00,53.5,53.58000183105469,53.462799072265625,53.5,78421.0
2026-07-14T10:45:00-04:00,53.52000045776367,53.564998626708984,53.43000030517578,53.449798583984375,53647.0
2026-07-14T10:50:00-04:00,53.44499969482422,53.59000015258789,53.40999984741211,53.560001373291016,124855.0
2026-07-14T10:55:00-04:00,53.56999969482422,53.6349983215332,53.55009841918945,53.599998474121094,85045.0
2026-07-14T11:00:00-04:00,53.60499954223633,53.7599983215332,53.40999984741211,53.65999984741211,302372.0
2026-07-14T11:05:00-04:00,53.64500045776367,53.935001373291016,53.584999084472656,53.81999969482422,419170.0
2026-07-14T11:10:00-04:00,53.810001373291016,53.810001373291016,53.61000061035156,53.630001068115234,195462.0
2026-07-14T11:15:00-04:00,53.619998931884766,53.650001525878906,53.52989959716797,53.560001373291016,76622.0
2026-07-14T11:20:00-04:00,53.55500030517578,53.58000183105469,53.49150085449219,53.51499938964844,153049.0
2026-07-14T11:25:00-04:00,53.51499938964844,53.51499938964844,53.45000076293945,53.498600006103516,89547.0
2026-07-14T11:30:00-04:00,53.5,53.529998779296875,53.36000061035156,53.380001068115234,119610.0
2026-07-14T11:35:00-04:00,53.38999938964844,53.38999938964844,53.2599983215332,53.279998779296875,214228.0
2026-07-14T11:40:00-04:00,53.279998779296875,53.279998779296875,53.09000015258789,53.250999450683594,177225.0
2026-07-14T11:45:00-04:00,53.2599983215332,53.314998626708984,53.21030044555664,53.21500015258789,129005.0
2026-07-14T11:50:00-04:00,53.224998474121094,53.22639846801758,53.10499954223633,53.1349983215332,90740.0
2026-07-14T11:55:00-04:00,53.14500045776367,53.17610168457031,53.119998931884766,53.13999938964844,127313.0
2026-07-14T12:00:00-04:00,53.13999938964844,53.150001525878906,53.082801818847656,53.119998931884766,83906.0
2026-07-14T12:05:00-04:00,53.12990188598633,53.130001068115234,52.97999954223633,53.08000183105469,149190.0
2026-07-14T12:10:00-04:00,53.08000183105469,53.18000030517578,53.08000183105469,53.150001525878906,63849.0
2026-07-14T12:15:00-04:00,53.14500045776367,53.22999954223633,53.099998474121094,53.209999084472656,73428.0
2026-07-14T12:20:00-04:00,53.1963005065918,53.20000076293945,53.099998474121094,53.154998779296875,54641.0
2026-07-14T12:25:00-04:00,53.14500045776367,53.18550109863281,53.1150016784668,53.15999984741211,34547.0
2026-07-14T12:30:00-04:00,53.154998779296875,53.20000076293945,53.11000061035156,53.119998931884766,57039.0
2026-07-14T12:35:00-04:00,53.130001068115234,53.154998779296875,53.06999969482422,53.1150016784668,59811.0
2026-07-14T12:40:00-04:00,53.1150016784668,53.165000915527344,53.10499954223633,53.14500045776367,56174.0
2026-07-14T12:45:00-04:00,53.13999938964844,53.154998779296875,53.02000045776367,53.064998626708984,63630.0
2026-07-14T12:50:00-04:00,53.060001373291016,53.125,53.04999923706055,53.10499954223633,60981.0
2026-07-14T12:55:00-04:00,53.10319900512695,53.119998931884766,53.06999969482422,53.099998474121094,42970.0
2026-07-14T13:00:00-04:00,53.10499954223633,53.125,53.03499984741211,53.064998626708984,61191.0
2026-07-14T13:05:00-04:00,53.064998626708984,53.064998626708984,52.96500015258789,53.029998779296875,60374.0
2026-07-14T13:10:00-04:00,53.029998779296875,53.060001373291016,53.0,53.01499938964844,78572.0
2026-07-14T13:15:00-04:00,53.0099983215332,53.02000045776367,52.96500015258789,53.010101318359375,180982.0
2026-07-14T13:20:00-04:00,53.0099983215332,53.13999938964844,52.99369812011719,53.1349983215332,87033.0
2026-07-14T13:25:00-04:00,53.130001068115234,53.189998626708984,53.125,53.15999984741211,42822.0
2026-07-14T13:30:00-04:00,53.16999816894531,53.185001373291016,53.140098571777344,53.14500045776367,42366.0
2026-07-14T13:35:00-04:00,53.1349983215332,53.165000915527344,53.12369918823242,53.15010070800781,26041.0
2026-07-14T13:40:00-04:00,53.150001525878906,53.15999984741211,53.11000061035156,53.1150016784668,19623.0
2026-07-14T13:45:00-04:00,53.1150016784668,53.1349983215332,53.07500076293945,53.119998931884766,63487.0
2026-07-14T13:50:00-04:00,53.130001068115234,53.17499923706055,53.130001068115234,53.17499923706055,44410.0
2026-07-14T13:55:00-04:00,53.17499923706055,53.18000030517578,53.13999938964844,53.16999816894531,66929.0
2026-07-14T14:00:00-04:00,53.15999984741211,53.169898986816406,53.11000061035156,53.150001525878906,76201.0
2026-07-14T14:05:00-04:00,53.13999938964844,53.165000915527344,53.130001068115234,53.14500045776367,41184.0
2026-07-14T14:10:00-04:00,53.13999938964844,53.19499969482422,53.125,53.189998626708984,50447.0
2026-07-14T14:15:00-04:00,53.18989944458008,53.20000076293945,53.15999984741211,53.18000030517578,67729.0
2026-07-14T14:20:00-04:00,53.16999816894531,53.16999816894531,53.08100128173828,53.084999084472656,59250.0
2026-07-14T14:25:00-04:00,53.08000183105469,53.1349983215332,53.07099914550781,53.099998474121094,62174.0
2026-07-14T14:30:00-04:00,53.099998474121094,53.119998931884766,53.040000915527344,53.084999084472656,43021.0
2026-07-14T14:35:00-04:00,53.084999084472656,53.09000015258789,52.97949981689453,52.9900016784668,161930.0
2026-07-14T14:40:00-04:00,52.994998931884766,53.005001068115234,52.85499954223633,52.92100143432617,203692.0
2026-07-14T14:45:00-04:00,52.90999984741211,52.95000076293945,52.8849983215332,52.912498474121094,118747.0
2026-07-14T14:50:00-04:00,52.90999984741211,52.959999084472656,52.880001068115234,52.94499969482422,139424.0
2026-07-14T14:55:00-04:00,52.94499969482422,53.0,52.93000030517578,52.9900016784668,31438.0
2026-07-14T15:00:00-04:00,52.98500061035156,53.0099983215332,52.970001220703125,52.98500061035156,50755.0
2026-07-14T15:05:00-04:00,52.98400115966797,53.05500030517578,52.974098205566406,53.03499984741211,34114.0
2026-07-14T15:10:00-04:00,53.03499984741211,53.14899826049805,53.029998779296875,53.119998931884766,69035.0
2026-07-14T15:15:00-04:00,53.119998931884766,53.13999938964844,53.09000015258789,53.1150016784668,64764.0
2026-07-14T15:20:00-04:00,53.1150016784668,53.1150016784668,53.06999969482422,53.099998474121094,46696.0
2026-07-14T15:25:00-04:00,53.099998474121094,53.11009979248047,53.07500076293945,53.084999084472656,33045.0
2026-07-14T15:30:00-04:00,53.06999969482422,53.095001220703125,53.01499938964844,53.07500076293945,239816.0
2026-07-14T15:35:00-04:00,53.07500076293945,53.099998474121094,53.040000915527344,53.07500076293945,82474.0
2026-07-14T15:40:00-04:00,53.07500076293945,53.1349983215332,53.06999969482422,53.1150016784668,100931.0
2026-07-14T15:45:00-04:00,53.119998931884766,53.15999984741211,53.119998931884766,53.125,64553.0
2026-07-14T15:50:00-04:00,53.125,53.18000030517578,53.099998474121094,53.15999984741211,174792.0
2026-07-14T15:55:00-04:00,53.154998779296875,53.20000076293945,53.150001525878906,53.150001525878906,520741.0
2026-07-15T09:30:00-04:00,52.709999084472656,52.900001525878906,52.709999084472656,52.849998474121094,1689110.0
2026-07-15T09:35:00-04:00,52.84000015258789,52.875,52.75,52.81999969482422,177448.0
2026-07-15T09:40:00-04:00,52.79999923706055,52.82500076293945,52.7400016784668,52.7599983215332,78022.0
2026-07-15T09:45:00-04:00,52.7599983215332,52.7599983215332,52.6150016784668,52.654998779296875,124856.0
2026-07-15T09:50:00-04:00,52.65999984741211,52.689998626708984,52.564998626708984,52.66999816894531,127799.0
2026-07-15T09:55:00-04:00,52.65999984741211,52.85499954223633,52.650001525878906,52.7400016784668,163034.0
2026-07-15T10:00:00-04:00,52.7400016784668,52.84000015258789,52.69029998779297,52.790000915527344,115312.0
2026-07-15T10:05:00-04:00,52.790000915527344,52.845001220703125,52.724998474121094,52.76499938964844,82428.0
2026-07-15T10:10:00-04:00,52.77000045776367,52.85499954223633,52.7400016784668,52.775001525878906,105154.0
2026-07-15T10:15:00-04:00,52.77450180053711,52.82500076293945,52.685001373291016,52.71500015258789,69607.0
2026-07-15T10:20:00-04:00,52.720001220703125,52.720001220703125,52.529998779296875,52.59199905395508,172961.0
2026-07-15T10:25:00-04:00,52.59000015258789,52.650001525878906,52.559898376464844,52.595001220703125,97725.0
2026-07-15T10:30:00-04:00,52.61000061035156,52.65010070800781,52.52000045776367,52.64500045776367,1145438.0
2026-07-15T10:35:00-04:00,52.6349983215332,52.685001373291016,52.59000015258789,52.61000061035156,52573.0
2026-07-15T10:40:00-04:00,52.59510040283203,52.60499954223633,52.470001220703125,52.4900016784668,161156.0
2026-07-15T10:45:00-04:00,52.4900016784668,52.55229949951172,52.38999938964844,52.55229949951172,122846.0
2026-07-15T10:50:00-04:00,52.5458984375,52.5458984375,52.43000030517578,52.46500015258789,80678.0
2026-07-15T10:55:00-04:00,52.470001220703125,52.540000915527344,52.45000076293945,52.525001525878906,74761.0
2026-07-15T11:00:00-04:00,52.52989959716797,52.584999084472656,52.41999816894531,52.47999954223633,98262.0
2026-07-15T11:05:00-04:00,52.470001220703125,52.470001220703125,52.36000061035156,52.369998931884766,71888.0
2026-07-15T11:10:00-04:00,52.36000061035156,52.380001068115234,52.040000915527344,52.06999969482422,284264.0
2026-07-15T11:15:00-04:00,52.08000183105469,52.21500015258789,52.0099983215332,52.170501708984375,385801.0
2026-07-15T11:20:00-04:00,52.16999816894531,52.16999816894531,51.93000030517578,52.06999969482422,275567.0
2026-07-15T11:25:00-04:00,52.084999084472656,52.17499923706055,52.05500030517578,52.154998779296875,146203.0
2026-07-15T11:30:00-04:00,52.150001525878906,52.20500183105469,52.08000183105469,52.154998779296875,74903.0
2026-07-15T11:35:00-04:00,52.15999984741211,52.20000076293945,52.130001068115234,52.17499923706055,110832.0
2026-07-15T11:40:00-04:00,52.18000030517578,52.2400016784668,52.16999816894531,52.22010040283203,156786.0
2026-07-15T11:45:00-04:00,52.229698181152344,52.27000045776367,52.185001373291016,52.22949981689453,174017.0
2026-07-15T11:50:00-04:00,52.220001220703125,52.2599983215332,52.16999816894531,52.2599983215332,56720.0
2026-07-15T11:55:00-04:00,52.25,52.25,52.11000061035156,52.11000061035156,61852.0
2026-07-15T12:00:00-04:00,52.11000061035156,52.14500045776367,52.060001373291016,52.06999969482422,278588.0
2026-07-15T12:05:00-04:00,52.08000183105469,52.1150016784668,52.025001525878906,52.05500030517578,108211.0
2026-07-15T12:10:00-04:00,52.060001373291016,52.060001373291016,51.95500183105469,51.97010040283203,140812.0
2026-07-15T12:15:00-04:00,51.96500015258789,52.029998779296875,51.77009963989258,51.790000915527344,200825.0
2026-07-15T12:20:00-04:00,51.790000915527344,51.880001068115234,51.7400016784668,51.810001373291016,156217.0
2026-07-15T12:25:00-04:00,51.79999923706055,51.849998474121094,51.5,51.529998779296875,615242.0
2026-07-15T12:30:00-04:00,51.529998779296875,51.630001068115234,51.34000015258789,51.349998474121094,331078.0
2026-07-15T12:35:00-04:00,51.334999084472656,51.3849983215332,51.220001220703125,51.279998779296875,413759.0
2026-07-15T12:40:00-04:00,51.27000045776367,51.36000061035156,51.19060134887695,51.275001525878906,343453.0
2026-07-15T12:45:00-04:00,51.2599983215332,51.51499938964844,51.255001068115234,51.43000030517578,743096.0
2026-07-15T12:50:00-04:00,51.41999816894531,51.5099983215332,51.41999816894531,51.439998626708984,181363.0
2026-07-15T12:55:00-04:00,51.44499969482422,51.505001068115234,51.33000183105469,51.435001373291016,176329.0
2026-07-15T13:00:00-04:00,51.43000030517578,51.560001373291016,51.40999984741211,51.474998474121094,178885.0
2026-07-15T13:05:00-04:00,51.47999954223633,51.529998779296875,51.45500183105469,51.45899963378906,219022.0
2026-07-15T13:10:00-04:00,51.45899963378906,51.53499984741211,51.439998626708984,51.494998931884766,139505.0
2026-07-15T13:15:00-04:00,51.4900016784668,51.58000183105469,51.41999816894531,51.56959915161133,78206.0
2026-07-15T13:20:00-04:00,51.56999969482422,51.69499969482422,51.56999969482422,51.650001525878906,144663.0
2026-07-15T13:25:00-04:00,51.65999984741211,51.814998626708984,51.63999938964844,51.799800872802734,159158.0
2026-07-15T13:30:00-04:00,51.790000915527344,51.989601135253906,51.790000915527344,51.970001220703125,200272.0
2026-07-15T13:35:00-04:00,51.970001220703125,52.099998474121094,51.95000076293945,52.040000915527344,138765.0
2026-07-15T13:40:00-04:00,52.029998779296875,52.11000061035156,52.02000045776367,52.084999084472656,76865.0
2026-07-15T13:45:00-04:00,52.089900970458984,52.209999084472656,52.064998626708984,52.20000076293945,124009.0
2026-07-15T13:50:00-04:00,52.19499969482422,52.20000076293945,52.11000061035156,52.150001525878906,300721.0
2026-07-15T13:55:00-04:00,52.13990020751953,52.154998779296875,52.09000015258789,52.13990020751953,49990.0
2026-07-15T14:00:00-04:00,52.130001068115234,52.290000915527344,52.130001068115234,52.290000915527344,162688.0
2026-07-15T14:05:00-04:00,52.27000045776367,52.46500015258789,52.250099182128906,52.45500183105469,182199.0
2026-07-15T14:10:00-04:00,52.45000076293945,52.53120040893555,52.415000915527344,52.525001525878906,192416.0
2026-07-15T14:15:00-04:00,52.529998779296875,52.54999923706055,52.46500015258789,52.540000915527344,108262.0
2026-07-15T14:20:00-04:00,52.540000915527344,52.61000061035156,52.525001525878906,52.564998626708984,134043.0
2026-07-15T14:25:00-04:00,52.560001373291016,52.66999816894531,52.52389907836914,52.6349983215332,104560.0
2026-07-15T14:30:00-04:00,52.63999938964844,52.79999923706055,52.59000015258789,52.60499954223633,208009.0
2026-07-15T14:35:00-04:00,52.60499954223633,52.630001068115234,52.529998779296875,52.54499816894531,182541.0
2026-07-15T14:40:00-04:00,52.54999923706055,52.54999923706055,52.45000076293945,52.45949935913086,103680.0
2026-07-15T14:45:00-04:00,52.44499969482422,52.48500061035156,52.38999938964844,52.40999984741211,193985.0
2026-07-15T14:50:00-04:00,52.4099006652832,52.439998626708984,52.380001068115234,52.435001373291016,94507.0
2026-07-15T14:55:00-04:00,52.435001373291016,52.46500015258789,52.29410171508789,52.345001220703125,176484.0
2026-07-15T15:00:00-04:00,52.345001220703125,52.44499969482422,52.314998626708984,52.385101318359375,61127.0
2026-07-15T15:05:00-04:00,52.38010025024414,52.415000915527344,52.34000015258789,52.415000915527344,52689.0
2026-07-15T15:10:00-04:00,52.41999816894531,52.47999954223633,52.38999938964844,52.43000030517578,87666.0
2026-07-15T15:15:00-04:00,52.435001373291016,52.439998626708984,52.310001373291016,52.334999084472656,78790.0
2026-07-15T15:20:00-04:00,52.31999969482422,52.31999969482422,52.2599983215332,52.279998779296875,85920.0
2026-07-15T15:25:00-04:00,52.279998779296875,52.334999084472656,52.2599983215332,52.28499984741211,90868.0
2026-07-15T15:30:00-04:00,52.290000915527344,52.31999969482422,52.099998474121094,52.119998931884766,267438.0
2026-07-15T15:35:00-04:00,52.11000061035156,52.17499923706055,52.09000015258789,52.15909957885742,102912.0
2026-07-15T15:40:00-04:00,52.15420150756836,52.189998626708984,52.1349983215332,52.13999938964844,110682.0
2026-07-15T15:45:00-04:00,52.14500045776367,52.16999816894531,52.11000061035156,52.1349983215332,225065.0
2026-07-15T15:50:00-04:00,52.1349983215332,52.220001220703125,52.119998931884766,52.185001373291016,375595.0
2026-07-15T15:55:00-04:00,52.189998626708984,52.220001220703125,52.1349983215332,52.209999084472656,517695.0
2026-07-16T09:30:00-04:00,50.939998626708984,50.9900016784668,50.59000015258789,50.595001220703125,2755705.0
2026-07-16T09:35:00-04:00,50.58000183105469,50.63999938964844,50.41999816894531,50.45000076293945,464657.0
2026-07-16T09:40:00-04:00,50.459999084472656,50.53499984741211,50.33000183105469,50.345001220703125,356355.0
2026-07-16T09:45:00-04:00,50.345001220703125,50.47999954223633,50.30500030517578,50.39500045776367,286324.0
2026-07-16T09:50:00-04:00,50.38999938964844,50.54499816894531,50.36000061035156,50.379398345947266,440543.0
2026-07-16T09:55:00-04:00,50.380001068115234,50.41999816894531,50.290000915527344,50.38710021972656,548447.0
2026-07-16T10:00:00-04:00,50.380001068115234,50.560001373291016,50.380001068115234,50.505001068115234,339134.0
2026-07-16T10:05:00-04:00,50.51499938964844,50.54999923706055,50.415000915527344,50.45500183105469,265935.0
2026-07-16T10:10:00-04:00,50.45500183105469,50.4900016784668,50.31999969482422,50.369998931884766,348139.0
2026-07-16T10:15:00-04:00,50.3650016784668,50.52000045776367,50.314998626708984,50.5099983215332,251508.0
2026-07-16T10:20:00-04:00,50.52000045776367,50.53010177612305,50.369998931884766,50.400001525878906,197307.0
2026-07-16T10:25:00-04:00,50.400001525878906,50.72999954223633,50.380001068115234,50.70000076293945,275166.0
2026-07-16T10:30:00-04:00,50.6963996887207,50.78499984741211,50.60499954223633,50.720001220703125,185307.0
2026-07-16T10:35:00-04:00,50.720001220703125,50.76539993286133,50.63999938964844,50.65999984741211,158759.0
2026-07-16T10:40:00-04:00,50.66999816894531,50.845001220703125,50.665000915527344,50.845001220703125,143650.0
2026-07-16T10:45:00-04:00,50.849998474121094,50.89500045776367,50.70000076293945,50.70000076293945,209983.0
2026-07-16T10:50:00-04:00,50.70000076293945,50.77000045776367,50.625,50.65999984741211,127242.0
2026-07-16T10:55:00-04:00,50.66999816894531,50.775001525878906,50.61000061035156,50.724998474121094,107364.0
2026-07-16T11:00:00-04:00,50.7400016784668,50.78499984741211,50.67499923706055,50.70000076293945,60745.0
2026-07-16T11:05:00-04:00,50.69499969482422,50.72999954223633,50.62919998168945,50.70500183105469,83038.0
2026-07-16T11:10:00-04:00,50.70000076293945,50.70000076293945,50.595001220703125,50.649898529052734,127402.0
2026-07-16T11:15:00-04:00,50.64500045776367,50.7400016784668,50.630001068115234,50.70500183105469,183864.0
2026-07-16T11:20:00-04:00,50.709999084472656,50.93000030517578,50.65999984741211,50.90999984741211,282752.0
2026-07-16T11:25:00-04:00,50.90999984741211,51.08000183105469,50.904998779296875,50.970001220703125,205234.0
2026-07-16T11:30:00-04:00,50.970001220703125,51.06999969482422,50.880001068115234,51.060001373291016,329170.0
2026-07-16T11:35:00-04:00,51.060001373291016,51.08000183105469,50.9900016784668,51.064998626708984,192196.0
2026-07-16T11:40:00-04:00,51.064998626708984,51.08000183105469,50.97999954223633,50.97999954223633,359810.0
2026-07-16T11:45:00-04:00,50.974998474121094,51.02000045776367,50.93000030517578,51.0099983215332,215561.0
2026-07-16T11:50:00-04:00,51.02000045776367,51.05500030517578,50.959999084472656,50.970001220703125,134667.0
2026-07-16T11:55:00-04:00,50.970001220703125,50.970001220703125,50.875,50.900001525878906,107070.0
2026-07-16T12:00:00-04:00,50.900001525878906,50.900001525878906,50.7599983215332,50.7599983215332,147481.0
2026-07-16T12:05:00-04:00,50.7599983215332,50.77730178833008,50.709999084472656,50.749900817871094,172761.0
2026-07-16T12:10:00-04:00,50.72999954223633,50.72999954223633,50.58000183105469,50.59000015258789,178216.0
2026-07-16T12:15:00-04:00,50.584999084472656,50.600101470947266,50.5099983215332,50.53689956665039,174768.0
2026-07-16T12:20:00-04:00,50.540000915527344,50.599998474121094,50.45000076293945,50.56999969482422,243053.0
2026-07-16T12:25:00-04:00,50.564998626708984,50.6150016784668,50.529998779296875,50.595001220703125,123587.0
2026-07-16T12:30:00-04:00,50.61000061035156,50.650001525878906,50.54999923706055,50.59000015258789,96112.0
2026-07-16T12:35:00-04:00,50.584999084472656,50.68000030517578,50.584999084472656,50.65999984741211,107947.0
2026-07-16T12:40:00-04:00,50.65999984741211,50.689998626708984,50.6150016784668,50.64500045776367,138417.0
2026-07-16T12:45:00-04:00,50.64500045776367,50.66999816894531,50.573001861572266,50.644405364990234,52720.0
2026-07-16T12:50:00-04:00,50.619998931884766,50.72999954223633,50.619998931884766,50.71500015258789,73125.0
2026-07-16T12:55:00-04:00,50.709999084472656,50.779998779296875,50.66999816894531,50.67499923706055,83028.0
2026-07-16T13:00:00-04:00,50.68000030517578,50.72999954223633,50.650001525878906,50.71009826660156,81760.0
2026-07-16T13:05:00-04:00,50.71500015258789,50.720001220703125,50.54999923706055,50.58000183105469,247097.0
2026-07-16T13:10:00-04:00,50.584999084472656,50.6150016784668,50.48500061035156,50.494998931884766,126766.0
2026-07-16T13:15:00-04:00,50.5,50.5900993347168,50.4900016784668,50.57500076293945,147162.0
2026-07-16T13:20:00-04:00,50.58000183105469,50.60499954223633,50.47999954223633,50.48500061035156,141927.0
2026-07-16T13:25:00-04:00,50.48500061035156,50.5,50.39500045776367,50.459999084472656,228992.0
2026-07-16T13:30:00-04:00,50.459999084472656,50.46500015258789,50.35020065307617,50.390098571777344,85870.0
2026-07-16T13:35:00-04:00,50.39500045776367,50.400699615478516,50.31999969482422,50.339900970458984,206702.0
2026-07-16T13:40:00-04:00,50.33000183105469,50.345001220703125,50.26499938964844,50.30500030517578,172881.0
2026-07-16T13:45:00-04:00,50.314998626708984,50.38999938964844,50.290000915527344,50.375,65371.0
2026-07-16T13:50:00-04:00,50.380001068115234,50.43000030517578,50.32500076293945,50.3849983215332,164344.0
2026-07-16T13:55:00-04:00,50.38999938964844,50.400001525878906,50.31999969482422,50.345001220703125,77130.0
2026-07-16T14:00:00-04:00,50.349998474121094,50.38999938964844,50.32350158691406,50.345001220703125,74567.0
2026-07-16T14:05:00-04:00,50.349998474121094,50.419898986816406,50.31999969482422,50.390098571777344,48308.0
2026-07-16T14:10:00-04:00,50.38999938964844,50.45000076293945,50.3849983215332,50.38999938964844,74706.0
2026-07-16T14:15:00-04:00,50.3849983215332,50.470001220703125,50.35499954223633,50.45500183105469,46277.0
2026-07-16T14:20:00-04:00,50.45500183105469,50.505001068115234,50.43000030517578,50.435001373291016,133899.0
2026-07-16T14:25:00-04:00,50.439998626708984,50.466800689697266,50.3650016784668,50.3650016784668,132617.0
2026-07-16T14:30:00-04:00,50.375,50.375,50.125,50.125,528154.0
2026-07-16T14:35:00-04:00,50.125,50.165000915527344,50.02000045776367,50.060298919677734,436068.0
2026-07-16T14:40:00-04:00,50.060001373291016,50.244998931884766,50.04499816894531,50.224998474121094,220037.0
2026-07-16T14:45:00-04:00,50.220001220703125,50.29629898071289,50.18989944458008,50.224998474121094,195449.0
2026-07-16T14:50:00-04:00,50.224998474121094,50.25,50.189998626708984,50.23500061035156,122890.0
2026-07-16T14:55:00-04:00,50.22999954223633,50.2599983215332,50.16999816894531,50.21500015258789,147022.0
2026-07-16T15:00:00-04:00,50.220001220703125,50.334999084472656,50.19499969482422,50.305999755859375,84232.0
2026-07-16T15:05:00-04:00,50.30500030517578,50.36000061035156,50.2400016784668,50.27450180053711,100089.0
2026-07-16T15:10:00-04:00,50.27000045776367,50.27000045776367,50.202999114990234,50.23500061035156,101163.0
2026-07-16T15:15:00-04:00,50.23500061035156,50.29999923706055,50.21500015258789,50.29999923706055,208578.0
2026-07-16T15:20:00-04:00,50.30500030517578,50.349998474121094,50.224998474121094,50.255001068115234,148468.0
2026-07-16T15:25:00-04:00,50.2599983215332,50.27050018310547,50.209999084472656,50.21500015258789,97905.0
2026-07-16T15:30:00-04:00,50.214500427246094,50.244998931884766,50.150001525878906,50.15999984741211,171284.0
2026-07-16T15:35:00-04:00,50.160099029541016,50.189998626708984,50.04999923706055,50.17499923706055,290747.0
2026-07-16T15:40:00-04:00,50.16999816894531,50.205101013183594,50.13999938964844,50.154998779296875,151466.0
2026-07-16T15:45:00-04:00,50.14500045776367,50.20000076293945,50.099998474121094,50.165000915527344,280458.0
2026-07-16T15:50:00-04:00,50.16999816894531,50.34000015258789,50.13999938964844,50.32500076293945,356454.0
2026-07-16T15:55:00-04:00,50.32500076293945,50.400001525878906,50.2599983215332,50.380001068115234,1022396.0
2026-07-17T09:30:00-04:00,49.70000076293945,49.86000061035156,49.61000061035156,49.61000061035156,2022374.0
2026-07-17T09:35:00-04:00,49.619998931884766,50.06919860839844,49.619998931884766,49.93000030517578,509206.0
2026-07-17T09:40:00-04:00,49.935001373291016,50.019901275634766,49.81100082397461,49.849998474121094,311209.0
2026-07-17T09:45:00-04:00,49.86000061035156,50.029998779296875,49.77000045776367,50.022701263427734,318550.0
2026-07-17T09:50:00-04:00,50.02000045776367,50.310001373291016,50.0,50.170101165771484,386414.0
2026-07-17T09:55:00-04:00,50.18000030517578,50.470001220703125,50.13990020751953,50.470001220703125,681387.0
2026-07-17T10:00:00-04:00,50.460201263427734,50.529998779296875,50.31999969482422,50.400001525878906,1235559.0
2026-07-17T10:05:00-04:00,50.400001525878906,50.53990173339844,50.380001068115234,50.3849983215332,381583.0
2026-07-17T10:10:00-04:00,50.38999938964844,50.5,50.349998474121094,50.349998474121094,203929.0
2026-07-17T10:15:00-04:00,50.349998474121094,50.55500030517578,50.349998474121094,50.435001373291016,192346.0
2026-07-17T10:20:00-04:00,50.459999084472656,50.6349983215332,50.42499923706055,50.564998626708984,185528.0
2026-07-17T10:25:00-04:00,50.54999923706055,50.6349983215332,50.48500061035156,50.5,174357.0
2026-07-17T10:30:00-04:00,50.4900016784668,50.494998931884766,50.29999923706055,50.329898834228516,185875.0
2026-07-17T10:35:00-04:00,50.314998626708984,50.429901123046875,50.27000045776367,50.35499954223633,187684.0
2026-07-17T10:40:00-04:00,50.36000061035156,50.3849983215332,50.28990173339844,50.31999969482422,131270.0
2026-07-17T10:45:00-04:00,50.29999923706055,50.380001068115234,50.25360107421875,50.27989959716797,99899.0
2026-07-17T10:50:00-04:00,50.279998779296875,50.36000061035156,50.22999954223633,50.244998931884766,95171.0
2026-07-17T10:55:00-04:00,50.2400016784668,50.369998931884766,50.220001220703125,50.3650016784668,76552.0
2026-07-17T11:00:00-04:00,50.369998931884766,50.619998931884766,50.31999969482422,50.60499954223633,240444.0
2026-07-17T11:05:00-04:00,50.599998474121094,50.65999984741211,50.46500015258789,50.56999969482422,242123.0
2026-07-17T11:10:00-04:00,50.58000183105469,50.630001068115234,50.44499969482422,50.4822998046875,128368.0
2026-07-17T11:15:00-04:00,50.48500061035156,50.529998779296875,50.41999816894531,50.42499923706055,84001.0
2026-07-17T11:20:00-04:00,50.429901123046875,50.54999923706055,50.38999938964844,50.51499938964844,73203.0
2026-07-17T11:25:00-04:00,50.52000045776367,50.58000183105469,50.470001220703125,50.57500076293945,124424.0
2026-07-17T11:30:00-04:00,50.58000183105469,50.63999938964844,50.47999954223633,50.54499816894531,193286.0
2026-07-17T11:35:00-04:00,50.54999923706055,50.7599983215332,50.5099983215332,50.68000030517578,244938.0
2026-07-17T11:40:00-04:00,50.68000030517578,50.71500015258789,50.599998474121094,50.67499923706055,131933.0
2026-07-17T11:45:00-04:00,50.66999816894531,50.7599983215332,50.63999938964844,50.685001373291016,98755.0
2026-07-17T11:50:00-04:00,50.69499969482422,50.81999969482422,50.68000030517578,50.77000045776367,210675.0
2026-07-17T11:55:00-04:00,50.770301818847656,50.79999923706055,50.69499969482422,50.724998474121094,216275.0
2026-07-17T12:00:00-04:00,50.71500015258789,50.71500015258789,50.53499984741211,50.63719940185547,359727.0
2026-07-17T12:05:00-04:00,50.619998931884766,50.67250061035156,50.55500030517578,50.64680099487305,355857.0
2026-07-17T12:10:00-04:00,50.650001525878906,50.709999084472656,50.650001525878906,50.66999816894531,45554.0
2026-07-17T12:15:00-04:00,50.665000915527344,50.73500061035156,50.650001525878906,50.70009994506836,56202.0
2026-07-17T12:20:00-04:00,50.70500183105469,50.70989990234375,50.619998931884766,50.689998626708984,67712.0
2026-07-17T12:25:00-04:00,50.689998626708984,50.724998474121094,50.639801025390625,50.685001373291016,77544.0
2026-07-17T12:30:00-04:00,50.68000030517578,50.70500183105469,50.59000015258789,50.600101470947266,101385.0
2026-07-17T12:35:00-04:00,50.599998474121094,50.630001068115234,50.58000183105469,50.59000015258789,65671.0
2026-07-17T12:40:00-04:00,50.599998474121094,50.65999984741211,50.54999923706055,50.65999984741211,80117.0
2026-07-17T12:45:00-04:00,50.654998779296875,50.72800064086914,50.63999938964844,50.724998474121094,72287.0
2026-07-17T12:50:00-04:00,50.72100067138672,50.724998474121094,50.66999816894531,50.685001373291016,60434.0
2026-07-17T12:55:00-04:00,50.68000030517578,50.68000030517578,50.630001068115234,50.64500045776367,43312.0
2026-07-17T13:00:00-04:00,50.65999984741211,50.814998626708984,50.65999984741211,50.74570083618164,101713.0
2026-07-17T13:05:00-04:00,50.744998931884766,50.814998626708984,50.7400016784668,50.77000045776367,94652.0
2026-07-17T13:10:00-04:00,50.7599983215332,50.77000045776367,50.689998626708984,50.71500015258789,118273.0
2026-07-17T13:15:00-04:00,50.720001220703125,50.77000045776367,50.70000076293945,50.709999084472656,93855.0
2026-07-17T13:20:00-04:00,50.709999084472656,50.755001068115234,50.68000030517578,50.70500183105469,77971.0
2026-07-17T13:25:00-04:00,50.709999084472656,50.7400016784668,50.69499969482422,50.70000076293945,85537.0
2026-07-17T13:30:00-04:00,50.69499969482422,50.709999084472656,50.650001525878906,50.66510009765625,48342.0
2026-07-17T13:35:00-04:00,50.689998626708984,50.689998626708984,50.64500045776367,50.654998779296875,112032.0
2026-07-17T13:40:00-04:00,50.650001525878906,50.650001525878906,50.54199981689453,50.54999923706055,101576.0
2026-07-17T13:45:00-04:00,50.54999923706055,50.64509963989258,50.544498443603516,50.64509963989258,41357.0
2026-07-17T13:50:00-04:00,50.650001525878906,50.650001525878906,50.584999084472656,50.619998931884766,65622.0
2026-07-17T13:55:00-04:00,50.61000061035156,50.619998931884766,50.54999923706055,50.584999084472656,68087.0
2026-07-17T14:00:00-04:00,50.59000015258789,50.599998474121094,50.54499816894531,50.56999969482422,36182.0
2026-07-17T14:05:00-04:00,50.56999969482422,50.654998779296875,50.540000915527344,50.625,58239.0
2026-07-17T14:10:00-04:00,50.63999938964844,50.685001373291016,50.63999938964844,50.68000030517578,111646.0
2026-07-17T14:15:00-04:00,50.68000030517578,50.744998931884766,50.625,50.709999084472656,123416.0
2026-07-17T14:20:00-04:00,50.709999084472656,50.709999084472656,50.654998779296875,50.66999816894531,126333.0
2026-07-17T14:25:00-04:00,50.68000030517578,50.80500030517578,50.65999984741211,50.790000915527344,110727.0
2026-07-17T14:30:00-04:00,50.775001525878906,50.810001373291016,50.709999084472656,50.7400016784668,73343.0
2026-07-17T14:35:00-04:00,50.7401008605957,50.77000045776367,50.709999084472656,50.72999954223633,109975.0
2026-07-17T14:40:00-04:00,50.72999954223633,50.739898681640625,50.58000183105469,50.599998474121094,238703.0
2026-07-17T14:45:00-04:00,50.599998474121094,50.689998626708984,50.595001220703125,50.65999984741211,62763.0
2026-07-17T14:50:00-04:00,50.654998779296875,50.724998474121094,50.64500045776367,50.724998474121094,94948.0
2026-07-17T14:55:00-04:00,50.724998474121094,50.779998779296875,50.71500015258789,50.7504997253418,139225.0
2026-07-17T15:00:00-04:00,50.75,50.75,50.66999816894531,50.68000030517578,70127.0
2026-07-17T15:05:00-04:00,50.689998626708984,50.689998626708984,50.59000015258789,50.625,106309.0
2026-07-17T15:10:00-04:00,50.625,50.630001068115234,50.58088302612305,50.599998474121094,75162.0
2026-07-17T15:15:00-04:00,50.599998474121094,50.61000061035156,50.560001373291016,50.58000183105469,121211.0
2026-07-17T15:20:00-04:00,50.57500076293945,50.584999084472656,50.525001525878906,50.52980041503906,98409.0
2026-07-17T15:25:00-04:00,50.5099983215332,50.599998474121094,50.5099983215332,50.540000915527344,216787.0
2026-07-17T15:30:00-04:00,50.54999923706055,50.68000030517578,50.419700622558594,50.65999984741211,280934.0
2026-07-17T15:35:00-04:00,50.65999984741211,50.7598991394043,50.650001525878906,50.689998626708984,170059.0
2026-07-17T15:40:00-04:00,50.685001373291016,50.755001068115234,50.65999984741211,50.755001068115234,178235.0
2026-07-17T15:45:00-04:00,50.7599983215332,50.790000915527344,50.744998931884766,50.755001068115234,179863.0
2026-07-17T15:50:00-04:00,50.755001068115234,50.81999969482422,50.744998931884766,50.814998626708984,146317.0
2026-07-17T15:55:00-04:00,50.814998626708984,50.81999969482422,50.7599983215332,50.790000915527344,442578.0
2026-07-20T09:30:00-04:00,51.20000076293945,51.45000076293945,51.20000076293945,51.369998931884766,1979611.0
2026-07-20T09:35:00-04:00,51.3650016784668,51.5,51.27000045776367,51.5,251134.0
2026-07-20T09:40:00-04:00,51.5,51.599998474121094,51.470001220703125,51.48500061035156,190799.0
2026-07-20T09:45:00-04:00,51.4900016784668,51.525001525878906,51.41999816894531,51.500099182128906,149131.0
2026-07-20T09:50:00-04:00,51.505001068115234,51.57500076293945,51.36000061035156,51.43000030517578,259237.0
2026-07-20T09:55:00-04:00,51.43000030517578,51.52000045776367,51.320098876953125,51.320098876953125,133831.0
2026-07-20T10:00:00-04:00,51.31999969482422,51.34000015258789,51.21500015258789,51.29499816894531,234201.0
2026-07-20T10:05:00-04:00,51.29499816894531,51.36989974975586,51.209999084472656,51.215999603271484,103810.0
2026-07-20T10:10:00-04:00,51.21500015258789,51.22990036010742,51.099998474121094,51.119998931884766,145470.0
2026-07-20T10:15:00-04:00,51.125,51.189998626708984,51.099998474121094,51.119998931884766,156497.0
2026-07-20T10:20:00-04:00,51.11000061035156,51.1654167175293,50.97999954223633,51.165000915527344,135840.0
2026-07-20T10:25:00-04:00,51.15999984741211,51.33000183105469,51.15999984741211,51.32500076293945,161104.0
2026-07-20T10:30:00-04:00,51.33000183105469,51.4099006652832,51.300498962402344,51.404998779296875,159720.0
2026-07-20T10:35:00-04:00,51.404998779296875,51.5099983215332,51.369998931884766,51.474998474121094,160407.0
2026-07-20T10:40:00-04:00,51.474998474121094,51.51499938964844,51.34000015258789,51.369998931884766,216861.0
2026-07-20T10:45:00-04:00,51.37009811401367,51.560001373291016,51.3650016784668,51.540000915527344,478067.0
2026-07-20T10:50:00-04:00,51.529998779296875,51.54050064086914,51.380001068115234,51.380001068115234,201392.0
2026-07-20T10:55:00-04:00,51.369998931884766,51.39500045776367,51.29499816894531,51.32500076293945,202114.0
2026-07-20T11:00:00-04:00,51.32500076293945,51.46500015258789,51.25,51.400001525878906,181617.0
2026-07-20T11:05:00-04:00,51.400001525878906,51.70000076293945,51.310001373291016,51.70000076293945,345784.0
2026-07-20T11:10:00-04:00,51.689998626708984,51.689998626708984,51.5,51.53499984741211,220999.0
2026-07-20T11:15:00-04:00,51.54999923706055,51.551998138427734,51.45500183105469,51.459999084472656,90741.0
2026-07-20T11:20:00-04:00,51.45000076293945,51.55500030517578,51.43000030517578,51.54999923706055,47430.0
2026-07-20T11:25:00-04:00,51.560001373291016,51.59000015258789,51.540000915527344,51.59000015258789,143060.0
2026-07-20T11:30:00-04:00,51.59000015258789,51.61000061035156,51.52899932861328,51.54999923706055,82468.0
2026-07-20T11:35:00-04:00,51.540000915527344,51.560001373291016,51.46500015258789,51.48500061035156,61299.0
2026-07-20T11:40:00-04:00,51.47999954223633,51.54499816894531,51.459999084472656,51.54499816894531,71574.0
2026-07-20T11:45:00-04:00,51.529998779296875,51.56999969482422,51.4900016784668,51.529998779296875,147124.0
2026-07-20T11:50:00-04:00,51.540000915527344,51.61000061035156,51.525001525878906,51.560001373291016,93856.0
2026-07-20T11:55:00-04:00,51.564998626708984,51.564998626708984,51.474998474121094,51.48500061035156,65065.0
2026-07-20T12:00:00-04:00,51.47999954223633,51.595001220703125,51.47999954223633,51.56999969482422,81979.0
2026-07-20T12:05:00-04:00,51.57500076293945,51.66999816894531,51.564998626708984,51.65010070800781,80311.0
2026-07-20T12:10:00-04:00,51.654998779296875,51.689998626708984,51.590301513671875,51.609901428222656,60341.0
2026-07-20T12:15:00-04:00,51.60499954223633,51.63999938964844,51.53229904174805,51.6150016784668,63070.0
2026-07-20T12:20:00-04:00,51.619998931884766,51.625,51.560001373291016,51.57500076293945,96199.0
2026-07-20T12:25:00-04:00,51.58000183105469,51.584999084472656,51.5099983215332,51.53010177612305,55903.0
2026-07-20T12:30:00-04:00,51.53950119018555,51.53950119018555,51.36000061035156,51.3650016784668,184976.0
2026-07-20T12:35:00-04:00,51.3650016784668,51.439998626708984,51.349998474121094,51.43000030517578,103836.0
2026-07-20T12:40:00-04:00,51.435001373291016,51.45500183105469,51.150001525878906,51.34000015258789,390123.0
2026-07-20T12:45:00-04:00,51.34000015258789,51.404998779296875,51.27000045776367,51.404998779296875,91419.0
2026-07-20T12:50:00-04:00,51.400001525878906,51.404998779296875,51.34000015258789,51.35499954223633,94988.0
2026-07-20T12:55:00-04:00,51.349998474121094,51.39500045776367,51.310001373291016,51.375,69057.0
2026-07-20T13:00:00-04:00,51.380001068115234,51.47999954223633,51.380001068115234,51.470001220703125,113363.0
2026-07-20T13:05:00-04:00,51.47800064086914,51.50640106201172,51.44499969482422,51.4901008605957,152146.0
2026-07-20T13:10:00-04:00,51.49620056152344,51.5099983215332,51.404998779296875,51.43000030517578,78555.0
2026-07-20T13:15:00-04:00,51.43000030517578,51.449798583984375,51.3849983215332,51.39979934692383,97800.0
2026-07-20T13:20:00-04:00,51.39939880371094,51.435001373291016,51.33000183105469,51.369998931884766,52188.0
2026-07-20T13:25:00-04:00,51.3650016784668,51.420101165771484,51.36000061035156,51.40999984741211,28571.0
2026-07-20T13:30:00-04:00,51.40999984741211,51.42499923706055,51.36000061035156,51.40999984741211,37709.0
2026-07-20T13:35:00-04:00,51.40999984741211,51.40999984741211,51.32899856567383,51.32899856567383,39118.0
2026-07-20T13:40:00-04:00,51.345001220703125,51.349998474121094,51.310001373291016,51.32500076293945,54132.0
2026-07-20T13:45:00-04:00,51.32500076293945,51.349998474121094,51.290000915527344,51.29499816894531,111557.0
2026-07-20T13:50:00-04:00,51.28350067138672,51.30500030517578,51.21500015258789,51.290000915527344,94657.0
2026-07-20T13:55:00-04:00,51.29999923706055,51.32500076293945,51.27050018310547,51.32500076293945,51213.0
2026-07-20T14:00:00-04:00,51.31999969482422,51.380001068115234,51.31999969482422,51.35499954223633,47319.0
2026-07-20T14:05:00-04:00,51.35499954223633,51.369998931884766,51.31999969482422,51.35499954223633,51335.0
2026-07-20T14:10:00-04:00,51.36000061035156,51.380001068115234,51.33000183105469,51.355098724365234,36143.0
2026-07-20T14:15:00-04:00,51.35499954223633,51.415000915527344,51.310001373291016,51.32500076293945,86730.0
2026-07-20T14:20:00-04:00,51.320098876953125,51.32720184326172,51.189998626708984,51.20500183105469,134012.0
2026-07-20T14:25:00-04:00,51.20000076293945,51.26499938964844,51.189998626708984,51.25,95111.0
2026-07-20T14:30:00-04:00,51.25,51.25,51.1150016784668,51.119998931884766,98475.0
2026-07-20T14:35:00-04:00,51.119998931884766,51.1963996887207,51.119998931884766,51.154998779296875,202002.0
2026-07-20T14:40:00-04:00,51.154998779296875,51.165000915527344,51.095001220703125,51.099998474121094,84647.0
2026-07-20T14:45:00-04:00,51.10499954223633,51.169898986816406,51.06999969482422,51.14500045776367,90951.0
2026-07-20T14:50:00-04:00,51.13999938964844,51.16899871826172,51.130001068115234,51.15010070800781,65074.0
2026-07-20T14:55:00-04:00,51.154998779296875,51.18000030517578,51.125,51.16999816894531,84853.0
2026-07-20T15:00:00-04:00,51.165000915527344,51.17499923706055,51.03499984741211,51.064998626708984,71183.0
2026-07-20T15:05:00-04:00,51.06999969482422,51.08000183105469,51.0099983215332,51.07500076293945,125410.0
2026-07-20T15:10:00-04:00,51.07500076293945,51.099998474121094,51.0099983215332,51.029998779296875,161932.0
2026-07-20T15:15:00-04:00,51.025001525878906,51.130001068115234,51.0099983215332,51.125,120304.0
2026-07-20T15:20:00-04:00,51.130001068115234,51.15999984741211,51.11000061035156,51.13999938964844,57215.0
2026-07-20T15:25:00-04:00,51.13999938964844,51.28499984741211,51.11130142211914,51.27000045776367,219891.0
2026-07-20T15:30:00-04:00,51.27000045776367,51.36000061035156,51.220001220703125,51.220001220703125,134009.0
2026-07-20T15:35:00-04:00,51.220001220703125,51.220001220703125,51.064998626708984,51.084999084472656,248830.0
2026-07-20T15:40:00-04:00,51.084999084472656,51.11000061035156,51.029998779296875,51.03239822387695,130462.0
2026-07-20T15:45:00-04:00,51.029998779296875,51.07500076293945,51.02000045776367,51.06999969482422,102582.0
2026-07-20T15:50:00-04:00,51.06999969482422,51.06999969482422,50.9900016784668,51.01499938964844,216616.0
2026-07-20T15:55:00-04:00,51.02000045776367,51.025001525878906,50.95000076293945,50.9900016784668,435652.0
2026-07-21T09:30:00-04:00,52.86000061035156,52.96500015258789,52.72999954223633,52.93000030517578,2632985.0
2026-07-21T09:35:00-04:00,52.935001373291016,52.9900016784668,52.77000045776367,52.81999969482422,338065.0
2026-07-21T09:40:00-04:00,52.81999969482422,52.84000015258789,52.65999984741211,52.70500183105469,339243.0
2026-07-21T09:45:00-04:00,52.720001220703125,52.83000183105469,52.65999984741211,52.83000183105469,226584.0
2026-07-21T09:50:00-04:00,52.81999969482422,52.915401458740234,52.72999954223633,52.904998779296875,271101.0
2026-07-21T09:55:00-04:00,52.900001525878906,52.91999816894531,52.779998779296875,52.83000183105469,152929.0
2026-07-21T10:00:00-04:00,52.8297004699707,53.0099983215332,52.8297004699707,53.00899887084961,204289.0
2026-07-21T10:05:00-04:00,53.0,53.040000915527344,52.90999984741211,52.939998626708984,139380.0
2026-07-21T10:10:00-04:00,52.935001373291016,53.22999954223633,52.935001373291016,53.21500015258789,194661.0
2026-07-21T10:15:00-04:00,53.20000076293945,53.349998474121094,53.10499954223633,53.30500030517578,151122.0
2026-07-21T10:20:00-04:00,53.310001373291016,53.314998626708984,53.19499969482422,53.279998779296875,138473.0
2026-07-21T10:25:00-04:00,53.28499984741211,53.3650016784668,53.26499938964844,53.34000015258789,176484.0
2026-07-21T10:30:00-04:00,53.34000015258789,53.439998626708984,53.229000091552734,53.229000091552734,199738.0
2026-07-21T10:35:00-04:00,53.23440170288086,53.244998931884766,53.14500045776367,53.20000076293945,126298.0
2026-07-21T10:40:00-04:00,53.20500183105469,53.32500076293945,53.15999984741211,53.314998626708984,565863.0
2026-07-21T10:45:00-04:00,53.314998626708984,53.459999084472656,53.29499816894531,53.3650016784668,174535.0
2026-07-21T10:50:00-04:00,53.361000061035156,53.3650016784668,53.290000915527344,53.334999084472656,120181.0
2026-07-21T10:55:00-04:00,53.342201232910156,53.3650016784668,53.2400016784668,53.28499984741211,152856.0
2026-07-21T11:00:00-04:00,53.290000915527344,53.35499954223633,53.244998931884766,53.255001068115234,197218.0
2026-07-21T11:05:00-04:00,53.25,53.3650016784668,53.17499923706055,53.349998474121094,126577.0
2026-07-21T11:10:00-04:00,53.345001220703125,53.439998626708984,53.345001220703125,53.400001525878906,114396.0
2026-07-21T11:15:00-04:00,53.400001525878906,53.47999954223633,53.39500045776367,53.46500015258789,186338.0
2026-07-21T11:20:00-04:00,53.459999084472656,53.52000045776367,53.39500045776367,53.45000076293945,178021.0
2026-07-21T11:25:00-04:00,53.45500183105469,53.470001220703125,53.400001525878906,53.439998626708984,114372.0
2026-07-21T11:30:00-04:00,53.439998626708984,53.48500061035156,53.3650016784668,53.45000076293945,281731.0
2026-07-21T11:35:00-04:00,53.439998626708984,53.47999954223633,53.400001525878906,53.435001373291016,181070.0
2026-07-21T11:40:00-04:00,53.42499923706055,53.439998626708984,53.25,53.27000045776367,199906.0
2026-07-21T11:45:00-04:00,53.26499938964844,53.27989959716797,53.220001220703125,53.23500061035156,76089.0
2026-07-21T11:50:00-04:00,53.2400016784668,53.34000015258789,53.2400016784668,53.30009841918945,62772.0
2026-07-21T11:55:00-04:00,53.30500030517578,53.310001373291016,53.2400016784668,53.28499984741211,97893.0
2026-07-21T12:00:00-04:00,53.28499984741211,53.33000183105469,53.25450134277344,53.32500076293945,63371.0
2026-07-21T12:05:00-04:00,53.33000183105469,53.33000183105469,53.275001525878906,53.314998626708984,49452.0
2026-07-21T12:10:00-04:00,53.314998626708984,53.41999816894531,53.310001373291016,53.415000915527344,48955.0
2026-07-21T12:15:00-04:00,53.410099029541016,53.41999816894531,53.36000061035156,53.38999938964844,61288.0
2026-07-21T12:20:00-04:00,53.400001525878906,53.42100143432617,53.369998931884766,53.40999984741211,58759.0
2026-07-21T12:25:00-04:00,53.41999816894531,53.41999816894531,53.34000015258789,53.375,50602.0
2026-07-21T12:30:00-04:00,53.375,53.3849983215332,53.349998474121094,53.3745002746582,47215.0
2026-07-21T12:35:00-04:00,53.375,53.3849983215332,53.290000915527344,53.314998626708984,29127.0
2026-07-21T12:40:00-04:00,53.32500076293945,53.34000015258789,53.25,53.255001068115234,66390.0
2026-07-21T12:45:00-04:00,53.250999450683594,53.250999450683594,53.14500045776367,53.224998474121094,106394.0
2026-07-21T12:50:00-04:00,53.224998474121094,53.25,53.185001373291016,53.19499969482422,43920.0
2026-07-21T12:55:00-04:00,53.20000076293945,53.20000076293945,53.150001525878906,53.185001373291016,55366.0
2026-07-21T13:00:00-04:00,53.18000030517578,53.18000030517578,53.130001068115234,53.154998779296875,35453.0
2026-07-21T13:05:00-04:00,53.15999984741211,53.189998626708984,53.13999938964844,53.15999984741211,55226.0
2026-07-21T13:10:00-04:00,53.15359878540039,53.220001220703125,53.12310028076172,53.16999816894531,124662.0
2026-07-21T13:15:00-04:00,53.17499923706055,53.17499923706055,53.08000183105469,53.09000015258789,89024.0
2026-07-21T13:20:00-04:00,53.09000015258789,53.189998626708984,53.06999969482422,53.17499923706055,94015.0
2026-07-21T13:25:00-04:00,53.19499969482422,53.220001220703125,53.17499923706055,53.220001220703125,67502.0
2026-07-21T13:30:00-04:00,53.220001220703125,53.23500061035156,53.16999816894531,53.19499969482422,82029.0
2026-07-21T13:35:00-04:00,53.209999084472656,53.209999084472656,53.15999984741211,53.16999816894531,35405.0
2026-07-21T13:40:00-04:00,53.15999984741211,53.18000030517578,53.06999969482422,53.08000183105469,46752.0
2026-07-21T13:45:00-04:00,53.084999084472656,53.11000061035156,53.04999923706055,53.084999084472656,46503.0
2026-07-21T13:50:00-04:00,53.09000015258789,53.10900115966797,53.08399963378906,53.09000015258789,28237.0
2026-07-21T13:55:00-04:00,53.084999084472656,53.1150016784668,53.06999969482422,53.11000061035156,72995.0
2026-07-21T14:00:00-04:00,53.11000061035156,53.130001068115234,53.08000183105469,53.09989929199219,70830.0
2026-07-21T14:05:00-04:00,53.095001220703125,53.17499923706055,53.09000015258789,53.165000915527344,52290.0
2026-07-21T14:10:00-04:00,53.165401458740234,53.16999816894531,53.1349983215332,53.14500045776367,38970.0
2026-07-21T14:15:00-04:00,53.14500045776367,53.209999084472656,53.130001068115234,53.19499969482422,51961.0
2026-07-21T14:20:00-04:00,53.189998626708984,53.26499938964844,53.15999984741211,53.26499938964844,76324.0
2026-07-21T14:25:00-04:00,53.2599983215332,53.36000061035156,53.2599983215332,53.28499984741211,104383.0
2026-07-21T14:30:00-04:00,53.28900146484375,53.345001220703125,53.2599983215332,53.31999969482422,105180.0
2026-07-21T14:35:00-04:00,53.32500076293945,53.334999084472656,53.25,53.279998779296875,99986.0
2026-07-21T14:40:00-04:00,53.279998779296875,53.310001373291016,53.244998931884766,53.26499938964844,75134.0
2026-07-21T14:45:00-04:00,53.26499938964844,53.27000045776367,53.19499969482422,53.21500015258789,38229.0
2026-07-21T14:50:00-04:00,53.21099853515625,53.21500015258789,53.18000030517578,53.19499969482422,64308.0
2026-07-21T14:55:00-04:00,53.19499969482422,53.22999954223633,53.18000030517578,53.189998626708984,46463.0
2026-07-21T15:00:00-04:00,53.19499969482422,53.26499938964844,53.16999816894531,53.22999954223633,170719.0
2026-07-21T15:05:00-04:00,53.224998474121094,53.22999954223633,53.15449905395508,53.15449905395508,64546.0
2026-07-21T15:10:00-04:00,53.154998779296875,53.15869903564453,53.10499954223633,53.1150016784668,51276.0
2026-07-21T15:15:00-04:00,53.119998931884766,53.185001373291016,53.119998931884766,53.17499923706055,31945.0
2026-07-21T15:20:00-04:00,53.16999816894531,53.185001373291016,53.14500045776367,53.16999816894531,41511.0
2026-07-21T15:25:00-04:00,53.16999816894531,53.20000076293945,53.14500045776367,53.14500045776367,75956.0
2026-07-21T15:30:00-04:00,53.154998779296875,53.165000915527344,53.119998931884766,53.130001068115234,86630.0
2026-07-21T15:35:00-04:00,53.130001068115234,53.1349983215332,53.080299377441406,53.0900993347168,121149.0
2026-07-21T15:40:00-04:00,53.09000015258789,53.11000061035156,53.06999969482422,53.09000015258789,134499.0
2026-07-21T15:45:00-04:00,53.09000015258789,53.119998931884766,53.08000183105469,53.10499954223633,152350.0
2026-07-21T15:50:00-04:00,53.11000061035156,53.125,53.064998626708984,53.084999084472656,326472.0
2026-07-21T15:55:00-04:00,53.084999084472656,53.130001068115234,53.060001373291016,53.084999084472656,592621.0
2026-07-22T09:30:00-04:00,53.779998779296875,54.11869812011719,53.779998779296875,54.04499816894531,1423565.0
2026-07-22T09:35:00-04:00,54.040000915527344,54.13999938964844,53.900001525878906,54.11000061035156,280619.0
2026-07-22T09:40:00-04:00,54.099998474121094,54.32500076293945,54.084999084472656,54.2401008605957,351342.0
2026-07-22T09:45:00-04:00,54.25,54.474998474121094,54.2400016784668,54.404998779296875,385681.0
2026-07-22T09:50:00-04:00,54.40999984741211,54.525001525878906,54.36009979248047,54.474998474121094,439866.0
2026-07-22T09:55:00-04:00,54.47999954223633,54.72999954223633,54.43899917602539,54.685001373291016,397550.0
2026-07-22T10:00:00-04:00,54.685001373291016,55.08000183105469,54.67499923706055,54.91999816894531,1075416.0
2026-07-22T10:05:00-04:00,54.920101165771484,54.94499969482422,54.81010055541992,54.83000183105469,373820.0
2026-07-22T10:10:00-04:00,54.84000015258789,54.95000076293945,54.79999923706055,54.845001220703125,341793.0
2026-07-22T10:15:00-04:00,54.84000015258789,54.84000015258789,54.560001373291016,54.59000015258789,368328.0
2026-07-22T10:20:00-04:00,54.59000015258789,54.69900131225586,54.505001068115234,54.55590057373047,206965.0
2026-07-22T10:25:00-04:00,54.54999923706055,54.564998626708984,54.349998474121094,54.3849983215332,258783.0
2026-07-22T10:30:00-04:00,54.38999938964844,54.56999969482422,54.3650016784668,54.53499984741211,224215.0
2026-07-22T10:35:00-04:00,54.53499984741211,54.58000183105469,54.459999084472656,54.53499984741211,166716.0
2026-07-22T10:40:00-04:00,54.53499984741211,54.54499816894531,54.380001068115234,54.48500061035156,143264.0
2026-07-22T10:45:00-04:00,54.494998931884766,54.54999923706055,54.34000015258789,54.435001373291016,134705.0
2026-07-22T10:50:00-04:00,54.439998626708984,54.46500015258789,54.380001068115234,54.44499969482422,82079.0
2026-07-22T10:55:00-04:00,54.439998626708984,54.459999084472656,54.33000183105469,54.44499969482422,105449.0
2026-07-22T11:00:00-04:00,54.439998626708984,54.55500030517578,54.43000030517578,54.52000045776367,119661.0
2026-07-22T11:05:00-04:00,54.52000045776367,54.566898345947266,54.5,54.529998779296875,100868.0
2026-07-22T11:10:00-04:00,54.52000045776367,54.56999969482422,54.5,54.54499816894531,125408.0
2026-07-22T11:15:00-04:00,54.53499984741211,54.54499816894531,54.41999816894531,54.45000076293945,176015.0
2026-07-22T11:20:00-04:00,54.439998626708984,54.61000061035156,54.43000030517578,54.595001220703125,168273.0
2026-07-22T11:25:00-04:00,54.595699310302734,54.625,54.52000045776367,54.529998779296875,190947.0
2026-07-22T11:30:00-04:00,54.529998779296875,54.529998779296875,54.415000915527344,54.415000915527344,109182.0
2026-07-22T11:35:00-04:00,54.41999816894531,54.47999954223633,54.380001068115234,54.400001525878906,87410.0
2026-07-22T11:40:00-04:00,54.400001525878906,54.5,54.400001525878906,54.47999954223633,48183.0
2026-07-22T11:45:00-04:00,54.48659896850586,54.564998626708984,54.415000915527344,54.564998626708984,79275.0
2026-07-22T11:50:00-04:00,54.559898376464844,54.59000015258789,54.47999954223633,54.48500061035156,67771.0
2026-07-22T11:55:00-04:00,54.47999954223633,54.47999954223633,54.415000915527344,54.46500015258789,72897.0
2026-07-22T12:00:00-04:00,54.46500015258789,54.46500015258789,54.400001525878906,54.45000076293945,71255.0
2026-07-22T12:05:00-04:00,54.459999084472656,54.4900016784668,54.43000030517578,54.43000030517578,135938.0
2026-07-22T12:10:00-04:00,54.43000030517578,54.43000030517578,54.29999923706055,54.31999969482422,107365.0
2026-07-22T12:15:00-04:00,54.31999969482422,54.41999816894531,54.27000045776367,54.40190124511719,159463.0
2026-07-22T12:20:00-04:00,54.400001525878906,54.40739822387695,54.29999923706055,54.309898376464844,59371.0
2026-07-22T12:25:00-04:00,54.310001373291016,54.349998474121094,54.275001525878906,54.34980010986328,89886.0
2026-07-22T12:30:00-04:00,54.349998474121094,54.404998779296875,54.31999969482422,54.33489990234375,95819.0
2026-07-22T12:35:00-04:00,54.33000183105469,54.350101470947266,54.2400016784668,54.290000915527344,208561.0
2026-07-22T12:40:00-04:00,54.29499816894531,54.34000015258789,54.27009963989258,54.27009963989258,44255.0
2026-07-22T12:45:00-04:00,54.290000915527344,54.310001373291016,54.20000076293945,54.23759841918945,119289.0
2026-07-22T12:50:00-04:00,54.244998931884766,54.25,54.130001068115234,54.224998474121094,81317.0
2026-07-22T12:55:00-04:00,54.22999954223633,54.30500030517578,54.185001373291016,54.275001525878906,55536.0
2026-07-22T13:00:00-04:00,54.279998779296875,54.279998779296875,54.150001525878906,54.23500061035156,67787.0
2026-07-22T13:05:00-04:00,54.22999954223633,54.25,54.1349983215332,54.18000030517578,64605.0
2026-07-22T13:10:00-04:00,54.16999816894531,54.20000076293945,54.13999938964844,54.13999938964844,65065.0
2026-07-22T13:15:00-04:00,54.1349983215332,54.15999984741211,54.07310104370117,54.09000015258789,71769.0
2026-07-22T13:20:00-04:00,54.09000015258789,54.2400016784668,54.09000015258789,54.18000030517578,64792.0
2026-07-22T13:25:00-04:00,54.18000030517578,54.224998474121094,54.14500045776367,54.15999984741211,71225.0
2026-07-22T13:30:00-04:00,54.15999984741211,54.279998779296875,54.150001525878906,54.209999084472656,69826.0
2026-07-22T13:35:00-04:00,54.22990036010742,54.2400016784668,54.04999923706055,54.05500030517578,146499.0
2026-07-22T13:40:00-04:00,54.05009841918945,54.15999984741211,54.02000045776367,54.130001068115234,145967.0
2026-07-22T13:45:00-04:00,54.125,54.220001220703125,54.119998931884766,54.220001220703125,122538.0
2026-07-22T13:50:00-04:00,54.220001220703125,54.27000045776367,54.20500183105469,54.21500015258789,132676.0
2026-07-22T13:55:00-04:00,54.20000076293945,54.25,54.18389892578125,54.209999084472656,82394.0
2026-07-22T14:00:00-04:00,54.209999084472656,54.220001220703125,54.10499954223633,54.130001068115234,82669.0
2026-07-22T14:05:00-04:00,54.119998931884766,54.22999954223633,54.119998931884766,54.185001373291016,37588.0
2026-07-22T14:10:00-04:00,54.18000030517578,54.189998626708984,54.1349983215332,54.15999984741211,41677.0
2026-07-22T14:15:00-04:00,54.150001525878906,54.15999984741211,54.10499954223633,54.150001525878906,50900.0
2026-07-22T14:20:00-04:00,54.150001525878906,54.189998626708984,54.084999084472656,54.11009979248047,85441.0
2026-07-22T14:25:00-04:00,54.11000061035156,54.14500045776367,54.102699279785156,54.130001068115234,87541.0
2026-07-22T14:30:00-04:00,54.125,54.130001068115234,54.047698974609375,54.04999923706055,145560.0
2026-07-22T14:35:00-04:00,54.05500030517578,54.09000015258789,54.02009963989258,54.04499816894531,126723.0
2026-07-22T14:40:00-04:00,54.04499816894531,54.099998474121094,54.025001525878906,54.084999084472656,119035.0
2026-07-22T14:45:00-04:00,54.084999084472656,54.18000030517578,54.08000183105469,54.15999984741211,83379.0
2026-07-22T14:50:00-04:00,54.154998779296875,54.18000030517578,54.14500045776367,54.16999816894531,36819.0
2026-07-22T14:55:00-04:00,54.165000915527344,54.185001373291016,54.119998931884766,54.130001068115234,43620.0
2026-07-22T15:00:00-04:00,54.119998931884766,54.119998931884766,54.04999923706055,54.09000015258789,119802.0
2026-07-22T15:05:00-04:00,54.092899322509766,54.14500045776367,54.09000015258789,54.119998931884766,49438.0
2026-07-22T15:10:00-04:00,54.1150016784668,54.119998931884766,54.07099914550781,54.08359909057617,36333.0
2026-07-22T15:15:00-04:00,54.06999969482422,54.099998474121094,54.03499984741211,54.05500030517578,24143.0
2026-07-22T15:20:00-04:00,54.060001373291016,54.09000015258789,54.02000045776367,54.07500076293945,41622.0
2026-07-22T15:25:00-04:00,54.07500076293945,54.1349983215332,54.052799224853516,54.125,59348.0
2026-07-22T15:30:00-04:00,54.119998931884766,54.185001373291016,54.084999084472656,54.150001525878906,137383.0
2026-07-22T15:35:00-04:00,54.13999938964844,54.13999938964844,54.05500030517578,54.064998626708984,78821.0
2026-07-22T15:40:00-04:00,54.064998626708984,54.09000015258789,53.9900016784668,54.005001068115234,173159.0
2026-07-22T15:45:00-04:00,54.0099983215332,54.01499938964844,53.970001220703125,54.01499938964844,181366.0
2026-07-22T15:50:00-04:00,54.0099983215332,54.0099983215332,53.81999969482422,53.849998474121094,269649.0
2026-07-22T15:55:00-04:00,53.849998474121094,53.95000076293945,53.83000183105469,53.92499923706055,582909.0
2026-07-23T09:30:00-04:00,52.09000015258789,52.37009811401367,52.060001373291016,52.310001373291016,2809558.0
2026-07-23T09:35:00-04:00,52.29999923706055,52.35340118408203,52.18000030517578,52.209999084472656,305251.0
2026-07-23T09:40:00-04:00,52.220001220703125,52.459999084472656,52.209999084472656,52.334999084472656,330650.0
2026-07-23T09:45:00-04:00,52.34000015258789,52.36000061035156,52.181800842285156,52.275001525878906,244000.0
2026-07-23T09:50:00-04:00,52.27000045776367,52.33000183105469,52.189998626708984,52.27989959716797,139569.0
2026-07-23T09:55:00-04:00,52.275001525878906,52.31999969482422,52.04499816894531,52.060001373291016,249239.0
2026-07-23T10:00:00-04:00,52.06999969482422,52.22999954223633,52.06999969482422,52.15999984741211,196544.0
2026-07-23T10:05:00-04:00,52.14500045776367,52.209999084472656,52.0099983215332,52.15999984741211,261747.0
2026-07-23T10:10:00-04:00,52.16999816894531,52.290000915527344,52.060001373291016,52.220001220703125,209873.0
2026-07-23T10:15:00-04:00,52.209999084472656,52.25,52.064998626708984,52.099998474121094,167861.0
2026-07-23T10:20:00-04:00,52.099998474121094,52.209999084472656,52.06999969482422,52.20140075683594,87398.0
2026-07-23T10:25:00-04:00,52.209999084472656,52.369998931884766,52.189998626708984,52.369998931884766,110163.0
2026-07-23T10:30:00-04:00,52.349998474121094,52.3849983215332,52.19499969482422,52.224998474121094,133198.0
2026-07-23T10:35:00-04:00,52.22999954223633,52.38999938964844,52.15999984741211,52.36000061035156,134169.0
2026-07-23T10:40:00-04:00,52.36000061035156,52.38999938964844,52.2400016784668,52.279998779296875,108004.0
2026-07-23T10:45:00-04:00,52.279998779296875,52.40999984741211,52.275001525878906,52.31999969482422,83235.0
2026-07-23T10:50:00-04:00,52.314998626708984,52.349998474121094,52.16999816894531,52.185001373291016,222945.0
2026-07-23T10:55:00-04:00,52.16999816894531,52.24359893798828,52.16999816894531,52.209999084472656,106876.0
2026-07-23T11:00:00-04:00,52.220001220703125,52.244998931884766,52.11000061035156,52.130001068115234,139383.0
2026-07-23T11:05:00-04:00,52.135101318359375,52.150001525878906,51.91999816894531,51.93000030517578,299889.0
2026-07-23T11:10:00-04:00,51.939998626708984,51.98500061035156,51.810001373291016,51.94499969482422,191876.0
2026-07-23T11:15:00-04:00,51.94499969482422,52.060001373291016,51.88999938964844,51.933998107910156,253839.0
2026-07-23T11:20:00-04:00,51.939998626708984,51.97999954223633,51.77000045776367,51.93000030517578,280997.0
2026-07-23T11:25:00-04:00,51.93000030517578,51.94049835205078,51.8650016784668,51.875,115766.0
2026-07-23T11:30:00-04:00,51.88999938964844,51.95000076293945,51.814998626708984,51.900001525878906,109411.0
2026-07-23T11:35:00-04:00,51.93000030517578,52.040000915527344,51.92499923706055,51.9900016784668,119207.0
2026-07-23T11:40:00-04:00,51.9900016784668,52.099998474121094,51.97999954223633,51.98500061035156,83920.0
2026-07-23T11:45:00-04:00,51.98500061035156,52.060001373291016,51.970001220703125,52.029998779296875,132426.0
2026-07-23T11:50:00-04:00,52.029998779296875,52.125,52.005001068115234,52.1150016784668,81827.0
2026-07-23T11:55:00-04:00,52.119998931884766,52.13999938964844,52.02000045776367,52.04499816894531,165487.0
2026-07-23T12:00:00-04:00,52.04999923706055,52.16999816894531,52.04999923706055,52.13999938964844,48765.0
2026-07-23T12:05:00-04:00,52.1349983215332,52.15999984741211,52.095001220703125,52.1349983215332,99972.0
2026-07-23T12:10:00-04:00,52.13999938964844,52.20000076293945,52.119998931884766,52.189998626708984,43193.0
2026-07-23T12:15:00-04:00,52.19499969482422,52.20000076293945,52.102699279785156,52.119998931884766,78987.0
2026-07-23T12:20:00-04:00,52.119998931884766,52.20000076293945,52.11000061035156,52.13999938964844,54797.0
2026-07-23T12:25:00-04:00,52.1349983215332,52.25,52.1150016784668,52.21500015258789,42798.0
2026-07-23T12:30:00-04:00,52.220001220703125,52.2400016784668,52.12009811401367,52.125,39837.0
2026-07-23T12:35:00-04:00,52.119998931884766,52.17499923706055,52.095001220703125,52.16999816894531,170998.0
2026-07-23T12:40:00-04:00,52.16999816894531,52.18000030517578,52.130001068115234,52.13999938964844,22057.0
2026-07-23T12:45:00-04:00,52.1349983215332,52.14500045776367,52.084999084472656,52.095001220703125,60680.0
2026-07-23T12:50:00-04:00,52.08000183105469,52.15999984741211,52.06999969482422,52.130001068115234,105154.0
2026-07-23T12:55:00-04:00,52.13999938964844,52.262901306152344,52.13999938964844,52.2599983215332,210954.0
2026-07-23T13:00:00-04:00,52.25,52.334999084472656,52.22100067138672,52.279998779296875,76852.0
2026-07-23T13:05:00-04:00,52.290000915527344,52.33000183105469,52.209999084472656,52.244998931884766,57044.0
2026-07-23T13:10:00-04:00,52.25,52.28499984741211,52.15999984741211,52.185001373291016,35248.0
2026-07-23T13:15:00-04:00,52.18000030517578,52.220001220703125,52.130001068115234,52.135101318359375,67452.0
2026-07-23T13:20:00-04:00,52.13999938964844,52.255001068115234,52.13999938964844,52.21500015258789,59779.0
2026-07-23T13:25:00-04:00,52.230098724365234,52.2400016784668,52.16999816894531,52.17499923706055,36164.0
2026-07-23T13:30:00-04:00,52.18000030517578,52.220001220703125,52.16999816894531,52.1859016418457,43468.0
2026-07-23T13:35:00-04:00,52.18000030517578,52.18000030517578,52.029998779296875,52.040000915527344,122800.0
2026-07-23T13:40:00-04:00,52.04499816894531,52.07500076293945,51.9900016784668,52.025001525878906,122981.0
2026-07-23T13:45:00-04:00,52.02000045776367,52.060001373291016,52.0099983215332,52.04999923706055,158143.0
2026-07-23T13:50:00-04:00,52.04999923706055,52.04999923706055,51.97100067138672,52.01499938964844,91265.0
2026-07-23T13:55:00-04:00,52.0099983215332,52.0099983215332,51.970001220703125,51.970001220703125,55396.0
2026-07-23T14:00:00-04:00,51.97999954223633,51.9900016784668,51.90999984741211,51.91210174560547,96255.0
2026-07-23T14:05:00-04:00,51.90999984741211,51.98500061035156,51.880001068115234,51.93681335449219,76216.0
2026-07-23T14:10:00-04:00,51.939998626708984,51.970001220703125,51.915000915527344,51.92499923706055,79838.0
2026-07-23T14:15:00-04:00,51.92499923706055,51.959999084472656,51.89500045776367,51.90999984741211,75413.0
2026-07-23T14:20:00-04:00,51.90999984741211,51.945499420166016,51.900001525878906,51.92499923706055,146639.0
2026-07-23T14:25:00-04:00,51.92499923706055,51.9900016784668,51.900001525878906,51.970001220703125,190055.0
2026-07-23T14:30:00-04:00,51.96500015258789,52.040000915527344,51.96500015258789,52.025001525878906,74683.0
2026-07-23T14:35:00-04:00,52.029998779296875,52.029998779296875,51.935001373291016,51.94499969482422,201908.0
2026-07-23T14:40:00-04:00,51.95000076293945,51.970001220703125,51.935001373291016,51.970001220703125,32289.0
2026-07-23T14:45:00-04:00,51.959999084472656,52.04499816894531,51.959999084472656,52.02000045776367,58583.0
2026-07-23T14:50:00-04:00,52.025001525878906,52.03499984741211,52.0,52.0099983215332,61339.0
2026-07-23T14:55:00-04:00,52.005001068115234,52.035099029541016,52.0,52.03499984741211,47098.0
2026-07-23T15:00:00-04:00,52.040000915527344,52.09000015258789,51.9900016784668,51.9900016784668,208624.0
2026-07-23T15:05:00-04:00,51.9900016784668,52.02000045776367,51.91999816894531,51.91999816894531,128992.0
2026-07-23T15:10:00-04:00,51.92499923706055,51.95000076293945,51.915000915527344,51.93669891357422,48021.0
2026-07-23T15:15:00-04:00,51.93000030517578,51.98500061035156,51.92300033569336,51.95009994506836,35940.0
2026-07-23T15:20:00-04:00,51.95500183105469,52.09000015258789,51.95500183105469,52.08000183105469,180237.0
2026-07-23T15:25:00-04:00,52.084999084472656,52.11000061035156,52.03499984741211,52.064998626708984,66559.0
2026-07-23T15:30:00-04:00,52.06999969482422,52.130001068115234,51.994998931884766,52.03499984741211,82898.0
2026-07-23T15:35:00-04:00,52.029998779296875,52.04999923706055,52.0,52.029998779296875,57801.0
2026-07-23T15:40:00-04:00,52.029998779296875,52.029998779296875,51.959999084472656,51.96500015258789,78173.0
2026-07-23T15:45:00-04:00,51.959999084472656,51.970001220703125,51.93000030517578,51.935001373291016,165038.0
2026-07-23T15:50:00-04:00,51.939998626708984,52.029998779296875,51.939998626708984,52.025001525878906,237929.0
2026-07-23T15:55:00-04:00,52.029998779296875,52.099998474121094,52.0,52.060001373291016,764368.0
2026-07-24T09:30:00-04:00,52.34000015258789,52.43000030517578,52.29999923706055,52.380001068115234,1046597.0
2026-07-24T09:35:00-04:00,52.369998931884766,52.559898376464844,52.369998931884766,52.559898376464844,203552.0
2026-07-24T09:40:00-04:00,52.560001373291016,52.560001373291016,52.40999984741211,52.41999816894531,144081.0
2026-07-24T09:45:00-04:00,52.41999816894531,52.685001373291016,52.36000061035156,52.6349983215332,182612.0
2026-07-24T09:50:00-04:00,52.625,52.68000030517578,52.5526008605957,52.595001220703125,141925.0
2026-07-24T09:55:00-04:00,52.59000015258789,52.769901275634766,52.474998474121094,52.75,245796.0
2026-07-24T10:00:00-04:00,52.82500076293945,52.834999084472656,52.65999984741211,52.669498443603516,196507.0
2026-07-24T10:05:00-04:00,52.68000030517578,52.73500061035156,52.58000183105469,52.724998474121094,223317.0
2026-07-24T10:10:00-04:00,52.72999954223633,52.79779815673828,52.70000076293945,52.72999954223633,110839.0
2026-07-24T10:15:00-04:00,52.73500061035156,52.7599983215332,52.599998474121094,52.63999938964844,106155.0
2026-07-24T10:20:00-04:00,52.654998779296875,52.790000915527344,52.61940002441406,52.75,131791.0
2026-07-24T10:25:00-04:00,52.77980041503906,52.959999084472656,52.775001525878906,52.875,144918.0
2026-07-24T10:30:00-04:00,52.869998931884766,53.03499984741211,52.849998474121094,52.96500015258789,189660.0
2026-07-24T10:35:00-04:00,52.970001220703125,53.03860092163086,52.900001525878906,52.915000915527344,149423.0
2026-07-24T10:40:00-04:00,52.90999984741211,52.935001373291016,52.720001220703125,52.84000015258789,223741.0
2026-07-24T10:45:00-04:00,52.83000183105469,52.880001068115234,52.78499984741211,52.869998931884766,102615.0
2026-07-24T10:50:00-04:00,52.8650016784668,52.94499969482422,52.84000015258789,52.86000061035156,144992.0
2026-07-24T10:55:00-04:00,52.86000061035156,53.0,52.85499954223633,52.88999938964844,116168.0
2026-07-24T11:00:00-04:00,52.88999938964844,52.97999954223633,52.849998474121094,52.849998474121094,82777.0
2026-07-24T11:05:00-04:00,52.849998474121094,52.8650016784668,52.77000045776367,52.81010055541992,63032.0
2026-07-24T11:10:00-04:00,52.810001373291016,53.220001220703125,52.810001373291016,53.165000915527344,307317.0
2026-07-24T11:15:00-04:00,53.15999984741211,53.32500076293945,53.06999969482422,53.099998474121094,286999.0
2026-07-24T11:20:00-04:00,53.099998474121094,53.22999954223633,53.08000183105469,53.09000015258789,224049.0
2026-07-24T11:25:00-04:00,53.09000015258789,53.20000076293945,53.08000183105469,53.17499923706055,77225.0
2026-07-24T11:30:00-04:00,53.189998626708984,53.2400016784668,53.15999984741211,53.18000030517578,89310.0
2026-07-24T11:35:00-04:00,53.15999984741211,53.279998779296875,53.14500045776367,53.2599983215332,141447.0
2026-07-24T11:40:00-04:00,53.260101318359375,53.290000915527344,53.119998931884766,53.119998931884766,133286.0
2026-07-24T11:45:00-04:00,53.11000061035156,53.13949966430664,53.06999969482422,53.125,216524.0
2026-07-24T11:50:00-04:00,53.130001068115234,53.29999923706055,53.130001068115234,53.2400016784668,137300.0
2026-07-24T11:55:00-04:00,53.2400016784668,53.275001525878906,53.220001220703125,53.244998931884766,80986.0
2026-07-24T12:00:00-04:00,53.2400016784668,53.25680160522461,53.15999984741211,53.244998931884766,152344.0
2026-07-24T12:05:00-04:00,53.2400016784668,53.2599983215332,53.190101623535156,53.224998474121094,71783.0
2026-07-24T12:10:00-04:00,53.224998474121094,53.25,53.14500045776367,53.16999816894531,199665.0
2026-07-24T12:15:00-04:00,53.165000915527344,53.21500015258789,53.13999938964844,53.154998779296875,272043.0
2026-07-24T12:20:00-04:00,53.15359878540039,53.209999084472656,53.12990188598633,53.195499420166016,132336.0
2026-07-24T12:25:00-04:00,53.19499969482422,53.22990036010742,53.130001068115234,53.130001068115234,58760.0
2026-07-24T12:30:00-04:00,53.119998931884766,53.119998931884766,53.040000915527344,53.1150016784668,168627.0
2026-07-24T12:35:00-04:00,53.11000061035156,53.119998931884766,53.040000915527344,53.040000915527344,58570.0
2026-07-24T12:40:00-04:00,53.04499816894531,53.04999923706055,52.98500061035156,53.0099983215332,70450.0
2026-07-24T12:45:00-04:00,53.0099983215332,53.02000045776367,52.92499923706055,52.95500183105469,126586.0
2026-07-24T12:50:00-04:00,52.95000076293945,52.9900016784668,52.91999816894531,52.974998474121094,85185.0
2026-07-24T12:55:00-04:00,52.95500183105469,53.0099983215332,52.93009948730469,52.9900016784668,63591.0
2026-07-24T13:00:00-04:00,52.98500061035156,53.029998779296875,52.94499969482422,52.96500015258789,425360.0
2026-07-24T13:05:00-04:00,52.959999084472656,52.96500015258789,52.845001220703125,52.8849983215332,109620.0
2026-07-24T13:10:00-04:00,52.900001525878906,52.910099029541016,52.850101470947266,52.89500045776367,56701.0
2026-07-24T13:15:00-04:00,52.89500045776367,52.93000030517578,52.875,52.93000030517578,183422.0
2026-07-24T13:20:00-04:00,52.93000030517578,53.025001525878906,52.915000915527344,53.02000045776367,124793.0
2026-07-24T13:25:00-04:00,53.0099983215332,53.04499816894531,52.97999954223633,53.040000915527344,54047.0
2026-07-24T13:30:00-04:00,53.03499984741211,53.11000061035156,53.02360153198242,53.060001373291016,36676.0
2026-07-24T13:35:00-04:00,53.064998626708984,53.08000183105469,53.040000915527344,53.043701171875,44450.0
2026-07-24T13:40:00-04:00,53.04100036621094,53.06999969482422,53.02000045776367,53.020301818847656,34825.0
2026-07-24T13:45:00-04:00,53.02000045776367,53.04990005493164,52.970001220703125,52.98500061035156,45319.0
2026-07-24T13:50:00-04:00,52.9900016784668,53.02000045776367,52.904998779296875,52.915000915527344,18696.0
2026-07-24T13:55:00-04:00,52.91999816894531,52.95000076293945,52.90999984741211,52.90999984741211,40294.0
2026-07-24T14:00:00-04:00,52.90999984741211,52.935001373291016,52.869998931884766,52.904998779296875,83586.0
2026-07-24T14:05:00-04:00,52.90999984741211,52.959999084472656,52.904998779296875,52.904998779296875,82550.0
2026-07-24T14:10:00-04:00,52.904998779296875,52.915000915527344,52.8849983215332,52.89500045776367,38923.0
2026-07-24T14:15:00-04:00,52.89500045776367,52.939998626708984,52.834999084472656,52.834999084472656,43338.0
2026-07-24T14:20:00-04:00,52.84000015258789,52.84000015258789,52.755001068115234,52.806400299072266,93704.0
2026-07-24T14:25:00-04:00,52.810001373291016,52.83000183105469,52.709999084472656,52.720001220703125,94241.0
2026-07-24T14:30:00-04:00,52.72999954223633,52.7599983215332,52.665000915527344,52.70000076293945,101487.0
2026-07-24T14:35:00-04:00,52.68989944458008,52.776798248291016,52.68000030517578,52.744998931884766,61308.0
2026-07-24T14:40:00-04:00,52.7400016784668,52.744998931884766,52.60499954223633,52.60499954223633,57956.0
2026-07-24T14:45:00-04:00,52.61000061035156,52.709999084472656,52.60499954223633,52.66999816894531,183998.0
2026-07-24T14:50:00-04:00,52.66999816894531,52.75,52.65999984741211,52.709999084472656,89030.0
2026-07-24T14:55:00-04:00,52.69499969482422,52.71500015258789,52.685001373291016,52.689998626708984,20905.0
2026-07-24T15:00:00-04:00,52.70000076293945,52.73500061035156,52.654998779296875,52.71500015258789,65474.0
2026-07-24T15:05:00-04:00,52.709999084472656,52.71989822387695,52.6349983215332,52.650001525878906,42705.0
2026-07-24T15:10:00-04:00,52.64500045776367,52.6974983215332,52.602298736572266,52.602298736572266,64736.0
2026-07-24T15:15:00-04:00,52.599998474121094,52.619998931884766,52.5099983215332,52.59000015258789,116418.0
2026-07-24T15:20:00-04:00,52.599998474121094,52.60499954223633,52.51969909667969,52.52000045776367,80017.0
2026-07-24T15:25:00-04:00,52.525001525878906,52.56999969482422,52.5,52.564998626708984,100672.0
2026-07-24T15:30:00-04:00,52.55500030517578,52.66999816894531,52.54499816894531,52.65999984741211,127513.0
2026-07-24T15:35:00-04:00,52.650001525878906,52.70000076293945,52.625,52.654998779296875,134315.0
2026-07-24T15:40:00-04:00,52.654998779296875,52.69729995727539,52.63999938964844,52.689998626708984,72947.0
2026-07-24T15:45:00-04:00,52.689998626708984,52.71500015258789,52.625,52.6349983215332,182372.0
2026-07-24T15:50:00-04:00,52.63999938964844,52.654998779296875,52.58000183105469,52.630001068115234,150893.0
2026-07-24T15:55:00-04:00,52.630001068115234,52.630001068115234,52.57500076293945,52.61000061035156,408902.0
2026-07-27T09:30:00-04:00,53.040000915527344,53.130001068115234,52.9900016784668,53.025001525878906,1094033.0
2026-07-27T09:35:00-04:00,53.040000915527344,53.29999923706055,53.029998779296875,53.2400016784668,175106.0
2026-07-27T09:40:00-04:00,53.23500061035156,53.290000915527344,53.189998626708984,53.27000045776367,108817.0
2026-07-27T09:45:00-04:00,53.279998779296875,53.32500076293945,53.189998626708984,53.279998779296875,148729.0
2026-07-27T09:50:00-04:00,53.279998779296875,53.31999969482422,53.16510009765625,53.16510009765625,88794.0
2026-07-27T09:55:00-04:00,53.15999984741211,53.15999984741211,52.81999969482422,52.93000030517578,306473.0
2026-07-27T10:00:00-04:00,52.939998626708984,53.059898376464844,52.851200103759766,53.0,170957.0
2026-07-27T10:05:00-04:00,53.0099983215332,53.04999923706055,52.95009994506836,53.029998779296875,82393.0
2026-07-27T10:10:00-04:00,53.025001525878906,53.03499984741211,52.88999938964844,53.03499984741211,106073.0
2026-07-27T10:15:00-04:00,53.029998779296875,53.064998626708984,52.93009948730469,52.959999084472656,96395.0
2026-07-27T10:20:00-04:00,52.959999084472656,52.974998474121094,52.85499954223633,52.88999938964844,262725.0
2026-07-27T10:25:00-04:00,52.880001068115234,52.900001525878906,52.71500015258789,52.77000045776367,203601.0
2026-07-27T10:30:00-04:00,52.775001525878906,52.79999923706055,52.689998626708984,52.720001220703125,202822.0
2026-07-27T10:35:00-04:00,52.72999954223633,52.84000015258789,52.68000030517578,52.79499816894531,113081.0
2026-07-27T10:40:00-04:00,52.790000915527344,52.81999969482422,52.69499969482422,52.79499816894531,108457.0
2026-07-27T10:45:00-04:00,52.79999923706055,52.935001373291016,52.79999923706055,52.85499954223633,251308.0
2026-07-27T10:50:00-04:00,52.875,52.959999084472656,52.83000183105469,52.93000030517578,86765.0
2026-07-27T10:55:00-04:00,52.93000030517578,53.06999969482422,52.915000915527344,53.04990005493164,143470.0
2026-07-27T11:00:00-04:00,53.040000915527344,53.064998626708984,52.96500015258789,53.064998626708984,129712.0
2026-07-27T11:05:00-04:00,53.060001373291016,53.060001373291016,52.93009948730469,52.940101623535156,164603.0
2026-07-27T11:10:00-04:00,52.935001373291016,53.029998779296875,52.904998779296875,53.0,55459.0
2026-07-27T11:15:00-04:00,53.005001068115234,53.040000915527344,52.95000076293945,53.02000045776367,81083.0
2026-07-27T11:20:00-04:00,53.02000045776367,53.08000183105469,52.96500015258789,52.96500015258789,156987.0
2026-07-27T11:25:00-04:00,52.970001220703125,53.0,52.939998626708984,52.9900016784668,42875.0
2026-07-27T11:30:00-04:00,52.9900016784668,53.01499938964844,52.869998931884766,52.90019989013672,190374.0
2026-07-27T11:35:00-04:00,52.900001525878906,52.95000076293945,52.880001068115234,52.92499923706055,50766.0
2026-07-27T11:40:00-04:00,52.926937103271484,52.959999084472656,52.88999938964844,52.93000030517578,48997.0
2026-07-27T11:45:00-04:00,52.939998626708984,52.95500183105469,52.880001068115234,52.91999816894531,96539.0
2026-07-27T11:50:00-04:00,52.91999816894531,53.005001068115234,52.915000915527344,52.974998474121094,85310.0
2026-07-27T11:55:00-04:00,52.9739990234375,53.02000045776367,52.959999084472656,53.0,50019.0
2026-07-27T12:00:00-04:00,53.005001068115234,53.029998779296875,52.95500183105469,53.02000045776367,53457.0
2026-07-27T12:05:00-04:00,53.0099983215332,53.099998474121094,52.970001220703125,53.095001220703125,102496.0
2026-07-27T12:10:00-04:00,53.095001220703125,53.130001068115234,53.07500076293945,53.11000061035156,169477.0
2026-07-27T12:15:00-04:00,53.1150016784668,53.1150016784668,53.04499816894531,53.08000183105469,48593.0
2026-07-27T12:20:00-04:00,53.06999969482422,53.10499954223633,53.029998779296875,53.04499816894531,49205.0
2026-07-27T12:25:00-04:00,53.04999923706055,53.23500061035156,53.040000915527344,53.189998626708984,191128.0
2026-07-27T12:30:00-04:00,53.189998626708984,53.290000915527344,53.185001373291016,53.290000915527344,196557.0
2026-07-27T12:35:00-04:00,53.28499984741211,53.314998626708984,53.20000076293945,53.20500183105469,93246.0
2026-07-27T12:40:00-04:00,53.209999084472656,53.224998474121094,53.14500045776367,53.16999816894531,35366.0
2026-07-27T12:45:00-04:00,53.18000030517578,53.18000030517578,53.07500076293945,53.084999084472656,37110.0
2026-07-27T12:50:00-04:00,53.08000183105469,53.08000183105469,52.97990036010742,53.005001068115234,63452.0
2026-07-27T12:55:00-04:00,53.0,53.02000045776367,52.95500183105469,53.0099983215332,147844.0
2026-07-27T13:00:00-04:00,53.0099983215332,53.01499938964844,52.84000015258789,52.849998474121094,99681.0
2026-07-27T13:05:00-04:00,52.85499954223633,52.89500045776367,52.845001220703125,52.869998931884766,43704.0
2026-07-27T13:10:00-04:00,52.880001068115234,52.90999984741211,52.779998779296875,52.869998931884766,65050.0
2026-07-27T13:15:00-04:00,52.85340118408203,52.88999938964844,52.80500030517578,52.810001373291016,37735.0
2026-07-27T13:20:00-04:00,52.810001373291016,52.880001068115234,52.790000915527344,52.810001373291016,48508.0
2026-07-27T13:25:00-04:00,52.810001373291016,52.83000183105469,52.76499938964844,52.79999923706055,49130.0
2026-07-27T13:30:00-04:00,52.79999923706055,52.845001220703125,52.79999923706055,52.82500076293945,36009.0
2026-07-27T13:35:00-04:00,52.828800201416016,52.84989929199219,52.775001525878906,52.775001525878906,27755.0
2026-07-27T13:40:00-04:00,52.77009963989258,52.830101013183594,52.77000045776367,52.82099914550781,25713.0
2026-07-27T13:45:00-04:00,52.82500076293945,52.86000061035156,52.79499816894531,52.849998474121094,29132.0
2026-07-27T13:50:00-04:00,52.85499954223633,52.88999938964844,52.845001220703125,52.85499954223633,35345.0
2026-07-27T13:55:00-04:00,52.86000061035156,52.880001068115234,52.849998474121094,52.869998931884766,44822.0
2026-07-27T14:00:00-04:00,52.880001068115234,52.88999938964844,52.82500076293945,52.82500076293945,52081.0
2026-07-27T14:05:00-04:00,52.81999969482422,52.8650016784668,52.81050109863281,52.845001220703125,30906.0
2026-07-27T14:10:00-04:00,52.845001220703125,52.845001220703125,52.73500061035156,52.7400016784668,67462.0
2026-07-27T14:15:00-04:00,52.744998931884766,52.744998931884766,52.630001068115234,52.685001373291016,143634.0
2026-07-27T14:20:00-04:00,52.68000030517578,52.72999954223633,52.65999984741211,52.72010040283203,81077.0
2026-07-27T14:25:00-04:00,52.724998474121094,52.744998931884766,52.720001220703125,52.72949981689453,55788.0
2026-07-27T14:30:00-04:00,52.724998474121094,52.75,52.70000076293945,52.709999084472656,53854.0
2026-07-27T14:35:00-04:00,52.70000076293945,52.724998474121094,52.650001525878906,52.654998779296875,35483.0
2026-07-27T14:40:00-04:00,52.650001525878906,52.779998779296875,52.63999938964844,52.70000076293945,362979.0
2026-07-27T14:45:00-04:00,52.709999084472656,52.709999084472656,52.570098876953125,52.570098876953125,82784.0
2026-07-27T14:50:00-04:00,52.56999969482422,52.744998931884766,52.56990051269531,52.739898681640625,105793.0
2026-07-27T14:55:00-04:00,52.7400016784668,52.77830123901367,52.72999954223633,52.7599983215332,2040637.0
2026-07-27T15:00:00-04:00,52.7599983215332,52.790000915527344,52.73500061035156,52.7400016784668,47376.0
2026-07-27T15:05:00-04:00,52.744998931884766,52.845001220703125,52.70500183105469,52.834999084472656,42816.0
2026-07-27T15:10:00-04:00,52.83000183105469,52.880001068115234,52.810001373291016,52.81999969482422,208921.0
2026-07-27T15:15:00-04:00,52.81999969482422,52.93519973754883,52.810001373291016,52.922000885009766,1274358.0
2026-07-27T15:20:00-04:00,52.935001373291016,53.01499938964844,52.933799743652344,52.970001220703125,71535.0
2026-07-27T15:25:00-04:00,52.97999954223633,52.999698638916016,52.90999984741211,52.970001220703125,133418.0
2026-07-27T15:30:00-04:00,52.974998474121094,53.0099983215332,52.935001373291016,52.98500061035156,407697.0
2026-07-27T15:35:00-04:00,52.97999954223633,53.0,52.939998626708984,52.94499969482422,1395358.0
2026-07-27T15:40:00-04:00,52.95000076293945,52.9900016784668,52.92409896850586,52.95500183105469,99946.0
2026-07-27T15:45:00-04:00,52.95000076293945,53.000099182128906,52.935001373291016,52.9995002746582,107849.0
2026-07-27T15:50:00-04:00,53.0099983215332,53.0099983215332,52.93000030517578,52.959999084472656,0.0
2026-07-27T15:55:00-04:00,52.959999084472656,52.959999084472656,52.915000915527344,52.93000030517578,355946.0
2026-07-28T09:30:00-04:00,51.61000061035156,51.689998626708984,51.54130172729492,51.57500076293945,1485132.0
2026-07-28T09:35:00-04:00,51.58000183105469,51.630001068115234,51.37009811401367,51.3849983215332,433429.0
2026-07-28T09:40:00-04:00,51.3849983215332,51.415000915527344,51.29499816894531,51.38396072387695,300250.0
2026-07-28T09:45:00-04:00,51.38999938964844,51.400001525878906,51.275001525878906,51.349998474121094,218531.0
2026-07-28T09:50:00-04:00,51.349998474121094,51.396400451660156,51.25,51.33000183105469,193248.0
2026-07-28T09:55:00-04:00,51.32624816894531,51.36970138549805,51.25,51.35499954223633,144617.0
2026-07-28T10:00:00-04:00,51.36000061035156,51.5099983215332,51.349998474121094,51.5,271686.0
2026-07-28T10:05:00-04:00,51.5099983215332,51.68000030517578,51.5099983215332,51.619998931884766,256565.0
2026-07-28T10:10:00-04:00,51.619998931884766,51.77000045776367,51.54999923706055,51.560001373291016,159268.0
2026-07-28T10:15:00-04:00,51.564998626708984,51.584999084472656,51.380001068115234,51.38999938964844,193567.0
2026-07-28T10:20:00-04:00,51.38999938964844,51.41999816894531,51.185001373291016,51.40999984741211,315334.0
2026-07-28T10:25:00-04:00,51.400001525878906,51.505001068115234,51.380001068115234,51.5004997253418,90487.0
2026-07-28T10:30:00-04:00,51.4900016784668,51.55500030517578,51.400001525878906,51.404998779296875,117814.0
2026-07-28T10:35:00-04:00,51.404998779296875,51.53499984741211,51.38999938964844,51.43989944458008,97267.0
2026-07-28T10:40:00-04:00,51.41999816894531,51.54999923706055,51.39229965209961,51.505001068115234,59697.0
2026-07-28T10:45:00-04:00,51.505001068115234,51.644775390625,51.47999954223633,51.63999938964844,63798.0
2026-07-28T10:50:00-04:00,51.64500045776367,51.65999984741211,51.54999923706055,51.580101013183594,110422.0
2026-07-28T10:55:00-04:00,51.584999084472656,51.60499954223633,51.505001068115234,51.51499938964844,62565.0
2026-07-28T11:00:00-04:00,51.52000045776367,51.61000061035156,51.459999084472656,51.47999954223633,169727.0
2026-07-28T11:05:00-04:00,51.470001220703125,51.6349983215332,51.43769836425781,51.6349983215332,73274.0
2026-07-28T11:10:00-04:00,51.630001068115234,51.790000915527344,51.62049865722656,51.75,392923.0
2026-07-28T11:15:00-04:00,51.72999954223633,51.81999969482422,51.720001220703125,51.72999954223633,279589.0
2026-07-28T11:20:00-04:00,51.7400016784668,51.849998474121094,51.70500183105469,51.720001220703125,216364.0
2026-07-28T11:25:00-04:00,51.724998474121094,51.79999923706055,51.689998626708984,51.70000076293945,139625.0
2026-07-28T11:30:00-04:00,51.70000076293945,51.744998931884766,51.65999984741211,51.70000076293945,73294.0
2026-07-28T11:35:00-04:00,51.70000076293945,51.810001373291016,51.665000915527344,51.78889846801758,162412.0
2026-07-28T11:40:00-04:00,51.78499984741211,51.8400993347168,51.755001068115234,51.81999969482422,84536.0
2026-07-28T11:45:00-04:00,51.814998626708984,51.85499954223633,51.79999923706055,51.81999969482422,71449.0
2026-07-28T11:50:00-04:00,51.820499420166016,51.900001525878906,51.820098876953125,51.880001068115234,112682.0
2026-07-28T11:55:00-04:00,51.875,51.91999816894531,51.84000015258789,51.915000915527344,39486.0
2026-07-28T12:00:00-04:00,51.91999816894531,51.970001220703125,51.869998931884766,51.88999938964844,103659.0
2026-07-28T12:05:00-04:00,51.880001068115234,51.94499969482422,51.8744010925293,51.915000915527344,63359.0
2026-07-28T12:10:00-04:00,51.915000915527344,52.0,51.890098571777344,51.974998474121094,83941.0
2026-07-28T12:15:00-04:00,51.9900016784668,51.994998931884766,51.935001373291016,51.98500061035156,35881.0
2026-07-28T12:20:00-04:00,51.97999954223633,52.0099983215332,51.904998779296875,51.935001373291016,102555.0
2026-07-28T12:25:00-04:00,51.93000030517578,51.974098205566406,51.900001525878906,51.900001525878906,36320.0
2026-07-28T12:30:00-04:00,51.89500045776367,51.93000030517578,51.875,51.90999984741211,101777.0
2026-07-28T12:35:00-04:00,51.910099029541016,51.93000030517578,51.894630432128906,51.89500045776367,29887.0
2026-07-28T12:40:00-04:00,51.89500045776367,51.90999984741211,51.810001373291016,51.814998626708984,52887.0
2026-07-28T12:45:00-04:00,51.814998626708984,51.82600021362305,51.75,51.79999923706055,59982.0
2026-07-28T12:50:00-04:00,51.80030059814453,51.875,51.79999923706055,51.875,54546.0
2026-07-28T12:55:00-04:00,51.875,51.88010025024414,51.79999923706055,51.80329895019531,51556.0
2026-07-28T13:00:00-04:00,51.810001373291016,51.849998474121094,51.779998779296875,51.82500076293945,100161.0
2026-07-28T13:05:00-04:00,51.81999969482422,51.85530090332031,51.7599983215332,51.76369857788086,67754.0
2026-07-28T13:10:00-04:00,51.75,51.775001525878906,51.7400016784668,51.7599983215332,62366.0
2026-07-28T13:15:00-04:00,51.755001068115234,51.79999923706055,51.73500061035156,51.77000045776367,36294.0
2026-07-28T13:20:00-04:00,51.7599983215332,51.939998626708984,51.75,51.790000915527344,154569.0
2026-07-28T13:25:00-04:00,51.779998779296875,51.86000061035156,51.77000045776367,51.84000015258789,46234.0
2026-07-28T13:30:00-04:00,51.83000183105469,51.845001220703125,51.790000915527344,51.82500076293945,51862.0
2026-07-28T13:35:00-04:00,51.8120002746582,51.83000183105469,51.670101165771484,51.685001373291016,92001.0
2026-07-28T13:40:00-04:00,51.67499923706055,51.689998626708984,51.599998474121094,51.61000061035156,72264.0
2026-07-28T13:45:00-04:00,51.60499954223633,51.63999938964844,51.540000915527344,51.63999938964844,255923.0
2026-07-28T13:50:00-04:00,51.630001068115234,51.63999938964844,51.525001525878906,51.559898376464844,34743.0
2026-07-28T13:55:00-04:00,51.55500030517578,51.61000061035156,51.540000915527344,51.595001220703125,32057.0
2026-07-28T14:00:00-04:00,51.599998474121094,51.6349983215332,51.58000183105469,51.6349983215332,36867.0
2026-07-28T14:05:00-04:00,51.6349983215332,51.650001525878906,51.60499954223633,51.630001068115234,47525.0
2026-07-28T14:10:00-04:00,51.630001068115234,51.640098571777344,51.595001220703125,51.619998931884766,21919.0
2026-07-28T14:15:00-04:00,51.619998931884766,51.685001373291016,51.619998931884766,51.66999816894531,58152.0
2026-07-28T14:20:00-04:00,51.66999816894531,51.68000030517578,51.62459945678711,51.625,26660.0
2026-07-28T14:25:00-04:00,51.630001068115234,51.63999938964844,51.599998474121094,51.6150016784668,71970.0
2026-07-28T14:30:00-04:00,51.61000061035156,51.63999938964844,51.55500030517578,51.58000183105469,48887.0
2026-07-28T14:35:00-04:00,51.584999084472656,51.62630081176758,51.56999969482422,51.619998931884766,33534.0
2026-07-28T14:40:00-04:00,51.625,51.650001525878906,51.61000061035156,51.62543869018555,42927.0
2026-07-28T14:45:00-04:00,51.619998931884766,51.65999984741211,51.6150016784668,51.65999984741211,42835.0
2026-07-28T14:50:00-04:00,51.65999984741211,51.66999816894531,51.619998931884766,51.619998931884766,69439.0
2026-07-28T14:55:00-04:00,51.619998931884766,51.63639831542969,51.58000183105469,51.630001068115234,45874.0
2026-07-28T15:00:00-04:00,51.619998931884766,51.709999084472656,51.619998931884766,51.70500183105469,177198.0
2026-07-28T15:05:00-04:00,51.70500183105469,51.7599983215332,51.685001373291016,51.70100021362305,192320.0
2026-07-28T15:10:00-04:00,51.70000076293945,51.71500015258789,51.674400329589844,51.679901123046875,45460.0
2026-07-28T15:15:00-04:00,51.68000030517578,51.749900817871094,51.68000030517578,51.749900817871094,110493.0
2026-07-28T15:20:00-04:00,51.7400016784668,51.75,51.720001220703125,51.7401008605957,41774.0
2026-07-28T15:25:00-04:00,51.744998931884766,51.744998931884766,51.69499969482422,51.71500015258789,31944.0
2026-07-28T15:30:00-04:00,51.72999954223633,51.790000915527344,51.70000076293945,51.790000915527344,91739.0
2026-07-28T15:35:00-04:00,51.78499984741211,51.78499984741211,51.689998626708984,51.70000076293945,165353.0
2026-07-28T15:40:00-04:00,51.69499969482422,51.739898681640625,51.689998626708984,51.73500061035156,134571.0
2026-07-28T15:45:00-04:00,51.73500061035156,51.76530075073242,51.724998474121094,51.7599983215332,167703.0
2026-07-28T15:50:00-04:00,51.755001068115234,51.7599983215332,51.71009826660156,51.724998474121094,105202.0
2026-07-28T15:55:00-04:00,51.720001220703125,51.724998474121094,51.66999816894531,51.70000076293945,396200.0
2026-07-29T09:30:00-04:00,51.720001220703125,51.7599983215332,51.58000183105469,51.709999084472656,1280820.0
2026-07-29T09:35:00-04:00,51.709999084472656,51.75,51.599998474121094,51.630001068115234,203327.0
2026-07-29T09:40:00-04:00,51.619998931884766,51.665000915527344,51.56999969482422,51.59000015258789,179304.0
2026-07-29T09:45:00-04:00,51.58000183105469,51.599998474121094,51.459999084472656,51.564998626708984,180165.0
2026-07-29T09:50:00-04:00,51.56010055541992,51.564998626708984,51.380001068115234,51.435001373291016,190393.0
2026-07-29T09:55:00-04:00,51.439998626708984,51.5,51.36000061035156,51.48500061035156,132823.0
2026-07-29T10:00:00-04:00,51.4900016784668,51.52009963989258,51.380001068115234,51.47890090942383,180266.0
2026-07-29T10:05:00-04:00,51.4818000793457,51.5099983215332,51.38999938964844,51.44499969482422,152695.0
2026-07-29T10:10:00-04:00,51.43000030517578,51.5,51.36989974975586,51.41510009765625,149373.0
2026-07-29T10:15:00-04:00,51.439998626708984,51.619998931884766,51.40999984741211,51.560001373291016,213209.0
2026-07-29T10:20:00-04:00,51.560001373291016,51.72999954223633,51.560001373291016,51.70000076293945,173733.0
2026-07-29T10:25:00-04:00,51.69990158081055,51.69990158081055,51.57500076293945,51.58000183105469,100042.0
2026-07-29T10:30:00-04:00,51.56999969482422,51.650001525878906,51.54999923706055,51.619998931884766,115328.0
2026-07-29T10:35:00-04:00,51.61000061035156,51.619998931884766,51.5099983215332,51.529998779296875,105218.0
2026-07-29T10:40:00-04:00,51.53499984741211,51.565101623535156,51.369998931884766,51.3942985534668,249009.0
2026-07-29T10:45:00-04:00,51.3849983215332,51.40999984741211,51.27000045776367,51.36669921875,183777.0
2026-07-29T10:50:00-04:00,51.369998931884766,51.505001068115234,51.34989929199219,51.494998931884766,127697.0
2026-07-29T10:55:00-04:00,51.4900016784668,51.51499938964844,51.415000915527344,51.5098991394043,203263.0
2026-07-29T11:00:00-04:00,51.510101318359375,51.54999923706055,51.435001373291016,51.52000045776367,97698.0
2026-07-29T11:05:00-04:00,51.525001525878906,51.57500076293945,51.47999954223633,51.57500076293945,128924.0
2026-07-29T11:10:00-04:00,51.560001373291016,51.560001373291016,51.46989822387695,51.48500061035156,55555.0
2026-07-29T11:15:00-04:00,51.4900016784668,51.525001525878906,51.400001525878906,51.40999984741211,157744.0
2026-07-29T11:20:00-04:00,51.404998779296875,51.54010009765625,51.380001068115234,51.52000045776367,198385.0
2026-07-29T11:25:00-04:00,51.510501861572266,51.560001373291016,51.470001220703125,51.529998779296875,74099.0
2026-07-29T11:30:00-04:00,51.53499984741211,51.59000015258789,51.51300048828125,51.525001525878906,71628.0
2026-07-29T11:35:00-04:00,51.52000045776367,51.58000183105469,51.51499938964844,51.540000915527344,85521.0
2026-07-29T11:40:00-04:00,51.54499816894531,51.54999923706055,51.494998931884766,51.540000915527344,63043.0
2026-07-29T11:45:00-04:00,51.54999923706055,51.57500076293945,51.525001525878906,51.57500076293945,213302.0
2026-07-29T11:50:00-04:00,51.56999969482422,51.58000183105469,51.470001220703125,51.47999954223633,49604.0
2026-07-29T11:55:00-04:00,51.47999954223633,51.505001068115234,51.420101165771484,51.494998931884766,78896.0
2026-07-29T12:00:00-04:00,51.5,51.540000915527344,51.40999984741211,51.41999816894531,80395.0
2026-07-29T12:05:00-04:00,51.42499923706055,51.505001068115234,51.38999938964844,51.49380111694336,122672.0
2026-07-29T12:10:00-04:00,51.494998931884766,51.5,51.345001220703125,51.35639953613281,134675.0
2026-07-29T12:15:00-04:00,51.345001220703125,51.41999816894531,51.33000183105469,51.41999816894531,121707.0
2026-07-29T12:20:00-04:00,51.41999816894531,51.599998474121094,51.415000915527344,51.560001373291016,144045.0
2026-07-29T12:25:00-04:00,51.564998626708984,51.58000183105469,51.519901275634766,51.57500076293945,32468.0
2026-07-29T12:30:00-04:00,51.56999969482422,51.599998474121094,51.52009963989258,51.55500030517578,69077.0
2026-07-29T12:35:00-04:00,51.54999923706055,51.584999084472656,51.53499984741211,51.569000244140625,67742.0
2026-07-29T12:40:00-04:00,51.564998626708984,51.56990051269531,51.540000915527344,51.564998626708984,25968.0
2026-07-29T12:45:00-04:00,51.55500030517578,51.559898376464844,51.52190017700195,51.54499816894531,49031.0
2026-07-29T12:50:00-04:00,51.53499984741211,51.720001220703125,51.53499984741211,51.720001220703125,112192.0
2026-07-29T12:55:00-04:00,51.72999954223633,52.40999984741211,51.72999954223633,52.13990020751953,1032131.0
2026-07-29T13:00:00-04:00,52.13999938964844,52.40999984741211,52.13140106201172,52.30500030517578,270513.0
2026-07-29T13:05:00-04:00,52.310001373291016,52.400001525878906,52.220001220703125,52.220001220703125,183751.0
2026-07-29T13:10:00-04:00,52.22999954223633,52.475399017333984,52.209999084472656,52.345001220703125,160157.0
2026-07-29T13:15:00-04:00,52.349998474121094,52.4900016784668,52.31999969482422,52.42499923706055,130088.0
2026-07-29T13:20:00-04:00,52.42499923706055,52.505001068115234,52.21500015258789,52.2599983215332,363920.0
2026-07-29T13:25:00-04:00,52.2599983215332,52.30500030517578,52.130001068115234,52.15999984741211,156534.0
2026-07-29T13:30:00-04:00,52.150001525878906,52.20000076293945,52.130001068115234,52.165000915527344,95770.0
2026-07-29T13:35:00-04:00,52.150001525878906,52.21500015258789,52.084999084472656,52.19499969482422,77297.0
2026-07-29T13:40:00-04:00,52.20000076293945,52.29499816894531,52.189998626708984,52.2598991394043,113003.0
2026-07-29T13:45:00-04:00,52.279998779296875,52.349998474121094,52.2599983215332,52.349998474121094,39931.0
2026-07-29T13:50:00-04:00,52.349998474121094,52.38999938964844,52.314998626708984,52.36259841918945,109943.0
2026-07-29T13:55:00-04:00,52.36000061035156,52.36000061035156,52.27000045776367,52.331199645996094,98732.0
2026-07-29T14:00:00-04:00,52.33000183105469,53.27000045776367,52.31999969482422,52.834999084472656,1281949.0
2026-07-29T14:05:00-04:00,52.810001373291016,53.0,52.7599983215332,52.81010055541992,285797.0
2026-07-29T14:10:00-04:00,52.81999969482422,52.966400146484375,52.720001220703125,52.89500045776367,217458.0
2026-07-29T14:15:00-04:00,52.900001525878906,52.939998626708984,52.65010070800781,52.66999816894531,194587.0
2026-07-29T14:20:00-04:00,52.670101165771484,52.71500015258789,52.630001068115234,52.63999938964844,88061.0
2026-07-29T14:25:00-04:00,52.630001068115234,52.630001068115234,52.52000045776367,52.58000183105469,222576.0
2026-07-29T14:30:00-04:00,52.63999938964844,52.7400016784668,52.29999923706055,52.48500061035156,536232.0
2026-07-29T14:35:00-04:00,52.494998931884766,52.85499954223633,52.369998931884766,52.82500076293945,300649.0
2026-07-29T14:40:00-04:00,52.82500076293945,53.150001525878906,52.79999923706055,53.04999923706055,359409.0
2026-07-29T14:45:00-04:00,53.03499984741211,53.38999938964844,53.0099983215332,53.349998474121094,358288.0
2026-07-29T14:50:00-04:00,53.35499954223633,53.42499923706055,53.22999954223633,53.380001068115234,490818.0
2026-07-29T14:55:00-04:00,53.380001068115234,53.43989944458008,53.27000045776367,53.369998931884766,309029.0
2026-07-29T15:00:00-04:00,53.369998931884766,53.55500030517578,53.244998931884766,53.27669906616211,476099.0
2026-07-29T15:05:00-04:00,53.290000915527344,53.334999084472656,53.060001373291016,53.09000015258789,369025.0
2026-07-29T15:10:00-04:00,53.082000732421875,53.13999938964844,52.86000061035156,53.130001068115234,1410574.0
2026-07-29T15:15:00-04:00,53.119998931884766,53.255001068115234,53.01190185546875,53.025001525878906,161121.0
2026-07-29T15:20:00-04:00,53.029998779296875,53.029998779296875,52.76499938964844,52.83000183105469,417024.0
2026-07-29T15:25:00-04:00,52.82500076293945,52.85499954223633,52.70500183105469,52.79999923706055,454336.0
2026-07-29T15:30:00-04:00,52.814998626708984,52.875,52.400001525878906,52.58000183105469,421558.0
2026-07-29T15:35:00-04:00,52.58000183105469,52.625,52.369998931884766,52.39400100708008,230841.0
2026-07-29T15:40:00-04:00,52.38999938964844,52.459999084472656,52.290000915527344,52.310001373291016,194206.0
2026-07-29T15:45:00-04:00,52.31999969482422,52.38999938964844,52.13999938964844,52.290000915527344,296597.0
2026-07-29T15:50:00-04:00,52.279998779296875,52.29999923706055,52.040000915527344,52.064998626708984,336525.0
2026-07-29T15:55:00-04:00,52.060001373291016,52.060001373291016,51.72999954223633,51.72999954223633,802982.0
2026-07-30T09:30:00-04:00,52.349998474121094,52.375,52.22999954223633,52.2400016784668,1620352.0
2026-07-30T09:35:00-04:00,52.2400016784668,52.68000030517578,52.20500183105469,52.55500030517578,530517.0
2026-07-30T09:40:00-04:00,52.56999969482422,52.6150016784668,52.43000030517578,52.439998626708984,266077.0
2026-07-30T09:45:00-04:00,52.45000076293945,52.665000915527344,52.349998474121094,52.560001373291016,294530.0
2026-07-30T09:50:00-04:00,52.564998626708984,52.744998931884766,52.525001525878906,52.720001220703125,321611.0
2026-07-30T09:55:00-04:00,52.720001220703125,52.89500045776367,52.70000076293945,52.880001068115234,332448.0
2026-07-30T10:00:00-04:00,52.869998931884766,52.974998474121094,52.81999969482422,52.82500076293945,364734.0
2026-07-30T10:05:00-04:00,52.81999969482422,52.834999084472656,52.47999954223633,52.560001373291016,314694.0
2026-07-30T10:10:00-04:00,52.54999923706055,52.595001220703125,52.5,52.540000915527344,180525.0
2026-07-30T10:15:00-04:00,52.52000045776367,52.57809829711914,52.39500045776367,52.43000030517578,453567.0
2026-07-30T10:20:00-04:00,52.43000030517578,52.619998931884766,52.380001068115234,52.435001373291016,265852.0
2026-07-30T10:25:00-04:00,52.420101165771484,52.5276985168457,52.34000015258789,52.5276985168457,163985.0
2026-07-30T10:30:00-04:00,52.529998779296875,52.6349983215332,52.5,52.59000015258789,141967.0
2026-07-30T10:35:00-04:00,52.584999084472656,52.75,52.577701568603516,52.72999954223633,142756.0
2026-07-30T10:40:00-04:00,52.72999954223633,52.814998626708984,52.720001220703125,52.78499984741211,230367.0
2026-07-30T10:45:00-04:00,52.790000915527344,52.80500030517578,52.61000061035156,52.63999938964844,145222.0
2026-07-30T10:50:00-04:00,52.6349983215332,52.67499923706055,52.560001373291016,52.61000061035156,80843.0
2026-07-30T10:55:00-04:00,52.61000061035156,52.705501556396484,52.560001373291016,52.705501556396484,128308.0
2026-07-30T11:00:00-04:00,52.70000076293945,52.744998931884766,52.650001525878906,52.71009826660156,107703.0
2026-07-30T11:05:00-04:00,52.709999084472656,52.71500015258789,52.56999969482422,52.63999938964844,148745.0
2026-07-30T11:10:00-04:00,52.630001068115234,52.630001068115234,52.45500183105469,52.505001068115234,157997.0
2026-07-30T11:15:00-04:00,52.48500061035156,52.81999969482422,52.47999954223633,52.80500030517578,106689.0
2026-07-30T11:20:00-04:00,52.809898376464844,52.880001068115234,52.724998474121094,52.755001068115234,86024.0
2026-07-30T11:25:00-04:00,52.7599983215332,52.80500030517578,52.70000076293945,52.76250076293945,38229.0
2026-07-30T11:30:00-04:00,52.76499938964844,52.859901428222656,52.69990158081055,52.849998474121094,127894.0
2026-07-30T11:35:00-04:00,52.84000015258789,52.85499954223633,52.76499938964844,52.814998626708984,142392.0
2026-07-30T11:40:00-04:00,52.810001373291016,52.939998626708984,52.810001373291016,52.900001525878906,86812.0
2026-07-30T11:45:00-04:00,52.904998779296875,52.970001220703125,52.875,52.93000030517578,100865.0
2026-07-30T11:50:00-04:00,52.92179870605469,52.935001373291016,52.880001068115234,52.93000030517578,82061.0
2026-07-30T11:55:00-04:00,52.935001373291016,52.9900016784668,52.93000030517578,52.94499969482422,101272.0
2026-07-30T12:00:00-04:00,52.95000076293945,53.244998931884766,52.95000076293945,53.2400016784668,279692.0
2026-07-30T12:05:00-04:00,53.2400016784668,53.2400016784668,53.09000015258789,53.104576110839844,230725.0
2026-07-30T12:10:00-04:00,53.084999084472656,53.189998626708984,53.04999923706055,53.154998779296875,133574.0
2026-07-30T12:15:00-04:00,53.154998779296875,53.25,53.119998931884766,53.20000076293945,128644.0
2026-07-30T12:20:00-04:00,53.185001373291016,53.277198791503906,53.14500045776367,53.2599983215332,111221.0
2026-07-30T12:25:00-04:00,53.26499938964844,53.26499938964844,53.15999984741211,53.17499923706055,127379.0
2026-07-30T12:30:00-04:00,53.18000030517578,53.185001373291016,53.10499954223633,53.11389923095703,96653.0
2026-07-30T12:35:00-04:00,53.125,53.15999984741211,53.04499816894531,53.064998626708984,63825.0
2026-07-30T12:40:00-04:00,53.07500076293945,53.11000061035156,52.994998931884766,52.994998931884766,114287.0
2026-07-30T12:45:00-04:00,52.994998931884766,53.01499938964844,52.94499969482422,53.005001068115234,98000.0
2026-07-30T12:50:00-04:00,53.01499938964844,53.01499938964844,52.92499923706055,52.95500183105469,106308.0
2026-07-30T12:55:00-04:00,52.95989990234375,53.064998626708984,52.95500183105469,53.064998626708984,83609.0
2026-07-30T13:00:00-04:00,53.064998626708984,53.07500076293945,52.994998931884766,53.0099983215332,106325.0
2026-07-30T13:05:00-04:00,53.005001068115234,53.025001525878906,52.96500015258789,52.974998474121094,61410.0
2026-07-30T13:10:00-04:00,52.98500061035156,53.01499938964844,52.93000030517578,52.939998626708984,121720.0
2026-07-30T13:15:00-04:00,52.939998626708984,53.025001525878906,52.900001525878906,53.0177001953125,56771.0
2026-07-30T13:20:00-04:00,53.02000045776367,53.150001525878906,53.02000045776367,53.1349983215332,138226.0
2026-07-30T13:25:00-04:00,53.1349983215332,53.1349983215332,52.9900016784668,53.02000045776367,80824.0
2026-07-30T13:30:00-04:00,53.029998779296875,53.060001373291016,53.00199890136719,53.005001068115234,64922.0
2026-07-30T13:35:00-04:00,53.0099983215332,53.19499969482422,52.994998931884766,53.084999084472656,111632.0
2026-07-30T13:40:00-04:00,53.09000015258789,53.165000915527344,53.09000015258789,53.154998779296875,82014.0
2026-07-30T13:45:00-04:00,53.15999984741211,53.19990158081055,53.10499954223633,53.10499954223633,66161.0
2026-07-30T13:50:00-04:00,53.099998474121094,53.130001068115234,53.07500076293945,53.08000183105469,52772.0
2026-07-30T13:55:00-04:00,53.07500076293945,53.099998474121094,53.04999923706055,53.095001220703125,53939.0
2026-07-30T14:00:00-04:00,53.099998474121094,53.165000915527344,53.09000015258789,53.1349983215332,49671.0
2026-07-30T14:05:00-04:00,53.13010025024414,53.21500015258789,53.119998931884766,53.185001373291016,77365.0
2026-07-30T14:10:00-04:00,53.185001373291016,53.244998931884766,53.15999984741211,53.2400016784668,102756.0
2026-07-30T14:15:00-04:00,53.23500061035156,53.2400016784668,53.18000030517578,53.185001373291016,68670.0
2026-07-30T14:20:00-04:00,53.18000030517578,53.21500015258789,53.150001525878906,53.160099029541016,115397.0
2026-07-30T14:25:00-04:00,53.165000915527344,53.21500015258789,53.13010025024414,53.189998626708984,50540.0
2026-07-30T14:30:00-04:00,53.20000076293945,53.310001373291016,53.18000030517578,53.290000915527344,81678.0
2026-07-30T14:35:00-04:00,53.28499984741211,53.290000915527344,53.20000076293945,53.20500183105469,67348.0
2026-07-30T14:40:00-04:00,53.20000076293945,53.22999954223633,53.189998626708984,53.22999954223633,92628.0
2026-07-30T14:45:00-04:00,53.224998474121094,53.2400016784668,53.154998779296875,53.154998779296875,474912.0
2026-07-30T14:50:00-04:00,53.1599006652832,53.20000076293945,53.1599006652832,53.165000915527344,153865.0
2026-07-30T14:55:00-04:00,53.16999816894531,53.20000076293945,53.154998779296875,53.17879867553711,73417.0
2026-07-30T15:00:00-04:00,53.16999816894531,53.29499816894531,53.15999984741211,53.290000915527344,209518.0
2026-07-30T15:05:00-04:00,53.29499816894531,53.34000015258789,53.279998779296875,53.334999084472656,157019.0
2026-07-30T15:10:00-04:00,53.34000015258789,53.38999938964844,53.314998626708984,53.3650016784668,199289.0
2026-07-30T15:15:00-04:00,53.369998931884766,53.54999923706055,53.314998626708984,53.47010040283203,223244.0
2026-07-30T15:20:00-04:00,53.470001220703125,53.494998931884766,53.435001373291016,53.494998931884766,253201.0
2026-07-30T15:25:00-04:00,53.4900016784668,53.54999923706055,53.470001220703125,53.489898681640625,185882.0
2026-07-30T15:30:00-04:00,53.47999954223633,53.54999923706055,53.470001220703125,53.540000915527344,185786.0
2026-07-30T15:35:00-04:00,53.540000915527344,53.54499816894531,53.415000915527344,53.44499969482422,195618.0
2026-07-30T15:40:00-04:00,53.45000076293945,53.5,53.442298889160156,53.46500015258789,161224.0
2026-07-30T15:45:00-04:00,53.46500015258789,53.5,53.46500015258789,53.494998931884766,178479.0
2026-07-30T15:50:00-04:00,53.4900016784668,53.5098991394043,53.459999084472656,53.48500061035156,1279214.0
2026-07-30T15:55:00-04:00,53.47999954223633,53.52000045776367,53.47999954223633,53.494998931884766,974747.0
2026-07-31T09:30:00-04:00,51.95000076293945,51.98500061035156,51.790000915527344,51.82500076293945,1737286.0
2026-07-31T09:35:00-04:00,51.81999969482422,51.8650016784668,51.63999938964844,51.665000915527344,366465.0
2026-07-31T09:40:00-04:00,51.66999816894531,51.70000076293945,51.584999084472656,51.67499923706055,339515.0
2026-07-31T09:45:00-04:00,51.66999816894531,51.70000076293945,51.6150016784668,51.67499923706055,245402.0
2026-07-31T09:50:00-04:00,51.66999816894531,51.779998779296875,51.63999938964844,51.76499938964844,225962.0
2026-07-31T09:55:00-04:00,51.7599983215332,51.84000015258789,51.689998626708984,51.689998626708984,162636.0
2026-07-31T10:00:00-04:00,51.689998626708984,51.849998474121094,51.685001373291016,51.80500030517578,240305.0
2026-07-31T10:05:00-04:00,51.810001373291016,51.810001373291016,51.540000915527344,51.60499954223633,327520.0
2026-07-31T10:10:00-04:00,51.61000061035156,51.720001220703125,51.59000015258789,51.718101501464844,158614.0
2026-07-31T10:15:00-04:00,51.724998474121094,51.81999969482422,51.65999984741211,51.775001525878906,199489.0
2026-07-31T10:20:00-04:00,51.77000045776367,51.8849983215332,51.7400016784668,51.84000015258789,224824.0
2026-07-31T10:25:00-04:00,51.84809875488281,51.900001525878906,51.810001373291016,51.84000015258789,161234.0
2026-07-31T10:30:00-04:00,51.84000015258789,51.915000915527344,51.80500030517578,51.8849983215332,160597.0
2026-07-31T10:35:00-04:00,51.8849983215332,51.959999084472656,51.880001068115234,51.936100006103516,125632.0
2026-07-31T10:40:00-04:00,51.939998626708984,51.959999084472656,51.88999938964844,51.939998626708984,85016.0
2026-07-31T10:45:00-04:00,51.939998626708984,52.119998931884766,51.939998626708984,52.084999084472656,193759.0
2026-07-31T10:50:00-04:00,52.084999084472656,52.14500045776367,52.025001525878906,52.04499816894531,191861.0
2026-07-31T10:55:00-04:00,52.04499816894531,52.084999084472656,51.97999954223633,51.98500061035156,269559.0
2026-07-31T11:00:00-04:00,51.9900016784668,52.0099983215332,51.89509963989258,51.935001373291016,99869.0
2026-07-31T11:05:00-04:00,51.935001373291016,52.06999969482422,51.92190170288086,52.0099983215332,185119.0
2026-07-31T11:10:00-04:00,52.005001068115234,52.04499816894531,51.93000030517578,52.029998779296875,108431.0
2026-07-31T11:15:00-04:00,52.02000045776367,52.141700744628906,51.95000076293945,52.0,113270.0
2026-07-31T11:20:00-04:00,52.0,52.029998779296875,51.8849983215332,51.904998779296875,129585.0
2026-07-31T11:25:00-04:00,51.900001525878906,51.935001373291016,51.814998626708984,51.84000015258789,88018.0
2026-07-31T11:30:00-04:00,51.84000015258789,51.8849983215332,51.744998931884766,51.810001373291016,109274.0
2026-07-31T11:35:00-04:00,51.810001373291016,51.95000076293945,51.790000915527344,51.935001373291016,169323.0
2026-07-31T11:40:00-04:00,51.939998626708984,51.9650993347168,51.8849983215332,51.902198791503906,79504.0
2026-07-31T11:45:00-04:00,51.904998779296875,51.91999816894531,51.84000015258789,51.8650016784668,84715.0
2026-07-31T11:50:00-04:00,51.8650016784668,51.97999954223633,51.849998474121094,51.97999954223633,57795.0
2026-07-31T11:55:00-04:00,51.9900016784668,51.994998931884766,51.939998626708984,51.95500183105469,53070.0
2026-07-31T12:00:00-04:00,51.95000076293945,51.970001220703125,51.915000915527344,51.93000030517578,41921.0
2026-07-31T12:05:00-04:00,51.92509841918945,51.935001373291016,51.83190155029297,51.91999816894531,67420.0
2026-07-31T12:10:00-04:00,51.90999984741211,51.95000076293945,51.89500045776367,51.91899871826172,62796.0
2026-07-31T12:15:00-04:00,51.91999816894531,51.935001373291016,51.86000061035156,51.91999816894531,37680.0
2026-07-31T12:20:00-04:00,51.92499923706055,52.005001068115234,51.915000915527344,51.9900016784668,67924.0
2026-07-31T12:25:00-04:00,51.9901008605957,52.005001068115234,51.935001373291016,51.98500061035156,84217.0
2026-07-31T12:30:00-04:00,51.9900016784668,52.06999969482422,51.96500015258789,52.06230163574219,87145.0
2026-07-31T12:35:00-04:00,52.06650161743164,52.095001220703125,52.029998779296875,52.040000915527344,116400.0
2026-07-31T12:40:00-04:00,52.03499984741211,52.057701110839844,51.915000915527344,51.92190170288086,81592.0
2026-07-31T12:45:00-04:00,51.90999984741211,51.95989990234375,51.90999984741211,51.94499969482422,39388.0
2026-07-31T12:50:00-04:00,51.94499969482422,51.9900016784668,51.939998626708984,51.942501068115234,77492.0
2026-07-31T12:55:00-04:00,51.95000076293945,51.974998474121094,51.939998626708984,51.94499969482422,41039.0
2026-07-31T13:00:00-04:00,51.95000076293945,51.9900016784668,51.904998779296875,51.915000915527344,57748.0
2026-07-31T13:05:00-04:00,51.915000915527344,51.95000076293945,51.880001068115234,51.89508819580078,47137.0
2026-07-31T13:10:00-04:00,51.89670181274414,52.01499938964844,51.884498596191406,52.01499938964844,46696.0
2026-07-31T13:15:00-04:00,52.01499938964844,52.07809829711914,51.9900016784668,52.06999969482422,63939.0
2026-07-31T13:20:00-04:00,52.07500076293945,52.09000015258789,52.005001068115234,52.08000183105469,77357.0
2026-07-31T13:25:00-04:00,52.06999969482422,52.26499938964844,52.03990173339844,52.214698791503906,205312.0
2026-07-31T13:30:00-04:00,52.209999084472656,52.33000183105469,52.189998626708984,52.19414520263672,130713.0
2026-07-31T13:35:00-04:00,52.19710159301758,52.27000045776367,52.185001373291016,52.224998474121094,95344.0
2026-07-31T13:40:00-04:00,52.23500061035156,52.27000045776367,52.190101623535156,52.255001068115234,89743.0
2026-07-31T13:45:00-04:00,52.255001068115234,52.30500030517578,52.21500015258789,52.275001525878906,47948.0
2026-07-31T13:50:00-04:00,52.27000045776367,52.349998474121094,52.26499938964844,52.29499816894531,63730.0
2026-07-31T13:55:00-04:00,52.28010177612305,52.339900970458984,52.279998779296875,52.30500030517578,70865.0
2026-07-31T14:00:00-04:00,52.310001373291016,52.349998474121094,52.279998779296875,52.290000915527344,36358.0
2026-07-31T14:05:00-04:00,52.27000045776367,52.29999923706055,52.23500061035156,52.27000045776367,31045.0
2026-07-31T14:10:00-04:00,52.27510070800781,52.27989959716797,52.22999954223633,52.25,44421.0
2026-07-31T14:15:00-04:00,52.25,52.2599983215332,52.220001220703125,52.255001068115234,63502.0
2026-07-31T14:20:00-04:00,52.250099182128906,52.32500076293945,52.23500061035156,52.32500076293945,73243.0
2026-07-31T14:25:00-04:00,52.32500076293945,52.33000183105469,52.27000045776367,52.290000915527344,89746.0
2026-07-31T14:30:00-04:00,52.29499816894531,52.31999969482422,52.25,52.2599983215332,191753.0
2026-07-31T14:35:00-04:00,52.26499938964844,52.34989929199219,52.2400016784668,52.334999084472656,72040.0
2026-07-31T14:40:00-04:00,52.34510040283203,52.349998474121094,52.310001373291016,52.310001373291016,41201.0
2026-07-31T14:45:00-04:00,52.314998626708984,52.33810043334961,52.28499984741211,52.33000183105469,42304.0
2026-07-31T14:50:00-04:00,52.33000183105469,52.369998931884766,52.31999969482422,52.36000061035156,32597.0
2026-07-31T14:55:00-04:00,52.36000061035156,52.3650016784668,52.33000183105469,52.35649871826172,55234.0
2026-07-31T15:00:00-04:00,52.36000061035156,52.415000915527344,52.29999923706055,52.314998626708984,60258.0
2026-07-31T15:05:00-04:00,52.310001373291016,52.34000015258789,52.29499816894531,52.33000183105469,39885.0
2026-07-31T15:10:00-04:00,52.334999084472656,52.345001220703125,52.310001373291016,52.34000015258789,28658.0
2026-07-31T15:15:00-04:00,52.345001220703125,52.3849983215332,52.32133483886719,52.380001068115234,41123.0
2026-07-31T15:20:00-04:00,52.3849983215332,52.39509963989258,52.36000061035156,52.3650016784668,75885.0
2026-07-31T15:25:00-04:00,52.3650016784668,52.400001525878906,52.359901428222656,52.375,54751.0
2026-07-31T15:30:00-04:00,52.375,52.3849983215332,52.330101013183594,52.358001708984375,84245.0
2026-07-31T15:35:00-04:00,52.36000061035156,52.369998931884766,52.279998779296875,52.29499816894531,129201.0
2026-07-31T15:40:00-04:00,52.29499816894531,52.380001068115234,52.2599983215332,52.375,379760.0
2026-07-31T15:45:00-04:00,52.369998931884766,52.40999984741211,52.349998474121094,52.38999938964844,166923.0
2026-07-31T15:50:00-04:00,52.38999938964844,52.39500045776367,52.33000183105469,52.3650016784668,194508.0
2026-07-31T15:55:00-04:00,52.369998931884766,52.404998779296875,52.33000183105469,52.369998931884766,586113.0
2026-08-03T09:30:00-04:00,51.25,51.29999923706055,51.13050079345703,51.189998626708984,1885588.0
2026-08-03T09:35:00-04:00,51.189998626708984,51.310001373291016,51.119998931884766,51.2599983215332,362761.0
2026-08-03T09:40:00-04:00,51.27000045776367,51.48500061035156,51.25,51.42499923706055,314928.0
2026-08-03T09:45:00-04:00,51.439998626708984,51.52000045776367,51.369998931884766,51.3849983215332,205993.0
2026-08-03T09:50:00-04:00,51.38999938964844,51.53810119628906,51.3650016784668,51.4900016784668,139896.0
2026-08-03T09:55:00-04:00,51.4900016784668,51.67959976196289,51.4900016784668,51.638301849365234,169901.0
2026-08-03T10:00:00-04:00,51.630001068115234,51.720001220703125,51.54499816894531,51.630001068115234,289837.0
2026-08-03T10:05:00-04:00,51.625,51.70000076293945,51.584999084472656,51.61000061035156,114979.0
2026-08-03T10:10:00-04:00,51.60499954223633,51.779998779296875,51.59619903564453,51.7400016784668,120761.0
2026-08-03T10:15:00-04:00,51.73500061035156,51.75,51.665000915527344,51.685001373291016,138016.0
2026-08-03T10:20:00-04:00,51.68000030517578,51.73500061035156,51.65999984741211,51.68000030517578,91386.0
2026-08-03T10:25:00-04:00,51.68000030517578,51.709999084472656,51.599998474121094,51.60499954223633,93322.0
2026-08-03T10:30:00-04:00,51.60499954223633,51.64500045776367,51.58000183105469,51.638099670410156,100433.0
2026-08-03T10:35:00-04:00,51.6349983215332,51.69770050048828,51.59000015258789,51.599998474121094,107286.0
2026-08-03T10:40:00-04:00,51.6078987121582,51.775001525878906,51.595001220703125,51.75,277699.0
2026-08-03T10:45:00-04:00,51.744998931884766,51.7599983215332,51.63999938964844,51.69499969482422,87984.0
2026-08-03T10:50:00-04:00,51.69599914550781,51.790000915527344,51.685001373291016,51.76499938964844,143472.0
2026-08-03T10:55:00-04:00,51.77510070800781,51.83000183105469,51.755001068115234,51.80009841918945,129588.0
2026-08-03T11:00:00-04:00,51.80550003051758,51.84000015258789,51.7400016784668,51.76499938964844,65530.0
2026-08-03T11:05:00-04:00,51.76499938964844,51.95500183105469,51.70000076293945,51.905399322509766,181663.0
2026-08-03T11:10:00-04:00,51.90999984741211,51.92499923706055,51.81999969482422,51.86000061035156,76855.0
2026-08-03T11:15:00-04:00,51.86000061035156,51.93000030517578,51.834999084472656,51.8849983215332,78954.0
2026-08-03T11:20:00-04:00,51.89500045776367,51.90999984741211,51.845001220703125,51.88999938964844,197429.0
2026-08-03T11:25:00-04:00,51.880001068115234,51.88999938964844,51.685001373291016,51.744998931884766,267582.0
2026-08-03T11:30:00-04:00,51.744998931884766,51.755001068115234,51.65999984741211,51.75,66257.0
2026-08-03T11:35:00-04:00,51.72999954223633,51.834999084472656,51.71189880371094,51.81999969482422,142409.0
2026-08-03T11:40:00-04:00,51.82500076293945,51.89500045776367,51.814998626708984,51.86000061035156,67657.0
2026-08-03T11:45:00-04:00,51.86000061035156,51.974998474121094,51.86000061035156,51.94329833984375,135987.0
2026-08-03T11:50:00-04:00,51.939998626708984,51.97999954223633,51.935001373291016,51.959999084472656,55367.0
2026-08-03T11:55:00-04:00,51.95000076293945,51.95000076293945,51.8849983215332,51.91999816894531,114568.0
2026-08-03T12:00:00-04:00,51.93000030517578,51.959999084472656,51.90999984741211,51.92499923706055,83948.0
2026-08-03T12:05:00-04:00,51.93000030517578,51.935001373291016,51.855098724365234,51.855098724365234,66484.0
2026-08-03T12:10:00-04:00,51.8650016784668,51.915000915527344,51.86000061035156,51.904998779296875,49653.0
2026-08-03T12:15:00-04:00,51.904998779296875,51.95000076293945,51.88999938964844,51.904998779296875,50738.0
2026-08-03T12:20:00-04:00,51.915000915527344,51.96500015258789,51.8849983215332,51.95500183105469,93118.0
2026-08-03T12:25:00-04:00,51.95500183105469,52.0,51.90999984741211,51.94499969482422,113811.0
2026-08-03T12:30:00-04:00,51.94499969482422,52.064998626708984,51.935001373291016,52.064998626708984,110609.0
2026-08-03T12:35:00-04:00,52.060001373291016,52.185001373291016,52.04999923706055,52.064998626708984,194051.0
2026-08-03T12:40:00-04:00,52.06999969482422,52.11000061035156,52.060001373291016,52.094200134277344,56946.0
2026-08-03T12:45:00-04:00,52.095001220703125,52.13999938964844,52.060001373291016,52.125,54124.0
2026-08-03T12:50:00-04:00,52.125,52.209999084472656,52.1150016784668,52.12030029296875,99442.0
2026-08-03T12:55:00-04:00,52.125,52.150001525878906,52.10499954223633,52.1150016784668,51271.0
2026-08-03T13:00:00-04:00,52.119998931884766,52.14500045776367,52.01490020751953,52.040000915527344,116607.0
2026-08-03T13:05:00-04:00,52.03499984741211,52.084999084472656,52.01499938964844,52.07500076293945,52431.0
2026-08-03T13:10:00-04:00,52.08000183105469,52.09189987182617,52.04779815673828,52.09189987182617,70897.0
2026-08-03T13:15:00-04:00,52.095001220703125,52.209999084472656,52.095001220703125,52.14500045776367,43054.0
2026-08-03T13:20:00-04:00,52.150001525878906,52.17499923706055,52.06999969482422,52.13999938964844,97403.0
2026-08-03T13:25:00-04:00,52.13999938964844,52.16999816894531,52.095001220703125,52.11000061035156,40233.0
2026-08-03T13:30:00-04:00,52.11000061035156,52.150001525878906,52.11000061035156,52.13800048828125,40501.0
2026-08-03T13:35:00-04:00,52.130001068115234,52.23500061035156,52.1150016784668,52.21500015258789,58376.0
2026-08-03T13:40:00-04:00,52.20000076293945,52.209999084472656,52.16469955444336,52.209999084472656,33635.0
2026-08-03T13:45:00-04:00,52.209999084472656,52.21500015258789,52.1349983215332,52.14500045776367,35716.0
2026-08-03T13:50:00-04:00,52.13999938964844,52.150001525878906,52.09000015258789,52.10499954223633,77108.0
2026-08-03T13:55:00-04:00,52.10499954223633,52.125,52.084999084472656,52.08810043334961,62776.0
2026-08-03T14:00:00-04:00,52.09000015258789,52.125,52.064998626708984,52.125,64102.0
2026-08-03T14:05:00-04:00,52.130001068115234,52.29999923706055,52.125,52.290000915527344,143034.0
2026-08-03T14:10:00-04:00,52.29499816894531,52.34000015258789,52.2401008605957,52.25,154101.0
2026-08-03T14:15:00-04:00,52.255001068115234,52.314998626708984,52.25,52.27360153198242,66596.0
2026-08-03T14:20:00-04:00,52.26100158691406,52.32500076293945,52.250099182128906,52.29999923706055,42958.0
2026-08-03T14:25:00-04:00,52.29499816894531,52.33000183105469,52.279998779296875,52.30500030517578,37471.0
2026-08-03T14:30:00-04:00,52.310001373291016,52.36000061035156,52.29999923706055,52.310001373291016,96037.0
2026-08-03T14:35:00-04:00,52.314998626708984,52.33000183105469,52.290000915527344,52.310001373291016,56687.0
2026-08-03T14:40:00-04:00,52.310001373291016,52.345001220703125,52.275001525878906,52.3400993347168,248771.0
2026-08-03T14:45:00-04:00,52.34000015258789,52.35499954223633,52.30500030517578,52.35499954223633,34273.0
2026-08-03T14:50:00-04:00,52.35100173950195,52.35499954223633,52.33000183105469,52.345001220703125,34980.0
2026-08-03T14:55:00-04:00,52.345001220703125,52.3650016784668,52.314998626708984,52.34000015258789,55816.0
2026-08-03T15:00:00-04:00,52.345001220703125,52.45000076293945,52.34000015258789,52.439998626708984,110778.0
2026-08-03T15:05:00-04:00,52.43000030517578,52.459999084472656,52.369998931884766,52.404998779296875,199382.0
2026-08-03T15:10:00-04:00,52.400001525878906,52.470001220703125,52.38999938964844,52.44499969482422,171850.0
2026-08-03T15:15:00-04:00,52.44499969482422,52.48970031738281,52.435001373291016,52.46500015258789,89795.0
2026-08-03T15:20:00-04:00,52.46500015258789,52.599998474121094,52.46500015258789,52.584999084472656,179613.0
2026-08-03T15:25:00-04:00,52.59000015258789,52.60499954223633,52.525001525878906,52.53499984741211,174808.0
2026-08-03T15:30:00-04:00,52.53499984741211,52.58000183105469,52.53499984741211,52.57500076293945,96061.0
2026-08-03T15:35:00-04:00,52.58000183105469,52.619998931884766,52.529998779296875,52.53499984741211,193666.0
2026-08-03T15:40:00-04:00,52.529998779296875,52.54999923706055,52.48500061035156,52.51499938964844,262076.0
2026-08-03T15:45:00-04:00,52.51499938964844,52.56999969482422,52.5,52.52000045776367,165832.0
2026-08-03T15:50:00-04:00,52.529998779296875,52.540000915527344,52.470001220703125,52.4900016784668,285629.0
2026-08-03T15:55:00-04:00,52.4900016784668,52.494998931884766,52.439998626708984,52.470001220703125,548695.0
2026-08-04T09:30:00-04:00,53.970001220703125,54.0994987487793,53.86000061035156,54.080101013183594,1855528.0
2026-08-04T09:35:00-04:00,54.09000015258789,54.17499923706055,54.03499984741211,54.13999938964844,594102.0
2026-08-04T09:40:00-04:00,54.14569854736328,54.224998474121094,53.970001220703125,53.970001220703125,343140.0
2026-08-04T09:45:00-04:00,53.974998474121094,54.064998626708984,53.93000030517578,54.025001525878906,367640.0
2026-08-04T09:50:00-04:00,54.029998779296875,54.119998931884766,54.0,54.01499938964844,422211.0
2026-08-04T09:55:00-04:00,54.01499938964844,54.02000045776367,53.91999816894531,53.939998626708984,166874.0
2026-08-04T10:00:00-04:00,53.939998626708984,54.025001525878906,53.849998474121094,53.95500183105469,265455.0
2026-08-04T10:05:00-04:00,53.959999084472656,54.005001068115234,53.90999984741211,53.974998474121094,124228.0
2026-08-04T10:10:00-04:00,53.970001220703125,54.084999084472656,53.970001220703125,54.06999969482422,204222.0
2026-08-04T10:15:00-04:00,54.08000183105469,54.10499954223633,53.814998626708984,53.834999084472656,198075.0
2026-08-04T10:20:00-04:00,53.845001220703125,53.849998474121094,53.77000045776367,53.79999923706055,161195.0
2026-08-04T10:25:00-04:00,53.790000915527344,53.875,53.75,53.79499816894531,96213.0
2026-08-04T10:30:00-04:00,53.79499816894531,53.79520034790039,53.65999984741211,53.66999816894531,218591.0
2026-08-04T10:35:00-04:00,53.66999816894531,53.77000045776367,53.58000183105469,53.689998626708984,380884.0
2026-08-04T10:40:00-04:00,53.689998626708984,53.72010040283203,53.61000061035156,53.685001373291016,147621.0
2026-08-04T10:45:00-04:00,53.685001373291016,53.72809982299805,53.63999938964844,53.724998474121094,102103.0
2026-08-04T10:50:00-04:00,53.72719955444336,53.81999969482422,53.72719955444336,53.79999923706055,88621.0
2026-08-04T10:55:00-04:00,53.79999923706055,53.814998626708984,53.74100112915039,53.79999923706055,83431.0
2026-08-04T11:00:00-04:00,53.80500030517578,53.8650016784668,53.779998779296875,53.84000015258789,74770.0
2026-08-04T11:05:00-04:00,53.834999084472656,53.8650016784668,53.7599983215332,53.8650016784668,104485.0
2026-08-04T11:10:00-04:00,53.86000061035156,53.86000061035156,53.79999923706055,53.79999923706055,138399.0
2026-08-04T11:15:00-04:00,53.79999923706055,53.82500076293945,53.67499923706055,53.69499969482422,129566.0
2026-08-04T11:20:00-04:00,53.689998626708984,53.70000076293945,53.6150016784668,53.65999984741211,79649.0
2026-08-04T11:25:00-04:00,53.66809844970703,53.685001373291016,53.61000061035156,53.685001373291016,97583.0
2026-08-04T11:30:00-04:00,53.685001373291016,53.7400016784668,53.66999816894531,53.689998626708984,75420.0
2026-08-04T11:35:00-04:00,53.69770050048828,53.899898529052734,53.689998626708984,53.869998931884766,204263.0
2026-08-04T11:40:00-04:00,53.880001068115234,53.94020080566406,53.880001068115234,53.935001373291016,156048.0
2026-08-04T11:45:00-04:00,53.95000076293945,53.95800018310547,53.89500045776367,53.92499923706055,57881.0
2026-08-04T11:50:00-04:00,53.935001373291016,54.03499984741211,53.92879867553711,54.0099983215332,125830.0
2026-08-04T11:55:00-04:00,54.019901275634766,54.03499984741211,53.959999084472656,53.96500015258789,62972.0
2026-08-04T12:00:00-04:00,53.97999954223633,54.025001525878906,53.96500015258789,53.97119903564453,206338.0
2026-08-04T12:05:00-04:00,53.970001220703125,53.99810028076172,53.95500183105469,53.9900016784668,43871.0
2026-08-04T12:10:00-04:00,53.98500061035156,53.9900016784668,53.91999816894531,53.939998626708984,60451.0
2026-08-04T12:15:00-04:00,53.939998626708984,53.940101623535156,53.880001068115234,53.88140106201172,97705.0
2026-08-04T12:20:00-04:00,53.89400100708008,54.084999084472656,53.88999938964844,54.079898834228516,82422.0
2026-08-04T12:25:00-04:00,54.089900970458984,54.13999938964844,54.04050064086914,54.04999923706055,106075.0
2026-08-04T12:30:00-04:00,54.05500030517578,54.08000183105469,54.03499984741211,54.03499984741211,66401.0
2026-08-04T12:35:00-04:00,54.03499984741211,54.060001373291016,53.994998931884766,54.0099983215332,89189.0
2026-08-04T12:40:00-04:00,54.0,54.09000015258789,53.994998931884766,54.09000015258789,70450.0
2026-08-04T12:45:00-04:00,54.08000183105469,54.119998931884766,54.060001373291016,54.095001220703125,201950.0
2026-08-04T12:50:00-04:00,54.095001220703125,54.13999938964844,54.060001373291016,54.08000183105469,58941.0
2026-08-04T12:55:00-04:00,54.06999969482422,54.09000015258789,54.04999923706055,54.07500076293945,47151.0
2026-08-04T13:00:00-04:00,54.06999969482422,54.15999984741211,54.025001525878906,54.15999984741211,135084.0
2026-08-04T13:05:00-04:00,54.16999816894531,54.2400016784668,54.16450119018555,54.18000030517578,459088.0
2026-08-04T13:10:00-04:00,54.18000030517578,54.20500183105469,54.154998779296875,54.19990158081055,131022.0
2026-08-04T13:15:00-04:00,54.20000076293945,54.22999954223633,54.141998291015625,54.15999984741211,102283.0
2026-08-04T13:20:00-04:00,54.16999816894531,54.275001525878906,54.165000915527344,54.244998931884766,220546.0
2026-08-04T13:25:00-04:00,54.23500061035156,54.244998931884766,54.1150016784668,54.119998931884766,130365.0
2026-08-04T13:30:00-04:00,54.11600112915039,54.130001068115234,54.06129837036133,54.130001068115234,60585.0
2026-08-04T13:35:00-04:00,54.13999938964844,54.154998779296875,54.119998931884766,54.13999938964844,71618.0
2026-08-04T13:40:00-04:00,54.14500045776367,54.20000076293945,54.14500045776367,54.165000915527344,111180.0
2026-08-04T13:45:00-04:00,54.16999816894531,54.17499923706055,54.04999923706055,54.064998626708984,275605.0
2026-08-04T13:50:00-04:00,54.064998626708984,54.07500076293945,54.029998779296875,54.04949951171875,77981.0
2026-08-04T13:55:00-04:00,54.04499816894531,54.095001220703125,54.029998779296875,54.04499816894531,78120.0
2026-08-04T14:00:00-04:00,54.040000915527344,54.05500030517578,54.0,54.01499938964844,83595.0
2026-08-04T14:05:00-04:00,54.01810073852539,54.04999923706055,53.959999084472656,53.97999954223633,113517.0
2026-08-04T14:10:00-04:00,53.9900016784668,54.0099983215332,53.949798583984375,54.0,70550.0
2026-08-04T14:15:00-04:00,53.994998931884766,54.02000045776367,53.959999084472656,53.974998474121094,152821.0
2026-08-04T14:20:00-04:00,53.974998474121094,54.04999923706055,53.97010040283203,53.97999954223633,138998.0
2026-08-04T14:25:00-04:00,53.98500061035156,54.0099983215332,53.970001220703125,53.974998474121094,74387.0
2026-08-04T14:30:00-04:00,53.974998474121094,54.0,53.915000915527344,53.915000915527344,116533.0
2026-08-04T14:35:00-04:00,53.904998779296875,53.91999816894531,53.81999969482422,53.8213996887207,154178.0
2026-08-04T14:40:00-04:00,53.83000183105469,53.86000061035156,53.80500030517578,53.84000015258789,112466.0
2026-08-04T14:45:00-04:00,53.845001220703125,53.93000030517578,53.84000015258789,53.92110061645508,82772.0
2026-08-04T14:50:00-04:00,53.91999816894531,53.95500183105469,53.90999984741211,53.90999984741211,75114.0
2026-08-04T14:55:00-04:00,53.91999816894531,53.94499969482422,53.86000061035156,53.875,50784.0
2026-08-04T15:00:00-04:00,53.880001068115234,53.904998779296875,53.851898193359375,53.851898193359375,56480.0
2026-08-04T15:05:00-04:00,53.85499954223633,53.95000076293945,53.849998474121094,53.95000076293945,80209.0
2026-08-04T15:10:00-04:00,53.94499969482422,53.94499969482422,53.880001068115234,53.8849983215332,61542.0
2026-08-04T15:15:00-04:00,53.88999938964844,53.974998474121094,53.88999938964844,53.959999084472656,80159.0
2026-08-04T15:20:00-04:00,53.959999084472656,53.959999084472656,53.869998931884766,53.869998931884766,150957.0
2026-08-04T15:25:00-04:00,53.875,53.880001068115234,53.834999084472656,53.875,168763.0
2026-08-04T15:30:00-04:00,53.880001068115234,53.89500045776367,53.845001220703125,53.89500045776367,200361.0
2026-08-04T15:35:00-04:00,53.89500045776367,53.904998779296875,53.849998474121094,53.89500045776367,106323.0
2026-08-04T15:40:00-04:00,53.89500045776367,53.970001220703125,53.8927001953125,53.929500579833984,192876.0
2026-08-04T15:45:00-04:00,53.92499923706055,53.948699951171875,53.869998931884766,53.89500045776367,162737.0
2026-08-04T15:50:00-04:00,53.900001525878906,53.900001525878906,53.814998626708984,53.82500076293945,231542.0
2026-08-04T15:55:00-04:00,53.82500076293945,53.869998931884766,53.790000915527344,53.83000183105469,717863.0
2026-08-05T09:30:00-04:00,56.099998474121094,56.130001068115234,56.0099983215332,56.025001525878906,3379111.0
2026-08-05T09:35:00-04:00,56.02000045776367,56.15999984741211,55.880001068115234,56.064998626708984,865080.0
2026-08-05T09:40:00-04:00,56.06999969482422,56.1349983215332,56.0099983215332,56.08000183105469,382971.0
2026-08-05T09:45:00-04:00,56.09000015258789,56.099998474121094,55.941200256347656,55.99359893798828,390767.0
2026-08-05T09:50:00-04:00,55.994998931884766,56.244998931884766,55.904998779296875,56.244998931884766,485375.0
2026-08-05T09:55:00-04:00,56.2401008605957,56.375,56.220001220703125,56.36989974975586,292220.0
2026-08-05T10:00:00-04:00,56.36000061035156,56.4900016784668,56.29999923706055,56.45500183105469,477371.0
2026-08-05T10:05:00-04:00,56.45500183105469,56.66999816894531,56.45000076293945,56.61000061035156,600343.0
2026-08-05T10:10:00-04:00,56.619998931884766,56.744998931884766,56.4900016784668,56.52000045776367,509120.0
2026-08-05T10:15:00-04:00,56.5099983215332,56.62799835205078,56.45500183105469,56.58000183105469,381370.0
2026-08-05T10:20:00-04:00,56.58000183105469,56.597999572753906,56.40449905395508,56.40449905395508,320749.0
2026-08-05T10:25:00-04:00,56.40999984741211,56.509498596191406,56.38999938964844,56.43000030517578,333771.0
2026-08-05T10:30:00-04:00,56.41999816894531,56.459999084472656,56.224998474121094,56.26499938964844,399207.0
2026-08-05T10:35:00-04:00,56.27000045776367,56.36000061035156,56.22999954223633,56.25,401473.0
2026-08-05T10:40:00-04:00,56.2599983215332,56.48500061035156,56.220001220703125,56.470001220703125,219634.0
2026-08-05T10:45:00-04:00,56.470001220703125,56.5099983215332,56.375,56.44820022583008,305310.0
2026-08-05T10:50:00-04:00,56.459999084472656,56.470001220703125,56.150001525878906,56.26499938964844,352727.0
2026-08-05T10:55:00-04:00,56.26499938964844,56.3849983215332,56.19499969482422,56.275001525878906,147630.0
2026-08-05T11:00:00-04:00,56.279998779296875,56.52000045776367,56.2599983215332,56.43000030517578,252722.0
2026-08-05T11:05:00-04:00,56.435001373291016,56.45000076293945,56.31999969482422,56.40999984741211,206559.0
2026-08-05T11:10:00-04:00,56.400001525878906,56.4900016784668,56.3849983215332,56.439998626708984,188320.0
2026-08-05T11:15:00-04:00,56.44499969482422,56.44499969482422,56.25,56.40999984741211,308759.0
2026-08-05T11:20:00-04:00,56.40999984741211,56.5099983215332,56.400001525878906,56.47999954223633,214885.0
2026-08-05T11:25:00-04:00,56.474998474121094,56.59000015258789,56.41999816894531,56.43000030517578,288281.0
2026-08-05T11:30:00-04:00,56.43000030517578,56.4817008972168,56.39500045776367,56.400001525878906,173773.0
2026-08-05T11:35:00-04:00,56.39500045776367,56.529998779296875,56.38999938964844,56.49760055541992,233105.0
2026-08-05T11:40:00-04:00,56.494998931884766,56.49530029296875,56.31999969482422,56.36989974975586,173168.0
2026-08-05T11:45:00-04:00,56.3650016784668,56.3650016784668,56.130001068115234,56.15719985961914,222752.0
2026-08-05T11:50:00-04:00,56.15409851074219,56.1786994934082,55.939998626708984,56.029998779296875,352575.0
2026-08-05T11:55:00-04:00,56.029998779296875,56.029998779296875,55.84000015258789,55.94499969482422,289339.0
2026-08-05T12:00:00-04:00,55.939998626708984,56.0,55.79999923706055,55.86000061035156,226140.0
2026-08-05T12:05:00-04:00,55.86000061035156,55.95000076293945,55.845001220703125,55.94499969482422,231344.0
2026-08-05T12:10:00-04:00,55.939998626708984,55.94499969482422,55.849998474121094,55.93000030517578,126377.0
2026-08-05T12:15:00-04:00,55.92499923706055,55.9900016784668,55.8650016784668,55.8650016784668,162561.0
2026-08-05T12:20:00-04:00,55.880001068115234,56.07500076293945,55.873748779296875,56.06010055541992,244504.0
2026-08-05T12:25:00-04:00,56.064998626708984,56.18000030517578,56.064998626708984,56.17499923706055,178488.0
2026-08-05T12:30:00-04:00,56.189998626708984,56.220001220703125,56.095001220703125,56.165000915527344,151798.0
2026-08-05T12:35:00-04:00,56.15999984741211,56.2599983215332,56.130001068115234,56.220001220703125,171580.0
2026-08-05T12:40:00-04:00,56.224998474121094,56.25,56.180999755859375,56.180999755859375,118120.0
2026-08-05T12:45:00-04:00,56.18000030517578,56.20500183105469,56.119998931884766,56.14189910888672,87216.0
2026-08-05T12:50:00-04:00,56.150001525878906,56.18000030517578,56.130001068115234,56.154998779296875,63446.0
2026-08-05T12:55:00-04:00,56.15999984741211,56.16999816894531,56.064998626708984,56.1150016784668,88586.0
2026-08-05T13:00:00-04:00,56.11000061035156,56.119998931884766,56.0,56.03499984741211,111481.0
2026-08-05T13:05:00-04:00,56.04499816894531,56.119998931884766,56.04499816894531,56.095001220703125,144025.0
2026-08-05T13:10:00-04:00,56.09000015258789,56.099998474121094,56.02000045776367,56.060001373291016,109349.0
2026-08-05T13:15:00-04:00,56.05500030517578,56.099998474121094,56.01499938964844,56.028099060058594,116278.0
2026-08-05T13:20:00-04:00,56.025001525878906,56.11000061035156,55.96500015258789,56.11000061035156,439069.0
2026-08-05T13:25:00-04:00,56.099998474121094,56.137699127197266,56.02000045776367,56.119998931884766,117483.0
2026-08-05T13:30:00-04:00,56.11000061035156,56.20000076293945,56.060001373291016,56.20000076293945,193119.0
2026-08-05T13:35:00-04:00,56.19499969482422,56.23500061035156,56.189701080322266,56.224998474121094,121438.0
2026-08-05T13:40:00-04:00,56.224998474121094,56.244998931884766,56.18000030517578,56.185001373291016,181350.0
2026-08-05T13:45:00-04:00,56.18000030517578,56.255001068115234,56.150001525878906,56.209999084472656,122293.0
2026-08-05T13:50:00-04:00,56.21500015258789,56.25,56.19499969482422,56.19900131225586,115534.0
2026-08-05T13:55:00-04:00,56.19499969482422,56.255001068115234,56.19499969482422,56.201900482177734,152661.0
2026-08-05T14:00:00-04:00,56.20000076293945,56.255001068115234,56.13999938964844,56.185001373291016,128554.0
2026-08-05T14:05:00-04:00,56.185001373291016,56.2400016784668,56.165000915527344,56.18000030517578,98107.0
2026-08-05T14:10:00-04:00,56.188499450683594,56.224998474121094,56.14500045776367,56.14500045776367,73136.0
2026-08-05T14:15:00-04:00,56.14500045776367,56.189998626708984,56.13999938964844,56.185001373291016,70274.0
2026-08-05T14:20:00-04:00,56.185001373291016,56.38999938964844,56.185001373291016,56.29999923706055,259495.0
2026-08-05T14:25:00-04:00,56.30500030517578,56.34000015258789,56.29999923706055,56.314998626708984,151974.0
2026-08-05T14:30:00-04:00,56.31999969482422,56.32500076293945,56.1869010925293,56.189998626708984,234369.0
2026-08-05T14:35:00-04:00,56.19499969482422,56.25809860229492,56.18880081176758,56.239898681640625,155604.0
2026-08-05T14:40:00-04:00,56.22999954223633,56.29499816894531,56.220001220703125,56.22999954223633,121278.0
2026-08-05T14:45:00-04:00,56.23899841308594,56.27000045776367,56.224998474121094,56.26499938964844,104238.0
2026-08-05T14:50:00-04:00,56.27000045776367,56.33000183105469,56.27000045776367,56.29499816894531,94268.0
2026-08-05T14:55:00-04:00,56.29499816894531,56.33000183105469,56.23500061035156,56.244998931884766,186586.0
2026-08-05T15:00:00-04:00,56.25,56.32500076293945,56.22999954223633,56.31999969482422,130520.0
2026-08-05T15:05:00-04:00,56.310001373291016,56.33000183105469,56.255001068115234,56.275901794433594,67807.0
2026-08-05T15:10:00-04:00,56.27000045776367,56.310001373291016,56.2400016784668,56.290000915527344,137705.0
2026-08-05T15:15:00-04:00,56.290000915527344,56.290000915527344,56.18000030517578,56.1963996887207,137244.0
2026-08-05T15:20:00-04:00,56.20000076293945,56.25,56.18000030517578,56.2400016784668,132753.0
2026-08-05T15:25:00-04:00,56.24190139770508,56.27000045776367,56.154998779296875,56.154998779296875,122489.0
2026-08-05T15:30:00-04:00,56.15999984741211,56.16999816894531,56.04999923706055,56.06999969482422,224675.0
2026-08-05T15:35:00-04:00,56.06999969482422,56.099998474121094,56.03499984741211,56.04499816894531,187306.0
2026-08-05T15:40:00-04:00,56.04499816894531,56.1150016784668,56.040000915527344,56.09000015258789,248555.0
2026-08-05T15:45:00-04:00,56.095001220703125,56.11000061035156,56.07500076293945,56.11000061035156,210340.0
2026-08-05T15:50:00-04:00,56.11000061035156,56.150001525878906,56.09000015258789,56.09989929199219,305474.0
2026-08-05T15:55:00-04:00,56.099998474121094,56.13999938964844,56.04999923706055,56.04999923706055,542167.0
2026-08-06T09:30:00-04:00,55.459999084472656,55.560001373291016,55.43000030517578,55.540000915527344,1767890.0
2026-08-06T09:35:00-04:00,55.540000915527344,55.720001220703125,55.540000915527344,55.6150016784668,400187.0
2026-08-06T09:40:00-04:00,55.619998931884766,55.849998474121094,55.61040115356445,55.77000045776367,266511.0
2026-08-06T09:45:00-04:00,55.77000045776367,55.77000045776367,55.59000015258789,55.63999938964844,283279.0
2026-08-06T09:50:00-04:00,55.64950180053711,55.70000076293945,55.625,55.66999816894531,160641.0
2026-08-06T09:55:00-04:00,55.68000030517578,55.73500061035156,55.6150016784668,55.67499923706055,268816.0
2026-08-06T10:00:00-04:00,55.689998626708984,55.7400016784668,55.630001068115234,55.66999816894531,239326.0
2026-08-06T10:05:00-04:00,55.68000030517578,55.73500061035156,55.619998931884766,55.650001525878906,181533.0
2026-08-06T10:10:00-04:00,55.66999816894531,55.79859924316406,55.630001068115234,55.65999984741211,314007.0
2026-08-06T10:15:00-04:00,55.65190124511719,55.71500015258789,55.579898834228516,55.689998626708984,116246.0
2026-08-06T10:20:00-04:00,55.689998626708984,55.699501037597656,55.570098876953125,55.584999084472656,122185.0
2026-08-06T10:25:00-04:00,55.59000015258789,55.6510009765625,55.52009963989258,55.61000061035156,204818.0
2026-08-06T10:30:00-04:00,55.599998474121094,55.75,55.599998474121094,55.70989990234375,124367.0
2026-08-06T10:35:00-04:00,55.70500183105469,55.79999923706055,55.67499923706055,55.685001373291016,120160.0
2026-08-06T10:40:00-04:00,55.685001373291016,55.80500030517578,55.68299865722656,55.790000915527344,88651.0
2026-08-06T10:45:00-04:00,55.78879928588867,55.79999923706055,55.619998931884766,55.625,110800.0
2026-08-06T10:50:00-04:00,55.625,55.68000030517578,55.58000183105469,55.67499923706055,95676.0
2026-08-06T10:55:00-04:00,55.66999816894531,55.73500061035156,55.6357421875,55.73500061035156,94259.0
2026-08-06T11:00:00-04:00,55.7400016784668,55.75,55.63999938964844,55.69499969482422,99184.0
2026-08-06T11:05:00-04:00,55.70000076293945,55.755001068115234,55.66999816894531,55.689998626708984,96523.0
2026-08-06T11:10:00-04:00,55.68000030517578,55.70500183105469,55.59000015258789,55.6349983215332,99498.0
2026-08-06T11:15:00-04:00,55.630001068115234,55.630001068115234,55.369998931884766,55.400001525878906,299013.0
2026-08-06T11:20:00-04:00,55.404998779296875,55.459999084472656,55.28499984741211,55.41999816894531,257394.0
2026-08-06T11:25:00-04:00,55.43000030517578,55.529998779296875,55.400001525878906,55.474998474121094,114892.0
2026-08-06T11:30:00-04:00,55.470001220703125,55.47999954223633,55.34000015258789,55.345001220703125,103615.0
2026-08-06T11:35:00-04:00,55.34000015258789,55.39500045776367,55.29999923706055,55.39500045776367,142411.0
2026-08-06T11:40:00-04:00,55.38999938964844,55.41999816894531,55.340999603271484,55.3849983215332,470651.0
2026-08-06T11:45:00-04:00,55.3849983215332,55.404998779296875,55.334999084472656,55.3849983215332,135059.0
2026-08-06T11:50:00-04:00,55.399898529052734,55.435001373291016,55.165000915527344,55.18000030517578,176387.0
2026-08-06T11:55:00-04:00,55.16999816894531,55.290000915527344,55.09000015258789,55.189998626708984,220158.0
2026-08-06T12:00:00-04:00,55.19499969482422,55.30500030517578,55.18000030517578,55.27000045776367,155851.0
2026-08-06T12:05:00-04:00,55.28990173339844,55.34769821166992,55.25,55.345001220703125,75546.0
2026-08-06T12:10:00-04:00,55.345001220703125,55.369998931884766,55.17190170288086,55.209999084472656,67427.0
2026-08-06T12:15:00-04:00,55.209999084472656,55.209999084472656,55.0,55.05500030517578,273086.0
2026-08-06T12:20:00-04:00,55.05839920043945,55.10499954223633,55.0099983215332,55.04499816894531,135009.0
2026-08-06T12:25:00-04:00,55.04999923706055,55.12950134277344,55.0,55.125,124057.0
2026-08-06T12:30:00-04:00,55.125,55.20000076293945,55.125,55.185001373291016,50752.0
2026-08-06T12:35:00-04:00,55.20000076293945,55.298099517822266,55.20000076293945,55.28499984741211,78532.0
2026-08-06T12:40:00-04:00,55.28499984741211,55.29999923706055,55.22999954223633,55.28499984741211,40527.0
2026-08-06T12:45:00-04:00,55.290000915527344,55.334999084472656,55.2599983215332,55.32500076293945,69096.0
2026-08-06T12:50:00-04:00,55.33000183105469,55.380001068115234,55.32500076293945,55.375,55954.0
2026-08-06T12:55:00-04:00,55.37099838256836,55.45800018310547,55.369998931884766,55.43000030517578,36936.0
2026-08-06T13:00:00-04:00,55.43000030517578,55.4900016784668,55.43000030517578,55.44499969482422,79464.0
2026-08-06T13:05:00-04:00,55.45000076293945,55.489898681640625,55.41999816894531,55.47999954223633,89426.0
2026-08-06T13:10:00-04:00,55.47999954223633,55.494998931884766,55.41999816894531,55.42499923706055,77257.0
2026-08-06T13:15:00-04:00,55.42499923706055,55.48500061035156,55.400001525878906,55.47999954223633,61004.0
2026-08-06T13:20:00-04:00,55.47990036010742,55.494998931884766,55.41999816894531,55.44020080566406,81334.0
2026-08-06T13:25:00-04:00,55.45500183105469,55.4900016784668,55.40999984741211,55.40999984741211,119013.0
2026-08-06T13:30:00-04:00,55.41999816894531,55.45759963989258,55.39500045776367,55.404998779296875,57628.0
2026-08-06T13:35:00-04:00,55.40999984741211,55.435001373291016,55.369998931884766,55.40999984741211,32473.0
2026-08-06T13:40:00-04:00,55.41999816894531,55.439998626708984,55.400001525878906,55.43000030517578,35725.0
2026-08-06T13:45:00-04:00,55.42499923706055,55.4900016784668,55.40999984741211,55.48500061035156,37647.0
2026-08-06T13:50:00-04:00,55.48500061035156,55.599998474121094,55.48500061035156,55.560001373291016,74568.0
2026-08-06T13:55:00-04:00,55.56990051269531,55.56999969482422,55.529998779296875,55.55500030517578,45112.0
2026-08-06T14:00:00-04:00,55.560001373291016,55.56999969482422,55.5,55.529998779296875,29990.0
2026-08-06T14:05:00-04:00,55.53499984741211,55.58000183105469,55.529998779296875,55.58000183105469,36877.0
2026-08-06T14:10:00-04:00,55.57500076293945,55.60499954223633,55.540000915527344,55.54819869995117,79748.0
2026-08-06T14:15:00-04:00,55.54499816894531,55.61000061035156,55.529998779296875,55.5890007019043,251148.0
2026-08-06T14:20:00-04:00,55.584999084472656,55.630001068115234,55.56999969482422,55.61000061035156,45756.0
2026-08-06T14:25:00-04:00,55.61000061035156,55.625,55.57500076293945,55.57500076293945,80705.0
2026-08-06T14:30:00-04:00,55.58000183105469,55.61000061035156,55.52000045776367,55.540000915527344,46472.0
2026-08-06T14:35:00-04:00,55.560001373291016,55.6150016784668,55.529998779296875,55.584999084472656,124004.0
2026-08-06T14:40:00-04:00,55.584999084472656,55.5994987487793,55.529998779296875,55.564998626708984,99568.0
2026-08-06T14:45:00-04:00,55.560001373291016,55.630001068115234,55.560001373291016,55.630001068115234,30136.0
2026-08-06T14:50:00-04:00,55.630001068115234,55.637699127197266,55.564998626708984,55.57229995727539,90534.0
2026-08-06T14:55:00-04:00,55.57500076293945,55.59000015258789,55.54499816894531,55.58000183105469,46574.0
2026-08-06T15:00:00-04:00,55.58660125732422,55.75,55.58660125732422,55.7400016784668,92927.0
2026-08-06T15:05:00-04:00,55.72999954223633,55.78499984741211,55.720001220703125,55.77119827270508,107860.0
2026-08-06T15:10:00-04:00,55.775001525878906,55.845001220703125,55.76499938964844,55.76499938964844,104640.0
2026-08-06T15:15:00-04:00,55.76499938964844,55.790000915527344,55.73500061035156,55.73500061035156,80921.0
2026-08-06T15:20:00-04:00,55.7400016784668,55.779998779296875,55.630001068115234,55.63999938964844,89409.0
2026-08-06T15:25:00-04:00,55.63999938964844,55.689998626708984,55.57500076293945,55.60499954223633,168898.0
2026-08-06T15:30:00-04:00,55.599998474121094,55.650001525878906,55.58000183105469,55.650001525878906,96043.0
2026-08-06T15:35:00-04:00,55.650001525878906,55.689998626708984,55.625,55.6349983215332,120415.0
2026-08-06T15:40:00-04:00,55.6349983215332,55.6349983215332,55.54499816894531,55.56999969482422,105852.0
2026-08-06T15:45:00-04:00,55.57500076293945,55.67499923706055,55.56999969482422,55.67100143432617,115167.0
2026-08-06T15:50:00-04:00,55.66999816894531,55.880001068115234,55.665000915527344,55.83000183105469,415561.0
2026-08-06T15:55:00-04:00,55.82500076293945,55.869998931884766,55.77000045776367,55.849998474121094,682324.0
2026-08-07T09:30:00-04:00,57.999000549316406,58.04999923706055,57.775001525878906,57.875,4185854.0
2026-08-07T09:35:00-04:00,57.869998931884766,58.18000030517578,57.86000061035156,58.1150016784668,470139.0
2026-08-07T09:40:00-04:00,58.130001068115234,58.1781005859375,58.04999923706055,58.09000015258789,562274.0
2026-08-07T09:45:00-04:00,58.099998474121094,58.17499923706055,57.974998474121094,57.994998931884766,423911.0
2026-08-07T09:50:00-04:00,57.994998931884766,58.09000015258789,57.970001220703125,58.04499816894531,280263.0
2026-08-07T09:55:00-04:00,58.040000915527344,58.064998626708984,57.619998931884766,57.76499938964844,373499.0
2026-08-07T10:00:00-04:00,57.77000045776367,57.78499984741211,57.459999084472656,57.462398529052734,444888.0
2026-08-07T10:05:00-04:00,57.470001220703125,57.529998779296875,57.404998779296875,57.48500061035156,256836.0
2026-08-07T10:10:00-04:00,57.494998931884766,57.57500076293945,57.220001220703125,57.400001525878906,387024.0
2026-08-07T10:15:00-04:00,57.404998779296875,57.658199310302734,57.22999954223633,57.63999938964844,283707.0
2026-08-07T10:20:00-04:00,57.6349983215332,57.709999084472656,57.60499954223633,57.68000030517578,249050.0
2026-08-07T10:25:00-04:00,57.66999816894531,57.68000030517578,57.56010055541992,57.625,207690.0
2026-08-07T10:30:00-04:00,57.630001068115234,57.65999984741211,57.471900939941406,57.59000015258789,164103.0
2026-08-07T10:35:00-04:00,57.599998474121094,57.665000915527344,57.529998779296875,57.540000915527344,252754.0
2026-08-07T10:40:00-04:00,57.53499984741211,57.67879867553711,57.4900016784668,57.510501861572266,141518.0
2026-08-07T10:45:00-04:00,57.52000045776367,57.57899856567383,57.33000183105469,57.375,186497.0
2026-08-07T10:50:00-04:00,57.38010025024414,57.54999923706055,57.38010025024414,57.439998626708984,165169.0
2026-08-07T10:55:00-04:00,57.43000030517578,57.46989822387695,57.25,57.269901275634766,207962.0
2026-08-07T11:00:00-04:00,57.290000915527344,57.525001525878906,57.2599983215332,57.474998474121094,180285.0
2026-08-07T11:05:00-04:00,57.46839904785156,57.62950134277344,57.46839904785156,57.560001373291016,118158.0
2026-08-07T11:10:00-04:00,57.560001373291016,57.6349983215332,57.494998931884766,57.60350036621094,95231.0
2026-08-07T11:15:00-04:00,57.595001220703125,57.599998474121094,57.4900016784668,57.51100158691406,255336.0
2026-08-07T11:20:00-04:00,57.505001068115234,57.56999969482422,57.47999954223633,57.525001525878906,154701.0
2026-08-07T11:25:00-04:00,57.53499984741211,57.54990005493164,57.3849983215332,57.3849983215332,151646.0
2026-08-07T11:30:00-04:00,57.369998931884766,57.41999816894531,57.275001525878906,57.39030075073242,124021.0
2026-08-07T11:35:00-04:00,57.404998779296875,57.474998474121094,57.39500045776367,57.404998779296875,85708.0
2026-08-07T11:40:00-04:00,57.404998779296875,57.435001373291016,57.29999923706055,57.33000183105469,101435.0
2026-08-07T11:45:00-04:00,57.334999084472656,57.38999938964844,57.32500076293945,57.38990020751953,78057.0
2026-08-07T11:50:00-04:00,57.3849983215332,57.400001525878906,57.20399856567383,57.28499984741211,142418.0
2026-08-07T11:55:00-04:00,57.279998779296875,57.310001373291016,57.220001220703125,57.243900299072266,118078.0
2026-08-07T12:00:00-04:00,57.244998931884766,57.2599983215332,57.125,57.2599983215332,201226.0
2026-08-07T12:05:00-04:00,57.2599983215332,57.45000076293945,57.2599983215332,57.415000915527344,145805.0
2026-08-07T12:10:00-04:00,57.419498443603516,57.44499969482422,57.35499954223633,57.40999984741211,363357.0
2026-08-07T12:15:00-04:00,57.40999984741211,57.43000030517578,57.279998779296875,57.279998779296875,106414.0
2026-08-07T12:20:00-04:00,57.269901275634766,57.459999084472656,57.20000076293945,57.209999084472656,245411.0
2026-08-07T12:25:00-04:00,57.21500015258789,57.25,57.15999984741211,57.2400016784668,87992.0
2026-08-07T12:30:00-04:00,57.2400016784668,57.2400016784668,57.099998474121094,57.2244987487793,139331.0
2026-08-07T12:35:00-04:00,57.224998474121094,57.244998931884766,57.16999816894531,57.19990158081055,78434.0
2026-08-07T12:40:00-04:00,57.19499969482422,57.22999954223633,57.16999816894531,57.209999084472656,59016.0
2026-08-07T12:45:00-04:00,57.20500183105469,57.2599983215332,57.13999938964844,57.19499969482422,96870.0
2026-08-07T12:50:00-04:00,57.18989944458008,57.19499969482422,57.060001373291016,57.08000183105469,82599.0
2026-08-07T12:55:00-04:00,57.084999084472656,57.08810043334961,57.02000045776367,57.04999923706055,121592.0
2026-08-07T13:00:00-04:00,57.040000915527344,57.10499954223633,56.9900016784668,57.09000015258789,152435.0
2026-08-07T13:05:00-04:00,57.095001220703125,57.209999084472656,57.084999084472656,57.14500045776367,109668.0
2026-08-07T13:10:00-04:00,57.14500045776367,57.16999816894531,57.09000015258789,57.125,127043.0
2026-08-07T13:15:00-04:00,57.119998931884766,57.130001068115234,57.06340026855469,57.095001220703125,90256.0
2026-08-07T13:20:00-04:00,57.08639907836914,57.220001220703125,57.05500030517578,57.20500183105469,123580.0
2026-08-07T13:25:00-04:00,57.209999084472656,57.2599983215332,57.169898986816406,57.209999084472656,144808.0
2026-08-07T13:30:00-04:00,57.220001220703125,57.2599983215332,57.10499954223633,57.154998779296875,182119.0
2026-08-07T13:35:00-04:00,57.150001525878906,57.20000076293945,57.06999969482422,57.189998626708984,153430.0
2026-08-07T13:40:00-04:00,57.189998626708984,57.290000915527344,57.189998626708984,57.2400016784668,126155.0
2026-08-07T13:45:00-04:00,57.2400016784668,57.2599983215332,57.20500183105469,57.2400016784668,123384.0
2026-08-07T13:50:00-04:00,57.244998931884766,57.31999969482422,57.244998931884766,57.28499984741211,172592.0
2026-08-07T13:55:00-04:00,57.29499816894531,57.31999969482422,57.25,57.255001068115234,137037.0
2026-08-07T14:00:00-04:00,57.255001068115234,57.2599983215332,57.220001220703125,57.244998931884766,98321.0
2026-08-07T14:05:00-04:00,57.244998931884766,57.314998626708984,57.244998931884766,57.28499984741211,104841.0
2026-08-07T14:10:00-04:00,57.28499984741211,57.30500030517578,57.10499954223633,57.125,103392.0
2026-08-07T14:15:00-04:00,57.130001068115234,57.17499923706055,57.119998931884766,57.14500045776367,154597.0
2026-08-07T14:20:00-04:00,57.14500045776367,57.15999984741211,57.08000183105469,57.11000061035156,121242.0
2026-08-07T14:25:00-04:00,57.109901428222656,57.15999984741211,57.09000015258789,57.11000061035156,102875.0
2026-08-07T14:30:00-04:00,57.119998931884766,57.25,57.119998931884766,57.220001220703125,111864.0
2026-08-07T14:35:00-04:00,57.220001220703125,57.2599983215332,57.20009994506836,57.23500061035156,120984.0
2026-08-07T14:40:00-04:00,57.23500061035156,57.244998931884766,57.15999984741211,57.18000030517578,125971.0
2026-08-07T14:45:00-04:00,57.17499923706055,57.29999923706055,57.17499923706055,57.279998779296875,109910.0
2026-08-07T14:50:00-04:00,57.290000915527344,57.29999923706055,57.18000030517578,57.19499969482422,187192.0
2026-08-07T14:55:00-04:00,57.20000076293945,57.23500061035156,57.18000030517578,57.21500015258789,108739.0
2026-08-07T15:00:00-04:00,57.21500015258789,57.459999084472656,57.21500015258789,57.375,241610.0
2026-08-07T15:05:00-04:00,57.3849983215332,57.48500061035156,57.380001068115234,57.48500061035156,144383.0
2026-08-07T15:10:00-04:00,57.47999954223633,57.52000045776367,57.404998779296875,57.425899505615234,172388.0
2026-08-07T15:15:00-04:00,57.43000030517578,57.56999969482422,57.40999984741211,57.500099182128906,162488.0
2026-08-07T15:20:00-04:00,57.505001068115234,57.57500076293945,57.505001068115234,57.51499938964844,144832.0
2026-08-07T15:25:00-04:00,57.52000045776367,57.529998779296875,57.47359848022461,57.525001525878906,364912.0
2026-08-07T15:30:00-04:00,57.529998779296875,57.57500076293945,57.47999954223633,57.514198303222656,220783.0
2026-08-07T15:35:00-04:00,57.52000045776367,57.54999923706055,57.4900016784668,57.525001525878906,200913.0
2026-08-07T15:40:00-04:00,57.525001525878906,57.56800079345703,57.459999084472656,57.54999923706055,636138.0
2026-08-07T15:45:00-04:00,57.54499816894531,57.58000183105469,57.52000045776367,57.525001525878906,397941.0
2026-08-07T15:50:00-04:00,57.529998779296875,57.59000015258789,57.415000915527344,57.43000030517578,404505.0
2026-08-07T15:55:00-04:00,57.435001373291016,57.51499938964844,57.380001068115234,57.5099983215332,724548.0
2026-08-10T09:30:00-04:00,57.79999923706055,57.915000915527344,57.73500061035156,57.8849983215332,1668989.0
2026-08-10T09:35:00-04:00,57.880001068115234,57.98500061035156,57.869998931884766,57.970001220703125,561578.0
2026-08-10T09:40:00-04:00,57.97999954223633,57.98640060424805,57.81999969482422,57.845001220703125,190772.0
2026-08-10T09:45:00-04:00,57.849998474121094,57.880001068115234,57.68239974975586,57.73500061035156,228868.0
2026-08-10T09:50:00-04:00,57.7400016784668,57.7400016784668,57.57040023803711,57.63999938964844,255646.0
2026-08-10T09:55:00-04:00,57.625,57.65999984741211,57.52000045776367,57.540000915527344,286440.0
2026-08-10T10:00:00-04:00,57.540000915527344,57.7400016784668,57.529998779296875,57.69499969482422,177264.0
2026-08-10T10:05:00-04:00,57.70000076293945,57.75,57.66999816894531,57.720001220703125,156951.0
2026-08-10T10:10:00-04:00,57.71500015258789,57.88999938964844,57.71500015258789,57.88999938964844,274272.0
2026-08-10T10:15:00-04:00,57.880001068115234,57.91999816894531,57.779998779296875,57.919898986816406,140498.0
2026-08-10T10:20:00-04:00,57.917701721191406,58.279998779296875,57.89030075073242,58.19499969482422,349714.0
2026-08-10T10:25:00-04:00,58.20000076293945,58.399898529052734,58.19499969482422,58.314998626708984,314093.0
2026-08-10T10:30:00-04:00,58.314998626708984,58.47999954223633,58.279998779296875,58.35499954223633,422534.0
2026-08-10T10:35:00-04:00,58.369998931884766,58.47999954223633,58.348201751708984,58.389801025390625,192927.0
2026-08-10T10:40:00-04:00,58.381099700927734,58.5099983215332,58.34000015258789,58.474998474121094,244487.0
2026-08-10T10:45:00-04:00,58.48500061035156,58.63999938964844,58.47990036010742,58.59510040283203,227655.0
2026-08-10T10:50:00-04:00,58.599998474121094,58.599998474121094,58.36050033569336,58.400001525878906,235740.0
2026-08-10T10:55:00-04:00,58.38999938964844,58.560001373291016,58.38999938964844,58.51499938964844,147906.0
2026-08-10T11:00:00-04:00,58.52000045776367,58.61000061035156,58.470001220703125,58.54499816894531,222604.0
2026-08-10T11:05:00-04:00,58.540000915527344,58.54999923706055,58.459999084472656,58.47999954223633,254665.0
2026-08-10T11:10:00-04:00,58.48500061035156,58.540000915527344,58.439998626708984,58.47330093383789,130314.0
2026-08-10T11:15:00-04:00,58.47999954223633,58.51900100708008,58.415000915527344,58.45500183105469,270802.0
2026-08-10T11:20:00-04:00,58.45009994506836,58.5099983215332,58.404998779296875,58.404998779296875,214190.0
2026-08-10T11:25:00-04:00,58.404998779296875,58.43000030517578,58.32500076293945,58.36000061035156,186302.0
2026-08-10T11:30:00-04:00,58.3650016784668,58.4281005859375,58.36000061035156,58.369998931884766,88075.0
2026-08-10T11:35:00-04:00,58.380001068115234,58.5,58.380001068115234,58.432899475097656,166494.0
2026-08-10T11:40:00-04:00,58.435001373291016,58.470001220703125,58.41999816894531,58.41999816894531,94640.0
2026-08-10T11:45:00-04:00,58.43000030517578,58.4900016784668,58.40999984741211,58.459999084472656,111322.0
2026-08-10T11:50:00-04:00,58.46879959106445,58.70000076293945,58.4654655456543,58.69499969482422,218193.0
2026-08-10T11:55:00-04:00,58.69499969482422,58.900001525878906,58.68000030517578,58.779998779296875,304766.0
2026-08-10T12:00:00-04:00,58.781898498535156,59.0,58.7599983215332,58.83000183105469,292209.0
2026-08-10T12:05:00-04:00,58.84000015258789,58.974998474121094,58.83000183105469,58.93000030517578,175474.0
2026-08-10T12:10:00-04:00,58.93000030517578,58.959800720214844,58.86000061035156,58.86989974975586,263722.0
2026-08-10T12:15:00-04:00,58.86000061035156,58.974998474121094,58.83000183105469,58.9099006652832,298735.0
2026-08-10T12:20:00-04:00,58.90140151977539,58.96989822387695,58.849998474121094,58.85499954223633,208256.0
2026-08-10T12:25:00-04:00,58.86000061035156,58.919898986816406,58.83190155029297,58.91189956665039,134715.0
2026-08-10T12:30:00-04:00,58.915000915527344,58.95000076293945,58.599998474121094,58.75,444965.0
2026-08-10T12:35:00-04:00,58.755001068115234,58.84000015258789,58.72999954223633,58.73500061035156,129993.0
2026-08-10T12:40:00-04:00,58.72999954223633,58.75,58.599998474121094,58.625,166647.0
2026-08-10T12:45:00-04:00,58.619998931884766,58.68000030517578,58.599998474121094,58.63999938964844,117688.0
2026-08-10T12:50:00-04:00,58.6349983215332,58.665000915527344,58.599998474121094,58.60499954223633,98861.0
2026-08-10T12:55:00-04:00,58.60499954223633,58.69499969482422,58.560001373291016,58.689998626708984,122666.0
2026-08-10T13:00:00-04:00,58.689998626708984,58.72999954223633,58.6150016784668,58.619998931884766,438871.0
2026-08-10T13:05:00-04:00,58.6150016784668,58.76499938964844,58.599998474121094,58.7400016784668,209607.0
2026-08-10T13:10:00-04:00,58.7400016784668,58.80500030517578,58.7400016784668,58.779998779296875,226070.0
2026-08-10T13:15:00-04:00,58.790000915527344,58.85499954223633,58.77000045776367,58.834999084472656,258985.0
2026-08-10T13:20:00-04:00,58.845001220703125,58.900001525878906,58.810001373291016,58.810001373291016,183005.0
2026-08-10T13:25:00-04:00,58.810001373291016,58.88990020751953,58.779998779296875,58.8849983215332,282303.0
2026-08-10T13:30:00-04:00,58.8849983215332,58.95500183105469,58.8849983215332,58.915000915527344,155853.0
2026-08-10T13:35:00-04:00,58.90999984741211,58.96500015258789,58.900001525878906,58.92499923706055,285892.0
2026-08-10T13:40:00-04:00,58.91999816894531,58.92499923706055,58.84000015258789,58.85499954223633,103422.0
2026-08-10T13:45:00-04:00,58.849998474121094,58.939998626708984,58.810001373291016,58.935001373291016,540147.0
2026-08-10T13:50:00-04:00,58.939998626708984,58.95500183105469,58.84000015258789,58.845001220703125,338803.0
2026-08-10T13:55:00-04:00,58.849998474121094,58.86000061035156,58.79999923706055,58.86000061035156,153793.0
2026-08-10T14:00:00-04:00,58.85499954223633,58.880001068115234,58.810001373291016,58.845001220703125,117624.0
2026-08-10T14:05:00-04:00,58.845001220703125,58.904998779296875,58.814998626708984,58.88999938964844,219107.0
2026-08-10T14:10:00-04:00,58.88999938964844,58.91999816894531,58.84000015258789,58.84000015258789,175933.0
2026-08-10T14:15:00-04:00,58.84000015258789,58.85559844970703,58.78499984741211,58.81990051269531,119924.0
2026-08-10T14:20:00-04:00,58.82500076293945,58.845001220703125,58.78239822387695,58.83000183105469,113825.0
2026-08-10T14:25:00-04:00,58.83169937133789,58.869998931884766,58.79999923706055,58.86000061035156,103552.0
2026-08-10T14:30:00-04:00,58.85499954223633,59.18000030517578,58.849998474121094,59.150001525878906,356126.0
2026-08-10T14:35:00-04:00,59.14500045776367,59.2400016784668,59.119998931884766,59.2400016784668,275426.0
2026-08-10T14:40:00-04:00,59.22999954223633,59.40999984741211,59.22999954223633,59.28030014038086,387434.0
2026-08-10T14:45:00-04:00,59.28499984741211,59.290000915527344,59.130001068115234,59.26499938964844,504404.0
2026-08-10T14:50:00-04:00,59.26499938964844,59.33000183105469,59.23500061035156,59.27000045776367,133914.0
2026-08-10T14:55:00-04:00,59.27000045776367,59.34000015258789,59.25,59.310001373291016,127417.0
2026-08-10T15:00:00-04:00,59.310001373291016,59.41809844970703,59.310001373291016,59.3849983215332,151001.0
2026-08-10T15:05:00-04:00,59.3849983215332,59.5,59.3849983215332,59.46500015258789,310887.0
2026-08-10T15:10:00-04:00,59.459999084472656,59.5099983215332,59.43389892578125,59.459999084472656,235740.0
2026-08-10T15:15:00-04:00,59.459999084472656,59.54999923706055,59.44499969482422,59.53499984741211,240563.0
2026-08-10T15:20:00-04:00,59.540000915527344,59.689998626708984,59.53499984741211,59.665000915527344,565368.0
2026-08-10T15:25:00-04:00,59.65999984741211,59.720001220703125,59.54999923706055,59.599998474121094,333208.0
2026-08-10T15:30:00-04:00,59.61000061035156,59.650001525878906,59.52000045776367,59.54499816894531,339551.0
2026-08-10T15:35:00-04:00,59.54499816894531,59.560001373291016,59.494998931884766,59.54499816894531,394981.0
2026-08-10T15:40:00-04:00,59.54499816894531,59.584999084472656,59.4900016784668,59.5099983215332,280732.0
2026-08-10T15:45:00-04:00,59.505001068115234,59.66999816894531,59.5,59.667789459228516,362341.0
2026-08-10T15:50:00-04:00,59.650001525878906,59.689998626708984,59.53499984741211,59.54499816894531,407668.0
2026-08-10T15:55:00-04:00,59.54499816894531,59.54999923706055,59.36000061035156,59.43000030517578,842188.0
2026-08-11T09:30:00-04:00,58.67399978637695,58.75,58.46500015258789,58.51499938964844,1951258.0
2026-08-11T09:35:00-04:00,58.5099983215332,58.808101654052734,58.49689865112305,58.808101654052734,348915.0
2026-08-11T09:40:00-04:00,58.80860137939453,58.935001373291016,58.72999954223633,58.875,322508.0
2026-08-11T09:45:00-04:00,58.880001068115234,58.9900016784668,58.689998626708984,58.77000045776367,376066.0
2026-08-11T09:50:00-04:00,58.775001525878906,58.83769989013672,58.52000045776367,58.55500030517578,402430.0
2026-08-11T09:55:00-04:00,58.55500030517578,58.737701416015625,58.52000045776367,58.619998931884766,310917.0
2026-08-11T10:00:00-04:00,58.619998931884766,58.689998626708984,58.529998779296875,58.56999969482422,236147.0
2026-08-11T10:05:00-04:00,58.595001220703125,58.6349983215332,58.560001373291016,58.60499954223633,172585.0
2026-08-11T10:10:00-04:00,58.6150016784668,58.68000030517578,58.540000915527344,58.670501708984375,136312.0
2026-08-11T10:15:00-04:00,58.67499923706055,58.77000045776367,58.58000183105469,58.65999984741211,303539.0
2026-08-11T10:20:00-04:00,58.65769958496094,58.7400016784668,58.529998779296875,58.630001068115234,194262.0
2026-08-11T10:25:00-04:00,58.619998931884766,58.74769973754883,58.58000183105469,58.599998474121094,236967.0
2026-08-11T10:30:00-04:00,58.599998474121094,58.81999969482422,58.599998474121094,58.790000915527344,163139.0
2026-08-11T10:35:00-04:00,58.79999923706055,58.834999084472656,58.760101318359375,58.77000045776367,91412.0
2026-08-11T10:40:00-04:00,58.78499984741211,58.845001220703125,58.779998779296875,58.814998626708984,100059.0
2026-08-11T10:45:00-04:00,58.81999969482422,58.849998474121094,58.77000045776367,58.81999969482422,138918.0
2026-08-11T10:50:00-04:00,58.83000183105469,58.84769821166992,58.76499938964844,58.80500030517578,89205.0
2026-08-11T10:55:00-04:00,58.80500030517578,58.849998474121094,58.72999954223633,58.75,109187.0
2026-08-11T11:00:00-04:00,58.7599983215332,58.88990020751953,58.72999954223633,58.84000015258789,112997.0
2026-08-11T11:05:00-04:00,58.84989929199219,58.86000061035156,58.650001525878906,58.68000030517578,123828.0
2026-08-11T11:10:00-04:00,58.66999816894531,58.849998474121094,58.654998779296875,58.72999954223633,205465.0
2026-08-11T11:15:00-04:00,58.720001220703125,58.724998474121094,58.564998626708984,58.64500045776367,239466.0
2026-08-11T11:20:00-04:00,58.64500045776367,58.68000030517578,58.54499816894531,58.57500076293945,120746.0
2026-08-11T11:25:00-04:00,58.58000183105469,58.62009811401367,58.52000045776367,58.60499954223633,147148.0
2026-08-11T11:30:00-04:00,58.61000061035156,58.61000061035156,58.43000030517578,58.44499969482422,178081.0
2026-08-11T11:35:00-04:00,58.439998626708984,58.47999954223633,58.314998626708984,58.314998626708984,159614.0
2026-08-11T11:40:00-04:00,58.314998626708984,58.400001525878906,58.154998779296875,58.400001525878906,249456.0
2026-08-11T11:45:00-04:00,58.39440155029297,58.470001220703125,58.375,58.42499923706055,118205.0
2026-08-11T11:50:00-04:00,58.43000030517578,58.58000183105469,58.42499923706055,58.561500549316406,136949.0
2026-08-11T11:55:00-04:00,58.57500076293945,58.689998626708984,58.54999923706055,58.688201904296875,83881.0
2026-08-11T12:00:00-04:00,58.689998626708984,58.720001220703125,58.63999938964844,58.64500045776367,97855.0
2026-08-11T12:05:00-04:00,58.64500045776367,58.68000030517578,58.6150016784668,58.650001525878906,58639.0
2026-08-11T12:10:00-04:00,58.65999984741211,58.7599983215332,58.650001525878906,58.71500015258789,101203.0
2026-08-11T12:15:00-04:00,58.71500015258789,58.72999954223633,58.67499923706055,58.685001373291016,49775.0
2026-08-11T12:20:00-04:00,58.68000030517578,58.84000015258789,58.68000030517578,58.810001373291016,130563.0
2026-08-11T12:25:00-04:00,58.802101135253906,58.84000015258789,58.790000915527344,58.7942008972168,42520.0
2026-08-11T12:30:00-04:00,58.78990173339844,58.78990173339844,58.685001373291016,58.755001068115234,89327.0
2026-08-11T12:35:00-04:00,58.755001068115234,58.81999969482422,58.75,58.779998779296875,143324.0
2026-08-11T12:40:00-04:00,58.790000915527344,58.790000915527344,58.685001373291016,58.70000076293945,101674.0
2026-08-11T12:45:00-04:00,58.70000076293945,58.74259948730469,58.68000030517578,58.70000076293945,38598.0
2026-08-11T12:50:00-04:00,58.689998626708984,58.689998626708984,58.619998931884766,58.650001525878906,65410.0
2026-08-11T12:55:00-04:00,58.654998779296875,58.69499969482422,58.6349983215332,58.66230010986328,46584.0
2026-08-11T13:00:00-04:00,58.679901123046875,58.71500015258789,58.654998779296875,58.658199310302734,41822.0
2026-08-11T13:05:00-04:00,58.652198791503906,58.709999084472656,58.60499954223633,58.70000076293945,64609.0
2026-08-11T13:10:00-04:00,58.69499969482422,58.69990158081055,58.58000183105469,58.58000183105469,68105.0
2026-08-11T13:15:00-04:00,58.560001373291016,58.599998474121094,58.525001525878906,58.599998474121094,91620.0
2026-08-11T13:20:00-04:00,58.599998474121094,58.64500045776367,58.47999954223633,58.560001373291016,143676.0
2026-08-11T13:25:00-04:00,58.54999923706055,58.56999969482422,58.500099182128906,58.53499984741211,102090.0
2026-08-11T13:30:00-04:00,58.53499984741211,58.53499984741211,58.44200134277344,58.474998474121094,109876.0
2026-08-11T13:35:00-04:00,58.47999954223633,58.51499938964844,58.439998626708984,58.470001220703125,193470.0
2026-08-11T13:40:00-04:00,58.46500015258789,58.54499816894531,58.46500015258789,58.529998779296875,100994.0
2026-08-11T13:45:00-04:00,58.529998779296875,58.59769821166992,58.5098991394043,58.560001373291016,67927.0
2026-08-11T13:50:00-04:00,58.560001373291016,58.56999969482422,58.439998626708984,58.44020080566406,69112.0
2026-08-11T13:55:00-04:00,58.442298889160156,58.470001220703125,58.314998626708984,58.31999969482422,334072.0
2026-08-11T14:00:00-04:00,58.31999969482422,58.35499954223633,58.2599983215332,58.34000015258789,189459.0
2026-08-11T14:05:00-04:00,58.34000015258789,58.369998931884766,58.20000076293945,58.224998474121094,146504.0
2026-08-11T14:10:00-04:00,58.22999954223633,58.255001068115234,58.18000030517578,58.23500061035156,83531.0
2026-08-11T14:15:00-04:00,58.2400016784668,58.36000061035156,58.23500061035156,58.36000061035156,77089.0
2026-08-11T14:20:00-04:00,58.36000061035156,58.36000061035156,58.244998931884766,58.31999969482422,97539.0
2026-08-11T14:25:00-04:00,58.31999969482422,58.35810089111328,58.23500061035156,58.255001068115234,61226.0
2026-08-11T14:30:00-04:00,58.2599983215332,58.40999984741211,58.22999954223633,58.40999984741211,77471.0
2026-08-11T14:35:00-04:00,58.40999984741211,58.5,58.400001525878906,58.47010040283203,87986.0
2026-08-11T14:40:00-04:00,58.47010040283203,58.47010040283203,58.400001525878906,58.435001373291016,124280.0
2026-08-11T14:45:00-04:00,58.43000030517578,58.5,58.42499923706055,58.499900817871094,48754.0
2026-08-11T14:50:00-04:00,58.494998931884766,58.5099983215332,58.459999084472656,58.494998931884766,61600.0
2026-08-11T14:55:00-04:00,58.5,58.52000045776367,58.459999084472656,58.474998474121094,49763.0
2026-08-11T15:00:00-04:00,58.474998474121094,58.48500061035156,58.38999938964844,58.38999938964844,63810.0
2026-08-11T15:05:00-04:00,58.38990020751953,58.40999984741211,58.31999969482422,58.35499954223633,202247.0
2026-08-11T15:10:00-04:00,58.35499954223633,58.43009948730469,58.334999084472656,58.34000015258789,62742.0
2026-08-11T15:15:00-04:00,58.345001220703125,58.38869857788086,58.290000915527344,58.320098876953125,80246.0
2026-08-11T15:20:00-04:00,58.32229995727539,58.44990158081055,58.310001373291016,58.442901611328125,88853.0
2026-08-11T15:25:00-04:00,58.439998626708984,58.5,58.410099029541016,58.480098724365234,90539.0
2026-08-11T15:30:00-04:00,58.4900016784668,58.58000183105469,58.47010040283203,58.4900016784668,117379.0
2026-08-11T15:35:00-04:00,58.4900016784668,58.5099983215332,58.459999084472656,58.505001068115234,90756.0
2026-08-11T15:40:00-04:00,58.50640106201172,58.5099983215332,58.39500045776367,58.43000030517578,161513.0
2026-08-11T15:45:00-04:00,58.42499923706055,58.474998474121094,58.39500045776367,58.470001220703125,200298.0
2026-08-11T15:50:00-04:00,58.470001220703125,58.529998779296875,58.415000915527344,58.529998779296875,173633.0
2026-08-11T15:55:00-04:00,58.52000045776367,58.59000015258789,58.5,58.540000915527344,522513.0
2026-08-12T09:30:00-04:00,59.58000183105469,59.584999084472656,59.442298889160156,59.459999084472656,2744419.0
2026-08-12T09:35:00-04:00,59.45500183105469,59.52000045776367,59.310001373291016,59.350101470947266,319459.0
2026-08-12T09:40:00-04:00,59.36000061035156,59.5,59.310001373291016,59.46500015258789,330033.0
2026-08-12T09:45:00-04:00,59.46500015258789,59.71799850463867,59.459999084472656,59.69499969482422,247194.0
2026-08-12T09:50:00-04:00,59.70000076293945,59.810001373291016,59.6349983215332,59.7599983215332,370845.0
2026-08-12T09:55:00-04:00,59.7599983215332,59.84000015258789,59.67409896850586,59.76499938964844,357001.0
2026-08-12T10:00:00-04:00,59.77000045776367,59.80500030517578,59.560001373291016,59.71500015258789,338510.0
2026-08-12T10:05:00-04:00,59.709999084472656,59.900001525878906,59.70500183105469,59.86000061035156,351170.0
2026-08-12T10:10:00-04:00,59.86000061035156,59.919498443603516,59.834999084472656,59.869998931884766,321663.0
2026-08-12T10:15:00-04:00,59.869998931884766,59.95500183105469,59.84000015258789,59.8849983215332,320511.0
2026-08-12T10:20:00-04:00,59.900001525878906,59.915000915527344,59.77190017700195,59.779998779296875,215930.0
2026-08-12T10:25:00-04:00,59.775001525878906,59.89500045776367,59.672298431396484,59.74810028076172,256918.0
2026-08-12T10:30:00-04:00,59.7400016784668,59.849998474121094,59.52000045776367,59.61989974975586,384806.0
2026-08-12T10:35:00-04:00,59.61000061035156,59.69499969482422,59.54499816894531,59.630001068115234,163087.0
2026-08-12T10:40:00-04:00,59.630001068115234,59.849998474121094,59.625,59.849998474121094,171716.0
2026-08-12T10:45:00-04:00,59.85499954223633,59.88999938964844,59.630001068115234,59.630001068115234,174814.0
2026-08-12T10:50:00-04:00,59.619998931884766,59.6349983215332,59.48500061035156,59.58000183105469,150616.0
2026-08-12T10:55:00-04:00,59.58000183105469,59.58000183105469,59.4900016784668,59.52000045776367,129599.0
2026-08-12T11:00:00-04:00,59.52000045776367,59.540000915527344,59.340301513671875,59.349998474121094,257276.0
2026-08-12T11:05:00-04:00,59.349998474121094,59.56999969482422,59.34000015258789,59.540000915527344,184034.0
2026-08-12T11:10:00-04:00,59.540000915527344,59.66999816894531,59.529998779296875,59.61000061035156,176092.0
2026-08-12T11:15:00-04:00,59.60499954223633,59.60499954223633,59.494998931884766,59.52949905395508,95905.0
2026-08-12T11:20:00-04:00,59.53990173339844,59.56999969482422,59.51499938964844,59.55500030517578,164327.0
2026-08-12T11:25:00-04:00,59.55500030517578,59.560001373291016,59.40999984741211,59.47999954223633,278683.0
2026-08-12T11:30:00-04:00,59.47999954223633,59.56999969482422,59.400001525878906,59.435001373291016,225482.0
2026-08-12T11:35:00-04:00,59.435001373291016,59.5099983215332,59.42499923706055,59.5,134897.0
2026-08-12T11:40:00-04:00,59.5,59.5099983215332,59.380001068115234,59.41999816894531,139595.0
2026-08-12T11:45:00-04:00,59.41999816894531,59.43000030517578,59.34000015258789,59.36000061035156,103233.0
2026-08-12T11:50:00-04:00,59.369998931884766,59.3849983215332,59.20500183105469,59.375,256224.0
2026-08-12T11:55:00-04:00,59.369998931884766,59.5099983215332,59.369998931884766,59.44499969482422,178250.0
2026-08-12T12:00:00-04:00,59.44499969482422,59.529701232910156,59.35499954223633,59.400001525878906,137505.0
2026-08-12T12:05:00-04:00,59.3849983215332,59.41999816894531,59.34000015258789,59.359901428222656,115639.0
2026-08-12T12:10:00-04:00,59.36000061035156,59.46969985961914,59.30009841918945,59.439998626708984,88718.0
2026-08-12T12:15:00-04:00,59.439998626708984,59.47999954223633,59.380001068115234,59.435001373291016,327273.0
2026-08-12T12:20:00-04:00,59.435001373291016,59.435001373291016,59.334999084472656,59.35499954223633,178383.0
2026-08-12T12:25:00-04:00,59.35499954223633,59.36000061035156,59.244998931884766,59.27009963989258,239240.0
2026-08-12T12:30:00-04:00,59.26499938964844,59.27000045776367,59.04999923706055,59.05500030517578,356695.0
2026-08-12T12:35:00-04:00,59.05500030517578,59.139198303222656,59.02000045776367,59.084999084472656,502981.0
2026-08-12T12:40:00-04:00,59.08380126953125,59.16999816894531,59.01499938964844,59.01499938964844,245926.0
2026-08-12T12:45:00-04:00,59.01499938964844,59.060001373291016,58.875,58.875,812196.0
2026-08-12T12:50:00-04:00,58.88999938964844,58.970001220703125,58.869998931884766,58.93000030517578,352089.0
2026-08-12T12:55:00-04:00,58.93000030517578,58.970001220703125,58.790000915527344,58.91999816894531,287688.0
2026-08-12T13:00:00-04:00,58.91999816894531,59.040000915527344,58.880001068115234,58.939998626708984,348530.0
2026-08-12T13:05:00-04:00,58.939998626708984,59.029998779296875,58.88999938964844,59.02000045776367,221589.0
2026-08-12T13:10:00-04:00,59.0099983215332,59.040000915527344,58.94499969482422,58.96500015258789,173877.0
2026-08-12T13:15:00-04:00,58.974998474121094,59.03020095825195,58.959999084472656,59.01499938964844,66156.0
2026-08-12T13:20:00-04:00,59.029998779296875,59.224998474121094,59.025001525878906,59.15999984741211,185694.0
2026-08-12T13:25:00-04:00,59.15999984741211,59.220001220703125,59.130001068115234,59.19499969482422,101796.0
2026-08-12T13:30:00-04:00,59.20000076293945,59.255001068115234,59.17499923706055,59.244998931884766,98918.0
2026-08-12T13:35:00-04:00,59.244998931884766,59.25,59.125,59.150001525878906,152184.0
2026-08-12T13:40:00-04:00,59.15999984741211,59.15999984741211,59.06999969482422,59.06999969482422,144964.0
2026-08-12T13:45:00-04:00,59.08000183105469,59.150001525878906,59.08000183105469,59.13999938964844,75112.0
2026-08-12T13:50:00-04:00,59.14500045776367,59.18000030517578,59.060001373291016,59.064998626708984,73928.0
2026-08-12T13:55:00-04:00,59.06999969482422,59.099998474121094,59.04999923706055,59.060001373291016,99533.0
2026-08-12T14:00:00-04:00,59.060001373291016,59.060001373291016,58.95500183105469,59.060001373291016,144387.0
2026-08-12T14:05:00-04:00,59.04999923706055,59.1349983215332,59.04999923706055,59.119998931884766,119901.0
2026-08-12T14:10:00-04:00,59.119998931884766,59.15999984741211,59.11009979248047,59.119998931884766,133316.0
2026-08-12T14:15:00-04:00,59.123199462890625,59.1349983215332,59.099998474121094,59.119998931884766,81447.0
2026-08-12T14:20:00-04:00,59.130001068115234,59.19499969482422,59.099998474121094,59.189998626708984,107952.0
2026-08-12T14:25:00-04:00,59.20000076293945,59.25,59.16189956665039,59.19499969482422,104150.0
2026-08-12T14:30:00-04:00,59.189998626708984,59.237998962402344,59.185001373291016,59.20500183105469,95925.0
2026-08-12T14:35:00-04:00,59.20500183105469,59.209999084472656,59.165000915527344,59.189998626708984,57908.0
2026-08-12T14:40:00-04:00,59.18000030517578,59.209999084472656,59.150001525878906,59.202301025390625,60905.0
2026-08-12T14:45:00-04:00,59.20500183105469,59.290000915527344,59.20500183105469,59.26969909667969,93040.0
2026-08-12T14:50:00-04:00,59.26499938964844,59.275001525878906,59.22999954223633,59.24599838256836,105489.0
2026-08-12T14:55:00-04:00,59.2400016784668,59.25,59.17499923706055,59.1776008605957,69789.0
2026-08-12T15:00:00-04:00,59.18000030517578,59.255001068115234,59.170101165771484,59.209999084472656,118475.0
2026-08-12T15:05:00-04:00,59.209999084472656,59.25,59.20050048828125,59.21500015258789,62807.0
2026-08-12T15:10:00-04:00,59.209999084472656,59.21500015258789,59.18000030517578,59.185001373291016,48525.0
2026-08-12T15:15:00-04:00,59.18000030517578,59.27000045776367,59.17499923706055,59.244998931884766,97695.0
2026-08-12T15:20:00-04:00,59.244998931884766,59.25,59.185001373291016,59.185001373291016,144327.0
2026-08-12T15:25:00-04:00,59.189998626708984,59.22999954223633,59.130001068115234,59.1349983215332,92629.0
2026-08-12T15:30:00-04:00,59.1349983215332,59.13999938964844,59.09000015258789,59.10499954223633,231085.0
2026-08-12T15:35:00-04:00,59.099998474121094,59.099998474121094,59.0,59.02949905395508,195200.0
2026-08-12T15:40:00-04:00,59.029998779296875,59.060001373291016,59.02000045776367,59.04010009765625,204390.0
2026-08-12T15:45:00-04:00,59.04010009765625,59.04010009765625,58.981998443603516,59.02000045776367,175370.0
2026-08-12T15:50:00-04:00,59.0099983215332,59.04999923706055,58.95500183105469,59.01499938964844,243281.0
2026-08-12T15:55:00-04:00,59.01499938964844,59.06999969482422,58.98500061035156,59.06999969482422,345727.0
2026-08-13T09:30:00-04:00,58.810001373291016,58.88119888305664,58.59000015258789,58.619998931884766,1430124.0
2026-08-13T09:35:00-04:00,58.61880111694336,58.720001220703125,58.599998474121094,58.720001220703125,223006.0
2026-08-13T09:40:00-04:00,58.720001220703125,58.790000915527344,58.599998474121094,58.7401008605957,217487.0
2026-08-13T09:45:00-04:00,58.72999954223633,58.80500030517578,58.61920166015625,58.70000076293945,164799.0
2026-08-13T09:50:00-04:00,58.70500183105469,58.720001220703125,58.560001373291016,58.679901123046875,182008.0
2026-08-13T09:55:00-04:00,58.68000030517578,58.70000076293945,58.459999084472656,58.52000045776367,539700.0
2026-08-13T10:00:00-04:00,58.51499938964844,58.56999969482422,58.439998626708984,58.494998931884766,263711.0
2026-08-13T10:05:00-04:00,58.500099182128906,58.625,58.344390869140625,58.345001220703125,216211.0
2026-08-13T10:10:00-04:00,58.34000015258789,58.40999984741211,58.291900634765625,58.369998931884766,172960.0
2026-08-13T10:15:00-04:00,58.369998931884766,58.6150016784668,58.314998626708984,58.529998779296875,188068.0
2026-08-13T10:20:00-04:00,58.52000045776367,58.54499816894531,58.369998931884766,58.4901008605957,192671.0
2026-08-13T10:25:00-04:00,58.4900016784668,58.5099983215332,58.345001220703125,58.36000061035156,125467.0
2026-08-13T10:30:00-04:00,58.349998474121094,58.589900970458984,58.185001373291016,58.58000183105469,416614.0
2026-08-13T10:35:00-04:00,58.59000015258789,58.64419937133789,58.560001373291016,58.6150016784668,85928.0
2026-08-13T10:40:00-04:00,58.61370086669922,58.71500015258789,58.59000015258789,58.70500183105469,115935.0
2026-08-13T10:45:00-04:00,58.70610046386719,58.84000015258789,58.70610046386719,58.760101318359375,169182.0
2026-08-13T10:50:00-04:00,58.76499938964844,58.810001373291016,58.689998626708984,58.75,120072.0
2026-08-13T10:55:00-04:00,58.748199462890625,58.77989959716797,58.72999954223633,58.73500061035156,56539.0
2026-08-13T11:00:00-04:00,58.72999954223633,58.79499816894531,58.70500183105469,58.709999084472656,86579.0
2026-08-13T11:05:00-04:00,58.70050048828125,58.709999084472656,58.512298583984375,58.55630111694336,299063.0
2026-08-13T11:10:00-04:00,58.54499816894531,58.54499816894531,58.44499969482422,58.48500061035156,101647.0
2026-08-13T11:15:00-04:00,58.474998474121094,58.5,58.33919906616211,58.43000030517578,125877.0
2026-08-13T11:20:00-04:00,58.426300048828125,58.4900016784668,58.380001068115234,58.46500015258789,147563.0
2026-08-13T11:25:00-04:00,58.470001220703125,58.56809997558594,58.33000183105469,58.334999084472656,238231.0
2026-08-13T11:30:00-04:00,58.33000183105469,58.400001525878906,58.16999816894531,58.25,223143.0
2026-08-13T11:35:00-04:00,58.25,58.5,58.25,58.474998474121094,119036.0
2026-08-13T11:40:00-04:00,58.470001220703125,58.525001525878906,58.45500183105469,58.47999954223633,88311.0
2026-08-13T11:45:00-04:00,58.48099899291992,58.54999923706055,58.45500183105469,58.48500061035156,79321.0
2026-08-13T11:50:00-04:00,58.47999954223633,58.500099182128906,58.404998779296875,58.435001373291016,55679.0
2026-08-13T11:55:00-04:00,58.43000030517578,58.470001220703125,58.38999938964844,58.415000915527344,47503.0
2026-08-13T12:00:00-04:00,58.41999816894531,58.46500015258789,58.38999938964844,58.42499923706055,72626.0
2026-08-13T12:05:00-04:00,58.41999816894531,58.424232482910156,58.34000015258789,58.34000015258789,41399.0
2026-08-13T12:10:00-04:00,58.34000015258789,58.36000061035156,58.26499938964844,58.279998779296875,51928.0
2026-08-13T12:15:00-04:00,58.29499816894531,58.33000183105469,58.22589874267578,58.22999954223633,59495.0
2026-08-13T12:20:00-04:00,58.22010040283203,58.345001220703125,58.20840072631836,58.34000015258789,97392.0
2026-08-13T12:25:00-04:00,58.349998474121094,58.40769958496094,58.33000183105469,58.40769958496094,54919.0
2026-08-13T12:30:00-04:00,58.40999984741211,58.5,58.40999984741211,58.494998931884766,121283.0
2026-08-13T12:35:00-04:00,58.494998931884766,58.5099983215332,58.45000076293945,58.46500015258789,61927.0
2026-08-13T12:40:00-04:00,58.459999084472656,58.560001373291016,58.459999084472656,58.525001525878906,33681.0
2026-08-13T12:45:00-04:00,58.529998779296875,58.54999923706055,58.494998931884766,58.529998779296875,31290.0
2026-08-13T12:50:00-04:00,58.53499984741211,58.540000915527344,58.474998474121094,58.505001068115234,70313.0
2026-08-13T12:55:00-04:00,58.5099983215332,58.529998779296875,58.480499267578125,58.51499938964844,68433.0
2026-08-13T13:00:00-04:00,58.52000045776367,58.619998931884766,58.52000045776367,58.54999923706055,75632.0
2026-08-13T13:05:00-04:00,58.54499816894531,58.685001373291016,58.54499816894531,58.665000915527344,99554.0
2026-08-13T13:10:00-04:00,58.650001525878906,58.67499923706055,58.60499954223633,58.60499954223633,70072.0
2026-08-13T13:15:00-04:00,58.60499954223633,58.61000061035156,58.5099983215332,58.539798736572266,68592.0
2026-08-13T13:20:00-04:00,58.540000915527344,58.595001220703125,58.48500061035156,58.53499984741211,84817.0
2026-08-13T13:25:00-04:00,58.542598724365234,58.58000183105469,58.46500015258789,58.47999954223633,56723.0
2026-08-13T13:30:00-04:00,58.48500061035156,58.51499938964844,58.459999084472656,58.474998474121094,64451.0
2026-08-13T13:35:00-04:00,58.459999084472656,58.48500061035156,58.43000030517578,58.474998474121094,50510.0
2026-08-13T13:40:00-04:00,58.47999954223633,58.5,58.43000030517578,58.45500183105469,48683.0
2026-08-13T13:45:00-04:00,58.46500015258789,58.5,58.459999084472656,58.494998931884766,31612.0
2026-08-13T13:50:00-04:00,58.49020004272461,58.52000045776367,58.470001220703125,58.4900016784668,41712.0
2026-08-13T13:55:00-04:00,58.48500061035156,58.496116638183594,58.41999816894531,58.41999816894531,51709.0
2026-08-13T14:00:00-04:00,58.43000030517578,58.459999084472656,58.400299072265625,58.43000030517578,62732.0
2026-08-13T14:05:00-04:00,58.41999816894531,58.44810104370117,58.404998779296875,58.43009948730469,54622.0
2026-08-13T14:10:00-04:00,58.43000030517578,58.540000915527344,58.429901123046875,58.51499938964844,41995.0
2026-08-13T14:15:00-04:00,58.529998779296875,58.579898834228516,58.529998779296875,58.54999923706055,54166.0
2026-08-13T14:20:00-04:00,58.54499816894531,58.557701110839844,58.46500015258789,58.47010040283203,38197.0
2026-08-13T14:25:00-04:00,58.470001220703125,58.474998474121094,58.40999984741211,58.41999816894531,68760.0
2026-08-13T14:30:00-04:00,58.41999816894531,58.525001525878906,58.41999816894531,58.525001525878906,104626.0
2026-08-13T14:35:00-04:00,58.524898529052734,58.540000915527344,58.5,58.505001068115234,33850.0
2026-08-13T14:40:00-04:00,58.505001068115234,58.505001068115234,58.40999984741211,58.43000030517578,106492.0
2026-08-13T14:45:00-04:00,58.43000030517578,58.439998626708984,58.3849983215332,58.39500045776367,93864.0
2026-08-13T14:50:00-04:00,58.39500045776367,58.400001525878906,58.279998779296875,58.310001373291016,371883.0
2026-08-13T14:55:00-04:00,58.31999969482422,58.34000015258789,58.29999923706055,58.33000183105469,55889.0
2026-08-13T15:00:00-04:00,58.3286018371582,58.36000061035156,58.314998626708984,58.349998474121094,68561.0
2026-08-13T15:05:00-04:00,58.345001220703125,58.3650016784668,58.255001068115234,58.279998779296875,96846.0
2026-08-13T15:10:00-04:00,58.279998779296875,58.279998779296875,58.08000183105469,58.08000183105469,162736.0
2026-08-13T15:15:00-04:00,58.08000183105469,58.16999816894531,58.0099983215332,58.07500076293945,221011.0
2026-08-13T15:20:00-04:00,58.08000183105469,58.09000015258789,58.025001525878906,58.07500076293945,174006.0
2026-08-13T15:25:00-04:00,58.07500076293945,58.19499969482422,58.06999969482422,58.18519973754883,76254.0
2026-08-13T15:30:00-04:00,58.18989944458008,58.18989944458008,58.130001068115234,58.13999938964844,115668.0
2026-08-13T15:35:00-04:00,58.13999938964844,58.2400016784668,58.13999938964844,58.20009994506836,172268.0
2026-08-13T15:40:00-04:00,58.20000076293945,58.20500183105469,58.14500045776367,58.165000915527344,187994.0
2026-08-13T15:45:00-04:00,58.165000915527344,58.165000915527344,58.08000183105469,58.130001068115234,229402.0
2026-08-13T15:50:00-04:00,58.125,58.18000030517578,58.09000015258789,58.169898986816406,270801.0
2026-08-13T15:55:00-04:00,58.165000915527344,58.189998626708984,58.1150016784668,58.18000030517578,298566.0
2026-08-14T09:30:00-04:00,58.83000183105469,59.060001373291016,58.81999969482422,59.04999923706055,1388765.0
2026-08-14T09:35:00-04:00,59.04999923706055,59.117698669433594,58.970001220703125,59.040000915527344,479515.0
2026-08-14T09:40:00-04:00,59.04999923706055,59.15999984741211,59.025001525878906,59.130001068115234,234148.0
2026-08-14T09:45:00-04:00,59.119998931884766,59.13999938964844,58.939998626708984,58.95000076293945,307785.0
2026-08-14T09:50:00-04:00,58.95000076293945,59.09260177612305,58.90999984741211,59.04999923706055,242248.0
2026-08-14T09:55:00-04:00,59.040000915527344,59.10499954223633,59.0099983215332,59.08000183105469,133023.0
2026-08-14T10:00:00-04:00,59.08000183105469,59.33000183105469,59.060001373291016,59.30500030517578,326199.0
2026-08-14T10:05:00-04:00,59.29999923706055,59.29999923706055,59.22999954223633,59.23189926147461,123963.0
2026-08-14T10:10:00-04:00,59.2400016784668,59.30500030517578,59.189998626708984,59.200801849365234,99422.0
2026-08-14T10:15:00-04:00,59.209999084472656,59.237300872802734,59.119998931884766,59.14179992675781,167732.0
2026-08-14T10:20:00-04:00,59.13949966430664,59.269901275634766,59.11000061035156,59.269901275634766,113513.0
2026-08-14T10:25:00-04:00,59.26499938964844,59.3650016784668,59.209999084472656,59.220001220703125,80607.0
2026-08-14T10:30:00-04:00,59.22999954223633,59.25,59.1349983215332,59.1349983215332,79400.0
2026-08-14T10:35:00-04:00,59.14910125732422,59.17900085449219,59.1150016784668,59.16999816894531,48404.0
2026-08-14T10:40:00-04:00,59.16999816894531,59.17499923706055,59.02000045776367,59.06999969482422,129590.0
2026-08-14T10:45:00-04:00,59.07500076293945,59.07500076293945,58.915000915527344,58.970001220703125,141941.0
2026-08-14T10:50:00-04:00,58.95500183105469,59.0099983215332,58.91999816894531,58.98500061035156,114923.0
2026-08-14T10:55:00-04:00,58.9900016784668,59.005001068115234,58.875,58.90999984741211,157794.0
2026-08-14T11:00:00-04:00,58.90999984741211,59.060001373291016,58.900001525878906,58.979000091552734,140255.0
2026-08-14T11:05:00-04:00,58.97990036010742,59.005001068115234,58.88999938964844,58.900001525878906,87912.0
2026-08-14T11:10:00-04:00,58.900001525878906,59.00899887084961,58.89500045776367,58.959999084472656,98873.0
2026-08-14T11:15:00-04:00,58.959999084472656,59.040000915527344,58.834999084472656,58.84189987182617,113677.0
2026-08-14T11:20:00-04:00,58.84000015258789,58.84000015258789,58.72999954223633,58.72999954223633,275277.0
2026-08-14T11:25:00-04:00,58.72999954223633,58.810001373291016,58.709999084472656,58.790000915527344,125340.0
2026-08-14T11:30:00-04:00,58.790000915527344,58.83000183105469,58.71500015258789,58.755001068115234,89581.0
2026-08-14T11:35:00-04:00,58.75,58.810001373291016,58.7400016784668,58.755001068115234,117963.0
2026-08-14T11:40:00-04:00,58.7599983215332,58.779998779296875,58.709999084472656,58.77000045776367,74694.0
2026-08-14T11:45:00-04:00,58.77000045776367,58.88999938964844,58.75120162963867,58.79819869995117,154445.0
2026-08-14T11:50:00-04:00,58.79999923706055,58.834999084472656,58.7599983215332,58.77000045776367,100210.0
2026-08-14T11:55:00-04:00,58.77000045776367,58.810001373291016,58.72999954223633,58.75,138670.0
2026-08-14T12:00:00-04:00,58.75,58.83000183105469,58.724998474121094,58.724998474121094,133388.0
2026-08-14T12:05:00-04:00,58.72999954223633,58.779998779296875,58.619998931884766,58.65999984741211,243305.0
2026-08-14T12:10:00-04:00,58.650001525878906,58.68000030517578,58.6349983215332,58.650001525878906,146551.0
2026-08-14T12:15:00-04:00,58.650001525878906,58.71500015258789,58.63999938964844,58.702301025390625,146101.0
2026-08-14T12:20:00-04:00,58.70500183105469,58.75,58.65999984741211,58.66999816894531,114905.0
2026-08-14T12:25:00-04:00,58.66999816894531,58.66999816894531,58.61000061035156,58.64500045776367,105250.0
2026-08-14T12:30:00-04:00,58.64500045776367,58.64500045776367,58.459999084472656,58.560001373291016,219446.0
2026-08-14T12:35:00-04:00,58.55979919433594,58.6880989074707,58.54499816894531,58.63999938964844,169559.0
2026-08-14T12:40:00-04:00,58.6349983215332,58.654998779296875,58.584999084472656,58.619998931884766,91615.0
2026-08-14T12:45:00-04:00,58.619998931884766,58.68000030517578,58.6150016784668,58.66999816894531,109295.0
2026-08-14T12:50:00-04:00,58.665000915527344,58.68000030517578,58.6349983215332,58.665000915527344,82002.0
2026-08-14T12:55:00-04:00,58.665000915527344,58.689998626708984,58.650001525878906,58.669898986816406,105596.0
2026-08-14T13:00:00-04:00,58.68000030517578,58.69499969482422,58.630001068115234,58.649898529052734,29260.0
2026-08-14T13:05:00-04:00,58.650001525878906,58.654998779296875,58.560001373291016,58.58190155029297,36251.0
2026-08-14T13:10:00-04:00,58.584999084472656,58.665000915527344,58.584999084472656,58.665000915527344,24293.0
2026-08-14T13:15:00-04:00,58.665000915527344,58.709999084472656,58.630001068115234,58.650001525878906,29169.0
2026-08-14T13:20:00-04:00,58.65999984741211,58.69499969482422,58.630001068115234,58.66999816894531,42345.0
2026-08-14T13:25:00-04:00,58.65999984741211,58.68000030517578,58.619998931884766,58.619998931884766,23785.0
2026-08-14T13:30:00-04:00,58.63999938964844,58.66999816894531,58.619998931884766,58.66999816894531,28258.0
2026-08-14T13:35:00-04:00,58.65999984741211,58.65999984741211,58.595001220703125,58.599998474121094,19407.0
2026-08-14T13:40:00-04:00,58.60499954223633,58.63800048828125,58.53499984741211,58.55500030517578,56869.0
2026-08-14T13:45:00-04:00,58.540000915527344,58.558998107910156,58.4900016784668,58.5,48351.0
2026-08-14T13:50:00-04:00,58.505001068115234,58.564998626708984,58.5,58.54499816894531,25788.0
2026-08-14T13:55:00-04:00,58.540000915527344,58.56990051269531,58.52000045776367,58.56990051269531,36345.0
2026-08-14T14:00:00-04:00,58.56740188598633,58.61000061035156,58.5099983215332,58.609500885009766,27349.0
2026-08-14T14:05:00-04:00,58.60499954223633,58.625,58.525001525878906,58.540000915527344,50243.0
2026-08-14T14:10:00-04:00,58.53499984741211,58.54999923706055,58.49300003051758,58.529998779296875,64703.0
2026-08-14T14:15:00-04:00,58.529998779296875,58.58000183105469,58.52009963989258,58.55500030517578,37284.0
2026-08-14T14:20:00-04:00,58.564998626708984,58.59989929199219,58.54999923706055,58.560001373291016,52781.0
2026-08-14T14:25:00-04:00,58.56999969482422,58.58000183105469,58.52000045776367,58.54199981689453,395652.0
2026-08-14T14:30:00-04:00,58.540000915527344,58.558101654052734,58.47999954223633,58.494998931884766,71280.0
2026-08-14T14:35:00-04:00,58.494998931884766,58.584999084472656,58.4900016784668,58.58000183105469,33667.0
2026-08-14T14:40:00-04:00,58.58000183105469,58.595001220703125,58.51499938964844,58.51499938964844,49529.0
2026-08-14T14:45:00-04:00,58.52000045776367,58.525001525878906,58.43190002441406,58.51499938964844,85477.0
2026-08-14T14:50:00-04:00,58.51499938964844,58.560001373291016,58.50199890136719,58.5099983215332,86078.0
2026-08-14T14:55:00-04:00,58.52000045776367,58.52000045776367,58.4900016784668,58.4900016784668,43171.0
2026-08-14T15:00:00-04:00,58.4900016784668,58.505001068115234,58.439998626708984,58.44499969482422,40386.0
2026-08-14T15:05:00-04:00,58.45000076293945,58.470001220703125,58.41999816894531,58.470001220703125,43698.0
2026-08-14T15:10:00-04:00,58.46500015258789,58.5099983215332,58.45500183105469,58.49769973754883,36773.0
2026-08-14T15:15:00-04:00,58.480098724365234,58.51499938964844,58.470001220703125,58.48500061035156,36561.0
2026-08-14T15:20:00-04:00,58.48500061035156,58.525001525878906,58.48500061035156,58.51890182495117,23952.0
2026-08-14T15:25:00-04:00,58.51499938964844,58.564998626708984,58.5099983215332,58.5099983215332,42208.0
2026-08-14T15:30:00-04:00,58.51499938964844,58.54999923706055,58.51499938964844,58.54999923706055,49538.0
2026-08-14T15:35:00-04:00,58.54499816894531,58.54999923706055,58.5099983215332,58.540000915527344,66307.0
2026-08-14T15:40:00-04:00,58.53499984741211,58.540000915527344,58.474998474121094,58.474998474121094,122525.0
2026-08-14T15:45:00-04:00,58.47999954223633,58.5,58.45500183105469,58.46500015258789,76933.0
2026-08-14T15:50:00-04:00,58.470001220703125,58.540000915527344,58.470001220703125,58.529998779296875,130310.0
2026-08-14T15:55:00-04:00,58.529998779296875,58.529998779296875,58.442100524902344,58.470001220703125,360219.0
2026-08-17T09:30:00-04:00,59.0,59.1150016784668,58.994998931884766,59.080101013183594,1196455.0
2026-08-17T09:35:00-04:00,59.09000015258789,59.13999938964844,59.029998779296875,59.07229995727539,253549.0
2026-08-17T09:40:00-04:00,59.08000183105469,59.09000015258789,58.95500183105469,58.97999954223633,128181.0
2026-08-17T09:45:00-04:00,58.97999954223633,59.15999984741211,58.95000076293945,59.13999938964844,199496.0
2026-08-17T09:50:00-04:00,59.150001525878906,59.310001373291016,59.13999938964844,59.20009994506836,201628.0
2026-08-17T09:55:00-04:00,59.209999084472656,59.415000915527344,59.20500183105469,59.35089874267578,161938.0
2026-08-17T10:00:00-04:00,59.35499954223633,59.43000030517578,59.29999923706055,59.428199768066406,145429.0
2026-08-17T10:05:00-04:00,59.42499923706055,59.439998626708984,59.33190155029297,59.345001220703125,230063.0
2026-08-17T10:10:00-04:00,59.34000015258789,59.470001220703125,59.31010055541992,59.45989990234375,222572.0
2026-08-17T10:15:00-04:00,59.45500183105469,59.584999084472656,59.45500183105469,59.529998779296875,225109.0
2026-08-17T10:20:00-04:00,59.540000915527344,59.900001525878906,59.540000915527344,59.810001373291016,283869.0
2026-08-17T10:25:00-04:00,59.79999923706055,59.834999084472656,59.529998779296875,59.59000015258789,286767.0
2026-08-17T10:30:00-04:00,59.599998474121094,59.85499954223633,59.599998474121094,59.814998626708984,347292.0
2026-08-17T10:35:00-04:00,59.81999969482422,59.87990188598633,59.720001220703125,59.775001525878906,255964.0
2026-08-17T10:40:00-04:00,59.775001525878906,59.904998779296875,59.775001525878906,59.82500076293945,277822.0
2026-08-17T10:45:00-04:00,59.834999084472656,59.88999938964844,59.77000045776367,59.839900970458984,138602.0
2026-08-17T10:50:00-04:00,59.845001220703125,59.9900016784668,59.775001525878906,59.78499984741211,176323.0
2026-08-17T10:55:00-04:00,59.790000915527344,59.845001220703125,59.75,59.84000015258789,145123.0
2026-08-17T11:00:00-04:00,59.845001220703125,59.93000030517578,59.7599983215332,59.90999984741211,113044.0
2026-08-17T11:05:00-04:00,59.904998779296875,59.93000030517578,59.834999084472656,59.86000061035156,151855.0
2026-08-17T11:10:00-04:00,59.849998474121094,59.9900016784668,59.84000015258789,59.970001220703125,134927.0
2026-08-17T11:15:00-04:00,59.96009826660156,60.02000045776367,59.939998626708984,60.0,266387.0
2026-08-17T11:20:00-04:00,60.0099983215332,60.029998779296875,59.97999954223633,60.025001525878906,143049.0
2026-08-17T11:25:00-04:00,60.01499938964844,60.14500045776367,59.959999084472656,60.130001068115234,212186.0
2026-08-17T11:30:00-04:00,60.1349983215332,60.14500045776367,59.97999954223633,60.000099182128906,154941.0
2026-08-17T11:35:00-04:00,59.994998931884766,60.03969955444336,59.970001220703125,59.9900016784668,82400.0
2026-08-17T11:40:00-04:00,59.98500061035156,60.0098991394043,59.939998626708984,59.95000076293945,103748.0
2026-08-17T11:45:00-04:00,59.94499969482422,60.0,59.869998931884766,59.97999954223633,156315.0
2026-08-17T11:50:00-04:00,59.97010040283203,60.084999084472656,59.970001220703125,60.0797004699707,118189.0
2026-08-17T11:55:00-04:00,60.08000183105469,60.084999084472656,60.005001068115234,60.040000915527344,70686.0
2026-08-17T12:00:00-04:00,60.040000915527344,60.04999923706055,59.8932991027832,59.94499969482422,96217.0
2026-08-17T12:05:00-04:00,59.95000076293945,59.9900016784668,59.915000915527344,59.96500015258789,79294.0
2026-08-17T12:10:00-04:00,59.95500183105469,59.96500015258789,59.92499923706055,59.940101623535156,57791.0
2026-08-17T12:15:00-04:00,59.95000076293945,59.96500015258789,59.880001068115234,59.915000915527344,130687.0
2026-08-17T12:20:00-04:00,59.91809844970703,59.95000076293945,59.8849983215332,59.915000915527344,122344.0
2026-08-17T12:25:00-04:00,59.91999816894531,59.93000030517578,59.89500045776367,59.915000915527344,39437.0
2026-08-17T12:30:00-04:00,59.915000915527344,59.935001373291016,59.869998931884766,59.880001068115234,40083.0
2026-08-17T12:35:00-04:00,59.880001068115234,60.0,59.864200592041016,59.999000549316406,91048.0
2026-08-17T12:40:00-04:00,59.998600006103516,60.0,59.93000030517578,59.935001373291016,57370.0
2026-08-17T12:45:00-04:00,59.93000030517578,59.95000076293945,59.900001525878906,59.94499969482422,49836.0
2026-08-17T12:50:00-04:00,59.945499420166016,59.970001220703125,59.900001525878906,59.91510009765625,99703.0
2026-08-17T12:55:00-04:00,59.91999816894531,59.9900016784668,59.91999816894531,59.96969985961914,71433.0
2026-08-17T13:00:00-04:00,59.96989822387695,60.0099983215332,59.935001373291016,59.935001373291016,59478.0
2026-08-17T13:05:00-04:00,59.939998626708984,59.94219970703125,59.89500045776367,59.904998779296875,81922.0
2026-08-17T13:10:00-04:00,59.904998779296875,59.93000030517578,59.875,59.8849983215332,81487.0
2026-08-17T13:15:00-04:00,59.8849983215332,59.904998779296875,59.76499938964844,59.779998779296875,88475.0
2026-08-17T13:20:00-04:00,59.779998779296875,59.81880187988281,59.660099029541016,59.67499923706055,176210.0
2026-08-17T13:25:00-04:00,59.672401428222656,59.70000076293945,59.61000061035156,59.63999938964844,136775.0
2026-08-17T13:30:00-04:00,59.63999938964844,59.66999816894531,59.587398529052734,59.65999984741211,105186.0
2026-08-17T13:35:00-04:00,59.650001525878906,59.66999816894531,59.58000183105469,59.58000183105469,89397.0
2026-08-17T13:40:00-04:00,59.57500076293945,59.69499969482422,59.540000915527344,59.69499969482422,144393.0
2026-08-17T13:45:00-04:00,59.70500183105469,59.75,59.67499923706055,59.69499969482422,147192.0
2026-08-17T13:50:00-04:00,59.70000076293945,59.720001220703125,59.684200286865234,59.689998626708984,86501.0
2026-08-17T13:55:00-04:00,59.69499969482422,59.71500015258789,59.560001373291016,59.564998626708984,201899.0
2026-08-17T14:00:00-04:00,59.564998626708984,59.58000183105469,59.435001373291016,59.474998474121094,377907.0
2026-08-17T14:05:00-04:00,59.47999954223633,59.540000915527344,59.45500183105469,59.525001525878906,86384.0
2026-08-17T14:10:00-04:00,59.525001525878906,59.560001373291016,59.470001220703125,59.55500030517578,64131.0
2026-08-17T14:15:00-04:00,59.560001373291016,59.6349983215332,59.54999923706055,59.609901428222656,158910.0
2026-08-17T14:20:00-04:00,59.599998474121094,59.650001525878906,59.540000915527344,59.54999923706055,102160.0
2026-08-17T14:25:00-04:00,59.54999923706055,59.599998474121094,59.4900016784668,59.529998779296875,118692.0
2026-08-17T14:30:00-04:00,59.53499984741211,59.54499816894531,59.3650016784668,59.40999984741211,205551.0
2026-08-17T14:35:00-04:00,59.40999984741211,59.46989822387695,59.39500045776367,59.44499969482422,73774.0
2026-08-17T14:40:00-04:00,59.44499969482422,59.4900016784668,59.40999984741211,59.40999984741211,62252.0
2026-08-17T14:45:00-04:00,59.40769958496094,59.494998931884766,59.380001068115234,59.47999954223633,44486.0
2026-08-17T14:50:00-04:00,59.48509979248047,59.505001068115234,59.470001220703125,59.4900016784668,62887.0
2026-08-17T14:55:00-04:00,59.4900016784668,59.5098991394043,59.45000076293945,59.470001220703125,56381.0
2026-08-17T15:00:00-04:00,59.46500015258789,59.47999954223633,59.40999984741211,59.40999984741211,44037.0
2026-08-17T15:05:00-04:00,59.404998779296875,59.415000915527344,59.349998474121094,59.4099006652832,67418.0
2026-08-17T15:10:00-04:00,59.404998779296875,59.44499969482422,59.39500045776367,59.44499969482422,29749.0
2026-08-17T15:15:00-04:00,59.45000076293945,59.619998931884766,59.45000076293945,59.61970138549805,86619.0
2026-08-17T15:20:00-04:00,59.6150016784668,59.630001068115234,59.564998626708984,59.56769943237305,100267.0
2026-08-17T15:25:00-04:00,59.56999969482422,59.595001220703125,59.564998626708984,59.57500076293945,59161.0
2026-08-17T15:30:00-04:00,59.579898834228516,59.584999084472656,59.54499816894531,59.57500076293945,80415.0
2026-08-17T15:35:00-04:00,59.57500076293945,59.584999084472656,59.51499938964844,59.529998779296875,117158.0
2026-08-17T15:40:00-04:00,59.53499984741211,59.599998474121094,59.51499938964844,59.58000183105469,94226.0
2026-08-17T15:45:00-04:00,59.57500076293945,59.630001068115234,59.56019973754883,59.625,82996.0
2026-08-17T15:50:00-04:00,59.619998931884766,59.619998931884766,59.5,59.528099060058594,267997.0
2026-08-17T15:55:00-04:00,59.525001525878906,59.58000183105469,59.47999954223633,59.564998626708984,445436.0
2026-08-18T09:30:00-04:00,58.6150016784668,58.7671012878418,58.29999923706055,58.70009994506836,1523236.0
2026-08-18T09:35:00-04:00,58.70180130004883,58.93519973754883,58.689998626708984,58.93000030517578,228892.0
2026-08-18T09:40:00-04:00,58.93000030517578,59.0099983215332,58.810001373291016,58.81999969482422,209587.0
2026-08-18T09:45:00-04:00,58.83000183105469,58.84000015258789,58.52989959716797,58.54999923706055,198747.0
2026-08-18T09:50:00-04:00,58.54999923706055,58.619998931884766,58.415000915527344,58.48500061035156,346040.0
2026-08-18T09:55:00-04:00,58.4900016784668,58.61000061035156,58.46500015258789,58.61000061035156,188032.0
2026-08-18T10:00:00-04:00,58.61989974975586,58.70500183105469,58.584999084472656,58.625,275897.0
2026-08-18T10:05:00-04:00,58.625,58.625,58.41999816894531,58.41999816894531,231715.0
2026-08-18T10:10:00-04:00,58.415000915527344,58.45000076293945,58.29999923706055,58.334999084472656,167940.0
2026-08-18T10:15:00-04:00,58.334999084472656,58.619998931884766,58.31999969482422,58.560001373291016,167965.0
2026-08-18T10:20:00-04:00,58.560001373291016,58.58000183105469,58.45000076293945,58.5099983215332,210048.0
2026-08-18T10:25:00-04:00,58.5099983215332,58.54999923706055,58.45500183105469,58.48500061035156,145920.0
2026-08-18T10:30:00-04:00,58.48500061035156,58.5099983215332,58.38999938964844,58.459999084472656,176853.0
2026-08-18T10:35:00-04:00,58.459999084472656,58.459999084472656,58.150001525878906,58.15999984741211,232865.0
2026-08-18T10:40:00-04:00,58.165000915527344,58.22999954223633,58.06999969482422,58.16999816894531,246515.0
2026-08-18T10:45:00-04:00,58.16999816894531,58.349998474121094,58.150001525878906,58.34000015258789,202964.0
2026-08-18T10:50:00-04:00,58.34000015258789,58.38999938964844,58.06999969482422,58.17169952392578,292269.0
2026-08-18T10:55:00-04:00,58.165000915527344,58.2400016784668,57.91999816894531,57.959999084472656,387769.0
2026-08-18T11:00:00-04:00,57.970001220703125,58.130001068115234,57.92499923706055,58.099998474121094,255847.0
2026-08-18T11:05:00-04:00,58.1150016784668,58.119998931884766,57.775001525878906,57.779998779296875,243314.0
2026-08-18T11:10:00-04:00,57.78499984741211,57.810001373291016,57.59000015258789,57.63999938964844,365000.0
2026-08-18T11:15:00-04:00,57.63999938964844,57.77000045776367,57.494998931884766,57.5,401331.0
2026-08-18T11:20:00-04:00,57.4900016784668,57.55500030517578,57.380001068115234,57.45500183105469,461957.0
2026-08-18T11:25:00-04:00,57.459999084472656,57.61000061035156,57.439998626708984,57.52000045776367,250159.0
2026-08-18T11:30:00-04:00,57.52000045776367,57.6150016784668,57.4900016784668,57.56999969482422,188817.0
2026-08-18T11:35:00-04:00,57.56999969482422,57.58000183105469,57.439998626708984,57.55820083618164,123527.0
2026-08-18T11:40:00-04:00,57.540000915527344,57.61000061035156,57.5099983215332,57.584999084472656,131053.0
2026-08-18T11:45:00-04:00,57.59000015258789,57.775001525878906,57.59000015258789,57.76499938964844,128020.0
2026-08-18T11:50:00-04:00,57.77000045776367,57.81999969482422,57.730098724365234,57.79499816894531,84426.0
2026-08-18T11:55:00-04:00,57.79499816894531,57.83810043334961,57.779998779296875,57.81999969482422,78384.0
2026-08-18T12:00:00-04:00,57.81999969482422,57.92499923706055,57.79999923706055,57.900001525878906,79807.0
2026-08-18T12:05:00-04:00,57.900001525878906,57.94810104370117,57.869998931884766,57.939998626708984,54571.0
2026-08-18T12:10:00-04:00,57.940101623535156,57.948001861572266,57.85029983520508,57.85029983520508,59405.0
2026-08-18T12:15:00-04:00,57.86000061035156,57.869998931884766,57.755001068115234,57.79779815673828,59587.0
2026-08-18T12:20:00-04:00,57.80500030517578,57.83000183105469,57.755001068115234,57.779998779296875,59638.0
2026-08-18T12:25:00-04:00,57.790000915527344,57.84000015258789,57.70500183105469,57.71500015258789,68956.0
2026-08-18T12:30:00-04:00,57.720001220703125,57.79999923706055,57.720001220703125,57.790000915527344,45056.0
2026-08-18T12:35:00-04:00,57.79499816894531,57.810001373291016,57.75199890136719,57.78499984741211,44357.0
2026-08-18T12:40:00-04:00,57.779998779296875,57.83869934082031,57.7400016784668,57.779998779296875,57162.0
2026-08-18T12:45:00-04:00,57.779998779296875,57.790000915527344,57.72999954223633,57.739498138427734,43408.0
2026-08-18T12:50:00-04:00,57.744998931884766,57.810001373291016,57.7400016784668,57.80500030517578,66927.0
2026-08-18T12:55:00-04:00,57.79499816894531,57.79999923706055,57.68000030517578,57.709999084472656,87038.0
2026-08-18T13:00:00-04:00,57.70500183105469,57.79999923706055,57.70000076293945,57.775001525878906,99915.0
2026-08-18T13:05:00-04:00,57.775001525878906,57.79999923706055,57.7400016784668,57.744998931884766,46724.0
2026-08-18T13:10:00-04:00,57.75,57.775001525878906,57.720001220703125,57.744998931884766,46992.0
2026-08-18T13:15:00-04:00,57.75,57.80979919433594,57.744998931884766,57.76499938964844,60675.0
2026-08-18T13:20:00-04:00,57.766300201416016,57.83000183105469,57.7400016784668,57.83000183105469,63966.0
2026-08-18T13:25:00-04:00,57.83000183105469,57.834999084472656,57.78499984741211,57.81610107421875,84944.0
2026-08-18T13:30:00-04:00,57.81999969482422,57.834999084472656,57.755001068115234,57.80500030517578,73050.0
2026-08-18T13:35:00-04:00,57.79999923706055,57.810001373291016,57.689998626708984,57.779998779296875,46327.0
2026-08-18T13:40:00-04:00,57.779998779296875,57.814998626708984,57.71500015258789,57.71500015258789,105548.0
2026-08-18T13:45:00-04:00,57.709999084472656,57.724998474121094,57.63999938964844,57.650001525878906,209211.0
2026-08-18T13:50:00-04:00,57.650001525878906,57.689998626708984,57.630001068115234,57.685001373291016,161323.0
2026-08-18T13:55:00-04:00,57.68000030517578,57.68000030517578,57.625,57.665000915527344,149749.0
2026-08-18T14:00:00-04:00,57.665000915527344,57.665000915527344,57.555301666259766,57.570098876953125,103870.0
2026-08-18T14:05:00-04:00,57.56999969482422,57.6349983215332,57.560001373291016,57.619998931884766,94871.0
2026-08-18T14:10:00-04:00,57.630001068115234,57.65999984741211,57.55500030517578,57.650001525878906,66363.0
2026-08-18T14:15:00-04:00,57.650001525878906,57.70989990234375,57.6349983215332,57.70500183105469,57629.0
2026-08-18T14:20:00-04:00,57.70500183105469,57.720001220703125,57.595001220703125,57.61000061035156,63950.0
2026-08-18T14:25:00-04:00,57.60499954223633,57.689998626708984,57.600101470947266,57.66999816894531,76097.0
2026-08-18T14:30:00-04:00,57.66999816894531,57.709999084472656,57.650001525878906,57.70500183105469,61227.0
2026-08-18T14:35:00-04:00,57.709999084472656,57.724998474121094,57.69499969482422,57.724998474121094,48135.0
2026-08-18T14:40:00-04:00,57.7057991027832,57.7057991027832,57.625,57.630001068115234,29886.0
2026-08-18T14:45:00-04:00,57.6349983215332,57.68000030517578,57.619998931884766,57.625,44447.0
2026-08-18T14:50:00-04:00,57.630001068115234,57.63999938964844,57.619998931884766,57.630001068115234,18232.0
2026-08-18T14:55:00-04:00,57.62465286254883,57.63999938964844,57.58000183105469,57.60499954223633,41280.0
2026-08-18T15:00:00-04:00,57.60499954223633,57.678001403808594,57.599998474121094,57.599998474121094,75570.0
2026-08-18T15:05:00-04:00,57.599998474121094,57.63999938964844,57.595001220703125,57.61000061035156,50579.0
2026-08-18T15:10:00-04:00,57.599998474121094,57.660099029541016,57.595001220703125,57.63999938964844,70561.0
2026-08-18T15:15:00-04:00,57.630001068115234,57.689998626708984,57.625,57.64500045776367,58138.0
2026-08-18T15:20:00-04:00,57.63999938964844,57.68000030517578,57.619998931884766,57.64500045776367,30120.0
2026-08-18T15:25:00-04:00,57.650001525878906,57.67499923706055,57.630001068115234,57.65999984741211,54716.0
2026-08-18T15:30:00-04:00,57.650001525878906,57.69499969482422,57.61000061035156,57.61360168457031,77432.0
2026-08-18T15:35:00-04:00,57.619998931884766,57.63999938964844,57.58000183105469,57.61000061035156,81668.0
2026-08-18T15:40:00-04:00,57.618099212646484,57.650001525878906,57.52000045776367,57.525001525878906,149545.0
2026-08-18T15:45:00-04:00,57.52000045776367,57.560001373291016,57.33000183105469,57.380001068115234,332753.0
2026-08-18T15:50:00-04:00,57.375,57.400001525878906,57.22999954223633,57.3650016784668,433820.0
2026-08-18T15:55:00-04:00,57.375,57.45000076293945,57.31999969482422,57.43000030517578,462592.0
2026-08-19T09:30:00-04:00,58.90399932861328,59.185001373291016,58.88999938964844,59.01499938964844,3695805.0
2026-08-19T09:35:00-04:00,59.0099983215332,59.0099983215332,58.69499969482422,58.78499984741211,447109.0
2026-08-19T09:40:00-04:00,58.790000915527344,58.92499923706055,58.67100143432617,58.845001220703125,527015.0
2026-08-19T09:45:00-04:00,58.84000015258789,58.904998779296875,58.652000427246094,58.652000427246094,246950.0
2026-08-19T09:50:00-04:00,58.650001525878906,58.76499938964844,58.584999084472656,58.67319869995117,271785.0
2026-08-19T09:55:00-04:00,58.69060134887695,58.880001068115234,58.65719985961914,58.821998596191406,252988.0
2026-08-19T10:00:00-04:00,58.82500076293945,58.88999938964844,58.75,58.86750030517578,231797.0
2026-08-19T10:05:00-04:00,58.8650016784668,58.98500061035156,58.845001220703125,58.97999954223633,183248.0
2026-08-19T10:10:00-04:00,58.974998474121094,59.02000045776367,58.8650016784668,58.989898681640625,308371.0
2026-08-19T10:15:00-04:00,58.97999954223633,59.09000015258789,58.939998626708984,58.97999954223633,377784.0
2026-08-19T10:20:00-04:00,58.974998474121094,59.04790115356445,58.87200164794922,58.96500015258789,183771.0
2026-08-19T10:25:00-04:00,58.96500015258789,59.2588005065918,58.96500015258789,59.19499969482422,431903.0
2026-08-19T10:30:00-04:00,59.189998626708984,59.34000015258789,59.189998626708984,59.30950164794922,328452.0
2026-08-19T10:35:00-04:00,59.29999923706055,59.459999084472656,59.29999923706055,59.36000061035156,451969.0
2026-08-19T10:40:00-04:00,59.35499954223633,59.59000015258789,59.334999084472656,59.44499969482422,345469.0
2026-08-19T10:45:00-04:00,59.439998626708984,59.439998626708984,59.13999938964844,59.15010070800781,288908.0
2026-08-19T10:50:00-04:00,59.15119934082031,59.310001373291016,59.109901428222656,59.26499938964844,136957.0
2026-08-19T10:55:00-04:00,59.260101318359375,59.36000061035156,59.25,59.290000915527344,121264.0
2026-08-19T11:00:00-04:00,59.290000915527344,59.34000015258789,59.220001220703125,59.34000015258789,220463.0
2026-08-19T11:05:00-04:00,59.334999084472656,59.36000061035156,59.290000915527344,59.290000915527344,129944.0
2026-08-19T11:10:00-04:00,59.28499984741211,59.36000061035156,59.220001220703125,59.31999969482422,188600.0
2026-08-19T11:15:00-04:00,59.32500076293945,59.380001068115234,59.279998779296875,59.310001373291016,171380.0
2026-08-19T11:20:00-04:00,59.310001373291016,59.345001220703125,59.185001373291016,59.185001373291016,295317.0
2026-08-19T11:25:00-04:00,59.18000030517578,59.255001068115234,59.125,59.209999084472656,284365.0
2026-08-19T11:30:00-04:00,59.220001220703125,59.29999923706055,59.18000030517578,59.275001525878906,1707.0
2026-08-19T11:35:00-04:00,59.279998779296875,59.34870147705078,59.2599983215332,59.34000015258789,99981.0
2026-08-19T11:40:00-04:00,59.334999084472656,59.52000045776367,59.26499938964844,59.459999084472656,175295.0
2026-08-19T11:45:00-04:00,59.459999084472656,59.56999969482422,59.45000076293945,59.5,105065.0
2026-08-19T11:50:00-04:00,59.5,59.54499816894531,59.40999984741211,59.4818000793457,134296.0
2026-08-19T11:55:00-04:00,59.48500061035156,59.54499816894531,59.470001220703125,59.540000915527344,99380.0
2026-08-19T12:00:00-04:00,59.540000915527344,59.67499923706055,59.540000915527344,59.59000015258789,214276.0
2026-08-19T12:05:00-04:00,59.582000732421875,59.689998626708984,59.560001373291016,59.65999984741211,128028.0
2026-08-19T12:10:00-04:00,59.65950012207031,59.665000915527344,59.560001373291016,59.600101470947266,139278.0
2026-08-19T12:15:00-04:00,59.60499954223633,59.6422004699707,59.525001525878906,59.52989959716797,296397.0
2026-08-19T12:20:00-04:00,59.529998779296875,59.599998474121094,59.51499938964844,59.54499816894531,68104.0
2026-08-19T12:25:00-04:00,59.54169845581055,59.56999969482422,59.47999954223633,59.505001068115234,167884.0
2026-08-19T12:30:00-04:00,59.5098991394043,59.56999969482422,59.48509979248047,59.540000915527344,136774.0
2026-08-19T12:35:00-04:00,59.53499984741211,59.59000015258789,59.46229934692383,59.540000915527344,223514.0
2026-08-19T12:40:00-04:00,59.54499816894531,59.560001373291016,59.474998474121094,59.5099983215332,138570.0
2026-08-19T12:45:00-04:00,59.51499938964844,59.53499984741211,59.489898681640625,59.525001525878906,73956.0
2026-08-19T12:50:00-04:00,59.525001525878906,59.57500076293945,59.48500061035156,59.5,165384.0
2026-08-19T12:55:00-04:00,59.489898681640625,59.5099983215332,59.45000076293945,59.459999084472656,169511.0
2026-08-19T13:00:00-04:00,59.459999084472656,59.57500076293945,59.459999084472656,59.5099983215332,103352.0
2026-08-19T13:05:00-04:00,59.5099983215332,59.529998779296875,59.41999816894531,59.44499969482422,276987.0
2026-08-19T13:10:00-04:00,59.45009994506836,59.4900016784668,59.380001068115234,59.470001220703125,200249.0
2026-08-19T13:15:00-04:00,59.470001220703125,59.470001220703125,59.29499816894531,59.31999969482422,128948.0
2026-08-19T13:20:00-04:00,59.31999969482422,59.415000915527344,59.290000915527344,59.39500045776367,199572.0
2026-08-19T13:25:00-04:00,59.39500045776367,59.39500045776367,59.310001373291016,59.345001220703125,84251.0
2026-08-19T13:30:00-04:00,59.349998474121094,59.36000061035156,59.290000915527344,59.339900970458984,194998.0
2026-08-19T13:35:00-04:00,59.349998474121094,59.38560104370117,59.33000183105469,59.330101013183594,63091.0
2026-08-19T13:40:00-04:00,59.34000015258789,59.43000030517578,59.34000015258789,59.4099006652832,108164.0
2026-08-19T13:45:00-04:00,59.4005012512207,59.45711135864258,59.3849983215332,59.45000076293945,65081.0
2026-08-19T13:50:00-04:00,59.45000076293945,59.45500183105469,59.375,59.3849983215332,91378.0
2026-08-19T13:55:00-04:00,59.3849983215332,59.3849983215332,59.30500030517578,59.37990188598633,58367.0
2026-08-19T14:00:00-04:00,59.369998931884766,59.58000183105469,59.334999084472656,59.56999969482422,149726.0
2026-08-19T14:05:00-04:00,59.564998626708984,59.595001220703125,59.38999938964844,59.459999084472656,176136.0
2026-08-19T14:10:00-04:00,59.470001220703125,59.494998931884766,59.400001525878906,59.40999984741211,121487.0
2026-08-19T14:15:00-04:00,59.415000915527344,59.415000915527344,59.255001068115234,59.310001373291016,171572.0
2026-08-19T14:20:00-04:00,59.30500030517578,59.33000183105469,59.22999954223633,59.25,131561.0
2026-08-19T14:25:00-04:00,59.2495002746582,59.26499938964844,59.16939926147461,59.220001220703125,238798.0
2026-08-19T14:30:00-04:00,59.220001220703125,59.369998931884766,59.189998626708984,59.349998474121094,133397.0
2026-08-19T14:35:00-04:00,59.349998474121094,59.41999816894531,59.30509948730469,59.4099006652832,135506.0
2026-08-19T14:40:00-04:00,59.40999984741211,59.599998474121094,59.40999984741211,59.57500076293945,170888.0
2026-08-19T14:45:00-04:00,59.56999969482422,59.59000015258789,59.52000045776367,59.570098876953125,98525.0
2026-08-19T14:50:00-04:00,59.589900970458984,59.689998626708984,59.571998596191406,59.65999984741211,128815.0
2026-08-19T14:55:00-04:00,59.65999984741211,59.709999084472656,59.63999938964844,59.69049835205078,164840.0
2026-08-19T15:00:00-04:00,59.70000076293945,59.79499816894531,59.690101623535156,59.75,159285.0
2026-08-19T15:05:00-04:00,59.7400016784668,59.90999984741211,59.70000076293945,59.899898529052734,181398.0
2026-08-19T15:10:00-04:00,59.900001525878906,59.959999084472656,59.849998474121094,59.89500045776367,236024.0
2026-08-19T15:15:00-04:00,59.89500045776367,59.97019958496094,59.88999938964844,59.939998626708984,166183.0
2026-08-19T15:20:00-04:00,59.935001373291016,59.939998626708984,59.8849983215332,59.939998626708984,163648.0
2026-08-19T15:25:00-04:00,59.95000076293945,60.029998779296875,59.915000915527344,59.994998931884766,420745.0
2026-08-19T15:30:00-04:00,60.0,60.04999923706055,59.97999954223633,59.98500061035156,253286.0
2026-08-19T15:35:00-04:00,59.98500061035156,59.98500061035156,59.862098693847656,59.94670104980469,372677.0
2026-08-19T15:40:00-04:00,59.95000076293945,59.974998474121094,59.92499923706055,59.96500015258789,484206.0
2026-08-19T15:45:00-04:00,59.959999084472656,60.005001068115234,59.88999938964844,59.9900016784668,236819.0
2026-08-19T15:50:00-04:00,59.9900016784668,60.02000045776367,59.91999816894531,60.0,381705.0
2026-08-19T15:55:00-04:00,59.9900016784668,60.04999923706055,59.9900016784668,60.0099983215332,686989.0
2026-08-20T09:30:00-04:00,60.2599983215332,60.45500183105469,60.2599983215332,60.442100524902344,2534071.0
2026-08-20T09:35:00-04:00,60.44499969482422,60.845001220703125,60.43199920654297,60.80500030517578,619901.0
2026-08-20T09:40:00-04:00,60.810001373291016,61.0,60.65999984741211,60.904998779296875,397357.0
2026-08-20T09:45:00-04:00,60.91999816894531,61.0,60.7333984375,60.78499984741211,428028.0
2026-08-20T09:50:00-04:00,60.79499816894531,60.880001068115234,60.709999084472656,60.810001373291016,228288.0
2026-08-20T09:55:00-04:00,60.81999969482422,60.845001220703125,60.66999816894531,60.709999084472656,220522.0
2026-08-20T10:00:00-04:00,60.71500015258789,60.880001068115234,60.63999938964844,60.7400016784668,317887.0
2026-08-20T10:05:00-04:00,60.72999954223633,60.86050033569336,60.69499969482422,60.86050033569336,225775.0
2026-08-20T10:10:00-04:00,60.86000061035156,61.05509948730469,60.84000015258789,60.88999938964844,531667.0
2026-08-20T10:15:00-04:00,60.8849983215332,61.0,60.81999969482422,60.834999084472656,256524.0
2026-08-20T10:20:00-04:00,60.82889938354492,61.02000045776367,60.810001373291016,60.915000915527344,216382.0
2026-08-20T10:25:00-04:00,60.90999984741211,61.01499938964844,60.84000015258789,60.98500061035156,178924.0
2026-08-20T10:30:00-04:00,60.9900016784668,61.209999084472656,60.970001220703125,61.099998474121094,306282.0
2026-08-20T10:35:00-04:00,61.11000061035156,61.2599983215332,61.040000915527344,61.18000030517578,611896.0
2026-08-20T10:40:00-04:00,61.18199920654297,61.22999954223633,61.08000183105469,61.190101623535156,186090.0
2026-08-20T10:45:00-04:00,61.20000076293945,61.400001525878906,61.189998626708984,61.35499954223633,207009.0
2026-08-20T10:50:00-04:00,61.3650016784668,61.54999923706055,61.36000061035156,61.525001525878906,328803.0
2026-08-20T10:55:00-04:00,61.52899932861328,61.817298889160156,61.525001525878906,61.790000915527344,389328.0
2026-08-20T11:00:00-04:00,61.790000915527344,62.154998779296875,61.72999954223633,62.029998779296875,1186277.0
2026-08-20T11:05:00-04:00,62.025001525878906,62.025001525878906,61.720001220703125,61.82500076293945,688513.0
2026-08-20T11:10:00-04:00,61.81999969482422,62.29499816894531,61.79499816894531,62.18000030517578,1059585.0
2026-08-20T11:15:00-04:00,62.185001373291016,62.33000183105469,62.11000061035156,62.2599983215332,814838.0
2026-08-20T11:20:00-04:00,62.275001525878906,62.29999923706055,62.060001373291016,62.137901306152344,534236.0
2026-08-20T11:25:00-04:00,62.130001068115234,62.224998474121094,62.07500076293945,62.119998931884766,344064.0
2026-08-20T11:30:00-04:00,62.119998931884766,62.1349983215332,61.939998626708984,61.96009826660156,500777.0
2026-08-20T11:35:00-04:00,61.96500015258789,62.0,61.744998931884766,61.75,411702.0
2026-08-20T11:40:00-04:00,61.755001068115234,61.790000915527344,61.56999969482422,61.577598571777344,533729.0
2026-08-20T11:45:00-04:00,61.564998626708984,61.720001220703125,61.564998626708984,61.65999984741211,248437.0
2026-08-20T11:50:00-04:00,61.654998779296875,61.68000030517578,61.589900970458984,61.650001525878906,133239.0
2026-08-20T11:55:00-04:00,61.665000915527344,61.79499816894531,61.650001525878906,61.729000091552734,144906.0
2026-08-20T12:00:00-04:00,61.7400016784668,61.827999114990234,61.689998626708984,61.69710159301758,140805.0
2026-08-20T12:05:00-04:00,61.690101623535156,61.78990173339844,61.689998626708984,61.78499984741211,126665.0
2026-08-20T12:10:00-04:00,61.790000915527344,61.790000915527344,61.500099182128906,61.540000915527344,215064.0
2026-08-20T12:15:00-04:00,61.53499984741211,61.53499984741211,61.43989944458008,61.529998779296875,200476.0
2026-08-20T12:20:00-04:00,61.53499984741211,61.53499984741211,61.41999816894531,61.45989990234375,126882.0
2026-08-20T12:25:00-04:00,61.45000076293945,61.459999084472656,61.36000061035156,61.45000076293945,197925.0
2026-08-20T12:30:00-04:00,61.45000076293945,61.4900016784668,61.36000061035156,61.45000076293945,172938.0
2026-08-20T12:35:00-04:00,61.459999084472656,61.54999923706055,61.45000076293945,61.458499908447266,130281.0
2026-08-20T12:40:00-04:00,61.459999084472656,61.54999923706055,61.45000076293945,61.540000915527344,74982.0
2026-08-20T12:45:00-04:00,61.540000915527344,61.67499923706055,61.48500061035156,61.66999816894531,145949.0
2026-08-20T12:50:00-04:00,61.66999816894531,61.69499969482422,61.59000015258789,61.64500045776367,210175.0
2026-08-20T12:55:00-04:00,61.64500045776367,61.68000030517578,61.58100128173828,61.630001068115234,140674.0
2026-08-20T13:00:00-04:00,61.63119888305664,61.70500183105469,61.63119888305664,61.67499923706055,94709.0
2026-08-20T13:05:00-04:00,61.66999816894531,61.689998626708984,61.58000183105469,61.63999938964844,89714.0
2026-08-20T13:10:00-04:00,61.6349983215332,61.63999938964844,61.5620002746582,61.619998931884766,58747.0
2026-08-20T13:15:00-04:00,61.619998931884766,61.619998931884766,61.53499984741211,61.560001373291016,64343.0
2026-08-20T13:20:00-04:00,61.57500076293945,61.6609992980957,61.43000030517578,61.47999954223633,116343.0
2026-08-20T13:25:00-04:00,61.47209930419922,61.6150016784668,61.47209930419922,61.52989959716797,93296.0
2026-08-20T13:30:00-04:00,61.525001525878906,61.63990020751953,61.505001068115234,61.63169860839844,67562.0
2026-08-20T13:35:00-04:00,61.63999938964844,61.650001525878906,61.584999084472656,61.595001220703125,62716.0
2026-08-20T13:40:00-04:00,61.59000015258789,61.61000061035156,61.54140090942383,61.584999084472656,60748.0
2026-08-20T13:45:00-04:00,61.58000183105469,61.63999938964844,61.56999969482422,61.625,91857.0
2026-08-20T13:50:00-04:00,61.630001068115234,61.665000915527344,61.584999084472656,61.599998474121094,71510.0
2026-08-20T13:55:00-04:00,61.589500427246094,61.625,61.564998626708984,61.58000183105469,46049.0
2026-08-20T14:00:00-04:00,61.58000183105469,61.6150016784668,61.54999923706055,61.57500076293945,62558.0
2026-08-20T14:05:00-04:00,61.58000183105469,61.59000015258789,61.31999969482422,61.345001220703125,199825.0
2026-08-20T14:10:00-04:00,61.3400993347168,61.349998474121094,61.209999084472656,61.23500061035156,293799.0
2026-08-20T14:15:00-04:00,61.2400016784668,61.334999084472656,61.189998626708984,61.334999084472656,196620.0
2026-08-20T14:20:00-04:00,61.33000183105469,61.42499923706055,61.31010055541992,61.380001068115234,66943.0
2026-08-20T14:25:00-04:00,61.369998931884766,61.47999954223633,61.3650016784668,61.459999084472656,270182.0
2026-08-20T14:30:00-04:00,61.45000076293945,61.5,61.38999938964844,61.40999984741211,179453.0
2026-08-20T14:35:00-04:00,61.400001525878906,61.47999954223633,61.380001068115234,61.38990020751953,112121.0
2026-08-20T14:40:00-04:00,61.3849983215332,61.40999984741211,61.375,61.400001525878906,101139.0
2026-08-20T14:45:00-04:00,61.38999938964844,61.415000915527344,61.35499954223633,61.415000915527344,224956.0
2026-08-20T14:50:00-04:00,61.408599853515625,61.46500015258789,61.408599853515625,61.41999816894531,146400.0
2026-08-20T14:55:00-04:00,61.41999816894531,61.42399978637695,61.34000015258789,61.349998474121094,63418.0
2026-08-20T15:00:00-04:00,61.345001220703125,61.380001068115234,61.28049850463867,61.380001068115234,105883.0
2026-08-20T15:05:00-04:00,61.38010025024414,61.529998779296875,61.38010025024414,61.51900100708008,195076.0
2026-08-20T15:10:00-04:00,61.51499938964844,61.63999938964844,61.4900016784668,61.62990188598633,309551.0
2026-08-20T15:15:00-04:00,61.63869857788086,61.685001373291016,61.599998474121094,61.61000061035156,164145.0
2026-08-20T15:20:00-04:00,61.61000061035156,61.63999938964844,61.52000045776367,61.63990020751953,122986.0
2026-08-20T15:25:00-04:00,61.63999938964844,61.68000030517578,61.52000045776367,61.529998779296875,146384.0
2026-08-20T15:30:00-04:00,61.52000045776367,61.55500030517578,61.5099983215332,61.525001525878906,199022.0
2026-08-20T15:35:00-04:00,61.525001525878906,61.650001525878906,61.474998474121094,61.6349983215332,478326.0
2026-08-20T15:40:00-04:00,61.6349983215332,61.63999938964844,61.540000915527344,61.54010009765625,246934.0
2026-08-20T15:45:00-04:00,61.540000915527344,61.685001373291016,61.49100112915039,61.67499923706055,464046.0
2026-08-20T15:50:00-04:00,61.66999816894531,61.779998779296875,61.64500045776367,61.744998931884766,723828.0
2026-08-20T15:55:00-04:00,61.744998931884766,61.749900817871094,61.630001068115234,61.66999816894531,778029.0
2026-08-21T09:30:00-04:00,62.900001525878906,62.959999084472656,62.61000061035156,62.619998931884766,2898467.0
2026-08-21T09:35:00-04:00,62.62200164794922,62.900001525878906,62.56999969482422,62.842498779296875,434073.0
2026-08-21T09:40:00-04:00,62.83000183105469,63.03499984741211,62.82500076293945,63.025001525878906,517600.0
2026-08-21T09:45:00-04:00,63.02000045776367,63.130001068115234,62.93000030517578,63.119998931884766,546155.0
2026-08-21T09:50:00-04:00,63.125,63.13999938964844,62.755001068115234,62.812198638916016,503334.0
2026-08-21T09:55:00-04:00,62.810001373291016,62.890499114990234,62.63999938964844,62.65439987182617,300923.0
2026-08-21T10:00:00-04:00,62.650001525878906,62.868011474609375,62.630001068115234,62.779998779296875,400633.0
2026-08-21T10:05:00-04:00,62.78990173339844,62.915000915527344,62.724998474121094,62.860198974609375,269986.0
2026-08-21T10:10:00-04:00,62.875,62.880001068115234,62.775001525878906,62.82500076293945,225542.0
2026-08-21T10:15:00-04:00,62.82500076293945,62.83729934692383,62.625,62.66899871826172,278747.0
2026-08-21T10:20:00-04:00,62.665000915527344,62.98789978027344,62.665000915527344,62.96500015258789,254552.0
2026-08-21T10:25:00-04:00,62.970001220703125,63.084999084472656,62.970001220703125,63.0099983215332,259596.0
2026-08-21T10:30:00-04:00,63.005001068115234,63.019901275634766,62.650001525878906,62.665000915527344,266206.0
2026-08-21T10:35:00-04:00,62.665000915527344,62.685001373291016,62.2599983215332,62.35499954223633,401464.0
2026-08-21T10:40:00-04:00,62.349998474121094,62.505001068115234,62.279998779296875,62.36029815673828,316618.0
2026-08-21T10:45:00-04:00,62.36050033569336,62.538597106933594,62.30009841918945,62.529998779296875,449472.0
2026-08-21T10:50:00-04:00,62.529998779296875,62.650001525878906,62.39500045776367,62.44499969482422,253572.0
2026-08-21T10:55:00-04:00,62.439998626708984,62.5,62.290000915527344,62.47999954223633,153780.0
2026-08-21T11:00:00-04:00,62.470001220703125,62.4900016784668,62.36000061035156,62.47999954223633,173048.0
2026-08-21T11:05:00-04:00,62.47999954223633,62.54499816894531,62.41999816894531,62.470001220703125,172651.0
2026-08-21T11:10:00-04:00,62.474998474121094,62.61949920654297,62.45500183105469,62.56999969482422,211530.0
2026-08-21T11:15:00-04:00,62.56999969482422,62.650001525878906,62.540000915527344,62.630001068115234,151782.0
2026-08-21T11:20:00-04:00,62.63999938964844,62.78950119018555,62.600101470947266,62.78950119018555,130119.0
2026-08-21T11:25:00-04:00,62.78499984741211,62.86949920654297,62.72999954223633,62.744998931884766,276656.0
2026-08-21T11:30:00-04:00,62.75,62.77790069580078,62.650001525878906,62.75,148166.0
2026-08-21T11:35:00-04:00,62.74980163574219,62.814998626708984,62.744998931884766,62.79999923706055,128998.0
2026-08-21T11:40:00-04:00,62.80500030517578,62.875,62.755001068115234,62.79499816894531,195577.0
2026-08-21T11:45:00-04:00,62.79999923706055,62.849998474121094,62.775001525878906,62.775001525878906,150708.0
2026-08-21T11:50:00-04:00,62.779998779296875,62.96500015258789,62.779998779296875,62.92499923706055,237472.0
2026-08-21T11:55:00-04:00,62.93000030517578,62.939998626708984,62.779998779296875,62.81999969482422,163138.0
2026-08-21T12:00:00-04:00,62.81999969482422,62.900001525878906,62.78499984741211,62.859901428222656,169686.0
2026-08-21T12:05:00-04:00,62.86000061035156,62.86000061035156,62.650001525878906,62.665000915527344,154226.0
2026-08-21T12:10:00-04:00,62.66999816894531,62.790000915527344,62.665000915527344,62.72999954223633,245712.0
2026-08-21T12:15:00-04:00,62.72999954223633,62.83000183105469,62.72999954223633,62.775001525878906,203914.0
2026-08-21T12:20:00-04:00,62.779998779296875,62.97999954223633,62.73500061035156,62.787498474121094,286719.0
2026-08-21T12:25:00-04:00,62.789798736572266,62.869998931884766,62.7599983215332,62.839900970458984,116904.0
2026-08-21T12:30:00-04:00,62.849998474121094,63.005001068115234,62.81999969482422,62.97990036010742,187944.0
2026-08-21T12:35:00-04:00,62.970001220703125,63.04499816894531,62.939998626708984,63.02009963989258,86851.0
2026-08-21T12:40:00-04:00,63.01499938964844,63.04499816894531,62.999000549316406,63.03499984741211,139239.0
2026-08-21T12:45:00-04:00,63.03239822387695,63.125,63.029998779296875,63.04999923706055,137589.0
2026-08-21T12:50:00-04:00,63.05500030517578,63.19499969482422,63.04499816894531,63.189998626708984,185866.0
2026-08-21T12:55:00-04:00,63.18000030517578,63.189998626708984,63.11000061035156,63.165000915527344,1134630.0
2026-08-21T13:00:00-04:00,63.16999816894531,63.20500183105469,63.060001373291016,63.084999084472656,341491.0
2026-08-21T13:05:00-04:00,63.084999084472656,63.150001525878906,63.06999969482422,63.10499954223633,561082.0
2026-08-21T13:10:00-04:00,63.1150016784668,63.154998779296875,62.94499969482422,62.994998931884766,759760.0
2026-08-21T13:15:00-04:00,62.9900016784668,63.029998779296875,62.939998626708984,62.95000076293945,126024.0
2026-08-21T13:20:00-04:00,62.95000076293945,62.974998474121094,62.70500183105469,62.82500076293945,329435.0
2026-08-21T13:25:00-04:00,62.808799743652344,62.915000915527344,62.72999954223633,62.90999984741211,239128.0
2026-08-21T13:30:00-04:00,62.904998779296875,62.90999984741211,62.81999969482422,62.880001068115234,129176.0
2026-08-21T13:35:00-04:00,62.88999938964844,62.970001220703125,62.88999938964844,62.91999816894531,178011.0
2026-08-21T13:40:00-04:00,62.915000915527344,62.959999084472656,62.869998931884766,62.880001068115234,215253.0
2026-08-21T13:45:00-04:00,62.8849983215332,62.8849983215332,62.78499984741211,62.790000915527344,152688.0
2026-08-21T13:50:00-04:00,62.78499984741211,62.845001220703125,62.74209976196289,62.79499816894531,105764.0
2026-08-21T13:55:00-04:00,62.79999923706055,62.83000183105469,62.779998779296875,62.80500030517578,126173.0
2026-08-21T14:00:00-04:00,62.80500030517578,62.935001373291016,62.79999923706055,62.935001373291016,136054.0
2026-08-21T14:05:00-04:00,62.939998626708984,62.98500061035156,62.88999938964844,62.891998291015625,450567.0
2026-08-21T14:10:00-04:00,62.90679931640625,62.91999816894531,62.849998474121094,62.875,67303.0
2026-08-21T14:15:00-04:00,62.875,62.970001220703125,62.8650016784668,62.959999084472656,59432.0
2026-08-21T14:20:00-04:00,62.96599197387695,62.97999954223633,62.95000076293945,62.97999954223633,73876.0
2026-08-21T14:25:00-04:00,62.97999954223633,63.025001525878906,62.900001525878906,62.91389846801758,114075.0
2026-08-21T14:30:00-04:00,62.90999984741211,62.91510009765625,62.790000915527344,62.8849983215332,104390.0
2026-08-21T14:35:00-04:00,62.88999938964844,62.91510009765625,62.81999969482422,62.82500076293945,238055.0
2026-08-21T14:40:00-04:00,62.82500076293945,62.869998931884766,62.82500076293945,62.85499954223633,97412.0
2026-08-21T14:45:00-04:00,62.86000061035156,62.904998779296875,62.849998474121094,62.88690185546875,79655.0
2026-08-21T14:50:00-04:00,62.885406494140625,62.90999984741211,62.849998474121094,62.900001525878906,59576.0
2026-08-21T14:55:00-04:00,62.900001525878906,62.904998779296875,62.875,62.904998779296875,252912.0
2026-08-21T15:00:00-04:00,62.90999984741211,62.93000030517578,62.790000915527344,62.79999923706055,136095.0
2026-08-21T15:05:00-04:00,62.80220031738281,62.834999084472656,62.73310089111328,62.814998626708984,100241.0
2026-08-21T15:10:00-04:00,62.810001373291016,62.859500885009766,62.78499984741211,62.85499954223633,101539.0
2026-08-21T15:15:00-04:00,62.849998474121094,62.85499954223633,62.79999923706055,62.82500076293945,77135.0
2026-08-21T15:20:00-04:00,62.81999969482422,62.84000015258789,62.7599983215332,62.83000183105469,192485.0
2026-08-21T15:25:00-04:00,62.834999084472656,62.8650016784668,62.724998474121094,62.724998474121094,128389.0
2026-08-21T15:30:00-04:00,62.724998474121094,62.7599983215332,62.665000915527344,62.66999816894531,170578.0
2026-08-21T15:35:00-04:00,62.66999816894531,62.689998626708984,62.619998931884766,62.654998779296875,184287.0
2026-08-21T15:40:00-04:00,62.65370178222656,62.685001373291016,62.61000061035156,62.61000061035156,321606.0
2026-08-21T15:45:00-04:00,62.6150016784668,62.7400016784668,62.595001220703125,62.72010040283203,399083.0
2026-08-21T15:50:00-04:00,62.720001220703125,62.77989959716797,62.70500183105469,62.75,281064.0
2026-08-21T15:55:00-04:00,62.744998931884766,62.79499816894531,62.68000030517578,62.71500015258789,903866.0
2026-08-24T09:30:00-04:00,62.810001373291016,63.029998779296875,62.70000076293945,62.869998931884766,3293623.0
2026-08-24T09:35:00-04:00,62.8650016784668,62.939998626708984,62.619998931884766,62.619998931884766,750721.0
2026-08-24T09:40:00-04:00,62.619998931884766,62.77190017700195,62.22999954223633,62.22999954223633,515058.0
2026-08-24T09:45:00-04:00,62.22999954223633,62.58000183105469,62.185001373291016,62.474998474121094,579261.0
2026-08-24T09:50:00-04:00,62.470001220703125,62.52000045776367,62.16999816894531,62.334999084472656,778125.0
2026-08-24T09:55:00-04:00,62.34000015258789,62.367801666259766,62.20000076293945,62.349998474121094,472683.0
2026-08-24T10:00:00-04:00,62.345001220703125,62.435001373291016,62.19499969482422,62.28499984741211,325830.0
2026-08-24T10:05:00-04:00,62.2599983215332,62.470001220703125,62.2599983215332,62.41999816894531,307690.0
2026-08-24T10:10:00-04:00,62.43000030517578,62.471900939941406,62.255001068115234,62.290000915527344,321617.0
2026-08-24T10:15:00-04:00,62.290000915527344,62.31999969482422,62.012001037597656,62.255001068115234,477392.0
2026-08-24T10:20:00-04:00,62.2599983215332,62.39500045776367,62.22999954223633,62.28499984741211,259066.0
2026-08-24T10:25:00-04:00,62.279998779296875,62.470001220703125,62.25619888305664,62.422000885009766,149465.0
2026-08-24T10:30:00-04:00,62.41999816894531,62.59000015258789,62.38999938964844,62.57500076293945,228427.0
2026-08-24T10:35:00-04:00,62.584999084472656,62.6150016784668,62.505001068115234,62.540000915527344,192146.0
2026-08-24T10:40:00-04:00,62.540000915527344,62.560001373291016,62.351200103759766,62.40999984741211,212817.0
2026-08-24T10:45:00-04:00,62.40999984741211,62.448001861572266,62.25,62.2599983215332,197968.0
2026-08-24T10:50:00-04:00,62.27000045776367,62.270599365234375,62.060001373291016,62.2504997253418,190711.0
2026-08-24T10:55:00-04:00,62.2599983215332,62.41999816894531,62.220001220703125,62.29199981689453,176443.0
2026-08-24T11:00:00-04:00,62.28499984741211,62.5099983215332,62.25,62.5,177381.0
2026-08-24T11:05:00-04:00,62.5099983215332,62.525001525878906,62.43989944458008,62.45000076293945,106781.0
2026-08-24T11:10:00-04:00,62.44499969482422,62.494998931884766,62.400001525878906,62.435001373291016,95725.0
2026-08-24T11:15:00-04:00,62.43000030517578,62.48400115966797,62.369998931884766,62.470001220703125,103914.0
2026-08-24T11:20:00-04:00,62.47999954223633,62.4900016784668,62.41999816894531,62.48500061035156,95278.0
2026-08-24T11:25:00-04:00,62.4900016784668,62.630001068115234,62.45500183105469,62.55500030517578,220199.0
2026-08-24T11:30:00-04:00,62.560001373291016,62.580501556396484,62.39500045776367,62.404998779296875,173377.0
2026-08-24T11:35:00-04:00,62.40999984741211,62.439998626708984,62.279998779296875,62.34000015258789,207587.0
2026-08-24T11:40:00-04:00,62.339900970458984,62.339900970458984,62.09000015258789,62.12630081176758,250170.0
2026-08-24T11:45:00-04:00,62.119998931884766,62.21500015258789,61.904998779296875,61.95500183105469,459775.0
2026-08-24T11:50:00-04:00,61.95399856567383,62.06999969482422,61.94499969482422,62.01499938964844,135853.0
2026-08-24T11:55:00-04:00,62.005001068115234,62.005001068115234,61.77000045776367,61.915000915527344,305656.0
2026-08-24T12:00:00-04:00,61.93000030517578,62.1349983215332,61.900001525878906,62.099998474121094,236181.0
2026-08-24T12:05:00-04:00,62.11000061035156,62.17499923706055,62.020198822021484,62.020198822021484,108045.0
2026-08-24T12:10:00-04:00,62.025001525878906,62.08000183105469,62.0,62.029998779296875,170169.0
2026-08-24T12:15:00-04:00,62.029998779296875,62.165000915527344,62.0099983215332,62.150001525878906,234823.0
2026-08-24T12:20:00-04:00,62.151798248291016,62.16999816894531,62.11000061035156,62.14500045776367,147724.0
2026-08-24T12:25:00-04:00,62.15999984741211,62.220001220703125,62.154998779296875,62.20500183105469,93800.0
2026-08-24T12:30:00-04:00,62.20500183105469,62.224998474121094,62.16999816894531,62.18000030517578,85828.0
2026-08-24T12:35:00-04:00,62.18000030517578,62.20000076293945,62.130001068115234,62.130001068115234,91581.0
2026-08-24T12:40:00-04:00,62.11989974975586,62.18989944458008,62.11989974975586,62.150001525878906,76914.0
2026-08-24T12:45:00-04:00,62.15999984741211,62.189998626708984,62.119998931884766,62.17610168457031,79282.0
2026-08-24T12:50:00-04:00,62.189998626708984,62.19499969482422,62.11000061035156,62.15999984741211,79595.0
2026-08-24T12:55:00-04:00,62.16999816894531,62.16999816894531,62.02000045776367,62.05500030517578,150056.0
2026-08-24T13:00:00-04:00,62.05500030517578,62.095001220703125,62.01499938964844,62.06999969482422,83325.0
2026-08-24T13:05:00-04:00,62.08000183105469,62.259498596191406,62.025001525878906,62.20000076293945,131642.0
2026-08-24T13:10:00-04:00,62.20000076293945,62.25,62.1349983215332,62.154998779296875,194157.0
2026-08-24T13:15:00-04:00,62.14860153198242,62.220001220703125,62.0625,62.1150016784668,70202.0
2026-08-24T13:20:00-04:00,62.11000061035156,62.11000061035156,61.78499984741211,61.959999084472656,521172.0
2026-08-24T13:25:00-04:00,61.939998626708984,62.040000915527344,61.869998931884766,61.91999816894531,126099.0
2026-08-24T13:30:00-04:00,61.915000915527344,61.970001220703125,61.83000183105469,61.880001068115234,101294.0
2026-08-24T13:35:00-04:00,61.88999938964844,61.97999954223633,61.86000061035156,61.920101165771484,97965.0
2026-08-24T13:40:00-04:00,61.93000030517578,61.95000076293945,61.880001068115234,61.880001068115234,76927.0
2026-08-24T13:45:00-04:00,61.87919998168945,61.8849983215332,61.77000045776367,61.77000045776367,90168.0
2026-08-24T13:50:00-04:00,61.7599983215332,61.88990020751953,61.7400016784668,61.79010009765625,111546.0
2026-08-24T13:55:00-04:00,61.79499816894531,61.88999938964844,61.77109909057617,61.880001068115234,91775.0
2026-08-24T14:00:00-04:00,61.869998931884766,62.029998779296875,61.8650016784668,62.0,108295.0
2026-08-24T14:05:00-04:00,62.0,62.0,61.72999954223633,61.83000183105469,152078.0
2026-08-24T14:10:00-04:00,61.81999969482422,61.900001525878906,61.810001373291016,61.85499954223633,76950.0
2026-08-24T14:15:00-04:00,61.859901428222656,61.91999816894531,61.814998626708984,61.900001525878906,94905.0
2026-08-24T14:20:00-04:00,61.900001525878906,62.025001525878906,61.88999938964844,62.01499938964844,104797.0
2026-08-24T14:25:00-04:00,62.01499938964844,62.099998474121094,61.970001220703125,62.0099983215332,268192.0
2026-08-24T14:30:00-04:00,62.02000045776367,62.040000915527344,61.920501708984375,61.920501708984375,97742.0
2026-08-24T14:35:00-04:00,61.93000030517578,61.939998626708984,61.744998931884766,61.8400993347168,104011.0
2026-08-24T14:40:00-04:00,61.84769821166992,61.939998626708984,61.845001220703125,61.90999984741211,62929.0
2026-08-24T14:45:00-04:00,61.915000915527344,61.91999816894531,61.86370086669922,61.88990020751953,51297.0
2026-08-24T14:50:00-04:00,61.8849983215332,61.904998779296875,61.849998474121094,61.85499954223633,48071.0
2026-08-24T14:55:00-04:00,61.85499954223633,61.915000915527344,61.85499954223633,61.88999938964844,46154.0
2026-08-24T15:00:00-04:00,61.88999938964844,61.974998474121094,61.8849983215332,61.935001373291016,101833.0
2026-08-24T15:05:00-04:00,61.935001373291016,61.95000076293945,61.8849983215332,61.915000915527344,53247.0
2026-08-24T15:10:00-04:00,61.915000915527344,61.93000030517578,61.869998931884766,61.875,137807.0
2026-08-24T15:15:00-04:00,61.880001068115234,61.9995002746582,61.86000061035156,61.988399505615234,135570.0
2026-08-24T15:20:00-04:00,61.9900016784668,62.06999969482422,61.959999084472656,61.98500061035156,143322.0
2026-08-24T15:25:00-04:00,61.9900016784668,61.994998931884766,61.89500045776367,61.91999816894531,68613.0
2026-08-24T15:30:00-04:00,61.92499923706055,61.95000076293945,61.88999938964844,61.88999938964844,159339.0
2026-08-24T15:35:00-04:00,61.88999938964844,62.005001068115234,61.88999938964844,61.98500061035156,159636.0
2026-08-24T15:40:00-04:00,61.98500061035156,62.10499954223633,61.97999954223633,62.095001220703125,212384.0
2026-08-24T15:45:00-04:00,62.095001220703125,62.17499923706055,62.07500076293945,62.17499923706055,297603.0
2026-08-24T15:50:00-04:00,62.17499923706055,62.21500015258789,62.150001525878906,62.185001373291016,301337.0
2026-08-24T15:55:00-04:00,62.18000030517578,62.220001220703125,62.154998779296875,62.20000076293945,353418.0
2026-08-25T09:30:00-04:00,60.9900016784668,61.29050064086914,60.959999084472656,61.2599983215332,2403366.0
2026-08-25T09:35:00-04:00,61.255001068115234,61.27000045776367,61.060001373291016,61.14500045776367,288496.0
2026-08-25T09:40:00-04:00,61.150001525878906,61.2401008605957,60.974998474121094,61.04899978637695,438820.0
2026-08-25T09:45:00-04:00,61.04499816894531,61.18000030517578,60.959999084472656,60.97999954223633,442553.0
2026-08-25T09:50:00-04:00,60.97999954223633,61.11000061035156,60.939998626708984,61.0099983215332,349233.0
2026-08-25T09:55:00-04:00,61.0,61.185001373291016,60.959999084472656,61.18000030517578,279044.0
2026-08-25T10:00:00-04:00,61.189998626708984,61.375,61.18000030517578,61.31999969482422,305180.0
2026-08-25T10:05:00-04:00,61.32500076293945,61.45000076293945,61.310001373291016,61.349998474121094,270506.0
2026-08-25T10:10:00-04:00,61.35200119018555,61.40999984741211,61.279998779296875,61.310001373291016,178094.0
2026-08-25T10:15:00-04:00,61.317901611328125,61.349998474121094,61.189998626708984,61.189998626708984,260072.0
2026-08-25T10:20:00-04:00,61.19499969482422,61.415000915527344,61.19499969482422,61.404998779296875,102624.0
2026-08-25T10:25:00-04:00,61.404998779296875,61.494998931884766,61.39500045776367,61.41999816894531,164536.0
2026-08-25T10:30:00-04:00,61.42499923706055,61.57899856567383,61.150001525878906,61.525001525878906,326418.0
2026-08-25T10:35:00-04:00,61.529998779296875,61.65999984741211,61.529998779296875,61.625,174552.0
2026-08-25T10:40:00-04:00,61.630001068115234,61.65545654296875,61.45500183105469,61.56999969482422,166739.0
2026-08-25T10:45:00-04:00,61.56999969482422,61.65999984741211,61.56840133666992,61.599998474121094,134975.0
2026-08-25T10:50:00-04:00,61.599998474121094,61.630001068115234,61.525001525878906,61.56999969482422,143194.0
2026-08-25T10:55:00-04:00,61.57500076293945,61.599998474121094,61.529998779296875,61.59000015258789,110227.0
2026-08-25T11:00:00-04:00,61.599998474121094,61.665000915527344,61.470001220703125,61.505001068115234,107446.0
2026-08-25T11:05:00-04:00,61.505001068115234,61.584999084472656,61.494998931884766,61.540199279785156,214771.0
2026-08-25T11:10:00-04:00,61.54499816894531,61.630001068115234,61.505001068115234,61.61000061035156,88685.0
2026-08-25T11:15:00-04:00,61.619998931884766,61.80500030517578,61.529998779296875,61.79499816894531,194537.0
2026-08-25T11:20:00-04:00,61.79999923706055,61.86000061035156,61.77000045776367,61.78499984741211,159413.0
2026-08-25T11:25:00-04:00,61.779998779296875,61.845001220703125,61.73500061035156,61.755001068115234,122572.0
2026-08-25T11:30:00-04:00,61.7599983215332,61.97999954223633,61.7599983215332,61.939998626708984,158369.0
2026-08-25T11:35:00-04:00,61.93000030517578,62.17499923706055,61.90999984741211,62.099998474121094,467753.0
2026-08-25T11:40:00-04:00,62.11000061035156,62.23659896850586,62.08000183105469,62.21369934082031,170461.0
2026-08-25T11:45:00-04:00,62.224998474121094,62.2599983215332,62.130001068115234,62.20000076293945,202003.0
2026-08-25T11:50:00-04:00,62.2046012878418,62.220001220703125,62.060001373291016,62.130001068115234,189886.0
2026-08-25T11:55:00-04:00,62.099998474121094,62.209999084472656,62.07500076293945,62.20500183105469,127845.0
2026-08-25T12:00:00-04:00,62.209999084472656,62.23899841308594,62.11000061035156,62.1150016784668,147666.0
2026-08-25T12:05:00-04:00,62.11009979248047,62.130001068115234,62.01319885253906,62.017799377441406,126774.0
2026-08-25T12:10:00-04:00,62.0099983215332,62.060001373291016,61.959999084472656,61.999900817871094,89613.0
2026-08-25T12:15:00-04:00,61.9900016784668,62.099998474121094,61.964599609375,62.040000915527344,120633.0
2026-08-25T12:20:00-04:00,62.03010177612305,62.03499984741211,61.92499923706055,62.029998779296875,106337.0
2026-08-25T12:25:00-04:00,62.02370071411133,62.06999969482422,62.00960159301758,62.059898376464844,59557.0
2026-08-25T12:30:00-04:00,62.060001373291016,62.08000183105469,61.95000076293945,61.96500015258789,72120.0
2026-08-25T12:35:00-04:00,61.96009826660156,62.128501892089844,61.935001373291016,62.1150016784668,39250.0
2026-08-25T12:40:00-04:00,62.111900329589844,62.119998931884766,62.064998626708984,62.11000061035156,41701.0
2026-08-25T12:45:00-04:00,62.109500885009766,62.209999084472656,62.09000015258789,62.18109893798828,79441.0
2026-08-25T12:50:00-04:00,62.18199920654297,62.189998626708984,62.12009811401367,62.13010025024414,44520.0
2026-08-25T12:55:00-04:00,62.125,62.13010025024414,62.04999923706055,62.077999114990234,96327.0
2026-08-25T13:00:00-04:00,62.08000183105469,62.099998474121094,62.015499114990234,62.03499984741211,41443.0
2026-08-25T13:05:00-04:00,62.01499938964844,62.06999969482422,62.0,62.04999923706055,60466.0
2026-08-25T13:10:00-04:00,62.04499816894531,62.099998474121094,61.994998931884766,62.09000015258789,75572.0
2026-08-25T13:15:00-04:00,62.084999084472656,62.20000076293945,62.029998779296875,62.19309997558594,78421.0
2026-08-25T13:20:00-04:00,62.189998626708984,62.239498138427734,62.040000915527344,62.08000183105469,108329.0
2026-08-25T13:25:00-04:00,62.07500076293945,62.13999938964844,62.06999969482422,62.09000015258789,31279.0
2026-08-25T13:30:00-04:00,62.099998474121094,62.14500045776367,62.084999084472656,62.095001220703125,90129.0
2026-08-25T13:35:00-04:00,62.10499954223633,62.18000030517578,62.10499954223633,62.15999984741211,34990.0
2026-08-25T13:40:00-04:00,62.16999816894531,62.244998931884766,62.154998779296875,62.23500061035156,82551.0
2026-08-25T13:45:00-04:00,62.22999954223633,62.329898834228516,62.224998474121094,62.314998626708984,232669.0
2026-08-25T13:50:00-04:00,62.314998626708984,62.31629943847656,62.22999954223633,62.2400016784668,58743.0
2026-08-25T13:55:00-04:00,62.23500061035156,62.2599983215332,62.212100982666016,62.2599983215332,88842.0
2026-08-25T14:00:00-04:00,62.2599983215332,62.2599983215332,62.16999816894531,62.185001373291016,66681.0
2026-08-25T14:05:00-04:00,62.20500183105469,62.255001068115234,62.19179916381836,62.23509979248047,67742.0
2026-08-25T14:10:00-04:00,62.23500061035156,62.310001373291016,62.22010040283203,62.224998474121094,64400.0
2026-08-25T14:15:00-04:00,62.22999954223633,62.25,62.17499923706055,62.20500183105469,64222.0
2026-08-25T14:20:00-04:00,62.22532272338867,62.244998931884766,62.20000076293945,62.239898681640625,55693.0
2026-08-25T14:25:00-04:00,62.22999954223633,62.2598991394043,62.21500015258789,62.255001068115234,50509.0
2026-08-25T14:30:00-04:00,62.2599983215332,62.2599983215332,62.16999816894531,62.20000076293945,38877.0
2026-08-25T14:35:00-04:00,62.20000076293945,62.209999084472656,62.13999938964844,62.14500045776367,100975.0
2026-08-25T14:40:00-04:00,62.140098571777344,62.220001220703125,62.1349983215332,62.20000076293945,50548.0
2026-08-25T14:45:00-04:00,62.20000076293945,62.22999954223633,62.19499969482422,62.224998474121094,46022.0
2026-08-25T14:50:00-04:00,62.22489929199219,62.22999954223633,62.20000076293945,62.22520065307617,70015.0
2026-08-25T14:55:00-04:00,62.221500396728516,62.28499984741211,62.21500015258789,62.275001525878906,61161.0
2026-08-25T15:00:00-04:00,62.27109909057617,62.39500045776367,62.27109909057617,62.310001373291016,216042.0
2026-08-25T15:05:00-04:00,62.30799865722656,62.474998474121094,62.30500030517578,62.439998626708984,150429.0
2026-08-25T15:10:00-04:00,62.44499969482422,62.525001525878906,62.439998626708984,62.5,103403.0
2026-08-25T15:15:00-04:00,62.494998931884766,62.619998931884766,62.4900016784668,62.56800079345703,129009.0
2026-08-25T15:20:00-04:00,62.570098876953125,62.59000015258789,62.459999084472656,62.474998474121094,169675.0
2026-08-25T15:25:00-04:00,62.470001220703125,62.470001220703125,62.3849983215332,62.415000915527344,127664.0
2026-08-25T15:30:00-04:00,62.40999984741211,62.41999816894531,62.334999084472656,62.345001220703125,128322.0
2026-08-25T15:35:00-04:00,62.34000015258789,62.35499954223633,62.2599983215332,62.275001525878906,193300.0
2026-08-25T15:40:00-04:00,62.27989959716797,62.358001708984375,62.255001068115234,62.28499984741211,176594.0
2026-08-25T15:45:00-04:00,62.288700103759766,62.327598571777344,62.2599983215332,62.314998626708984,302625.0
2026-08-25T15:50:00-04:00,62.310001373291016,62.38999938964844,62.244998931884766,62.345001220703125,285954.0
2026-08-25T15:55:00-04:00,62.34000015258789,62.349998474121094,62.2400016784668,62.310001373291016,285939.0
2026-08-26T09:30:00-04:00,61.59000015258789,61.810001373291016,61.59000015258789,61.724998474121094,1498817.0
2026-08-26T09:35:00-04:00,61.72999954223633,61.78499984741211,61.63999938964844,61.689998626708984,274984.0
2026-08-26T09:40:00-04:00,61.69129943847656,61.834999084472656,61.67499923706055,61.77000045776367,223447.0
2026-08-26T09:45:00-04:00,61.7599983215332,61.845001220703125,61.68000030517578,61.7400016784668,282353.0
2026-08-26T09:50:00-04:00,61.7400016784668,61.869998931884766,61.665000915527344,61.77000045776367,252805.0
2026-08-26T09:55:00-04:00,61.77000045776367,61.8849983215332,61.77000045776367,61.85499954223633,178779.0
2026-08-26T10:00:00-04:00,61.86009979248047,61.900001525878906,61.68000030517578,61.75,296672.0
2026-08-26T10:05:00-04:00,61.7400016784668,61.79999923706055,61.65010070800781,61.689998626708984,150053.0
2026-08-26T10:10:00-04:00,61.70000076293945,61.78799819946289,61.650001525878906,61.67829895019531,84581.0
2026-08-26T10:15:00-04:00,61.68000030517578,61.869998931884766,61.65999984741211,61.83000183105469,132082.0
2026-08-26T10:20:00-04:00,61.8353157043457,61.959999084472656,61.78499984741211,61.790000915527344,142988.0
2026-08-26T10:25:00-04:00,61.80500030517578,61.80500030517578,61.619998931884766,61.6859016418457,108955.0
2026-08-26T10:30:00-04:00,61.66999816894531,61.7599983215332,61.630001068115234,61.7400016784668,116160.0
2026-08-26T10:35:00-04:00,61.720001220703125,61.7400016784668,61.619998931884766,61.689998626708984,138124.0
2026-08-26T10:40:00-04:00,61.70000076293945,61.814998626708984,61.70000076293945,61.79999923706055,92635.0
2026-08-26T10:45:00-04:00,61.810001373291016,61.83000183105469,61.5099983215332,61.55329895019531,147388.0
2026-08-26T10:50:00-04:00,61.55500030517578,61.599998474121094,61.415000915527344,61.435001373291016,148353.0
2026-08-26T10:55:00-04:00,61.44499969482422,61.494998931884766,61.34000015258789,61.34000015258789,178428.0
2026-08-26T11:00:00-04:00,61.349998474121094,61.400001525878906,61.099998474121094,61.17499923706055,322465.0
2026-08-26T11:05:00-04:00,61.1796989440918,61.279998779296875,61.01499938964844,61.255001068115234,394504.0
2026-08-26T11:10:00-04:00,61.255001068115234,61.28499984741211,61.07500076293945,61.10499954223633,176975.0
2026-08-26T11:15:00-04:00,61.099998474121094,61.269901275634766,61.05500030517578,61.224998474121094,151568.0
2026-08-26T11:20:00-04:00,61.220001220703125,61.27989959716797,61.19990158081055,61.27000045776367,143694.0
2026-08-26T11:25:00-04:00,61.275001525878906,61.40999984741211,61.244998931884766,61.380001068115234,265825.0
2026-08-26T11:30:00-04:00,61.369998931884766,61.43000030517578,61.35210037231445,61.40250015258789,95792.0
2026-08-26T11:35:00-04:00,61.40999984741211,61.48500061035156,61.39759826660156,61.48500061035156,110853.0
2026-08-26T11:40:00-04:00,61.5,61.529998779296875,61.4900016784668,61.494998931884766,58108.0
2026-08-26T11:45:00-04:00,61.5,61.58000183105469,61.49300003051758,61.560001373291016,69605.0
2026-08-26T11:50:00-04:00,61.55500030517578,61.55500030517578,61.33000183105469,61.41999816894531,183515.0
2026-08-26T11:55:00-04:00,61.42499923706055,61.52000045776367,61.35499954223633,61.380001068115234,97916.0
2026-08-26T12:00:00-04:00,61.380001068115234,61.415000915527344,61.290000915527344,61.380001068115234,97001.0
2026-08-26T12:05:00-04:00,61.380001068115234,61.46989822387695,61.36000061035156,61.41999816894531,56217.0
2026-08-26T12:10:00-04:00,61.42499923706055,61.42499923706055,61.349998474121094,61.40999984741211,33800.0
2026-08-26T12:15:00-04:00,61.41999816894531,61.41999816894531,61.36000061035156,61.38999938964844,49287.0
2026-08-26T12:20:00-04:00,61.399898529052734,61.40999984741211,61.349998474121094,61.36840057373047,61302.0
2026-08-26T12:25:00-04:00,61.3849983215332,61.45500183105469,61.369998931884766,61.42499923706055,443147.0
2026-08-26T12:30:00-04:00,61.435001373291016,61.474998474121094,61.38999938964844,61.470001220703125,343538.0
2026-08-26T12:35:00-04:00,61.459999084472656,61.525001525878906,61.36989974975586,61.37009811401367,153573.0
2026-08-26T12:40:00-04:00,61.369998931884766,61.43000030517578,61.32500076293945,61.36000061035156,51974.0
2026-08-26T12:45:00-04:00,61.36000061035156,61.474998474121094,61.36000061035156,61.470001220703125,38197.0
2026-08-26T12:50:00-04:00,61.47800064086914,61.52000045776367,61.38999938964844,61.404998779296875,44360.0
2026-08-26T12:55:00-04:00,61.4015998840332,61.46979904174805,61.375,61.45000076293945,56066.0
2026-08-26T13:00:00-04:00,61.45500183105469,61.54999923706055,61.45000076293945,61.54499816894531,61845.0
2026-08-26T13:05:00-04:00,61.54499816894531,61.570098876953125,61.45500183105469,61.5099983215332,95975.0
2026-08-26T13:10:00-04:00,61.5099983215332,61.52000045776367,61.435001373291016,61.46500015258789,59114.0
2026-08-26T13:15:00-04:00,61.470001220703125,61.53200149536133,61.470001220703125,61.53200149536133,27284.0
2026-08-26T13:20:00-04:00,61.54499816894531,61.56999969482422,61.459999084472656,61.48500061035156,88754.0
2026-08-26T13:25:00-04:00,61.48500061035156,61.584999084472656,61.459999084472656,61.564998626708984,62557.0
2026-08-26T13:30:00-04:00,61.57500076293945,61.58000183105469,61.529998779296875,61.540000915527344,71536.0
2026-08-26T13:35:00-04:00,61.54999923706055,61.56999969482422,61.48500061035156,61.48500061035156,44556.0
2026-08-26T13:40:00-04:00,61.48899841308594,61.531700134277344,61.45000076293945,61.5099983215332,59338.0
2026-08-26T13:45:00-04:00,61.5,61.53499984741211,61.470001220703125,61.52000045776367,45649.0
2026-08-26T13:50:00-04:00,61.519500732421875,61.519500732421875,61.44499969482422,61.44499969482422,50512.0
2026-08-26T13:55:00-04:00,61.44499969482422,61.45989990234375,61.3849983215332,61.45000076293945,115888.0
2026-08-26T14:00:00-04:00,61.439998626708984,61.625,61.42509841918945,61.619998931884766,65456.0
2026-08-26T14:05:00-04:00,61.625,61.650001525878906,61.58000183105469,61.584999084472656,85126.0
2026-08-26T14:10:00-04:00,61.584999084472656,61.650001525878906,61.584999084472656,61.6150016784668,43142.0
2026-08-26T14:15:00-04:00,61.630001068115234,61.64500045776367,61.54999923706055,61.55500030517578,51429.0
2026-08-26T14:20:00-04:00,61.55500030517578,61.584999084472656,61.529998779296875,61.57500076293945,47549.0
2026-08-26T14:25:00-04:00,61.58000183105469,61.60499954223633,61.55500030517578,61.56999969482422,88832.0
2026-08-26T14:30:00-04:00,61.560001373291016,61.630001068115234,61.525001525878906,61.595001220703125,72934.0
2026-08-26T14:35:00-04:00,61.59000015258789,61.630001068115234,61.54999923706055,61.584999084472656,224128.0
2026-08-26T14:40:00-04:00,61.58000183105469,61.654998779296875,61.57500076293945,61.630001068115234,43479.0
2026-08-26T14:45:00-04:00,61.630001068115234,61.689998626708984,61.62099838256836,61.650001525878906,94993.0
2026-08-26T14:50:00-04:00,61.650001525878906,61.6952018737793,61.64500045776367,61.654998779296875,83658.0
2026-08-26T14:55:00-04:00,61.650001525878906,61.65999984741211,61.61000061035156,61.6150016784668,54021.0
2026-08-26T15:00:00-04:00,61.619998931884766,61.63999938964844,61.53200149536133,61.56999969482422,142183.0
2026-08-26T15:05:00-04:00,61.570098876953125,61.6150016784668,61.55500030517578,61.599998474121094,60524.0
2026-08-26T15:10:00-04:00,61.599998474121094,61.65999984741211,61.560001373291016,61.59000015258789,49748.0
2026-08-26T15:15:00-04:00,61.61000061035156,61.630001068115234,61.564998626708984,61.59000015258789,88173.0
2026-08-26T15:20:00-04:00,61.59000015258789,61.599998474121094,61.5536003112793,61.595001220703125,48864.0
2026-08-26T15:25:00-04:00,61.61000061035156,61.720001220703125,61.61000061035156,61.695098876953125,90586.0
2026-08-26T15:30:00-04:00,61.69499969482422,61.720001220703125,61.665000915527344,61.68000030517578,114874.0
2026-08-26T15:35:00-04:00,61.68000030517578,61.70000076293945,61.63999938964844,61.66630172729492,623318.0
2026-08-26T15:40:00-04:00,61.65999984741211,61.709999084472656,61.630001068115234,61.64500045776367,188766.0
2026-08-26T15:45:00-04:00,61.650001525878906,61.689998626708984,61.630001068115234,61.654998779296875,277588.0
2026-08-26T15:50:00-04:00,61.650001525878906,61.654998779296875,61.55500030517578,61.56999969482422,432631.0
2026-08-26T15:55:00-04:00,61.58000183105469,61.619998931884766,61.560001373291016,61.61000061035156,436585.0
2026-08-27T09:30:00-04:00,61.66999816894531,61.78990173339844,61.34000015258789,61.345001220703125,1289955.0
2026-08-27T09:35:00-04:00,61.349998474121094,61.40999984741211,61.20000076293945,61.290000915527344,213390.0
2026-08-27T09:40:00-04:00,61.27000045776367,61.47999954223633,61.22999954223633,61.34989929199219,233512.0
2026-08-27T09:45:00-04:00,61.345001220703125,61.38999938964844,61.08000183105469,61.369998931884766,250693.0
2026-08-27T09:50:00-04:00,61.375,61.525001525878906,61.34000015258789,61.349998474121094,135344.0
2026-08-27T09:55:00-04:00,61.36000061035156,61.43000030517578,61.349998474121094,61.3849983215332,124829.0
2026-08-27T10:00:00-04:00,61.380001068115234,61.5099983215332,61.34000015258789,61.5099983215332,124449.0
2026-08-27T10:05:00-04:00,61.5099983215332,61.619998931884766,61.47999954223633,61.57500076293945,146034.0
2026-08-27T10:10:00-04:00,61.560001373291016,61.59989929199219,61.505001068115234,61.54999923706055,202874.0
2026-08-27T10:15:00-04:00,61.55500030517578,61.76499938964844,61.55500030517578,61.66999816894531,254537.0
2026-08-27T10:20:00-04:00,61.68000030517578,61.8400993347168,61.650001525878906,61.70000076293945,265600.0
2026-08-27T10:25:00-04:00,61.689998626708984,61.737998962402344,61.6349983215332,61.73500061035156,151591.0
2026-08-27T10:30:00-04:00,61.724998474121094,61.915000915527344,61.720001220703125,61.886600494384766,176379.0
2026-08-27T10:35:00-04:00,61.88999938964844,62.02000045776367,61.880001068115234,61.989898681640625,320481.0
2026-08-27T10:40:00-04:00,62.0,62.119998931884766,61.94499969482422,62.064998626708984,213682.0
2026-08-27T10:45:00-04:00,62.06999969482422,62.189998626708984,62.03820037841797,62.09000015258789,168991.0
2026-08-27T10:50:00-04:00,62.09000015258789,62.099998474121094,62.005001068115234,62.02000045776367,116283.0
2026-08-27T10:55:00-04:00,62.02000045776367,62.11000061035156,61.95500183105469,62.099998474121094,203987.0
2026-08-27T11:00:00-04:00,62.099998474121094,62.119998931884766,62.02000045776367,62.095001220703125,214518.0
2026-08-27T11:05:00-04:00,62.099998474121094,62.102298736572266,61.9900016784668,62.02989959716797,202544.0
2026-08-27T11:10:00-04:00,62.025001525878906,62.119998931884766,62.01499938964844,62.06999969482422,116180.0
2026-08-27T11:15:00-04:00,62.08000183105469,62.20500183105469,62.07500076293945,62.165000915527344,235284.0
2026-08-27T11:20:00-04:00,62.165000915527344,62.16999816894531,61.97209930419922,61.98210144042969,169055.0
2026-08-27T11:25:00-04:00,61.9900016784668,62.09000015258789,61.95000076293945,62.03770065307617,69447.0
2026-08-27T11:30:00-04:00,62.040000915527344,62.15999984741211,62.025001525878906,62.084999084472656,90560.0
2026-08-27T11:35:00-04:00,62.089900970458984,62.119998931884766,62.060001373291016,62.11000061035156,95111.0
2026-08-27T11:40:00-04:00,62.130001068115234,62.43000030517578,62.130001068115234,62.29499816894531,207213.0
2026-08-27T11:45:00-04:00,62.29999923706055,62.470001220703125,62.279998779296875,62.45000076293945,136053.0
2026-08-27T11:50:00-04:00,62.459999084472656,62.68000030517578,62.43360137939453,62.669898986816406,228543.0
2026-08-27T11:55:00-04:00,62.65999984741211,62.7599983215332,62.650001525878906,62.72999954223633,316145.0
2026-08-27T12:00:00-04:00,62.72999954223633,62.845001220703125,62.67499923706055,62.77000045776367,215246.0
2026-08-27T12:05:00-04:00,62.76499938964844,62.775001525878906,62.57500076293945,62.59000015258789,205834.0
2026-08-27T12:10:00-04:00,62.584999084472656,62.61000061035156,62.494998931884766,62.5015983581543,175277.0
2026-08-27T12:15:00-04:00,62.5,62.560001373291016,62.45500183105469,62.4900016784668,190417.0
2026-08-27T12:20:00-04:00,62.499900817871094,62.54499816894531,62.470001220703125,62.5,116571.0
2026-08-27T12:25:00-04:00,62.5,62.54499816894531,62.47999954223633,62.540000915527344,300885.0
2026-08-27T12:30:00-04:00,62.54499816894531,62.58000183105469,62.4900016784668,62.56529998779297,91611.0
2026-08-27T12:35:00-04:00,62.57500076293945,62.70000076293945,62.540000915527344,62.70000076293945,138814.0
2026-08-27T12:40:00-04:00,62.70500183105469,62.76499938964844,62.69499969482422,62.71989822387695,117755.0
2026-08-27T12:45:00-04:00,62.720001220703125,62.84510040283203,62.689998626708984,62.689998626708984,168432.0
2026-08-27T12:50:00-04:00,62.698001861572266,62.8650016784668,62.685001373291016,62.84049987792969,112128.0
2026-08-27T12:55:00-04:00,62.849998474121094,62.85499954223633,62.66999816894531,62.84709930419922,218891.0
2026-08-27T13:00:00-04:00,62.849998474121094,62.970001220703125,62.80500030517578,62.91999816894531,277177.0
2026-08-27T13:05:00-04:00,62.90999984741211,62.90999984741211,62.7400016784668,62.7599983215332,201293.0
2026-08-27T13:10:00-04:00,62.75,62.8489990234375,62.71500015258789,62.79999923706055,66590.0
2026-08-27T13:15:00-04:00,62.790000915527344,62.79999923706055,62.71500015258789,62.75,82734.0
2026-08-27T13:20:00-04:00,62.7400016784668,62.810001373291016,62.68000030517578,62.76499938964844,173751.0
2026-08-27T13:25:00-04:00,62.77000045776367,62.810001373291016,62.70000076293945,62.7400016784668,123187.0
2026-08-27T13:30:00-04:00,62.73500061035156,62.779998779296875,62.709999084472656,62.720001220703125,83641.0
2026-08-27T13:35:00-04:00,62.70500183105469,62.77000045776367,62.68000030517578,62.755001068115234,107883.0
2026-08-27T13:40:00-04:00,62.77000045776367,62.86000061035156,62.709999084472656,62.7400016784668,290951.0
2026-08-27T13:45:00-04:00,62.73500061035156,62.7599983215332,62.68000030517578,62.70000076293945,125445.0
2026-08-27T13:50:00-04:00,62.689998626708984,62.72999954223633,62.61000061035156,62.641998291015625,151242.0
2026-08-27T13:55:00-04:00,62.650001525878906,62.68000030517578,62.58000183105469,62.595001220703125,115858.0
2026-08-27T14:00:00-04:00,62.595001220703125,62.595001220703125,62.43000030517578,62.464900970458984,225113.0
2026-08-27T14:05:00-04:00,62.459999084472656,62.54499816894531,62.41999816894531,62.48500061035156,97371.0
2026-08-27T14:10:00-04:00,62.4900016784668,62.529998779296875,62.45000076293945,62.5099983215332,151492.0
2026-08-27T14:15:00-04:00,62.51499938964844,62.58000183105469,62.5,62.58000183105469,117337.0
2026-08-27T14:20:00-04:00,62.56999969482422,62.58000183105469,62.470001220703125,62.474998474121094,122171.0
2026-08-27T14:25:00-04:00,62.470001220703125,62.47999954223633,62.415000915527344,62.415000915527344,158808.0
2026-08-27T14:30:00-04:00,62.415000915527344,62.45500183105469,62.34000015258789,62.369998931884766,78229.0
2026-08-27T14:35:00-04:00,62.375,62.47999954223633,62.3650016784668,62.45500183105469,74597.0
2026-08-27T14:40:00-04:00,62.45000076293945,62.45500183105469,62.400001525878906,62.415000915527344,61415.0
2026-08-27T14:45:00-04:00,62.42499923706055,62.47999954223633,62.410499572753906,62.46500015258789,56257.0
2026-08-27T14:50:00-04:00,62.459999084472656,62.56999969482422,62.42499923706055,62.525474548339844,104341.0
2026-08-27T14:55:00-04:00,62.52000045776367,62.560001373291016,62.494998931884766,62.54499816894531,115156.0
2026-08-27T15:00:00-04:00,62.54999923706055,62.689998626708984,62.540000915527344,62.685001373291016,67078.0
2026-08-27T15:05:00-04:00,62.68000030517578,62.84989929199219,62.665000915527344,62.79499816894531,237549.0
2026-08-27T15:10:00-04:00,62.790000915527344,62.814998626708984,62.73500061035156,62.75,173626.0
2026-08-27T15:15:00-04:00,62.755001068115234,62.77000045776367,62.59000015258789,62.63999938964844,159044.0
2026-08-27T15:20:00-04:00,62.654998779296875,62.65999984741211,62.57500076293945,62.625,89111.0
2026-08-27T15:25:00-04:00,62.62990188598633,62.62990188598633,62.53200149536133,62.57500076293945,84758.0
2026-08-27T15:30:00-04:00,62.56999969482422,62.65999984741211,62.540000915527344,62.650001525878906,131097.0
2026-08-27T15:35:00-04:00,62.654998779296875,62.72999954223633,62.65230178833008,62.724998474121094,116926.0
2026-08-27T15:40:00-04:00,62.72480010986328,62.775001525878906,62.72480010986328,62.77000045776367,137492.0
2026-08-27T15:45:00-04:00,62.775001525878906,62.81999969482422,62.744998931884766,62.79999923706055,193090.0
2026-08-27T15:50:00-04:00,62.79999923706055,62.79999923706055,62.67499923706055,62.75,382960.0
2026-08-27T15:55:00-04:00,62.755001068115234,62.779998779296875,62.68000030517578,62.76499938964844,450487.0
2026-08-28T09:30:00-04:00,63.93000030517578,63.970001220703125,63.632301330566406,63.81999969482422,2272409.0
2026-08-28T09:35:00-04:00,63.83000183105469,63.92499923706055,63.720001220703125,63.7599983215332,392956.0
2026-08-28T09:40:00-04:00,63.76499938964844,63.849998474121094,63.560001373291016,63.750099182128906,405507.0
2026-08-28T09:45:00-04:00,63.76499938964844,64.05999755859375,63.7599983215332,64.0250015258789,628300.0
2026-08-28T09:50:00-04:00,64.0250015258789,64.11949920654297,63.97999954223633,64.06999969482422,675562.0
2026-08-28T09:55:00-04:00,64.07499694824219,64.24500274658203,63.84000015258789,63.84000015258789,730932.0
2026-08-28T10:00:00-04:00,63.8401985168457,64.30000305175781,63.029998779296875,63.064998626708984,1921933.0
2026-08-28T10:05:00-04:00,63.08000183105469,63.109798431396484,62.220001220703125,62.720001220703125,1541904.0
2026-08-28T10:10:00-04:00,62.720001220703125,62.739898681640625,61.88999938964844,61.95500183105469,1088107.0
2026-08-28T10:15:00-04:00,61.940101623535156,62.47999954223633,61.88999938964844,62.279998779296875,1101345.0
2026-08-28T10:20:00-04:00,62.27000045776367,62.55500030517578,62.11000061035156,62.309898376464844,451224.0
2026-08-28T10:25:00-04:00,62.29999923706055,62.34000015258789,61.6150016784668,62.1593017578125,900121.0
2026-08-28T10:30:00-04:00,62.1599006652832,62.67499923706055,62.150001525878906,62.67499923706055,483524.0
2026-08-28T10:35:00-04:00,62.66999816894531,62.95000076293945,62.665000915527344,62.709999084472656,833677.0
2026-08-28T10:40:00-04:00,62.709999084472656,62.80500030517578,62.570098876953125,62.665000915527344,387261.0
2026-08-28T10:45:00-04:00,62.66999816894531,62.72999954223633,62.540000915527344,62.65999984741211,572023.0
2026-08-28T10:50:00-04:00,62.63999938964844,63.040000915527344,62.570098876953125,63.025001525878906,314264.0
2026-08-28T10:55:00-04:00,63.03499984741211,63.27000045776367,62.980098724365234,63.165000915527344,364480.0
2026-08-28T11:00:00-04:00,63.18000030517578,63.279998779296875,63.04499816894531,63.15010070800781,361138.0
2026-08-28T11:05:00-04:00,63.14500045776367,63.17499923706055,62.95500183105469,63.0,226979.0
2026-08-28T11:10:00-04:00,62.994998931884766,62.994998931884766,62.68000030517578,62.7400016784668,218762.0
2026-08-28T11:15:00-04:00,62.70000076293945,62.81010055541992,62.540000915527344,62.56999969482422,243051.0
2026-08-28T11:20:00-04:00,62.57500076293945,62.665000915527344,62.474998474121094,62.56999969482422,188970.0
2026-08-28T11:25:00-04:00,62.584999084472656,62.75,62.4900016784668,62.59000015258789,180205.0
2026-08-28T11:30:00-04:00,62.599998474121094,62.61000061035156,62.349998474121094,62.474998474121094,145424.0
2026-08-28T11:35:00-04:00,62.47999954223633,62.619998931884766,62.2599983215332,62.279998779296875,283948.0
2026-08-28T11:40:00-04:00,62.27899932861328,62.279998779296875,61.970001220703125,62.095001220703125,697830.0
2026-08-28T11:45:00-04:00,62.109901428222656,62.22999954223633,61.880001068115234,62.0,523246.0
2026-08-28T11:50:00-04:00,61.9900016784668,62.195098876953125,61.95500183105469,62.04999923706055,327678.0
2026-08-28T11:55:00-04:00,62.04499816894531,62.06999969482422,61.369998931884766,61.47999954223633,1268993.0
2026-08-28T12:00:00-04:00,61.48500061035156,61.59000015258789,61.400001525878906,61.439998626708984,720462.0
2026-08-28T12:05:00-04:00,61.43000030517578,61.45000076293945,61.20240020751953,61.20500183105469,738013.0
2026-08-28T12:10:00-04:00,61.20989990234375,61.3650016784668,60.9900016784668,61.029998779296875,534923.0
2026-08-28T12:15:00-04:00,61.02000045776367,61.17499923706055,60.630001068115234,60.63999938964844,869462.0
2026-08-28T12:20:00-04:00,60.63999938964844,60.63999938964844,60.15999984741211,60.20029830932617,1066510.0
2026-08-28T12:25:00-04:00,60.209999084472656,60.48500061035156,60.099998474121094,60.36000061035156,560883.0
2026-08-28T12:30:00-04:00,60.369998931884766,60.540000915527344,59.9900016784668,60.03499984741211,899467.0
2026-08-28T12:35:00-04:00,60.03499984741211,60.595001220703125,60.03499984741211,60.57500076293945,484437.0
2026-08-28T12:40:00-04:00,60.57500076293945,60.595001220703125,60.18000030517578,60.21500015258789,494545.0
2026-08-28T12:45:00-04:00,60.220001220703125,60.571998596191406,60.21500015258789,60.571998596191406,236965.0
2026-08-28T12:50:00-04:00,60.59000015258789,60.67499923706055,60.540000915527344,60.5614013671875,222539.0
2026-08-28T12:55:00-04:00,60.59000015258789,60.599998474121094,60.43000030517578,60.4900016784668,253253.0
2026-08-28T13:00:00-04:00,60.5,60.53799819946289,60.34000015258789,60.435001373291016,160198.0
2026-08-28T13:05:00-04:00,60.439998626708984,60.564998626708984,60.400001525878906,60.45000076293945,198234.0
2026-08-28T13:10:00-04:00,60.459999084472656,60.52000045776367,60.33000183105469,60.52000045776367,162509.0
2026-08-28T13:15:00-04:00,60.52000045776367,60.660099029541016,60.44990158081055,60.619998931884766,274789.0
2026-08-28T13:20:00-04:00,60.619998931884766,60.75,60.4900016784668,60.595001220703125,380305.0
2026-08-28T13:25:00-04:00,60.61000061035156,60.630001068115234,60.459999084472656,60.52000045776367,158510.0
2026-08-28T13:30:00-04:00,60.529998779296875,60.61050033569336,60.43000030517578,60.56999969482422,156291.0
2026-08-28T13:35:00-04:00,60.584999084472656,60.63999938964844,60.400001525878906,60.40999984741211,194384.0
2026-08-28T13:40:00-04:00,60.40999984741211,60.48500061035156,60.189998626708984,60.3849983215332,211783.0
2026-08-28T13:45:00-04:00,60.38050079345703,60.5098991394043,60.35499954223633,60.47999954223633,176711.0
2026-08-28T13:50:00-04:00,60.47999954223633,60.5,60.400001525878906,60.4182014465332,88200.0
2026-08-28T13:55:00-04:00,60.41999816894531,60.435001373291016,60.334999084472656,60.38999938964844,94212.0
2026-08-28T14:00:00-04:00,60.380001068115234,60.41999816894531,60.192100524902344,60.20000076293945,195393.0
2026-08-28T14:05:00-04:00,60.20000076293945,60.33000183105469,60.130001068115234,60.18000030517578,254511.0
2026-08-28T14:10:00-04:00,60.18000030517578,60.209999084472656,60.08000183105469,60.130001068115234,199709.0
2026-08-28T14:15:00-04:00,60.11000061035156,60.13999938964844,59.869998931884766,60.04499816894531,401377.0
2026-08-28T14:20:00-04:00,60.029998779296875,60.084999084472656,59.90999984741211,59.970001220703125,286444.0
2026-08-28T14:25:00-04:00,59.970001220703125,60.17499923706055,59.92499923706055,59.935001373291016,193280.0
2026-08-28T14:30:00-04:00,59.93980026245117,60.025001525878906,59.90999984741211,60.0,140860.0
2026-08-28T14:35:00-04:00,60.0099983215332,60.01240158081055,59.900001525878906,59.915000915527344,154133.0
2026-08-28T14:40:00-04:00,59.90999984741211,59.9900016784668,59.72999954223633,59.88999938964844,423429.0
2026-08-28T14:45:00-04:00,59.899898529052734,60.0,59.814998626708984,59.89500045776367,391294.0
2026-08-28T14:50:00-04:00,59.904998779296875,59.97999954223633,59.86970138549805,59.910499572753906,125313.0
2026-08-28T14:55:00-04:00,59.91999816894531,59.947601318359375,59.82500076293945,59.894798278808594,169116.0
2026-08-28T15:00:00-04:00,59.880001068115234,60.02000045776367,59.84000015258789,59.91999816894531,151827.0
2026-08-28T15:05:00-04:00,59.915000915527344,60.025001525878906,59.89500045776367,60.00899887084961,179779.0
2026-08-28T15:10:00-04:00,60.0099983215332,60.029998779296875,59.84230041503906,59.900001525878906,353776.0
2026-08-28T15:15:00-04:00,59.900001525878906,60.02000045776367,59.85499954223633,60.0099983215332,158961.0
2026-08-28T15:20:00-04:00,59.994998931884766,60.03499984741211,59.88999938964844,59.95000076293945,123684.0
2026-08-28T15:25:00-04:00,59.970001220703125,60.119998931884766,59.959999084472656,60.09000015258789,345991.0
2026-08-28T15:30:00-04:00,60.08000183105469,60.14500045776367,60.03990173339844,60.10499954223633,237456.0
2026-08-28T15:35:00-04:00,60.11000061035156,60.17499923706055,60.084999084472656,60.14500045776367,182382.0
2026-08-28T15:40:00-04:00,60.14500045776367,60.18000030517578,60.130001068115234,60.154998779296875,182238.0
2026-08-28T15:45:00-04:00,60.1599006652832,60.15999984741211,59.931400299072266,60.0,496808.0
2026-08-28T15:50:00-04:00,60.0,60.01499938964844,59.87200164794922,59.97710037231445,438134.0
2026-08-28T15:55:00-04:00,59.97999954223633,60.095001220703125,59.95500183105469,60.029998779296875,574159.0
2026-08-31T09:30:00-04:00,60.38999938964844,60.41999816894531,60.099998474121094,60.10499954223633,1998158.0
2026-08-31T09:35:00-04:00,60.10499954223633,60.23630142211914,60.029998779296875,60.09000015258789,425219.0
2026-08-31T09:40:00-04:00,60.07500076293945,60.119998931884766,60.025001525878906,60.040000915527344,274942.0
2026-08-31T09:45:00-04:00,60.04240036010742,60.099998474121094,59.849998474121094,59.959999084472656,393788.0
2026-08-31T09:50:00-04:00,59.959999084472656,60.08000183105469,59.834999084472656,60.08000183105469,330583.0
2026-08-31T09:55:00-04:00,60.060001373291016,60.109500885009766,59.974998474121094,60.01240158081055,250998.0
2026-08-31T10:00:00-04:00,60.01499938964844,60.1150016784668,59.93000030517578,59.970001220703125,263024.0
2026-08-31T10:05:00-04:00,59.970001220703125,60.11000061035156,59.91999816894531,59.98500061035156,221715.0
2026-08-31T10:10:00-04:00,59.97999954223633,60.0,59.810001373291016,59.88999938964844,128768.0
2026-08-31T10:15:00-04:00,59.88999938964844,59.95000076293945,59.834999084472656,59.900001525878906,161628.0
2026-08-31T10:20:00-04:00,59.904998779296875,59.904998779296875,59.709999084472656,59.744998931884766,236010.0
2026-08-31T10:25:00-04:00,59.7400016784668,59.82500076293945,59.67499923706055,59.757999420166016,301657.0
2026-08-31T10:30:00-04:00,59.755001068115234,59.84000015258789,59.72999954223633,59.790000915527344,285269.0
2026-08-31T10:35:00-04:00,59.790000915527344,60.029998779296875,59.779998779296875,59.970001220703125,244443.0
2026-08-31T10:40:00-04:00,59.96609878540039,60.03799819946289,59.92499923706055,59.97990036010742,137062.0
2026-08-31T10:45:00-04:00,59.98500061035156,60.084999084472656,59.90999984741211,59.91999816894531,163156.0
2026-08-31T10:50:00-04:00,59.91999816894531,59.939998626708984,59.83000183105469,59.928001403808594,139146.0
2026-08-31T10:55:00-04:00,59.90999984741211,60.00640106201172,59.8849983215332,59.8849983215332,99389.0
2026-08-31T11:00:00-04:00,59.880001068115234,60.0099983215332,59.79999923706055,59.79999923706055,125053.0
2026-08-31T11:05:00-04:00,59.79999923706055,59.904998779296875,59.75,59.88999938964844,95645.0
2026-08-31T11:10:00-04:00,59.88019943237305,59.959999084472656,59.82500076293945,59.93000030517578,62043.0
2026-08-31T11:15:00-04:00,59.939998626708984,59.98500061035156,59.75,59.81999969482422,96841.0
2026-08-31T11:20:00-04:00,59.810001373291016,59.91999816894531,59.75,59.85770034790039,105353.0
2026-08-31T11:25:00-04:00,59.869998931884766,59.95500183105469,59.810001373291016,59.900001525878906,109536.0
2026-08-31T11:30:00-04:00,59.903099060058594,59.96500015258789,59.84000015258789,59.869998931884766,132359.0
2026-08-31T11:35:00-04:00,59.86000061035156,59.904998779296875,59.7599983215332,59.81999969482422,105508.0
2026-08-31T11:40:00-04:00,59.8125,59.8286018371582,59.75,59.78499984741211,99237.0
2026-08-31T11:45:00-04:00,59.779998779296875,59.900001525878906,59.779998779296875,59.86000061035156,88073.0
2026-08-31T11:50:00-04:00,59.865482330322266,59.91809844970703,59.720001220703125,59.755001068115234,99364.0
2026-08-31T11:55:00-04:00,59.755001068115234,59.77000045776367,59.65999984741211,59.72269821166992,146555.0
2026-08-31T12:00:00-04:00,59.720001220703125,59.880001068115234,59.66999816894531,59.86000061035156,109831.0
2026-08-31T12:05:00-04:00,59.86000061035156,59.95000076293945,59.86000061035156,59.915000915527344,52493.0
2026-08-31T12:10:00-04:00,59.915000915527344,59.994998931884766,59.89820098876953,59.96739959716797,88680.0
2026-08-31T12:15:00-04:00,59.970001220703125,60.0,59.939998626708984,59.95500183105469,149406.0
2026-08-31T12:20:00-04:00,59.95500183105469,59.9900016784668,59.900001525878906,59.94499969482422,51754.0
2026-08-31T12:25:00-04:00,59.95000076293945,60.03499984741211,59.92499923706055,60.02000045776367,168390.0
2026-08-31T12:30:00-04:00,60.029998779296875,60.064998626708984,59.970001220703125,59.97999954223633,102914.0
2026-08-31T12:35:00-04:00,59.98500061035156,59.98500061035156,59.86000061035156,59.88999938964844,95234.0
2026-08-31T12:40:00-04:00,59.88880157470703,60.0,59.87030029296875,59.95000076293945,50553.0
2026-08-31T12:45:00-04:00,59.94499969482422,60.0,59.9182014465332,59.959999084472656,82929.0
2026-08-31T12:50:00-04:00,59.96500015258789,60.00090026855469,59.928199768066406,59.93000030517578,34526.0
2026-08-31T12:55:00-04:00,59.93000030517578,59.935001373291016,59.86000061035156,59.88800048828125,52788.0
2026-08-31T13:00:00-04:00,59.8849983215332,59.900001525878906,59.80500030517578,59.81999969482422,32270.0
2026-08-31T13:05:00-04:00,59.84000015258789,59.87990188598633,59.82500076293945,59.82500076293945,123824.0
2026-08-31T13:10:00-04:00,59.82500076293945,59.88999938964844,59.82500076293945,59.86000061035156,62940.0
2026-08-31T13:15:00-04:00,59.849998474121094,59.915000915527344,59.829898834228516,59.90999984741211,71783.0
2026-08-31T13:20:00-04:00,59.90999984741211,59.935001373291016,59.86000061035156,59.86000061035156,82881.0
2026-08-31T13:25:00-04:00,59.869998931884766,59.869998931884766,59.78499984741211,59.81999969482422,134484.0
2026-08-31T13:30:00-04:00,59.810001373291016,59.880001068115234,59.79999923706055,59.86000061035156,103591.0
2026-08-31T13:35:00-04:00,59.86989974975586,59.91999816894531,59.834999084472656,59.849998474121094,131905.0
2026-08-31T13:40:00-04:00,59.84989929199219,59.97999954223633,59.83940124511719,59.97999954223633,81484.0
2026-08-31T13:45:00-04:00,59.970001220703125,60.050201416015625,59.93989944458008,60.005001068115234,185126.0
2026-08-31T13:50:00-04:00,60.0099983215332,60.037200927734375,59.96500015258789,59.974998474121094,89837.0
2026-08-31T13:55:00-04:00,59.974998474121094,60.0,59.939998626708984,59.95949935913086,78836.0
2026-08-31T14:00:00-04:00,59.95500183105469,59.959999084472656,59.810001373291016,59.86000061035156,94873.0
2026-08-31T14:05:00-04:00,59.85499954223633,59.880001068115234,59.810001373291016,59.814998626708984,132039.0
2026-08-31T14:10:00-04:00,59.814998626708984,59.84989929199219,59.76839828491211,59.84989929199219,113061.0
2026-08-31T14:15:00-04:00,59.845001220703125,59.880001068115234,59.81999969482422,59.849998474121094,60029.0
2026-08-31T14:20:00-04:00,59.84000015258789,59.869998931884766,59.82500076293945,59.86989974975586,49567.0
2026-08-31T14:25:00-04:00,59.8650016784668,59.869998931884766,59.78499984741211,59.790000915527344,659123.0
2026-08-31T14:30:00-04:00,59.779998779296875,59.789798736572266,59.70989990234375,59.720001220703125,125144.0
2026-08-31T14:35:00-04:00,59.724998474121094,59.7400016784668,59.689998626708984,59.7400016784668,102222.0
2026-08-31T14:40:00-04:00,59.730098724365234,59.77000045776367,59.68000030517578,59.685001373291016,302883.0
2026-08-31T14:45:00-04:00,59.689998626708984,59.814998626708984,59.685001373291016,59.814998626708984,87093.0
2026-08-31T14:50:00-04:00,59.80500030517578,59.83000183105469,59.78499984741211,59.79999923706055,83797.0
2026-08-31T14:55:00-04:00,59.79999923706055,59.810001373291016,59.724998474121094,59.73500061035156,89502.0
2026-08-31T15:00:00-04:00,59.7400016784668,59.790000915527344,59.68989944458008,59.7677001953125,104970.0
2026-08-31T15:05:00-04:00,59.7599983215332,59.84000015258789,59.755001068115234,59.834999084472656,112499.0
2026-08-31T15:10:00-04:00,59.84000015258789,59.849998474121094,59.7599983215332,59.81999969482422,553226.0
2026-08-31T15:15:00-04:00,59.81999969482422,59.849998474121094,59.79499816894531,59.845001220703125,95170.0
2026-08-31T15:20:00-04:00,59.84000015258789,59.97999954223633,59.834999084472656,59.970001220703125,148674.0
2026-08-31T15:25:00-04:00,59.97990036010742,60.08000183105469,59.970001220703125,60.03499984741211,222588.0
2026-08-31T15:30:00-04:00,60.040000915527344,60.04999923706055,60.0,60.029998779296875,129295.0
2026-08-31T15:35:00-04:00,60.025001525878906,60.11000061035156,60.0099983215332,60.04499816894531,397316.0
2026-08-31T15:40:00-04:00,60.04999923706055,60.064998626708984,59.97999954223633,60.064998626708984,212032.0
2026-08-31T15:45:00-04:00,60.060001373291016,60.125,60.02009963989258,60.125,145879.0
2026-08-31T15:50:00-04:00,60.130001068115234,60.19499969482422,60.09000015258789,60.150001525878906,286104.0
2026-08-31T15:55:00-04:00,60.14500045776367,60.14500045776367,60.095001220703125,60.130001068115234,564997.0
2026-09-01T09:30:00-04:00,58.38999938964844,58.584999084472656,58.2401008605957,58.54999923706055,3038540.0
2026-09-01T09:35:00-04:00,58.54100036621094,58.599998474121094,58.4379997253418,58.5,304121.0
2026-09-01T09:40:00-04:00,58.4900016784668,58.665000915527344,58.411399841308594,58.65999984741211,291534.0
2026-09-01T09:45:00-04:00,58.63999938964844,58.66999816894531,58.459999084472656,58.52000045776367,266092.0
2026-09-01T09:50:00-04:00,58.51499938964844,58.540000915527344,58.28499984741211,58.29499816894531,259389.0
2026-09-01T09:55:00-04:00,58.29999923706055,58.58000183105469,58.29499816894531,58.540000915527344,374811.0
2026-09-01T10:00:00-04:00,58.54999923706055,58.709999084472656,58.314998626708984,58.404998779296875,762960.0
2026-09-01T10:05:00-04:00,58.3849983215332,58.689998626708984,58.3849983215332,58.64500045776367,226759.0
2026-09-01T10:10:00-04:00,58.64099884033203,58.7400016784668,58.56999969482422,58.73500061035156,289290.0
2026-09-01T10:15:00-04:00,58.73500061035156,58.809898376464844,58.689998626708984,58.7400016784668,246145.0
2026-09-01T10:20:00-04:00,58.744998931884766,58.869998931884766,58.734798431396484,58.83000183105469,235606.0
2026-09-01T10:25:00-04:00,58.81999969482422,58.849998474121094,58.654998779296875,58.65999984741211,180575.0
2026-09-01T10:30:00-04:00,58.65999984741211,58.77000045776367,58.640201568603516,58.77000045776367,114269.0
2026-09-01T10:35:00-04:00,58.77000045776367,58.79999923706055,58.599998474121094,58.619998931884766,110759.0
2026-09-01T10:40:00-04:00,58.61000061035156,58.66999816894531,58.58000183105469,58.63999938964844,206215.0
2026-09-01T10:45:00-04:00,58.630001068115234,58.680301666259766,58.5,58.52000045776367,108026.0
2026-09-01T10:50:00-04:00,58.52000045776367,58.595001220703125,58.46500015258789,58.4900016784668,166226.0
2026-09-01T10:55:00-04:00,58.4900016784668,58.540000915527344,58.44499969482422,58.529998779296875,114332.0
2026-09-01T11:00:00-04:00,58.540000915527344,58.59669876098633,58.43009948730469,58.47999954223633,74733.0
2026-09-01T11:05:00-04:00,58.47999954223633,58.52000045776367,58.45500183105469,58.4900016784668,88366.0
2026-09-01T11:10:00-04:00,58.48500061035156,58.560001373291016,58.47999954223633,58.525001525878906,123928.0
2026-09-01T11:15:00-04:00,58.529998779296875,58.64500045776367,58.48500061035156,58.60200119018555,128740.0
2026-09-01T11:20:00-04:00,58.60499954223633,58.66999816894531,58.59000015258789,58.625,166061.0
2026-09-01T11:25:00-04:00,58.62770080566406,58.70500183105469,58.56999969482422,58.70500183105469,111051.0
2026-09-01T11:30:00-04:00,58.71500015258789,58.790000915527344,58.650001525878906,58.69499969482422,151408.0
2026-09-01T11:35:00-04:00,58.689998626708984,58.77000045776367,58.665000915527344,58.724998474121094,144185.0
2026-09-01T11:40:00-04:00,58.724998474121094,58.834999084472656,58.720001220703125,58.834999084472656,139093.0
2026-09-01T11:45:00-04:00,58.84000015258789,58.869998931884766,58.79499816894531,58.849998474121094,106241.0
2026-09-01T11:50:00-04:00,58.8650016784668,58.9900016784668,58.845001220703125,58.959999084472656,158873.0
2026-09-01T11:55:00-04:00,58.95000076293945,58.96500015258789,58.85499954223633,58.94240188598633,142416.0
2026-09-01T12:00:00-04:00,58.94499969482422,59.0099983215332,58.93949890136719,59.0099983215332,111999.0
2026-09-01T12:05:00-04:00,59.005001068115234,59.06209945678711,58.94990158081055,58.94990158081055,238831.0
2026-09-01T12:10:00-04:00,58.95000076293945,58.974998474121094,58.84000015258789,58.84000015258789,138978.0
2026-09-01T12:15:00-04:00,58.834999084472656,58.88999938964844,58.755001068115234,58.755001068115234,122952.0
2026-09-01T12:20:00-04:00,58.75,58.75,58.665000915527344,58.709999084472656,153734.0
2026-09-01T12:25:00-04:00,58.72999954223633,58.739898681640625,58.61000061035156,58.64500045776367,150504.0
2026-09-01T12:30:00-04:00,58.63999938964844,58.660099029541016,58.53010177612305,58.54999923706055,100473.0
2026-09-01T12:35:00-04:00,58.54999923706055,58.66999816894531,58.52000045776367,58.66400146484375,110383.0
2026-09-01T12:40:00-04:00,58.654998779296875,58.72700119018555,58.61000061035156,58.67399978637695,154419.0
2026-09-01T12:45:00-04:00,58.70000076293945,58.75,58.665000915527344,58.70500183105469,94401.0
2026-09-01T12:50:00-04:00,58.720001220703125,58.7400016784668,58.650001525878906,58.70000076293945,158077.0
2026-09-01T12:55:00-04:00,58.70000076293945,58.724998474121094,58.56999969482422,58.584999084472656,136603.0
2026-09-01T13:00:00-04:00,58.58000183105469,58.595001220703125,58.4900016784668,58.505001068115234,194446.0
2026-09-01T13:05:00-04:00,58.5,58.564998626708984,58.47999954223633,58.53499984741211,157621.0
2026-09-01T13:10:00-04:00,58.54999923706055,58.570499420166016,58.459999084472656,58.56999969482422,125935.0
2026-09-01T13:15:00-04:00,58.564998626708984,58.599998474121094,58.5099983215332,58.54759979248047,109074.0
2026-09-01T13:20:00-04:00,58.540000915527344,58.56999969482422,58.47999954223633,58.54999923706055,132820.0
2026-09-01T13:25:00-04:00,58.54499816894531,58.61000061035156,58.43000030517578,58.61000061035156,164549.0
2026-09-01T13:30:00-04:00,58.61000061035156,58.630001068115234,58.54010009765625,58.54999923706055,106772.0
2026-09-01T13:35:00-04:00,58.54759979248047,58.59000015258789,58.474998474121094,58.474998474121094,134203.0
2026-09-01T13:40:00-04:00,58.4900016784668,58.519901275634766,58.380001068115234,58.419898986816406,157701.0
2026-09-01T13:45:00-04:00,58.40999984741211,58.41999816894531,58.3650016784668,58.3849983215332,87459.0
2026-09-01T13:50:00-04:00,58.3849983215332,58.419898986816406,58.35499954223633,58.40999984741211,145248.0
2026-09-01T13:55:00-04:00,58.40999984741211,58.415000915527344,58.35499954223633,58.375099182128906,116891.0
2026-09-01T14:00:00-04:00,58.38999938964844,58.41999816894531,58.25,58.2599983215332,156884.0
2026-09-01T14:05:00-04:00,58.2599983215332,58.290000915527344,58.20000076293945,58.20399856567383,178639.0
2026-09-01T14:10:00-04:00,58.20000076293945,58.21500015258789,58.09000015258789,58.18989944458008,190404.0
2026-09-01T14:15:00-04:00,58.189998626708984,58.30500030517578,58.16999816894531,58.29999923706055,125395.0
2026-09-01T14:20:00-04:00,58.30500030517578,58.31999969482422,58.27000045776367,58.314998626708984,80284.0
2026-09-01T14:25:00-04:00,58.310001373291016,58.310001373291016,58.211299896240234,58.2401008605957,91161.0
2026-09-01T14:30:00-04:00,58.2400016784668,58.244998931884766,58.130001068115234,58.154998779296875,178010.0
2026-09-01T14:35:00-04:00,58.15999984741211,58.15999984741211,58.029998779296875,58.064998626708984,171413.0
2026-09-01T14:40:00-04:00,58.06999969482422,58.099998474121094,58.02000045776367,58.03499984741211,214963.0
2026-09-01T14:45:00-04:00,58.040000915527344,58.089900970458984,58.0099983215332,58.084999084472656,118430.0
2026-09-01T14:50:00-04:00,58.089500427246094,58.09000015258789,57.970001220703125,57.97999954223633,298059.0
2026-09-01T14:55:00-04:00,57.974998474121094,58.060001373291016,57.96860122680664,58.02000045776367,198945.0
2026-09-01T15:00:00-04:00,58.0099983215332,58.02989959716797,57.915000915527344,58.01499938964844,199110.0
2026-09-01T15:05:00-04:00,58.01499938964844,58.07500076293945,57.97159957885742,58.019901275634766,198131.0
2026-09-01T15:10:00-04:00,58.02000045776367,58.15999984741211,58.005001068115234,58.15010070800781,270354.0
2026-09-01T15:15:00-04:00,58.157901763916016,58.157901763916016,58.060001373291016,58.06999969482422,167572.0
2026-09-01T15:20:00-04:00,58.060001373291016,58.09000015258789,58.010101318359375,58.084999084472656,111655.0
2026-09-01T15:25:00-04:00,58.084999084472656,58.11000061035156,58.06999969482422,58.07500076293945,162933.0
2026-09-01T15:30:00-04:00,58.06999969482422,58.07500076293945,57.959999084472656,57.994998931884766,261068.0
2026-09-01T15:35:00-04:00,57.9900016784668,57.995330810546875,57.849998474121094,57.86000061035156,335351.0
2026-09-01T15:40:00-04:00,57.85499954223633,57.970001220703125,57.85499954223633,57.92499923706055,210790.0
2026-09-01T15:45:00-04:00,57.92499923706055,57.994998931884766,57.86000061035156,57.935001373291016,245801.0
2026-09-01T15:50:00-04:00,57.93000030517578,57.98500061035156,57.88010025024414,57.94990158081055,311677.0
2026-09-01T15:55:00-04:00,57.95000076293945,57.97999954223633,57.8849983215332,57.91999816894531,563550.0
2026-09-02T09:30:00-04:00,58.72999954223633,58.9900016784668,58.709999084472656,58.96500015258789,1389363.0
2026-09-02T09:35:00-04:00,58.959999084472656,59.04949951171875,58.904998779296875,58.994998931884766,406361.0
2026-09-02T09:40:00-04:00,58.9900016784668,59.15999984741211,58.880001068115234,59.150001525878906,257343.0
2026-09-02T09:45:00-04:00,59.150001525878906,59.16999816894531,58.8849983215332,58.88999938964844,240908.0
2026-09-02T09:50:00-04:00,58.89500045776367,59.095001220703125,58.880001068115234,59.06999969482422,147527.0
2026-09-02T09:55:00-04:00,59.064998626708984,59.17570114135742,58.970001220703125,59.16999816894531,237207.0
2026-09-02T10:00:00-04:00,59.16999816894531,59.16999816894531,58.97200012207031,59.09000015258789,173389.0
2026-09-02T10:05:00-04:00,59.099998474121094,59.2400016784668,59.08000183105469,59.09000015258789,233254.0
2026-09-02T10:10:00-04:00,59.08000183105469,59.15999984741211,58.9900016784668,58.99800109863281,208358.0
2026-09-02T10:15:00-04:00,59.0,59.04759979248047,58.959999084472656,59.04499816894531,108556.0
2026-09-02T10:20:00-04:00,59.040000915527344,59.150001525878906,58.95000076293945,58.96500015258789,230964.0
2026-09-02T10:25:00-04:00,58.970001220703125,59.0,58.92499923706055,58.96500015258789,137664.0
2026-09-02T10:30:00-04:00,58.94499969482422,58.97999954223633,58.85179901123047,58.88999938964844,140548.0
2026-09-02T10:35:00-04:00,58.904998779296875,58.94499969482422,58.8849983215332,58.904998779296875,144320.0
2026-09-02T10:40:00-04:00,58.90999984741211,58.9900016784668,58.8849983215332,58.97999954223633,70101.0
2026-09-02T10:45:00-04:00,58.974998474121094,58.97999954223633,58.834999084472656,58.869998931884766,94328.0
2026-09-02T10:50:00-04:00,58.875,58.88999938964844,58.790000915527344,58.79999923706055,166970.0
2026-09-02T10:55:00-04:00,58.79499816894531,58.814998626708984,58.742000579833984,58.790000915527344,60221.0
2026-09-02T11:00:00-04:00,58.79999923706055,58.900001525878906,58.769500732421875,58.845001220703125,98388.0
2026-09-02T11:05:00-04:00,58.845001220703125,58.902000427246094,58.775001525878906,58.83000183105469,67824.0
2026-09-02T11:10:00-04:00,58.80500030517578,58.845001220703125,58.71500015258789,58.71500015258789,107329.0
2026-09-02T11:15:00-04:00,58.71730041503906,58.71730041503906,58.64500045776367,58.68000030517578,151704.0
2026-09-02T11:20:00-04:00,58.68000030517578,58.70000076293945,58.61000061035156,58.68000030517578,112729.0
2026-09-02T11:25:00-04:00,58.67499923706055,58.79499816894531,58.67499923706055,58.779998779296875,118610.0
2026-09-02T11:30:00-04:00,58.790000915527344,58.845001220703125,58.76499938964844,58.775001525878906,72630.0
2026-09-02T11:35:00-04:00,58.779998779296875,58.814998626708984,58.73500061035156,58.80500030517578,40078.0
2026-09-02T11:40:00-04:00,58.810001373291016,58.83000183105469,58.70500183105469,58.70500183105469,34172.0
2026-09-02T11:45:00-04:00,58.70000076293945,58.72999954223633,58.64500045776367,58.68000030517578,110067.0
2026-09-02T11:50:00-04:00,58.685001373291016,58.689998626708984,58.650001525878906,58.67499923706055,51294.0
2026-09-02T11:55:00-04:00,58.67499923706055,58.81999969482422,58.660301208496094,58.80500030517578,72007.0
2026-09-02T12:00:00-04:00,58.791900634765625,58.83000183105469,58.779998779296875,58.82500076293945,89426.0
2026-09-02T12:05:00-04:00,58.82500076293945,58.82500076293945,58.7599983215332,58.79999923706055,47541.0
2026-09-02T12:10:00-04:00,58.79999923706055,58.8213005065918,58.775001525878906,58.79499816894531,33176.0
2026-09-02T12:15:00-04:00,58.78499984741211,58.79499816894531,58.70009994506836,58.737998962402344,30727.0
2026-09-02T12:20:00-04:00,58.72999954223633,58.75,58.709999084472656,58.73500061035156,25829.0
2026-09-02T12:25:00-04:00,58.73500061035156,58.744998931884766,58.70000076293945,58.730098724365234,51694.0
2026-09-02T12:30:00-04:00,58.73500061035156,58.77199935913086,58.69200134277344,58.69200134277344,33655.0
2026-09-02T12:35:00-04:00,58.689998626708984,58.71500015258789,58.650001525878906,58.685001373291016,42135.0
2026-09-02T12:40:00-04:00,58.685001373291016,58.685001373291016,58.61199951171875,58.625,48561.0
2026-09-02T12:45:00-04:00,58.619998931884766,58.64500045776367,58.599998474121094,58.619998931884766,63246.0
2026-09-02T12:50:00-04:00,58.61000061035156,58.720001220703125,58.595001220703125,58.69049835205078,48877.0
2026-09-02T12:55:00-04:00,58.70000076293945,58.70989990234375,58.657100677490234,58.67499923706055,38583.0
2026-09-02T13:00:00-04:00,58.68000030517578,58.70000076293945,58.64500045776367,58.68000030517578,37576.0
2026-09-02T13:05:00-04:00,58.689998626708984,58.72949981689453,58.68000030517578,58.689998626708984,64259.0
2026-09-02T13:10:00-04:00,58.69499969482422,58.69499969482422,58.641300201416016,58.665000915527344,49223.0
2026-09-02T13:15:00-04:00,58.65999984741211,58.67499923706055,58.54999923706055,58.57500076293945,62158.0
2026-09-02T13:20:00-04:00,58.5791015625,58.6150016784668,58.560001373291016,58.60499954223633,70455.0
2026-09-02T13:25:00-04:00,58.601200103759766,58.68000030517578,58.599998474121094,58.665000915527344,54202.0
2026-09-02T13:30:00-04:00,58.66999816894531,58.709999084472656,58.63999938964844,58.654998779296875,53043.0
2026-09-02T13:35:00-04:00,58.650001525878906,58.665000915527344,58.619998931884766,58.619998931884766,24452.0
2026-09-02T13:40:00-04:00,58.625,58.79999923706055,58.6150016784668,58.77000045776367,208353.0
2026-09-02T13:45:00-04:00,58.775001525878906,58.834999084472656,58.751399993896484,58.775001525878906,131237.0
2026-09-02T13:50:00-04:00,58.775001525878906,58.779998779296875,58.744998931884766,58.755001068115234,61390.0
2026-09-02T13:55:00-04:00,58.75,58.779998779296875,58.7400016784668,58.769901275634766,34069.0
2026-09-02T14:00:00-04:00,58.77000045776367,58.79999923706055,58.685001373291016,58.7599983215332,114092.0
2026-09-02T14:05:00-04:00,58.76499938964844,58.779998779296875,58.75,58.754600524902344,26746.0
2026-09-02T14:10:00-04:00,58.7400016784668,58.76499938964844,58.67499923706055,58.689998626708984,29116.0
2026-09-02T14:15:00-04:00,58.67499923706055,58.869998931884766,58.66999816894531,58.832401275634766,216259.0
2026-09-02T14:20:00-04:00,58.83000183105469,58.849998474121094,58.720001220703125,58.7400016784668,64752.0
2026-09-02T14:25:00-04:00,58.75,58.7599983215332,58.72050094604492,58.73500061035156,109840.0
2026-09-02T14:30:00-04:00,58.7400016784668,58.8849983215332,58.7400016784668,58.849998474121094,190863.0
2026-09-02T14:35:00-04:00,58.84989929199219,58.88999938964844,58.810001373291016,58.8650016784668,280171.0
2026-09-02T14:40:00-04:00,58.86527633666992,58.880001068115234,58.775001525878906,58.775001525878906,139296.0
2026-09-02T14:45:00-04:00,58.779998779296875,58.845001220703125,58.77949905395508,58.81990051269531,129404.0
2026-09-02T14:50:00-04:00,58.81999969482422,58.849998474121094,58.79999923706055,58.81999969482422,77010.0
2026-09-02T14:55:00-04:00,58.82500076293945,58.834999084472656,58.790000915527344,58.810001373291016,30473.0
2026-09-02T15:00:00-04:00,58.81999969482422,58.834999084472656,58.7599983215332,58.8120002746582,54222.0
2026-09-02T15:05:00-04:00,58.819000244140625,58.89500045776367,58.802101135253906,58.880001068115234,81024.0
2026-09-02T15:10:00-04:00,58.8849983215332,58.939998626708984,58.869998931884766,58.900001525878906,445025.0
2026-09-02T15:15:00-04:00,58.8921012878418,58.92499923706055,58.88010025024414,58.910099029541016,102934.0
2026-09-02T15:20:00-04:00,58.910099029541016,58.915000915527344,58.875,58.875,38786.0
2026-09-02T15:25:00-04:00,58.87990188598633,58.93009948730469,58.862098693847656,58.88999938964844,47926.0
2026-09-02T15:30:00-04:00,58.88999938964844,58.939998626708984,58.88999938964844,58.93000030517578,114227.0
2026-09-02T15:35:00-04:00,58.935001373291016,58.935001373291016,58.8849983215332,58.93230056762695,67974.0
2026-09-02T15:40:00-04:00,58.939998626708984,59.0,58.920101165771484,58.9900016784668,125478.0
2026-09-02T15:45:00-04:00,58.98500061035156,59.0,58.95009994506836,58.987300872802734,264769.0
2026-09-02T15:50:00-04:00,58.97999954223633,59.025001525878906,58.939998626708984,58.994998931884766,185342.0
2026-09-02T15:55:00-04:00,58.9900016784668,59.06999969482422,58.970001220703125,59.06999969482422,485302.0
2026-09-03T09:30:00-04:00,60.02000045776367,60.06999969482422,59.875,59.900001525878906,2223829.0
2026-09-03T09:35:00-04:00,59.869998931884766,59.959999084472656,59.83000183105469,59.89500045776367,201905.0
2026-09-03T09:40:00-04:00,59.881099700927734,59.881099700927734,59.7400016784668,59.814998626708984,336654.0
2026-09-03T09:45:00-04:00,59.814998626708984,59.820098876953125,59.59989929199219,59.689998626708984,242284.0
2026-09-03T09:50:00-04:00,59.69499969482422,59.86000061035156,59.685001373291016,59.86000061035156,170427.0
2026-09-03T09:55:00-04:00,59.875,60.0,59.84000015258789,59.9900016784668,199893.0
2026-09-03T10:00:00-04:00,59.97999954223633,59.9900016784668,59.7400016784668,59.880001068115234,254476.0
2026-09-03T10:05:00-04:00,59.880001068115234,59.99509811401367,59.79209899902344,59.84510040283203,166628.0
2026-09-03T10:10:00-04:00,59.84000015258789,59.95500183105469,59.809600830078125,59.900001525878906,118508.0
2026-09-03T10:15:00-04:00,59.9114990234375,60.130001068115234,59.89500045776367,60.119998931884766,187552.0
2026-09-03T10:20:00-04:00,60.119998931884766,60.189998626708984,60.03499984741211,60.09000015258789,200137.0
2026-09-03T10:25:00-04:00,60.080101013183594,60.114601135253906,60.0,60.08000183105469,87393.0
2026-09-03T10:30:00-04:00,60.08000183105469,60.1349983215332,59.95100021362305,59.95100021362305,159553.0
2026-09-03T10:35:00-04:00,59.959999084472656,60.040000915527344,59.91999816894531,59.96989822387695,114262.0
2026-09-03T10:40:00-04:00,59.970001220703125,60.005001068115234,59.880001068115234,59.959999084472656,131772.0
2026-09-03T10:45:00-04:00,59.970001220703125,60.15999984741211,59.96500015258789,60.07500076293945,122919.0
2026-09-03T10:50:00-04:00,60.07500076293945,60.1797981262207,60.070098876953125,60.095001220703125,117207.0
2026-09-03T10:55:00-04:00,60.11009979248047,60.28499984741211,59.959999084472656,60.279998779296875,347592.0
2026-09-03T11:00:00-04:00,60.290000915527344,60.685001373291016,60.290000915527344,60.60200119018555,373073.0
2026-09-03T11:05:00-04:00,60.60499954223633,60.84000015258789,60.59000015258789,60.70500183105469,334562.0
2026-09-03T11:10:00-04:00,60.709999084472656,60.84000015258789,60.65999984741211,60.83000183105469,299585.0
2026-09-03T11:15:00-04:00,60.82500076293945,60.900001525878906,60.775001525878906,60.88999938964844,211291.0
2026-09-03T11:20:00-04:00,60.8849983215332,60.8849983215332,60.779998779296875,60.79499816894531,254129.0
2026-09-03T11:25:00-04:00,60.790000915527344,60.935001373291016,60.790000915527344,60.915000915527344,271328.0
2026-09-03T11:30:00-04:00,60.91999816894531,60.95000076293945,60.68000030517578,60.750999450683594,343569.0
2026-09-03T11:35:00-04:00,60.7400016784668,60.790000915527344,60.61000061035156,60.625,242576.0
2026-09-03T11:40:00-04:00,60.625,60.65999984741211,60.564998626708984,60.59000015258789,136547.0
2026-09-03T11:45:00-04:00,60.59000015258789,60.59000015258789,60.43000030517578,60.45000076293945,183598.0
2026-09-03T11:50:00-04:00,60.44499969482422,60.56999969482422,60.43000030517578,60.53799819946289,267115.0
2026-09-03T11:55:00-04:00,60.529998779296875,60.619998931884766,60.48500061035156,60.61000061035156,143115.0
2026-09-03T12:00:00-04:00,60.61000061035156,60.625,60.52989959716797,60.529998779296875,99739.0
2026-09-03T12:05:00-04:00,60.52000045776367,60.60499954223633,60.47999954223633,60.56999969482422,142379.0
2026-09-03T12:10:00-04:00,60.58000183105469,60.65999984741211,60.58000183105469,60.65999984741211,176458.0
2026-09-03T12:15:00-04:00,60.654998779296875,60.720001220703125,60.650001525878906,60.709999084472656,139652.0
2026-09-03T12:20:00-04:00,60.709999084472656,60.720001220703125,60.58000183105469,60.6150016784668,234357.0
2026-09-03T12:25:00-04:00,60.630001068115234,60.67499923706055,60.579898834228516,60.630001068115234,286297.0
2026-09-03T12:30:00-04:00,60.63999938964844,60.724998474121094,60.56999969482422,60.589500427246094,120132.0
2026-09-03T12:35:00-04:00,60.59000015258789,60.630001068115234,60.54999923706055,60.6150016784668,61910.0
2026-09-03T12:40:00-04:00,60.6161994934082,60.625,60.552101135253906,60.599998474121094,57130.0
2026-09-03T12:45:00-04:00,60.595001220703125,60.64500045776367,60.560001373291016,60.6150016784668,92024.0
2026-09-03T12:50:00-04:00,60.61790084838867,60.625,60.529998779296875,60.55509948730469,68776.0
2026-09-03T12:55:00-04:00,60.55009841918945,60.56999969482422,60.52000045776367,60.52000045776367,59040.0
2026-09-03T13:00:00-04:00,60.529998779296875,60.630001068115234,60.52000045776367,60.625,76509.0
2026-09-03T13:05:00-04:00,60.619998931884766,60.63999938964844,60.54499816894531,60.55500030517578,55403.0
2026-09-03T13:10:00-04:00,60.55009841918945,60.584999084472656,60.540000915527344,60.56999969482422,53628.0
2026-09-03T13:15:00-04:00,60.57500076293945,60.57500076293945,60.5099983215332,60.51499938964844,51926.0
2026-09-03T13:20:00-04:00,60.52000045776367,60.625,60.52000045776367,60.61989974975586,110875.0
2026-09-03T13:25:00-04:00,60.6150016784668,60.66999816894531,60.560001373291016,60.665000915527344,76246.0
2026-09-03T13:30:00-04:00,60.665000915527344,60.71500015258789,60.640098571777344,60.6505012512207,63210.0
2026-09-03T13:35:00-04:00,60.65999984741211,60.720001220703125,60.64500045776367,60.65999984741211,70831.0
2026-09-03T13:40:00-04:00,60.66859817504883,60.685001373291016,60.66210174560547,60.685001373291016,33932.0
2026-09-03T13:45:00-04:00,60.68000030517578,60.75,60.665000915527344,60.689998626708984,48759.0
2026-09-03T13:50:00-04:00,60.65010070800781,60.65010070800781,60.60499954223633,60.64500045776367,39407.0
2026-09-03T13:55:00-04:00,60.6349983215332,60.650001525878906,60.619998931884766,60.630001068115234,87082.0
2026-09-03T14:00:00-04:00,60.6349983215332,60.689998626708984,60.6349983215332,60.660099029541016,188993.0
2026-09-03T14:05:00-04:00,60.65999984741211,60.65999984741211,60.54999923706055,60.61000061035156,98060.0
2026-09-03T14:10:00-04:00,60.619998931884766,60.619998931884766,60.47999954223633,60.47999954223633,150663.0
2026-09-03T14:15:00-04:00,60.47999954223633,60.540000915527344,60.47999954223633,60.534000396728516,97651.0
2026-09-03T14:20:00-04:00,60.53860092163086,60.58000183105469,60.47999954223633,60.521400451660156,53468.0
2026-09-03T14:25:00-04:00,60.52619934082031,60.560001373291016,60.51499938964844,60.54499816894531,55870.0
2026-09-03T14:30:00-04:00,60.540000915527344,60.540000915527344,60.400001525878906,60.439998626708984,144834.0
2026-09-03T14:35:00-04:00,60.439998626708984,60.50389862060547,60.439998626708984,60.4900016784668,38669.0
2026-09-03T14:40:00-04:00,60.495399475097656,60.4995002746582,60.46500015258789,60.474998474121094,31866.0
2026-09-03T14:45:00-04:00,60.474998474121094,60.480201721191406,60.40999984741211,60.435001373291016,39055.0
2026-09-03T14:50:00-04:00,60.43629837036133,60.44990158081055,60.404998779296875,60.415000915527344,67756.0
2026-09-03T14:55:00-04:00,60.415000915527344,60.43000030517578,60.380001068115234,60.39789962768555,74490.0
2026-09-03T15:00:00-04:00,60.39500045776367,60.400001525878906,60.3650016784668,60.387001037597656,64790.0
2026-09-03T15:05:00-04:00,60.38999938964844,60.45500183105469,60.38119888305664,60.43000030517578,196736.0
2026-09-03T15:10:00-04:00,60.43000030517578,60.45500183105469,60.38999938964844,60.41910171508789,107298.0
2026-09-03T15:15:00-04:00,60.40999984741211,60.470001220703125,60.40999984741211,60.459999084472656,33334.0
2026-09-03T15:20:00-04:00,60.459999084472656,60.470001220703125,60.41999816894531,60.42499923706055,31291.0
2026-09-03T15:25:00-04:00,60.41999816894531,60.45000076293945,60.400001525878906,60.45000076293945,53980.0
2026-09-03T15:30:00-04:00,60.459999084472656,60.5099983215332,60.45000076293945,60.45500183105469,128645.0
2026-09-03T15:35:00-04:00,60.459999084472656,60.5,60.45500183105469,60.4900016784668,113461.0
2026-09-03T15:40:00-04:00,60.5,60.55500030517578,60.5,60.525001525878906,132609.0
2026-09-03T15:45:00-04:00,60.525001525878906,60.57500076293945,60.525001525878906,60.55500030517578,145442.0
2026-09-03T15:50:00-04:00,60.54999923706055,60.560001373291016,60.525001525878906,60.560001373291016,214492.0
2026-09-03T15:55:00-04:00,60.560001373291016,60.58000183105469,60.52000045776367,60.54499816894531,390565.0
2026-09-04T09:30:00-04:00,59.154998779296875,59.43000030517578,59.125,59.314998626708984,3683011.0
2026-09-04T09:35:00-04:00,59.310001373291016,59.40999984741211,59.185001373291016,59.185001373291016,240586.0
2026-09-04T09:40:00-04:00,59.189998626708984,59.4900016784668,59.130001068115234,59.47999954223633,302342.0
2026-09-04T09:45:00-04:00,59.48500061035156,59.657901763916016,59.345001220703125,59.599998474121094,289439.0
2026-09-04T09:50:00-04:00,59.60499954223633,59.68000030517578,59.470001220703125,59.4900016784668,256077.0
2026-09-04T09:55:00-04:00,59.5,59.540000915527344,59.2599983215332,59.2599983215332,221202.0
2026-09-04T10:00:00-04:00,59.27000045776367,59.369998931884766,59.20000076293945,59.369998931884766,213637.0
2026-09-04T10:05:00-04:00,59.380001068115234,59.54999923706055,59.279998779296875,59.52000045776367,153962.0
2026-09-04T10:10:00-04:00,59.5099983215332,59.790000915527344,59.439998626708984,59.77000045776367,287758.0
2026-09-04T10:15:00-04:00,59.78499984741211,59.834999084472656,59.68000030517578,59.70000076293945,272972.0
2026-09-04T10:20:00-04:00,59.689998626708984,59.720001220703125,59.58000183105469,59.65999984741211,265324.0
2026-09-04T10:25:00-04:00,59.65999984741211,59.775001525878906,59.65999984741211,59.709999084472656,392284.0
2026-09-04T10:30:00-04:00,59.709999084472656,59.875,59.65999984741211,59.814998626708984,229933.0
2026-09-04T10:35:00-04:00,59.814998626708984,59.86000061035156,59.652000427246094,59.67499923706055,138654.0
2026-09-04T10:40:00-04:00,59.66999816894531,59.685001373291016,59.53499984741211,59.59000015258789,115489.0
2026-09-04T10:45:00-04:00,59.59000015258789,59.630001068115234,59.44499969482422,59.525001525878906,144790.0
2026-09-04T10:50:00-04:00,59.5099983215332,59.54999923706055,59.28499984741211,59.290000915527344,181029.0
2026-09-04T10:55:00-04:00,59.290000915527344,59.540000915527344,59.28990173339844,59.51499938964844,72660.0
2026-09-04T11:00:00-04:00,59.52000045776367,59.619998931884766,59.459999084472656,59.61000061035156,124358.0
2026-09-04T11:05:00-04:00,59.61000061035156,59.802398681640625,59.61000061035156,59.746498107910156,106206.0
2026-09-04T11:10:00-04:00,59.75,59.814998626708984,59.689998626708984,59.814998626708984,91759.0
2026-09-04T11:15:00-04:00,59.80500030517578,59.8849983215332,59.775001525878906,59.875,96019.0
2026-09-04T11:20:00-04:00,59.87009811401367,59.8849983215332,59.7224006652832,59.773799896240234,107181.0
2026-09-04T11:25:00-04:00,59.77009963989258,59.849998474121094,59.71989822387695,59.720001220703125,100117.0
2026-09-04T11:30:00-04:00,59.720001220703125,59.86000061035156,59.709999084472656,59.80500030517578,70702.0
2026-09-04T11:35:00-04:00,59.79499816894531,59.845001220703125,59.7599983215332,59.79999923706055,77994.0
2026-09-04T11:40:00-04:00,59.79999923706055,59.970001220703125,59.790000915527344,59.88999938964844,130406.0
2026-09-04T11:45:00-04:00,59.89500045776367,59.915000915527344,59.83000183105469,59.8849983215332,72904.0
2026-09-04T11:50:00-04:00,59.8849983215332,59.94990158081055,59.83000183105469,59.83000183105469,64205.0
2026-09-04T11:55:00-04:00,59.829898834228516,59.849998474121094,59.755001068115234,59.76499938964844,46284.0
2026-09-04T12:00:00-04:00,59.779998779296875,59.8650016784668,59.779998779296875,59.84510040283203,44390.0
2026-09-04T12:05:00-04:00,59.85499954223633,59.8650016784668,59.72999954223633,59.72999954223633,84434.0
2026-09-04T12:10:00-04:00,59.72999954223633,59.79999923706055,59.70009994506836,59.79999923706055,67706.0
2026-09-04T12:15:00-04:00,59.79990005493164,59.86600112915039,59.72999954223633,59.83000183105469,43494.0
2026-09-04T12:20:00-04:00,59.84000015258789,59.84000015258789,59.650001525878906,59.74169921875,77552.0
2026-09-04T12:25:00-04:00,59.7400016784668,59.75,59.67499923706055,59.69499969482422,66089.0
2026-09-04T12:30:00-04:00,59.689998626708984,59.779998779296875,59.68000030517578,59.775001525878906,76629.0
2026-09-04T12:35:00-04:00,59.775001525878906,59.78990173339844,59.72999954223633,59.755001068115234,28477.0
2026-09-04T12:40:00-04:00,59.75,59.77000045776367,59.70500183105469,59.7400016784668,51871.0
2026-09-04T12:45:00-04:00,59.7400016784668,59.810001373291016,59.724998474121094,59.809898376464844,78985.0
2026-09-04T12:50:00-04:00,59.814998626708984,59.814998626708984,59.72999954223633,59.72999954223633,52916.0
2026-09-04T12:55:00-04:00,59.724998474121094,59.7599983215332,59.709999084472656,59.7400016784668,93994.0
2026-09-04T13:00:00-04:00,59.724998474121094,59.724998474121094,59.61000061035156,59.63999938964844,77280.0
2026-09-04T13:05:00-04:00,59.665000915527344,59.70000076293945,59.630001068115234,59.66999816894531,33484.0
2026-09-04T13:10:00-04:00,59.68090057373047,59.700199127197266,59.654998779296875,59.66999816894531,41522.0
2026-09-04T13:15:00-04:00,59.66999816894531,59.81700134277344,59.66999816894531,59.790000915527344,53099.0
2026-09-04T13:20:00-04:00,59.79999923706055,59.85499954223633,59.720001220703125,59.775001525878906,61815.0
2026-09-04T13:25:00-04:00,59.7599983215332,59.765499114990234,59.689998626708984,59.70000076293945,77917.0
2026-09-04T13:30:00-04:00,59.685001373291016,59.69499969482422,59.59000015258789,59.62229919433594,97930.0
2026-09-04T13:35:00-04:00,59.619998931884766,59.630001068115234,59.560001373291016,59.56999969482422,45692.0
2026-09-04T13:40:00-04:00,59.56999969482422,59.58000183105469,59.43000030517578,59.470001220703125,185490.0
2026-09-04T13:45:00-04:00,59.46500015258789,59.529998779296875,59.439998626708984,59.5099983215332,83185.0
2026-09-04T13:50:00-04:00,59.5099983215332,59.57500076293945,59.5099983215332,59.53499984741211,34748.0
2026-09-04T13:55:00-04:00,59.54499816894531,59.560001373291016,59.5,59.51190185546875,52260.0
2026-09-04T14:00:00-04:00,59.52000045776367,59.525001525878906,59.41230010986328,59.439998626708984,120448.0
2026-09-04T14:05:00-04:00,59.45000076293945,59.540000915527344,59.43880081176758,59.540000915527344,44740.0
2026-09-04T14:10:00-04:00,59.54999923706055,59.560001373291016,59.51499938964844,59.54999923706055,61977.0
2026-09-04T14:15:00-04:00,59.55500030517578,59.59000015258789,59.51499938964844,59.51499938964844,53777.0
2026-09-04T14:20:00-04:00,59.52000045776367,59.6349983215332,59.52000045776367,59.630001068115234,104368.0
2026-09-04T14:25:00-04:00,59.6349983215332,59.654998779296875,59.60430145263672,59.630001068115234,48297.0
2026-09-04T14:30:00-04:00,59.630001068115234,59.630001068115234,59.58000183105469,59.630001068115234,31322.0
2026-09-04T14:35:00-04:00,59.63560104370117,59.63690185546875,59.56999969482422,59.60499954223633,31267.0
2026-09-04T14:40:00-04:00,59.599998474121094,59.66999816894531,59.599998474121094,59.625,63851.0
2026-09-04T14:45:00-04:00,59.62990188598633,59.63999938964844,59.599998474121094,59.6349983215332,24075.0
2026-09-04T14:50:00-04:00,59.6349983215332,59.66999816894531,59.630001068115234,59.654998779296875,76774.0
2026-09-04T14:55:00-04:00,59.654998779296875,59.6599006652832,59.625,59.64500045776367,201009.0
2026-09-04T15:00:00-04:00,59.63999938964844,59.668701171875,59.625,59.63999938964844,21143.0
2026-09-04T15:05:00-04:00,59.6349983215332,59.65230178833008,59.6150016784668,59.63999938964844,27604.0
2026-09-04T15:10:00-04:00,59.6349983215332,59.709999084472656,59.619998931884766,59.70000076293945,68125.0
2026-09-04T15:15:00-04:00,59.70500183105469,59.755001068115234,59.689998626708984,59.709999084472656,105718.0
2026-09-04T15:20:00-04:00,59.709999084472656,59.77000045776367,59.67499923706055,59.76499938964844,78392.0
2026-09-04T15:25:00-04:00,59.76499938964844,59.869998931884766,59.7599983215332,59.838199615478516,108631.0
2026-09-04T15:30:00-04:00,59.849998474121094,59.88999938964844,59.81209945678711,59.8849983215332,76275.0
2026-09-04T15:35:00-04:00,59.88010025024414,59.8849983215332,59.814998626708984,59.82490158081055,165185.0
2026-09-04T15:40:00-04:00,59.82500076293945,59.880001068115234,59.810001373291016,59.87990188598633,115058.0
2026-09-04T15:45:00-04:00,59.875,59.88999938964844,59.80500030517578,59.834999084472656,102769.0
2026-09-04T15:50:00-04:00,59.849998474121094,59.8577995300293,59.810001373291016,59.849998474121094,164691.0
2026-09-04T15:55:00-04:00,59.845001220703125,59.845001220703125,59.790000915527344,59.81999969482422,245784.0
