timestamp,open,high,low,close,volume
2025-12-12T09:30:00-05:00,23.0,23.145,22.4611,22.495,83771.0
2025-12-12T09:35:00-05:00,22.495,22.7,22.495,22.65,34617.0
2025-12-12T09:40:00-05:00,22.68,22.86,22.6,22.66,32412.0
2025-12-12T09:45:00-05:00,22.59,22.76,22.5856,22.7,26117.0
2025-12-12T09:50:00-05:00,22.7,22.79,22.7,22.7432,28643.0
2025-12-12T09:55:00-05:00,22.76,22.79,22.73,22.73,9695.0
2025-12-12T10:00:00-05:00,22.7,22.7,22.54,22.54,15276.0
2025-12-12T10:05:00-05:00,22.55,22.58,22.47,22.54,25226.0
2025-12-12T10:10:00-05:00,22.56,22.64,22.5279,22.532,22228.0
2025-12-12T10:15:00-05:00,22.515,22.55,22.385,22.4,121084.0
2025-12-12T10:20:00-05:00,22.37,22.37,22.045,22.045,40368.0
2025-12-12T10:25:00-05:00,22.059999,22.1227,21.86,21.86,56862.0
2025-12-12T10:30:00-05:00,21.86,21.9199,21.8,21.84,43328.0
2025-12-12T10:35:00-05:00,21.8101,21.93,21.725,21.93,53825.0
2025-12-12T10:40:00-05:00,21.9,21.93,21.828,21.92,27389.0
2025-12-12T10:45:00-05:00,21.9205,22.049999,21.9,22.0035992,27727.0
2025-12-12T10:50:00-05:00,22.01,22.030001,21.83,21.83,16123.0
2025-12-12T10:55:00-05:00,21.81,21.843,21.74,21.79,32238.0
2025-12-12T11:00:00-05:00,21.788,21.821,21.6,21.635,34247.0
2025-12-12T11:05:00-05:00,21.68,21.7,21.54,21.57,22107.0
2025-12-12T11:10:00-05:00,21.575,21.64,21.51,21.6,25146.0
2025-12-12T11:15:00-05:00,21.61,21.67,21.59,21.62,16585.0
2025-12-12T11:20:00-05:00,21.65,21.66,21.5,21.6387,20871.0
2025-12-12T11:25:00-05:00,21.64,21.7045,21.61,21.7045,17640.0
2025-12-12T11:30:00-05:00,21.69,21.69,21.56,21.585,19256.0
2025-12-12T11:35:00-05:00,21.585,21.585,21.36,21.405,72639.0
2025-12-12T11:40:00-05:00,21.405,21.47,21.33,21.445,22935.0
2025-12-12T11:45:00-05:00,21.42,21.49,21.4,21.475,16697.0
2025-12-12T11:50:00-05:00,21.47,21.48,21.38,21.45,346098.0
2025-12-12T11:55:00-05:00,21.45,21.56,21.415,21.5401,61224.0
2025-12-12T12:00:00-05:00,21.525,21.6467,21.51,21.51,40592.0
2025-12-12T12:05:00-05:00,21.54,21.56,21.5,21.51,12987.0
2025-12-12T12:10:00-05:00,21.535,21.57,21.5201,21.5201,10387.0
2025-12-12T12:15:00-05:00,21.52,21.71,21.52,21.705,31165.0
2025-12-12T12:20:00-05:00,21.705,21.825,21.69,21.825,30919.0
2025-12-12T12:25:00-05:00,21.8304,21.8304,21.69,21.715,17921.0
2025-12-12T12:30:00-05:00,21.718,21.79,21.69,21.73,10298.0
2025-12-12T12:35:00-05:00,21.73,21.76,21.7,21.73,8956.0
2025-12-12T12:40:00-05:00,21.75,21.82,21.74,21.81,17660.0
2025-12-12T12:45:00-05:00,21.82,21.85,21.81,21.825,7976.0
2025-12-12T12:50:00-05:00,21.86,21.91,21.85,21.905,5666.0
2025-12-12T12:55:00-05:00,21.91,21.945,21.87,21.9391,18938.0
2025-12-12T13:00:00-05:00,21.92,21.9299,21.87,21.91,7614.0
2025-12-12T13:05:00-05:00,21.92,21.945,21.9,21.94,11346.0
2025-12-12T13:10:00-05:00,21.95,22.07,21.94,22.07,18758.0
2025-12-12T13:15:00-05:00,22.07,22.16,22.07,22.16,18709.0
2025-12-12T13:20:00-05:00,22.15,22.15,22.08,22.09,10958.0
2025-12-12T13:25:00-05:00,22.13,22.13,22.07,22.09,8375.0
2025-12-12T13:30:00-05:00,22.094999,22.094999,22.040001,22.08,10968.0
2025-12-12T13:35:00-05:00,22.09,22.11,22.07,22.1,8663.0
2025-12-12T13:40:00-05:00,22.11,22.11,22.02,22.030001,6223.0
2025-12-12T13:45:00-05:00,22.0201,22.059999,22.02,22.049999,6007.0
2025-12-12T13:50:00-05:00,22.049999,22.055799,22.01,22.02,5501.0
2025-12-12T13:55:00-05:00,22.030001,22.030001,21.98,21.99,6279.0
2025-12-12T14:00:00-05:00,22.01,22.01,21.96,21.99,3369.0
2025-12-12T14:05:00-05:00,21.99,22.01,21.96,21.96,5380.0
2025-12-12T14:10:00-05:00,21.96,22.01,21.96,21.99,7515.0
2025-12-12T14:15:00-05:00,21.985,22.0,21.955,21.98,22034.0
2025-12-12T14:20:00-05:00,21.98,22.030001,21.95,21.99,11406.0
2025-12-12T14:25:00-05:00,22.014999,22.014999,21.97,22.0,7717.0
2025-12-12T14:30:00-05:00,22.0299,22.07,22.02,22.040001,7028.0
2025-12-12T14:35:00-05:00,22.040001,22.059999,21.99,22.0030003,5207.0
2025-12-12T14:40:00-05:00,22.02,22.021,22.01,22.01,3219.0
2025-12-12T14:45:00-05:00,22.01,22.01,21.95,21.97,9296.0
2025-12-12T14:50:00-05:00,21.97,22.025,21.95,22.025,538754.0
2025-12-12T14:55:00-05:00,22.01,22.049999,22.01,22.049999,5098.0
2025-12-12T15:00:00-05:00,22.040001,22.075001,22.040001,22.075001,7913.0
2025-12-12T15:05:00-05:00,22.07,22.115,22.07,22.11,3785.0
2025-12-12T15:10:00-05:00,22.11,22.11,22.077999,22.091299,13188.0
2025-12-12T15:15:00-05:00,22.084999,22.084999,22.049999,22.049999,6290.0
2025-12-12T15:20:00-05:00,22.049999,22.1,22.049999,22.09,7094.0
2025-12-12T15:25:00-05:00,22.07,22.075001,22.01,22.02,14783.0
2025-12-12T15:30:00-05:00,22.030001,22.040001,21.99,22.035,12805.0
2025-12-12T15:35:00-05:00,22.035,22.035,22.01,22.02,9666.0
2025-12-12T15:40:00-05:00,22.02,22.065001,22.02,22.055,592343.0
2025-12-12T15:45:00-05:00,22.059999,22.1863,22.059999,22.155,25675.0
2025-12-12T15:50:00-05:00,22.13,22.22,22.11,22.21,48999.0
2025-12-12T15:55:00-05:00,22.2,22.22,22.14,22.22,123155.0
2025-12-15T09:30:00-05:00,22.38,22.38,22.0,22.089899,110412.0
2025-12-15T09:35:00-05:00,22.065001,22.2265,22.025,22.025,83372.0
2025-12-15T09:40:00-05:00,22.025,22.08,21.894,22.045,41155.0
2025-12-15T09:45:00-05:00,22.045,22.12,21.98,22.049999,62143.0
2025-12-15T09:50:00-05:00,22.01,22.030001,21.82,21.88,121428.0
2025-12-15T09:55:00-05:00,21.9,21.9214,21.78,21.86,12555.0
2025-12-15T10:00:00-05:00,21.88,21.95,21.765,21.925,21317.0
2025-12-15T10:05:00-05:00,21.92,22.049999,21.92,22.01,28898.0
2025-12-15T10:10:00-05:00,22.014999,22.2082,22.014999,22.1801,18993.0
2025-12-15T10:15:00-05:00,22.18,22.26,22.14,22.14,16352.0
2025-12-15T10:20:00-05:00,22.12,22.31,22.12,22.24,26006.0
2025-12-15T10:25:00-05:00,22.245,22.245,22.059999,22.115,26012.0
2025-12-15T10:30:00-05:00,22.1058,22.4,22.094999,22.32,16301.0
2025-12-15T10:35:00-05:00,22.32,22.34,22.2,22.2,16783.0
2025-12-15T10:40:00-05:00,22.2,22.26,22.175,22.25,12954.0
2025-12-15T10:45:00-05:00,22.25,22.3233,22.24,22.295,8976.0
2025-12-15T10:50:00-05:00,22.28,22.3,22.15,22.171,21717.0
2025-12-15T10:55:00-05:00,22.175,22.22,22.055,22.1,18323.0
2025-12-15T11:00:00-05:00,22.1084,22.1084,21.99,22.01,14945.0
2025-12-15T11:05:00-05:00,22.01,22.049999,21.8901,21.94,19143.0
2025-12-15T11:10:00-05:00,21.94,21.96,21.885,21.94,10637.0
2025-12-15T11:15:00-05:00,21.94,22.075001,21.94,22.025,20593.0
2025-12-15T11:20:00-05:00,22.030001,22.030001,21.89,21.915,10764.0
2025-12-15T11:25:00-05:00,21.91,21.96,21.835,21.835,12974.0
2025-12-15T11:30:00-05:00,21.835,21.835,21.71,21.71,261975.0
2025-12-15T11:35:00-05:00,21.71,21.73,21.46,21.55,51402.0
2025-12-15T11:40:00-05:00,21.56,21.61,21.52,21.55,14435.0
2025-12-15T11:45:00-05:00,21.545,21.61,21.54,21.61,13740.0
2025-12-15T11:50:00-05:00,21.6,21.7365,21.6,21.705,16995.0
2025-12-15T11:55:00-05:00,21.71,21.725,21.65,21.67,6634.0
2025-12-15T12:00:00-05:00,21.66,21.69,21.651,21.67,6279.0
2025-12-15T12:05:00-05:00,21.675,21.69,21.615,21.64,7319.0
2025-12-15T12:10:00-05:00,21.635,21.74,21.635,21.7,9323.0
2025-12-15T12:15:00-05:00,21.69,21.72,21.6501,21.72,7423.0
2025-12-15T12:20:00-05:00,21.705,21.86,21.705,21.86,12003.0
2025-12-15T12:25:00-05:00,21.85,21.96,21.85,21.96,28127.0
2025-12-15T12:30:00-05:00,21.96,22.02,21.89,21.89,41059.0
2025-12-15T12:35:00-05:00,21.89,21.925,21.86,21.876,5613.0
2025-12-15T12:40:00-05:00,21.885,21.9,21.87,21.875,6865.0
2025-12-15T12:45:00-05:00,21.875,21.875,21.83,21.85,14441.0
2025-12-15T12:50:00-05:00,21.83,21.85,21.78,21.8367,12415.0
2025-12-15T12:55:00-05:00,21.83,21.85,21.8,21.815,7603.0
2025-12-15T13:00:00-05:00,21.82,21.84,21.79,21.81,4772.0
2025-12-15T13:05:00-05:00,21.791,21.82,21.791,21.8,4173.0
2025-12-15T13:10:00-05:00,21.8,21.805,21.77,21.78,4038.0
2025-12-15T13:15:00-05:00,21.7701,21.7701,21.69,21.725,347417.0
2025-12-15T13:20:00-05:00,21.73,21.73,21.67,21.675,7817.0
2025-12-15T13:25:00-05:00,21.68,21.71,21.655,21.71,348480.0
2025-12-15T13:30:00-05:00,21.7,21.78,21.69,21.73,8226.0
2025-12-15T13:35:00-05:00,21.735,21.77,21.72,21.77,7802.0
2025-12-15T13:40:00-05:00,21.76,21.8072,21.76,21.8072,9508.0
2025-12-15T13:45:00-05:00,21.79,21.83,21.785,21.81,15838.0
2025-12-15T13:50:00-05:00,21.82,21.84,21.82,21.82,3495.0
2025-12-15T13:55:00-05:00,21.82,21.89,21.82,21.89,9524.0
2025-12-15T14:00:00-05:00,21.87,21.895,21.86,21.89,5116.0
2025-12-15T14:05:00-05:00,21.88,21.915,21.855,21.855,8686.0
2025-12-15T14:10:00-05:00,21.84,21.88,21.82,21.86,6023.0
2025-12-15T14:15:00-05:00,21.855,21.87,21.835,21.87,6339.0
2025-12-15T14:20:00-05:00,21.8601,21.92,21.85,21.85,7040.0
2025-12-15T14:25:00-05:00,21.85,21.88,21.85,21.85,4365.0
2025-12-15T14:30:00-05:00,21.865,21.88,21.835,21.865,4244.0
2025-12-15T14:35:00-05:00,21.8819,21.91,21.87,21.89,9312.0
2025-12-15T14:40:00-05:00,21.89,21.9,21.871,21.9,5061.0
2025-12-15T14:45:00-05:00,21.8999,21.92,21.8824,21.92,3818.0
2025-12-15T14:50:00-05:00,21.93,21.95,21.9294,21.93,7743.0
2025-12-15T14:55:00-05:00,21.93,21.95,21.91,21.931,4993.0
2025-12-15T15:00:00-05:00,21.93,21.95,21.92,21.94,10806.0
2025-12-15T15:05:00-05:00,21.91,21.94,21.91,21.92,5467.0
2025-12-15T15:10:00-05:00,21.92,21.95,21.92,21.92,8038.0
2025-12-15T15:15:00-05:00,21.91,21.92,21.89,21.91,9480.0
2025-12-15T15:20:00-05:00,21.91,21.91,21.86,21.863,28786.0
2025-12-15T15:25:00-05:00,21.87,21.92,21.8609,21.91,10759.0
2025-12-15T15:30:00-05:00,21.89,21.93,21.869,21.8788,12439.0
2025-12-15T15:35:00-05:00,21.885,21.92,21.87,21.89,19266.0
2025-12-15T15:40:00-05:00,21.9,21.925,21.88,21.885,13103.0
2025-12-15T15:45:00-05:00,21.89,21.925,21.88,21.88,16545.0
2025-12-15T15:50:00-05:00,21.875,21.92,21.86,21.87,43477.0
2025-12-15T15:55:00-05:00,21.86,21.865,21.805,21.845,127997.0
2025-12-16T09:30:00-05:00,21.8,22.3112,21.8,22.26,46525.0
2025-12-16T09:35:00-05:00,22.29,22.32,22.049999,22.15,22287.0
2025-12-16T09:40:00-05:00,22.16,22.23,22.030001,22.2,17431.0
2025-12-16T09:45:00-05:00,22.18,22.37,22.16,22.3,17478.0
2025-12-16T09:50:00-05:00,22.28,22.4,22.28,22.28,21439.0
2025-12-16T09:55:00-05:00,22.27,22.28,22.155,22.16,11992.0
2025-12-16T10:00:00-05:00,22.15,22.29,22.13,22.28,20609.0
2025-12-16T10:05:00-05:00,22.3,22.38,22.28,22.3,10060.0
2025-12-16T10:10:00-05:00,22.27,22.29,22.1701,22.1701,8582.0
2025-12-16T10:15:00-05:00,22.17,22.18,22.014999,22.075001,18742.0
2025-12-16T10:20:00-05:00,22.07,22.1,22.0,22.049999,9801.0
2025-12-16T10:25:00-05:00,22.030001,22.14,21.93,22.11,17896.0
2025-12-16T10:30:00-05:00,22.115,22.21,22.030001,22.155,21058.0
2025-12-16T10:35:00-05:00,22.15,22.15,21.995,22.1,13580.0
2025-12-16T10:40:00-05:00,22.1028,22.1201,22.040001,22.0653,13711.0
2025-12-16T10:45:00-05:00,22.0884,22.165,22.0884,22.1298,9546.0
2025-12-16T10:50:00-05:00,22.11,22.18,22.059999,22.15,5579.0
2025-12-16T10:55:00-05:00,22.15,22.16,22.11,22.1401,12031.0
2025-12-16T11:00:00-05:00,22.14,22.14,22.09,22.09,8311.0
2025-12-16T11:05:00-05:00,22.09,22.14,22.08,22.1,7019.0
2025-12-16T11:10:00-05:00,22.094999,22.094999,21.9812,22.045,12541.0
2025-12-16T11:15:00-05:00,22.01,22.019899,21.93,21.99,12371.0
2025-12-16T11:20:00-05:00,21.97,22.0,21.94,21.975,7868.0
2025-12-16T11:25:00-05:00,21.99,22.01,21.98,22.0,4758.0
2025-12-16T11:30:00-05:00,21.99,21.99,21.96,21.96,9392.0
2025-12-16T11:35:00-05:00,21.94,21.94,21.86,21.9199,9058.0
2025-12-16T11:40:00-05:00,21.89,21.89,21.72,21.76,38977.0
2025-12-16T11:45:00-05:00,21.76,21.855,21.711,21.84,198767.0
2025-12-16T11:50:00-05:00,21.85,21.885,21.821,21.84,10126.0
2025-12-16T11:55:00-05:00,21.845,21.99,21.835,21.99,17395.0
2025-12-16T12:00:00-05:00,22.0,22.08,22.0,22.07,11239.0
2025-12-16T12:05:00-05:00,22.07,22.155,22.07,22.1,38647.0
2025-12-16T12:10:00-05:00,22.075001,22.1188,22.049999,22.049999,11839.0
2025-12-16T12:15:00-05:00,22.040001,22.059999,22.0,22.0156,11357.0
2025-12-16T12:20:00-05:00,22.0161,22.059999,22.01,22.049999,6430.0
2025-12-16T12:25:00-05:00,22.02,22.02,21.95,21.99,12584.0
2025-12-16T12:30:00-05:00,22.0,22.14,22.0,22.14,11633.0
2025-12-16T12:35:00-05:00,22.13,22.14,22.08,22.084999,5866.0
2025-12-16T12:40:00-05:00,22.07,22.07,22.02,22.02,4846.0
2025-12-16T12:45:00-05:00,22.030001,22.049999,21.995,21.995,5816.0
2025-12-16T12:50:00-05:00,22.0,22.02,21.99,21.99,5250.0
2025-12-16T12:55:00-05:00,21.98,21.985,21.94,21.98,8179.0
2025-12-16T13:00:00-05:00,21.98,22.025,21.98,22.01,19576.0
2025-12-16T13:05:00-05:00,22.025,22.025,22.0,22.01,5715.0
2025-12-16T13:10:00-05:00,22.0,22.0,21.93,21.97,5512.0
2025-12-16T13:15:00-05:00,21.96,21.98,21.95,21.98,3622.0
2025-12-16T13:20:00-05:00,21.99,22.02,21.96,22.02,5255.0
2025-12-16T13:25:00-05:00,22.040001,22.1,22.040001,22.0972,9808.0
2025-12-16T13:30:00-05:00,22.08,22.1799,22.07,22.1799,8464.0
2025-12-16T13:35:00-05:00,22.19,22.25,22.19,22.2389,10392.0
2025-12-16T13:40:00-05:00,22.2399,22.2699,22.23,22.265,10874.0
2025-12-16T13:45:00-05:00,22.28,22.365,22.26,22.3505,22897.0
2025-12-16T13:50:00-05:00,22.37,22.395,22.3589,22.38,24938.0
2025-12-16T13:55:00-05:00,22.38,22.4264,22.36,22.42,25268.0
2025-12-16T14:00:00-05:00,22.41,22.435,22.37,22.37,12128.0
2025-12-16T14:05:00-05:00,22.352,22.3676,22.31,22.3676,15404.0
2025-12-16T14:10:00-05:00,22.36,22.365,22.32,22.345,16369.0
2025-12-16T14:15:00-05:00,22.34,22.35,22.32,22.345,6113.0
2025-12-16T14:20:00-05:00,22.345,22.355,22.305,22.315,17614.0
2025-12-16T14:25:00-05:00,22.315,22.33,22.21,22.245,42520.0
2025-12-16T14:30:00-05:00,22.26,22.3,22.23,22.23,13013.0
2025-12-16T14:35:00-05:00,22.22,22.245,22.18,22.205,7880.0
2025-12-16T14:40:00-05:00,22.2,22.24,22.185,22.24,8429.0
2025-12-16T14:45:00-05:00,22.26,22.2978,22.25,22.25,7508.0
2025-12-16T14:50:00-05:00,22.25,22.2891,22.2392,22.2392,10202.0
2025-12-16T14:55:00-05:00,22.23,22.23,22.2,22.2195,7304.0
2025-12-16T15:00:00-05:00,22.23,22.28,22.23,22.27,8272.0
2025-12-16T15:05:00-05:00,22.285,22.3,22.26,22.2751,7807.0
2025-12-16T15:10:00-05:00,22.29,22.33,22.28,22.29,9386.0
2025-12-16T15:15:00-05:00,22.3,22.3011,22.26,22.28,7920.0
2025-12-16T15:20:00-05:00,22.29,22.31,22.28,22.3,21060.0
2025-12-16T15:25:00-05:00,22.3,22.3513,22.3,22.33,14146.0
2025-12-16T15:30:00-05:00,22.34,22.4,22.34,22.39,12889.0
2025-12-16T15:35:00-05:00,22.38,22.415,22.37,22.375,15549.0
2025-12-16T15:40:00-05:00,22.3799,22.395,22.36,22.36,18617.0
2025-12-16T15:45:00-05:00,22.36,22.36,22.33,22.34,16857.0
2025-12-16T15:50:00-05:00,22.35,22.38,22.26,22.28,42791.0
2025-12-16T15:55:00-05:00,22.28,22.29,22.18,22.19,107711.0
2025-12-17T09:30:00-05:00,22.62,22.65,22.21,22.485,48461.0
2025-12-17T09:35:00-05:00,22.45,22.5805,22.29,22.535,33679.0
2025-12-17T09:40:00-05:00,22.535,22.698,22.3179,22.43,57039.0
2025-12-17T09:45:00-05:00,22.47,22.6375,22.44,22.53,76668.0
2025-12-17T09:50:00-05:00,22.515,22.52,22.36,22.44,20348.0
2025-12-17T09:55:00-05:00,22.42,22.54,22.345,22.38,104247.0
2025-12-17T10:00:00-05:00,22.37,22.46,22.3152,22.44,50031.0
2025-12-17T10:05:00-05:00,22.44,22.62,22.44,22.62,17195.0
2025-12-17T10:10:00-05:00,22.63,22.68,22.605,22.6517,8385.0
2025-12-17T10:15:00-05:00,22.66,22.6758,22.39,22.465,16773.0
2025-12-17T10:20:00-05:00,22.5,22.7,22.465,22.67,33423.0
2025-12-17T10:25:00-05:00,22.5519,22.63,22.51,22.6,13855.0
2025-12-17T10:30:00-05:00,22.603,22.83,22.603,22.8027,31752.0
2025-12-17T10:35:00-05:00,22.77,22.785,22.545,22.56,30852.0
2025-12-17T10:40:00-05:00,22.555,22.58,22.362,22.43,183258.0
2025-12-17T10:45:00-05:00,22.43,22.51,22.405,22.48,16566.0
2025-12-17T10:50:00-05:00,22.48,22.49,22.1,22.16,77144.0
2025-12-17T10:55:00-05:00,22.165,22.23,22.045,22.059999,28555.0
2025-12-17T11:00:00-05:00,22.07,22.09,21.96,22.049999,14014.0
2025-12-17T11:05:00-05:00,22.035,22.13,22.030001,22.045,11938.0
2025-12-17T11:10:00-05:00,22.042,22.1,21.85,21.98,22012.0
2025-12-17T11:15:00-05:00,21.93,21.9884,21.9,21.954,14796.0
2025-12-17T11:20:00-05:00,21.92,21.9399,21.8792,21.89,9751.0
2025-12-17T11:25:00-05:00,21.8884,21.92,21.85,21.92,11711.0
2025-12-17T11:30:00-05:00,21.9,21.9,21.78,21.78,10396.0
2025-12-17T11:35:00-05:00,21.79,21.9,21.75,21.8277,18830.0
2025-12-17T11:40:00-05:00,21.82,22.025,21.82,22.02,20496.0
2025-12-17T11:45:00-05:00,22.02,22.19,22.02,22.17,21453.0
2025-12-17T11:50:00-05:00,22.17,22.17,21.9456,21.99,7638.0
2025-12-17T11:55:00-05:00,21.975,21.975,21.87,21.92,30325.0
2025-12-17T12:00:00-05:00,21.92,21.92,21.69,21.7301,36582.0
2025-12-17T12:05:00-05:00,21.735,21.82,21.71,21.72,56991.0
2025-12-17T12:10:00-05:00,21.7,21.81,21.685,21.73,36582.0
2025-12-17T12:15:00-05:00,21.72,21.785,21.72,21.7548,9691.0
2025-12-17T12:20:00-05:00,21.79,21.865,21.78,21.865,11074.0
2025-12-17T12:25:00-05:00,21.89,21.96,21.87,21.88,21808.0
2025-12-17T12:30:00-05:00,21.875,21.96,21.86,21.96,19625.0
2025-12-17T12:35:00-05:00,21.925,22.049999,21.9,21.99,30198.0
2025-12-17T12:40:00-05:00,22.0,22.059999,22.0,22.0352,17539.0
2025-12-17T12:45:00-05:00,22.038,22.084999,22.035,22.08,19552.0
2025-12-17T12:50:00-05:00,22.075001,22.075001,22.02,22.02,4162.0
2025-12-17T12:55:00-05:00,22.014999,22.08,22.0,22.065001,11418.0
2025-12-17T13:00:00-05:00,22.0875,22.165,22.0875,22.165,6890.0
2025-12-17T13:05:00-05:00,22.16,22.2,22.1401,22.17,11758.0
2025-12-17T13:10:00-05:00,22.15,22.1772,22.12,22.12,4922.0
2025-12-17T13:15:00-05:00,22.14,22.15,22.07,22.07,22859.0
2025-12-17T13:20:00-05:00,22.059999,22.08,22.02,22.049999,14764.0
2025-12-17T13:25:00-05:00,22.0348,22.07,22.0348,22.05,5015.0
2025-12-17T13:30:00-05:00,22.059999,22.08,22.059999,22.059999,7922.0
2025-12-17T13:35:00-05:00,22.07,22.072701,22.02,22.02,3427.0
2025-12-17T13:40:00-05:00,22.0399,22.040001,21.98,21.9945,6962.0
2025-12-17T13:45:00-05:00,21.978,21.99,21.87,21.8801,31606.0
2025-12-17T13:50:00-05:00,21.915,21.915,21.84,21.88,7885.0
2025-12-17T13:55:00-05:00,21.87,21.89,21.855,21.89,5404.0
2025-12-17T14:00:00-05:00,21.9,21.91,21.82,21.86,4535.0
2025-12-17T14:05:00-05:00,21.84,21.87,21.82,21.85,4273.0
2025-12-17T14:10:00-05:00,21.85,21.93,21.85,21.9101,5546.0
2025-12-17T14:15:00-05:00,21.94,21.99,21.94,21.98,6591.0
2025-12-17T14:20:00-05:00,21.97,21.97,21.88,21.94,11541.0
2025-12-17T14:25:00-05:00,21.935,21.935,21.88,21.89,6306.0
2025-12-17T14:30:00-05:00,21.92,21.93,21.84,21.85,12713.0
2025-12-17T14:35:00-05:00,21.84,21.84,21.76,21.795,8729.0
2025-12-17T14:40:00-05:00,21.79,21.835,21.75,21.76,10423.0
2025-12-17T14:45:00-05:00,21.75,21.81,21.73,21.77,5619.0
2025-12-17T14:50:00-05:00,21.77,21.8,21.61,21.6473,78187.0
2025-12-17T14:55:00-05:00,21.6899,21.8,21.6899,21.79,15340.0
2025-12-17T15:00:00-05:00,21.8,21.85,21.785,21.845,15332.0
2025-12-17T15:05:00-05:00,21.83,21.84,21.83,21.835,4409.0
2025-12-17T15:10:00-05:00,21.83,21.85,21.81,21.82,5998.0
2025-12-17T15:15:00-05:00,21.8,21.885,21.8,21.88,10050.0
2025-12-17T15:20:00-05:00,21.87,21.96,21.87,21.925,21817.0
2025-12-17T15:25:00-05:00,21.93,21.94,21.885,21.885,11414.0
2025-12-17T15:30:00-05:00,21.885,21.91,21.85,21.88,17818.0
2025-12-17T15:35:00-05:00,21.88,21.8804,21.84,21.84,8759.0
2025-12-17T15:40:00-05:00,21.845,21.87,21.83,21.86,18226.0
2025-12-17T15:45:00-05:00,21.87,21.9,21.835,21.9,15473.0
2025-12-17T15:50:00-05:00,21.9,21.91,21.86,21.9,39374.0
2025-12-17T15:55:00-05:00,21.89,22.12,21.81,22.12,365685.0
2025-12-18T09:30:00-05:00,22.1,22.78,21.91,22.64,99849.0
2025-12-18T09:35:00-05:00,22.64,22.67,22.375,22.5,19237.0
2025-12-18T09:40:00-05:00,22.55,22.57,22.34,22.35,28883.0
2025-12-18T09:45:00-05:00,22.33,22.55,22.245,22.47,148383.0
2025-12-18T09:50:00-05:00,22.49,22.71,22.49,22.7,27180.0
2025-12-18T09:55:00-05:00,22.7,23.1,22.65,23.040001,66603.0
2025-12-18T10:00:00-05:00,23.049999,23.25,23.0,23.18,275241.0
2025-12-18T10:05:00-05:00,23.185,23.185,22.89,22.89,25518.0
2025-12-18T10:10:00-05:00,22.85,22.9499,22.72,22.755,33916.0
2025-12-18T10:15:00-05:00,22.74,22.8655,22.49,22.61,46073.0
2025-12-18T10:20:00-05:00,22.6,22.625,22.48,22.55,20001.0
2025-12-18T10:25:00-05:00,22.55,22.7,22.54,22.685,290900.0
2025-12-18T10:30:00-05:00,22.68,22.76,22.65,22.7227,11994.0
2025-12-18T10:35:00-05:00,22.715,22.79,22.68,22.74,15163.0
2025-12-18T10:40:00-05:00,22.7,22.73,22.615,22.65,12613.0
2025-12-18T10:45:00-05:00,22.62,22.63,22.53,22.535,18486.0
2025-12-18T10:50:00-05:00,22.55,22.61,22.49,22.54,16467.0
2025-12-18T10:55:00-05:00,22.565,22.6,22.52,22.54,10342.0
2025-12-18T11:00:00-05:00,22.54,22.67,22.48,22.66,14380.0
2025-12-18T11:05:00-05:00,22.66,22.675,22.6,22.675,9370.0
2025-12-18T11:10:00-05:00,22.6626,22.9118,22.6626,22.81,15379.0
2025-12-18T11:15:00-05:00,22.8,22.84,22.75,22.77,25781.0
2025-12-18T11:20:00-05:00,22.79,22.84,22.78,22.81,10966.0
2025-12-18T11:25:00-05:00,22.81,22.91,22.8,22.8,9858.0
2025-12-18T11:30:00-05:00,22.81,22.83,22.75,22.755,5156.0
2025-12-18T11:35:00-05:00,22.77,22.86,22.77,22.8489,12270.0
2025-12-18T11:40:00-05:00,22.82,22.82,22.72,22.72,9056.0
2025-12-18T11:45:00-05:00,22.71,22.71,22.67,22.7,8317.0
2025-12-18T11:50:00-05:00,22.695,22.7,22.56,22.56,8791.0
2025-12-18T11:55:00-05:00,22.54,22.62,22.51,22.61,6569.0
2025-12-18T12:00:00-05:00,22.62,22.7,22.62,22.645,17843.0
2025-12-18T12:05:00-05:00,22.645,22.645,22.3112,22.32,79265.0
2025-12-18T12:10:00-05:00,22.32,22.4,22.27,22.3,45957.0
2025-12-18T12:15:00-05:00,22.34,22.38,22.295,22.345,17915.0
2025-12-18T12:20:00-05:00,22.34,22.455,22.33,22.3527,19385.0
2025-12-18T12:25:00-05:00,22.37,22.43,22.34,22.42,12724.0
2025-12-18T12:30:00-05:00,22.44,22.55,22.44,22.55,9270.0
2025-12-18T12:35:00-05:00,22.53,22.555,22.49,22.55,6249.0
2025-12-18T12:40:00-05:00,22.55,22.61,22.55,22.58,13888.0
2025-12-18T12:45:00-05:00,22.6,22.66,22.595,22.6,21969.0
2025-12-18T12:50:00-05:00,22.59,22.59,22.48,22.5,6724.0
2025-12-18T12:55:00-05:00,22.52,22.55,22.52,22.53,5720.0
2025-12-18T13:00:00-05:00,22.54,22.5899,22.54,22.5724,6887.0
2025-12-18T13:05:00-05:00,22.56,22.605,22.55,22.5799,5696.0
2025-12-18T13:10:00-05:00,22.59,22.65,22.59,22.62,8911.0
2025-12-18T13:15:00-05:00,22.62,22.62,22.48,22.49,21104.0
2025-12-18T13:20:00-05:00,22.48,22.53,22.46,22.53,9993.0
2025-12-18T13:25:00-05:00,22.52,22.52,22.49,22.5,3529.0
2025-12-18T13:30:00-05:00,22.5,22.54,22.5,22.53,20470.0
2025-12-18T13:35:00-05:00,22.54,22.59,22.54,22.565,9515.0
2025-12-18T13:40:00-05:00,22.5465,22.6,22.53,22.57,9467.0
2025-12-18T13:45:00-05:00,22.565,22.57,22.51,22.51,6466.0
2025-12-18T13:50:00-05:00,22.52,22.55,22.49,22.49,7086.0
2025-12-18T13:55:00-05:00,22.495,22.55,22.49,22.53,8115.0
2025-12-18T14:00:00-05:00,22.515,22.528,22.4975,22.51,10339.0
2025-12-18T14:05:00-05:00,22.5151,22.53,22.48,22.53,5810.0
2025-12-18T14:10:00-05:00,22.52,22.565,22.52,22.53,5964.0
2025-12-18T14:15:00-05:00,22.52,22.57,22.52,22.54,5220.0
2025-12-18T14:20:00-05:00,22.55,22.61,22.55,22.5513,7472.0
2025-12-18T14:25:00-05:00,22.5442,22.56,22.51,22.56,7412.0
2025-12-18T14:30:00-05:00,22.56,22.59,22.545,22.555,7128.0
2025-12-18T14:35:00-05:00,22.555,22.6,22.545,22.55,6469.0
2025-12-18T14:40:00-05:00,22.55,22.59,22.52,22.53,6477.0
2025-12-18T14:45:00-05:00,22.55,22.55,22.5028,22.535,7709.0
2025-12-18T14:50:00-05:00,22.535,22.5459,22.48,22.49,5359.0
2025-12-18T14:55:00-05:00,22.47,22.47,22.402,22.42,13659.0
2025-12-18T15:00:00-05:00,22.42,22.52,22.42,22.51,9482.0
2025-12-18T15:05:00-05:00,22.53,22.555,22.52,22.5201,10828.0
2025-12-18T15:10:00-05:00,22.54,22.55,22.5,22.52,10446.0
2025-12-18T15:15:00-05:00,22.51,22.51,22.41,22.445,11820.0
2025-12-18T15:20:00-05:00,22.45,22.54,22.445,22.535,15020.0
2025-12-18T15:25:00-05:00,22.55,22.57,22.525,22.56,10622.0
2025-12-18T15:30:00-05:00,22.55,22.58,22.53,22.58,13586.0
2025-12-18T15:35:00-05:00,22.58,22.62,22.56,22.56,14551.0
2025-12-18T15:40:00-05:00,22.56,22.5958,22.55,22.59,15487.0
2025-12-18T15:45:00-05:00,22.59,22.6099,22.575,22.6001,32350.0
2025-12-18T15:50:00-05:00,22.58,22.58,22.35,22.47,88289.0
2025-12-18T15:55:00-05:00,22.46,22.4836,22.39,22.46,100717.0
2025-12-19T09:30:00-05:00,22.55,23.0751,22.5,23.040001,154937.0
2025-12-19T09:35:00-05:00,23.014999,23.09,22.9001,22.995,29920.0
2025-12-19T09:40:00-05:00,23.040001,23.19,22.96,23.02,41556.0
2025-12-19T09:45:00-05:00,23.040001,23.07,22.84,22.985,25185.0
2025-12-19T09:50:00-05:00,22.9368,22.97,22.82,22.85,8862.0
2025-12-19T09:55:00-05:00,22.838,22.925,22.83,22.87,10984.0
2025-12-19T10:00:00-05:00,22.855,22.92,22.855,22.9,9642.0
2025-12-19T10:05:00-05:00,22.885,23.0,22.885,22.9446,10263.0
2025-12-19T10:10:00-05:00,22.97,23.0098991,22.925,22.99,8556.0
2025-12-19T10:15:00-05:00,22.98,23.13,22.975,23.13,20372.0
2025-12-19T10:20:00-05:00,23.135,23.31,23.1169,23.29,31110.0
2025-12-19T10:25:00-05:00,23.28,23.3,23.16,23.24,34995.0
2025-12-19T10:30:00-05:00,23.23,23.37,23.23,23.37,42969.0
2025-12-19T10:35:00-05:00,23.37,23.39,23.2,23.225,28564.0
2025-12-19T10:40:00-05:00,23.24,23.27,23.14,23.155,14965.0
2025-12-19T10:45:00-05:00,23.17,23.2,23.13,23.17,8571.0
2025-12-19T10:50:00-05:00,23.16,23.2,23.13,23.13,10114.0
2025-12-19T10:55:00-05:00,23.125,23.285,23.12,23.285,13627.0
2025-12-19T11:00:00-05:00,23.29,23.38,23.27,23.28,22469.0
2025-12-19T11:05:00-05:00,23.3,23.3,23.22,23.22,12084.0
2025-12-19T11:10:00-05:00,23.22,23.3,23.15,23.15,11700.0
2025-12-19T11:15:00-05:00,23.14,23.19,23.14,23.149,5989.0
2025-12-19T11:20:00-05:00,23.155,23.155,23.049999,23.1,9835.0
2025-12-19T11:25:00-05:00,23.1,23.12,23.049999,23.12,5941.0
2025-12-19T11:30:00-05:00,23.13,23.195,23.105,23.14,23246.0
2025-12-19T11:35:00-05:00,23.13,23.145,23.11,23.1213,9091.0
2025-12-19T11:40:00-05:00,23.13,23.13,23.09,23.11,9490.0
2025-12-19T11:45:00-05:00,23.11,23.2,23.1,23.16,260501.0
2025-12-19T11:50:00-05:00,23.15,23.19,23.13,23.14,8147.0
2025-12-19T11:55:00-05:00,23.15,23.1636,23.1,23.16,13129.0
2025-12-19T12:00:00-05:00,23.15,23.18,23.12,23.16,15262.0
2025-12-19T12:05:00-05:00,23.14,23.16,23.135,23.1391,4217.0
2025-12-19T12:10:00-05:00,23.12,23.13,23.08,23.094999,5811.0
2025-12-19T12:15:00-05:00,23.1,23.12,23.07,23.12,7488.0
2025-12-19T12:20:00-05:00,23.1,23.15,23.09,23.145,7662.0
2025-12-19T12:25:00-05:00,23.145,23.215,23.145,23.21,10627.0
2025-12-19T12:30:00-05:00,23.22,23.23,23.15,23.17,14428.0
2025-12-19T12:35:00-05:00,23.16,23.209,23.16,23.2,13281.0
2025-12-19T12:40:00-05:00,23.19,23.2099,23.17,23.17,16069.0
2025-12-19T12:45:00-05:00,23.16,23.17,23.135,23.17,297029.0
2025-12-19T12:50:00-05:00,23.17,23.2,23.1586,23.16,4679.0
2025-12-19T12:55:00-05:00,23.17,23.18,23.14,23.165,8414.0
2025-12-19T13:00:00-05:00,23.165,23.19,23.14,23.14,8114.0
2025-12-19T13:05:00-05:00,23.145,23.17,23.14,23.15,10366.0
2025-12-19T13:10:00-05:00,23.15,23.2,23.15,23.195,10550.0
2025-12-19T13:15:00-05:00,23.18,23.22,23.18,23.2179,324093.0
2025-12-19T13:20:00-05:00,23.2144,23.2381,23.2,23.22,16615.0
2025-12-19T13:25:00-05:00,23.22,23.32,23.205,23.225,22878.0
2025-12-19T13:30:00-05:00,23.22,23.225,23.12,23.12,12833.0
2025-12-19T13:35:00-05:00,23.1274,23.1456,23.040001,23.040001,10949.0
2025-12-19T13:40:00-05:00,23.049999,23.07,22.98,23.07,28743.0
2025-12-19T13:45:00-05:00,23.040001,23.125,23.040001,23.105,18025.0
2025-12-19T13:50:00-05:00,23.12,23.17,23.11,23.165,9282.0
2025-12-19T13:55:00-05:00,23.165,23.19,23.12,23.155,13101.0
2025-12-19T14:00:00-05:00,23.16,23.175,23.1,23.17,8482.0
2025-12-19T14:05:00-05:00,23.17,23.17,23.125,23.16,6366.0
2025-12-19T14:10:00-05:00,23.15,23.15,23.12,23.15,7690.0
2025-12-19T14:15:00-05:00,23.14,23.175,23.14,23.16,8517.0
2025-12-19T14:20:00-05:00,23.15,23.16,23.09,23.1287,8945.0
2025-12-19T14:25:00-05:00,23.14,23.15,23.12,23.15,9484.0
2025-12-19T14:30:00-05:00,23.1436,23.1595,23.125,23.13,8265.0
2025-12-19T14:35:00-05:00,23.14,23.185,23.13,23.135,6826.0
2025-12-19T14:40:00-05:00,23.13,23.15,23.1,23.14,8657.0
2025-12-19T14:45:00-05:00,23.13,23.16,23.13,23.1518,10482.0
2025-12-19T14:50:00-05:00,23.15,23.18,23.13,23.15,9100.0
2025-12-19T14:55:00-05:00,23.14,23.16,23.1,23.105,10337.0
2025-12-19T15:00:00-05:00,23.105,23.15,23.0,23.0,20780.0
2025-12-19T15:05:00-05:00,22.99,23.02,22.96,22.96,10827.0
2025-12-19T15:10:00-05:00,22.97,23.0,22.9,22.9,14102.0
2025-12-19T15:15:00-05:00,22.91,22.945,22.9,22.935,10160.0
2025-12-19T15:20:00-05:00,22.94,22.95,22.9,22.945,12381.0
2025-12-19T15:25:00-05:00,22.95,22.99,22.9,22.99,18675.0
2025-12-19T15:30:00-05:00,22.995,23.09,22.99,23.09,15894.0
2025-12-19T15:35:00-05:00,23.094999,23.13,23.08,23.1,20701.0
2025-12-19T15:40:00-05:00,23.1,23.14,23.02,23.030001,51489.0
2025-12-19T15:45:00-05:00,23.035,23.049999,22.98,23.035,40335.0
2025-12-19T15:50:00-05:00,23.02,23.033001,22.83,22.97,156580.0
2025-12-19T15:55:00-05:00,22.97,22.97,22.88,22.95,1014968.0
2025-12-22T09:30:00-05:00,23.57,23.72,23.035,23.4288,149062.0
2025-12-22T09:35:00-05:00,23.56,23.74,23.56,23.62,90610.0
2025-12-22T09:40:00-05:00,23.635,23.83,23.635,23.735,78923.0
2025-12-22T09:45:00-05:00,23.7392,23.86,23.715,23.75,34446.0
2025-12-22T09:50:00-05:00,23.735,23.84,23.665,23.79,41532.0
2025-12-22T09:55:00-05:00,23.7974,23.81,23.63,23.67,17060.0
2025-12-22T10:00:00-05:00,23.69,23.8,23.64,23.64,36683.0
2025-12-22T10:05:00-05:00,23.66,23.71,23.55,23.65,15626.0
2025-12-22T10:10:00-05:00,23.632,23.65,23.435,23.57,65473.0
2025-12-22T10:15:00-05:00,23.55,23.55,23.28,23.3,48156.0
2025-12-22T10:20:00-05:00,23.29,23.4,23.23,23.28,28217.0
2025-12-22T10:25:00-05:00,23.28,23.325,23.135,23.15,16734.0
2025-12-22T10:30:00-05:00,23.1868,23.36,23.1773,23.32,22799.0
2025-12-22T10:35:00-05:00,23.3152,23.37,23.31,23.315,12967.0
2025-12-22T10:40:00-05:00,23.2801,23.51,23.2801,23.51,19765.0
2025-12-22T10:45:00-05:00,23.52,23.56,23.48,23.51,22814.0
2025-12-22T10:50:00-05:00,23.51,23.56,23.49,23.53,11877.0
2025-12-22T10:55:00-05:00,23.53,23.59,23.51,23.51,6470.0
2025-12-22T11:00:00-05:00,23.52,23.52,23.4705,23.49,13680.0
2025-12-22T11:05:00-05:00,23.48,23.54,23.45,23.507,11361.0
2025-12-22T11:10:00-05:00,23.5,23.5418,23.495,23.525,11338.0
2025-12-22T11:15:00-05:00,23.52,23.5779,23.51,23.57,6859.0
2025-12-22T11:20:00-05:00,23.54,23.56,23.47,23.49,10418.0
2025-12-22T11:25:00-05:00,23.485,23.6,23.47,23.5928,13508.0
2025-12-22T11:30:00-05:00,23.585,23.6488,23.56,23.57,11814.0
2025-12-22T11:35:00-05:00,23.57,23.67,23.57,23.665,29424.0
2025-12-22T11:40:00-05:00,23.67,23.72,23.665,23.71,10919.0
2025-12-22T11:45:00-05:00,23.729,23.75,23.69,23.71,8526.0
2025-12-22T11:50:00-05:00,23.72,23.775,23.72,23.725,26909.0
2025-12-22T11:55:00-05:00,23.725,23.75,23.715,23.7416,9999.0
2025-12-22T12:00:00-05:00,23.74,23.845,23.74,23.845,7942.0
2025-12-22T12:05:00-05:00,23.8436,23.8436,23.79,23.82,16977.0
2025-12-22T12:10:00-05:00,23.81,23.882,23.81,23.86,24812.0
2025-12-22T12:15:00-05:00,23.855,23.855,23.7,23.7108,12035.0
2025-12-22T12:20:00-05:00,23.7052,23.735,23.63,23.63,9753.0
2025-12-22T12:25:00-05:00,23.64,23.64,23.5607,23.5607,15576.0
2025-12-22T12:30:00-05:00,23.58,23.59,23.46,23.46,15509.0
2025-12-22T12:35:00-05:00,23.4492,23.5064,23.4307,23.5,15798.0
2025-12-22T12:40:00-05:00,23.5,23.5,23.4748,23.4994,6094.0
2025-12-22T12:45:00-05:00,23.5,23.5,23.47,23.5,14380.0
2025-12-22T12:50:00-05:00,23.495,23.6,23.495,23.5733,18120.0
2025-12-22T12:55:00-05:00,23.58,23.58,23.55,23.56,11097.0
2025-12-22T13:00:00-05:00,23.5501,23.565,23.5301,23.5301,7965.0
2025-12-22T13:05:00-05:00,23.52,23.54,23.49,23.54,8161.0
2025-12-22T13:10:00-05:00,23.54,23.54,23.51,23.5225,14330.0
2025-12-22T13:15:00-05:00,23.515,23.555,23.5,23.53,36707.0
2025-12-22T13:20:00-05:00,23.52,23.5367,23.485,23.53,5284.0
2025-12-22T13:25:00-05:00,23.515,23.53,23.49,23.53,5346.0
2025-12-22T13:30:00-05:00,23.535,23.57,23.495,23.495,10192.0
2025-12-22T13:35:00-05:00,23.5,23.53,23.5,23.525,6760.0
2025-12-22T13:40:00-05:00,23.52,23.52,23.49,23.4906,7043.0
2025-12-22T13:45:00-05:00,23.48,23.49,23.414,23.42,7145.0
2025-12-22T13:50:00-05:00,23.42,23.42,23.33,23.38,30057.0
2025-12-22T13:55:00-05:00,23.38,23.41,23.33,23.33,8940.0
2025-12-22T14:00:00-05:00,23.325,23.33,23.205,23.225,13037.0
2025-12-22T14:05:00-05:00,23.228,23.245,23.17,23.2187,11039.0
2025-12-22T14:10:00-05:00,23.22,23.27,23.22,23.25,11056.0
2025-12-22T14:15:00-05:00,23.24,23.29,23.235,23.29,7699.0
2025-12-22T14:20:00-05:00,23.3,23.38,23.3,23.3487,574283.0
2025-12-22T14:25:00-05:00,23.34,23.3773,23.33,23.33,5553.0
2025-12-22T14:30:00-05:00,23.325,23.36,23.325,23.34,9800.0
2025-12-22T14:35:00-05:00,23.34,23.38,23.33,23.38,4541.0
2025-12-22T14:40:00-05:00,23.38,23.43,23.38,23.43,11408.0
2025-12-22T14:45:00-05:00,23.43,23.43,23.4,23.42,7328.0
2025-12-22T14:50:00-05:00,23.42,23.42,23.4,23.41,4689.0
2025-12-22T14:55:00-05:00,23.4,23.43,23.39,23.43,11505.0
2025-12-22T15:00:00-05:00,23.43,23.48,23.43,23.45,7952.0
2025-12-22T15:05:00-05:00,23.4454,23.45,23.4001,23.44,14029.0
2025-12-22T15:10:00-05:00,23.435,23.48,23.435,23.47,7561.0
2025-12-22T15:15:00-05:00,23.47,23.48,23.44,23.45,9580.0
2025-12-22T15:20:00-05:00,23.45,23.45,23.43,23.43,4643.0
2025-12-22T15:25:00-05:00,23.42,23.42,23.345,23.345,23497.0
2025-12-22T15:30:00-05:00,23.345,23.36,23.3,23.3,30929.0
2025-12-22T15:35:00-05:00,23.2999,23.31,23.25,23.27,16795.0
2025-12-22T15:40:00-05:00,23.2691,23.2691,23.225,23.23,24265.0
2025-12-22T15:45:00-05:00,23.22,23.23,23.185,23.2201,24957.0
2025-12-22T15:50:00-05:00,23.22,23.29,23.1872,23.27,32566.0
2025-12-22T15:55:00-05:00,23.27,23.31,23.24,23.31,804360.0
2025-12-23T09:30:00-05:00,23.49,23.49,23.2,23.3899,72170.0
2025-12-23T09:35:00-05:00,23.365,23.49,23.235,23.49,23544.0
2025-12-23T09:40:00-05:00,23.44,23.54,23.27,23.3093,24449.0
2025-12-23T09:45:00-05:00,23.32,23.37,23.1336,23.159,27373.0
2025-12-23T09:50:00-05:00,23.15,23.2599,23.0522,23.0522,31464.0
2025-12-23T09:55:00-05:00,23.057301,23.084999,22.89,22.91,54794.0
2025-12-23T10:00:00-05:00,22.96,23.08,22.79,22.87,29157.0
2025-12-23T10:05:00-05:00,22.82,22.9375,22.8,22.8965,13746.0
2025-12-23T10:10:00-05:00,22.8651,22.9,22.73,22.74,20658.0
2025-12-23T10:15:00-05:00,22.74,22.9001,22.74,22.9001,24143.0
2025-12-23T10:20:00-05:00,22.87,22.91,22.8,22.8889,16338.0
2025-12-23T10:25:00-05:00,22.9,22.93,22.79,22.8,19274.0
2025-12-23T10:30:00-05:00,22.83,22.92,22.83,22.895,10983.0
2025-12-23T10:35:00-05:00,22.9,23.035,22.8872,22.99,14935.0
2025-12-23T10:40:00-05:00,22.99,23.0098991,22.94,22.945,5064.0
2025-12-23T10:45:00-05:00,22.9799,23.02,22.945,23.02,7663.0
2025-12-23T10:50:00-05:00,23.019899,23.040001,23.01,23.01,3922.0
2025-12-23T10:55:00-05:00,23.030001,23.13,23.030001,23.13,15404.0
2025-12-23T11:00:00-05:00,23.119,23.135,23.030001,23.049999,8733.0
2025-12-23T11:05:00-05:00,23.059999,23.105,23.052999,23.052999,4223.0
2025-12-23T11:10:00-05:00,23.07,23.13,23.063,23.065001,10627.0
2025-12-23T11:15:00-05:00,23.065001,23.0658,23.049999,23.059999,161240.0
2025-12-23T11:20:00-05:00,23.059999,23.12,23.059999,23.094999,3622.0
2025-12-23T11:25:00-05:00,23.08,23.08,22.98,22.99,16105.0
2025-12-23T11:30:00-05:00,22.99,23.030001,22.96,22.99,7333.0
2025-12-23T11:35:00-05:00,22.9801,22.99,22.95,22.9715,9704.0
2025-12-23T11:40:00-05:00,22.99,23.049999,22.99,23.049999,4324.0
2025-12-23T11:45:00-05:00,23.055,23.059999,23.02,23.049999,9432.0
2025-12-23T11:50:00-05:00,23.0401,23.12,23.040001,23.1128,9908.0
2025-12-23T11:55:00-05:00,23.1274,23.145,23.059999,23.07,195333.0
2025-12-23T12:00:00-05:00,23.072001,23.13,23.059999,23.13,51120.0
2025-12-23T12:05:00-05:00,23.11,23.2,23.11,23.18,18731.0
2025-12-23T12:10:00-05:00,23.15,23.15,23.12,23.12,9985.0
2025-12-23T12:15:00-05:00,23.13,23.16,23.09,23.155,8899.0
2025-12-23T12:20:00-05:00,23.155,23.175,23.135,23.14,8009.0
2025-12-23T12:25:00-05:00,23.16,23.21,23.145,23.19,3998.0
2025-12-23T12:30:00-05:00,23.1887,23.2,23.12,23.12,6221.0
2025-12-23T12:35:00-05:00,23.145,23.15,23.12,23.14,4761.0
2025-12-23T12:40:00-05:00,23.14,23.1588,23.121,23.14,3942.0
2025-12-23T12:45:00-05:00,23.12,23.13,23.08,23.12,5582.0
2025-12-23T12:50:00-05:00,23.11,23.11,23.030001,23.049999,5772.0
2025-12-23T12:55:00-05:00,23.040001,23.07,23.030001,23.065001,3492.0
2025-12-23T13:00:00-05:00,23.049999,23.1,23.049999,23.06,3477.0
2025-12-23T13:05:00-05:00,23.04,23.1199,23.04,23.084999,5773.0
2025-12-23T13:10:00-05:00,23.07,23.1,23.052601,23.09,4915.0
2025-12-23T13:15:00-05:00,23.11,23.12,23.09,23.12,5605.0
2025-12-23T13:20:00-05:00,23.12,23.12,23.1001,23.1001,3850.0
2025-12-23T13:25:00-05:00,23.11,23.22,23.105,23.165,37364.0
2025-12-23T13:30:00-05:00,23.17,23.215,23.1435,23.18,14864.0
2025-12-23T13:35:00-05:00,23.165,23.19,23.14,23.19,8416.0
2025-12-23T13:40:00-05:00,23.19,23.25,23.19,23.25,7599.0
2025-12-23T13:45:00-05:00,23.26,23.29,23.25,23.2899,14282.0
2025-12-23T13:50:00-05:00,23.29,23.29,23.26,23.27,8606.0
2025-12-23T13:55:00-05:00,23.27,23.33,23.27,23.3,16596.0
2025-12-23T14:00:00-05:00,23.29,23.37,23.29,23.34,18199.0
2025-12-23T14:05:00-05:00,23.34,23.38,23.34,23.35,16528.0
2025-12-23T14:10:00-05:00,23.36,23.39,23.33,23.34,12787.0
2025-12-23T14:15:00-05:00,23.345,23.36,23.31,23.31,9861.0
2025-12-23T14:20:00-05:00,23.3,23.31,23.23,23.23,7788.0
2025-12-23T14:25:00-05:00,23.22,23.23,23.2101,23.225,3713.0
2025-12-23T14:30:00-05:00,23.21,23.26,23.21,23.26,4512.0
2025-12-23T14:35:00-05:00,23.27,23.28,23.26,23.275,3855.0
2025-12-23T14:40:00-05:00,23.28,23.31,23.27,23.31,4284.0
2025-12-23T14:45:00-05:00,23.3,23.3189,23.3,23.3189,13513.0
2025-12-23T14:50:00-05:00,23.3195,23.32,23.28,23.32,15647.0
2025-12-23T14:55:00-05:00,23.315,23.3298,23.29,23.3026,10207.0
2025-12-23T15:00:00-05:00,23.3028,23.34,23.29,23.29,7466.0
2025-12-23T15:05:00-05:00,23.28,23.33,23.27,23.3,12427.0
2025-12-23T15:10:00-05:00,23.28,23.28,23.14,23.14,43066.0
2025-12-23T15:15:00-05:00,23.15,23.23,23.13,23.215,24929.0
2025-12-23T15:20:00-05:00,23.23,23.295,23.22,23.27,11760.0
2025-12-23T15:25:00-05:00,23.28,23.28,23.2,23.22,8581.0
2025-12-23T15:30:00-05:00,23.2282,23.26,23.22,23.249,10789.0
2025-12-23T15:35:00-05:00,23.26,23.27,23.225,23.25,10894.0
2025-12-23T15:40:00-05:00,23.25,23.26,23.23,23.24,17731.0
2025-12-23T15:45:00-05:00,23.23,23.24,23.19,23.19,17528.0
2025-12-23T15:50:00-05:00,23.18,23.22,23.16,23.17,28324.0
2025-12-23T15:55:00-05:00,23.13,23.15,23.1,23.15,104731.0
2025-12-24T09:30:00-05:00,22.858,23.02,22.73,22.8194,45809.0
2025-12-24T09:35:00-05:00,22.82,22.82,22.42,22.46,60796.0
2025-12-24T09:40:00-05:00,22.43,22.7825,22.43,22.64,22780.0
2025-12-24T09:45:00-05:00,22.66,22.68,22.53,22.64,9798.0
2025-12-24T09:50:00-05:00,22.625,22.6312,22.51,22.52,94042.0
2025-12-24T09:55:00-05:00,22.535,22.59,22.52,22.53,12811.0
2025-12-24T10:00:00-05:00,22.51,22.595,22.5,22.54,16849.0
2025-12-24T10:05:00-05:00,22.53,22.62,22.53,22.61,11299.0
2025-12-24T10:10:00-05:00,22.6,22.67,22.565,22.67,7715.0
2025-12-24T10:15:00-05:00,22.68,22.68,22.55,22.55,14255.0
2025-12-24T10:20:00-05:00,22.615,22.63,22.516,22.516,8733.0
2025-12-24T10:25:00-05:00,22.5343,22.61,22.495,22.61,6218.0
2025-12-24T10:30:00-05:00,22.605,22.69,22.605,22.64,11528.0
2025-12-24T10:35:00-05:00,22.63,22.63,22.53,22.565,9823.0
2025-12-24T10:40:00-05:00,22.56,22.575,22.52,22.55,5544.0
2025-12-24T10:45:00-05:00,22.52,22.6,22.48,22.6,13378.0
2025-12-24T10:50:00-05:00,22.59,22.63,22.5853,22.63,7601.0
2025-12-24T10:55:00-05:00,22.62,22.67,22.61,22.67,10846.0
2025-12-24T11:00:00-05:00,22.6559,22.67,22.62,22.64,7265.0
2025-12-24T11:05:00-05:00,22.62,22.64,22.59,22.615,6569.0
2025-12-24T11:10:00-05:00,22.63,22.63,22.575,22.575,20247.0
2025-12-24T11:15:00-05:00,22.55,22.568,22.53,22.55,8674.0
2025-12-24T11:20:00-05:00,22.545,22.552,22.52,22.55,6522.0
2025-12-24T11:25:00-05:00,22.56,22.58,22.56,22.56,8405.0
2025-12-24T11:30:00-05:00,22.565,22.62,22.565,22.605,6790.0
2025-12-24T11:35:00-05:00,22.62,22.635,22.61,22.63,9599.0
2025-12-24T11:40:00-05:00,22.64,22.64,22.6,22.6,5279.0
2025-12-24T11:45:00-05:00,22.59,22.6099,22.5852,22.6099,126874.0
2025-12-24T11:50:00-05:00,22.59,22.6,22.57,22.575,8421.0
2025-12-24T11:55:00-05:00,22.57,22.62,22.56,22.6,4001.0
2025-12-24T12:00:00-05:00,22.6,22.63,22.59,22.62,5547.0
2025-12-24T12:05:00-05:00,22.62,22.68,22.62,22.66,9744.0
2025-12-24T12:10:00-05:00,22.6713,22.7299,22.665,22.6982,12565.0
2025-12-24T12:15:00-05:00,22.71,22.72,22.71,22.715,3054.0
2025-12-24T12:20:00-05:00,22.73,22.7699,22.66,22.66,13207.0
2025-12-24T12:25:00-05:00,22.67,22.699,22.64,22.69,6466.0
2025-12-24T12:30:00-05:00,22.7,22.755,22.695,22.755,5027.0
2025-12-24T12:35:00-05:00,22.757,22.79,22.729,22.729,11987.0
2025-12-24T12:40:00-05:00,22.75,22.85,22.75,22.85,21734.0
2025-12-24T12:45:00-05:00,22.845,22.87,22.8001,22.83,19237.0
2025-12-24T12:50:00-05:00,22.84,22.845,22.71,22.735,25612.0
2025-12-24T12:55:00-05:00,22.74,22.84,22.74,22.825,70335.0
2025-12-26T09:30:00-05:00,23.28,23.34,23.030001,23.030001,70944.0
2025-12-26T09:35:00-05:00,23.07,23.11,22.9201,23.02,8619.0
2025-12-26T09:40:00-05:00,23.02,23.02,22.91,22.94,7298.0
2025-12-26T09:45:00-05:00,22.97,22.98,22.8,22.89,12225.0
2025-12-26T09:50:00-05:00,22.88,22.9,22.79,22.83,12741.0
2025-12-26T09:55:00-05:00,22.8,22.95,22.8,22.905,37344.0
2025-12-26T10:00:00-05:00,22.905,22.99,22.86,22.92,10173.0
2025-12-26T10:05:00-05:00,22.8712,23.11,22.8712,23.098,24937.0
2025-12-26T10:10:00-05:00,23.076,23.28,23.07,23.14,19716.0
2025-12-26T10:15:00-05:00,23.1,23.1,23.014,23.049999,7597.0
2025-12-26T10:20:00-05:00,23.049999,23.13,22.995,23.12,17628.0
2025-12-26T10:25:00-05:00,23.1283,23.25,23.060101,23.24,11297.0
2025-12-26T10:30:00-05:00,23.224,23.45,23.224,23.42,17959.0
2025-12-26T10:35:00-05:00,23.425,23.57,23.3712,23.4143,33387.0
2025-12-26T10:40:00-05:00,23.405,23.49,23.3838,23.49,18217.0
2025-12-26T10:45:00-05:00,23.4748,23.54,23.3,23.375,31424.0
2025-12-26T10:50:00-05:00,23.43,23.475,23.355,23.45,10116.0
2025-12-26T10:55:00-05:00,23.42,23.44,23.37,23.38,7378.0
2025-12-26T11:00:00-05:00,23.3773,23.53,23.3601,23.47,11257.0
2025-12-26T11:05:00-05:00,23.44,23.49,23.37,23.46,7999.0
2025-12-26T11:10:00-05:00,23.48,23.48,23.31,23.31,8075.0
2025-12-26T11:15:00-05:00,23.29,23.33,23.29,23.32,4376.0
2025-12-26T11:20:00-05:00,23.31,23.4,23.31,23.4,8994.0
2025-12-26T11:25:00-05:00,23.37,23.45,23.35,23.45,5737.0
2025-12-26T11:30:00-05:00,23.38,23.42,23.37,23.37,6054.0
2025-12-26T11:35:00-05:00,23.4,23.44,23.37,23.4,6463.0
2025-12-26T11:40:00-05:00,23.4167,23.4167,23.37,23.37,6175.0
2025-12-26T11:45:00-05:00,23.364,23.364,23.23,23.23,23237.0
2025-12-26T11:50:00-05:00,23.2,23.22,23.16,23.18,8901.0
2025-12-26T11:55:00-05:00,23.2,23.3,23.19,23.22,9689.0
2025-12-26T12:00:00-05:00,23.2,23.26,23.1975,23.245,13977.0
2025-12-26T12:05:00-05:00,23.22,23.2999,23.19,23.19,8680.0
2025-12-26T12:10:00-05:00,23.195,23.2134,23.14,23.17,8494.0
2025-12-26T12:15:00-05:00,23.16,23.16,23.059999,23.13,20405.0
2025-12-26T12:20:00-05:00,23.125,23.125,23.059999,23.059999,7896.0
2025-12-26T12:25:00-05:00,23.07,23.12,23.07,23.08,8982.0
2025-12-26T12:30:00-05:00,23.059999,23.072701,23.0,23.025,12004.0
2025-12-26T12:35:00-05:00,23.02,23.09,23.0,23.09,4651.0
2025-12-26T12:40:00-05:00,23.059999,23.155,23.059999,23.11,14672.0
2025-12-26T12:45:00-05:00,23.135,23.24,23.135,23.2268,14708.0
2025-12-26T12:50:00-05:00,23.22,23.22,23.125,23.125,3139.0
2025-12-26T12:55:00-05:00,23.15,23.16,23.11,23.15,7975.0
2025-12-26T13:00:00-05:00,23.14,23.2,23.122,23.2,6934.0
2025-12-26T13:05:00-05:00,23.2,23.2,23.15,23.15,3480.0
2025-12-26T13:10:00-05:00,23.16,23.18,23.15,23.15,4330.0
2025-12-26T13:15:00-05:00,23.155,23.19,23.155,23.17,13505.0
2025-12-26T13:20:00-05:00,23.195,23.24,23.19,23.235,8405.0
2025-12-26T13:25:00-05:00,23.22,23.24,23.196,23.2,10667.0
2025-12-26T13:30:00-05:00,23.19,23.19,23.16,23.18,2433.0
2025-12-26T13:35:00-05:00,23.2,23.215,23.1801,23.19,7580.0
2025-12-26T13:40:00-05:00,23.2,23.2799,23.2,23.2799,8468.0
2025-12-26T13:45:00-05:00,23.265,23.2673,23.2,23.2673,10238.0
2025-12-26T13:50:00-05:00,23.27,23.3,23.26,23.29,5606.0
2025-12-26T13:55:00-05:00,23.28,23.29,23.26,23.28,3675.0
2025-12-26T14:00:00-05:00,23.27,23.27,23.22,23.24,3525.0
2025-12-26T14:05:00-05:00,23.25,23.25,23.2,23.21,5860.0
2025-12-26T14:10:00-05:00,23.215,23.3,23.215,23.3,4998.0
2025-12-26T14:15:00-05:00,23.3033,23.3572,23.29,23.325,10658.0
2025-12-26T14:20:00-05:00,23.3176,23.34,23.23,23.23,8944.0
2025-12-26T14:25:00-05:00,23.23,23.245,23.205,23.22,7000.0
2025-12-26T14:30:00-05:00,23.22,23.34,23.21,23.305,37324.0
2025-12-26T14:35:00-05:00,23.315,23.33,23.28,23.32,9103.0
2025-12-26T14:40:00-05:00,23.33,23.365,23.33,23.34,6071.0
2025-12-26T14:45:00-05:00,23.34,23.36,23.3,23.315,4502.0
2025-12-26T14:50:00-05:00,23.3,23.31,23.28,23.31,2623.0
2025-12-26T14:55:00-05:00,23.295,23.34,23.28,23.34,8486.0
2025-12-26T15:00:00-05:00,23.335,23.415,23.33,23.41,6110.0
2025-12-26T15:05:00-05:00,23.41,23.41,23.35,23.35,5427.0
2025-12-26T15:10:00-05:00,23.37,23.37,23.26,23.27,21195.0
2025-12-26T15:15:00-05:00,23.26,23.305,23.2,23.21,24341.0
2025-12-26T15:20:00-05:00,23.19,23.2,23.16,23.17,11170.0
2025-12-26T15:25:00-05:00,23.18,23.196,23.16,23.16,13216.0
2025-12-26T15:30:00-05:00,23.18,23.205,23.16,23.195,9070.0
2025-12-26T15:35:00-05:00,23.2,23.21,23.17,23.18,7950.0
2025-12-26T15:40:00-05:00,23.18,23.2,23.1639,23.195,8806.0
2025-12-26T15:45:00-05:00,23.195,23.2,23.15,23.16,21029.0
2025-12-26T15:50:00-05:00,23.17,23.17,23.12,23.15,17470.0
2025-12-26T15:55:00-05:00,23.15,23.175,23.11,23.165,61618.0
2025-12-29T09:30:00-05:00,21.832,22.059999,21.41,22.040001,333371.0
2025-12-29T09:35:00-05:00,22.02,22.18,21.92,21.93,88969.0
2025-12-29T09:40:00-05:00,21.89,22.049999,21.89,22.01,40594.0
2025-12-29T09:45:00-05:00,22.049999,22.059999,21.93,21.99,27404.0
2025-12-29T09:50:00-05:00,21.99,22.15,21.94,22.02,27356.0
2025-12-29T09:55:00-05:00,22.014999,22.045,21.87,21.87,70573.0
2025-12-29T10:00:00-05:00,21.87,21.89,21.77,21.841,51454.0
2025-12-29T10:05:00-05:00,21.84,21.923,21.71,21.86,61890.0
2025-12-29T10:10:00-05:00,21.86,21.9,21.75,21.9,44751.0
2025-12-29T10:15:00-05:00,21.92,21.95,21.87,21.89,28364.0
2025-12-29T10:20:00-05:00,21.88,21.9,21.74,21.805,102043.0
2025-12-29T10:25:00-05:00,21.805,21.87,21.78,21.79,17330.0
2025-12-29T10:30:00-05:00,21.79,21.9,21.69,21.9,29559.0
2025-12-29T10:35:00-05:00,21.875,21.96,21.8184,21.85,15650.0
2025-12-29T10:40:00-05:00,21.855,21.95,21.83,21.95,13969.0
2025-12-29T10:45:00-05:00,21.95,22.049999,21.9,21.92,84428.0
2025-12-29T10:50:00-05:00,21.92,21.99,21.89,21.945,47590.0
2025-12-29T10:55:00-05:00,21.94,22.059999,21.93,22.02,19601.0
2025-12-29T11:00:00-05:00,22.02,22.17,22.02,22.121,125200.0
2025-12-29T11:05:00-05:00,22.135,22.24,22.13,22.215,37236.0
2025-12-29T11:10:00-05:00,22.215,22.2999,22.17,22.2,23721.0
2025-12-29T11:15:00-05:00,22.19,22.1956,21.995,22.0275,23727.0
2025-12-29T11:20:00-05:00,22.049999,22.157,22.01,22.12,36737.0
2025-12-29T11:25:00-05:00,22.11,22.11,22.050301,22.07,24370.0
2025-12-29T11:30:00-05:00,22.0786,22.12,22.059999,22.065001,23616.0
2025-12-29T11:35:00-05:00,22.059999,22.105,22.030001,22.09,21275.0
2025-12-29T11:40:00-05:00,22.08,22.098,21.99,22.055,17654.0
2025-12-29T11:45:00-05:00,22.040001,22.084999,22.040001,22.059999,9434.0
2025-12-29T11:50:00-05:00,22.049999,22.165,22.035,22.165,67790.0
2025-12-29T11:55:00-05:00,22.15,22.15,22.049999,22.056499,41212.0
2025-12-29T12:00:00-05:00,22.040001,22.07,22.0201,22.059999,14910.0
2025-12-29T12:05:00-05:00,22.059999,22.07,22.0,22.01,14398.0
2025-12-29T12:10:00-05:00,22.01,22.049999,22.0049992,22.040001,9595.0
2025-12-29T12:15:00-05:00,22.045,22.073,22.040001,22.049999,8392.0
2025-12-29T12:20:00-05:00,22.040001,22.049999,22.01,22.030001,12483.0
2025-12-29T12:25:00-05:00,22.025,22.030001,22.0,22.02,14445.0
2025-12-29T12:30:00-05:00,22.031,22.031,21.98,21.99,8954.0
2025-12-29T12:35:00-05:00,21.98,22.011999,21.965,21.97,17928.0
2025-12-29T12:40:00-05:00,21.97,21.9721,21.93,21.95,16765.0
2025-12-29T12:45:00-05:00,21.97,21.99,21.945,21.945,14456.0
2025-12-29T12:50:00-05:00,21.95,21.965,21.94,21.965,11042.0
2025-12-29T12:55:00-05:00,21.96,21.98,21.94,21.95,11289.0
2025-12-29T13:00:00-05:00,21.9525,21.9705,21.94,21.96,14061.0
2025-12-29T13:05:00-05:00,21.95,21.95,21.905,21.92,11003.0
2025-12-29T13:10:00-05:00,21.92,21.93,21.86,21.86,53457.0
2025-12-29T13:15:00-05:00,21.87,21.87,21.81,21.815,32018.0
2025-12-29T13:20:00-05:00,21.81,21.85,21.795,21.825,22625.0
2025-12-29T13:25:00-05:00,21.84,21.85,21.795,21.8054,16324.0
2025-12-29T13:30:00-05:00,21.8,21.8177,21.795,21.81,46107.0
2025-12-29T13:35:00-05:00,21.815,21.85,21.81,21.8399,15287.0
2025-12-29T13:40:00-05:00,21.83,21.84,21.795,21.805,25287.0
2025-12-29T13:45:00-05:00,21.8,21.838,21.8,21.815,17013.0
2025-12-29T13:50:00-05:00,21.81,21.91,21.8,21.91,13865.0
2025-12-29T13:55:00-05:00,21.91,21.92,21.89,21.9,9617.0
2025-12-29T14:00:00-05:00,21.89,22.0,21.89,21.98,19210.0
2025-12-29T14:05:00-05:00,21.98,22.01,21.96,22.0,855409.0
2025-12-29T14:10:00-05:00,21.995,21.995,21.94,21.99,13806.0
2025-12-29T14:15:00-05:00,21.975,22.0,21.96,21.965,11102.0
2025-12-29T14:20:00-05:00,21.965,22.010099,21.965,21.985,12435.0
2025-12-29T14:25:00-05:00,21.9802,21.99,21.96,21.96,9346.0
2025-12-29T14:30:00-05:00,21.965,22.046,21.965,22.040001,9426.0
2025-12-29T14:35:00-05:00,22.030001,22.040001,22.0,22.025,12610.0
2025-12-29T14:40:00-05:00,22.030001,22.08,22.025,22.08,15161.0
2025-12-29T14:45:00-05:00,22.07,22.08,22.040001,22.040001,8257.0
2025-12-29T14:50:00-05:00,22.035,22.040001,22.01,22.040001,11735.0
2025-12-29T14:55:00-05:00,22.040001,22.059999,22.040001,22.055,6919.0
2025-12-29T15:00:00-05:00,22.049999,22.11,22.042999,22.11,18906.0
2025-12-29T15:05:00-05:00,22.09,22.11,22.040001,22.040001,19353.0
2025-12-29T15:10:00-05:00,22.049999,22.11,22.049999,22.1,11833.0
2025-12-29T15:15:00-05:00,22.1,22.12,22.08,22.1,45331.0
2025-12-29T15:20:00-05:00,22.1,22.1,22.065001,22.09,10115.0
2025-12-29T15:25:00-05:00,22.075001,22.09,22.055,22.065001,10937.0
2025-12-29T15:30:00-05:00,22.07,22.075001,22.025,22.030001,15685.0
2025-12-29T15:35:00-05:00,22.030001,22.030001,21.96,21.97,26728.0
2025-12-29T15:40:00-05:00,21.96,21.97,21.9138,21.92,977466.0
2025-12-29T15:45:00-05:00,21.92,21.95,21.92,21.93,22503.0
2025-12-29T15:50:00-05:00,21.92,21.93,21.81,21.825,57372.0
2025-12-29T15:55:00-05:00,21.82,21.88,21.8,21.87,159081.0
2025-12-30T09:30:00-05:00,22.48,22.48,21.88,22.059999,63919.0
2025-12-30T09:35:00-05:00,22.036699,22.07,21.901,22.07,18329.0
2025-12-30T09:40:00-05:00,22.0555,22.16,21.94,22.01,44125.0
2025-12-30T09:45:00-05:00,22.01,22.040001,21.84,21.92,14810.0
2025-12-30T09:50:00-05:00,21.9182,21.978,21.89,21.965,16024.0
2025-12-30T09:55:00-05:00,21.98,22.01,21.9,21.943,35283.0
2025-12-30T10:00:00-05:00,21.92,22.01,21.92,21.97,13309.0
2025-12-30T10:05:00-05:00,21.97,22.02,21.94,21.96,5993.0
2025-12-30T10:10:00-05:00,21.95,22.01,21.92,22.01,8275.0
2025-12-30T10:15:00-05:00,22.02,22.08,22.02,22.068001,9352.0
2025-12-30T10:20:00-05:00,22.08,22.115,22.0,22.09,18206.0
2025-12-30T10:25:00-05:00,22.09,22.115,22.0,22.014999,109478.0
2025-12-30T10:30:00-05:00,22.0,22.049999,21.98,22.02,8217.0
2025-12-30T10:35:00-05:00,22.040001,22.14,22.040001,22.12,10707.0
2025-12-30T10:40:00-05:00,22.12,22.22,22.02,22.105,12338.0
2025-12-30T10:45:00-05:00,22.116,22.17,22.09,22.14,13945.0
2025-12-30T10:50:00-05:00,22.14,22.16,22.12,22.13,11841.0
2025-12-30T10:55:00-05:00,22.14,22.1451,22.08,22.09,12823.0
2025-12-30T11:00:00-05:00,22.1,22.1,21.93,21.96,182146.0
2025-12-30T11:05:00-05:00,21.96,21.972,21.93,21.95,17694.0
2025-12-30T11:10:00-05:00,21.96,21.977,21.95,21.9523,7109.0
2025-12-30T11:15:00-05:00,21.95,22.030001,21.94,22.01,8198.0
2025-12-30T11:20:00-05:00,22.0,22.01,21.96,21.97,9544.0
2025-12-30T11:25:00-05:00,21.98,22.02,21.94,22.01,10974.0
2025-12-30T11:30:00-05:00,22.0,22.0,21.95,21.96,5665.0
2025-12-30T11:35:00-05:00,21.95,21.96,21.92,21.94,4109.0
2025-12-30T11:40:00-05:00,21.94,21.98,21.94,21.96,3746.0
2025-12-30T11:45:00-05:00,21.96,22.0,21.96,21.98,7800.0
2025-12-30T11:50:00-05:00,21.98,21.99,21.97,21.99,7397.0
2025-12-30T11:55:00-05:00,22.0,22.1,21.98,22.09,9406.0
2025-12-30T12:00:00-05:00,22.059999,22.11,22.030001,22.030001,8798.0
2025-12-30T12:05:00-05:00,22.030001,22.1,22.02,22.059999,6128.0
2025-12-30T12:10:00-05:00,22.049999,22.049999,22.030001,22.030001,12920.0
2025-12-30T12:15:00-05:00,22.02,22.09,22.01,22.09,5530.0
2025-12-30T12:20:00-05:00,22.08,22.11,22.049999,22.083,5263.0
2025-12-30T12:25:00-05:00,22.094999,22.1305,22.08,22.09,8608.0
2025-12-30T12:30:00-05:00,22.1,22.1382,22.08,22.08,13184.0
2025-12-30T12:35:00-05:00,22.0732,22.09,22.059999,22.089899,5976.0
2025-12-30T12:40:00-05:00,22.07,22.07,22.030001,22.055,10643.0
2025-12-30T12:45:00-05:00,22.049999,22.056299,22.02,22.040001,5150.0
2025-12-30T12:50:00-05:00,22.025,22.05,22.025,22.049999,7558.0
2025-12-30T12:55:00-05:00,22.030001,22.039,22.016001,22.016001,5549.0
2025-12-30T13:00:00-05:00,22.014999,22.058599,21.9977,22.058599,6871.0
2025-12-30T13:05:00-05:00,22.040001,22.059999,22.030001,22.055,3967.0
2025-12-30T13:10:00-05:00,22.08,22.09,22.07,22.084999,20037.0
2025-12-30T13:15:00-05:00,22.08,22.08,22.02,22.055,6528.0
2025-12-30T13:20:00-05:00,22.08,22.084999,22.049999,22.084999,6960.0
2025-12-30T13:25:00-05:00,22.059999,22.094299,22.059999,22.059999,4631.0
2025-12-30T13:30:00-05:00,22.08,22.08,22.045,22.059999,6001.0
2025-12-30T13:35:00-05:00,22.059999,22.059999,22.029499,22.029499,5830.0
2025-12-30T13:40:00-05:00,22.02,22.02,21.975,22.0,11339.0
2025-12-30T13:45:00-05:00,22.0,22.01,21.98,22.01,5931.0
2025-12-30T13:50:00-05:00,22.010099,22.030001,21.9903,22.005,7581.0
2025-12-30T13:55:00-05:00,21.99,22.02,21.93,21.99,56120.0
2025-12-30T14:00:00-05:00,21.98,21.98,21.95,21.96,5145.0
2025-12-30T14:05:00-05:00,21.96,21.99,21.9441,21.97,14291.0
2025-12-30T14:10:00-05:00,21.98,21.99,21.98,21.9887,4787.0
2025-12-30T14:15:00-05:00,21.9917,21.9917,21.96,21.97,9112.0
2025-12-30T14:20:00-05:00,21.975,22.01,21.975,22.0049992,14879.0
2025-12-30T14:25:00-05:00,22.040001,22.040001,22.0,22.010099,5074.0
2025-12-30T14:30:00-05:00,22.01,22.02,21.99,21.99,5535.0
2025-12-30T14:35:00-05:00,21.98,21.985,21.97,21.98,5472.0
2025-12-30T14:40:00-05:00,21.98,21.99,21.97,21.973,3796.0
2025-12-30T14:45:00-05:00,21.97,21.97,21.905,21.9396,15376.0
2025-12-30T14:50:00-05:00,21.92,21.945,21.9,21.945,13543.0
2025-12-30T14:55:00-05:00,21.91,21.95,21.9,21.94,23379.0
2025-12-30T15:00:00-05:00,21.9412,21.96,21.9,21.925,7040.0
2025-12-30T15:05:00-05:00,21.92,21.93,21.9045,21.915,20167.0
2025-12-30T15:10:00-05:00,21.91,21.97,21.905,21.965,10418.0
2025-12-30T15:15:00-05:00,21.96,22.02,21.96,22.01,5768.0
2025-12-30T15:20:00-05:00,22.01,22.030001,21.99,22.030001,13221.0
2025-12-30T15:25:00-05:00,22.040001,22.040001,22.01,22.02,4805.0
2025-12-30T15:30:00-05:00,22.0,22.01,21.985,22.0,9613.0
2025-12-30T15:35:00-05:00,22.0,22.040001,21.99,22.040001,9219.0
2025-12-30T15:40:00-05:00,22.030001,22.040001,22.0,22.025,17042.0
2025-12-30T15:45:00-05:00,22.02,22.040001,21.995,22.00099945,14718.0
2025-12-30T15:50:00-05:00,22.0,22.0049992,21.91,21.94,36281.0
2025-12-30T15:55:00-05:00,21.93,21.96,21.915,21.95,118275.0
2025-12-31T09:30:00-05:00,21.7,22.185,21.66,22.11,61299.0
2025-12-31T09:35:00-05:00,22.12,22.2275,22.059999,22.09,15923.0
2025-12-31T09:40:00-05:00,22.0,22.2,21.99,22.17,12923.0
2025-12-31T09:45:00-05:00,22.16,22.208,22.11,22.1101,7680.0
2025-12-31T09:50:00-05:00,22.145,22.28,22.13,22.23,14135.0
2025-12-31T09:55:00-05:00,22.237,22.312,22.205,22.2148,8645.0
2025-12-31T10:00:00-05:00,22.205,22.25,22.18,22.19,7486.0
2025-12-31T10:05:00-05:00,22.195,22.23,22.1214,22.1255,15193.0
2025-12-31T10:10:00-05:00,22.12,22.15,22.07,22.075001,9514.0
2025-12-31T10:15:00-05:00,22.09,22.114,22.059999,22.1,6672.0
2025-12-31T10:20:00-05:00,22.1042,22.1637,22.09,22.13,7799.0
2025-12-31T10:25:00-05:00,22.15,22.21,22.13,22.18,4120.0
2025-12-31T10:30:00-05:00,22.18,22.18,22.13,22.18,9811.0
2025-12-31T10:35:00-05:00,22.19,22.225,22.13,22.13,7196.0
2025-12-31T10:40:00-05:00,22.1107,22.15,22.082001,22.12,8502.0
2025-12-31T10:45:00-05:00,22.11,22.115,22.09,22.0916,2611.0
2025-12-31T10:50:00-05:00,22.0965,22.17,22.0965,22.1599,5991.0
2025-12-31T10:55:00-05:00,22.16,22.17,22.13,22.1684,9628.0
2025-12-31T11:00:00-05:00,22.18,22.2,22.1,22.11,8224.0
2025-12-31T11:05:00-05:00,22.09,22.11,22.08,22.1,4309.0
2025-12-31T11:10:00-05:00,22.084999,22.0893,22.040001,22.040001,6963.0
2025-12-31T11:15:00-05:00,22.040001,22.11,22.040001,22.11,10026.0
2025-12-31T11:20:00-05:00,22.08,22.13,22.07,22.125,5846.0
2025-12-31T11:25:00-05:00,22.11,22.14,22.1,22.1,8422.0
2025-12-31T11:30:00-05:00,22.09,22.1,22.07,22.07,4620.0
2025-12-31T11:35:00-05:00,22.059999,22.063,22.040001,22.040001,3818.0
2025-12-31T11:40:00-05:00,22.059999,22.085,22.059999,22.084499,3170.0
2025-12-31T11:45:00-05:00,22.09,22.17,22.08,22.17,6173.0
2025-12-31T11:50:00-05:00,22.16,22.17,22.14,22.14,3393.0
2025-12-31T11:55:00-05:00,22.16,22.17,22.14,22.16,5839.0
2025-12-31T12:00:00-05:00,22.1301,22.16,22.1301,22.14,3038.0
2025-12-31T12:05:00-05:00,22.14,22.141,22.12,22.12,4130.0
2025-12-31T12:10:00-05:00,22.13,22.13,22.1001,22.12,2454.0
2025-12-31T12:15:00-05:00,22.125,22.155,22.125,22.15,6482.0
2025-12-31T12:20:00-05:00,22.13,22.15,22.11,22.15,4469.0
2025-12-31T12:25:00-05:00,22.14,22.165,22.14,22.15,4880.0
2025-12-31T12:30:00-05:00,22.14,22.2,22.135,22.17,6117.0
2025-12-31T12:35:00-05:00,22.1783,22.21,22.1783,22.2,4874.0
2025-12-31T12:40:00-05:00,22.18,22.18,22.12,22.125,5178.0
2025-12-31T12:45:00-05:00,22.1255,22.155,22.12,22.15,7527.0
2025-12-31T12:50:00-05:00,22.14,22.19,22.14,22.19,14358.0
2025-12-31T12:55:00-05:00,22.19,22.19,22.07,22.08,20600.0
2025-12-31T13:00:00-05:00,22.09,22.13,22.09,22.11,4224.0
2025-12-31T13:05:00-05:00,22.12,22.12,22.1077,22.11,3754.0
2025-12-31T13:10:00-05:00,22.12,22.13,22.09,22.13,13060.0
2025-12-31T13:15:00-05:00,22.14,22.17,22.12,22.13,5636.0
2025-12-31T13:20:00-05:00,22.12,22.13,22.08,22.1,2926.0
2025-12-31T13:25:00-05:00,22.1,22.13,22.1,22.12,4312.0
2025-12-31T13:30:00-05:00,22.12,22.12,22.052799,22.065001,7195.0
2025-12-31T13:35:00-05:00,22.059999,22.09,22.040001,22.09,175826.0
2025-12-31T13:40:00-05:00,22.09,22.1,22.059999,22.059999,6365.0
2025-12-31T13:45:00-05:00,22.06,22.06,22.040001,22.059999,23498.0
2025-12-31T13:50:00-05:00,22.059999,22.06,22.040001,22.040001,3958.0
2025-12-31T13:55:00-05:00,22.045,22.059999,22.040001,22.040001,5712.0
2025-12-31T14:00:00-05:00,22.059999,22.059999,22.030001,22.030001,3030.0
2025-12-31T14:05:00-05:00,22.049999,22.049999,22.01,22.030001,5303.0
2025-12-31T14:10:00-05:00,22.010099,22.030001,22.01,22.03,2884.0
2025-12-31T14:15:00-05:00,22.030001,22.030001,21.97,21.97,8774.0
2025-12-31T14:20:00-05:00,21.975,21.975,21.96,21.97,736.0
2025-12-31T14:25:00-05:00,21.95,21.95,21.92,21.93,7290.0
2025-12-31T14:30:00-05:00,21.9201,21.9201,21.86,21.8601,6360.0
2025-12-31T14:35:00-05:00,21.88,21.88,21.83,21.86,10561.0
2025-12-31T14:40:00-05:00,21.87,21.91,21.87,21.9,5361.0
2025-12-31T14:45:00-05:00,21.9,21.9478,21.895,21.9,6405.0
2025-12-31T14:50:00-05:00,21.9,21.91,21.89,21.91,5810.0
2025-12-31T14:55:00-05:00,21.9,21.9,21.88,21.89,6738.0
2025-12-31T15:00:00-05:00,21.8801,21.891,21.87,21.885,73439.0
2025-12-31T15:05:00-05:00,21.9,21.92,21.9,21.91,7710.0
2025-12-31T15:10:00-05:00,21.915,21.94,21.915,21.94,5274.0
2025-12-31T15:15:00-05:00,21.94,21.96,21.94,21.951,10219.0
2025-12-31T15:20:00-05:00,21.95,21.9525,21.91,21.935,11350.0
2025-12-31T15:25:00-05:00,21.93,21.95,21.93,21.95,6558.0
2025-12-31T15:30:00-05:00,21.95,22.005,21.95,22.0,9096.0
2025-12-31T15:35:00-05:00,22.0,22.014999,22.0,22.0,8777.0
2025-12-31T15:40:00-05:00,21.99,22.030001,21.99,22.014999,10726.0
2025-12-31T15:45:00-05:00,22.014999,22.02,21.9985,22.0,17432.0
2025-12-31T15:50:00-05:00,21.99,22.0,21.88,21.915,43311.0
2025-12-31T15:55:00-05:00,21.91,21.98,21.895,21.92,106025.0
2026-01-02T09:30:00-05:00,22.44,22.45,22.0,22.0,83505.0
2026-01-02T09:35:00-05:00,22.02,22.07,21.9,21.9,10899.0
2026-01-02T09:40:00-05:00,21.97,21.97,21.72,21.83,20069.0
2026-01-02T09:45:00-05:00,21.895,22.15,21.77,22.14,98389.0
2026-01-02T09:50:00-05:00,22.17,22.27,22.040001,22.040001,21364.0
2026-01-02T09:55:00-05:00,22.040001,22.040001,21.91,21.93,9798.0
2026-01-02T10:00:00-05:00,21.92,21.99,21.8601,21.8601,16547.0
2026-01-02T10:05:00-05:00,21.79,21.81,21.57,21.63,42079.0
2026-01-02T10:10:00-05:00,21.625,21.685,21.44,21.47,29739.0
2026-01-02T10:15:00-05:00,21.46,21.5,21.32,21.41,44805.0
2026-01-02T10:20:00-05:00,21.44,21.472,21.375,21.472,21290.0
2026-01-02T10:25:00-05:00,21.47,21.56,21.3965,21.475,14781.0
2026-01-02T10:30:00-05:00,21.48,21.5492,21.44,21.51,9075.0
2026-01-02T10:35:00-05:00,21.515,21.62,21.515,21.58,10308.0
2026-01-02T10:40:00-05:00,21.59,21.66,21.55,21.6,29064.0
2026-01-02T10:45:00-05:00,21.615,21.615,21.43,21.46,33630.0
2026-01-02T10:50:00-05:00,21.4535,21.48,21.4,21.4,12444.0
2026-01-02T10:55:00-05:00,21.41,21.43,21.2301,21.3017,30292.0
2026-01-02T11:00:00-05:00,21.305,21.35,21.11,21.13,28629.0
2026-01-02T11:05:00-05:00,21.16,21.16,21.01,21.030001,15164.0
2026-01-02T11:10:00-05:00,21.030001,21.11,21.01,21.07,34226.0
2026-01-02T11:15:00-05:00,21.09,21.1,20.99,21.040001,30189.0
2026-01-02T11:20:00-05:00,21.01,21.02,20.91,20.95,20726.0
2026-01-02T11:25:00-05:00,20.97,21.040001,20.95,20.971,18021.0
2026-01-02T11:30:00-05:00,20.97,20.97,20.845,20.885,28756.0
2026-01-02T11:35:00-05:00,20.9074,20.975,20.84,20.84,17047.0
2026-01-02T11:40:00-05:00,20.87,20.95,20.865,20.93,8372.0
2026-01-02T11:45:00-05:00,20.92,21.07,20.915,21.040001,30943.0
2026-01-02T11:50:00-05:00,21.072001,21.1,20.97,21.01,19853.0
2026-01-02T11:55:00-05:00,21.02,21.049999,20.98,20.9841,11626.0
2026-01-02T12:00:00-05:00,20.98,21.0,20.91,20.96,17169.0
2026-01-02T12:05:00-05:00,20.965,20.9805,20.93,20.95,24176.0
2026-01-02T12:10:00-05:00,20.955,21.11,20.955,21.055,409754.0
2026-01-02T12:15:00-05:00,21.055,21.12,21.055,21.07,10019.0
2026-01-02T12:20:00-05:00,21.059999,21.12,21.059999,21.075001,23707.0
2026-01-02T12:25:00-05:00,21.07,21.075001,21.049999,21.075001,3977.0
2026-01-02T12:30:00-05:00,21.1,21.16,21.1,21.155,6657.0
2026-01-02T12:35:00-05:00,21.15,21.155,21.094801,21.094999,14536.0
2026-01-02T12:40:00-05:00,21.09,21.09,20.96,20.98,45403.0
2026-01-02T12:45:00-05:00,21.0049992,21.01,20.96,20.96,8445.0
2026-01-02T12:50:00-05:00,20.9892,21.030199,20.97,21.011,10721.0
2026-01-02T12:55:00-05:00,21.040001,21.041,21.0,21.0,10308.0
2026-01-02T13:00:00-05:00,20.9999,21.02,20.98,20.98,13787.0
2026-01-02T13:05:00-05:00,20.9765,21.01,20.9,20.92,20383.0
2026-01-02T13:10:00-05:00,20.91,20.92,20.87,20.88,5780.0
2026-01-02T13:15:00-05:00,20.85,20.875,20.83,20.8735,5657.0
2026-01-02T13:20:00-05:00,20.8727,20.91,20.86,20.89,7879.0
2026-01-02T13:25:00-05:00,20.8826,20.89,20.86,20.8601,10405.0
2026-01-02T13:30:00-05:00,20.865,20.88,20.85,20.87,18192.0
2026-01-02T13:35:00-05:00,20.87,20.89,20.8256,20.86,22720.0
2026-01-02T13:40:00-05:00,20.87,20.88,20.85,20.88,18946.0
2026-01-02T13:45:00-05:00,20.89,20.9,20.85,20.87,16115.0
2026-01-02T13:50:00-05:00,20.88,20.88,20.8312,20.8501,8172.0
2026-01-02T13:55:00-05:00,20.8501,20.9,20.84,20.891,17006.0
2026-01-02T14:00:00-05:00,20.9,20.95,20.895,20.945,5308.0
2026-01-02T14:05:00-05:00,20.95,21.040001,20.95,21.010099,9567.0
2026-01-02T14:10:00-05:00,21.030001,21.11,21.030001,21.11,11488.0
2026-01-02T14:15:00-05:00,21.09,21.11,21.055,21.055,5483.0
2026-01-02T14:20:00-05:00,21.0653,21.0653,21.025,21.030001,8483.0
2026-01-02T14:25:00-05:00,21.055,21.07,21.040199,21.059999,3421.0
2026-01-02T14:30:00-05:00,21.060101,21.13,21.060101,21.09,27579.0
2026-01-02T14:35:00-05:00,21.094999,21.2,21.094999,21.2,10917.0
2026-01-02T14:40:00-05:00,21.2,21.255,21.2,21.21,9056.0
2026-01-02T14:45:00-05:00,21.22,21.22,21.19,21.1913,9201.0
2026-01-02T14:50:00-05:00,21.2,21.2,21.11,21.125,6898.0
2026-01-02T14:55:00-05:00,21.14,21.14,21.11,21.115,3822.0
2026-01-02T15:00:00-05:00,21.11,21.13,21.09,21.11,14348.0
2026-01-02T15:05:00-05:00,21.135,21.15,21.0805,21.12,597727.0
2026-01-02T15:10:00-05:00,21.13,21.142,21.125,21.142,4934.0
2026-01-02T15:15:00-05:00,21.13,21.17,21.12,21.17,606566.0
2026-01-02T15:20:00-05:00,21.17,21.28,21.17,21.27,20803.0
2026-01-02T15:25:00-05:00,21.26,21.32,21.26,21.2768,10681.0
2026-01-02T15:30:00-05:00,21.27,21.29,21.25,21.2507,9386.0
2026-01-02T15:35:00-05:00,21.26,21.295,21.245,21.26,7850.0
2026-01-02T15:40:00-05:00,21.2508,21.3,21.2508,21.265,20966.0
2026-01-02T15:45:00-05:00,21.26,21.3003,21.25,21.291,21571.0
2026-01-02T15:50:00-05:00,21.27,21.39,21.27,21.38,74877.0
2026-01-02T15:55:00-05:00,21.37,21.55,21.35,21.54,300682.0
2026-01-05T09:30:00-05:00,21.83,22.28,21.81,21.93,119996.0
2026-01-05T09:35:00-05:00,21.85,22.02,21.81,22.01,16294.0
2026-01-05T09:40:00-05:00,22.025,22.145,21.97,22.13,51611.0
2026-01-05T09:45:00-05:00,22.13,22.47,22.116,22.39,86035.0
2026-01-05T09:50:00-05:00,22.41,22.52,22.285,22.48,72881.0
2026-01-05T09:55:00-05:00,22.5,22.69,22.47,22.62,69861.0
2026-01-05T10:00:00-05:00,22.62,22.87,22.49,22.7696,102626.0
2026-01-05T10:05:00-05:00,22.79,22.79,22.58,22.6,66319.0
2026-01-05T10:10:00-05:00,22.595,22.595,22.45,22.4551,26332.0
2026-01-05T10:15:00-05:00,22.48,22.53,22.4257,22.48,24644.0
2026-01-05T10:20:00-05:00,22.485,22.515,22.4,22.4263,19745.0
2026-01-05T10:25:00-05:00,22.42,22.44,22.32,22.35,16449.0
2026-01-05T10:30:00-05:00,22.35,22.35,22.2,22.255,28449.0
2026-01-05T10:35:00-05:00,22.23,22.29,22.1413,22.17,51198.0
2026-01-05T10:40:00-05:00,22.15,22.29,22.1,22.24,26949.0
2026-01-05T10:45:00-05:00,22.2301,22.33,22.17,22.23,34918.0
2026-01-05T10:50:00-05:00,22.24,22.25,22.18,22.2,9697.0
2026-01-05T10:55:00-05:00,22.19,22.27,22.145,22.18,11409.0
2026-01-05T11:00:00-05:00,22.17,22.2,22.11,22.16,41542.0
2026-01-05T11:05:00-05:00,22.15,22.15,21.97,22.02,16194.0
2026-01-05T11:10:00-05:00,22.030001,22.1,22.0,22.1,7295.0
2026-01-05T11:15:00-05:00,22.094,22.14,22.02,22.030001,11252.0
2026-01-05T11:20:00-05:00,22.045,22.11,22.0,22.08,58834.0
2026-01-05T11:25:00-05:00,22.065001,22.1,21.925,21.9418,356625.0
2026-01-05T11:30:00-05:00,21.935,21.97,21.9,21.935,22017.0
2026-01-05T11:35:00-05:00,21.9385,22.0,21.935,21.98,19462.0
2026-01-05T11:40:00-05:00,21.99,22.01,21.94,21.94,13311.0
2026-01-05T11:45:00-05:00,21.93,22.1,21.93,22.1,15107.0
2026-01-05T11:50:00-05:00,22.11,22.115,22.08,22.08,10432.0
2026-01-05T11:55:00-05:00,22.07,22.075001,21.92,21.92,14117.0
2026-01-05T12:00:00-05:00,21.91,21.93,21.83,21.86,13014.0
2026-01-05T12:05:00-05:00,21.85,21.9,21.85,21.88,10811.0
2026-01-05T12:10:00-05:00,21.87,21.88,21.82,21.87,11647.0
2026-01-05T12:15:00-05:00,21.88,21.94,21.8653,21.91,26910.0
2026-01-05T12:20:00-05:00,21.91,21.98,21.91,21.9365,13991.0
2026-01-05T12:25:00-05:00,21.945,21.97,21.92,21.96,13786.0
2026-01-05T12:30:00-05:00,21.9585,21.96,21.89,21.91,8417.0
2026-01-05T12:35:00-05:00,21.9,21.92,21.9,21.904,8294.0
2026-01-05T12:40:00-05:00,21.9,21.91,21.789,21.789,18619.0
2026-01-05T12:45:00-05:00,21.79,21.8,21.77,21.775,12964.0
2026-01-05T12:50:00-05:00,21.772,21.82,21.76,21.82,15417.0
2026-01-05T12:55:00-05:00,21.82,21.915,21.82,21.88,9188.0
2026-01-05T13:00:00-05:00,21.89,21.89,21.845,21.87,20883.0
2026-01-05T13:05:00-05:00,21.87,21.89,21.8301,21.8301,13573.0
2026-01-05T13:10:00-05:00,21.845,21.855,21.7816,21.81,37835.0
2026-01-05T13:15:00-05:00,21.79,21.85,21.75,21.845,21730.0
2026-01-05T13:20:00-05:00,21.8554,21.9,21.81,21.885,15475.0
2026-01-05T13:25:00-05:00,21.8809,21.94,21.88,21.88,21819.0
2026-01-05T13:30:00-05:00,21.895,21.93,21.85,21.865,13942.0
2026-01-05T13:35:00-05:00,21.87,21.87,21.82,21.86,22779.0
2026-01-05T13:40:00-05:00,21.86,21.87,21.84,21.86,8821.0
2026-01-05T13:45:00-05:00,21.85,21.855,21.83,21.85,8445.0
2026-01-05T13:50:00-05:00,21.85,21.86,21.83,21.84,7327.0
2026-01-05T13:55:00-05:00,21.84,21.855,21.81,21.855,12293.0
2026-01-05T14:00:00-05:00,21.84,21.8445,21.82,21.83,7110.0
2026-01-05T14:05:00-05:00,21.82,21.83,21.695,21.72,16525.0
2026-01-05T14:10:00-05:00,21.7,21.7534,21.69,21.727,11686.0
2026-01-05T14:15:00-05:00,21.73,21.7863,21.685,21.7863,12480.0
2026-01-05T14:20:00-05:00,21.78,21.79,21.7622,21.77,10111.0
2026-01-05T14:25:00-05:00,21.77,21.795,21.75,21.7501,22537.0
2026-01-05T14:30:00-05:00,21.75,21.82,21.73,21.805,27123.0
2026-01-05T14:35:00-05:00,21.82,21.83,21.78,21.8,20801.0
2026-01-05T14:40:00-05:00,21.79,21.79,21.72,21.74,11137.0
2026-01-05T14:45:00-05:00,21.748,21.75,21.72,21.75,9959.0
2026-01-05T14:50:00-05:00,21.745,21.75,21.71,21.7172,7941.0
2026-01-05T14:55:00-05:00,21.717,21.72,21.67,21.685,13665.0
2026-01-05T15:00:00-05:00,21.67,21.68,21.6487,21.68,14499.0
2026-01-05T15:05:00-05:00,21.69,21.69,21.608,21.63,10787.0
2026-01-05T15:10:00-05:00,21.61,21.71,21.6,21.68,20679.0
2026-01-05T15:15:00-05:00,21.68,21.68,21.6387,21.66,16765.0
2026-01-05T15:20:00-05:00,21.665,21.665,21.61,21.6183,11968.0
2026-01-05T15:25:00-05:00,21.6,21.6034,21.54,21.54,21900.0
2026-01-05T15:30:00-05:00,21.54,21.565,21.515,21.55,27603.0
2026-01-05T15:35:00-05:00,21.56,21.6,21.53,21.55,44186.0
2026-01-05T15:40:00-05:00,21.5565,21.58,21.53,21.57,25698.0
2026-01-05T15:45:00-05:00,21.56,21.59,21.56,21.5751,24911.0
2026-01-05T15:50:00-05:00,21.58,21.67,21.565,21.65,52643.0
2026-01-05T15:55:00-05:00,21.65,21.66,21.615,21.64,169144.0
2026-01-06T09:30:00-05:00,21.705,22.0,21.61,22.0,125372.0
2026-01-06T09:35:00-05:00,22.0,22.3,21.92,22.105,34082.0
2026-01-06T09:40:00-05:00,22.055,22.16,21.945,21.96,8115.0
2026-01-06T09:45:00-05:00,22.005,22.19,22.005,22.08,31856.0
2026-01-06T09:50:00-05:00,22.0875,22.27,22.0875,22.255,42754.0
2026-01-06T09:55:00-05:00,22.255,22.26,22.125,22.13,26988.0
2026-01-06T10:00:00-05:00,22.11,22.3,22.09,22.2701,56599.0
2026-01-06T10:05:00-05:00,22.28,22.443,22.27,22.443,92915.0
2026-01-06T10:10:00-05:00,22.476,22.49,22.35,22.36,12650.0
2026-01-06T10:15:00-05:00,22.37,22.37,22.21,22.21,19008.0
2026-01-06T10:20:00-05:00,22.24,22.25,22.15,22.15,22817.0
2026-01-06T10:25:00-05:00,22.15,22.24,22.14,22.23,14458.0
2026-01-06T10:30:00-05:00,22.23,22.28,22.16,22.28,27575.0
2026-01-06T10:35:00-05:00,22.25,22.27,22.2,22.26,11974.0
2026-01-06T10:40:00-05:00,22.26,22.335,22.26,22.28,23184.0
2026-01-06T10:45:00-05:00,22.32,22.4,22.31,22.39,23404.0
2026-01-06T10:50:00-05:00,22.4,22.4,22.27,22.27,208035.0
2026-01-06T10:55:00-05:00,22.19,22.31,22.17,22.31,26316.0
2026-01-06T11:00:00-05:00,22.33,22.35,22.26,22.26,19003.0
2026-01-06T11:05:00-05:00,22.21,22.22,22.18,22.22,26031.0
2026-01-06T11:10:00-05:00,22.21,22.25,22.18,22.22,19328.0
2026-01-06T11:15:00-05:00,22.24,22.27,22.205,22.22,5734.0
2026-01-06T11:20:00-05:00,22.25,22.33,22.25,22.33,25616.0
2026-01-06T11:25:00-05:00,22.33,22.41,22.32,22.4,21683.0
2026-01-06T11:30:00-05:00,22.395,22.4,22.31,22.32,29746.0
2026-01-06T11:35:00-05:00,22.32,22.34,22.3,22.315,15664.0
2026-01-06T11:40:00-05:00,22.32,22.32,22.27,22.31,11228.0
2026-01-06T11:45:00-05:00,22.3,22.32,22.255,22.3,3279.0
2026-01-06T11:50:00-05:00,22.32,22.44,22.32,22.42,33309.0
2026-01-06T11:55:00-05:00,22.41,22.51,22.39,22.51,12951.0
2026-01-06T12:00:00-05:00,22.48,22.5,22.46,22.47,28648.0
2026-01-06T12:05:00-05:00,22.51,22.55,22.5,22.55,19646.0
2026-01-06T12:10:00-05:00,22.52,22.52,22.43,22.45,18224.0
2026-01-06T12:15:00-05:00,22.44,22.47,22.44,22.46,14695.0
2026-01-06T12:20:00-05:00,22.43,22.43,22.38,22.4,5915.0
2026-01-06T12:25:00-05:00,22.41,22.435,22.4,22.425,19731.0
2026-01-06T12:30:00-05:00,22.42,22.42,22.36,22.37,310091.0
2026-01-06T12:35:00-05:00,22.38,22.4282,22.37,22.395,4352.0
2026-01-06T12:40:00-05:00,22.4,22.41,22.345,22.345,10051.0
2026-01-06T12:45:00-05:00,22.4,22.44,22.4,22.43,7657.0
2026-01-06T12:50:00-05:00,22.455,22.535,22.4401,22.535,9970.0
2026-01-06T12:55:00-05:00,22.53,22.61,22.5,22.54,40996.0
2026-01-06T13:00:00-05:00,22.55,22.57,22.49,22.55,13479.0
2026-01-06T13:05:00-05:00,22.54,22.59,22.52,22.525,28956.0
2026-01-06T13:10:00-05:00,22.53,22.5762,22.525,22.565,6774.0
2026-01-06T13:15:00-05:00,22.565,22.58,22.55,22.555,4882.0
2026-01-06T13:20:00-05:00,22.54,22.56,22.51,22.51,3720.0
2026-01-06T13:25:00-05:00,22.48,22.5,22.47,22.47,10912.0
2026-01-06T13:30:00-05:00,22.47,22.49,22.44,22.47,14925.0
2026-01-06T13:35:00-05:00,22.46,22.48,22.4401,22.48,4966.0
2026-01-06T13:40:00-05:00,22.47,22.53,22.47,22.53,7498.0
2026-01-06T13:45:00-05:00,22.53,22.555,22.53,22.54,3924.0
2026-01-06T13:50:00-05:00,22.555,22.565,22.49,22.52,20654.0
2026-01-06T13:55:00-05:00,22.51,22.53,22.5,22.53,45795.0
2026-01-06T14:00:00-05:00,22.54,22.54,22.47,22.47,39131.0
2026-01-06T14:05:00-05:00,22.465,22.5199,22.465,22.48,6267.0
2026-01-06T14:10:00-05:00,22.505,22.52,22.44,22.44,5866.0
2026-01-06T14:15:00-05:00,22.39,22.4,22.36,22.39,20635.0
2026-01-06T14:20:00-05:00,22.38,22.435,22.38,22.4,13405.0
2026-01-06T14:25:00-05:00,22.39,22.39,22.35,22.35,413716.0
2026-01-06T14:30:00-05:00,22.35,22.37,22.3201,22.34,10113.0
2026-01-06T14:35:00-05:00,22.34,22.3838,22.34,22.3838,23029.0
2026-01-06T14:40:00-05:00,22.37,22.42,22.37,22.4,19990.0
2026-01-06T14:45:00-05:00,22.4,22.4,22.33,22.33,12011.0
2026-01-06T14:50:00-05:00,22.35,22.36,22.275,22.36,12672.0
2026-01-06T14:55:00-05:00,22.3436,22.43,22.3436,22.4,15353.0
2026-01-06T15:00:00-05:00,22.39,22.39,22.36,22.36,21836.0
2026-01-06T15:05:00-05:00,22.38,22.4,22.335,22.35,19583.0
2026-01-06T15:10:00-05:00,22.36,22.39,22.35,22.36,4160.0
2026-01-06T15:15:00-05:00,22.37,22.405,22.37,22.4,18219.0
2026-01-06T15:20:00-05:00,22.4,22.489,22.395,22.489,17432.0
2026-01-06T15:25:00-05:00,22.48,22.5,22.48,22.48,12136.0
2026-01-06T15:30:00-05:00,22.48,22.5,22.445,22.45,34214.0
2026-01-06T15:35:00-05:00,22.47,22.535,22.4651,22.525,19315.0
2026-01-06T15:40:00-05:00,22.52,22.58,22.52,22.555,30750.0
2026-01-06T15:45:00-05:00,22.555,22.6,22.55,22.57,23814.0
2026-01-06T15:50:00-05:00,22.52,22.59,22.51,22.57,53212.0
2026-01-06T15:55:00-05:00,22.56,22.59,22.52,22.555,34733.0
2026-01-07T09:30:00-05:00,22.09,22.15,21.8089,21.97,107594.0
2026-01-07T09:35:00-05:00,21.95,22.045,21.705,21.72,30238.0
2026-01-07T09:40:00-05:00,21.6966,21.7553,21.56,21.6,28135.0
2026-01-07T09:45:00-05:00,21.6,21.71,21.55,21.66,27084.0
2026-01-07T09:50:00-05:00,21.63,21.675,21.58,21.58,13034.0
2026-01-07T09:55:00-05:00,21.58,21.66,21.57,21.61,46148.0
2026-01-07T10:00:00-05:00,21.58,21.58,21.4701,21.525,22152.0
2026-01-07T10:05:00-05:00,21.515,21.6199,21.5,21.561,9320.0
2026-01-07T10:10:00-05:00,21.57,21.58,21.5,21.5,15423.0
2026-01-07T10:15:00-05:00,21.47,21.57,21.47,21.52,20864.0
2026-01-07T10:20:00-05:00,21.51,21.72,21.51,21.67,12191.0
2026-01-07T10:25:00-05:00,21.66,21.7641,21.66,21.74,105726.0
2026-01-07T10:30:00-05:00,21.74,21.955,21.74,21.92,24241.0
2026-01-07T10:35:00-05:00,21.925,22.030001,21.905,22.030001,17932.0
2026-01-07T10:40:00-05:00,22.040001,22.0599,21.96,21.96,8140.0
2026-01-07T10:45:00-05:00,21.95,21.96,21.87,21.96,8359.0
2026-01-07T10:50:00-05:00,21.955,21.96,21.88,21.8858,12382.0
2026-01-07T10:55:00-05:00,21.87,21.92,21.85,21.905,12911.0
2026-01-07T11:00:00-05:00,21.89,21.945,21.86,21.88,11491.0
2026-01-07T11:05:00-05:00,21.87,21.92,21.86,21.9001,7293.0
2026-01-07T11:10:00-05:00,21.9299,21.94,21.88,21.88,11690.0
2026-01-07T11:15:00-05:00,21.89,21.89,21.84,21.8635,12257.0
2026-01-07T11:20:00-05:00,21.88,22.01,21.87,21.99,20582.0
2026-01-07T11:25:00-05:00,21.99,22.01,21.95,21.95,15827.0
2026-01-07T11:30:00-05:00,21.97,22.02,21.94,22.02,6285.0
2026-01-07T11:35:00-05:00,22.01,22.059999,21.99,22.059999,143684.0
2026-01-07T11:40:00-05:00,22.049999,22.16,22.02,22.115,11214.0
2026-01-07T11:45:00-05:00,22.11,22.16,22.1001,22.142,10314.0
2026-01-07T11:50:00-05:00,22.145,22.21,22.11,22.18,12939.0
2026-01-07T11:55:00-05:00,22.1851,22.21,22.15,22.21,7047.0
2026-01-07T12:00:00-05:00,22.19,22.19,22.145,22.15,9515.0
2026-01-07T12:05:00-05:00,22.16,22.18,22.135,22.165,5869.0
2026-01-07T12:10:00-05:00,22.17,22.19,22.14,22.16,8100.0
2026-01-07T12:15:00-05:00,22.18,22.21,22.18,22.19,6640.0
2026-01-07T12:20:00-05:00,22.2,22.21,22.15,22.15,6857.0
2026-01-07T12:25:00-05:00,22.125,22.165,22.1,22.15,6713.0
2026-01-07T12:30:00-05:00,22.15,22.165,22.13,22.16,3176.0
2026-01-07T12:35:00-05:00,22.165,22.18,22.13,22.175,8677.0
2026-01-07T12:40:00-05:00,22.17,22.17,22.14,22.14,3015.0
2026-01-07T12:45:00-05:00,22.14,22.14,22.1048,22.11,6180.0
2026-01-07T12:50:00-05:00,22.1,22.1,22.059999,22.075001,8359.0
2026-01-07T12:55:00-05:00,22.07,22.08,22.049999,22.049999,3999.0
2026-01-07T13:00:00-05:00,22.05,22.065001,22.040001,22.059999,4232.0
2026-01-07T13:05:00-05:00,22.049999,22.059999,22.01,22.014999,48122.0
2026-01-07T13:10:00-05:00,22.0156,22.040001,22.01,22.025,5960.0
2026-01-07T13:15:00-05:00,22.025,22.030001,21.97,21.98,7959.0
2026-01-07T13:20:00-05:00,21.995,22.09,21.995,22.09,7830.0
2026-01-07T13:25:00-05:00,22.097099,22.1145,22.049999,22.059999,5008.0
2026-01-07T13:30:00-05:00,22.07,22.13,22.059999,22.125,4105.0
2026-01-07T13:35:00-05:00,22.12,22.15,22.12,22.13,2195.0
2026-01-07T13:40:00-05:00,22.15,22.1575,22.12,22.12,5067.0
2026-01-07T13:45:00-05:00,22.12,22.16,22.1,22.14,10535.0
2026-01-07T13:50:00-05:00,22.13,22.13,22.094999,22.094999,3680.0
2026-01-07T13:55:00-05:00,22.09,22.1099,22.07,22.080299,9053.0
2026-01-07T14:00:00-05:00,22.094999,22.18,22.08,22.18,9007.0
2026-01-07T14:05:00-05:00,22.16,22.17,22.1,22.1,3883.0
2026-01-07T14:10:00-05:00,22.1,22.1,22.049999,22.08,10044.0
2026-01-07T14:15:00-05:00,22.09,22.09,22.07,22.07,6302.0
2026-01-07T14:20:00-05:00,22.08,22.09,22.059999,22.059999,4864.0
2026-01-07T14:25:00-05:00,22.049999,22.07,22.010099,22.07,12037.0
2026-01-07T14:30:00-05:00,22.08,22.115,22.08,22.1,15502.0
2026-01-07T14:35:00-05:00,22.11,22.11,22.08,22.08,3992.0
2026-01-07T14:40:00-05:00,22.07,22.09,22.049999,22.049999,4567.0
2026-01-07T14:45:00-05:00,22.0401,22.049999,22.040001,22.049999,5539.0
2026-01-07T14:50:00-05:00,22.06,22.075001,22.049999,22.075001,4016.0
2026-01-07T14:55:00-05:00,22.08,22.1,22.07,22.09,4492.0
2026-01-07T15:00:00-05:00,22.09,22.12,22.09,22.09,14594.0
2026-01-07T15:05:00-05:00,22.105,22.105,22.059999,22.059999,10399.0
2026-01-07T15:10:00-05:00,22.065001,22.08,22.049999,22.059999,6586.0
2026-01-07T15:15:00-05:00,22.062,22.1075,22.059999,22.1075,4939.0
2026-01-07T15:20:00-05:00,22.1,22.14,22.090099,22.14,24801.0
2026-01-07T15:25:00-05:00,22.135,22.17,22.11,22.11,21677.0
2026-01-07T15:30:00-05:00,22.118,22.12,22.094999,22.105,10976.0
2026-01-07T15:35:00-05:00,22.105,22.12,22.09,22.1,17549.0
2026-01-07T15:40:00-05:00,22.1,22.15,22.1,22.15,10065.0
2026-01-07T15:45:00-05:00,22.15,22.16,22.125,22.1377,15042.0
2026-01-07T15:50:00-05:00,22.13,22.21,22.13,22.19,29905.0
2026-01-07T15:55:00-05:00,22.19,22.24,22.18,22.22,68314.0
2026-01-08T09:30:00-05:00,21.48,21.78,21.385,21.665,100021.0
2026-01-08T09:35:00-05:00,21.635,21.905,21.59,21.845,12992.0
2026-01-08T09:40:00-05:00,21.83,21.9,21.75,21.86,9119.0
2026-01-08T09:45:00-05:00,21.82,21.87,21.75,21.86,13512.0
2026-01-08T09:50:00-05:00,21.87,21.87,21.67,21.67,9416.0
2026-01-08T09:55:00-05:00,21.6927,21.73,21.64,21.66,9189.0
2026-01-08T10:00:00-05:00,21.65,21.79,21.635,21.73,14556.0
2026-01-08T10:05:00-05:00,21.72,21.8616,21.72,21.86,10581.0
2026-01-08T10:10:00-05:00,21.9,21.92,21.85,21.895,8378.0
2026-01-08T10:15:00-05:00,21.9026,22.0,21.9,21.96,18706.0
2026-01-08T10:20:00-05:00,21.96,21.98,21.9,21.95,4204.0
2026-01-08T10:25:00-05:00,21.98,22.09,21.923,22.0014,12089.0
2026-01-08T10:30:00-05:00,22.0399,22.040001,21.95,21.95,8246.0
2026-01-08T10:35:00-05:00,21.95,21.955,21.92,21.955,4696.0
2026-01-08T10:40:00-05:00,21.95,22.040001,21.95,21.99,27725.0
2026-01-08T10:45:00-05:00,21.975,22.07,21.9715,22.07,10769.0
2026-01-08T10:50:00-05:00,22.049999,22.065001,21.99,21.99,5744.0
2026-01-08T10:55:00-05:00,22.01,22.084999,22.01,22.075001,7058.0
2026-01-08T11:00:00-05:00,22.0795,22.0795,22.01,22.0299,7385.0
2026-01-08T11:05:00-05:00,22.000099182,22.01,21.985,21.985,23664.0
2026-01-08T11:10:00-05:00,21.96,21.98,21.89,21.891,19412.0
2026-01-08T11:15:00-05:00,21.89,21.94,21.87,21.9125,8440.0
2026-01-08T11:20:00-05:00,21.9101,21.95,21.89,21.89,4309.0
2026-01-08T11:25:00-05:00,21.87,21.905,21.86,21.895,13199.0
2026-01-08T11:30:00-05:00,21.9,21.99,21.87,21.97,5800.0
2026-01-08T11:35:00-05:00,21.92,21.9799,21.92,21.9799,4799.0
2026-01-08T11:40:00-05:00,21.97,22.035,21.97,22.01,13536.0
2026-01-08T11:45:00-05:00,22.0,22.0,21.9001,21.92,3576.0
2026-01-08T11:50:00-05:00,21.93,21.947,21.91,21.947,11361.0
2026-01-08T11:55:00-05:00,21.955,22.045,21.955,22.045,5298.0
2026-01-08T12:00:00-05:00,22.07,22.07,22.02,22.0207,4456.0
2026-01-08T12:05:00-05:00,22.02,22.040001,21.99,21.99,7780.0
2026-01-08T12:10:00-05:00,22.0,22.030001,21.995,22.0,4596.0
2026-01-08T12:15:00-05:00,22.005,22.005,21.98,21.98,2709.0
2026-01-08T12:20:00-05:00,21.96,21.96,21.925,21.9308,4779.0
2026-01-08T12:25:00-05:00,21.92,21.92,21.855,21.88,4807.0
2026-01-08T12:30:00-05:00,21.89,21.94,21.88,21.905,6051.0
2026-01-08T12:35:00-05:00,21.91,21.92,21.85,21.89,7262.0
2026-01-08T12:40:00-05:00,21.89,21.89,21.84,21.845,21290.0
2026-01-08T12:45:00-05:00,21.86,21.865,21.81,21.81,5943.0
2026-01-08T12:50:00-05:00,21.82,21.868,21.82,21.868,3894.0
2026-01-08T12:55:00-05:00,21.86,21.9,21.84,21.875,8140.0
2026-01-08T13:00:00-05:00,21.875,21.875,21.815,21.82,2802.0
2026-01-08T13:05:00-05:00,21.8,21.8,21.77,21.77,6614.0
2026-01-08T13:10:00-05:00,21.77,21.775,21.72,21.73,15191.0
2026-01-08T13:15:00-05:00,21.72,21.74,21.7,21.71,9219.0
2026-01-08T13:20:00-05:00,21.7,21.7,21.66,21.675,10903.0
2026-01-08T13:25:00-05:00,21.69,21.69,21.655,21.66,8231.0
2026-01-08T13:30:00-05:00,21.66,21.67,21.63,21.63,4377.0
2026-01-08T13:35:00-05:00,21.61,21.6599,21.59,21.63,16499.0
2026-01-08T13:40:00-05:00,21.64,21.6408,21.6,21.6,43978.0
2026-01-08T13:45:00-05:00,21.615,21.62,21.55,21.55,22007.0
2026-01-08T13:50:00-05:00,21.57,21.58,21.52,21.53,22432.0
2026-01-08T13:55:00-05:00,21.52,21.6,21.5,21.57,20779.0
2026-01-08T14:00:00-05:00,21.57,21.58,21.525,21.57,7170.0
2026-01-08T14:05:00-05:00,21.565,21.61,21.565,21.59,7496.0
2026-01-08T14:10:00-05:00,21.6,21.61,21.6,21.61,4734.0
2026-01-08T14:15:00-05:00,21.59,21.59,21.55,21.59,11740.0
2026-01-08T14:20:00-05:00,21.6,21.62,21.6,21.6,5300.0
2026-01-08T14:25:00-05:00,21.59,21.59,21.56,21.56,3728.0
2026-01-08T14:30:00-05:00,21.575,21.6,21.5622,21.5954,2431.0
2026-01-08T14:35:00-05:00,21.6,21.61,21.58,21.58,7797.0
2026-01-08T14:40:00-05:00,21.58,21.59,21.541,21.58,5319.0
2026-01-08T14:45:00-05:00,21.58,21.58,21.55,21.575,5917.0
2026-01-08T14:50:00-05:00,21.57,21.58,21.52,21.5301,15962.0
2026-01-08T14:55:00-05:00,21.53,21.58,21.48,21.58,9845.0
2026-01-08T15:00:00-05:00,21.58,21.66,21.58,21.66,9254.0
2026-01-08T15:05:00-05:00,21.695,21.732,21.68,21.732,7342.0
2026-01-08T15:10:00-05:00,21.74,21.7412,21.7,21.7,4590.0
2026-01-08T15:15:00-05:00,21.69,21.69,21.66,21.68,5452.0
2026-01-08T15:20:00-05:00,21.67,21.755,21.66,21.73,9206.0
2026-01-08T15:25:00-05:00,21.74,21.78,21.74,21.76,10635.0
2026-01-08T15:30:00-05:00,21.7698,21.835,21.76,21.83,20935.0
2026-01-08T15:35:00-05:00,21.83,21.915,21.83,21.8872,26200.0
2026-01-08T15:40:00-05:00,21.89,21.925,21.8863,21.91,18898.0
2026-01-08T15:45:00-05:00,21.91,21.97,21.91,21.97,8711.0
2026-01-08T15:50:00-05:00,21.95,22.0,21.93,21.939,46579.0
2026-01-08T15:55:00-05:00,21.94,21.99,21.92,21.99,131743.0
2026-01-09T09:30:00-05:00,22.12,22.2,21.905,22.07,59222.0
2026-01-09T09:35:00-05:00,22.030001,22.26,22.030001,22.19,24318.0
2026-01-09T09:40:00-05:00,22.196,22.25,22.045,22.059999,12279.0
2026-01-09T09:45:00-05:00,22.045,22.125,22.02,22.025,20664.0
2026-01-09T09:50:00-05:00,22.030001,22.030001,21.87,22.030001,17649.0
2026-01-09T09:55:00-05:00,22.049999,22.17,21.9973,22.13,15552.0
2026-01-09T10:00:00-05:00,22.11,22.14,21.985,21.985,19398.0
2026-01-09T10:05:00-05:00,21.98,22.014999,21.94,22.0049992,22263.0
2026-01-09T10:10:00-05:00,22.0049992,22.14,21.97,22.11,5788.0
2026-01-09T10:15:00-05:00,22.15,22.1685,22.1,22.1351,7813.0
2026-01-09T10:20:00-05:00,22.13,22.28,22.1,22.25,18306.0
2026-01-09T10:25:00-05:00,22.255,22.4886,22.24,22.4,35431.0
2026-01-09T10:30:00-05:00,22.42,22.55,22.385,22.47,42944.0
2026-01-09T10:35:00-05:00,22.47,22.54,22.44,22.54,20397.0
2026-01-09T10:40:00-05:00,22.53,22.56,22.39,22.4085,10744.0
2026-01-09T10:45:00-05:00,22.39,22.45,22.3504,22.375,21384.0
2026-01-09T10:50:00-05:00,22.4,22.47,22.4,22.47,9092.0
2026-01-09T10:55:00-05:00,22.4899,22.54,22.4819,22.51,30889.0
2026-01-09T11:00:00-05:00,22.488,22.495,22.44,22.4687,8590.0
2026-01-09T11:05:00-05:00,22.47,22.47,22.37,22.4,10994.0
2026-01-09T11:10:00-05:00,22.3601,22.385,22.29,22.32,27972.0
2026-01-09T11:15:00-05:00,22.32,22.36,22.32,22.34,5553.0
2026-01-09T11:20:00-05:00,22.355,22.4399,22.34,22.395,10593.0
2026-01-09T11:25:00-05:00,22.38,22.3948,22.32,22.3948,8115.0
2026-01-09T11:30:00-05:00,22.35,22.37,22.3,22.338,13615.0
2026-01-09T11:35:00-05:00,22.315,22.34,22.3,22.32,10465.0
2026-01-09T11:40:00-05:00,22.3218,22.36,22.31,22.36,6197.0
2026-01-09T11:45:00-05:00,22.35,22.4,22.35,22.396,10607.0
2026-01-09T11:50:00-05:00,22.41,22.4161,22.34,22.36,9590.0
2026-01-09T11:55:00-05:00,22.34,22.37,22.33,22.34,8821.0
2026-01-09T12:00:00-05:00,22.35,22.365,22.32,22.33,7269.0
2026-01-09T12:05:00-05:00,22.32,22.32,22.29,22.29,2934.0
2026-01-09T12:10:00-05:00,22.29,22.31,22.27,22.27,6456.0
2026-01-09T12:15:00-05:00,22.26,22.27,22.25,22.25,3213.0
2026-01-09T12:20:00-05:00,22.2603,22.269,22.24,22.24,3451.0
2026-01-09T12:25:00-05:00,22.2301,22.27,22.23,22.265,14424.0
2026-01-09T12:30:00-05:00,22.27,22.32,22.27,22.308,10030.0
2026-01-09T12:35:00-05:00,22.31,22.31,22.29,22.3,3721.0
2026-01-09T12:40:00-05:00,22.29,22.29,22.2377,22.2377,4036.0
2026-01-09T12:45:00-05:00,22.25,22.26,22.185,22.24,9449.0
2026-01-09T12:50:00-05:00,22.235,22.24,22.13,22.175,10951.0
2026-01-09T12:55:00-05:00,22.17,22.17,21.975,22.0,20819.0
2026-01-09T13:00:00-05:00,21.98,22.079901,21.94,22.07,32303.0
2026-01-09T13:05:00-05:00,22.060101,22.21,22.060101,22.19,14901.0
2026-01-09T13:10:00-05:00,22.185,22.2099,22.155,22.18,12910.0
2026-01-09T13:15:00-05:00,22.19,22.2,22.15,22.15,10485.0
2026-01-09T13:20:00-05:00,22.16,22.18,22.13,22.145,15728.0
2026-01-09T13:25:00-05:00,22.1323,22.15,22.11,22.1101,4153.0
2026-01-09T13:30:00-05:00,22.11,22.19,22.11,22.175,241847.0
2026-01-09T13:35:00-05:00,22.175,22.196,22.16,22.19,9413.0
2026-01-09T13:40:00-05:00,22.2,22.23,22.18,22.22,6236.0
2026-01-09T13:45:00-05:00,22.23,22.23,22.15,22.16,6117.0
2026-01-09T13:50:00-05:00,22.15,22.15,22.1,22.115,10709.0
2026-01-09T13:55:00-05:00,22.1,22.1,22.08,22.094999,3634.0
2026-01-09T14:00:00-05:00,22.11,22.1118,22.08,22.08,9452.0
2026-01-09T14:05:00-05:00,22.07,22.1,22.07,22.1,8495.0
2026-01-09T14:10:00-05:00,22.12,22.14,22.08,22.08,5328.0
2026-01-09T14:15:00-05:00,22.09,22.13,22.09,22.12,3718.0
2026-01-09T14:20:00-05:00,22.125,22.14,22.115,22.12,12007.0
2026-01-09T14:25:00-05:00,22.11,22.155,22.11,22.13,15439.0
2026-01-09T14:30:00-05:00,22.12,22.12,22.09,22.11,6913.0
2026-01-09T14:35:00-05:00,22.11,22.145,22.065001,22.08,20294.0
2026-01-09T14:40:00-05:00,22.089001,22.09,22.040001,22.049999,7842.0
2026-01-09T14:45:00-05:00,22.0599,22.09,22.0562,22.09,6695.0
2026-01-09T14:50:00-05:00,22.07,22.08,22.040001,22.055,5242.0
2026-01-09T14:55:00-05:00,22.040001,22.040001,22.01,22.01,6720.0
2026-01-09T15:00:00-05:00,22.0,22.01,21.98,22.0,12736.0
2026-01-09T15:05:00-05:00,21.99,21.99,21.95,21.96,12407.0
2026-01-09T15:10:00-05:00,21.97,21.98,21.94,21.97,21073.0
2026-01-09T15:15:00-05:00,21.99,22.01,21.99,21.9908,6361.0
2026-01-09T15:20:00-05:00,21.99,21.99,21.95,21.965,7992.0
2026-01-09T15:25:00-05:00,21.965,21.965,21.92,21.96,5973.0
2026-01-09T15:30:00-05:00,21.96,21.995,21.9328,21.995,7451.0
2026-01-09T15:35:00-05:00,21.99,22.0,21.9628,21.98,9517.0
2026-01-09T15:40:00-05:00,21.97,21.97,21.9306,21.95,11729.0
2026-01-09T15:45:00-05:00,21.96,21.97,21.95,21.95,20604.0
2026-01-09T15:50:00-05:00,21.94,21.96,21.91,21.91,61204.0
2026-01-09T15:55:00-05:00,21.91,22.025,21.9,22.01,80934.0
2026-01-12T09:30:00-05:00,22.75,23.3062,22.72,23.2,173238.0
2026-01-12T09:35:00-05:00,23.23,23.2582,22.976,23.1415,51656.0
2026-01-12T09:40:00-05:00,23.1858,23.35,23.055,23.14,36841.0
2026-01-12T09:45:00-05:00,23.175,23.275,23.16,23.22,20738.0
2026-01-12T09:50:00-05:00,23.22,23.28,23.115,23.13,18405.0
2026-01-12T09:55:00-05:00,23.13,23.18,23.094999,23.17,20198.0
2026-01-12T10:00:00-05:00,23.15,23.23,23.09,23.13,31414.0
2026-01-12T10:05:00-05:00,23.13,23.31,23.12,23.288,144583.0
2026-01-12T10:10:00-05:00,23.3,23.44,23.25,23.44,71924.0
2026-01-12T10:15:00-05:00,23.44,23.44,23.3,23.35,35960.0
2026-01-12T10:20:00-05:00,23.35,23.49,23.34,23.47,14982.0
2026-01-12T10:25:00-05:00,23.46,23.56,23.43,23.5,28098.0
2026-01-12T10:30:00-05:00,23.5,23.515,23.45,23.475,32237.0
2026-01-12T10:35:00-05:00,23.472,23.52,23.34,23.415,27628.0
2026-01-12T10:40:00-05:00,23.41,23.41,23.32,23.375,259274.0
2026-01-12T10:45:00-05:00,23.375,23.375,23.26,23.2812,25809.0
2026-01-12T10:50:00-05:00,23.28,23.3,23.155,23.16,36733.0
2026-01-12T10:55:00-05:00,23.15,23.16,23.049999,23.145,55132.0
2026-01-12T11:00:00-05:00,23.16,23.34,23.15,23.34,42983.0
2026-01-12T11:05:00-05:00,23.33,23.4,23.32,23.33,10010.0
2026-01-12T11:10:00-05:00,23.33,23.59,23.33,23.56,58289.0
2026-01-12T11:15:00-05:00,23.55,23.56,23.48,23.5,49805.0
2026-01-12T11:20:00-05:00,23.505,23.515,23.345,23.345,14879.0
2026-01-12T11:25:00-05:00,23.345,23.405,23.3,23.37,18666.0
2026-01-12T11:30:00-05:00,23.3899,23.56,23.38,23.55,32645.0
2026-01-12T11:35:00-05:00,23.55,23.55,23.31,23.32,14472.0
2026-01-12T11:40:00-05:00,23.33,23.38,23.225,23.34,13751.0
2026-01-12T11:45:00-05:00,23.3699,23.44,23.36,23.39,26883.0
2026-01-12T11:50:00-05:00,23.4,23.41,23.36,23.39,9664.0
2026-01-12T11:55:00-05:00,23.4,23.455,23.39,23.42,9920.0
2026-01-12T12:00:00-05:00,23.41,23.45,23.39,23.41,7959.0
2026-01-12T12:05:00-05:00,23.4,23.42,23.37,23.37,18465.0
2026-01-12T12:10:00-05:00,23.345,23.37,23.345,23.37,6530.0
2026-01-12T12:15:00-05:00,23.38,23.47,23.38,23.46,16661.0
2026-01-12T12:20:00-05:00,23.4628,23.4701,23.36,23.395,10899.0
2026-01-12T12:25:00-05:00,23.391,23.43,23.38,23.425,13145.0
2026-01-12T12:30:00-05:00,23.44,23.44,23.4,23.4,3994.0
2026-01-12T12:35:00-05:00,23.4075,23.4075,23.31,23.315,11059.0
2026-01-12T12:40:00-05:00,23.321,23.36,23.32,23.355,11578.0
2026-01-12T12:45:00-05:00,23.3679,23.41,23.35,23.4,19003.0
2026-01-12T12:50:00-05:00,23.4,23.4,23.32,23.32,17497.0
2026-01-12T12:55:00-05:00,23.31,23.35,23.2942,23.3201,10141.0
2026-01-12T13:00:00-05:00,23.32,23.32,23.27,23.27,13937.0
2026-01-12T13:05:00-05:00,23.28,23.29,23.27,23.2713,12316.0
2026-01-12T13:10:00-05:00,23.275,23.285,23.22,23.22,8493.0
2026-01-12T13:15:00-05:00,23.22,23.22,23.1075,23.14,11184.0
2026-01-12T13:20:00-05:00,23.1317,23.19,23.1317,23.19,8046.0
2026-01-12T13:25:00-05:00,23.17,23.2289,23.14,23.2289,8104.0
2026-01-12T13:30:00-05:00,23.22,23.24,23.21,23.23,6230.0
2026-01-12T13:35:00-05:00,23.22,23.22,23.1982,23.22,5515.0
2026-01-12T13:40:00-05:00,23.21,23.22,23.18,23.18,4712.0
2026-01-12T13:45:00-05:00,23.18,23.22,23.13,23.13,16487.0
2026-01-12T13:50:00-05:00,23.14,23.14,23.1,23.13,25363.0
2026-01-12T13:55:00-05:00,23.15,23.19,23.15,23.1732,10382.0
2026-01-12T14:00:00-05:00,23.175,23.191,23.073999,23.12,30755.0
2026-01-12T14:05:00-05:00,23.13,23.17,23.11,23.16,25423.0
2026-01-12T14:10:00-05:00,23.17,23.17,23.11,23.13,26103.0
2026-01-12T14:15:00-05:00,23.1397,23.165,23.1397,23.149,5940.0
2026-01-12T14:20:00-05:00,23.15,23.15,23.059999,23.059999,13818.0
2026-01-12T14:25:00-05:00,23.065001,23.08,23.02,23.08,109835.0
2026-01-12T14:30:00-05:00,23.09,23.13,23.07,23.1,29902.0
2026-01-12T14:35:00-05:00,23.11,23.12,23.059999,23.09,48177.0
2026-01-12T14:40:00-05:00,23.11,23.125,23.09,23.12,13145.0
2026-01-12T14:45:00-05:00,23.1301,23.15,23.12,23.12,14199.0
2026-01-12T14:50:00-05:00,23.11,23.1476,23.09,23.135,13816.0
2026-01-12T14:55:00-05:00,23.13,23.13,23.09,23.09,8197.0
2026-01-12T15:00:00-05:00,23.1,23.1,23.023199,23.030001,25949.0
2026-01-12T15:05:00-05:00,23.030001,23.07,22.9723,22.9723,39430.0
2026-01-12T15:10:00-05:00,22.97,23.01,22.97,22.97,22087.0
2026-01-12T15:15:00-05:00,22.98,22.98,22.88,22.88,37069.0
2026-01-12T15:20:00-05:00,22.88,22.8864,22.7704,22.815,37046.0
2026-01-12T15:25:00-05:00,22.83,22.84,22.8101,22.825,19258.0
2026-01-12T15:30:00-05:00,22.82,22.89,22.8,22.88,24778.0
2026-01-12T15:35:00-05:00,22.88,22.94,22.88,22.915,24910.0
2026-01-12T15:40:00-05:00,22.92,22.94,22.89,22.9,17657.0
2026-01-12T15:45:00-05:00,22.9,22.9,22.81,22.82,27709.0
2026-01-12T15:50:00-05:00,22.82,22.85,22.8028,22.82,57674.0
2026-01-12T15:55:00-05:00,22.83,22.94,22.8201,22.895,137503.0
2026-01-13T09:30:00-05:00,23.08,23.75,23.08,23.53,241749.0
2026-01-13T09:35:00-05:00,23.54,23.78,23.54,23.67,47527.0
2026-01-13T09:40:00-05:00,23.67,24.08,23.665,24.045,131785.0
2026-01-13T09:45:00-05:00,24.045,24.7638,24.040001,24.7638,186655.0
2026-01-13T09:50:00-05:00,24.75,24.77,24.49,24.625,186217.0
2026-01-13T09:55:00-05:00,24.65,24.65,24.425,24.455,38809.0
2026-01-13T10:00:00-05:00,24.43,24.58,24.395,24.435,75894.0
2026-01-13T10:05:00-05:00,24.45,24.45,23.9699,23.97,111525.0
2026-01-13T10:10:00-05:00,23.9898,24.019899,23.93,23.9358,497017.0
2026-01-13T10:15:00-05:00,23.95,23.99,23.725,23.73,77413.0
2026-01-13T10:20:00-05:00,23.75,23.7604,23.65,23.7462,24598.0
2026-01-13T10:25:00-05:00,23.75,23.918,23.6848,23.885,43945.0
2026-01-13T10:30:00-05:00,23.88,24.014999,23.84,23.85,28798.0
2026-01-13T10:35:00-05:00,23.84,23.8498,23.69,23.78,21604.0
2026-01-13T10:40:00-05:00,23.79,23.82,23.665,23.815,61712.0
2026-01-13T10:45:00-05:00,23.79,23.8926,23.78,23.8,33594.0
2026-01-13T10:50:00-05:00,23.81,23.97,23.81,23.94,39920.0
2026-01-13T10:55:00-05:00,23.95,23.975,23.8872,23.93,40494.0
2026-01-13T11:00:00-05:00,23.94,23.9499,23.66,23.66,23323.0
2026-01-13T11:05:00-05:00,23.67,23.68,23.43,23.54,67010.0
2026-01-13T11:10:00-05:00,23.56,23.68,23.56,23.59,571717.0
2026-01-13T11:15:00-05:00,23.595,23.62,23.54,23.59,11758.0
2026-01-13T11:20:00-05:00,23.58,23.62,23.53,23.57,14166.0
2026-01-13T11:25:00-05:00,23.55,23.55,23.45,23.4618,24679.0
2026-01-13T11:30:00-05:00,23.46,23.6,23.45,23.6,42474.0
2026-01-13T11:35:00-05:00,23.6,23.63,23.56,23.63,20574.0
2026-01-13T11:40:00-05:00,23.635,23.69,23.5799,23.62,22681.0
2026-01-13T11:45:00-05:00,23.635,23.82,23.61,23.81,18805.0
2026-01-13T11:50:00-05:00,23.81,23.89,23.78,23.89,31024.0
2026-01-13T11:55:00-05:00,23.9,23.9,23.77,23.81,12790.0
2026-01-13T12:00:00-05:00,23.82,23.87,23.74,23.74,14802.0
2026-01-13T12:05:00-05:00,23.73,23.76,23.67,23.715,9214.0
2026-01-13T12:10:00-05:00,23.7,23.75,23.695,23.725,7522.0
2026-01-13T12:15:00-05:00,23.72,23.75,23.68,23.685,20350.0
2026-01-13T12:20:00-05:00,23.69,23.72,23.6847,23.7,684353.0
2026-01-13T12:25:00-05:00,23.69,23.7077,23.6318,23.7,10604.0
2026-01-13T12:30:00-05:00,23.7,23.72,23.62,23.675,16556.0
2026-01-13T12:35:00-05:00,23.67,23.675,23.58,23.61,7710.0
2026-01-13T12:40:00-05:00,23.61,23.62,23.54,23.54,14247.0
2026-01-13T12:45:00-05:00,23.54,23.59,23.52,23.59,13237.0
2026-01-13T12:50:00-05:00,23.568,23.57,23.46,23.49,16087.0
2026-01-13T12:55:00-05:00,23.48,23.48,23.4,23.47,20573.0
2026-01-13T13:00:00-05:00,23.47,23.5,23.42,23.46,17164.0
2026-01-13T13:05:00-05:00,23.45,23.485,23.43,23.455,33788.0
2026-01-13T13:10:00-05:00,23.465,23.5046,23.46,23.5046,10460.0
2026-01-13T13:15:00-05:00,23.5046,23.5046,23.41,23.459,20114.0
2026-01-13T13:20:00-05:00,23.44,23.518,23.41,23.475,16928.0
2026-01-13T13:25:00-05:00,23.4817,23.56,23.48,23.485,18358.0
2026-01-13T13:30:00-05:00,23.47,23.528,23.435,23.438,20138.0
2026-01-13T13:35:00-05:00,23.435,23.545,23.435,23.545,18180.0
2026-01-13T13:40:00-05:00,23.555,23.63,23.55,23.61,12528.0
2026-01-13T13:45:00-05:00,23.615,23.615,23.57,23.585,12385.0
2026-01-13T13:50:00-05:00,23.58,23.58,23.51,23.57,11462.0
2026-01-13T13:55:00-05:00,23.56,23.56,23.465,23.48,16927.0
2026-01-13T14:00:00-05:00,23.47,23.48,23.36,23.405,37736.0
2026-01-13T14:05:00-05:00,23.39,23.54,23.385,23.5,10357.0
2026-01-13T14:10:00-05:00,23.49,23.55,23.43,23.55,13408.0
2026-01-13T14:15:00-05:00,23.56,23.61,23.5,23.5456,23351.0
2026-01-13T14:20:00-05:00,23.55,23.5656,23.55,23.5555,6585.0
2026-01-13T14:25:00-05:00,23.555,23.565,23.46,23.5,24543.0
2026-01-13T14:30:00-05:00,23.515,23.54,23.51,23.51,5955.0
2026-01-13T14:35:00-05:00,23.49,23.49,23.45,23.48,8446.0
2026-01-13T14:40:00-05:00,23.48,23.54,23.465,23.53,13630.0
2026-01-13T14:45:00-05:00,23.52,23.52,23.465,23.51,12641.0
2026-01-13T14:50:00-05:00,23.52,23.54,23.49,23.5,8255.0
2026-01-13T14:55:00-05:00,23.51,23.56,23.5,23.56,18350.0
2026-01-13T15:00:00-05:00,23.57,23.59,23.538,23.54,18846.0
2026-01-13T15:05:00-05:00,23.53,23.55,23.49,23.5,22741.0
2026-01-13T15:10:00-05:00,23.5,23.54,23.4901,23.52,17547.0
2026-01-13T15:15:00-05:00,23.525,23.54,23.46,23.52,954500.0
2026-01-13T15:20:00-05:00,23.52,23.55,23.505,23.54,12839.0
2026-01-13T15:25:00-05:00,23.55,23.56,23.53,23.535,18583.0
2026-01-13T15:30:00-05:00,23.53,23.56,23.4699,23.4699,31036.0
2026-01-13T15:35:00-05:00,23.47,23.57,23.46,23.54,40911.0
2026-01-13T15:40:00-05:00,23.55,23.66,23.55,23.65,24234.0
2026-01-13T15:45:00-05:00,23.65,23.73,23.63,23.7193,52797.0
2026-01-13T15:50:00-05:00,23.71,23.78,23.7,23.77,72769.0
2026-01-13T15:55:00-05:00,23.76,23.88,23.755,23.85,263822.0
2026-01-14T09:30:00-05:00,24.648,24.89,24.25,24.46,243110.0
2026-01-14T09:35:00-05:00,24.465,24.7528,24.45,24.47,169563.0
2026-01-14T09:40:00-05:00,24.47,24.79,24.45,24.6365,123432.0
2026-01-14T09:45:00-05:00,24.616,24.65,24.35,24.39,291144.0
2026-01-14T09:50:00-05:00,24.37,24.57,24.34,24.57,19047.0
2026-01-14T09:55:00-05:00,24.54,24.62,24.27,24.27,79753.0
2026-01-14T10:00:00-05:00,24.27,24.27,24.1,24.15,78023.0
2026-01-14T10:05:00-05:00,24.11,24.12,23.93,23.995,67944.0
2026-01-14T10:10:00-05:00,23.98,24.36,23.9601,24.34,67147.0
2026-01-14T10:15:00-05:00,24.32,24.4058,24.14,24.2199,40534.0
2026-01-14T10:20:00-05:00,24.209,24.23,24.07,24.084999,34468.0
2026-01-14T10:25:00-05:00,24.1,24.1,24.014999,24.02,19118.0
2026-01-14T10:30:00-05:00,24.02,24.07,23.91,23.93,53315.0
2026-01-14T10:35:00-05:00,23.93,24.24,23.93,24.18,428086.0
2026-01-14T10:40:00-05:00,24.17,24.3238,24.12,24.12,22655.0
2026-01-14T10:45:00-05:00,24.135,24.23,24.080099,24.115,22163.0
2026-01-14T10:50:00-05:00,24.115,24.15,24.049999,24.12,13546.0
2026-01-14T10:55:00-05:00,24.14,24.18,24.08,24.11,79476.0
2026-01-14T11:00:00-05:00,24.125,24.14,24.0543,24.1,26409.0
2026-01-14T11:05:00-05:00,24.105,24.14,23.97,23.985,461055.0
2026-01-14T11:10:00-05:00,23.97,24.049999,23.92,24.049999,23838.0
2026-01-14T11:15:00-05:00,24.040001,24.13,24.040001,24.13,13422.0
2026-01-14T11:20:00-05:00,24.1346,24.23,24.1272,24.185,13768.0
2026-01-14T11:25:00-05:00,24.175,24.175,24.049999,24.09,13741.0
2026-01-14T11:30:00-05:00,24.1,24.235,24.09,24.16,42490.0
2026-01-14T11:35:00-05:00,24.16,24.16,23.9754,24.08,14914.0
2026-01-14T11:40:00-05:00,24.045,24.08,24.02,24.040001,19311.0
2026-01-14T11:45:00-05:00,24.02,24.030001,23.92,23.96,13341.0
2026-01-14T11:50:00-05:00,23.95,23.99,23.925,23.9472,509421.0
2026-01-14T11:55:00-05:00,23.945,24.030001,23.86,24.030001,16602.0
2026-01-14T12:00:00-05:00,24.0375,24.0891,24.01,24.02,10619.0
2026-01-14T12:05:00-05:00,24.030001,24.030001,23.91,23.97,9262.0
2026-01-14T12:10:00-05:00,23.98,24.016399,23.9465,23.99,11669.0
2026-01-14T12:15:00-05:00,23.97,23.97,23.88,23.89,17848.0
2026-01-14T12:20:00-05:00,23.8801,23.89,23.675,23.68,51932.0
2026-01-14T12:25:00-05:00,23.675,23.8,23.62,23.8,30163.0
2026-01-14T12:30:00-05:00,23.81,23.81,23.5,23.61,44177.0
2026-01-14T12:35:00-05:00,23.64,23.75,23.64,23.7,20637.0
2026-01-14T12:40:00-05:00,23.67,23.7065,23.62,23.7065,7949.0
2026-01-14T12:45:00-05:00,23.7,23.82,23.695,23.82,39786.0
2026-01-14T12:50:00-05:00,23.815,23.83,23.71,23.7174,12479.0
2026-01-14T12:55:00-05:00,23.76,23.83,23.76,23.79,22426.0
2026-01-14T13:00:00-05:00,23.78,23.85,23.71,23.84,13438.0
2026-01-14T13:05:00-05:00,23.8252,23.8846,23.82,23.8699,8303.0
2026-01-14T13:10:00-05:00,23.87,23.91,23.86,23.86,9632.0
2026-01-14T13:15:00-05:00,23.85,23.88,23.83,23.87,10293.0
2026-01-14T13:20:00-05:00,23.86,23.88,23.8,23.81,10402.0
2026-01-14T13:25:00-05:00,23.8175,23.8175,23.77,23.78,10646.0
2026-01-14T13:30:00-05:00,23.78,23.78,23.7,23.7,12582.0
2026-01-14T13:35:00-05:00,23.71,23.71,23.64,23.68,15455.0
2026-01-14T13:40:00-05:00,23.68,23.74,23.68,23.721,8348.0
2026-01-14T13:45:00-05:00,23.71,23.7286,23.69,23.7,19392.0
2026-01-14T13:50:00-05:00,23.7062,23.775,23.7062,23.72,18872.0
2026-01-14T13:55:00-05:00,23.71,23.8,23.7,23.78,58203.0
2026-01-14T14:00:00-05:00,23.79,23.9,23.74,23.74,43480.0
2026-01-14T14:05:00-05:00,23.755,23.795,23.75,23.75,20284.0
2026-01-14T14:10:00-05:00,23.75,23.8,23.675,23.8,33585.0
2026-01-14T14:15:00-05:00,23.83,23.83,23.73,23.745,23199.0
2026-01-14T14:20:00-05:00,23.78,23.94,23.77,23.93,18004.0
2026-01-14T14:25:00-05:00,23.94,23.94,23.865,23.9171,15126.0
2026-01-14T14:30:00-05:00,23.908,23.93,23.81,23.82,18460.0
2026-01-14T14:35:00-05:00,23.83,23.88,23.81,23.88,6899.0
2026-01-14T14:40:00-05:00,23.88,23.92,23.87,23.88,8517.0
2026-01-14T14:45:00-05:00,23.885,23.97,23.885,23.93,23347.0
2026-01-14T14:50:00-05:00,23.93,24.030001,23.93,23.97,36600.0
2026-01-14T14:55:00-05:00,23.97,23.99,23.915,23.97,13042.0
2026-01-14T15:00:00-05:00,23.98,23.99,23.84,23.89,45850.0
2026-01-14T15:05:00-05:00,23.8887,23.95,23.82,23.93,19953.0
2026-01-14T15:10:00-05:00,23.95,23.98,23.9,23.955,783364.0
2026-01-14T15:15:00-05:00,23.955,23.99,23.885,23.99,19353.0
2026-01-14T15:20:00-05:00,23.98,24.040001,23.93,24.02,17912.0
2026-01-14T15:25:00-05:00,24.01,24.025,23.9499,23.97,25521.0
2026-01-14T15:30:00-05:00,23.97,24.0399,23.95,24.0,18353.0
2026-01-14T15:35:00-05:00,23.99,23.99,23.91,23.93,25745.0
2026-01-14T15:40:00-05:00,23.94,23.9441,23.9,23.91,32195.0
2026-01-14T15:45:00-05:00,23.905,23.905,23.83,23.83,37007.0
2026-01-14T15:50:00-05:00,23.84,23.9,23.8,23.81,66225.0
2026-01-14T15:55:00-05:00,23.81,23.86,23.78,23.83,163849.0
2026-01-15T09:30:00-05:00,23.241,23.6494,23.08,23.505,106069.0
2026-01-15T09:35:00-05:00,23.49,23.55,23.3112,23.5,18326.0
2026-01-15T09:40:00-05:00,23.55,23.56,23.37,23.395,18717.0
2026-01-15T09:45:00-05:00,23.3466,23.46,23.3,23.41,21823.0
2026-01-15T09:50:00-05:00,23.385,23.5,23.37,23.435,40413.0
2026-01-15T09:55:00-05:00,23.42,23.47,23.41,23.45,13831.0
2026-01-15T10:00:00-05:00,23.445,23.52,23.41,23.4264,19899.0
2026-01-15T10:05:00-05:00,23.44,23.52,23.305,23.51,37759.0
2026-01-15T10:10:00-05:00,23.52,23.58,23.5,23.5251,14747.0
2026-01-15T10:15:00-05:00,23.5101,23.57,23.5101,23.57,9000.0
2026-01-15T10:20:00-05:00,23.57,23.6199,23.57,23.6038,8631.0
2026-01-15T10:25:00-05:00,23.57,23.6,23.5397,23.6,38368.0
2026-01-15T10:30:00-05:00,23.61,23.61,23.565,23.575,4882.0
2026-01-15T10:35:00-05:00,23.58,23.62,23.53,23.57,18362.0
2026-01-15T10:40:00-05:00,23.575,23.575,23.54,23.55,119335.0
2026-01-15T10:45:00-05:00,23.55,23.65,23.55,23.615,9302.0
2026-01-15T10:50:00-05:00,23.63,23.6362,23.54,23.59,41507.0
2026-01-15T10:55:00-05:00,23.6,23.64,23.55,23.5912,11615.0
2026-01-15T11:00:00-05:00,23.6157,23.6157,23.46,23.46,48888.0
2026-01-15T11:05:00-05:00,23.46,23.595,23.425,23.57,11631.0
2026-01-15T11:10:00-05:00,23.57,23.72,23.55,23.668,26407.0
2026-01-15T11:15:00-05:00,23.7,23.8,23.6985,23.7868,16151.0
2026-01-15T11:20:00-05:00,23.76,23.8,23.72,23.74,10459.0
2026-01-15T11:25:00-05:00,23.73,23.73,23.6387,23.64,19351.0
2026-01-15T11:30:00-05:00,23.62,23.655,23.62,23.655,8306.0
2026-01-15T11:35:00-05:00,23.63,23.63,23.55,23.55,74099.0
2026-01-15T11:40:00-05:00,23.55,23.58,23.55,23.5701,5081.0
2026-01-15T11:45:00-05:00,23.57,23.57,23.52,23.545,56817.0
2026-01-15T11:50:00-05:00,23.54,23.59,23.48,23.51,26088.0
2026-01-15T11:55:00-05:00,23.48,23.515,23.48,23.51,11621.0
2026-01-15T12:00:00-05:00,23.49,23.625,23.49,23.625,10631.0
2026-01-15T12:05:00-05:00,23.63,23.63,23.6098,23.6105,7588.0
2026-01-15T12:10:00-05:00,23.625,23.64,23.575,23.59,4403.0
2026-01-15T12:15:00-05:00,23.57,23.59,23.55,23.585,8981.0
2026-01-15T12:20:00-05:00,23.5773,23.6,23.55,23.59,21271.0
2026-01-15T12:25:00-05:00,23.59,23.59,23.575,23.58,5073.0
2026-01-15T12:30:00-05:00,23.58,23.59,23.57,23.585,7838.0
2026-01-15T12:35:00-05:00,23.585,23.61,23.57,23.57,6140.0
2026-01-15T12:40:00-05:00,23.5899,23.64,23.58,23.64,23228.0
2026-01-15T12:45:00-05:00,23.638,23.6987,23.635,23.644,21700.0
2026-01-15T12:50:00-05:00,23.6625,23.6625,23.62,23.62,18374.0
2026-01-15T12:55:00-05:00,23.62,23.66,23.62,23.66,19231.0
2026-01-15T13:00:00-05:00,23.67,23.78,23.67,23.77,5402.0
2026-01-15T13:05:00-05:00,23.72,23.73,23.71,23.73,3350.0
2026-01-15T13:10:00-05:00,23.73,23.78,23.73,23.73,5772.0
2026-01-15T13:15:00-05:00,23.73,23.755,23.73,23.7401,4659.0
2026-01-15T13:20:00-05:00,23.75,23.77,23.715,23.74,7056.0
2026-01-15T13:25:00-05:00,23.74,23.785,23.74,23.7538,10486.0
2026-01-15T13:30:00-05:00,23.75,23.8,23.73,23.79,8155.0
2026-01-15T13:35:00-05:00,23.78,23.865,23.78,23.79,11587.0
2026-01-15T13:40:00-05:00,23.8099,23.8099,23.76,23.79,5950.0
2026-01-15T13:45:00-05:00,23.81,23.81,23.79,23.795,4856.0
2026-01-15T13:50:00-05:00,23.79,23.81,23.78,23.795,4470.0
2026-01-15T13:55:00-05:00,23.8,23.85,23.7901,23.815,7055.0
2026-01-15T14:00:00-05:00,23.828,23.9,23.82,23.9,17206.0
2026-01-15T14:05:00-05:00,23.89,24.01,23.88,24.01,30248.0
2026-01-15T14:10:00-05:00,24.01,24.059999,23.99,24.0175,26872.0
2026-01-15T14:15:00-05:00,24.02,24.0536,24.0,24.0425,14443.0
2026-01-15T14:20:00-05:00,24.045,24.1401,24.040001,24.13,20056.0
2026-01-15T14:25:00-05:00,24.13,24.16,24.1007,24.11,19099.0
2026-01-15T14:30:00-05:00,24.105,24.14,24.07,24.1083,18193.0
2026-01-15T14:35:00-05:00,24.1,24.1,23.985,24.01,15379.0
2026-01-15T14:40:00-05:00,24.02,24.09,24.02,24.08,9334.0
2026-01-15T14:45:00-05:00,24.06,24.06,24.01,24.049999,6956.0
2026-01-15T14:50:00-05:00,24.049999,24.1057,24.040001,24.049999,28479.0
2026-01-15T14:55:00-05:00,24.040001,24.1,23.95,24.08,24474.0
2026-01-15T15:00:00-05:00,24.07,24.07,23.945,24.030001,10885.0
2026-01-15T15:05:00-05:00,24.035,24.035,23.865,23.87,22132.0
2026-01-15T15:10:00-05:00,23.87,23.9599,23.85,23.91,11452.0
2026-01-15T15:15:00-05:00,23.93,23.94,23.765,23.79,28891.0
2026-01-15T15:20:00-05:00,23.79,23.855,23.785,23.79,11597.0
2026-01-15T15:25:00-05:00,23.79,23.85,23.79,23.8009,13258.0
2026-01-15T15:30:00-05:00,23.7901,23.84,23.785,23.82,11133.0
2026-01-15T15:35:00-05:00,23.82,23.88,23.82,23.87,17083.0
2026-01-15T15:40:00-05:00,23.86,23.87,23.81,23.84,19314.0
2026-01-15T15:45:00-05:00,23.85,23.9,23.85,23.87,33823.0
2026-01-15T15:50:00-05:00,23.86,23.91,23.835,23.85,54181.0
2026-01-15T15:55:00-05:00,23.86,23.885,23.82,23.88,108394.0
2026-01-16T09:30:00-05:00,23.54,23.605,23.1,23.27,178664.0
2026-01-16T09:35:00-05:00,23.32,23.51,23.17,23.17,88925.0
2026-01-16T09:40:00-05:00,23.16,23.35,23.16,23.27,37486.0
2026-01-16T09:45:00-05:00,23.23,23.52,23.23,23.455,79230.0
2026-01-16T09:50:00-05:00,23.455,23.4705,23.3366,23.37,37915.0
2026-01-16T09:55:00-05:00,23.37,23.3766,23.27,23.27,20627.0
2026-01-16T10:00:00-05:00,23.28,23.41,23.28,23.4,15742.0
2026-01-16T10:05:00-05:00,23.41,23.45,23.37,23.41,18246.0
2026-01-16T10:10:00-05:00,23.41,23.55,23.37,23.51,27065.0
2026-01-16T10:15:00-05:00,23.5048,23.5048,23.37,23.41,24767.0
2026-01-16T10:20:00-05:00,23.41,23.4599,23.059999,23.1,23859.0
2026-01-16T10:25:00-05:00,23.07,23.105,22.67,22.7299,97835.0
2026-01-16T10:30:00-05:00,22.705,22.72,22.4701,22.57,68876.0
2026-01-16T10:35:00-05:00,22.58,22.67,22.5,22.605,89896.0
2026-01-16T10:40:00-05:00,22.635,22.635,22.45,22.6,36118.0
2026-01-16T10:45:00-05:00,22.62,22.95,22.6,22.865,46284.0
2026-01-16T10:50:00-05:00,22.87,22.95,22.745,22.825,101096.0
2026-01-16T10:55:00-05:00,22.82,22.8364,22.63,22.63,24765.0
2026-01-16T11:00:00-05:00,22.64,22.74,22.64,22.735,25064.0
2026-01-16T11:05:00-05:00,22.735,22.8083,22.7,22.71,18891.0
2026-01-16T11:10:00-05:00,22.72,22.77,22.66,22.68,55511.0
2026-01-16T11:15:00-05:00,22.68,22.74,22.6,22.66,33471.0
2026-01-16T11:20:00-05:00,22.68,22.7799,22.675,22.7,20092.0
2026-01-16T11:25:00-05:00,22.68,22.74,22.655,22.685,25435.0
2026-01-16T11:30:00-05:00,22.68,22.76,22.67,22.75,26884.0
2026-01-16T11:35:00-05:00,22.765,22.91,22.765,22.87,69623.0
2026-01-16T11:40:00-05:00,22.87,22.89,22.8,22.8,24373.0
2026-01-16T11:45:00-05:00,22.78,22.8,22.73,22.735,23376.0
2026-01-16T11:50:00-05:00,22.7499,22.84,22.68,22.81,62487.0
2026-01-16T11:55:00-05:00,22.82,22.9,22.77,22.79,45438.0
2026-01-16T12:00:00-05:00,22.7806,22.788,22.73,22.7538,11107.0
2026-01-16T12:05:00-05:00,22.77,22.81,22.73,22.8099,15143.0
2026-01-16T12:10:00-05:00,22.8,22.83,22.78,22.78,19595.0
2026-01-16T12:15:00-05:00,22.79,22.8,22.73,22.7395,25696.0
2026-01-16T12:20:00-05:00,22.73,22.755,22.675,22.731,26674.0
2026-01-16T12:25:00-05:00,22.73,22.74,22.7,22.71,27998.0
2026-01-16T12:30:00-05:00,22.73,22.7417,22.71,22.725,5176.0
2026-01-16T12:35:00-05:00,22.7325,22.805,22.7,22.765,21398.0
2026-01-16T12:40:00-05:00,22.77,22.78,22.72,22.72,13487.0
2026-01-16T12:45:00-05:00,22.725,22.81,22.71,22.81,33325.0
2026-01-16T12:50:00-05:00,22.8,22.88,22.73,22.875,36880.0
2026-01-16T12:55:00-05:00,22.89,22.92,22.835,22.85,9329.0
2026-01-16T13:00:00-05:00,22.8355,22.89,22.8,22.89,22463.0
2026-01-16T13:05:00-05:00,22.89,22.91,22.86,22.91,14933.0
2026-01-16T13:10:00-05:00,22.892,22.9,22.82,22.83,12687.0
2026-01-16T13:15:00-05:00,22.83,22.85,22.795,22.85,9950.0
2026-01-16T13:20:00-05:00,22.86,23.049999,22.86,23.030001,20887.0
2026-01-16T13:25:00-05:00,23.030001,23.030001,22.96,22.98,14279.0
2026-01-16T13:30:00-05:00,22.98,23.030001,22.95,23.01,13795.0
2026-01-16T13:35:00-05:00,23.01,23.02,22.98,22.99,9669.0
2026-01-16T13:40:00-05:00,22.98,22.99,22.93,22.9701,16444.0
2026-01-16T13:45:00-05:00,22.99,22.99,22.89,22.91,841000.0
2026-01-16T13:50:00-05:00,22.91,22.92,22.88,22.88,15062.0
2026-01-16T13:55:00-05:00,22.8728,22.885,22.84,22.88,13403.0
2026-01-16T14:00:00-05:00,22.88,22.91,22.87,22.91,13827.0
2026-01-16T14:05:00-05:00,22.9175,22.975,22.88,22.88,19683.0
2026-01-16T14:10:00-05:00,22.87,22.88,22.84,22.87,10093.0
2026-01-16T14:15:00-05:00,22.87,22.88,22.76,22.78,34614.0
2026-01-16T14:20:00-05:00,22.78,22.84,22.76,22.76,57445.0
2026-01-16T14:25:00-05:00,22.76,22.79,22.73,22.774,11845.0
2026-01-16T14:30:00-05:00,22.8,22.83,22.76,22.81,12246.0
2026-01-16T14:35:00-05:00,22.82,22.935,22.82,22.8854,13513.0
2026-01-16T14:40:00-05:00,22.8999,22.91,22.85,22.86,12266.0
2026-01-16T14:45:00-05:00,22.86,22.87,22.82,22.84,16696.0
2026-01-16T14:50:00-05:00,22.835,22.86,22.82,22.86,18919.0
2026-01-16T14:55:00-05:00,22.87,22.88,22.8,22.8,17037.0
2026-01-16T15:00:00-05:00,22.805,22.805,22.74,22.78,21379.0
2026-01-16T15:05:00-05:00,22.78,22.85,22.775,22.8499,13344.0
2026-01-16T15:10:00-05:00,22.84,22.86,22.805,22.86,16703.0
2026-01-16T15:15:00-05:00,22.845,22.855,22.785,22.83,21586.0
2026-01-16T15:20:00-05:00,22.84,22.86,22.82,22.85,15164.0
2026-01-16T15:25:00-05:00,22.84,22.86,22.82,22.85,21749.0
2026-01-16T15:30:00-05:00,22.84,22.845,22.77,22.81,21539.0
2026-01-16T15:35:00-05:00,22.81,22.83,22.785,22.785,18729.0
2026-01-16T15:40:00-05:00,22.8,22.81,22.74,22.76,65050.0
2026-01-16T15:45:00-05:00,22.75,22.75,22.69,22.7182,56993.0
2026-01-16T15:50:00-05:00,22.715,22.78,22.695,22.775,68813.0
2026-01-16T15:55:00-05:00,22.77,22.89,22.77,22.88,133540.0
2026-01-20T09:30:00-05:00,23.44,24.26,23.35,23.96,259321.0
2026-01-20T09:35:00-05:00,23.955,24.059999,23.78,23.963,47336.0
2026-01-20T09:40:00-05:00,23.95,24.040001,23.84,23.93,61424.0
2026-01-20T09:45:00-05:00,23.93,24.030001,23.82,23.895,45661.0
2026-01-20T09:50:00-05:00,23.902,24.045,23.82,24.028,38244.0
2026-01-20T09:55:00-05:00,24.01,24.2175,24.0049992,24.2,52307.0
2026-01-20T10:00:00-05:00,24.185,24.43,24.17,24.43,132331.0
2026-01-20T10:05:00-05:00,24.42,24.55,24.1,24.42,137923.0
2026-01-20T10:10:00-05:00,24.438,24.65,24.38,24.57,95575.0
2026-01-20T10:15:00-05:00,24.575,24.58,24.28,24.33,51795.0
2026-01-20T10:20:00-05:00,24.32,24.47,24.23,24.2692,47034.0
2026-01-20T10:25:00-05:00,24.235,24.305,24.145,24.28,38481.0
2026-01-20T10:30:00-05:00,24.27,24.53,24.24,24.4856,51079.0
2026-01-20T10:35:00-05:00,24.48,24.5,24.23,24.26,33302.0
2026-01-20T10:40:00-05:00,24.27,24.3654,24.2675,24.33,28309.0
2026-01-20T10:45:00-05:00,24.33,24.46,24.33,24.43,34152.0
2026-01-20T10:50:00-05:00,24.43,24.44,24.21,24.26,23180.0
2026-01-20T10:55:00-05:00,24.25,24.35,24.2,24.34,30226.0
2026-01-20T11:00:00-05:00,24.36,24.41,24.08,24.2,113568.0
2026-01-20T11:05:00-05:00,24.23,24.2799,24.1,24.245,32552.0
2026-01-20T11:10:00-05:00,24.27,24.43,24.2601,24.365,33360.0
2026-01-20T11:15:00-05:00,24.38,24.4,24.27,24.27,15837.0
2026-01-20T11:20:00-05:00,24.24,24.28,24.14,24.16,20194.0
2026-01-20T11:25:00-05:00,24.15,24.255,24.14,24.1963,22472.0
2026-01-20T11:30:00-05:00,24.19,24.34,24.19,24.29,17108.0
2026-01-20T11:35:00-05:00,24.275,24.32,24.25,24.32,15739.0
2026-01-20T11:40:00-05:00,24.33,24.37,24.25,24.28,24321.0
2026-01-20T11:45:00-05:00,24.28,24.31,24.235,24.31,8914.0
2026-01-20T11:50:00-05:00,24.3,24.3,24.21,24.2682,13817.0
2026-01-20T11:55:00-05:00,24.28,24.38,24.28,24.36,18767.0
2026-01-20T12:00:00-05:00,24.36,24.36,24.1901,24.23,11032.0
2026-01-20T12:05:00-05:00,24.24,24.24,24.1784,24.195,8470.0
2026-01-20T12:10:00-05:00,24.17,24.29,24.1586,24.29,9437.0
2026-01-20T12:15:00-05:00,24.29,24.29,24.2,24.2,11437.0
2026-01-20T12:20:00-05:00,24.2,24.25,24.15,24.23,27213.0
2026-01-20T12:25:00-05:00,24.21,24.255,24.21,24.24,7371.0
2026-01-20T12:30:00-05:00,24.24,24.26,24.1675,24.2096,9932.0
2026-01-20T12:35:00-05:00,24.195,24.245,24.18,24.19,19023.0
2026-01-20T12:40:00-05:00,24.19,24.2,24.1,24.17,48766.0
2026-01-20T12:45:00-05:00,24.16,24.16,23.935,24.08,86401.0
2026-01-20T12:50:00-05:00,24.09,24.18,24.09,24.16,16781.0
2026-01-20T12:55:00-05:00,24.16,24.22,24.15,24.19,20075.0
2026-01-20T13:00:00-05:00,24.18,24.23,24.18,24.225,23361.0
2026-01-20T13:05:00-05:00,24.23,24.26,24.21,24.25,46049.0
2026-01-20T13:10:00-05:00,24.25,24.305,24.2467,24.2525,12865.0
2026-01-20T13:15:00-05:00,24.27,24.3563,24.27,24.315,24514.0
2026-01-20T13:20:00-05:00,24.31,24.31,24.21,24.2199,10864.0
2026-01-20T13:25:00-05:00,24.2,24.22,24.17,24.22,11606.0
2026-01-20T13:30:00-05:00,24.2,24.25,24.2,24.22,8154.0
2026-01-20T13:35:00-05:00,24.22,24.27,24.19,24.22,13062.0
2026-01-20T13:40:00-05:00,24.22,24.23,24.13,24.13,11873.0
2026-01-20T13:45:00-05:00,24.14,24.17,24.1077,24.155,19829.0
2026-01-20T13:50:00-05:00,24.13,24.16,24.055,24.07,43654.0
2026-01-20T13:55:00-05:00,24.049999,24.12,24.02,24.059999,25035.0
2026-01-20T14:00:00-05:00,24.059999,24.11,24.045,24.11,28459.0
2026-01-20T14:05:00-05:00,24.11,24.13,24.040001,24.049999,66378.0
2026-01-20T14:10:00-05:00,24.059999,24.1,24.055,24.094999,15506.0
2026-01-20T14:15:00-05:00,24.09,24.17,24.07,24.17,11957.0
2026-01-20T14:20:00-05:00,24.175,24.175,24.11,24.13,7655.0
2026-01-20T14:25:00-05:00,24.12,24.12,24.049999,24.075001,7990.0
2026-01-20T14:30:00-05:00,24.08,24.094999,23.95,23.99,57665.0
2026-01-20T14:35:00-05:00,23.9901,24.1,23.99,24.1,11066.0
2026-01-20T14:40:00-05:00,24.1,24.1484,24.094999,24.115,14841.0
2026-01-20T14:45:00-05:00,24.12,24.195,24.1,24.195,12563.0
2026-01-20T14:50:00-05:00,24.195,24.3,24.19,24.25,20036.0
2026-01-20T14:55:00-05:00,24.255,24.255,24.19,24.22,24020.0
2026-01-20T15:00:00-05:00,24.21,24.21,24.14,24.17,29383.0
2026-01-20T15:05:00-05:00,24.16,24.16,24.062,24.12,38370.0
2026-01-20T15:10:00-05:00,24.12,24.2,24.12,24.17,15970.0
2026-01-20T15:15:00-05:00,24.175,24.185,24.08,24.135,32475.0
2026-01-20T15:20:00-05:00,24.129,24.165,24.09,24.14,55316.0
2026-01-20T15:25:00-05:00,24.14,24.165,24.11,24.16,25697.0
2026-01-20T15:30:00-05:00,24.15,24.245,24.145,24.22,21797.0
2026-01-20T15:35:00-05:00,24.2,24.22,24.18,24.19,18738.0
2026-01-20T15:40:00-05:00,24.19,24.29,24.155,24.285,45398.0
2026-01-20T15:45:00-05:00,24.29,24.32,24.265,24.29,35563.0
2026-01-20T15:50:00-05:00,24.26,24.395,24.25,24.345,58788.0
2026-01-20T15:55:00-05:00,24.345,24.45,24.34,24.42,164514.0
2026-01-21T09:30:00-05:00,24.9,25.18,24.3587,24.535,173087.0
2026-01-21T09:35:00-05:00,24.535,24.66,24.4,24.6355,94455.0
2026-01-21T09:40:00-05:00,24.628,24.65,24.4532,24.46,84435.0
2026-01-21T09:45:00-05:00,24.44,24.49,24.273,24.295,37113.0
2026-01-21T09:50:00-05:00,24.29,24.345,24.16,24.225,49020.0
2026-01-21T09:55:00-05:00,24.2371,24.36,24.19,24.2351,28088.0
2026-01-21T10:00:00-05:00,24.22,24.43,24.21,24.41,33265.0
2026-01-21T10:05:00-05:00,24.4,24.5,24.39,24.4299,22602.0
2026-01-21T10:10:00-05:00,24.39,24.4,24.24,24.33,20510.0
2026-01-21T10:15:00-05:00,24.34,24.3678,23.98,24.059999,84114.0
2026-01-21T10:20:00-05:00,24.059999,24.09,23.81,23.8191,79511.0
2026-01-21T10:25:00-05:00,23.81,23.84,23.63,23.64,107437.0
2026-01-21T10:30:00-05:00,23.64,23.73,23.605,23.675,107646.0
2026-01-21T10:35:00-05:00,23.66,23.66,23.53,23.55,68576.0
2026-01-21T10:40:00-05:00,23.575,23.69,23.575,23.67,30350.0
2026-01-21T10:45:00-05:00,23.67,23.74,23.65,23.74,31107.0
2026-01-21T10:50:00-05:00,23.74,23.82,23.689,23.8,20695.0
2026-01-21T10:55:00-05:00,23.79,23.83,23.76,23.77,17574.0
2026-01-21T11:00:00-05:00,23.765,23.86,23.765,23.79,32017.0
2026-01-21T11:05:00-05:00,23.805,23.85,23.8,23.82,12569.0
2026-01-21T11:10:00-05:00,23.82,23.82,23.73,23.81,8269.0
2026-01-21T11:15:00-05:00,23.82,23.88,23.72,23.725,19964.0
2026-01-21T11:20:00-05:00,23.71,23.74,23.7,23.71,8259.0
2026-01-21T11:25:00-05:00,23.7,23.78,23.665,23.74,11760.0
2026-01-21T11:30:00-05:00,23.76,23.845,23.75,23.825,12461.0
2026-01-21T11:35:00-05:00,23.845,23.861,23.76,23.78,10667.0
2026-01-21T11:40:00-05:00,23.8,23.86,23.68,23.68,20464.0
2026-01-21T11:45:00-05:00,23.66,23.755,23.66,23.75,24042.0
2026-01-21T11:50:00-05:00,23.722,23.74,23.6,23.67,487369.0
2026-01-21T11:55:00-05:00,23.65,23.67,23.6,23.63,19252.0
2026-01-21T12:00:00-05:00,23.62,23.81,23.61,23.81,56159.0
2026-01-21T12:05:00-05:00,23.82,23.85,23.78,23.83,45604.0
2026-01-21T12:10:00-05:00,23.8307,23.855,23.73,23.75,97344.0
2026-01-21T12:15:00-05:00,23.72,23.865,23.71,23.8001,20644.0
2026-01-21T12:20:00-05:00,23.78,23.845,23.75,23.79,21833.0
2026-01-21T12:25:00-05:00,23.78,23.78,23.69,23.71,8712.0
2026-01-21T12:30:00-05:00,23.7,23.7,23.43,23.46,55224.0
2026-01-21T12:35:00-05:00,23.48,23.57,23.48,23.53,28236.0
2026-01-21T12:40:00-05:00,23.545,23.6,23.53,23.555,8936.0
2026-01-21T12:45:00-05:00,23.54,23.61,23.54,23.575,19754.0
2026-01-21T12:50:00-05:00,23.58,23.72,23.58,23.7,21242.0
2026-01-21T12:55:00-05:00,23.69,23.72,23.65,23.72,20819.0
2026-01-21T13:00:00-05:00,23.72,23.74,23.53,23.54,19915.0
2026-01-21T13:05:00-05:00,23.55,23.59,23.51,23.515,17415.0
2026-01-21T13:10:00-05:00,23.52,23.54,23.41,23.41,20834.0
2026-01-21T13:15:00-05:00,23.405,23.415,23.36,23.38,24994.0
2026-01-21T13:20:00-05:00,23.38,23.5,23.36,23.48,27101.0
2026-01-21T13:25:00-05:00,23.48,23.6065,23.48,23.6065,11109.0
2026-01-21T13:30:00-05:00,23.61,23.64,23.57,23.57,14318.0
2026-01-21T13:35:00-05:00,23.57,23.59,23.52,23.56,7307.0
2026-01-21T13:40:00-05:00,23.569,23.58,23.5,23.54,8741.0
2026-01-21T13:45:00-05:00,23.52,23.58,23.5,23.55,10551.0
2026-01-21T13:50:00-05:00,23.57,23.59,23.52,23.5508,13806.0
2026-01-21T13:55:00-05:00,23.565,23.62,23.54,23.617,10488.0
2026-01-21T14:00:00-05:00,23.6159,23.63,23.555,23.56,16636.0
2026-01-21T14:05:00-05:00,23.56,23.605,23.53,23.59,12324.0
2026-01-21T14:10:00-05:00,23.59,23.595,23.56,23.575,11404.0
2026-01-21T14:15:00-05:00,23.57,23.59,23.55,23.59,8450.0
2026-01-21T14:20:00-05:00,23.57,23.66,23.57,23.651,6449.0
2026-01-21T14:25:00-05:00,23.65,23.68,23.07,23.17,149545.0
2026-01-21T14:30:00-05:00,23.19,23.38,23.14,23.33,833021.0
2026-01-21T14:35:00-05:00,23.32,23.32,23.030001,23.08,60249.0
2026-01-21T14:40:00-05:00,23.105,23.23,23.075001,23.19,49673.0
2026-01-21T14:45:00-05:00,23.17,23.29,23.08,23.22,75321.0
2026-01-21T14:50:00-05:00,23.22,23.235,22.97,23.049999,40942.0
2026-01-21T14:55:00-05:00,23.030001,23.16,22.96,23.14,59848.0
2026-01-21T15:00:00-05:00,23.11,23.14,23.0,23.025,28854.0
2026-01-21T15:05:00-05:00,23.0,23.09,22.96,23.02,22208.0
2026-01-21T15:10:00-05:00,23.025,23.09,22.97,23.065001,19927.0
2026-01-21T15:15:00-05:00,23.08,23.11,22.97,23.014999,27082.0
2026-01-21T15:20:00-05:00,23.030001,23.1,23.01,23.07,26192.0
2026-01-21T15:25:00-05:00,23.059999,23.13,23.045,23.08,31527.0
2026-01-21T15:30:00-05:00,23.030001,23.15,23.014999,23.07,33018.0
2026-01-21T15:35:00-05:00,23.094999,23.11,23.030001,23.049999,34162.0
2026-01-21T15:40:00-05:00,23.07,23.14,23.040001,23.13,27076.0
2026-01-21T15:45:00-05:00,23.13,23.14,23.059999,23.059999,31417.0
2026-01-21T15:50:00-05:00,23.07,23.19,23.059999,23.18,69449.0
2026-01-21T15:55:00-05:00,23.18,23.18,23.1,23.14,155941.0
2026-01-22T09:30:00-05:00,23.68,24.84,23.65,24.84,299631.0
2026-01-22T09:35:00-05:00,24.84,25.2,24.77,25.065001,188461.0
2026-01-22T09:40:00-05:00,25.059999,25.09,24.87,24.97,140634.0
2026-01-22T09:45:00-05:00,24.945,24.945,24.72,24.87,135872.0
2026-01-22T09:50:00-05:00,24.88,25.014999,24.835,24.993,37658.0
2026-01-22T09:55:00-05:00,25.01,25.030001,24.67,24.67,52718.0
2026-01-22T10:00:00-05:00,24.75,24.94,24.695,24.925,142370.0
2026-01-22T10:05:00-05:00,24.95,25.040001,24.81,24.88,64184.0
2026-01-22T10:10:00-05:00,24.92,25.049999,24.92,24.98,88870.0
2026-01-22T10:15:00-05:00,24.97,25.29,24.96,25.22,91849.0
2026-01-22T10:20:00-05:00,25.24,25.44,25.2351,25.2501,66460.0
2026-01-22T10:25:00-05:00,25.25,25.536,25.25,25.51,54520.0
2026-01-22T10:30:00-05:00,25.51,25.57,25.45,25.45,98175.0
2026-01-22T10:35:00-05:00,25.46,25.55,25.4,25.49,43166.0
2026-01-22T10:40:00-05:00,25.48,25.48,25.28,25.4,27588.0
2026-01-22T10:45:00-05:00,25.42,25.43,25.31,25.35,44093.0
2026-01-22T10:50:00-05:00,25.36,25.43,25.25,25.255,42921.0
2026-01-22T10:55:00-05:00,25.255,25.295,25.1323,25.295,722793.0
2026-01-22T11:00:00-05:00,25.31,25.35,25.18,25.18,29482.0
2026-01-22T11:05:00-05:00,25.18,25.43,25.18,25.38,44319.0
2026-01-22T11:10:00-05:00,25.3701,25.49,25.3609,25.49,29296.0
2026-01-22T11:15:00-05:00,25.49,25.5,25.355,25.48,22895.0
2026-01-22T11:20:00-05:00,25.485,25.61,25.47,25.61,38614.0
2026-01-22T11:25:00-05:00,25.6,25.6,25.45,25.46,23667.0
2026-01-22T11:30:00-05:00,25.45,25.5,25.44,25.48,22668.0
2026-01-22T11:35:00-05:00,25.46,25.53,25.43,25.49,20449.0
2026-01-22T11:40:00-05:00,25.48,25.505,25.4,25.45,19711.0
2026-01-22T11:45:00-05:00,25.45,25.5,25.45,25.48,14952.0
2026-01-22T11:50:00-05:00,25.49,25.57,25.49,25.525,21024.0
2026-01-22T11:55:00-05:00,25.525,25.55,25.46,25.55,10141.0
2026-01-22T12:00:00-05:00,25.52,25.58,25.4834,25.54,14760.0
2026-01-22T12:05:00-05:00,25.57,25.608,25.49,25.555,46068.0
2026-01-22T12:10:00-05:00,25.575,25.64,25.55,25.6084,17357.0
2026-01-22T12:15:00-05:00,25.61,25.6916,25.56,25.63,47100.0
2026-01-22T12:20:00-05:00,25.63,25.7,25.56,25.7,12851.0
2026-01-22T12:25:00-05:00,25.69,25.75,25.6428,25.67,13238.0
2026-01-22T12:30:00-05:00,25.68,25.795,25.65,25.785,29297.0
2026-01-22T12:35:00-05:00,25.7887,25.7999,25.71,25.715,13056.0
2026-01-22T12:40:00-05:00,25.705,26.02,25.705,26.01,88984.0
2026-01-22T12:45:00-05:00,26.01,26.02,25.87,25.9,42608.0
2026-01-22T12:50:00-05:00,25.9,26.02,25.9,26.0049992,48287.0
2026-01-22T12:55:00-05:00,26.0117,26.0588,25.94,25.955,78962.0
2026-01-22T13:00:00-05:00,25.97,26.040001,25.93,26.040001,27169.0
2026-01-22T13:05:00-05:00,26.030001,26.040001,25.89,25.8962,33139.0
2026-01-22T13:10:00-05:00,25.8962,26.059999,25.8962,25.9762,84818.0
2026-01-22T13:15:00-05:00,26.01,26.09,25.977,26.030001,31998.0
2026-01-22T13:20:00-05:00,26.040001,26.054899,25.88,25.9472,53185.0
2026-01-22T13:25:00-05:00,25.96,26.01,25.94,25.995,20866.0
2026-01-22T13:30:00-05:00,26.0,26.02,25.945,25.98,38096.0
2026-01-22T13:35:00-05:00,25.98,26.059999,25.975,26.014999,21638.0
2026-01-22T13:40:00-05:00,26.030001,26.049999,26.0,26.0366,34132.0
2026-01-22T13:45:00-05:00,26.040001,26.040001,25.95,26.030001,23463.0
2026-01-22T13:50:00-05:00,26.02,26.02,25.96,26.01,19526.0
2026-01-22T13:55:00-05:00,26.0,26.030001,25.9909,26.02,25631.0
2026-01-22T14:00:00-05:00,26.01,26.059999,26.0,26.040001,29125.0
2026-01-22T14:05:00-05:00,26.049999,26.049999,25.9646,25.9646,26002.0
2026-01-22T14:10:00-05:00,25.97,26.0,25.9247,25.99,32134.0
2026-01-22T14:15:00-05:00,26.0,26.02,25.9692,25.9968,21892.0
2026-01-22T14:20:00-05:00,25.995,26.0,25.89,25.94,25656.0
2026-01-22T14:25:00-05:00,25.9599,25.9801,25.845,25.94,35822.0
2026-01-22T14:30:00-05:00,25.95,25.95,25.851,25.9,20156.0
2026-01-22T14:35:00-05:00,25.9,25.91,25.758,25.765,34904.0
2026-01-22T14:40:00-05:00,25.77,25.79,25.72,25.75,27068.0
2026-01-22T14:45:00-05:00,25.72,25.74,25.65,25.69,22464.0
2026-01-22T14:50:00-05:00,25.68,25.84,25.65,25.73,28769.0
2026-01-22T14:55:00-05:00,25.725,25.75,25.575,25.735,32081.0
2026-01-22T15:00:00-05:00,25.72,25.79,25.65,25.76,39037.0
2026-01-22T15:05:00-05:00,25.76,25.84,25.75,25.81,1205260.0
2026-01-22T15:10:00-05:00,25.81,25.8291,25.75,25.82,26101.0
2026-01-22T15:15:00-05:00,25.8391,25.9555,25.839,25.9555,38099.0
2026-01-22T15:20:00-05:00,25.87,26.01,25.86,25.9916,40407.0
2026-01-22T15:25:00-05:00,25.99,26.049999,25.98,26.045,28806.0
2026-01-22T15:30:00-05:00,26.040001,26.045,25.9512,25.975,45779.0
2026-01-22T15:35:00-05:00,25.98,26.02,25.96,25.96,29646.0
2026-01-22T15:40:00-05:00,25.96,26.055,25.95,26.030001,49161.0
2026-01-22T15:45:00-05:00,26.02,26.059999,25.97,25.97,89689.0
2026-01-22T15:50:00-05:00,25.975,26.059999,25.97,26.030001,1389691.0
2026-01-22T15:55:00-05:00,26.030001,26.1,25.965,25.98,251750.0
2026-01-23T09:30:00-05:00,26.26,26.26,25.78,25.8839,182195.0
2026-01-23T09:35:00-05:00,25.91,26.09,25.825,26.02,52194.0
2026-01-23T09:40:00-05:00,26.040001,26.415,26.040001,26.345,162229.0
2026-01-23T09:45:00-05:00,26.345,26.59,26.315,26.58,118423.0
2026-01-23T09:50:00-05:00,26.56,26.86,26.54,26.59,202900.0
2026-01-23T09:55:00-05:00,26.59,26.63,26.205,26.205,78573.0
2026-01-23T10:00:00-05:00,26.225,26.31,26.15,26.21,69909.0
2026-01-23T10:05:00-05:00,26.21,26.28,26.152,26.26,66723.0
2026-01-23T10:10:00-05:00,26.25,26.28,26.09,26.09,49055.0
2026-01-23T10:15:00-05:00,26.1,26.17,25.95,26.12,72004.0
2026-01-23T10:20:00-05:00,26.13,26.13,26.01,26.08,23147.0
2026-01-23T10:25:00-05:00,26.075001,26.1197,26.030001,26.040001,39006.0
2026-01-23T10:30:00-05:00,26.039801,26.1699,25.95,25.98,29684.0
2026-01-23T10:35:00-05:00,25.96,25.97,25.84,25.91,65103.0
2026-01-23T10:40:00-05:00,25.88,25.96,25.8501,25.94,44116.0
2026-01-23T10:45:00-05:00,25.935,26.040001,25.89,26.035,61853.0
2026-01-23T10:50:00-05:00,26.030001,26.030001,25.87,25.95,69599.0
2026-01-23T10:55:00-05:00,25.96,26.07,25.915,25.93,57272.0
2026-01-23T11:00:00-05:00,25.95,26.01,25.92,25.99,17870.0
2026-01-23T11:05:00-05:00,25.99,26.09,25.95,26.09,13788.0
2026-01-23T11:10:00-05:00,26.084999,26.09,25.9132,25.96,30183.0
2026-01-23T11:15:00-05:00,25.955,26.0198,25.88,25.93,23576.0
2026-01-23T11:20:00-05:00,25.92,26.0,25.86,25.98,23271.0
2026-01-23T11:25:00-05:00,25.99,26.059999,25.94,26.0025997,28891.0
2026-01-23T11:30:00-05:00,26.0,26.059999,25.9999,26.030001,32221.0
2026-01-23T11:35:00-05:00,26.030001,26.048,25.97,25.97,33519.0
2026-01-23T11:40:00-05:00,25.98,26.0,25.9091,25.985,34451.0
2026-01-23T11:45:00-05:00,25.97,25.97,25.7607,25.82,32069.0
2026-01-23T11:50:00-05:00,25.825,25.84,25.77,25.8,39181.0
2026-01-23T11:55:00-05:00,25.82,25.82,25.72,25.77,23960.0
2026-01-23T12:00:00-05:00,25.78,25.8,25.745,25.78,18530.0
2026-01-23T12:05:00-05:00,25.77,25.81,25.75,25.75,9103.0
2026-01-23T12:10:00-05:00,25.73,25.81,25.73,25.78,30124.0
2026-01-23T12:15:00-05:00,25.78,25.791,25.751,25.78,36101.0
2026-01-23T12:20:00-05:00,25.7811,25.7811,25.73,25.735,16820.0
2026-01-23T12:25:00-05:00,25.76,25.7642,25.73,25.7642,9125.0
2026-01-23T12:30:00-05:00,25.7501,25.775,25.74,25.74,10737.0
2026-01-23T12:35:00-05:00,25.73,25.74,25.685,25.695,11899.0
2026-01-23T12:40:00-05:00,25.7,25.71,25.63,25.63,20101.0
2026-01-23T12:45:00-05:00,25.645,25.69,25.62,25.69,16538.0
2026-01-23T12:50:00-05:00,25.69,25.69,25.6,25.6201,16265.0
2026-01-23T12:55:00-05:00,25.62,25.625,25.46,25.51,46688.0
2026-01-23T13:00:00-05:00,25.55,25.665,25.55,25.665,11900.0
2026-01-23T13:05:00-05:00,25.66,25.69,25.5997,25.665,15109.0
2026-01-23T13:10:00-05:00,25.67,25.68,25.59,25.59,9622.0
2026-01-23T13:15:00-05:00,25.6,25.66,25.57,25.625,7396.0
2026-01-23T13:20:00-05:00,25.625,25.6775,25.615,25.65,12081.0
2026-01-23T13:25:00-05:00,25.66,25.7,25.65,25.65,15394.0
2026-01-23T13:30:00-05:00,25.64,25.665,25.5502,25.58,12994.0
2026-01-23T13:35:00-05:00,25.59,25.62,25.57,25.57,8837.0
2026-01-23T13:40:00-05:00,25.58,25.58,25.53,25.55,14334.0
2026-01-23T13:45:00-05:00,25.55,25.56,25.48,25.495,11023.0
2026-01-23T13:50:00-05:00,25.5,25.615,25.5,25.59,25327.0
2026-01-23T13:55:00-05:00,25.63,25.6781,25.63,25.6781,11483.0
2026-01-23T14:00:00-05:00,25.67,25.8,25.66,25.77,35325.0
2026-01-23T14:05:00-05:00,25.78,25.83,25.73,25.82,14996.0
2026-01-23T14:10:00-05:00,25.8,25.83,25.79,25.82,13079.0
2026-01-23T14:15:00-05:00,25.82,25.895,25.78,25.8602,28659.0
2026-01-23T14:20:00-05:00,25.875,25.895,25.87,25.89,20655.0
2026-01-23T14:25:00-05:00,25.9,25.9,25.86,25.89,18268.0
2026-01-23T14:30:00-05:00,25.885,25.9398,25.87,25.9,36314.0
2026-01-23T14:35:00-05:00,25.895,25.91,25.85,25.85,847236.0
2026-01-23T14:40:00-05:00,25.85,25.93,25.85,25.92,15931.0
2026-01-23T14:45:00-05:00,25.92,25.97,25.9,25.94,14334.0
2026-01-23T14:50:00-05:00,25.9417,26.11,25.9417,26.07,39753.0
2026-01-23T14:55:00-05:00,26.07,26.079901,26.025,26.07,27759.0
2026-01-23T15:00:00-05:00,26.09,26.1,25.93,26.019199,40972.0
2026-01-23T15:05:00-05:00,26.014999,26.065001,25.99,26.065001,937929.0
2026-01-23T15:10:00-05:00,26.07,26.08,25.97,26.049999,49455.0
2026-01-23T15:15:00-05:00,26.040001,26.065001,26.014999,26.040001,74247.0
2026-01-23T15:20:00-05:00,26.035,26.1,26.02,26.059999,45721.0
2026-01-23T15:25:00-05:00,26.049999,26.08,26.0,26.030001,54472.0
2026-01-23T15:30:00-05:00,26.02,26.02,25.82,26.0,92252.0
2026-01-23T15:35:00-05:00,25.995,26.049999,25.99,26.049999,51408.0
2026-01-23T15:40:00-05:00,26.049999,26.1,26.045,26.09,88451.0
2026-01-23T15:45:00-05:00,26.1,26.145,26.049999,26.065001,65686.0
2026-01-23T15:50:00-05:00,26.059999,26.19,26.030001,26.17,142143.0
2026-01-23T15:55:00-05:00,26.18,26.27,26.17,26.255,290584.0
2026-01-26T09:30:00-05:00,27.905,27.905,27.25,27.47,303282.0
2026-01-26T09:35:00-05:00,27.5,27.655,27.41,27.44,86445.0
2026-01-26T09:40:00-05:00,27.4722,27.5699,27.39,27.41,65042.0
2026-01-26T09:45:00-05:00,27.39,27.5447,27.32,27.41,108745.0
2026-01-26T09:50:00-05:00,27.42,27.6599,27.41,27.63,130259.0
2026-01-26T09:55:00-05:00,27.63,27.72,27.5,27.55,150206.0
2026-01-26T10:00:00-05:00,27.55,27.715,27.54,27.61,140191.0
2026-01-26T10:05:00-05:00,27.5985,27.9193,27.54,27.83,272815.0
2026-01-26T10:10:00-05:00,27.838,27.94,27.72,27.875,107256.0
2026-01-26T10:15:00-05:00,27.87,27.9,27.75,27.78,136028.0
2026-01-26T10:20:00-05:00,27.775,27.84,27.61,27.728,73754.0
2026-01-26T10:25:00-05:00,27.75,27.96,27.72,27.72,138821.0
2026-01-26T10:30:00-05:00,27.7,27.74,27.4,27.49,551889.0
2026-01-26T10:35:00-05:00,27.46,27.72,27.35,27.5,282537.0
2026-01-26T10:40:00-05:00,27.505,27.545,27.3,27.385,57450.0
2026-01-26T10:45:00-05:00,27.41,27.6,27.39,27.405,110119.0
2026-01-26T10:50:00-05:00,27.42,27.45,27.32,27.44,17354.0
2026-01-26T10:55:00-05:00,27.44,27.69,27.4,27.635,70172.0
2026-01-26T11:00:00-05:00,27.635,27.98,27.5875,27.97,51281.0
2026-01-26T11:05:00-05:00,27.96,27.96,27.732,27.775,40660.0
2026-01-26T11:10:00-05:00,27.78,27.82,27.74,27.79,36163.0
2026-01-26T11:15:00-05:00,27.7862,27.89,27.72,27.75,47371.0
2026-01-26T11:20:00-05:00,27.76,27.835,27.6992,27.8,29555.0
2026-01-26T11:25:00-05:00,27.81,27.9033,27.6163,27.755,95859.0
2026-01-26T11:30:00-05:00,27.73,27.76,27.49,27.55,42306.0
2026-01-26T11:35:00-05:00,27.55,27.61,27.43,27.48,31652.0
2026-01-26T11:40:00-05:00,27.49,27.62,27.47,27.47,27333.0
2026-01-26T11:45:00-05:00,27.47,27.69,27.47,27.66,21052.0
2026-01-26T11:50:00-05:00,27.665,27.76,27.63,27.7399,34400.0
2026-01-26T11:55:00-05:00,27.72,27.92,27.71,27.89,27476.0
2026-01-26T12:00:00-05:00,27.9,27.99,27.86,27.94,49318.0
2026-01-26T12:05:00-05:00,27.95,27.99,27.83,27.895,70068.0
2026-01-26T12:10:00-05:00,27.895,28.040001,27.862,28.014999,63611.0
2026-01-26T12:15:00-05:00,28.02,28.07,27.9996,28.030001,63429.0
2026-01-26T12:20:00-05:00,28.030001,28.09,27.9626,27.9626,24862.0
2026-01-26T12:25:00-05:00,27.945,28.01,27.9,27.98,22079.0
2026-01-26T12:30:00-05:00,27.98,28.01,27.91,27.98,876510.0
2026-01-26T12:35:00-05:00,27.9792,27.98,27.92,27.965,18520.0
2026-01-26T12:40:00-05:00,27.98,28.07,27.98,28.02,26128.0
2026-01-26T12:45:00-05:00,28.040001,28.049999,27.885,27.9,39703.0
2026-01-26T12:50:00-05:00,27.89,27.9,27.8,27.8065,20443.0
2026-01-26T12:55:00-05:00,27.805,27.805,27.68,27.7351,43106.0
2026-01-26T13:00:00-05:00,27.68,27.73,27.63,27.67,33588.0
2026-01-26T13:05:00-05:00,27.6799,27.6799,27.52,27.55,49859.0
2026-01-26T13:10:00-05:00,27.56,27.5654,27.455,27.49,23219.0
2026-01-26T13:15:00-05:00,27.48,27.71,27.445,27.61,21817.0
2026-01-26T13:20:00-05:00,27.6,27.76,27.56,27.705,54101.0
2026-01-26T13:25:00-05:00,27.7,27.705,27.57,27.605,36118.0
2026-01-26T13:30:00-05:00,27.605,27.61,27.47,27.55,69657.0
2026-01-26T13:35:00-05:00,27.545,27.63,27.425,27.5,81338.0
2026-01-26T13:40:00-05:00,27.51,27.66,27.51,27.631,51643.0
2026-01-26T13:45:00-05:00,27.61,27.84,27.61,27.81,35799.0
2026-01-26T13:50:00-05:00,27.835,27.8699,27.72,27.8235,30979.0
2026-01-26T13:55:00-05:00,27.8325,27.8325,27.655,27.66,18888.0
2026-01-26T14:00:00-05:00,27.63,27.67,27.4,27.51,222769.0
2026-01-26T14:05:00-05:00,27.525,27.67,27.46,27.555,43692.0
2026-01-26T14:10:00-05:00,27.53,27.62,27.48,27.55,39853.0
2026-01-26T14:15:00-05:00,27.53,27.53,27.315,27.38,329009.0
2026-01-26T14:20:00-05:00,27.36,27.45,27.3,27.35,1249526.0
2026-01-26T14:25:00-05:00,27.36,27.4725,27.3,27.4,19449.0
2026-01-26T14:30:00-05:00,27.35,27.48,27.35,27.43,362655.0
2026-01-26T14:35:00-05:00,27.415,27.48,27.25,27.43,48242.0
2026-01-26T14:40:00-05:00,27.435,27.44,27.24,27.31,47560.0
2026-01-26T14:45:00-05:00,27.32,27.35,27.15,27.25,55234.0
2026-01-26T14:50:00-05:00,27.25,27.275,27.030001,27.125,1268566.0
2026-01-26T14:55:00-05:00,27.094999,27.23,27.094999,27.23,29207.0
2026-01-26T15:00:00-05:00,27.16,27.23,27.07,27.175,59417.0
2026-01-26T15:05:00-05:00,27.16,27.18,27.01,27.145,34580.0
2026-01-26T15:10:00-05:00,27.14,27.202,27.07,27.1476,53242.0
2026-01-26T15:15:00-05:00,27.15,27.21,27.08,27.13,24801.0
2026-01-26T15:20:00-05:00,27.11,27.15,26.99,27.11,86601.0
2026-01-26T15:25:00-05:00,27.11,27.16,27.01,27.115,35069.0
2026-01-26T15:30:00-05:00,27.13,27.21,27.1224,27.1399,46575.0
2026-01-26T15:35:00-05:00,27.13,27.15,26.95,27.08,43098.0
2026-01-26T15:40:00-05:00,27.059999,27.1,27.025,27.07,35684.0
2026-01-26T15:45:00-05:00,27.07,27.12,27.049999,27.064301,51456.0
2026-01-26T15:50:00-05:00,27.08,27.18,27.08,27.14,59733.0
2026-01-26T15:55:00-05:00,27.16,27.17,27.030001,27.059999,285200.0
2026-01-27T09:30:00-05:00,27.0,27.26,26.9311,27.225,130574.0
2026-01-27T09:35:00-05:00,27.25,27.33,27.13,27.13,84477.0
2026-01-27T09:40:00-05:00,27.12,27.45,27.12,27.33,107320.0
2026-01-27T09:45:00-05:00,27.315,27.37,26.98,26.98,27595.0
2026-01-27T09:50:00-05:00,26.98,26.99,26.76,26.8331,40054.0
2026-01-27T09:55:00-05:00,26.84,26.84,26.49,26.49,65586.0
2026-01-27T10:00:00-05:00,26.52,26.61,26.44,26.4616,51620.0
2026-01-27T10:05:00-05:00,26.451,26.55,26.451,26.46,32852.0
2026-01-27T10:10:00-05:00,26.4591,26.4591,26.059999,26.16,56008.0
2026-01-27T10:15:00-05:00,26.13,26.445,26.1187,26.36,37516.0
2026-01-27T10:20:00-05:00,26.34,26.35,26.049999,26.09,32664.0
2026-01-27T10:25:00-05:00,26.11,26.152,25.93,26.025,70671.0
2026-01-27T10:30:00-05:00,26.02,26.35,25.99,26.28,98445.0
2026-01-27T10:35:00-05:00,26.26,26.48,26.26,26.43,38895.0
2026-01-27T10:40:00-05:00,26.45,26.47,26.38,26.45,26691.0
2026-01-27T10:45:00-05:00,26.4547,26.735,26.4547,26.73,29288.0
2026-01-27T10:50:00-05:00,26.74,26.79,26.71,26.78,22371.0
2026-01-27T10:55:00-05:00,26.78,26.815,26.73,26.81,21213.0
2026-01-27T11:00:00-05:00,26.83,26.83,26.67,26.71,18616.0
2026-01-27T11:05:00-05:00,26.69,26.8,26.68,26.76,9670.0
2026-01-27T11:10:00-05:00,26.77,26.885,26.77,26.82,8160.0
2026-01-27T11:15:00-05:00,26.825,27.0,26.78,27.0,19097.0
2026-01-27T11:20:00-05:00,27.025,27.040001,26.85,26.86,16723.0
2026-01-27T11:25:00-05:00,26.8699,27.030001,26.8699,27.014999,19581.0
2026-01-27T11:30:00-05:00,27.0,27.025,26.9,27.01,76021.0
2026-01-27T11:35:00-05:00,27.02,27.09,26.99,27.0,18065.0
2026-01-27T11:40:00-05:00,27.0,27.1,26.97,27.059999,37404.0
2026-01-27T11:45:00-05:00,27.059999,27.08,27.040001,27.059999,17173.0
2026-01-27T11:50:00-05:00,27.049999,27.07,27.040001,27.059999,13135.0
2026-01-27T11:55:00-05:00,27.059999,27.089899,26.99,27.0408,426175.0
2026-01-27T12:00:00-05:00,27.040001,27.14,27.0301,27.13,24980.0
2026-01-27T12:05:00-05:00,27.135,27.17,26.97,27.0,70864.0
2026-01-27T12:10:00-05:00,27.030001,27.065001,26.99,27.065001,29185.0
2026-01-27T12:15:00-05:00,27.07,27.08,26.91,26.95,19685.0
2026-01-27T12:20:00-05:00,26.965,27.02,26.94,27.01,21595.0
2026-01-27T12:25:00-05:00,27.014999,27.12,26.995,27.08,10671.0
2026-01-27T12:30:00-05:00,27.060101,27.115,27.059999,27.059999,6598.0
2026-01-27T12:35:00-05:00,27.049999,27.105,27.035,27.08,26234.0
2026-01-27T12:40:00-05:00,27.08,27.12,27.049999,27.08,12877.0
2026-01-27T12:45:00-05:00,27.0784,27.17,27.0784,27.1,8286.0
2026-01-27T12:50:00-05:00,27.09,27.19,27.09,27.17,6517.0
2026-01-27T12:55:00-05:00,27.16,27.19,27.13,27.13,6636.0
2026-01-27T13:00:00-05:00,27.1,27.17,27.1,27.12,5026.0
2026-01-27T13:05:00-05:00,27.1,27.125,27.055,27.125,11709.0
2026-01-27T13:10:00-05:00,27.12,27.1891,27.12,27.12,4682.0
2026-01-27T13:15:00-05:00,27.13,27.15,27.049999,27.094999,11889.0
2026-01-27T13:20:00-05:00,27.09,27.09,27.01,27.065001,10330.0
2026-01-27T13:25:00-05:00,27.045,27.11,27.030001,27.09,6856.0
2026-01-27T13:30:00-05:00,27.1,27.14,27.08,27.11,9997.0
2026-01-27T13:35:00-05:00,27.1,27.14,27.084999,27.11,7339.0
2026-01-27T13:40:00-05:00,27.125,27.1701,27.11,27.14,21968.0
2026-01-27T13:45:00-05:00,27.16,27.295,27.16,27.2925,17588.0
2026-01-27T13:50:00-05:00,27.3,27.43,27.3,27.38,55132.0
2026-01-27T13:55:00-05:00,27.375,27.375,27.345,27.35,9816.0
2026-01-27T14:00:00-05:00,27.31,27.38,27.29,27.365,20494.0
2026-01-27T14:05:00-05:00,27.37,27.37,27.3156,27.36,13915.0
2026-01-27T14:10:00-05:00,27.35,27.43,27.33,27.37,17355.0
2026-01-27T14:15:00-05:00,27.36,27.49,27.36,27.48,26570.0
2026-01-27T14:20:00-05:00,27.48,27.52,27.46,27.52,24696.0
2026-01-27T14:25:00-05:00,27.54,27.5563,27.52,27.53,25740.0
2026-01-27T14:30:00-05:00,27.5201,27.589,27.51,27.54,19487.0
2026-01-27T14:35:00-05:00,27.561,27.6099,27.54,27.59,18983.0
2026-01-27T14:40:00-05:00,27.59,27.65,27.57,27.63,12343.0
2026-01-27T14:45:00-05:00,27.635,27.6975,27.62,27.6703,18280.0
2026-01-27T14:50:00-05:00,27.67,27.71,27.67,27.7,21648.0
2026-01-27T14:55:00-05:00,27.7,27.735,27.6511,27.71,34500.0
2026-01-27T15:00:00-05:00,27.7,27.84,27.7,27.83,22001.0
2026-01-27T15:05:00-05:00,27.82,27.955,27.79,27.86,54314.0
2026-01-27T15:10:00-05:00,27.855,28.030001,27.855,27.97,73030.0
2026-01-27T15:15:00-05:00,27.97,27.975,27.87,27.92,43543.0
2026-01-27T15:20:00-05:00,27.9,27.97,27.83,27.85,77208.0
2026-01-27T15:25:00-05:00,27.83,27.84,27.775,27.785,520361.0
2026-01-27T15:30:00-05:00,27.77,27.77,27.585,27.67,65431.0
2026-01-27T15:35:00-05:00,27.665,27.72,27.64,27.695,406503.0
2026-01-27T15:40:00-05:00,27.7,27.7588,27.63,27.68,26709.0
2026-01-27T15:45:00-05:00,27.69,27.85,27.69,27.77,39407.0
2026-01-27T15:50:00-05:00,27.78,27.83,27.72,27.81,47743.0
2026-01-27T15:55:00-05:00,27.81,27.94,27.8,27.94,237432.0
2026-01-28T09:30:00-05:00,28.23,28.35,27.74,27.88,119795.0
2026-01-28T09:35:00-05:00,27.85,28.18,27.85,28.18,53863.0
2026-01-28T09:40:00-05:00,28.194,28.26,28.13,28.14,24784.0
2026-01-28T09:45:00-05:00,28.13,28.25,28.1,28.15,36581.0
2026-01-28T09:50:00-05:00,28.16,28.235,27.99,27.99,22718.0
2026-01-28T09:55:00-05:00,27.95,28.08,27.92,28.08,36300.0
2026-01-28T10:00:00-05:00,28.09,28.205,28.09,28.16,42056.0
2026-01-28T10:05:00-05:00,28.1699,28.2,27.5,27.545,61042.0
2026-01-28T10:10:00-05:00,27.56,27.85,27.55,27.7061,34366.0
2026-01-28T10:15:00-05:00,27.75,27.8915,27.655,27.815,38789.0
2026-01-28T10:20:00-05:00,27.83,28.040001,27.83,27.95,14521.0
2026-01-28T10:25:00-05:00,27.94,27.94,27.6,27.72,41824.0
2026-01-28T10:30:00-05:00,27.74,27.83,27.7,27.7299,15381.0
2026-01-28T10:35:00-05:00,27.69,27.76,27.64,27.6527,12374.0
2026-01-28T10:40:00-05:00,27.67,27.77,27.67,27.74,8207.0
2026-01-28T10:45:00-05:00,27.72,27.775,27.63,27.67,12776.0
2026-01-28T10:50:00-05:00,27.715,27.715,27.6,27.7,9803.0
2026-01-28T10:55:00-05:00,27.72,27.8,27.55,27.57,14487.0
2026-01-28T11:00:00-05:00,27.56,27.65,27.56,27.65,11777.0
2026-01-28T11:05:00-05:00,27.67,27.75,27.64,27.72,14089.0
2026-01-28T11:10:00-05:00,27.73,27.78,27.68,27.72,16418.0
2026-01-28T11:15:00-05:00,27.8,27.86,27.71,27.73,27875.0
2026-01-28T11:20:00-05:00,27.74,27.79,27.685,27.7,11454.0
2026-01-28T11:25:00-05:00,27.72,27.75,27.71,27.75,11293.0
2026-01-28T11:30:00-05:00,27.72,27.73,27.61,27.64,12489.0
2026-01-28T11:35:00-05:00,27.635,27.7462,27.62,27.7,46404.0
2026-01-28T11:40:00-05:00,27.69,27.73,27.67,27.7,7745.0
2026-01-28T11:45:00-05:00,27.72,27.88,27.72,27.85,16557.0
2026-01-28T11:50:00-05:00,27.8238,27.885,27.79,27.87,7553.0
2026-01-28T11:55:00-05:00,27.87,28.0049992,27.87,27.96,13288.0
2026-01-28T12:00:00-05:00,28.0,28.01,27.925,27.98,9370.0
2026-01-28T12:05:00-05:00,27.975,27.975,27.85,27.87,13748.0
2026-01-28T12:10:00-05:00,27.86,27.99,27.83,27.97,17801.0
2026-01-28T12:15:00-05:00,27.97,27.98,27.91,27.93,11315.0
2026-01-28T12:20:00-05:00,27.9496,27.9496,27.9,27.92,6005.0
2026-01-28T12:25:00-05:00,27.92,27.96,27.9106,27.96,16084.0
2026-01-28T12:30:00-05:00,27.93,27.94,27.89,27.9,11375.0
2026-01-28T12:35:00-05:00,27.885,27.8971,27.8,27.805,17085.0
2026-01-28T12:40:00-05:00,27.82,27.83,27.77,27.78,25847.0
2026-01-28T12:45:00-05:00,27.79,27.815,27.705,27.8,25832.0
2026-01-28T12:50:00-05:00,27.86,27.94,27.86,27.9033,5960.0
2026-01-28T12:55:00-05:00,27.9,27.93,27.63,27.67,46089.0
2026-01-28T13:00:00-05:00,27.69,27.85,27.69,27.8,22537.0
2026-01-28T13:05:00-05:00,27.8,27.88,27.8,27.88,8810.0
2026-01-28T13:10:00-05:00,27.8512,27.86,27.815,27.86,3751.0
2026-01-28T13:15:00-05:00,27.83,27.9,27.83,27.885,8064.0
2026-01-28T13:20:00-05:00,27.9,27.94,27.89,27.89,9612.0
2026-01-28T13:25:00-05:00,27.87,27.87,27.78,27.83,11327.0
2026-01-28T13:30:00-05:00,27.85,27.85,27.66,27.71,48367.0
2026-01-28T13:35:00-05:00,27.7133,27.72,27.57,27.61,20713.0
2026-01-28T13:40:00-05:00,27.62,27.65,27.5492,27.59,17219.0
2026-01-28T13:45:00-05:00,27.58,27.68,27.575,27.64,17877.0
2026-01-28T13:50:00-05:00,27.66,27.71,27.59,27.61,47012.0
2026-01-28T13:55:00-05:00,27.61,27.7299,27.61,27.69,12310.0
2026-01-28T14:00:00-05:00,27.69,27.72,27.4001,27.48,37071.0
2026-01-28T14:05:00-05:00,27.48,27.56,27.47,27.53,9276.0
2026-01-28T14:10:00-05:00,27.54,27.71,27.54,27.68,14192.0
2026-01-28T14:15:00-05:00,27.66,27.77,27.66,27.73,458664.0
2026-01-28T14:20:00-05:00,27.74,27.81,27.66,27.73,17960.0
2026-01-28T14:25:00-05:00,27.71,27.75,27.435,27.435,42866.0
2026-01-28T14:30:00-05:00,27.45,27.52,27.17,27.43,81327.0
2026-01-28T14:35:00-05:00,27.49,27.805,27.49,27.7492,42280.0
2026-01-28T14:40:00-05:00,27.744,27.76,27.6425,27.74,19938.0
2026-01-28T14:45:00-05:00,27.76,27.92,27.74,27.9,20230.0
2026-01-28T14:50:00-05:00,27.9,27.95,27.89,27.91,15208.0
2026-01-28T14:55:00-05:00,27.89,28.1,27.72,27.75,128439.0
2026-01-28T15:00:00-05:00,27.725,27.92,27.725,27.92,45434.0
2026-01-28T15:05:00-05:00,27.91,28.01,27.8785,28.01,20530.0
2026-01-28T15:10:00-05:00,28.01,28.059999,27.92,27.92,13863.0
2026-01-28T15:15:00-05:00,27.93,28.0,27.875,27.93,33685.0
2026-01-28T15:20:00-05:00,27.96,28.021999,27.902,28.021999,17855.0
2026-01-28T15:25:00-05:00,28.0,28.11,28.0,28.084999,21642.0
2026-01-28T15:30:00-05:00,28.08,28.12,28.059999,28.07,17264.0
2026-01-28T15:35:00-05:00,28.059999,28.12,28.059999,28.12,15915.0
2026-01-28T15:40:00-05:00,28.13,28.2,28.059999,28.1267,69964.0
2026-01-28T15:45:00-05:00,28.13,28.148,27.985,28.0,40577.0
2026-01-28T15:50:00-05:00,28.01,28.2,28.01,28.125,55653.0
2026-01-28T15:55:00-05:00,28.12,28.22,28.12,28.17,944378.0
2026-01-29T09:30:00-05:00,28.65,28.79,28.362,28.39,110745.0
2026-01-29T09:35:00-05:00,28.34,28.59,28.1501,28.48,30183.0
2026-01-29T09:40:00-05:00,28.415,28.46,28.12,28.29,34828.0
2026-01-29T09:45:00-05:00,28.2999,28.31,28.0,28.31,88374.0
2026-01-29T09:50:00-05:00,28.37,28.42,28.15,28.2,103517.0
2026-01-29T09:55:00-05:00,28.21,28.29,28.07,28.105,31972.0
2026-01-29T10:00:00-05:00,28.060101,28.11,27.76,27.82,73213.0
2026-01-29T10:05:00-05:00,27.825,27.96,27.58,27.585,41305.0
2026-01-29T10:10:00-05:00,27.595,27.595,27.33,27.415,49885.0
2026-01-29T10:15:00-05:00,27.39,27.415,27.01,27.16,49107.0
2026-01-29T10:20:00-05:00,27.11,27.35,26.86,26.9,43417.0
2026-01-29T10:25:00-05:00,26.92,26.98,26.33,26.44,146204.0
2026-01-29T10:30:00-05:00,26.445,26.67,26.375,26.55,66814.0
2026-01-29T10:35:00-05:00,26.55,26.62,26.37,26.5,87877.0
2026-01-29T10:40:00-05:00,26.52,26.52,26.2428,26.3,88230.0
2026-01-29T10:45:00-05:00,26.3,26.505,26.285,26.4,52447.0
2026-01-29T10:50:00-05:00,26.3844,26.41,26.14,26.225,36106.0
2026-01-29T10:55:00-05:00,26.17,26.32,26.07,26.19,29487.0
2026-01-29T11:00:00-05:00,26.14,26.195,26.09,26.15,40250.0
2026-01-29T11:05:00-05:00,26.153,26.44,26.153,26.435,42074.0
2026-01-29T11:10:00-05:00,26.44,26.86,26.375,26.85,63495.0
2026-01-29T11:15:00-05:00,26.8401,26.87,26.735,26.86,24157.0
2026-01-29T11:20:00-05:00,26.85,26.86,26.55,26.65,30093.0
2026-01-29T11:25:00-05:00,26.62,26.7,26.55,26.614,30147.0
2026-01-29T11:30:00-05:00,26.585,26.73,26.585,26.6,44874.0
2026-01-29T11:35:00-05:00,26.5831,26.68,26.54,26.54,11810.0
2026-01-29T11:40:00-05:00,26.51,26.68,26.47,26.61,24684.0
2026-01-29T11:45:00-05:00,26.6,26.75,26.59,26.71,29659.0
2026-01-29T11:50:00-05:00,26.69,26.76,26.4,26.556,25489.0
2026-01-29T11:55:00-05:00,26.55,26.575,26.37,26.49,15073.0
2026-01-29T12:00:00-05:00,26.495,26.62,26.48,26.62,14576.0
2026-01-29T12:05:00-05:00,26.63,26.635,26.575,26.6,12639.0
2026-01-29T12:10:00-05:00,26.6,26.603,26.47,26.54,17571.0
2026-01-29T12:15:00-05:00,26.49,26.73,26.49,26.715,23315.0
2026-01-29T12:20:00-05:00,26.7,26.82,26.67,26.74,37591.0
2026-01-29T12:25:00-05:00,26.745,26.97,26.745,26.83,24336.0
2026-01-29T12:30:00-05:00,26.865,26.91,26.775,26.84,11357.0
2026-01-29T12:35:00-05:00,26.86,26.98,26.86,26.905,13931.0
2026-01-29T12:40:00-05:00,26.895,26.92,26.785,26.92,20528.0
2026-01-29T12:45:00-05:00,26.9275,26.9275,26.705,26.765,13116.0
2026-01-29T12:50:00-05:00,26.73,26.74,26.6,26.6612,27928.0
2026-01-29T12:55:00-05:00,26.63,26.64,26.54,26.6,12492.0
2026-01-29T13:00:00-05:00,26.62,26.66,26.5,26.56,15447.0
2026-01-29T13:05:00-05:00,26.54,26.69,26.5,26.64,21698.0
2026-01-29T13:10:00-05:00,26.6583,26.74,26.62,26.71,11434.0
2026-01-29T13:15:00-05:00,26.71,26.8,26.71,26.77,21416.0
2026-01-29T13:20:00-05:00,26.775,26.8019,26.67,26.7,10789.0
2026-01-29T13:25:00-05:00,26.68,26.71,26.52,26.52,44200.0
2026-01-29T13:30:00-05:00,26.53,26.54,26.34,26.54,18747.0
2026-01-29T13:35:00-05:00,26.53,26.685,26.51,26.68,12652.0
2026-01-29T13:40:00-05:00,26.71,26.715,26.58,26.615,26097.0
2026-01-29T13:45:00-05:00,26.61,26.67,26.53,26.655,127595.0
2026-01-29T13:50:00-05:00,26.68,26.685,26.61,26.61,13975.0
2026-01-29T13:55:00-05:00,26.6,26.68,26.35,26.35,36550.0
2026-01-29T14:00:00-05:00,26.36,26.5,26.35,26.495,21123.0
2026-01-29T14:05:00-05:00,26.51,26.63,26.5,26.57,27549.0
2026-01-29T14:10:00-05:00,26.56,26.615,26.51,26.51,17654.0
2026-01-29T14:15:00-05:00,26.5399,26.62,26.51,26.6,17964.0
2026-01-29T14:20:00-05:00,26.6,26.63,26.55,26.61,11125.0
2026-01-29T14:25:00-05:00,26.6,26.755,26.6,26.735,14228.0
2026-01-29T14:30:00-05:00,26.72,26.72,26.29,26.33,47010.0
2026-01-29T14:35:00-05:00,26.31,26.46,26.26,26.4,23599.0
2026-01-29T14:40:00-05:00,26.405,26.56,26.35,26.52,11451.0
2026-01-29T14:45:00-05:00,26.5,26.59,26.5,26.55,15125.0
2026-01-29T14:50:00-05:00,26.52,26.585,26.4,26.4101,41603.0
2026-01-29T14:55:00-05:00,26.4301,26.56,26.26,26.28,35449.0
2026-01-29T15:00:00-05:00,26.275,26.32,26.23,26.31,946269.0
2026-01-29T15:05:00-05:00,26.37,26.42,26.34,26.395,19483.0
2026-01-29T15:10:00-05:00,26.31,26.47,26.29,26.32,27588.0
2026-01-29T15:15:00-05:00,26.34,26.42,26.26,26.37,81322.0
2026-01-29T15:20:00-05:00,26.37,26.4399,26.36,26.41,22161.0
2026-01-29T15:25:00-05:00,26.42,26.42,26.24,26.24,28539.0
2026-01-29T15:30:00-05:00,26.27,26.31,26.225,26.3,37127.0
2026-01-29T15:35:00-05:00,26.32,26.43,26.3,26.43,20306.0
2026-01-29T15:40:00-05:00,26.44,26.445,26.37,26.395,25684.0
2026-01-29T15:45:00-05:00,26.3951,26.465,26.38,26.39,28291.0
2026-01-29T15:50:00-05:00,26.43,26.62,26.43,26.595,58233.0
2026-01-29T15:55:00-05:00,26.6,26.839,26.6,26.83,196329.0
2026-01-30T09:30:00-05:00,24.795,25.49,24.62,25.265,284338.0
2026-01-30T09:35:00-05:00,25.265,25.4657,25.0049992,25.165,221806.0
2026-01-30T09:40:00-05:00,25.13,25.17,24.95,25.040001,61675.0
2026-01-30T09:45:00-05:00,25.02,25.115,24.86,25.115,61026.0
2026-01-30T09:50:00-05:00,25.115,25.19,25.01,25.035,81302.0
2026-01-30T09:55:00-05:00,25.025,25.040001,24.71,24.785,312195.0
2026-01-30T10:00:00-05:00,24.79,24.895,24.7,24.795,63248.0
2026-01-30T10:05:00-05:00,24.805,25.165,24.805,25.0049992,52274.0
2026-01-30T10:10:00-05:00,25.02,25.16,25.0,25.09,16875.0
2026-01-30T10:15:00-05:00,25.15,25.38,25.135,25.23,80844.0
2026-01-30T10:20:00-05:00,25.235,25.24,24.97,24.97,36466.0
2026-01-30T10:25:00-05:00,24.99,25.01,24.84,24.934,23734.0
2026-01-30T10:30:00-05:00,24.905,25.12,24.88,25.059999,353564.0
2026-01-30T10:35:00-05:00,25.1,25.23,25.025,25.13,23711.0
2026-01-30T10:40:00-05:00,25.15,25.205,25.145,25.17,8815.0
2026-01-30T10:45:00-05:00,25.16,25.16,24.95,24.95,17437.0
2026-01-30T10:50:00-05:00,24.9206,24.99,24.76,24.795,56639.0
2026-01-30T10:55:00-05:00,24.82,24.9,24.75,24.75,52492.0
2026-01-30T11:00:00-05:00,24.7514,24.79,24.68,24.72,58738.0
2026-01-30T11:05:00-05:00,24.73,24.82,24.67,24.715,61851.0
2026-01-30T11:10:00-05:00,24.68,24.73,24.55,24.5614,108583.0
2026-01-30T11:15:00-05:00,24.57,24.62,24.51,24.58,79936.0
2026-01-30T11:20:00-05:00,24.58,24.6,24.43,24.44,110276.0
2026-01-30T11:25:00-05:00,24.42,24.6074,24.35,24.37,93689.0
2026-01-30T11:30:00-05:00,24.36,24.42,24.19,24.21,36874.0
2026-01-30T11:35:00-05:00,24.21,24.3,24.165,24.23,108480.0
2026-01-30T11:40:00-05:00,24.22,24.3,24.18,24.2,55124.0
2026-01-30T11:45:00-05:00,24.2,24.255,24.08,24.1301,58728.0
2026-01-30T11:50:00-05:00,24.145,24.145,24.02,24.09,101307.0
2026-01-30T11:55:00-05:00,24.07,24.1,23.98,24.000099182,50751.0
2026-01-30T12:00:00-05:00,23.99,24.059999,23.92,23.97,23085.0
2026-01-30T12:05:00-05:00,23.95,23.95,23.71,23.71,39437.0
2026-01-30T12:10:00-05:00,23.7,23.752,23.66,23.695,95506.0
2026-01-30T12:15:00-05:00,23.67,23.77,23.6,23.615,78225.0
2026-01-30T12:20:00-05:00,23.62,23.85,23.6183,23.8148,41013.0
2026-01-30T12:25:00-05:00,23.78,23.83,23.72,23.75,37145.0
2026-01-30T12:30:00-05:00,23.73,23.75,23.6,23.64,19272.0
2026-01-30T12:35:00-05:00,23.62,23.6513,23.5001,23.5201,78874.0
2026-01-30T12:40:00-05:00,23.545,23.57,23.4201,23.51,35596.0
2026-01-30T12:45:00-05:00,23.5,23.549,23.4,23.42,43353.0
2026-01-30T12:50:00-05:00,23.42,23.49,23.27,23.29,38872.0
2026-01-30T12:55:00-05:00,23.29,23.39,23.26,23.31,36505.0
2026-01-30T13:00:00-05:00,23.295,23.33,23.25,23.3,35447.0
2026-01-30T13:05:00-05:00,23.32,23.35,23.055,23.08,34083.0
2026-01-30T13:10:00-05:00,23.0776,23.09,22.98,23.01,54298.0
2026-01-30T13:15:00-05:00,23.01,23.02,22.86,22.9,137630.0
2026-01-30T13:20:00-05:00,22.91,22.94,22.71,22.82,134704.0
2026-01-30T13:25:00-05:00,22.87,22.87,22.71,22.77,38270.0
2026-01-30T13:30:00-05:00,22.771,22.795,22.58,22.7401,168990.0
2026-01-30T13:35:00-05:00,22.73,22.75,22.6046,22.64,31587.0
2026-01-30T13:40:00-05:00,22.66,22.69,22.62,22.68,36904.0
2026-01-30T13:45:00-05:00,22.67,22.93,22.67,22.92,69440.0
2026-01-30T13:50:00-05:00,22.94,23.18,22.94,23.18,50991.0
2026-01-30T13:55:00-05:00,23.2,23.565,23.2,23.53,78140.0
2026-01-30T14:00:00-05:00,23.55,23.65,23.09,23.2201,48877.0
2026-01-30T14:05:00-05:00,23.21,23.305,23.15,23.285,88898.0
2026-01-30T14:10:00-05:00,23.285,23.31,23.08,23.1499,23999.0
2026-01-30T14:15:00-05:00,23.12,23.26,23.09,23.19,29418.0
2026-01-30T14:20:00-05:00,23.185,23.23,23.125,23.17,31222.0
2026-01-30T14:25:00-05:00,23.19,23.39,23.175,23.22,43898.0
2026-01-30T14:30:00-05:00,23.21,23.25,23.1,23.21,51388.0
2026-01-30T14:35:00-05:00,23.19,23.28,23.145,23.25,19847.0
2026-01-30T14:40:00-05:00,23.27,23.4,23.23,23.38,21838.0
2026-01-30T14:45:00-05:00,23.36,23.41,23.245,23.3,18739.0
2026-01-30T14:50:00-05:00,23.31,23.41,23.265,23.41,18722.0
2026-01-30T14:55:00-05:00,23.415,23.42,23.22,23.22,21604.0
2026-01-30T15:00:00-05:00,23.23,23.32,23.21,23.25,28616.0
2026-01-30T15:05:00-05:00,23.27,23.31,23.09,23.15,21443.0
2026-01-30T15:10:00-05:00,23.12,23.13,23.07,23.1,26665.0
2026-01-30T15:15:00-05:00,23.1,23.16,23.049999,23.07,29018.0
2026-01-30T15:20:00-05:00,23.059999,23.08,23.01,23.02,22737.0
2026-01-30T15:25:00-05:00,23.030001,23.1,22.966,23.0114,32775.0
2026-01-30T15:30:00-05:00,23.01,23.01,22.9,22.99,36843.0
2026-01-30T15:35:00-05:00,22.99,22.99,22.79,22.82,36538.0
2026-01-30T15:40:00-05:00,22.8212,22.91,22.78,22.905,93401.0
2026-01-30T15:45:00-05:00,22.91,22.94,22.83,22.8414,49507.0
2026-01-30T15:50:00-05:00,22.845,22.855,22.605,22.605,166497.0
2026-01-30T15:55:00-05:00,22.605,22.83,22.605,22.81,303180.0
2026-02-02T09:30:00-05:00,22.63,23.2099,22.56,23.155,183202.0
2026-02-02T09:35:00-05:00,23.21,23.4434,23.01,23.145,57205.0
2026-02-02T09:40:00-05:00,23.12,23.14,22.9001,22.96,39883.0
2026-02-02T09:45:00-05:00,22.975,22.99,22.69,22.78,40217.0
2026-02-02T09:50:00-05:00,22.74,22.85,22.7,22.77,53391.0
2026-02-02T09:55:00-05:00,22.75,22.755,22.46,22.5,42354.0
2026-02-02T10:00:00-05:00,22.485,22.905,22.47,22.88,78209.0
2026-02-02T10:05:00-05:00,22.87,22.94,22.8,22.89,37314.0
2026-02-02T10:10:00-05:00,22.88,22.945,22.79,22.93,26803.0
2026-02-02T10:15:00-05:00,22.93,22.96,22.82,22.885,18758.0
2026-02-02T10:20:00-05:00,22.87,22.8861,22.65,22.7,27704.0
2026-02-02T10:25:00-05:00,22.71,22.77,22.53,22.55,63711.0
2026-02-02T10:30:00-05:00,22.54,22.74,22.48,22.67,48681.0
2026-02-02T10:35:00-05:00,22.68,22.8,22.66,22.77,28618.0
2026-02-02T10:40:00-05:00,22.8,22.8,22.62,22.67,23259.0
2026-02-02T10:45:00-05:00,22.67,22.715,22.6,22.65,1480037.0
2026-02-02T10:50:00-05:00,22.64,22.71,22.6,22.615,32845.0
2026-02-02T10:55:00-05:00,22.62,22.65,22.5,22.55,47322.0
2026-02-02T11:00:00-05:00,22.57,22.63,22.52,22.61,45138.0
2026-02-02T11:05:00-05:00,22.61,22.77,22.595,22.77,29009.0
2026-02-02T11:10:00-05:00,22.76,22.958,22.735,22.9,29290.0
2026-02-02T11:15:00-05:00,22.88,22.94,22.8018,22.91,30035.0
2026-02-02T11:20:00-05:00,22.9,23.11,22.88,23.040001,33844.0
2026-02-02T11:25:00-05:00,23.01,23.02,22.94,22.975,25372.0
2026-02-02T11:30:00-05:00,22.975,22.975,22.74,22.7793,47010.0
2026-02-02T11:35:00-05:00,22.78,22.84,22.74,22.8001,61158.0
2026-02-02T11:40:00-05:00,22.83,22.9,22.8,22.88,23358.0
2026-02-02T11:45:00-05:00,22.87,22.9,22.83,22.88,19139.0
2026-02-02T11:50:00-05:00,22.9,22.97,22.885,22.95,22853.0
2026-02-02T11:55:00-05:00,22.96,22.99,22.85,22.87,16324.0
2026-02-02T12:00:00-05:00,22.86,22.91,22.86,22.87,17177.0
2026-02-02T12:05:00-05:00,22.8801,22.94,22.87,22.93,10461.0
2026-02-02T12:10:00-05:00,22.93,22.93,22.8323,22.86,15287.0
2026-02-02T12:15:00-05:00,22.87,22.89,22.79,22.82,13026.0
2026-02-02T12:20:00-05:00,22.8082,22.8194,22.755,22.755,10498.0
2026-02-02T12:25:00-05:00,22.75,22.76,22.7,22.73,7851.0
2026-02-02T12:30:00-05:00,22.75,22.75,22.69,22.73,8887.0
2026-02-02T12:35:00-05:00,22.73,22.75,22.7,22.71,9939.0
2026-02-02T12:40:00-05:00,22.73,22.7491,22.685,22.7201,13910.0
2026-02-02T12:45:00-05:00,22.73,22.76,22.6701,22.71,14054.0
2026-02-02T12:50:00-05:00,22.715,22.74,22.65,22.69,23101.0
2026-02-02T12:55:00-05:00,22.7,22.7308,22.66,22.66,13133.0
2026-02-02T13:00:00-05:00,22.6532,22.67,22.56,22.58,14364.0
2026-02-02T13:05:00-05:00,22.57,22.61,22.57,22.61,9451.0
2026-02-02T13:10:00-05:00,22.62,22.6501,22.54,22.55,16963.0
2026-02-02T13:15:00-05:00,22.54,22.57,22.52,22.52,23870.0
2026-02-02T13:20:00-05:00,22.52,22.56,22.4999,22.54,16283.0
2026-02-02T13:25:00-05:00,22.52,22.55,22.48,22.55,19575.0
2026-02-02T13:30:00-05:00,22.57,22.64,22.53,22.63,13208.0
2026-02-02T13:35:00-05:00,22.68,22.68,22.56,22.58,10710.0
2026-02-02T13:40:00-05:00,22.56,22.6,22.56,22.57,8695.0
2026-02-02T13:45:00-05:00,22.56,22.62,22.56,22.61,9667.0
2026-02-02T13:50:00-05:00,22.6,22.6,22.56,22.56,21273.0
2026-02-02T13:55:00-05:00,22.57,22.585,22.53,22.53,13453.0
2026-02-02T14:00:00-05:00,22.505,22.53,22.48,22.5118,17287.0
2026-02-02T14:05:00-05:00,22.52,22.555,22.48,22.485,23441.0
2026-02-02T14:10:00-05:00,22.49,22.535,22.49,22.52,12018.0
2026-02-02T14:15:00-05:00,22.51,22.515,22.49,22.495,8809.0
2026-02-02T14:20:00-05:00,22.495,22.585,22.495,22.585,9522.0
2026-02-02T14:25:00-05:00,22.58,22.65,22.57,22.64,15028.0
2026-02-02T14:30:00-05:00,22.64,22.64,22.48,22.49,23501.0
2026-02-02T14:35:00-05:00,22.48,22.505,22.4645,22.48,11421.0
2026-02-02T14:40:00-05:00,22.48,22.62,22.47,22.6,14905.0
2026-02-02T14:45:00-05:00,22.605,22.7,22.585,22.69,11402.0
2026-02-02T14:50:00-05:00,22.69,22.715,22.55,22.63,22379.0
2026-02-02T14:55:00-05:00,22.66,22.801,22.57,22.58,39704.0
2026-02-02T15:00:00-05:00,22.59,22.65,22.52,22.6,23252.0
2026-02-02T15:05:00-05:00,22.61,22.69,22.61,22.67,9119.0
2026-02-02T15:10:00-05:00,22.665,22.75,22.635,22.7,17684.0
2026-02-02T15:15:00-05:00,22.69,22.69,22.625,22.65,18205.0
2026-02-02T15:20:00-05:00,22.64,22.64,22.58,22.58,15979.0
2026-02-02T15:25:00-05:00,22.58,22.63,22.565,22.63,14744.0
2026-02-02T15:30:00-05:00,22.62,22.62,22.57,22.585,15193.0
2026-02-02T15:35:00-05:00,22.579,22.58,22.54,22.57,23262.0
2026-02-02T15:40:00-05:00,22.54,22.6,22.51,22.58,33071.0
2026-02-02T15:45:00-05:00,22.58,22.58,22.53,22.535,24706.0
2026-02-02T15:50:00-05:00,22.53,22.57,22.505,22.545,49264.0
2026-02-02T15:55:00-05:00,22.54,22.75,22.535,22.75,159397.0
2026-02-03T09:30:00-05:00,23.98,24.2,23.67,23.7993,173667.0
2026-02-03T09:35:00-05:00,23.825,23.835,23.59,23.8,41511.0
2026-02-03T09:40:00-05:00,23.83,23.86,23.56,23.68,55566.0
2026-02-03T09:45:00-05:00,23.64,23.7,23.575,23.66,150411.0
2026-02-03T09:50:00-05:00,23.65,23.87,23.58,23.69,56466.0
2026-02-03T09:55:00-05:00,23.72,23.99,23.64,23.66,48240.0
2026-02-03T10:00:00-05:00,23.67,23.93,23.63,23.87,116794.0
2026-02-03T10:05:00-05:00,23.855,23.96,23.79,23.8901,24822.0
2026-02-03T10:10:00-05:00,23.93,23.96,23.68,23.68,23385.0
2026-02-03T10:15:00-05:00,23.69,23.69,23.38,23.38,34544.0
2026-02-03T10:20:00-05:00,23.375,23.425,23.22,23.23,25279.0
2026-02-03T10:25:00-05:00,23.25,23.51,23.21,23.48,45723.0
2026-02-03T10:30:00-05:00,23.49,23.54,23.38,23.4,15323.0
2026-02-03T10:35:00-05:00,23.38,23.48,23.36,23.475,12411.0
2026-02-03T10:40:00-05:00,23.48,23.52,23.435,23.435,15544.0
2026-02-03T10:45:00-05:00,23.42,23.52,23.35,23.49,9769.0
2026-02-03T10:50:00-05:00,23.51,23.71,23.51,23.71,39888.0
2026-02-03T10:55:00-05:00,23.73,23.87,23.675,23.855,31543.0
2026-02-03T11:00:00-05:00,23.86,23.86,23.74,23.74,36801.0
2026-02-03T11:05:00-05:00,23.75,23.805,23.655,23.67,54993.0
2026-02-03T11:10:00-05:00,23.64,23.74,23.63,23.7031,10549.0
2026-02-03T11:15:00-05:00,23.7,23.88,23.66,23.88,16869.0
2026-02-03T11:20:00-05:00,23.875,24.07,23.875,23.92,51689.0
2026-02-03T11:25:00-05:00,23.91,24.049999,23.91,23.95,25653.0
2026-02-03T11:30:00-05:00,23.96,24.08,23.92,24.08,30770.0
2026-02-03T11:35:00-05:00,24.0404,24.115,23.98,24.01,21107.0
2026-02-03T11:40:00-05:00,24.02,24.02,23.905,23.905,4342.0
2026-02-03T11:45:00-05:00,23.8737,23.92,23.84,23.91,15820.0
2026-02-03T11:50:00-05:00,23.89,23.89,23.67,23.68,18374.0
2026-02-03T11:55:00-05:00,23.67,23.79,23.65,23.77,9808.0
2026-02-03T12:00:00-05:00,23.76,23.79,23.71,23.73,20277.0
2026-02-03T12:05:00-05:00,23.735,23.78,23.67,23.695,21060.0
2026-02-03T12:10:00-05:00,23.68,23.68,23.51,23.57,35148.0
2026-02-03T12:15:00-05:00,23.56,23.8,23.51,23.795,24447.0
2026-02-03T12:20:00-05:00,23.79,23.83,23.76,23.81,15713.0
2026-02-03T12:25:00-05:00,23.8,23.87,23.685,23.685,23690.0
2026-02-03T12:30:00-05:00,23.68,23.79,23.68,23.7,17880.0
2026-02-03T12:35:00-05:00,23.7,23.75,23.63,23.68,14837.0
2026-02-03T12:40:00-05:00,23.64,23.64,23.535,23.58,18027.0
2026-02-03T12:45:00-05:00,23.57,23.62,23.53,23.59,22189.0
2026-02-03T12:50:00-05:00,23.5801,23.695,23.5801,23.66,19318.0
2026-02-03T12:55:00-05:00,23.66,23.79,23.65,23.67,26919.0
2026-02-03T13:00:00-05:00,23.68,23.76,23.68,23.76,11935.0
2026-02-03T13:05:00-05:00,23.75,23.82,23.72,23.78,32873.0
2026-02-03T13:10:00-05:00,23.78,23.86,23.65,23.695,26956.0
2026-02-03T13:15:00-05:00,23.71,23.73,23.54,23.6,24084.0
2026-02-03T13:20:00-05:00,23.59,23.63,23.51,23.51,26035.0
2026-02-03T13:25:00-05:00,23.5,23.56,23.3,23.35,51783.0
2026-02-03T13:30:00-05:00,23.35,23.59,23.33,23.5,44416.0
2026-02-03T13:35:00-05:00,23.53,23.6,23.5,23.6,682891.0
2026-02-03T13:40:00-05:00,23.59,23.61,23.5675,23.59,14530.0
2026-02-03T13:45:00-05:00,23.6,23.68,23.58,23.6,8092.0
2026-02-03T13:50:00-05:00,23.615,23.66,23.59,23.63,10959.0
2026-02-03T13:55:00-05:00,23.65,23.79,23.635,23.66,46767.0
2026-02-03T14:00:00-05:00,23.67,23.67,23.59,23.605,28748.0
2026-02-03T14:05:00-05:00,23.61,23.66,23.57,23.5768,19665.0
2026-02-03T14:10:00-05:00,23.58,23.77,23.58,23.75,14508.0
2026-02-03T14:15:00-05:00,23.77,23.815,23.74,23.8041,15312.0
2026-02-03T14:20:00-05:00,23.785,23.88,23.785,23.81,29802.0
2026-02-03T14:25:00-05:00,23.8,23.82,23.58,23.63,51009.0
2026-02-03T14:30:00-05:00,23.63,23.725,23.48,23.55,43276.0
2026-02-03T14:35:00-05:00,23.615,23.77,23.615,23.75,11715.0
2026-02-03T14:40:00-05:00,23.75,23.93,23.75,23.88,21963.0
2026-02-03T14:45:00-05:00,23.89,24.0,23.84,23.96,28550.0
2026-02-03T14:50:00-05:00,23.97,23.995,23.84,23.92,29769.0
2026-02-03T14:55:00-05:00,23.93,24.055,23.92,24.049999,13412.0
2026-02-03T15:00:00-05:00,24.049999,24.049999,23.945,23.985,30788.0
2026-02-03T15:05:00-05:00,23.99,24.059999,23.98,24.030001,29611.0
2026-02-03T15:10:00-05:00,24.030001,24.11,24.0,24.11,16864.0
2026-02-03T15:15:00-05:00,24.09,24.155,24.040001,24.055,45178.0
2026-02-03T15:20:00-05:00,24.049999,24.049999,24.0,24.040001,14406.0
2026-02-03T15:25:00-05:00,24.035,24.0396,23.975,24.02,26300.0
2026-02-03T15:30:00-05:00,24.02,24.17,24.02,24.16,20884.0
2026-02-03T15:35:00-05:00,24.18,24.2,24.15,24.165,33908.0
2026-02-03T15:40:00-05:00,24.17,24.19,24.135,24.17,26116.0
2026-02-03T15:45:00-05:00,24.18,24.26,24.16,24.21,57718.0
2026-02-03T15:50:00-05:00,24.2,24.3,24.2,24.3,49531.0
2026-02-03T15:55:00-05:00,24.3,24.41,24.26,24.4,193532.0
2026-02-04T09:30:00-05:00,24.72,24.83,24.5,24.635,86115.0
2026-02-04T09:35:00-05:00,24.63,24.869,24.49,24.49,22708.0
2026-02-04T09:40:00-05:00,24.55,24.569,24.3,24.4301,25980.0
2026-02-04T09:45:00-05:00,24.44,24.49,24.28,24.37,30428.0
2026-02-04T09:50:00-05:00,24.4,24.52,24.34,24.52,26772.0
2026-02-04T09:55:00-05:00,24.48,24.49,24.4,24.4,12798.0
2026-02-04T10:00:00-05:00,24.33,24.515,24.3,24.515,18130.0
2026-02-04T10:05:00-05:00,24.52,24.63,24.48,24.575,12471.0
2026-02-04T10:10:00-05:00,24.58,24.59,24.26,24.38,25615.0
2026-02-04T10:15:00-05:00,24.31,24.32,24.09,24.1,18058.0
2026-02-04T10:20:00-05:00,24.115,24.23,24.030001,24.064699,16672.0
2026-02-04T10:25:00-05:00,24.059999,24.13,23.89,23.9,19287.0
2026-02-04T10:30:00-05:00,23.92,23.925,23.5,23.53,23999.0
2026-02-04T10:35:00-05:00,23.535,23.57,23.39,23.505,62190.0
2026-02-04T10:40:00-05:00,23.48,23.81,23.46,23.7699,25848.0
2026-02-04T10:45:00-05:00,23.78,23.78,23.6,23.67,18983.0
2026-02-04T10:50:00-05:00,23.662,23.79,23.6615,23.69,19998.0
2026-02-04T10:55:00-05:00,23.69,23.74,23.4501,23.515,19070.0
2026-02-04T11:00:00-05:00,23.55,23.55,23.41,23.45,17025.0
2026-02-04T11:05:00-05:00,23.455,23.53,23.42,23.48,19056.0
2026-02-04T11:10:00-05:00,23.48,23.56,23.43,23.53,35757.0
2026-02-04T11:15:00-05:00,23.55,23.5549,23.4501,23.49,17382.0
2026-02-04T11:20:00-05:00,23.484,23.495,23.29,23.35,15229.0
2026-02-04T11:25:00-05:00,23.36,23.6,23.32,23.57,21142.0
2026-02-04T11:30:00-05:00,23.56,23.6,23.46,23.51,28618.0
2026-02-04T11:35:00-05:00,23.49,23.585,23.44,23.45,10956.0
2026-02-04T11:40:00-05:00,23.4306,23.48,23.33,23.35,40243.0
2026-02-04T11:45:00-05:00,23.355,23.36,23.19,23.245,44683.0
2026-02-04T11:50:00-05:00,23.245,23.3868,23.22,23.37,29266.0
2026-02-04T11:55:00-05:00,23.42,23.495,23.41,23.46,13285.0
2026-02-04T12:00:00-05:00,23.46,23.46,23.35,23.42,16155.0
2026-02-04T12:05:00-05:00,23.45,23.47,23.39,23.42,8717.0
2026-02-04T12:10:00-05:00,23.41,23.48,23.375,23.44,7934.0
2026-02-04T12:15:00-05:00,23.445,23.445,23.35,23.36,12059.0
2026-02-04T12:20:00-05:00,23.34,23.37,23.27,23.28,8009.0
2026-02-04T12:25:00-05:00,23.27,23.27,23.08,23.17,36130.0
2026-02-04T12:30:00-05:00,23.18,23.28,23.16,23.26,30175.0
2026-02-04T12:35:00-05:00,23.25,23.25,23.14,23.18,16183.0
2026-02-04T12:40:00-05:00,23.18,23.18,23.09,23.14,14672.0
2026-02-04T12:45:00-05:00,23.17,23.17,23.09,23.1,13250.0
2026-02-04T12:50:00-05:00,23.09,23.19,23.075001,23.1,38192.0
2026-02-04T12:55:00-05:00,23.09,23.16,23.08,23.12,5188.0
2026-02-04T13:00:00-05:00,23.111,23.129,23.01,23.1267,525173.0
2026-02-04T13:05:00-05:00,23.13,23.23,23.1,23.1,17144.0
2026-02-04T13:10:00-05:00,23.105,23.21,23.105,23.19,5790.0
2026-02-04T13:15:00-05:00,23.18,23.24,23.17,23.17,8099.0
2026-02-04T13:20:00-05:00,23.18,23.27,23.16,23.25,14311.0
2026-02-04T13:25:00-05:00,23.298,23.47,23.298,23.45,15907.0
2026-02-04T13:30:00-05:00,23.455,23.455,23.32,23.32,21321.0
2026-02-04T13:35:00-05:00,23.34,23.395,23.28,23.29,8814.0
2026-02-04T13:40:00-05:00,23.29,23.4,23.29,23.3389,11513.0
2026-02-04T13:45:00-05:00,23.33,23.375,23.31,23.33,7917.0
2026-02-04T13:50:00-05:00,23.32,23.32,23.25,23.27,18263.0
2026-02-04T13:55:00-05:00,23.28,23.37,23.22,23.23,23153.0
2026-02-04T14:00:00-05:00,23.25,23.34,23.13,23.13,42496.0
2026-02-04T14:05:00-05:00,23.13,23.375,23.12,23.35,654598.0
2026-02-04T14:10:00-05:00,23.36,23.44,23.35,23.41,24676.0
2026-02-04T14:15:00-05:00,23.44,23.5,23.43,23.4842,662282.0
2026-02-04T14:20:00-05:00,23.47,23.49,23.39,23.49,17594.0
2026-02-04T14:25:00-05:00,23.5,23.57,23.495,23.56,23367.0
2026-02-04T14:30:00-05:00,23.58,23.64,23.58,23.61,27923.0
2026-02-04T14:35:00-05:00,23.63,23.75,23.63,23.71,689729.0
2026-02-04T14:40:00-05:00,23.7,23.82,23.7,23.8,20475.0
2026-02-04T14:45:00-05:00,23.8,23.93,23.77,23.8,31317.0
2026-02-04T14:50:00-05:00,23.81,23.92,23.78,23.87,14904.0
2026-02-04T14:55:00-05:00,23.86,24.0,23.83,24.0,21932.0
2026-02-04T15:00:00-05:00,23.9959,24.07,23.99,24.049999,10628.0
2026-02-04T15:05:00-05:00,24.049999,24.0525,24.01,24.0476,18164.0
2026-02-04T15:10:00-05:00,24.039801,24.049999,23.91,23.98,18677.0
2026-02-04T15:15:00-05:00,23.976,24.0,23.88,23.88,17357.0
2026-02-04T15:20:00-05:00,23.885,23.885,23.825,23.86,19179.0
2026-02-04T15:25:00-05:00,23.84,23.848,23.78,23.78,18234.0
2026-02-04T15:30:00-05:00,23.8,23.845,23.78,23.84,25855.0
2026-02-04T15:35:00-05:00,23.8418,23.96,23.82,23.95,22088.0
2026-02-04T15:40:00-05:00,23.955,23.98,23.92,23.92,17279.0
2026-02-04T15:45:00-05:00,23.915,23.94,23.89,23.91,838414.0
2026-02-04T15:50:00-05:00,23.91,24.0499,23.91,24.035,60394.0
2026-02-04T15:55:00-05:00,24.040001,24.175,24.035,24.13,960877.0
2026-02-05T09:30:00-05:00,22.75,23.26,22.75,23.0,99519.0
2026-02-05T09:35:00-05:00,23.035,23.44,22.89,23.41,50830.0
2026-02-05T09:40:00-05:00,23.4145,23.75,23.38,23.68,34314.0
2026-02-05T09:45:00-05:00,23.67,23.75,23.29,23.35,39700.0
2026-02-05T09:50:00-05:00,23.37,23.46,23.295,23.34,19289.0
2026-02-05T09:55:00-05:00,23.34,23.34,22.97,23.0,34680.0
2026-02-05T10:00:00-05:00,22.99,23.07,22.76,22.86,95845.0
2026-02-05T10:05:00-05:00,22.86,22.99,22.795,22.965,28291.0
2026-02-05T10:10:00-05:00,22.95,22.985,22.72,22.72,56832.0
2026-02-05T10:15:00-05:00,22.73,22.845,22.7,22.8006,46816.0
2026-02-05T10:20:00-05:00,22.81,22.83,22.67,22.71,37082.0
2026-02-05T10:25:00-05:00,22.7129,22.76,22.6201,22.68,51670.0
2026-02-05T10:30:00-05:00,22.71,22.74,22.64,22.7,38257.0
2026-02-05T10:35:00-05:00,22.705,22.83,22.69,22.83,41990.0
2026-02-05T10:40:00-05:00,22.81,22.83,22.67,22.68,23923.0
2026-02-05T10:45:00-05:00,22.67,22.6825,22.55,22.59,27588.0
2026-02-05T10:50:00-05:00,22.5789,22.605,22.49,22.545,28380.0
2026-02-05T10:55:00-05:00,22.565,22.69,22.54,22.65,24669.0
2026-02-05T11:00:00-05:00,22.655,22.72,22.6,22.61,20826.0
2026-02-05T11:05:00-05:00,22.575,22.63,22.5,22.5,17905.0
2026-02-05T11:10:00-05:00,22.51,22.56,22.4468,22.475,13544.0
2026-02-05T11:15:00-05:00,22.46,22.66,22.46,22.65,17366.0
2026-02-05T11:20:00-05:00,22.66,22.75,22.66,22.75,9198.0
2026-02-05T11:25:00-05:00,22.77,22.78,22.63,22.7201,20655.0
2026-02-05T11:30:00-05:00,22.75,22.8,22.72,22.78,7977.0
2026-02-05T11:35:00-05:00,22.77,22.83,22.755,22.78,9495.0
2026-02-05T11:40:00-05:00,22.79,22.86,22.79,22.8335,6165.0
2026-02-05T11:45:00-05:00,22.82,22.82,22.72,22.79,7228.0
2026-02-05T11:50:00-05:00,22.8,22.94,22.8,22.94,11842.0
2026-02-05T11:55:00-05:00,22.925,22.95,22.845,22.94,37813.0
2026-02-05T12:00:00-05:00,22.9,22.91,22.7232,22.745,31857.0
2026-02-05T12:05:00-05:00,22.7422,22.84,22.7364,22.77,7497.0
2026-02-05T12:10:00-05:00,22.7735,22.775,22.67,22.72,13071.0
2026-02-05T12:15:00-05:00,22.72,22.83,22.71,22.795,16291.0
2026-02-05T12:20:00-05:00,22.8,22.865,22.75,22.86,470219.0
2026-02-05T12:25:00-05:00,22.87,22.895,22.84,22.85,16650.0
2026-02-05T12:30:00-05:00,22.855,22.855,22.74,22.775,20922.0
2026-02-05T12:35:00-05:00,22.77,22.84,22.76,22.795,9677.0
2026-02-05T12:40:00-05:00,22.78,22.87,22.77,22.82,12380.0
2026-02-05T12:45:00-05:00,22.83,22.89,22.78,22.82,15637.0
2026-02-05T12:50:00-05:00,22.81,22.9,22.8,22.87,16535.0
2026-02-05T12:55:00-05:00,22.86,22.88,22.83,22.84,9206.0
2026-02-05T13:00:00-05:00,22.86,22.92,22.85,22.88,11242.0
2026-02-05T13:05:00-05:00,22.85,22.85,22.77,22.82,5830.0
2026-02-05T13:10:00-05:00,22.79,22.815,22.75,22.805,15045.0
2026-02-05T13:15:00-05:00,22.79,22.81,22.71,22.73,19183.0
2026-02-05T13:20:00-05:00,22.72,22.77,22.685,22.77,13045.0
2026-02-05T13:25:00-05:00,22.76,22.78,22.73,22.78,10946.0
2026-02-05T13:30:00-05:00,22.75,22.815,22.75,22.78,8593.0
2026-02-05T13:35:00-05:00,22.77,22.7799,22.71,22.735,10023.0
2026-02-05T13:40:00-05:00,22.73,22.83,22.71,22.8132,21809.0
2026-02-05T13:45:00-05:00,22.82,22.825,22.75,22.75,6152.0
2026-02-05T13:50:00-05:00,22.74,22.776,22.72,22.76,7809.0
2026-02-05T13:55:00-05:00,22.74,22.86,22.7361,22.8403,19886.0
2026-02-05T14:00:00-05:00,22.84,22.91,22.835,22.89,8184.0
2026-02-05T14:05:00-05:00,22.84,22.975,22.82,22.975,29756.0
2026-02-05T14:10:00-05:00,22.98,23.049999,22.95,22.96,23452.0
2026-02-05T14:15:00-05:00,22.97,22.99,22.94,22.945,20945.0
2026-02-05T14:20:00-05:00,22.94,22.94,22.85,22.851,12442.0
2026-02-05T14:25:00-05:00,22.85,22.85,22.79,22.79,11561.0
2026-02-05T14:30:00-05:00,22.781,22.781,22.685,22.74,25627.0
2026-02-05T14:35:00-05:00,22.725,22.725,22.66,22.66,27673.0
2026-02-05T14:40:00-05:00,22.65,22.71,22.61,22.69,11673.0
2026-02-05T14:45:00-05:00,22.71,22.79,22.69,22.785,10675.0
2026-02-05T14:50:00-05:00,22.78,22.81,22.74,22.77,12191.0
2026-02-05T14:55:00-05:00,22.77,22.87,22.77,22.87,8153.0
2026-02-05T15:00:00-05:00,22.86,22.86,22.815,22.815,16206.0
2026-02-05T15:05:00-05:00,22.82,22.86,22.8,22.86,6562.0
2026-02-05T15:10:00-05:00,22.84,22.87,22.79,22.8,7282.0
2026-02-05T15:15:00-05:00,22.78,22.78,22.72,22.73,10816.0
2026-02-05T15:20:00-05:00,22.73,22.76,22.71,22.75,14814.0
2026-02-05T15:25:00-05:00,22.748,22.815,22.73,22.805,24789.0
2026-02-05T15:30:00-05:00,22.8,22.8,22.61,22.635,35470.0
2026-02-05T15:35:00-05:00,22.605,22.62,22.53,22.54,18586.0
2026-02-05T15:40:00-05:00,22.542,22.58,22.53,22.545,27289.0
2026-02-05T15:45:00-05:00,22.545,22.56,22.48,22.49,39169.0
2026-02-05T15:50:00-05:00,22.48,22.535,22.48,22.535,51083.0
2026-02-05T15:55:00-05:00,22.54,22.56,22.5,22.525,156317.0
2026-02-06T09:30:00-05:00,23.25,23.8199,23.2,23.705,111804.0
2026-02-06T09:35:00-05:00,23.7,23.91,23.635,23.78,53460.0
2026-02-06T09:40:00-05:00,23.78,23.87,23.65,23.83,46274.0
2026-02-06T09:45:00-05:00,23.81,23.97,23.81,23.97,85720.0
2026-02-06T09:50:00-05:00,23.95,24.01,23.89,23.89,66390.0
2026-02-06T09:55:00-05:00,23.8689,23.9,23.78,23.82,29345.0
2026-02-06T10:00:00-05:00,23.84,23.9,23.805,23.82,73533.0
2026-02-06T10:05:00-05:00,23.82,23.985,23.82,23.955,107566.0
2026-02-06T10:10:00-05:00,23.97,24.049999,23.92,23.92,27762.0
2026-02-06T10:15:00-05:00,23.92,23.97,23.8,23.97,36229.0
2026-02-06T10:20:00-05:00,23.965,24.01,23.85,23.85,25060.0
2026-02-06T10:25:00-05:00,23.82,24.049999,23.81,24.014999,41359.0
2026-02-06T10:30:00-05:00,24.0049992,24.14,23.9968,24.060101,33942.0
2026-02-06T10:35:00-05:00,24.08,24.08,23.93,23.93,18971.0
2026-02-06T10:40:00-05:00,23.95,24.0,23.9184,23.92,11306.0
2026-02-06T10:45:00-05:00,23.91,23.91,23.75,23.75,24399.0
2026-02-06T10:50:00-05:00,23.74,23.78,23.69,23.69,11794.0
2026-02-06T10:55:00-05:00,23.71,23.77,23.675,23.77,51334.0
2026-02-06T11:00:00-05:00,23.78,23.85,23.76,23.84,17770.0
2026-02-06T11:05:00-05:00,23.84,23.84,23.69,23.71,27394.0
2026-02-06T11:10:00-05:00,23.72,23.829,23.71,23.79,54456.0
2026-02-06T11:15:00-05:00,23.8,23.8,23.655,23.67,46911.0
2026-02-06T11:20:00-05:00,23.66,23.66,23.505,23.55,23900.0
2026-02-06T11:25:00-05:00,23.53,23.6,23.43,23.6,11624.0
2026-02-06T11:30:00-05:00,23.65,23.71,23.6201,23.69,14225.0
2026-02-06T11:35:00-05:00,23.7,23.7399,23.65,23.73,11522.0
2026-02-06T11:40:00-05:00,23.73,23.791,23.73,23.79,16415.0
2026-02-06T11:45:00-05:00,23.8,23.85,23.8,23.8448,11645.0
2026-02-06T11:50:00-05:00,23.84,23.84,23.78,23.821,9791.0
2026-02-06T11:55:00-05:00,23.83,23.88,23.82,23.88,25475.0
2026-02-06T12:00:00-05:00,23.87,23.91,23.86,23.87,18331.0
2026-02-06T12:05:00-05:00,23.88,23.98,23.88,23.98,8790.0
2026-02-06T12:10:00-05:00,23.99,23.99,23.92,23.94,11363.0
2026-02-06T12:15:00-05:00,23.92,23.935,23.8801,23.8801,6319.0
2026-02-06T12:20:00-05:00,23.88,23.88,23.83,23.84,10894.0
2026-02-06T12:25:00-05:00,23.8399,23.84,23.77,23.8,8353.0
2026-02-06T12:30:00-05:00,23.82,23.87,23.8012,23.83,8639.0
2026-02-06T12:35:00-05:00,23.83,23.83,23.71,23.71,10903.0
2026-02-06T12:40:00-05:00,23.71,23.79,23.71,23.79,11791.0
2026-02-06T12:45:00-05:00,23.7984,23.82,23.78,23.78,5365.0
2026-02-06T12:50:00-05:00,23.8,23.81,23.76,23.78,10531.0
2026-02-06T12:55:00-05:00,23.79,23.8,23.77,23.77,5325.0
2026-02-06T13:00:00-05:00,23.76,23.7827,23.7501,23.7827,11128.0
2026-02-06T13:05:00-05:00,23.805,23.855,23.78,23.855,11192.0
2026-02-06T13:10:00-05:00,23.855,23.92,23.855,23.88,12497.0
2026-02-06T13:15:00-05:00,23.88,23.915,23.88,23.905,18402.0
2026-02-06T13:20:00-05:00,23.885,23.92,23.845,23.87,20495.0
2026-02-06T13:25:00-05:00,23.8635,23.9099,23.84,23.9,23860.0
2026-02-06T13:30:00-05:00,23.895,23.94,23.89,23.92,25256.0
2026-02-06T13:35:00-05:00,23.92,23.95,23.9,23.94,11547.0
2026-02-06T13:40:00-05:00,23.94,23.988,23.94,23.975,595649.0
2026-02-06T13:45:00-05:00,23.97,23.995,23.96,23.995,16139.0
2026-02-06T13:50:00-05:00,23.995,23.995,23.965,23.97,9147.0
2026-02-06T13:55:00-05:00,23.98,23.99,23.965,23.985,8342.0
2026-02-06T14:00:00-05:00,23.985,23.985,23.93,23.945,15505.0
2026-02-06T14:05:00-05:00,23.945,23.95,23.91,23.91,11669.0
2026-02-06T14:10:00-05:00,23.91,23.91,23.865,23.89,9704.0
2026-02-06T14:15:00-05:00,23.88,23.905,23.86,23.87,10046.0
2026-02-06T14:20:00-05:00,23.88,23.97,23.88,23.95,10405.0
2026-02-06T14:25:00-05:00,23.95,23.97,23.92,23.92,11777.0
2026-02-06T14:30:00-05:00,23.92,23.945,23.89,23.93,12510.0
2026-02-06T14:35:00-05:00,23.92,23.935,23.89,23.915,10525.0
2026-02-06T14:40:00-05:00,23.91,23.94,23.9,23.94,10584.0
2026-02-06T14:45:00-05:00,23.94,24.040001,23.94,24.01,13589.0
2026-02-06T14:50:00-05:00,24.0049992,24.040001,23.95,24.0,18413.0
2026-02-06T14:55:00-05:00,23.9984,24.0,23.95,23.9707,14540.0
2026-02-06T15:00:00-05:00,23.97,24.0,23.92,23.99,14758.0
2026-02-06T15:05:00-05:00,23.99,24.13,23.99,24.12,14611.0
2026-02-06T15:10:00-05:00,24.11,24.1167,24.09,24.1,15172.0
2026-02-06T15:15:00-05:00,24.105,24.125,24.08,24.105,41769.0
2026-02-06T15:20:00-05:00,24.1,24.145,24.07,24.09,19250.0
2026-02-06T15:25:00-05:00,24.1,24.1,24.01,24.040001,37695.0
2026-02-06T15:30:00-05:00,24.059999,24.059999,23.95,23.99,34586.0
2026-02-06T15:35:00-05:00,23.99,24.040001,23.985,24.040001,16163.0
2026-02-06T15:40:00-05:00,24.059999,24.12,24.059999,24.11,16081.0
2026-02-06T15:45:00-05:00,24.11,24.15,24.11,24.125,23210.0
2026-02-06T15:50:00-05:00,24.11,24.2,24.1,24.16,41116.0
2026-02-06T15:55:00-05:00,24.15,24.2,24.14,24.17,129192.0
2026-02-09T09:30:00-05:00,24.39,24.9,24.37,24.86,94846.0
2026-02-09T09:35:00-05:00,24.86,24.89,24.56,24.745,48321.0
2026-02-09T09:40:00-05:00,24.74,24.835,24.63,24.805,22068.0
2026-02-09T09:45:00-05:00,24.83,24.96,24.69,24.73,19405.0
2026-02-09T09:50:00-05:00,24.73,24.8,24.69,24.75,18738.0
2026-02-09T09:55:00-05:00,24.76,24.835,24.75,24.82,12136.0
2026-02-09T10:00:00-05:00,24.83,25.059999,24.83,25.049999,84766.0
2026-02-09T10:05:00-05:00,25.07,25.13,25.02,25.07,23077.0
2026-02-09T10:10:00-05:00,25.08,25.15,25.055,25.141,25620.0
2026-02-09T10:15:00-05:00,25.15,25.15,24.985,24.995,27361.0
2026-02-09T10:20:00-05:00,24.97,25.104,24.95,25.0711,34273.0
2026-02-09T10:25:00-05:00,25.08,25.08,25.02,25.030001,12603.0
2026-02-09T10:30:00-05:00,25.045,25.23,25.045,25.23,21608.0
2026-02-09T10:35:00-05:00,25.22,25.23,25.155,25.165,12623.0
2026-02-09T10:40:00-05:00,25.15,25.19,25.08,25.19,13659.0
2026-02-09T10:45:00-05:00,25.21,25.29,25.1301,25.28,27588.0
2026-02-09T10:50:00-05:00,25.27,25.33,25.265,25.33,17938.0
2026-02-09T10:55:00-05:00,25.32,25.33,25.27,25.29,20277.0
2026-02-09T11:00:00-05:00,25.29,25.38,25.28,25.34,27984.0
2026-02-09T11:05:00-05:00,25.34,25.34,25.28,25.32,21258.0
2026-02-09T11:10:00-05:00,25.33,25.345,25.32,25.33,5610.0
2026-02-09T11:15:00-05:00,25.34,25.39,25.34,25.37,11866.0
2026-02-09T11:20:00-05:00,25.38,25.45,25.38,25.44,16834.0
2026-02-09T11:25:00-05:00,25.46,25.52,25.425,25.51,27850.0
2026-02-09T11:30:00-05:00,25.51,25.55,25.45,25.4551,41727.0
2026-02-09T11:35:00-05:00,25.45,25.52,25.43,25.51,24160.0
2026-02-09T11:40:00-05:00,25.52,25.545,25.42,25.43,12210.0
2026-02-09T11:45:00-05:00,25.43,25.55,25.43,25.51,30887.0
2026-02-09T11:50:00-05:00,25.52,25.57,25.52,25.54,16914.0
2026-02-09T11:55:00-05:00,25.54,25.58,25.539,25.54,10987.0
2026-02-09T12:00:00-05:00,25.55,25.598,25.53,25.54,17469.0
2026-02-09T12:05:00-05:00,25.54,25.55,25.47,25.475,7079.0
2026-02-09T12:10:00-05:00,25.48,25.5,25.46,25.47,8908.0
2026-02-09T12:15:00-05:00,25.48,25.57,25.48,25.56,10115.0
2026-02-09T12:20:00-05:00,25.57,25.57,25.5389,25.57,11716.0
2026-02-09T12:25:00-05:00,25.57,25.59,25.56,25.59,6989.0
2026-02-09T12:30:00-05:00,25.56,25.5979,25.545,25.589,6950.0
2026-02-09T12:35:00-05:00,25.59,25.605,25.56,25.57,6733.0
2026-02-09T12:40:00-05:00,25.57,25.58,25.55,25.58,6614.0
2026-02-09T12:45:00-05:00,25.57,25.57,25.48,25.485,10728.0
2026-02-09T12:50:00-05:00,25.47,25.48,25.34,25.38,13038.0
2026-02-09T12:55:00-05:00,25.36,25.36,25.26,25.31,9771.0
2026-02-09T13:00:00-05:00,25.31,25.37,25.31,25.35,6360.0
2026-02-09T13:05:00-05:00,25.34,25.405,25.33,25.405,7879.0
2026-02-09T13:10:00-05:00,25.41,25.47,25.39,25.44,21582.0
2026-02-09T13:15:00-05:00,25.45,25.46,25.375,25.395,9356.0
2026-02-09T13:20:00-05:00,25.4,25.4,25.1,25.35,47678.0
2026-02-09T13:25:00-05:00,25.33,25.4,25.33,25.4,7494.0
2026-02-09T13:30:00-05:00,25.41,25.42,25.355,25.42,6527.0
2026-02-09T13:35:00-05:00,25.42,25.45,25.38,25.44,16333.0
2026-02-09T13:40:00-05:00,25.43,25.45,25.415,25.42,5856.0
2026-02-09T13:45:00-05:00,25.429,25.44,25.4,25.42,11293.0
2026-02-09T13:50:00-05:00,25.42,25.4402,25.415,25.425,10781.0
2026-02-09T13:55:00-05:00,25.43,25.47,25.42,25.45,6543.0
2026-02-09T14:00:00-05:00,25.45,25.45,25.42,25.44,21092.0
2026-02-09T14:05:00-05:00,25.44,25.48,25.43,25.45,14662.0
2026-02-09T14:10:00-05:00,25.45,25.46,25.44,25.46,4817.0
2026-02-09T14:15:00-05:00,25.45,25.45,25.42,25.435,9375.0
2026-02-09T14:20:00-05:00,25.435,25.51,25.435,25.51,11653.0
2026-02-09T14:25:00-05:00,25.52,25.55,25.51,25.54,6190.0
2026-02-09T14:30:00-05:00,25.54,25.57,25.5,25.57,9640.0
2026-02-09T14:35:00-05:00,25.56,25.58,25.53,25.54,9900.0
2026-02-09T14:40:00-05:00,25.545,25.55,25.52,25.54,6106.0
2026-02-09T14:45:00-05:00,25.55,25.565,25.54,25.555,13527.0
2026-02-09T14:50:00-05:00,25.555,25.56,25.54,25.56,18393.0
2026-02-09T14:55:00-05:00,25.57,25.64,25.57,25.64,10127.0
2026-02-09T15:00:00-05:00,25.63,25.69,25.6,25.68,15219.0
2026-02-09T15:05:00-05:00,25.69,25.7,25.6601,25.68,15653.0
2026-02-09T15:10:00-05:00,25.685,25.71,25.61,25.61,17075.0
2026-02-09T15:15:00-05:00,25.62,25.7,25.62,25.69,20680.0
2026-02-09T15:20:00-05:00,25.69,25.69,25.65,25.65,16463.0
2026-02-09T15:25:00-05:00,25.655,25.695,25.655,25.685,16629.0
2026-02-09T15:30:00-05:00,25.685,25.705,25.65,25.69,17189.0
2026-02-09T15:35:00-05:00,25.695,25.75,25.69,25.75,26506.0
2026-02-09T15:40:00-05:00,25.75,25.825,25.72,25.82,43190.0
2026-02-09T15:45:00-05:00,25.83,25.835,25.785,25.83,26672.0
2026-02-09T15:50:00-05:00,25.82,25.92,25.81,25.92,40234.0
2026-02-09T15:55:00-05:00,25.9,25.94,25.855,25.885,137343.0
2026-02-10T09:30:00-05:00,25.67,26.1099,25.59,26.01,98618.0
2026-02-10T09:35:00-05:00,26.040001,26.12,25.9,25.97,16818.0
2026-02-10T09:40:00-05:00,25.9568,25.97,25.76,25.97,18958.0
2026-02-10T09:45:00-05:00,25.96,25.978,25.74,25.825,38345.0
2026-02-10T09:50:00-05:00,25.825,25.98,25.81,25.97,15898.0
2026-02-10T09:55:00-05:00,25.99,26.040001,25.93,25.93,9468.0
2026-02-10T10:00:00-05:00,25.93,26.02,25.93,26.01,11775.0
2026-02-10T10:05:00-05:00,26.010201,26.195,26.010201,26.14,20176.0
2026-02-10T10:10:00-05:00,26.14,26.1811,26.12,26.15,10668.0
2026-02-10T10:15:00-05:00,26.14,26.15,26.07,26.15,12665.0
2026-02-10T10:20:00-05:00,26.16,26.25,26.15,26.185,10001.0
2026-02-10T10:25:00-05:00,26.18,26.195,26.11,26.125,10938.0
2026-02-10T10:30:00-05:00,26.11,26.22,26.1,26.22,57387.0
2026-02-10T10:35:00-05:00,26.19,26.23,26.075001,26.1,11380.0
2026-02-10T10:40:00-05:00,26.11,26.22,26.11,26.13,17528.0
2026-02-10T10:45:00-05:00,26.13,26.25,26.113,26.23,10466.0
2026-02-10T10:50:00-05:00,26.25,26.34,26.235,26.34,28793.0
2026-02-10T10:55:00-05:00,26.35,26.36,26.24,26.29,19478.0
2026-02-10T11:00:00-05:00,26.3,26.32,26.275,26.275,15152.0
2026-02-10T11:05:00-05:00,26.26,26.27,26.19,26.19,9373.0
2026-02-10T11:10:00-05:00,26.195,26.34,26.1946,26.31,18701.0
2026-02-10T11:15:00-05:00,26.315,26.385,26.27,26.32,14172.0
2026-02-10T11:20:00-05:00,26.29,26.305,26.27,26.29,6499.0
2026-02-10T11:25:00-05:00,26.27,26.335,26.255,26.31,9632.0
2026-02-10T11:30:00-05:00,26.27,26.345,26.26,26.34,5965.0
2026-02-10T11:35:00-05:00,26.335,26.4353,26.335,26.41,11013.0
2026-02-10T11:40:00-05:00,26.405,26.405,26.33,26.365,18629.0
2026-02-10T11:45:00-05:00,26.4,26.42,26.36,26.38,5079.0
2026-02-10T11:50:00-05:00,26.36,26.43,26.335,26.43,12082.0
2026-02-10T11:55:00-05:00,26.43,26.47,26.42,26.47,7804.0
2026-02-10T12:00:00-05:00,26.48,26.49,26.43,26.46,14733.0
2026-02-10T12:05:00-05:00,26.46,26.47,26.4064,26.42,9104.0
2026-02-10T12:10:00-05:00,26.43,26.44,26.37,26.38,9152.0
2026-02-10T12:15:00-05:00,26.39,26.49,26.39,26.45,8888.0
2026-02-10T12:20:00-05:00,26.43,26.455,26.4101,26.4401,11105.0
2026-02-10T12:25:00-05:00,26.46,26.51,26.45,26.485,12884.0
2026-02-10T12:30:00-05:00,26.49,26.4991,26.4401,26.47,7407.0
2026-02-10T12:35:00-05:00,26.46,26.46,26.355,26.355,13754.0
2026-02-10T12:40:00-05:00,26.355,26.39,26.355,26.37,4605.0
2026-02-10T12:45:00-05:00,26.39,26.39,26.3598,26.39,8785.0
2026-02-10T12:50:00-05:00,26.37,26.4011,26.37,26.37,4563.0
2026-02-10T12:55:00-05:00,26.36,26.37,26.335,26.35,12269.0
2026-02-10T13:00:00-05:00,26.34,26.41,26.32,26.4,7968.0
2026-02-10T13:05:00-05:00,26.39,26.4299,26.365,26.42,4246.0
2026-02-10T13:10:00-05:00,26.42,26.44,26.395,26.435,6932.0
2026-02-10T13:15:00-05:00,26.435,26.435,26.38,26.4,4587.0
2026-02-10T13:20:00-05:00,26.395,26.395,26.34,26.34,5905.0
2026-02-10T13:25:00-05:00,26.35,26.35,26.19,26.1941,10840.0
2026-02-10T13:30:00-05:00,26.1902,26.29,26.19,26.2,14253.0
2026-02-10T13:35:00-05:00,26.21,26.295,26.21,26.29,24430.0
2026-02-10T13:40:00-05:00,26.29,26.31,26.27,26.3,9916.0
2026-02-10T13:45:00-05:00,26.295,26.35,26.295,26.335,9675.0
2026-02-10T13:50:00-05:00,26.335,26.36,26.31,26.31,12406.0
2026-02-10T13:55:00-05:00,26.29,26.37,26.275,26.34,6101.0
2026-02-10T14:00:00-05:00,26.34,26.435,26.295,26.39,64209.0
2026-02-10T14:05:00-05:00,26.395,26.45,26.375,26.42,20660.0
2026-02-10T14:10:00-05:00,26.435,26.49,26.435,26.49,9592.0
2026-02-10T14:15:00-05:00,26.4717,26.5,26.47,26.48,6089.0
2026-02-10T14:20:00-05:00,26.48,26.54,26.48,26.53,10276.0
2026-02-10T14:25:00-05:00,26.55,26.62,26.54,26.62,16334.0
2026-02-10T14:30:00-05:00,26.65,26.73,26.65,26.7,13885.0
2026-02-10T14:35:00-05:00,26.69,26.74,26.69,26.72,23812.0
2026-02-10T14:40:00-05:00,26.72,26.8,26.69,26.72,20348.0
2026-02-10T14:45:00-05:00,26.73,26.79,26.73,26.78,9587.0
2026-02-10T14:50:00-05:00,26.79,26.89,26.79,26.89,6434.0
2026-02-10T14:55:00-05:00,26.88,26.95,26.87,26.88,13830.0
2026-02-10T15:00:00-05:00,26.88,26.892,26.81,26.81,34635.0
2026-02-10T15:05:00-05:00,26.81,26.815,26.7433,26.79,11657.0
2026-02-10T15:10:00-05:00,26.79,26.81,26.78,26.81,12455.0
2026-02-10T15:15:00-05:00,26.8,26.86,26.79,26.85,16995.0
2026-02-10T15:20:00-05:00,26.84,26.86,26.8245,26.85,10215.0
2026-02-10T15:25:00-05:00,26.84,26.84,26.75,26.77,12457.0
2026-02-10T15:30:00-05:00,26.76,26.79,26.72,26.78,13684.0
2026-02-10T15:35:00-05:00,26.79,26.86,26.79,26.84,22294.0
2026-02-10T15:40:00-05:00,26.84,26.87,26.84,26.855,16445.0
2026-02-10T15:45:00-05:00,26.86,26.88,26.84,26.85,22556.0
2026-02-10T15:50:00-05:00,26.84,26.88,26.76,26.76,555750.0
2026-02-10T15:55:00-05:00,26.76,26.76,26.63,26.65,132775.0
2026-02-11T09:30:00-05:00,27.375,27.375,27.059999,27.15,82333.0
2026-02-11T09:35:00-05:00,27.12,27.12,26.72,26.7216,46653.0
2026-02-11T09:40:00-05:00,26.7399,26.77,26.39,26.49,52259.0
2026-02-11T09:45:00-05:00,26.495,26.675,26.46,26.54,29712.0
2026-02-11T09:50:00-05:00,26.49,26.68,26.48,26.64,23720.0
2026-02-11T09:55:00-05:00,26.65,26.84,26.65,26.74,21631.0
2026-02-11T10:00:00-05:00,26.735,26.77,26.46,26.6499,35378.0
2026-02-11T10:05:00-05:00,26.6201,26.73,26.6201,26.675,11929.0
2026-02-11T10:10:00-05:00,26.67,26.72,26.53,26.59,12248.0
2026-02-11T10:15:00-05:00,26.61,26.7,26.332,26.332,23365.0
2026-02-11T10:20:00-05:00,26.36,26.46,26.21,26.21,16237.0
2026-02-11T10:25:00-05:00,26.24,26.44,26.24,26.38,25475.0
2026-02-11T10:30:00-05:00,26.35,26.35,26.2,26.2,23223.0
2026-02-11T10:35:00-05:00,26.21,26.29,26.16,26.29,19477.0
2026-02-11T10:40:00-05:00,26.31,26.4,26.295,26.365,13180.0
2026-02-11T10:45:00-05:00,26.385,26.42,26.25,26.25,9403.0
2026-02-11T10:50:00-05:00,26.24,26.51,26.24,26.47,11550.0
2026-02-11T10:55:00-05:00,26.5055,26.515,26.3801,26.46,21984.0
2026-02-11T11:00:00-05:00,26.4695,26.505,26.38,26.41,11531.0
2026-02-11T11:05:00-05:00,26.42,26.425,26.3501,26.3501,15250.0
2026-02-11T11:10:00-05:00,26.345,26.43,26.33,26.4,9132.0
2026-02-11T11:15:00-05:00,26.39,26.46,26.345,26.4301,7751.0
2026-02-11T11:20:00-05:00,26.43,26.5537,26.42,26.5289,6808.0
2026-02-11T11:25:00-05:00,26.53,26.55,26.4546,26.515,15964.0
2026-02-11T11:30:00-05:00,26.49,26.59,26.42,26.55,17671.0
2026-02-11T11:35:00-05:00,26.54,26.565,26.5199,26.555,8083.0
2026-02-11T11:40:00-05:00,26.57,26.735,26.57,26.735,16437.0
2026-02-11T11:45:00-05:00,26.749,26.8368,26.74,26.75,22538.0
2026-02-11T11:50:00-05:00,26.76,26.81,26.735,26.775,9807.0
2026-02-11T11:55:00-05:00,26.775,26.84,26.72,26.82,13474.0
2026-02-11T12:00:00-05:00,26.78,26.79,26.68,26.72,8589.0
2026-02-11T12:05:00-05:00,26.71,26.735,26.67,26.69,16096.0
2026-02-11T12:10:00-05:00,26.72,26.8,26.69,26.74,6415.0
2026-02-11T12:15:00-05:00,26.76,26.835,26.745,26.8,19366.0
2026-02-11T12:20:00-05:00,26.805,26.82,26.755,26.82,6267.0
2026-02-11T12:25:00-05:00,26.815,26.84,26.75,26.78,15444.0
2026-02-11T12:30:00-05:00,26.7765,26.79,26.75,26.76,5964.0
2026-02-11T12:35:00-05:00,26.76,26.795,26.76,26.795,5763.0
2026-02-11T12:40:00-05:00,26.7999,26.855,26.79,26.855,11214.0
2026-02-11T12:45:00-05:00,26.8508,26.885,26.81,26.865,12380.0
2026-02-11T12:50:00-05:00,26.855,26.89,26.85,26.87,4647.0
2026-02-11T12:55:00-05:00,26.87,26.87,26.805,26.83,4956.0
2026-02-11T13:00:00-05:00,26.825,26.85,26.76,26.85,25472.0
2026-02-11T13:05:00-05:00,26.855,26.91,26.79,26.885,13410.0
2026-02-11T13:10:00-05:00,26.88,26.9,26.87,26.9,12779.0
2026-02-11T13:15:00-05:00,26.89,26.97,26.89,26.935,8554.0
2026-02-11T13:20:00-05:00,26.95,26.95,26.875,26.89,9292.0
2026-02-11T13:25:00-05:00,26.91,26.965,26.885,26.93,24048.0
2026-02-11T13:30:00-05:00,26.9498,26.99,26.91,26.96,9934.0
2026-02-11T13:35:00-05:00,26.95,27.055,26.94,27.049999,10364.0
2026-02-11T13:40:00-05:00,27.040001,27.040001,26.975,27.0,18212.0
2026-02-11T13:45:00-05:00,27.01,27.030001,27.0049992,27.0049992,8747.0
2026-02-11T13:50:00-05:00,27.02,27.02,26.88,26.91,53792.0
2026-02-11T13:55:00-05:00,26.92,27.040001,26.92,27.040001,15849.0
2026-02-11T14:00:00-05:00,27.049999,27.12,27.040001,27.1,12946.0
2026-02-11T14:05:00-05:00,27.090099,27.2,27.08,27.1299,35639.0
2026-02-11T14:10:00-05:00,27.14,27.21,27.125,27.2,8986.0
2026-02-11T14:15:00-05:00,27.195,27.26,27.18,27.24,15772.0
2026-02-11T14:20:00-05:00,27.245,27.295,27.2401,27.28,12098.0
2026-02-11T14:25:00-05:00,27.25,27.325,27.24,27.325,24312.0
2026-02-11T14:30:00-05:00,27.325,27.325,27.165,27.22,21385.0
2026-02-11T14:35:00-05:00,27.22,27.22,27.19,27.2,10756.0
2026-02-11T14:40:00-05:00,27.2,27.27,27.2,27.27,10945.0
2026-02-11T14:45:00-05:00,27.27,27.27,27.12,27.23,32491.0
2026-02-11T14:50:00-05:00,27.23,27.3,27.23,27.275,38950.0
2026-02-11T14:55:00-05:00,27.28,27.29,27.19,27.205,69431.0
2026-02-11T15:00:00-05:00,27.2,27.2,27.145,27.195,38240.0
2026-02-11T15:05:00-05:00,27.205,27.3,27.205,27.26,22764.0
2026-02-11T15:10:00-05:00,27.26,27.27,27.215,27.24,21239.0
2026-02-11T15:15:00-05:00,27.24,27.295,27.23,27.29,14576.0
2026-02-11T15:20:00-05:00,27.29,27.34,27.2701,27.32,41433.0
2026-02-11T15:25:00-05:00,27.32,27.38,27.215,27.23,73596.0
2026-02-11T15:30:00-05:00,27.23,27.3,27.22,27.28,26214.0
2026-02-11T15:35:00-05:00,27.29,27.37,27.26,27.37,44200.0
2026-02-11T15:40:00-05:00,27.37,27.39,27.33,27.35,38054.0
2026-02-11T15:45:00-05:00,27.36,27.38,27.3,27.315,35410.0
2026-02-11T15:50:00-05:00,27.33,27.43,27.275,27.42,74895.0
2026-02-11T15:55:00-05:00,27.425,27.55,27.42,27.52,174115.0
2026-02-12T09:30:00-05:00,27.52,27.58,27.2,27.48,46555.0
2026-02-12T09:35:00-05:00,27.51,27.6,27.205,27.26,26420.0
2026-02-12T09:40:00-05:00,27.29,27.43,27.25,27.25,50260.0
2026-02-12T09:45:00-05:00,27.235,27.36,27.11,27.16,36727.0
2026-02-12T09:50:00-05:00,27.13,27.36,27.12,27.36,16772.0
2026-02-12T09:55:00-05:00,27.37,27.38,26.95,27.059999,55108.0
2026-02-12T10:00:00-05:00,27.09,27.4002,27.059999,27.37,31339.0
2026-02-12T10:05:00-05:00,27.37,27.45,27.295,27.32,13812.0
2026-02-12T10:10:00-05:00,27.35,27.58,27.35,27.58,31819.0
2026-02-12T10:15:00-05:00,27.6,27.7,27.55,27.63,26039.0
2026-02-12T10:20:00-05:00,27.6,27.61,27.44,27.44,18352.0
2026-02-12T10:25:00-05:00,27.47,27.54,27.42,27.54,12824.0
2026-02-12T10:30:00-05:00,27.56,27.65,27.55,27.55,20896.0
2026-02-12T10:35:00-05:00,27.53,27.605,27.38,27.41,27363.0
2026-02-12T10:40:00-05:00,27.45,27.58,27.4,27.58,10986.0
2026-02-12T10:45:00-05:00,27.6,27.695,27.5857,27.62,10832.0
2026-02-12T10:50:00-05:00,27.65,27.78,27.64,27.65,10810.0
2026-02-12T10:55:00-05:00,27.66,27.76,27.57,27.57,9140.0
2026-02-12T11:00:00-05:00,27.59,27.69,27.58,27.66,31142.0
2026-02-12T11:05:00-05:00,27.67,27.67,27.53,27.64,38776.0
2026-02-12T11:10:00-05:00,27.6,27.6,27.0338,27.0338,40167.0
2026-02-12T11:15:00-05:00,27.035,27.075001,26.84,26.885,48123.0
2026-02-12T11:20:00-05:00,26.87,26.945,26.71,26.71,58767.0
2026-02-12T11:25:00-05:00,26.75,26.775,26.345,26.379,77891.0
2026-02-12T11:30:00-05:00,26.38,26.5355,26.375,26.4601,22275.0
2026-02-12T11:35:00-05:00,26.485,26.6,26.44,26.55,44963.0
2026-02-12T11:40:00-05:00,26.57,26.605,26.47,26.53,23771.0
2026-02-12T11:45:00-05:00,26.54,26.54,26.27,26.31,25359.0
2026-02-12T11:50:00-05:00,26.305,26.37,26.145,26.16,45316.0
2026-02-12T11:55:00-05:00,26.18,26.26,26.075001,26.16,62913.0
2026-02-12T12:00:00-05:00,26.15,26.26,26.09,26.18,450348.0
2026-02-12T12:05:00-05:00,26.17,26.31,26.031,26.3,12500.0
2026-02-12T12:10:00-05:00,26.26,26.26,26.16,26.235,8054.0
2026-02-12T12:15:00-05:00,26.21,26.2451,26.16,26.23,7245.0
2026-02-12T12:20:00-05:00,26.245,26.53,26.245,26.49,14449.0
2026-02-12T12:25:00-05:00,26.46,26.527,26.25,26.27,46338.0
2026-02-12T12:30:00-05:00,26.24,26.47,26.2397,26.46,19094.0
2026-02-12T12:35:00-05:00,26.46,26.59,26.46,26.47,27124.0
2026-02-12T12:40:00-05:00,26.49,26.63,26.49,26.63,11892.0
2026-02-12T12:45:00-05:00,26.63,26.63,26.47,26.55,13601.0
2026-02-12T12:50:00-05:00,26.61,26.6417,26.485,26.6417,17342.0
2026-02-12T12:55:00-05:00,26.66,26.676,26.5,26.54,17492.0
2026-02-12T13:00:00-05:00,26.55,26.64,26.49,26.63,20889.0
2026-02-12T13:05:00-05:00,26.6,26.66,26.49,26.55,34632.0
2026-02-12T13:10:00-05:00,26.54,26.595,26.53,26.56,10541.0
2026-02-12T13:15:00-05:00,26.56,26.5839,26.48,26.5,67814.0
2026-02-12T13:20:00-05:00,26.5,26.56,26.45,26.53,18917.0
2026-02-12T13:25:00-05:00,26.505,26.59,26.26,26.33,781880.0
2026-02-12T13:30:00-05:00,26.33,26.49,26.26,26.49,6222.0
2026-02-12T13:35:00-05:00,26.5,26.57,26.5,26.5404,9730.0
2026-02-12T13:40:00-05:00,26.56,26.68,26.53,26.665,6641.0
2026-02-12T13:45:00-05:00,26.68,26.68,26.63,26.645,8031.0
2026-02-12T13:50:00-05:00,26.65,26.84,26.64,26.735,22339.0
2026-02-12T13:55:00-05:00,26.735,26.8,26.4,26.47,59938.0
2026-02-12T14:00:00-05:00,26.49,26.5999,26.45,26.51,22729.0
2026-02-12T14:05:00-05:00,26.55,26.66,26.55,26.63,8293.0
2026-02-12T14:10:00-05:00,26.615,26.68,26.6,26.675,8077.0
2026-02-12T14:15:00-05:00,26.69,26.8347,26.67,26.815,12817.0
2026-02-12T14:20:00-05:00,26.81,26.84,26.78,26.83,24132.0
2026-02-12T14:25:00-05:00,26.83,26.8454,26.72,26.74,69930.0
2026-02-12T14:30:00-05:00,26.73,26.88,26.72,26.87,18187.0
2026-02-12T14:35:00-05:00,26.88,26.92,26.85,26.91,14849.0
2026-02-12T14:40:00-05:00,26.91,26.98,26.91,26.96,17078.0
2026-02-12T14:45:00-05:00,26.97,27.0,26.97,26.995,8557.0
2026-02-12T14:50:00-05:00,27.01,27.19,26.97,27.01,103590.0
2026-02-12T14:55:00-05:00,27.0,27.014999,26.855,26.9,111802.0
2026-02-12T15:00:00-05:00,26.92,26.96,26.86,26.8899,22378.0
2026-02-12T15:05:00-05:00,26.85,26.865,26.75,26.77,27200.0
2026-02-12T15:10:00-05:00,26.765,26.79,26.67,26.69,22630.0
2026-02-12T15:15:00-05:00,26.685,26.685,26.58,26.58,13472.0
2026-02-12T15:20:00-05:00,26.57,26.57,26.34,26.34,33154.0
2026-02-12T15:25:00-05:00,26.34,26.35,26.2375,26.28,20923.0
2026-02-12T15:30:00-05:00,26.27,26.29,26.23,26.24,21657.0
2026-02-12T15:35:00-05:00,26.235,26.25,26.13,26.13,16710.0
2026-02-12T15:40:00-05:00,26.15,26.25,26.145,26.21,22108.0
2026-02-12T15:45:00-05:00,26.2,26.2,26.08,26.11,30064.0
2026-02-12T15:50:00-05:00,26.11,26.13,26.0,26.049999,70251.0
2026-02-12T15:55:00-05:00,26.049999,26.11,25.91,25.91,168950.0
2026-02-13T09:30:00-05:00,26.27,27.09,26.27,26.895,80942.0
2026-02-13T09:35:00-05:00,26.9,27.135,26.35,26.355,35125.0
2026-02-13T09:40:00-05:00,26.345,26.61,26.084999,26.61,50300.0
2026-02-13T09:45:00-05:00,26.64,26.955,26.62,26.71,29127.0
2026-02-13T09:50:00-05:00,26.67,26.87,26.57,26.78,19063.0
2026-02-13T09:55:00-05:00,26.79,26.97,26.72,26.85,20063.0
2026-02-13T10:00:00-05:00,26.86,27.09,26.85,26.955,32063.0
2026-02-13T10:05:00-05:00,26.96,27.2,26.87,27.19,40202.0
2026-02-13T10:10:00-05:00,27.18,27.29,27.045,27.07,22756.0
2026-02-13T10:15:00-05:00,27.09,27.14,26.92,26.99,25151.0
2026-02-13T10:20:00-05:00,26.995,27.13,26.975,27.13,13380.0
2026-02-13T10:25:00-05:00,27.15,27.4199,27.15,27.4199,43681.0
2026-02-13T10:30:00-05:00,27.4,27.44,27.33,27.44,11387.0
2026-02-13T10:35:00-05:00,27.455,27.57,27.43,27.52,21705.0
2026-02-13T10:40:00-05:00,27.51,27.73,27.5001,27.6396,44224.0
2026-02-13T10:45:00-05:00,27.65,27.665,27.49,27.55,20881.0
2026-02-13T10:50:00-05:00,27.56,27.83,27.56,27.72,81688.0
2026-02-13T10:55:00-05:00,27.71,27.74,27.49,27.495,302120.0
2026-02-13T11:00:00-05:00,27.51,27.57,27.465,27.54,28072.0
2026-02-13T11:05:00-05:00,27.55,27.66,27.52,27.64,569845.0
2026-02-13T11:10:00-05:00,27.65,27.68,27.55,27.67,25209.0
2026-02-13T11:15:00-05:00,27.665,27.8,27.665,27.79,18910.0
2026-02-13T11:20:00-05:00,27.79,27.82,27.71,27.8,37839.0
2026-02-13T11:25:00-05:00,27.81,27.96,27.805,27.88,27921.0
2026-02-13T11:30:00-05:00,27.89,27.95,27.8,27.95,46200.0
2026-02-13T11:35:00-05:00,27.935,28.0,27.85,27.94,20344.0
2026-02-13T11:40:00-05:00,27.95,27.95,27.875,27.875,12939.0
2026-02-13T11:45:00-05:00,27.89,27.95,27.7902,27.89,45659.0
2026-02-13T11:50:00-05:00,27.91,28.030001,27.9,27.955,115714.0
2026-02-13T11:55:00-05:00,27.95,27.955,27.72,27.73,29769.0
2026-02-13T12:00:00-05:00,27.73,27.825,27.73,27.805,26848.0
2026-02-13T12:05:00-05:00,27.805,27.95,27.8,27.89,23111.0
2026-02-13T12:10:00-05:00,27.89,27.95,27.885,27.945,12610.0
2026-02-13T12:15:00-05:00,27.98,27.995,27.9001,27.945,32643.0
2026-02-13T12:20:00-05:00,27.96,28.0394,27.9401,27.97,15370.0
2026-02-13T12:25:00-05:00,27.98,28.01,27.95,27.95,13543.0
2026-02-13T12:30:00-05:00,27.95,28.059999,27.95,28.059999,19316.0
2026-02-13T12:35:00-05:00,28.0439,28.059999,28.0,28.035,20629.0
2026-02-13T12:40:00-05:00,28.035,28.040001,28.0,28.01,14908.0
2026-02-13T12:45:00-05:00,28.02,28.059999,27.9762,28.0327,18123.0
2026-02-13T12:50:00-05:00,28.040001,28.11,28.030001,28.059999,19411.0
2026-02-13T12:55:00-05:00,28.07,28.11,28.049999,28.09,603263.0
2026-02-13T13:00:00-05:00,28.1,28.13,28.02,28.07,614216.0
2026-02-13T13:05:00-05:00,28.07,28.09,27.98,27.98,13609.0
2026-02-13T13:10:00-05:00,27.995,28.09,27.975,28.059999,13897.0
2026-02-13T13:15:00-05:00,28.049999,28.13,27.98,28.01,17621.0
2026-02-13T13:20:00-05:00,28.014999,28.1,28.014999,28.059999,12054.0
2026-02-13T13:25:00-05:00,28.059999,28.059999,27.86,27.87,33854.0
2026-02-13T13:30:00-05:00,27.875,28.084999,27.84,28.0474,27018.0
2026-02-13T13:35:00-05:00,28.065001,28.22,28.065001,28.175,25294.0
2026-02-13T13:40:00-05:00,28.2,28.2,28.08,28.17,121364.0
2026-02-13T13:45:00-05:00,28.18,28.18,28.049999,28.065001,26422.0
2026-02-13T13:50:00-05:00,28.049999,28.07,27.9601,28.0049992,18366.0
2026-02-13T13:55:00-05:00,28.014999,28.056999,28.0,28.030001,16274.0
2026-02-13T14:00:00-05:00,28.02,28.09,28.01,28.040001,12010.0
2026-02-13T14:05:00-05:00,28.049999,28.1,28.040501,28.07,33013.0
2026-02-13T14:10:00-05:00,28.07,28.07,27.9401,27.955,18677.0
2026-02-13T14:15:00-05:00,27.97,27.98,27.925,27.98,13692.0
2026-02-13T14:20:00-05:00,28.0,28.09,27.99,28.08,11604.0
2026-02-13T14:25:00-05:00,28.089899,28.089899,27.83,27.87,23694.0
2026-02-13T14:30:00-05:00,27.86,28.030001,27.82,28.025,25998.0
2026-02-13T14:35:00-05:00,28.040001,28.07,27.99,28.01,18224.0
2026-02-13T14:40:00-05:00,28.01,28.02,27.965,28.0074997,11850.0
2026-02-13T14:45:00-05:00,28.01,28.084999,27.99,28.0049992,13336.0
2026-02-13T14:50:00-05:00,28.02,28.02,27.87,27.89,843071.0
2026-02-13T14:55:00-05:00,27.88,27.92,27.7201,27.745,28530.0
2026-02-13T15:00:00-05:00,27.755,27.92,27.755,27.885,32927.0
2026-02-13T15:05:00-05:00,27.87,27.9,27.83,27.84,23095.0
2026-02-13T15:10:00-05:00,27.84,27.89,27.82,27.83,288247.0
2026-02-13T15:15:00-05:00,27.84,27.94,27.81,27.925,18906.0
2026-02-13T15:20:00-05:00,27.92,27.92,27.805,27.845,25479.0
2026-02-13T15:25:00-05:00,27.84,27.84,27.7736,27.81,19399.0
2026-02-13T15:30:00-05:00,27.82,27.97,27.82,27.95,49844.0
2026-02-13T15:35:00-05:00,27.94,28.059999,27.94,28.030001,347221.0
2026-02-13T15:40:00-05:00,28.030001,28.15,28.030001,28.14,72882.0
2026-02-13T15:45:00-05:00,28.14,28.17,28.09,28.11,56723.0
2026-02-13T15:50:00-05:00,28.12,28.17,28.032101,28.17,63461.0
2026-02-13T15:55:00-05:00,28.15,28.16,28.08,28.11,1311057.0
2026-02-17T09:30:00-05:00,27.0049992,27.1,26.57,26.8125,109074.0
2026-02-17T09:35:00-05:00,26.88,26.97,26.65,26.68,16947.0
2026-02-17T09:40:00-05:00,26.69,26.805,26.52,26.59,46402.0
2026-02-17T09:45:00-05:00,26.5395,26.61,26.41,26.48,31340.0
2026-02-17T09:50:00-05:00,26.51,26.51,26.059999,26.059999,28533.0
2026-02-17T09:55:00-05:00,26.049999,26.115,25.7501,25.7501,70621.0
2026-02-17T10:00:00-05:00,25.75,25.95,25.68,25.79,213452.0
2026-02-17T10:05:00-05:00,25.82,25.89,25.58,25.6,63659.0
2026-02-17T10:10:00-05:00,25.615,25.68,25.52,25.566,48600.0
2026-02-17T10:15:00-05:00,25.56,26.078501,25.535,26.045099,33336.0
2026-02-17T10:20:00-05:00,26.045,26.045,25.73,25.735,52694.0
2026-02-17T10:25:00-05:00,25.765,25.8091,25.662,25.725,17024.0
2026-02-17T10:30:00-05:00,25.74,25.74,25.54,25.56,22587.0
2026-02-17T10:35:00-05:00,25.57,25.85,25.57,25.785,29589.0
2026-02-17T10:40:00-05:00,25.75,25.85,25.64,25.7397,22860.0
2026-02-17T10:45:00-05:00,25.7305,25.84,25.695,25.81,17862.0
2026-02-17T10:50:00-05:00,25.78,25.81,25.67,25.75,14632.0
2026-02-17T10:55:00-05:00,25.76,25.85,25.73,25.82,14093.0
2026-02-17T11:00:00-05:00,25.84,26.11,25.84,26.040001,56584.0
2026-02-17T11:05:00-05:00,26.049999,26.287,26.02,26.287,53628.0
2026-02-17T11:10:00-05:00,26.26,26.3,26.17,26.175,20374.0
2026-02-17T11:15:00-05:00,26.17,26.31,26.16,26.25,22698.0
2026-02-17T11:20:00-05:00,26.23,26.34,26.18,26.31,20354.0
2026-02-17T11:25:00-05:00,26.31,26.3699,26.2324,26.26,19972.0
2026-02-17T11:30:00-05:00,26.26,26.35,26.15,26.35,19054.0
2026-02-17T11:35:00-05:00,26.35,26.44,26.34,26.405,16465.0
2026-02-17T11:40:00-05:00,26.39,26.45,26.3,26.375,18083.0
2026-02-17T11:45:00-05:00,26.38,26.39,26.28,26.335,20486.0
2026-02-17T11:50:00-05:00,26.35,26.39,26.31,26.355,10600.0
2026-02-17T11:55:00-05:00,26.4,26.425,26.19,26.245,18767.0
2026-02-17T12:00:00-05:00,26.245,26.245,26.14,26.145,19460.0
2026-02-17T12:05:00-05:00,26.13,26.22,26.11,26.16,16345.0
2026-02-17T12:10:00-05:00,26.165,26.165,25.96,26.014999,19949.0
2026-02-17T12:15:00-05:00,26.030001,26.1,25.95,26.1,24043.0
2026-02-17T12:20:00-05:00,26.094999,26.14,26.049999,26.1,17923.0
2026-02-17T12:25:00-05:00,26.105,26.18,26.09,26.18,15947.0
2026-02-17T12:30:00-05:00,26.195,26.2,26.025,26.1,17683.0
2026-02-17T12:35:00-05:00,26.09,26.13,26.059999,26.09,12390.0
2026-02-17T12:40:00-05:00,26.1,26.1499,26.01,26.040001,9635.0
2026-02-17T12:45:00-05:00,26.01,26.14,25.99,26.125,11636.0
2026-02-17T12:50:00-05:00,26.14,26.15,26.038799,26.09,11456.0
2026-02-17T12:55:00-05:00,26.084999,26.2,26.07,26.155,32396.0
2026-02-17T13:00:00-05:00,26.15,26.2,26.094999,26.175,41934.0
2026-02-17T13:05:00-05:00,26.17,26.22,26.135,26.16,40981.0
2026-02-17T13:10:00-05:00,26.13,26.205,26.13,26.2,23448.0
2026-02-17T13:15:00-05:00,26.2,26.2,26.11,26.125,14519.0
2026-02-17T13:20:00-05:00,26.14,26.33,26.14,26.33,602098.0
2026-02-17T13:25:00-05:00,26.32,26.37,26.285,26.36,11331.0
2026-02-17T13:30:00-05:00,26.33,26.36,26.22,26.31,8106.0
2026-02-17T13:35:00-05:00,26.32,26.4887,26.32,26.4799,11245.0
2026-02-17T13:40:00-05:00,26.47,26.52,26.41,26.415,12736.0
2026-02-17T13:45:00-05:00,26.44,26.48,26.38,26.47,10798.0
2026-02-17T13:50:00-05:00,26.49,26.515,26.44,26.48,649222.0
2026-02-17T13:55:00-05:00,26.48,26.54,26.45,26.47,16158.0
2026-02-17T14:00:00-05:00,26.48,26.5,26.43,26.47,12705.0
2026-02-17T14:05:00-05:00,26.47,26.49,26.43,26.43,15980.0
2026-02-17T14:10:00-05:00,26.42,26.44,26.34,26.4,20594.0
2026-02-17T14:15:00-05:00,26.402,26.43,26.37,26.39,11097.0
2026-02-17T14:20:00-05:00,26.39,26.45,26.365,26.45,7901.0
2026-02-17T14:25:00-05:00,26.455,26.455,26.3,26.35,23953.0
2026-02-17T14:30:00-05:00,26.35,26.42,26.33,26.42,11560.0
2026-02-17T14:35:00-05:00,26.4,26.47,26.4,26.47,15134.0
2026-02-17T14:40:00-05:00,26.47,26.48,26.419,26.44,12882.0
2026-02-17T14:45:00-05:00,26.44,26.46,26.36,26.435,13932.0
2026-02-17T14:50:00-05:00,26.44,26.445,26.34,26.39,19595.0
2026-02-17T14:55:00-05:00,26.42,26.46,26.34,26.36,14628.0
2026-02-17T15:00:00-05:00,26.34,26.4,26.34,26.3732,13524.0
2026-02-17T15:05:00-05:00,26.38,26.38,26.21,26.21,12293.0
2026-02-17T15:10:00-05:00,26.23,26.28,26.22,26.2699,14016.0
2026-02-17T15:15:00-05:00,26.255,26.26,26.13,26.13,124925.0
2026-02-17T15:20:00-05:00,26.13,26.16,26.07,26.09,29459.0
2026-02-17T15:25:00-05:00,26.094999,26.12,26.030001,26.049999,30009.0
2026-02-17T15:30:00-05:00,26.040001,26.1,26.01,26.059999,32151.0
2026-02-17T15:35:00-05:00,26.055,26.059999,25.951,26.0,52632.0
2026-02-17T15:40:00-05:00,26.0,26.11,25.97,25.97,60523.0
2026-02-17T15:45:00-05:00,25.975,25.98,25.89,25.955,64027.0
2026-02-17T15:50:00-05:00,25.95,26.059999,25.94,26.059999,98900.0
2026-02-17T15:55:00-05:00,26.07,26.07,25.87,25.91,267431.0
2026-02-18T09:30:00-05:00,26.81,26.89,25.92,26.0,305110.0
2026-02-18T09:35:00-05:00,26.09,26.45,26.0,26.165,64528.0
2026-02-18T09:40:00-05:00,26.2295,26.2295,25.69,26.2,111670.0
2026-02-18T09:45:00-05:00,26.2,26.4,25.55,25.84,68061.0
2026-02-18T09:50:00-05:00,25.84,26.030001,25.3325,25.56,232937.0
2026-02-18T09:55:00-05:00,25.5801,25.84,25.21,25.82,150468.0
2026-02-18T10:00:00-05:00,25.8386,26.81,25.8386,26.47,152560.0
2026-02-18T10:05:00-05:00,26.4889,26.595,26.025,26.1855,93980.0
2026-02-18T10:10:00-05:00,26.18,26.34,26.049999,26.135,78465.0
2026-02-18T10:15:00-05:00,26.1,26.2,25.905,26.2,88370.0
2026-02-18T10:20:00-05:00,26.215,26.54,26.2,26.52,71304.0
2026-02-18T10:25:00-05:00,26.515,26.67,26.4601,26.65,73989.0
2026-02-18T10:30:00-05:00,26.67,26.755,26.585,26.725,76648.0
2026-02-18T10:35:00-05:00,26.79,26.82,26.57,26.62,58098.0
2026-02-18T10:40:00-05:00,26.65,26.88,26.61,26.88,43756.0
2026-02-18T10:45:00-05:00,26.9,26.955,26.81,26.955,48995.0
2026-02-18T10:50:00-05:00,26.9735,27.049999,26.7081,26.7081,57075.0
2026-02-18T10:55:00-05:00,26.735,26.76,26.57,26.57,39397.0
2026-02-18T11:00:00-05:00,26.585,26.595,26.36,26.53,49163.0
2026-02-18T11:05:00-05:00,26.5,26.56,26.335,26.35,489648.0
2026-02-18T11:10:00-05:00,26.35,26.44,26.18,26.18,332676.0
2026-02-18T11:15:00-05:00,26.18,26.2754,26.135,26.15,30043.0
2026-02-18T11:20:00-05:00,26.15,26.25,26.030001,26.25,41394.0
2026-02-18T11:25:00-05:00,26.265,26.51,26.265,26.45,26094.0
2026-02-18T11:30:00-05:00,26.45,26.75,26.42,26.59,34274.0
2026-02-18T11:35:00-05:00,26.6,26.66,26.53,26.56,58516.0
2026-02-18T11:40:00-05:00,26.52,26.66,26.4424,26.64,42882.0
2026-02-18T11:45:00-05:00,26.64,26.665,26.36,26.4,23900.0
2026-02-18T11:50:00-05:00,26.39,26.41,26.27,26.29,11147.0
2026-02-18T11:55:00-05:00,26.285,26.33,26.17,26.21,13882.0
2026-02-18T12:00:00-05:00,26.23,26.28,26.2,26.24,15652.0
2026-02-18T12:05:00-05:00,26.26,26.35,26.25,26.33,19872.0
2026-02-18T12:10:00-05:00,26.325,26.33,26.24,26.275,44730.0
2026-02-18T12:15:00-05:00,26.25,26.265,26.203,26.24,20820.0
2026-02-18T12:20:00-05:00,26.25,26.355,26.25,26.32,18697.0
2026-02-18T12:25:00-05:00,26.321,26.34,26.25,26.32,20010.0
2026-02-18T12:30:00-05:00,26.3,26.32,26.22,26.23,14138.0
2026-02-18T12:35:00-05:00,26.25,26.32,26.2,26.2,803406.0
2026-02-18T12:40:00-05:00,26.2,26.2539,26.162,26.18,29032.0
2026-02-18T12:45:00-05:00,26.185,26.19,26.1062,26.135,25933.0
2026-02-18T12:50:00-05:00,26.13,26.21,26.13,26.21,9462.0
2026-02-18T12:55:00-05:00,26.205,26.27,26.17,26.265,16835.0
2026-02-18T13:00:00-05:00,26.27,26.34,26.27,26.33,16526.0
2026-02-18T13:05:00-05:00,26.32,26.33,26.115,26.125,43178.0
2026-02-18T13:10:00-05:00,26.13,26.17,26.040001,26.049999,30911.0
2026-02-18T13:15:00-05:00,26.049999,26.1,26.049999,26.09,11831.0
2026-02-18T13:20:00-05:00,26.08,26.17,26.07,26.08,18905.0
2026-02-18T13:25:00-05:00,26.07,26.09,25.97,26.07,19524.0
2026-02-18T13:30:00-05:00,26.059999,26.13,26.059999,26.13,18643.0
2026-02-18T13:35:00-05:00,26.16,26.22,26.125,26.18,10992.0
2026-02-18T13:40:00-05:00,26.19,26.25,26.15,26.21,15590.0
2026-02-18T13:45:00-05:00,26.2,26.36,26.2,26.32,35905.0
2026-02-18T13:50:00-05:00,26.32,26.3595,26.255,26.31,27429.0
2026-02-18T13:55:00-05:00,26.295,26.39,26.29,26.36,48215.0
2026-02-18T14:00:00-05:00,26.35,26.57,26.3152,26.52,2420726.0
2026-02-18T14:05:00-05:00,26.51,26.51,26.385,26.43,17606.0
2026-02-18T14:10:00-05:00,26.44,26.57,26.43,26.54,16936.0
2026-02-18T14:15:00-05:00,26.555,26.555,26.36,26.44,12304.0
2026-02-18T14:20:00-05:00,26.42,26.4455,26.3,26.39,29504.0
2026-02-18T14:25:00-05:00,26.3854,26.5073,26.32,26.48,2438474.0
2026-02-18T14:30:00-05:00,26.5,26.51,26.33,26.45,22813.0
2026-02-18T14:35:00-05:00,26.5,26.62,26.4,26.6,46367.0
2026-02-18T14:40:00-05:00,26.6038,26.69,26.58,26.6,25857.0
2026-02-18T14:45:00-05:00,26.6199,26.6199,26.48,26.53,22940.0
2026-02-18T14:50:00-05:00,26.51,26.51,26.39,26.46,25322.0
2026-02-18T14:55:00-05:00,26.46,26.49,26.37,26.465,20631.0
2026-02-18T15:00:00-05:00,26.475,26.56,26.44,26.56,16556.0
2026-02-18T15:05:00-05:00,26.545,26.62,26.51,26.565,21999.0
2026-02-18T15:10:00-05:00,26.57,26.58,26.44,26.44,14357.0
2026-02-18T15:15:00-05:00,26.43,26.49,26.385,26.42,33281.0
2026-02-18T15:20:00-05:00,26.43,26.67,26.39,26.66,24390.0
2026-02-18T15:25:00-05:00,26.67,26.91,26.67,26.81,45516.0
2026-02-18T15:30:00-05:00,26.78,26.965,26.67,26.7525,95786.0
2026-02-18T15:35:00-05:00,26.75,26.99,26.74,26.99,1284703.0
2026-02-18T15:40:00-05:00,26.99,27.0,26.84,26.85,86430.0
2026-02-18T15:45:00-05:00,26.84,26.96,26.8331,26.92,79472.0
2026-02-18T15:50:00-05:00,26.92,27.030001,26.87,26.88,101651.0
2026-02-18T15:55:00-05:00,26.88,26.88,26.58,26.58,399653.0
2026-02-19T09:30:00-05:00,26.56,26.7,26.0,26.35,65398.0
2026-02-19T09:35:00-05:00,26.35,26.39,26.0,26.19,73116.0
2026-02-19T09:40:00-05:00,26.2,26.53,26.02,26.53,26578.0
2026-02-19T09:45:00-05:00,26.51,26.78,26.4,26.72,26226.0
2026-02-19T09:50:00-05:00,26.72,26.86,26.63,26.86,34002.0
2026-02-19T09:55:00-05:00,26.85,27.049999,26.76,26.885,89868.0
2026-02-19T10:00:00-05:00,26.861,27.27,26.79,27.14,54238.0
2026-02-19T10:05:00-05:00,27.16,27.19,27.0,27.11,12020.0
2026-02-19T10:10:00-05:00,27.0686,27.21,26.965,26.9899,8418.0
2026-02-19T10:15:00-05:00,26.99,27.27,26.99,27.1296,25004.0
2026-02-19T10:20:00-05:00,27.11,27.34,27.084999,27.32,31993.0
2026-02-19T10:25:00-05:00,27.28,27.47,27.23,27.4576,38030.0
2026-02-19T10:30:00-05:00,27.487,27.95,27.455,27.95,63531.0
2026-02-19T10:35:00-05:00,27.94,28.22,27.91,28.2,101531.0
2026-02-19T10:40:00-05:00,28.22,28.38,28.185,28.295,45974.0
2026-02-19T10:45:00-05:00,28.32,28.34,28.1901,28.32,39307.0
2026-02-19T10:50:00-05:00,28.34,28.34,28.12,28.205,22221.0
2026-02-19T10:55:00-05:00,28.17,28.4,28.17,28.4,25479.0
2026-02-19T11:00:00-05:00,28.3971,28.48,28.3389,28.37,38932.0
2026-02-19T11:05:00-05:00,28.38,28.43,28.2338,28.42,24486.0
2026-02-19T11:10:00-05:00,28.425,28.65,28.42,28.565,54821.0
2026-02-19T11:15:00-05:00,28.59,28.62,28.3401,28.3514,37908.0
2026-02-19T11:20:00-05:00,28.355,28.4,28.26,28.29,34730.0
2026-02-19T11:25:00-05:00,28.29,28.33,28.231,28.3,33714.0
2026-02-19T11:30:00-05:00,28.3,28.39,28.25,28.36,21855.0
2026-02-19T11:35:00-05:00,28.35,28.38,28.2,28.312,26875.0
2026-02-19T11:40:00-05:00,28.315,28.39,28.25,28.3,40852.0
2026-02-19T11:45:00-05:00,28.34,28.43,28.31,28.37,30248.0
2026-02-19T11:50:00-05:00,28.34,28.35,28.23,28.34,14625.0
2026-02-19T11:55:00-05:00,28.33,28.33,28.21,28.28,10399.0
2026-02-19T12:00:00-05:00,28.25,28.295,28.185,28.27,18491.0
2026-02-19T12:05:00-05:00,28.2588,28.33,28.24,28.25,9293.0
2026-02-19T12:10:00-05:00,28.25,28.32,28.25,28.29,9274.0
2026-02-19T12:15:00-05:00,28.295,28.46,28.23,28.46,13870.0
2026-02-19T12:20:00-05:00,28.4501,28.575,28.44,28.47,20717.0
2026-02-19T12:25:00-05:00,28.456,28.47,28.37,28.43,15119.0
2026-02-19T12:30:00-05:00,28.4248,28.57,28.4,28.5596,20828.0
2026-02-19T12:35:00-05:00,28.565,28.59,28.42,28.52,22061.0
2026-02-19T12:40:00-05:00,28.55,28.6,28.535,28.57,8078.0
2026-02-19T12:45:00-05:00,28.57,28.63,28.46,28.49,96895.0
2026-02-19T12:50:00-05:00,28.519,28.57,28.4801,28.4801,14432.0
2026-02-19T12:55:00-05:00,28.51,28.5831,28.43,28.465,13808.0
2026-02-19T13:00:00-05:00,28.465,28.4799,28.36,28.42,18489.0
2026-02-19T13:05:00-05:00,28.42,28.549,28.39,28.49,67116.0
2026-02-19T13:10:00-05:00,28.47,28.56,28.45,28.56,17879.0
2026-02-19T13:15:00-05:00,28.57,28.59,28.51,28.515,13842.0
2026-02-19T13:20:00-05:00,28.48,28.5,28.42,28.47,12196.0
2026-02-19T13:25:00-05:00,28.46,28.49,28.3701,28.3701,8858.0
2026-02-19T13:30:00-05:00,28.385,28.47,28.3449,28.36,19788.0
2026-02-19T13:35:00-05:00,28.37,28.415,28.32,28.325,16712.0
2026-02-19T13:40:00-05:00,28.349,28.349,28.222,28.295,18390.0
2026-02-19T13:45:00-05:00,28.295,28.39,28.26,28.3745,21841.0
2026-02-19T13:50:00-05:00,28.37,28.37,28.28,28.36,21629.0
2026-02-19T13:55:00-05:00,28.358,28.37,28.22,28.31,27249.0
2026-02-19T14:00:00-05:00,28.32,28.36,28.28,28.36,11179.0
2026-02-19T14:05:00-05:00,28.3625,28.475,28.35,28.44,18196.0
2026-02-19T14:10:00-05:00,28.46,28.46,28.29,28.44,26840.0
2026-02-19T14:15:00-05:00,28.44,28.59,28.42,28.575,28455.0
2026-02-19T14:20:00-05:00,28.59,28.605,28.5305,28.57,36495.0
2026-02-19T14:25:00-05:00,28.56,28.6,28.4,28.475,30500.0
2026-02-19T14:30:00-05:00,28.48,28.58,28.4501,28.57,16804.0
2026-02-19T14:35:00-05:00,28.58,28.69,28.58,28.635,181440.0
2026-02-19T14:40:00-05:00,28.635,28.95,28.61,28.93,656957.0
2026-02-19T14:45:00-05:00,28.92,28.97,28.85,28.9501,47680.0
2026-02-19T14:50:00-05:00,28.97,29.01,28.86,28.945,40621.0
2026-02-19T14:55:00-05:00,28.9527,28.97,28.78,28.87,43408.0
2026-02-19T15:00:00-05:00,28.88,28.94,28.81,28.92,33429.0
2026-02-19T15:05:00-05:00,28.91,29.18,28.86,29.1079,127442.0
2026-02-19T15:10:00-05:00,29.12,29.25,29.084999,29.25,35612.0
2026-02-19T15:15:00-05:00,29.245,29.38,29.18,29.3799,47231.0
2026-02-19T15:20:00-05:00,29.37,29.46,29.31,29.4298,39067.0
2026-02-19T15:25:00-05:00,29.4336,29.55,29.4009,29.53,57431.0
2026-02-19T15:30:00-05:00,29.52,29.67,29.44,29.61,72328.0
2026-02-19T15:35:00-05:00,29.6125,29.68,29.315,29.345,82288.0
2026-02-19T15:40:00-05:00,29.34,29.36,29.15,29.15,58731.0
2026-02-19T15:45:00-05:00,29.17,29.37,29.16,29.23,127380.0
2026-02-19T15:50:00-05:00,29.23,29.34,29.1,29.1,93124.0
2026-02-19T15:55:00-05:00,29.09,29.11,29.01,29.1,188624.0
2026-02-20T09:30:00-05:00,29.059999,29.5729,28.88,29.52,137034.0
2026-02-20T09:35:00-05:00,29.365,29.55,29.29,29.42,28113.0
2026-02-20T09:40:00-05:00,29.49,29.93,29.48,29.84,76031.0
2026-02-20T09:45:00-05:00,29.79,29.92,29.68,29.84,30328.0
2026-02-20T09:50:00-05:00,29.83,30.1299,29.79,29.94,194127.0
2026-02-20T09:55:00-05:00,29.935,29.935,29.56,29.8118,31135.0
2026-02-20T10:00:00-05:00,29.74,30.12,29.41,29.58,67084.0
2026-02-20T10:05:00-05:00,29.55,29.55,29.049999,29.31,51837.0
2026-02-20T10:10:00-05:00,29.35,29.39,28.99,29.049999,47652.0
2026-02-20T10:15:00-05:00,29.07,29.43,29.030001,29.27,32549.0
2026-02-20T10:20:00-05:00,29.31,29.37,28.9403,28.9799,24437.0
2026-02-20T10:25:00-05:00,28.9409,29.09,28.6701,28.6973,46505.0
2026-02-20T10:30:00-05:00,28.73,28.77,28.55,28.66,38401.0
2026-02-20T10:35:00-05:00,28.7,28.81,28.48,28.7807,36814.0
2026-02-20T10:40:00-05:00,28.81,29.075001,28.58,29.075001,27576.0
2026-02-20T10:45:00-05:00,29.090099,29.26,29.059999,29.07,24187.0
2026-02-20T10:50:00-05:00,29.073601,29.24,29.073601,29.11,16338.0
2026-02-20T10:55:00-05:00,29.175,29.2,29.049999,29.055,18862.0
2026-02-20T11:00:00-05:00,29.08,29.15,28.9381,29.07,16176.0
2026-02-20T11:05:00-05:00,29.09,29.24,29.09,29.11,8541.0
2026-02-20T11:10:00-05:00,29.1,29.36,29.1,29.26,377301.0
2026-02-20T11:15:00-05:00,29.28,29.34,29.17,29.29,21009.0
2026-02-20T11:20:00-05:00,29.3,29.34,29.225,29.3,13648.0
2026-02-20T11:25:00-05:00,29.24,29.41,29.24,29.33,16256.0
2026-02-20T11:30:00-05:00,29.34,29.49,29.34,29.43,25767.0
2026-02-20T11:35:00-05:00,29.46,29.46,29.3301,29.45,11492.0
2026-02-20T11:40:00-05:00,29.46,29.5755,29.39,29.51,13465.0
2026-02-20T11:45:00-05:00,29.53,29.64,29.5147,29.5599,21758.0
2026-02-20T11:50:00-05:00,29.55,29.72,29.55,29.68,21194.0
2026-02-20T11:55:00-05:00,29.7,29.84,29.6401,29.71,25407.0
2026-02-20T12:00:00-05:00,29.7,29.76,29.64,29.71,17642.0
2026-02-20T12:05:00-05:00,29.7106,29.81,29.7106,29.7365,16343.0
2026-02-20T12:10:00-05:00,29.71,29.7162,29.61,29.64,13089.0
2026-02-20T12:15:00-05:00,29.615,29.632,29.425,29.425,36218.0
2026-02-20T12:20:00-05:00,29.4203,29.4699,29.3801,29.405,13889.0
2026-02-20T12:25:00-05:00,29.38,29.47,29.38,29.47,12024.0
2026-02-20T12:30:00-05:00,29.49,29.57,29.44,29.525,54312.0
2026-02-20T12:35:00-05:00,29.53,29.62,29.52,29.6,15321.0
2026-02-20T12:40:00-05:00,29.603,29.62,29.45,29.62,66664.0
2026-02-20T12:45:00-05:00,29.6,29.7,29.57,29.7,11396.0
2026-02-20T12:50:00-05:00,29.6973,29.8136,29.68,29.7707,17918.0
2026-02-20T12:55:00-05:00,29.8,29.8,29.66,29.72,20574.0
2026-02-20T13:00:00-05:00,29.755,29.82,29.71,29.81,14076.0
2026-02-20T13:05:00-05:00,29.815,29.84,29.76,29.81,15610.0
2026-02-20T13:10:00-05:00,29.81,29.84,29.6801,29.72,37890.0
2026-02-20T13:15:00-05:00,29.715,29.755,29.615,29.66,16283.0
2026-02-20T13:20:00-05:00,29.605,29.63,29.48,29.58,1330447.0
2026-02-20T13:25:00-05:00,29.59,29.6,29.425,29.465,36542.0
2026-02-20T13:30:00-05:00,29.47,29.8239,29.38,29.74,513724.0
2026-02-20T13:35:00-05:00,29.76,29.9,29.57,29.8,26301.0
2026-02-20T13:40:00-05:00,29.83,29.98,29.83,29.92,831871.0
2026-02-20T13:45:00-05:00,29.935,29.99,29.885,29.935,21207.0
2026-02-20T13:50:00-05:00,29.95,29.95,29.82,29.89,16771.0
2026-02-20T13:55:00-05:00,29.88,29.9199,29.85,29.865,10843.0
2026-02-20T14:00:00-05:00,29.875,29.98,29.85,29.91,21268.0
2026-02-20T14:05:00-05:00,29.915,29.935,29.86,29.87,15978.0
2026-02-20T14:10:00-05:00,29.86,29.86,29.8,29.83,20328.0
2026-02-20T14:15:00-05:00,29.82,29.96,29.815,29.96,14344.0
2026-02-20T14:20:00-05:00,29.97,29.9721,29.9102,29.945,26617.0
2026-02-20T14:25:00-05:00,29.945,29.945,29.8,29.83,27061.0
2026-02-20T14:30:00-05:00,29.81,30.0,29.81,29.97,13026.0
2026-02-20T14:35:00-05:00,29.99,30.040001,29.96,29.995,16758.0
2026-02-20T14:40:00-05:00,29.99,30.059999,29.98,30.059999,19256.0
2026-02-20T14:45:00-05:00,30.049999,30.1,30.030001,30.059999,32071.0
2026-02-20T14:50:00-05:00,30.049999,30.18,30.01,30.11,50231.0
2026-02-20T14:55:00-05:00,30.08,30.11,30.02,30.049999,25211.0
2026-02-20T15:00:00-05:00,30.025,30.279,30.02,30.27,30142.0
2026-02-20T15:05:00-05:00,30.27,30.4,30.2468,30.4,38850.0
2026-02-20T15:10:00-05:00,30.4,30.42,30.33,30.41,44361.0
2026-02-20T15:15:00-05:00,30.41,30.46,30.3741,30.4289,32127.0
2026-02-20T15:20:00-05:00,30.43,30.47,30.385,30.47,24386.0
2026-02-20T15:25:00-05:00,30.47,30.47,30.38,30.38,32250.0
2026-02-20T15:30:00-05:00,30.37,30.51,30.32,30.49,49059.0
2026-02-20T15:35:00-05:00,30.49,30.555,30.47,30.55,27237.0
2026-02-20T15:40:00-05:00,30.56,30.57,30.42,30.42,31989.0
2026-02-20T15:45:00-05:00,30.4,30.43,30.24,30.2569,56311.0
2026-02-20T15:50:00-05:00,30.23,30.37,30.21,30.35,53102.0
2026-02-20T15:55:00-05:00,30.36,30.485,30.36,30.465,176846.0
2026-02-23T09:30:00-05:00,30.9989,31.4,30.83,31.084999,192420.0
2026-02-23T09:35:00-05:00,31.030001,31.62,31.01,31.55,128075.0
2026-02-23T09:40:00-05:00,31.52,31.56,31.25,31.33,41769.0
2026-02-23T09:45:00-05:00,31.335,31.68,31.31,31.48,143444.0
2026-02-23T09:50:00-05:00,31.51,31.63,31.41,31.583,39640.0
2026-02-23T09:55:00-05:00,31.53,31.66,31.35,31.5699,59817.0
2026-02-23T10:00:00-05:00,31.57,31.63,31.045,31.11,39672.0
2026-02-23T10:05:00-05:00,31.12,31.4,31.12,31.34,29950.0
2026-02-23T10:10:00-05:00,31.38,31.43,31.2,31.3438,18983.0
2026-02-23T10:15:00-05:00,31.32,31.32,30.9583,30.995,42679.0
2026-02-23T10:20:00-05:00,31.02,31.2299,30.93,31.07,41905.0
2026-02-23T10:25:00-05:00,31.08,31.09,30.94,31.060101,42420.0
2026-02-23T10:30:00-05:00,31.094999,31.12,31.0049992,31.040001,52913.0
2026-02-23T10:35:00-05:00,31.059999,31.084999,30.965,31.065001,20414.0
2026-02-23T10:40:00-05:00,31.040001,31.08,30.88,30.955,28233.0
2026-02-23T10:45:00-05:00,30.93,30.94,30.8438,30.85,19701.0
2026-02-23T10:50:00-05:00,30.89,30.92,30.64,30.65,33598.0
2026-02-23T10:55:00-05:00,30.63,30.68,30.515,30.52,21445.0
2026-02-23T11:00:00-05:00,30.5,30.55,30.34,30.38,55350.0
2026-02-23T11:05:00-05:00,30.38,30.64,30.31,30.64,38422.0
2026-02-23T11:10:00-05:00,30.66,30.67,30.55,30.605,17325.0
2026-02-23T11:15:00-05:00,30.61,30.62,30.49,30.62,23231.0
2026-02-23T11:20:00-05:00,30.6,30.68,30.52,30.5404,61097.0
2026-02-23T11:25:00-05:00,30.56,30.5799,30.42,30.48,30298.0
2026-02-23T11:30:00-05:00,30.47,30.695,30.46,30.6301,27510.0
2026-02-23T11:35:00-05:00,30.6451,30.7,30.58,30.645,15387.0
2026-02-23T11:40:00-05:00,30.6599,30.69,30.5601,30.57,33696.0
2026-02-23T11:45:00-05:00,30.57,30.59,30.46,30.545,14721.0
2026-02-23T11:50:00-05:00,30.56,30.7517,30.56,30.68,495221.0
2026-02-23T11:55:00-05:00,30.69,30.7599,30.56,30.57,9247.0
2026-02-23T12:00:00-05:00,30.555,30.65,30.465,30.63,34576.0
2026-02-23T12:05:00-05:00,30.6,30.65,30.56,30.6,11449.0
2026-02-23T12:10:00-05:00,30.59,30.66,30.56,30.65,54738.0
2026-02-23T12:15:00-05:00,30.655,30.77,30.655,30.71,14413.0
2026-02-23T12:20:00-05:00,30.7,30.8,30.7,30.78,14751.0
2026-02-23T12:25:00-05:00,30.78,30.8599,30.76,30.78,17783.0
2026-02-23T12:30:00-05:00,30.779,30.8146,30.72,30.73,11955.0
2026-02-23T12:35:00-05:00,30.725,30.725,30.585,30.64,16841.0
2026-02-23T12:40:00-05:00,30.65,30.785,30.64,30.71,25664.0
2026-02-23T12:45:00-05:00,30.74,30.78,30.54,30.5496,16829.0
2026-02-23T12:50:00-05:00,30.57,30.68,30.54,30.65,10188.0
2026-02-23T12:55:00-05:00,30.66,30.69,30.56,30.59,15556.0
2026-02-23T13:00:00-05:00,30.6,30.68,30.595,30.68,11317.0
2026-02-23T13:05:00-05:00,30.68,30.775,30.66,30.77,17110.0
2026-02-23T13:10:00-05:00,30.78,30.81,30.71,30.73,615349.0
2026-02-23T13:15:00-05:00,30.69,30.77,30.68,30.735,5823.0
2026-02-23T13:20:00-05:00,30.7372,30.76,30.73,30.755,9183.0
2026-02-23T13:25:00-05:00,30.75,30.775,30.57,30.775,17932.0
2026-02-23T13:30:00-05:00,30.76,30.79,30.62,30.705,32585.0
2026-02-23T13:35:00-05:00,30.68,30.68,30.49,30.52,13818.0
2026-02-23T13:40:00-05:00,30.5296,30.58,30.51,30.52,10701.0
2026-02-23T13:45:00-05:00,30.525,30.57,30.46,30.49,20660.0
2026-02-23T13:50:00-05:00,30.48,30.48,30.4,30.4,14249.0
2026-02-23T13:55:00-05:00,30.405,30.44,30.38,30.42,23158.0
2026-02-23T14:00:00-05:00,30.405,30.415,30.3,30.41,23606.0
2026-02-23T14:05:00-05:00,30.43,30.54,30.43,30.54,15786.0
2026-02-23T14:10:00-05:00,30.52,30.57,30.48,30.49,42015.0
2026-02-23T14:15:00-05:00,30.48,30.53,30.43,30.445,748044.0
2026-02-23T14:20:00-05:00,30.445,30.48,30.395,30.4,10914.0
2026-02-23T14:25:00-05:00,30.41,30.43,30.3,30.32,22543.0
2026-02-23T14:30:00-05:00,30.33,30.345,30.27,30.33,41697.0
2026-02-23T14:35:00-05:00,30.315,30.35,30.28,30.295,31674.0
2026-02-23T14:40:00-05:00,30.28,30.315,30.21,30.315,47424.0
2026-02-23T14:45:00-05:00,30.27,30.29,30.24,30.26,9558.0
2026-02-23T14:50:00-05:00,30.26,30.3,30.22,30.3,14089.0
2026-02-23T14:55:00-05:00,30.27,30.32,30.17,30.18,23285.0
2026-02-23T15:00:00-05:00,30.16,30.3,30.12,30.3,20943.0
2026-02-23T15:05:00-05:00,30.305,30.3975,30.3,30.3975,25517.0
2026-02-23T15:10:00-05:00,30.37,30.37,30.27,30.27,28319.0
2026-02-23T15:15:00-05:00,30.27,30.295,30.22,30.29,13597.0
2026-02-23T15:20:00-05:00,30.3,30.39,30.29,30.39,26867.0
2026-02-23T15:25:00-05:00,30.4,30.42,30.3601,30.39,28433.0
2026-02-23T15:30:00-05:00,30.37,30.51,30.32,30.46,40866.0
2026-02-23T15:35:00-05:00,30.46,30.46,30.36,30.36,884147.0
2026-02-23T15:40:00-05:00,30.35,30.375,30.295,30.33,23695.0
2026-02-23T15:45:00-05:00,30.32,30.41,30.25,30.4,368676.0
2026-02-23T15:50:00-05:00,30.41,30.43,30.28,30.28,46039.0
2026-02-23T15:55:00-05:00,30.28,30.315,30.19,30.295,553350.0
2026-02-24T09:30:00-05:00,29.44,29.908,29.27,29.3095,105979.0
2026-02-24T09:35:00-05:00,29.25,29.9,29.17,29.82,55979.0
2026-02-24T09:40:00-05:00,29.855,29.92,29.68,29.88,18934.0
2026-02-24T09:45:00-05:00,29.885,29.98,29.58,29.7,27576.0
2026-02-24T09:50:00-05:00,29.67,29.86,29.6,29.755,57805.0
2026-02-24T09:55:00-05:00,29.74,29.8,29.65,29.69,61859.0
2026-02-24T10:00:00-05:00,29.6825,29.81,29.6825,29.77,18398.0
2026-02-24T10:05:00-05:00,29.78,30.040001,29.78,29.955,21154.0
2026-02-24T10:10:00-05:00,29.93,30.01,29.86,29.98,10759.0
2026-02-24T10:15:00-05:00,30.01,30.22,29.985,30.22,16227.0
2026-02-24T10:20:00-05:00,30.25,30.34,30.16,30.34,23829.0
2026-02-24T10:25:00-05:00,30.345,30.38,30.25,30.355,10191.0
2026-02-24T10:30:00-05:00,30.3676,30.49,30.34,30.49,12763.0
2026-02-24T10:35:00-05:00,30.49,30.65,30.42,30.65,18031.0
2026-02-24T10:40:00-05:00,30.6201,30.71,30.595,30.67,14994.0
2026-02-24T10:45:00-05:00,30.71,30.763,30.48,30.51,47644.0
2026-02-24T10:50:00-05:00,30.5,30.505,30.36,30.36,16584.0
2026-02-24T10:55:00-05:00,30.4,30.625,30.385,30.6,14786.0
2026-02-24T11:00:00-05:00,30.59,30.62,30.56,30.615,8376.0
2026-02-24T11:05:00-05:00,30.615,30.615,30.48,30.585,15978.0
2026-02-24T11:10:00-05:00,30.57,30.69,30.57,30.65,10044.0
2026-02-24T11:15:00-05:00,30.64,30.6984,30.55,30.55,18515.0
2026-02-24T11:20:00-05:00,30.54,30.56,30.48,30.52,14570.0
2026-02-24T11:25:00-05:00,30.51,30.53,30.46,30.47,183112.0
2026-02-24T11:30:00-05:00,30.44,30.44,30.305,30.33,8662.0
2026-02-24T11:35:00-05:00,30.34,30.465,30.34,30.395,8914.0
2026-02-24T11:40:00-05:00,30.395,30.42,30.365,30.41,9130.0
2026-02-24T11:45:00-05:00,30.43,30.43,30.2,30.22,14747.0
2026-02-24T11:50:00-05:00,30.21,30.2825,30.145,30.2,14738.0
2026-02-24T11:55:00-05:00,30.19,30.26,30.15,30.24,14838.0
2026-02-24T12:00:00-05:00,30.27,30.36,30.24,30.325,22844.0
2026-02-24T12:05:00-05:00,30.34,30.365,30.3,30.3199,22260.0
2026-02-24T12:10:00-05:00,30.3393,30.39,30.33,30.34,7346.0
2026-02-24T12:15:00-05:00,30.33,30.47,30.3,30.45,13870.0
2026-02-24T12:20:00-05:00,30.45,30.465,30.4,30.46,10415.0
2026-02-24T12:25:00-05:00,30.45,30.45,30.41,30.44,230150.0
2026-02-24T12:30:00-05:00,30.46,30.4958,30.46,30.475,6843.0
2026-02-24T12:35:00-05:00,30.46,30.53,30.46,30.53,236763.0
2026-02-24T12:40:00-05:00,30.525,30.56,30.485,30.515,16473.0
2026-02-24T12:45:00-05:00,30.495,30.495,30.46,30.46,7522.0
2026-02-24T12:50:00-05:00,30.45,30.45,30.41,30.41,260239.0
2026-02-24T12:55:00-05:00,30.39,30.45,30.38,30.45,9165.0
2026-02-24T13:00:00-05:00,30.42,30.48,30.415,30.445,7691.0
2026-02-24T13:05:00-05:00,30.455,30.511,30.41,30.43,9896.0
2026-02-24T13:10:00-05:00,30.45,30.49,30.41,30.465,6141.0
2026-02-24T13:15:00-05:00,30.46,30.49,30.43,30.4325,283063.0
2026-02-24T13:20:00-05:00,30.43,30.44,30.36,30.37,23433.0
2026-02-24T13:25:00-05:00,30.385,30.41,30.38,30.38,7159.0
2026-02-24T13:30:00-05:00,30.38,30.4,30.31,30.31,10438.0
2026-02-24T13:35:00-05:00,30.32,30.345,30.27,30.33,8025.0
2026-02-24T13:40:00-05:00,30.33,30.37,30.305,30.3511,7752.0
2026-02-24T13:45:00-05:00,30.35,30.36,30.31,30.35,7137.0
2026-02-24T13:50:00-05:00,30.37,30.38,30.3,30.38,7708.0
2026-02-24T13:55:00-05:00,30.3658,30.45,30.3658,30.445,8830.0
2026-02-24T14:00:00-05:00,30.43,30.495,30.42,30.49,10915.0
2026-02-24T14:05:00-05:00,30.48,30.625,30.48,30.595,11145.0
2026-02-24T14:10:00-05:00,30.59,30.64,30.56,30.64,9812.0
2026-02-24T14:15:00-05:00,30.64,30.655,30.5,30.53,12449.0
2026-02-24T14:20:00-05:00,30.54,30.65,30.54,30.65,12005.0
2026-02-24T14:25:00-05:00,30.66,30.71,30.63,30.655,15771.0
2026-02-24T14:30:00-05:00,30.67,30.67,30.62,30.67,7435.0
2026-02-24T14:35:00-05:00,30.65,30.701,30.59,30.69,13293.0
2026-02-24T14:40:00-05:00,30.7,30.72,30.69,30.7,22010.0
2026-02-24T14:45:00-05:00,30.705,30.76,30.6845,30.76,9866.0
2026-02-24T14:50:00-05:00,30.77,30.81,30.7,30.7,20379.0
2026-02-24T14:55:00-05:00,30.715,30.77,30.7,30.72,20525.0
2026-02-24T15:00:00-05:00,30.72,30.775,30.72,30.77,10433.0
2026-02-24T15:05:00-05:00,30.76,30.765,30.68,30.68,15340.0
2026-02-24T15:10:00-05:00,30.675,30.77,30.65,30.74,18457.0
2026-02-24T15:15:00-05:00,30.72,30.87,30.71,30.87,14338.0
2026-02-24T15:20:00-05:00,30.88,30.92,30.84,30.87,16592.0
2026-02-24T15:25:00-05:00,30.87,30.9491,30.83,30.87,37312.0
2026-02-24T15:30:00-05:00,30.87,30.92,30.85,30.91,17599.0
2026-02-24T15:35:00-05:00,30.91,30.94,30.9,30.92,21925.0
2026-02-24T15:40:00-05:00,30.925,30.925,30.84,30.876,25769.0
2026-02-24T15:45:00-05:00,30.88,30.88,30.775,30.775,34690.0
2026-02-24T15:50:00-05:00,30.79,30.79,30.64,30.66,41330.0
2026-02-24T15:55:00-05:00,30.66,30.725,30.59,30.65,140906.0
2026-02-25T09:30:00-05:00,31.15,31.15,30.585,30.605,53443.0
2026-02-25T09:35:00-05:00,30.63,30.63,30.21,30.26,46262.0
2026-02-25T09:40:00-05:00,30.25,30.5,30.2475,30.49,19641.0
2026-02-25T09:45:00-05:00,30.52,30.675,30.4,30.62,22839.0
2026-02-25T09:50:00-05:00,30.61,30.79,30.6,30.66,62298.0
2026-02-25T09:55:00-05:00,30.68,30.72,30.53,30.59,12818.0
2026-02-25T10:00:00-05:00,30.54,30.58,30.5,30.57,10513.0
2026-02-25T10:05:00-05:00,30.565,30.67,30.55,30.57,81943.0
2026-02-25T10:10:00-05:00,30.59,30.6134,30.48,30.495,83348.0
2026-02-25T10:15:00-05:00,30.52,30.62,30.51,30.61,11505.0
2026-02-25T10:20:00-05:00,30.6027,30.7099,30.545,30.57,10047.0
2026-02-25T10:25:00-05:00,30.59,30.61,30.52,30.585,11060.0
2026-02-25T10:30:00-05:00,30.56,30.61,30.4889,30.605,102713.0
2026-02-25T10:35:00-05:00,30.62,30.73,30.62,30.68,103579.0
2026-02-25T10:40:00-05:00,30.69,30.72,30.59,30.62,109096.0
2026-02-25T10:45:00-05:00,30.62,30.62,30.49,30.5914,6848.0
2026-02-25T10:50:00-05:00,30.58,30.74,30.58,30.725,11925.0
2026-02-25T10:55:00-05:00,30.74,30.9896,30.74,30.85,20894.0
2026-02-25T11:00:00-05:00,30.88,31.030001,30.86,30.91,13820.0
2026-02-25T11:05:00-05:00,30.895,30.9,30.79,30.835,24080.0
2026-02-25T11:10:00-05:00,30.85,30.97,30.8,30.97,10639.0
2026-02-25T11:15:00-05:00,30.97,31.07,30.965,31.055,13008.0
2026-02-25T11:20:00-05:00,31.059999,31.1387,31.040001,31.084999,170664.0
2026-02-25T11:25:00-05:00,31.078899,31.12,31.01,31.014999,9720.0
2026-02-25T11:30:00-05:00,31.02,31.040001,30.94,31.02,16324.0
2026-02-25T11:35:00-05:00,31.01,31.0299,30.94,30.97,7124.0
2026-02-25T11:40:00-05:00,30.97,31.030001,30.94,30.955,7515.0
2026-02-25T11:45:00-05:00,30.97,31.040001,30.97,30.99,16171.0
2026-02-25T11:50:00-05:00,31.0,31.09,30.99,31.055,22054.0
2026-02-25T11:55:00-05:00,31.010099,31.153,31.010099,31.153,204765.0
2026-02-25T12:00:00-05:00,31.145,31.155,31.07,31.09,4778.0
2026-02-25T12:05:00-05:00,31.07,31.17,31.059999,31.15,9627.0
2026-02-25T12:10:00-05:00,31.1501,31.21,31.1,31.11,11995.0
2026-02-25T12:15:00-05:00,31.084999,31.125,31.01,31.035,11676.0
2026-02-25T12:20:00-05:00,31.02,31.11,30.99,31.0,239383.0
2026-02-25T12:25:00-05:00,31.0049992,31.065001,30.98,31.0469,7849.0
2026-02-25T12:30:00-05:00,31.02,31.07,31.010099,31.035,247194.0
2026-02-25T12:35:00-05:00,31.035,31.08,31.035,31.08,4904.0
2026-02-25T12:40:00-05:00,31.08,31.12,31.055,31.12,4322.0
2026-02-25T12:45:00-05:00,31.12,31.165,31.045,31.08,12391.0
2026-02-25T12:50:00-05:00,31.07,31.13,31.059999,31.1036,7090.0
2026-02-25T12:55:00-05:00,31.13,31.13,31.065001,31.12,5261.0
2026-02-25T13:00:00-05:00,31.12,31.155,31.08,31.1,8910.0
2026-02-25T13:05:00-05:00,31.1,31.12,31.0501,31.12,9251.0
2026-02-25T13:10:00-05:00,31.125,31.125,31.0319,31.07,6291.0
2026-02-25T13:15:00-05:00,31.059999,31.075001,31.0257,31.055,5411.0
2026-02-25T13:20:00-05:00,31.049999,31.08,30.95,30.995,9684.0
2026-02-25T13:25:00-05:00,31.0,31.030001,30.98,31.0,6988.0
2026-02-25T13:30:00-05:00,31.0049992,31.07,31.0049992,31.025,5791.0
2026-02-25T13:35:00-05:00,31.01,31.0299,30.97,30.975,6186.0
2026-02-25T13:40:00-05:00,30.97,30.97,30.915,30.94,16327.0
2026-02-25T13:45:00-05:00,30.93,30.94,30.88,30.88,5544.0
2026-02-25T13:50:00-05:00,30.875,30.945,30.87,30.929,653801.0
2026-02-25T13:55:00-05:00,30.93,30.96,30.88,30.91,7482.0
2026-02-25T14:00:00-05:00,30.883,30.91,30.825,30.84,7873.0
2026-02-25T14:05:00-05:00,30.83,30.86,30.8,30.8,7362.0
2026-02-25T14:10:00-05:00,30.78,30.825,30.75,30.815,5519.0
2026-02-25T14:15:00-05:00,30.82,30.91,30.82,30.87,15070.0
2026-02-25T14:20:00-05:00,30.865,30.8699,30.82,30.85,4930.0
2026-02-25T14:25:00-05:00,30.84,30.84,30.78,30.78,4036.0
2026-02-25T14:30:00-05:00,30.8,30.85,30.75,30.85,9031.0
2026-02-25T14:35:00-05:00,30.84,30.905,30.84,30.905,2629.0
2026-02-25T14:40:00-05:00,30.905,30.925,30.8801,30.91,7605.0
2026-02-25T14:45:00-05:00,30.92,30.93,30.88,30.92,15161.0
2026-02-25T14:50:00-05:00,30.912,30.955,30.9,30.94,12075.0
2026-02-25T14:55:00-05:00,30.935,30.935,30.87,30.89,6553.0
2026-02-25T15:00:00-05:00,30.882,30.89,30.78,30.78,5650.0
2026-02-25T15:05:00-05:00,30.77,30.78,30.72,30.78,9183.0
2026-02-25T15:10:00-05:00,30.7563,30.84,30.7563,30.785,10258.0
2026-02-25T15:15:00-05:00,30.78,30.8,30.73,30.8,21969.0
2026-02-25T15:20:00-05:00,30.78,30.8,30.74,30.7602,9740.0
2026-02-25T15:25:00-05:00,30.77,30.81,30.56,30.565,25098.0
2026-02-25T15:30:00-05:00,30.55,30.63,30.53,30.59,762818.0
2026-02-25T15:35:00-05:00,30.6,30.6,30.5001,30.5007,20635.0
2026-02-25T15:40:00-05:00,30.515,30.515,30.46,30.51,16856.0
2026-02-25T15:45:00-05:00,30.5075,30.515,30.39,30.44,23962.0
2026-02-25T15:50:00-05:00,30.45,30.53,30.41,30.44,59860.0
2026-02-25T15:55:00-05:00,30.445,30.5,30.41,30.5,143036.0
2026-02-26T09:30:00-05:00,30.22,30.49,29.9611,30.375,58779.0
2026-02-26T09:35:00-05:00,30.45,30.77,30.43,30.7,45170.0
2026-02-26T09:40:00-05:00,30.6069,30.63,30.21,30.45,17740.0
2026-02-26T09:45:00-05:00,30.46,30.57,30.37,30.525,71637.0
2026-02-26T09:50:00-05:00,30.539,30.61,30.47,30.55,11612.0
2026-02-26T09:55:00-05:00,30.56,30.64,30.37,30.37,11473.0
2026-02-26T10:00:00-05:00,30.38,30.45,30.185,30.44,19904.0
2026-02-26T10:05:00-05:00,30.36,30.48,30.3103,30.48,15465.0
2026-02-26T10:10:00-05:00,30.5,30.55,30.36,30.39,17989.0
2026-02-26T10:15:00-05:00,30.39,30.46,30.3,30.39,87798.0
2026-02-26T10:20:00-05:00,30.42,30.47,30.35,30.4012,8199.0
2026-02-26T10:25:00-05:00,30.425,30.6334,30.28,30.3517,24933.0
2026-02-26T10:30:00-05:00,30.35,30.61,30.35,30.53,19665.0
2026-02-26T10:35:00-05:00,30.59,30.69,30.525,30.679,9530.0
2026-02-26T10:40:00-05:00,30.68,30.805,30.63,30.805,15619.0
2026-02-26T10:45:00-05:00,30.83,30.965,30.73,30.93,21892.0
2026-02-26T10:50:00-05:00,30.93,31.16,30.9,31.1,20711.0
2026-02-26T10:55:00-05:00,31.09,31.23,31.09,31.18,16017.0
2026-02-26T11:00:00-05:00,31.2,31.31,31.17,31.195,31008.0
2026-02-26T11:05:00-05:00,31.2,31.215,31.1,31.135,14385.0
2026-02-26T11:10:00-05:00,31.12,31.155,31.07,31.14,13143.0
2026-02-26T11:15:00-05:00,31.145,31.28,31.060801,31.2204,13416.0
2026-02-26T11:20:00-05:00,31.2699,31.29,31.165,31.2152,189339.0
2026-02-26T11:25:00-05:00,31.215,31.3,31.185,31.24,9910.0
2026-02-26T11:30:00-05:00,31.245,31.41,31.245,31.37,30929.0
2026-02-26T11:35:00-05:00,31.37,31.45,31.3,31.38,18527.0
2026-02-26T11:40:00-05:00,31.375,31.43,31.36,31.41,10705.0
2026-02-26T11:45:00-05:00,31.3733,31.44,31.27,31.35,43880.0
2026-02-26T11:50:00-05:00,31.35,31.4,31.32,31.32,219914.0
2026-02-26T11:55:00-05:00,31.25,31.3,31.17,31.3,14414.0
2026-02-26T12:00:00-05:00,31.31,31.53,31.31,31.52,16699.0
2026-02-26T12:05:00-05:00,31.53,31.53,31.44,31.49,9359.0
2026-02-26T12:10:00-05:00,31.475,31.51,31.43,31.43,15924.0
2026-02-26T12:15:00-05:00,31.41,31.41,31.325,31.34,10424.0
2026-02-26T12:20:00-05:00,31.35,31.35,31.2,31.25,17130.0
2026-02-26T12:25:00-05:00,31.24,31.3,31.24,31.28,7785.0
2026-02-26T12:30:00-05:00,31.27,31.3493,31.27,31.3265,6615.0
2026-02-26T12:35:00-05:00,31.32,31.445,31.32,31.445,318515.0
2026-02-26T12:40:00-05:00,31.4074,31.48,31.4,31.4101,17502.0
2026-02-26T12:45:00-05:00,31.43,31.43,31.285,31.285,321697.0
2026-02-26T12:50:00-05:00,31.3,31.385,31.255,31.34,13291.0
2026-02-26T12:55:00-05:00,31.32,31.385,31.3,31.385,7411.0
2026-02-26T13:00:00-05:00,31.37,31.39,31.3,31.325,10488.0
2026-02-26T13:05:00-05:00,31.3258,31.36,31.31,31.36,13201.0
2026-02-26T13:10:00-05:00,31.37,31.42,31.31,31.35,9943.0
2026-02-26T13:15:00-05:00,31.35,31.415,31.33,31.395,23776.0
2026-02-26T13:20:00-05:00,31.395,31.415,31.35,31.405,9749.0
2026-02-26T13:25:00-05:00,31.43,31.49,31.405,31.49,24689.0
2026-02-26T13:30:00-05:00,31.49,31.69,31.465,31.67,36907.0
2026-02-26T13:35:00-05:00,31.675,31.82,31.64,31.82,18775.0
2026-02-26T13:40:00-05:00,31.81,31.8701,31.81,31.84,26343.0
2026-02-26T13:45:00-05:00,31.87,31.93,31.71,31.78,46785.0
2026-02-26T13:50:00-05:00,31.75,31.85,31.7,31.8,18972.0
2026-02-26T13:55:00-05:00,31.82,31.82,31.695,31.7678,21200.0
2026-02-26T14:00:00-05:00,31.745,31.92,31.745,31.9185,19412.0
2026-02-26T14:05:00-05:00,31.9199,32.014999,31.915,31.98,19263.0
2026-02-26T14:10:00-05:00,31.985,32.0,31.89,31.955,471919.0
2026-02-26T14:15:00-05:00,31.94,31.94,31.88,31.89,14986.0
2026-02-26T14:20:00-05:00,31.88,31.98,31.87,31.975,12672.0
2026-02-26T14:25:00-05:00,31.97,31.978,31.79,31.79,34610.0
2026-02-26T14:30:00-05:00,31.81,31.97,31.73,31.97,32611.0
2026-02-26T14:35:00-05:00,31.97,32.0,31.89,31.9,16163.0
2026-02-26T14:40:00-05:00,31.92,32.0,31.89,32.0,19753.0
2026-02-26T14:45:00-05:00,32.02,32.084301,32.000099182,32.084301,499742.0
2026-02-26T14:50:00-05:00,32.060001,32.064999,32.0,32.02,20383.0
2026-02-26T14:55:00-05:00,32.025002,32.09,31.975,31.995,531035.0
2026-02-26T15:00:00-05:00,31.99,32.105,31.98,32.060001,13457.0
2026-02-26T15:05:00-05:00,32.049999,32.07,31.94,32.049999,30800.0
2026-02-26T15:10:00-05:00,32.040001,32.19,32.0099983,32.175,26856.0
2026-02-26T15:15:00-05:00,32.175,32.28,32.16,32.28,35418.0
2026-02-26T15:20:00-05:00,32.28,32.33,32.25,32.3,25088.0
2026-02-26T15:25:00-05:00,32.305,32.355,32.22,32.23,580385.0
2026-02-26T15:30:00-05:00,32.24,32.285,32.189,32.26,22005.0
2026-02-26T15:35:00-05:00,32.27,32.3287,32.25,32.305,623650.0
2026-02-26T15:40:00-05:00,32.31,32.31,32.15,32.225,24063.0
2026-02-26T15:45:00-05:00,32.225,32.225,32.080002,32.11,636613.0
2026-02-26T15:50:00-05:00,32.13,32.16,32.040001,32.115,675017.0
2026-02-26T15:55:00-05:00,32.099998,32.17,32.055,32.14,145744.0
2026-02-27T09:30:00-05:00,32.16,32.4,32.079601,32.14,61233.0
2026-02-27T09:35:00-05:00,32.14,32.33,32.14,32.24,43353.0
2026-02-27T09:40:00-05:00,32.2399,32.2399,31.96,32.07,16308.0
2026-02-27T09:45:00-05:00,32.055,32.17,31.88,32.17,61532.0
2026-02-27T09:50:00-05:00,32.17,32.4,32.17,32.2,25452.0
2026-02-27T09:55:00-05:00,32.19,32.21,31.995,32.060001,20796.0
2026-02-27T10:00:00-05:00,32.07,32.15,31.97,32.0,12792.0
2026-02-27T10:05:00-05:00,32.0,32.28,31.975,32.16,30128.0
2026-02-27T10:10:00-05:00,32.145,32.275,32.12,32.24,26123.0
2026-02-27T10:15:00-05:00,32.24,32.26,32.1195,32.23,30540.0
2026-02-27T10:20:00-05:00,32.26,32.37,32.24,32.34,9323.0
2026-02-27T10:25:00-05:00,32.31,32.37,32.12,32.36,27030.0
2026-02-27T10:30:00-05:00,32.37,32.405,32.31,32.325,6702.0
2026-02-27T10:35:00-05:00,32.33,32.46,32.28,32.4,12279.0
2026-02-27T10:40:00-05:00,32.41,32.6,32.4,32.59,19365.0
2026-02-27T10:45:00-05:00,32.575,32.5853,32.44,32.44,21795.0
2026-02-27T10:50:00-05:00,32.39,32.4292,32.29,32.29,6729.0
2026-02-27T10:55:00-05:00,32.315,32.41,32.315,32.33,8031.0
2026-02-27T11:00:00-05:00,32.33,32.35,32.245,32.33,18621.0
2026-02-27T11:05:00-05:00,32.315,32.51,32.315,32.49,12610.0
2026-02-27T11:10:00-05:00,32.535,32.5535,32.46,32.52,8180.0
2026-02-27T11:15:00-05:00,32.5,32.53,32.26,32.27,117471.0
2026-02-27T11:20:00-05:00,32.25,32.25,32.07,32.099998,9361.0
2026-02-27T11:25:00-05:00,32.099998,32.145,31.86,31.94,16827.0
2026-02-27T11:30:00-05:00,31.94,32.09,31.93,31.97,16075.0
2026-02-27T11:35:00-05:00,32.0,32.02,31.86,31.97,16428.0
2026-02-27T11:40:00-05:00,31.93,31.94,31.74,31.78,248708.0
2026-02-27T11:45:00-05:00,31.7996,31.85,31.735,31.78,21919.0
2026-02-27T11:50:00-05:00,31.82,31.89,31.77,31.81,13611.0
2026-02-27T11:55:00-05:00,31.79,31.84,31.78,31.79,6701.0
2026-02-27T12:00:00-05:00,31.8,31.88,31.8,31.87,3806.0
2026-02-27T12:05:00-05:00,31.865,31.88,31.82,31.86,14525.0
2026-02-27T12:10:00-05:00,31.85,31.95,31.85,31.89,8364.0
2026-02-27T12:15:00-05:00,31.88,31.88,31.74,31.74,279163.0
2026-02-27T12:20:00-05:00,31.75,31.7961,31.63,31.695,6903.0
2026-02-27T12:25:00-05:00,31.67,31.75,31.67,31.72,4805.0
2026-02-27T12:30:00-05:00,31.73,31.86,31.64,31.86,16172.0
2026-02-27T12:35:00-05:00,31.8501,31.93,31.85,31.92,8337.0
2026-02-27T12:40:00-05:00,31.91,31.99,31.895,31.975,5409.0
2026-02-27T12:45:00-05:00,31.99,32.15,31.98,32.135,7986.0
2026-02-27T12:50:00-05:00,32.12,32.12,32.02,32.09,5416.0
2026-02-27T12:55:00-05:00,32.095,32.095,32.02,32.0219,3262.0
2026-02-27T13:00:00-05:00,32.02,32.07,32.02,32.055199,306031.0
2026-02-27T13:05:00-05:00,32.02,32.06,31.99,32.02,3067.0
2026-02-27T13:10:00-05:00,32.040001,32.09,32.029999,32.060001,5570.0
2026-02-27T13:15:00-05:00,32.040001,32.040001,31.93,31.94,11577.0
2026-02-27T13:20:00-05:00,31.9201,31.925,31.8018,31.8018,8294.0
2026-02-27T13:25:00-05:00,31.81,31.8106,31.675,31.8106,9373.0
2026-02-27T13:30:00-05:00,31.81,31.93,31.8,31.8121,20958.0
2026-02-27T13:35:00-05:00,31.81,31.9,31.8,31.855,8546.0
2026-02-27T13:40:00-05:00,31.87,32.0,31.87,31.98,5937.0
2026-02-27T13:45:00-05:00,31.97,31.99,31.91,31.955,5249.0
2026-02-27T13:50:00-05:00,31.9498,32.060001,31.92,32.060001,8091.0
2026-02-27T13:55:00-05:00,32.035,32.080002,31.98,32.0,7004.0
2026-02-27T14:00:00-05:00,32.0050011,32.11,31.99,32.11,6663.0
2026-02-27T14:05:00-05:00,32.11,32.16,32.02,32.040001,10108.0
2026-02-27T14:10:00-05:00,32.029999,32.14,31.9724,32.12,13812.0
2026-02-27T14:15:00-05:00,32.13,32.2,32.125,32.17,6272.0
2026-02-27T14:20:00-05:00,32.1799,32.19,32.07,32.09,9844.0
2026-02-27T14:25:00-05:00,32.07,32.099998,31.94,31.9999,8764.0
2026-02-27T14:30:00-05:00,31.99,32.11,31.99,32.105,6458.0
2026-02-27T14:35:00-05:00,32.09,32.16,32.060001,32.060001,5371.0
2026-02-27T14:40:00-05:00,32.060001,32.09,32.02,32.080002,4969.0
2026-02-27T14:45:00-05:00,32.060001,32.12,32.049999,32.090099,5342.0
2026-02-27T14:50:00-05:00,32.099998,32.12,32.080002,32.12,4229.0
2026-02-27T14:55:00-05:00,32.095001,32.11,31.99,32.029999,11660.0
2026-02-27T15:00:00-05:00,32.02,32.15,32.02,32.099998,10941.0
2026-02-27T15:05:00-05:00,32.080002,32.153,32.080002,32.1001,6838.0
2026-02-27T15:10:00-05:00,32.13,32.19,32.13,32.175,10286.0
2026-02-27T15:15:00-05:00,32.18,32.24,32.17,32.22,16895.0
2026-02-27T15:20:00-05:00,32.21,32.34,32.19,32.295,17131.0
2026-02-27T15:25:00-05:00,32.27,32.27,32.155,32.2,12919.0
2026-02-27T15:30:00-05:00,32.19,32.285,32.18,32.28,449993.0
2026-02-27T15:35:00-05:00,32.27,32.27,32.2,32.23,13590.0
2026-02-27T15:40:00-05:00,32.24,32.335,32.22,32.305,23441.0
2026-02-27T15:45:00-05:00,32.32,32.32,32.15,32.15,23383.0
2026-02-27T15:50:00-05:00,32.15,32.15,32.029999,32.084999,59207.0
2026-02-27T15:55:00-05:00,32.09,32.21,32.0,32.2,172515.0
2026-03-02T09:30:00-05:00,32.0,32.099998,31.2674,31.385,146036.0
2026-03-02T09:35:00-05:00,31.355,32.11,31.31,32.064999,33867.0
2026-03-02T09:40:00-05:00,32.099998,32.53,31.96,32.0099983,76155.0
2026-03-02T09:45:00-05:00,32.0099983,32.185,31.775,31.945,23151.0
2026-03-02T09:50:00-05:00,31.88,31.97,31.71,31.78,24138.0
2026-03-02T09:55:00-05:00,31.77,31.8,31.31,31.395,41710.0
2026-03-02T10:00:00-05:00,31.405,31.81,31.3745,31.635,53496.0
2026-03-02T10:05:00-05:00,31.6,31.88,31.53,31.63,23975.0
2026-03-02T10:10:00-05:00,31.655,31.86,31.655,31.775,25260.0
2026-03-02T10:15:00-05:00,31.71,31.74,31.56,31.66,22229.0
2026-03-02T10:20:00-05:00,31.67,31.745,31.57,31.66,14207.0
2026-03-02T10:25:00-05:00,31.66,31.83,31.66,31.78,15200.0
2026-03-02T10:30:00-05:00,31.76,31.89,31.66,31.7,18810.0
2026-03-02T10:35:00-05:00,31.7,31.7299,31.485,31.7299,16773.0
2026-03-02T10:40:00-05:00,31.65,31.65,31.38,31.41,12280.0
2026-03-02T10:45:00-05:00,31.41,31.47,31.24,31.42,30085.0
2026-03-02T10:50:00-05:00,31.49,31.54,31.285,31.32,247424.0
2026-03-02T10:55:00-05:00,31.32,31.33,30.8,30.87,52097.0
2026-03-02T11:00:00-05:00,30.86,30.8699,30.61,30.68,34142.0
2026-03-02T11:05:00-05:00,30.69,31.0683,30.69,31.040001,18487.0
2026-03-02T11:10:00-05:00,31.07,31.29,31.0,31.29,274921.0
2026-03-02T11:15:00-05:00,31.28,31.36,31.195,31.21,20583.0
2026-03-02T11:20:00-05:00,31.22,31.44,31.2,31.36,10854.0
2026-03-02T11:25:00-05:00,31.33,31.38,31.23,31.37,9282.0
2026-03-02T11:30:00-05:00,31.3448,31.36,31.16,31.19,7934.0
2026-03-02T11:35:00-05:00,31.205,31.48,31.205,31.48,8660.0
2026-03-02T11:40:00-05:00,31.5,31.58,31.46,31.51,20489.0
2026-03-02T11:45:00-05:00,31.49,31.57,31.4,31.4973,8967.0
2026-03-02T11:50:00-05:00,31.54,31.54,31.34,31.38,7349.0
2026-03-02T11:55:00-05:00,31.37,31.41,31.162,31.18,32418.0
2026-03-02T12:00:00-05:00,31.05,31.21,31.05,31.21,7564.0
2026-03-02T12:05:00-05:00,31.24,31.29,31.16,31.1601,8668.0
2026-03-02T12:10:00-05:00,31.16,31.18,31.094999,31.15,8815.0
2026-03-02T12:15:00-05:00,31.12,31.12,31.0,31.105,13241.0
2026-03-02T12:20:00-05:00,31.12,31.13,30.98,31.09,6254.0
2026-03-02T12:25:00-05:00,31.094999,31.2,31.094999,31.15,330960.0
2026-03-02T12:30:00-05:00,31.19,31.26,31.19,31.23,5429.0
2026-03-02T12:35:00-05:00,31.24,31.32,31.22,31.255,11188.0
2026-03-02T12:40:00-05:00,31.26,31.28,31.2,31.245,6828.0
2026-03-02T12:45:00-05:00,31.25,31.25,31.15,31.225,8561.0
2026-03-02T12:50:00-05:00,31.24,31.34,31.2,31.27,9591.0
2026-03-02T12:55:00-05:00,31.29,31.39,31.282,31.32,7740.0
2026-03-02T13:00:00-05:00,31.3,31.3,31.2,31.235,8904.0
2026-03-02T13:05:00-05:00,31.2451,31.2451,31.15,31.19,5662.0
2026-03-02T13:10:00-05:00,31.18,31.22,31.16,31.2151,6235.0
2026-03-02T13:15:00-05:00,31.23,31.34,31.23,31.31,4491.0
2026-03-02T13:20:00-05:00,31.335,31.39,31.24,31.24,373353.0
2026-03-02T13:25:00-05:00,31.27,31.29,31.185,31.185,4653.0
2026-03-02T13:30:00-05:00,31.19,31.24,31.16,31.23,4922.0
2026-03-02T13:35:00-05:00,31.23,31.34,31.2,31.32,381680.0
2026-03-02T13:40:00-05:00,31.31,31.46,31.3078,31.46,8626.0
2026-03-02T13:45:00-05:00,31.42,31.4724,31.35,31.4724,7286.0
2026-03-02T13:50:00-05:00,31.45,31.48,31.365,31.45,12590.0
2026-03-02T13:55:00-05:00,31.455,31.48,31.38,31.48,14424.0
2026-03-02T14:00:00-05:00,31.49,31.56,31.44,31.51,11530.0
2026-03-02T14:05:00-05:00,31.5,31.56,31.44,31.56,13474.0
2026-03-02T14:10:00-05:00,31.57,31.61,31.53,31.54,14463.0
2026-03-02T14:15:00-05:00,31.55,31.59,31.463,31.535,16110.0
2026-03-02T14:20:00-05:00,31.55,31.59,31.53,31.56,421195.0
2026-03-02T14:25:00-05:00,31.59,31.67,31.58,31.655,9805.0
2026-03-02T14:30:00-05:00,31.67,31.76,31.64,31.76,9149.0
2026-03-02T14:35:00-05:00,31.75,31.85,31.74,31.83,8781.0
2026-03-02T14:40:00-05:00,31.82,31.86,31.765,31.805,9393.0
2026-03-02T14:45:00-05:00,31.765,31.87,31.765,31.85,7155.0
2026-03-02T14:50:00-05:00,31.84,31.915,31.81,31.89,20247.0
2026-03-02T14:55:00-05:00,31.87,31.99,31.85,31.91,13971.0
2026-03-02T15:00:00-05:00,31.89,31.96,31.87,31.88,479017.0
2026-03-02T15:05:00-05:00,31.9,31.94,31.89,31.9,17820.0
2026-03-02T15:10:00-05:00,31.88,31.91,31.75,31.79,19148.0
2026-03-02T15:15:00-05:00,31.78,31.94,31.78,31.87,19414.0
2026-03-02T15:20:00-05:00,31.89,31.9292,31.78,31.89,22329.0
2026-03-02T15:25:00-05:00,31.86,31.88,31.8,31.8032,16443.0
2026-03-02T15:30:00-05:00,31.85,31.89,31.81,31.855,16310.0
2026-03-02T15:35:00-05:00,31.86,31.94,31.84,31.93,27373.0
2026-03-02T15:40:00-05:00,31.93,31.93,31.89,31.91,20170.0
2026-03-02T15:45:00-05:00,31.9,31.93,31.87,31.87,28823.0
2026-03-02T15:50:00-05:00,31.86,31.94,31.8,31.92,47909.0
2026-03-02T15:55:00-05:00,31.92,31.97,31.89,31.96,126788.0
2026-03-03T09:30:00-05:00,29.502,30.059999,29.049999,29.3,217577.0
2026-03-03T09:35:00-05:00,29.185,29.3,28.85,29.17,151063.0
2026-03-03T09:40:00-05:00,29.17,29.3499,28.41,28.51,121884.0
2026-03-03T09:45:00-05:00,28.55,28.6,28.2205,28.26,145702.0
2026-03-03T09:50:00-05:00,28.27,28.64,28.1323,28.16,73350.0
2026-03-03T09:55:00-05:00,28.17,28.27,27.96,28.01,92889.0
2026-03-03T10:00:00-05:00,27.99,28.37,27.99,28.1701,65637.0
2026-03-03T10:05:00-05:00,28.185,28.28,28.0,28.0,62216.0
2026-03-03T10:10:00-05:00,28.0049992,28.17,27.8,28.15,42847.0
2026-03-03T10:15:00-05:00,28.09,28.16,27.85,28.11,42187.0
2026-03-03T10:20:00-05:00,28.059999,28.14,27.91,27.975,40512.0
2026-03-03T10:25:00-05:00,27.935,28.030001,27.8645,27.9776,30247.0
2026-03-03T10:30:00-05:00,28.0,28.545,27.9991,28.37,61743.0
2026-03-03T10:35:00-05:00,28.4,28.54,28.31,28.48,28306.0
2026-03-03T10:40:00-05:00,28.475,28.64,28.42,28.46,35765.0
2026-03-03T10:45:00-05:00,28.49,28.64,28.4601,28.5785,39288.0
2026-03-03T10:50:00-05:00,28.5,28.8691,28.435,28.85,38049.0
2026-03-03T10:55:00-05:00,28.8,28.8,28.68,28.68,25214.0
2026-03-03T11:00:00-05:00,28.685,29.040001,28.64,29.0201,31931.0
2026-03-03T11:05:00-05:00,29.045,29.14,29.02,29.14,26724.0
2026-03-03T11:10:00-05:00,29.14,29.27,29.07,29.24,40414.0
2026-03-03T11:15:00-05:00,29.23,29.2592,29.049999,29.1116,44553.0
2026-03-03T11:20:00-05:00,29.040001,29.084999,28.96,29.056,41728.0
2026-03-03T11:25:00-05:00,29.055,29.14,29.0,29.059999,13181.0
2026-03-03T11:30:00-05:00,29.049999,29.39,29.049999,29.35,38825.0
2026-03-03T11:35:00-05:00,29.38,29.41,29.26,29.315,23492.0
2026-03-03T11:40:00-05:00,29.3299,29.45,29.315,29.4,55671.0
2026-03-03T11:45:00-05:00,29.4,29.51,29.3401,29.445,46560.0
2026-03-03T11:50:00-05:00,29.465,29.56,29.4158,29.5,24470.0
2026-03-03T11:55:00-05:00,29.49,29.49,29.39,29.42,23433.0
2026-03-03T12:00:00-05:00,29.41,29.49,29.3,29.36,68112.0
2026-03-03T12:05:00-05:00,29.3511,29.39,29.23,29.245,50528.0
2026-03-03T12:10:00-05:00,29.25,29.28,29.030001,29.16,40669.0
2026-03-03T12:15:00-05:00,29.17,29.2099,29.11,29.17,18024.0
2026-03-03T12:20:00-05:00,29.1786,29.22,29.1,29.171,11889.0
2026-03-03T12:25:00-05:00,29.19,29.21,29.11,29.11,16178.0
2026-03-03T12:30:00-05:00,29.14,29.15,28.94,28.955,15076.0
2026-03-03T12:35:00-05:00,28.985,29.12,28.95,28.99,16133.0
2026-03-03T12:40:00-05:00,29.02,29.1,28.941,28.99,18419.0
2026-03-03T12:45:00-05:00,29.02,29.025,28.94,29.014999,18122.0
2026-03-03T12:50:00-05:00,29.0,29.0049992,28.77,28.8099,41691.0
2026-03-03T12:55:00-05:00,28.8,28.845,28.755,28.77,22222.0
2026-03-03T13:00:00-05:00,28.75,28.91,28.75,28.8774,23160.0
2026-03-03T13:05:00-05:00,28.875,28.95,28.84,28.94,19501.0
2026-03-03T13:10:00-05:00,28.935,28.94,28.77,28.81,18904.0
2026-03-03T13:15:00-05:00,28.83,28.83,28.73,28.76,17266.0
2026-03-03T13:20:00-05:00,28.74,28.8388,28.735,28.76,16349.0
2026-03-03T13:25:00-05:00,28.75,28.85,28.74,28.8,13450.0
2026-03-03T13:30:00-05:00,28.77,28.81,28.68,28.76,16845.0
2026-03-03T13:35:00-05:00,28.82,29.040001,28.82,29.02,12437.0
2026-03-03T13:40:00-05:00,29.02,29.058001,28.94,29.02,24165.0
2026-03-03T13:45:00-05:00,28.975,29.02,28.905,29.0,27284.0
2026-03-03T13:50:00-05:00,28.98,28.99,28.87,28.895,19729.0
2026-03-03T13:55:00-05:00,28.9026,28.9775,28.825,28.875,23813.0
2026-03-03T14:00:00-05:00,28.87,29.12,28.85,29.09,13348.0
2026-03-03T14:05:00-05:00,29.08,29.11,28.91,28.91,25876.0
2026-03-03T14:10:00-05:00,28.91,28.92,28.78,28.795,27316.0
2026-03-03T14:15:00-05:00,28.8,28.93,28.78,28.87,22198.0
2026-03-03T14:20:00-05:00,28.855,28.96,28.845,28.91,15499.0
2026-03-03T14:25:00-05:00,28.915,28.915,28.76,28.775,22187.0
2026-03-03T14:30:00-05:00,28.795,28.92,28.78,28.7926,14741.0
2026-03-03T14:35:00-05:00,28.78,28.85,28.705,28.79,22520.0
2026-03-03T14:40:00-05:00,28.8,28.85,28.75,28.85,16760.0
2026-03-03T14:45:00-05:00,28.865,28.99,28.85,28.94,16617.0
2026-03-03T14:50:00-05:00,28.9,28.97,28.79,28.83,17456.0
2026-03-03T14:55:00-05:00,28.83,28.83,28.71,28.71,24897.0
2026-03-03T15:00:00-05:00,28.72,28.9,28.72,28.76,20680.0
2026-03-03T15:05:00-05:00,28.76,28.82,28.72,28.76,22176.0
2026-03-03T15:10:00-05:00,28.78,28.8958,28.77,28.785,14369.0
2026-03-03T15:15:00-05:00,28.785,28.86,28.76,28.82,29735.0
2026-03-03T15:20:00-05:00,28.85,29.01,28.85,29.0,15534.0
2026-03-03T15:25:00-05:00,28.99,29.07,28.95,28.95,21696.0
2026-03-03T15:30:00-05:00,28.9,29.02,28.9,28.99,42120.0
2026-03-03T15:35:00-05:00,29.030001,29.09,28.9716,29.035,47360.0
2026-03-03T15:40:00-05:00,29.030001,29.09,28.97,29.059999,30228.0
2026-03-03T15:45:00-05:00,29.049999,29.049999,28.79,28.86,69902.0
2026-03-03T15:50:00-05:00,28.86,28.9197,28.765,28.9,88696.0
2026-03-03T15:55:00-05:00,28.915,28.97,28.86,28.93,211236.0
2026-03-04T09:30:00-05:00,33.21,33.21,32.7801,32.7801,694178.0
2026-03-04T09:35:00-05:00,32.79,32.89,32.18,32.23,204811.0
2026-03-04T09:40:00-05:00,32.22,32.54,32.1788,32.185,192067.0
2026-03-04T09:45:00-05:00,32.17,32.49,31.83,32.3,163379.0
2026-03-04T09:50:00-05:00,32.18,32.375,32.080002,32.215,143671.0
2026-03-04T09:55:00-05:00,32.23,32.25,31.6,32.13,516913.0
2026-03-04T10:00:00-05:00,32.14,32.33,32.049999,32.33,168116.0
2026-03-04T10:05:00-05:00,32.29,32.7,32.11,32.655,199763.0
2026-03-04T10:10:00-05:00,32.6566,32.86,32.36,32.4,145496.0
2026-03-04T10:15:00-05:00,32.41,32.5596,32.34,32.475,105930.0
2026-03-04T10:20:00-05:00,32.47,32.7299,32.47,32.69,94652.0
2026-03-04T10:25:00-05:00,32.7,32.8982,32.535,32.59,148824.0
2026-03-04T10:30:00-05:00,32.6095,32.7,32.48,32.63,86242.0
2026-03-04T10:35:00-05:00,32.6298,32.645,32.37,32.43,73782.0
2026-03-04T10:40:00-05:00,32.3801,32.495,32.155,32.27,83719.0
2026-03-04T10:45:00-05:00,32.275,32.295,32.029999,32.16,81737.0
2026-03-04T10:50:00-05:00,32.18,32.35,32.052502,32.29,69429.0
2026-03-04T10:55:00-05:00,32.3,32.43,32.245,32.385,91124.0
2026-03-04T11:00:00-05:00,32.4,32.5277,32.4,32.48,74713.0
2026-03-04T11:05:00-05:00,32.45,32.55,32.37,32.37,65238.0
2026-03-04T11:10:00-05:00,32.38,32.41,32.27,32.3,61592.0
2026-03-04T11:15:00-05:00,32.32,32.34,32.23,32.27,42017.0
2026-03-04T11:20:00-05:00,32.28,32.33,32.2,32.27,71412.0
2026-03-04T11:25:00-05:00,32.33,32.45,32.31,32.36,52032.0
2026-03-04T11:30:00-05:00,32.36,32.43,32.14,32.4,133683.0
2026-03-04T11:35:00-05:00,32.43,32.45,32.35,32.41,35932.0
2026-03-04T11:40:00-05:00,32.33,32.55,32.33,32.5108,59760.0
2026-03-04T11:45:00-05:00,32.535,32.59,32.485,32.51,60146.0
2026-03-04T11:50:00-05:00,32.49,32.7,32.415,32.64,76571.0
2026-03-04T11:55:00-05:00,32.63,32.71,32.62,32.655,69455.0
2026-03-04T12:00:00-05:00,32.655,32.805,32.635,32.7,126901.0
2026-03-04T12:05:00-05:00,32.7,32.77,32.6,32.64,95711.0
2026-03-04T12:10:00-05:00,32.65,32.65,32.55,32.555,42074.0
2026-03-04T12:15:00-05:00,32.555,32.64,32.555,32.585,43996.0
2026-03-04T12:20:00-05:00,32.575,32.575,32.2802,32.395,68498.0
2026-03-04T12:25:00-05:00,32.41,32.5,32.21,32.21,111215.0
2026-03-04T12:30:00-05:00,32.22,32.23,32.050098,32.12,45240.0
2026-03-04T12:35:00-05:00,32.14,32.295,32.14,32.185,33277.0
2026-03-04T12:40:00-05:00,32.18,32.24,32.075001,32.2247,46787.0
2026-03-04T12:45:00-05:00,32.23,32.26,32.14,32.17,31195.0
2026-03-04T12:50:00-05:00,32.17,32.17,31.9609,32.145,60047.0
2026-03-04T12:55:00-05:00,32.13,32.165,32.02,32.055,25670.0
2026-03-04T13:00:00-05:00,32.049999,32.09,31.955,31.955,44468.0
2026-03-04T13:05:00-05:00,31.955,32.055,31.95,31.99,70788.0
2026-03-04T13:10:00-05:00,31.97,31.97,31.77,31.795,55781.0
2026-03-04T13:15:00-05:00,31.795,31.86,31.7127,31.74,37314.0
2026-03-04T13:20:00-05:00,31.74,31.81,31.63,31.79,52809.0
2026-03-04T13:25:00-05:00,31.8,31.94,31.77,31.915,54765.0
2026-03-04T13:30:00-05:00,31.91,32.11,31.91,32.099998,36721.0
2026-03-04T13:35:00-05:00,32.099998,32.16,32.084999,32.1401,32041.0
2026-03-04T13:40:00-05:00,32.14,32.86,32.125,32.67,299081.0
2026-03-04T13:45:00-05:00,32.68,32.88,32.675,32.85,134678.0
2026-03-04T13:50:00-05:00,32.85,32.88,32.6901,32.78,87114.0
2026-03-04T13:55:00-05:00,32.775,32.85,32.64,32.84,52341.0
2026-03-04T14:00:00-05:00,32.83,33.0,32.78,32.99,72475.0
2026-03-04T14:05:00-05:00,32.99,32.995,32.9,32.93,46984.0
2026-03-04T14:10:00-05:00,32.94,32.94,32.83,32.93,61352.0
2026-03-04T14:15:00-05:00,32.94,33.245,32.925,33.23,152176.0
2026-03-04T14:20:00-05:00,33.22,33.31,33.16,33.195,128906.0
2026-03-04T14:25:00-05:00,33.195,33.39,33.185,33.362,79324.0
2026-03-04T14:30:00-05:00,33.38,33.445,33.32,33.3201,80075.0
2026-03-04T14:35:00-05:00,33.32,33.348,33.26,33.348,52085.0
2026-03-04T14:40:00-05:00,33.3487,33.425,33.3487,33.425,78793.0
2026-03-04T14:45:00-05:00,33.43,33.49,33.39,33.395,66465.0
2026-03-04T14:50:00-05:00,33.3938,33.445,33.315,33.315,79798.0
2026-03-04T14:55:00-05:00,33.315,33.415,33.23,33.41,290282.0
2026-03-04T15:00:00-05:00,33.41,33.415,33.060001,33.080002,102623.0
2026-03-04T15:05:00-05:00,33.075001,33.255,32.935,33.14,159766.0
2026-03-04T15:10:00-05:00,33.14,33.24,33.11,33.24,87585.0
2026-03-04T15:15:00-05:00,33.23,33.285,33.215,33.2475,76615.0
2026-03-04T15:20:00-05:00,33.25,33.25,33.14,33.14,92206.0
2026-03-04T15:25:00-05:00,33.13,33.305,33.13,33.3,110986.0
2026-03-04T15:30:00-05:00,33.3,33.345,33.225,33.225,82091.0
2026-03-04T15:35:00-05:00,33.22,33.245,33.16,33.205,119702.0
2026-03-04T15:40:00-05:00,33.21,33.35,33.205,33.335,131743.0
2026-03-04T15:45:00-05:00,33.335,33.35,33.19,33.27,170391.0
2026-03-04T15:50:00-05:00,33.27,33.275,32.81,33.0994,322735.0
2026-03-04T15:55:00-05:00,33.099998,33.28,33.099998,33.25,623523.0
2026-03-05T09:30:00-05:00,32.885,33.33,32.15,32.5,458586.0
2026-03-05T09:35:00-05:00,32.465,32.49,32.12,32.175,172876.0
2026-03-05T09:40:00-05:00,32.16,32.385,31.745,31.81,438524.0
2026-03-05T09:45:00-05:00,31.785,31.965,31.5301,31.66,168041.0
2026-03-05T09:50:00-05:00,31.645,32.088799,31.53,32.02,97752.0
2026-03-05T09:55:00-05:00,32.02,32.3989,32.0099983,32.205,84594.0
2026-03-05T10:00:00-05:00,32.2,32.29,31.855,31.89,119711.0
2026-03-05T10:05:00-05:00,31.905,31.97,31.36,31.43,138298.0
2026-03-05T10:10:00-05:00,31.4,31.47,31.21,31.38,72763.0
2026-03-05T10:15:00-05:00,31.37,31.48,31.22,31.27,100557.0
2026-03-05T10:20:00-05:00,31.25,31.365,31.08,31.105,103199.0
2026-03-05T10:25:00-05:00,31.12,31.36,31.12,31.355,69466.0
2026-03-05T10:30:00-05:00,31.36,31.52,31.265,31.4101,79251.0
2026-03-05T10:35:00-05:00,31.39,31.48,31.2045,31.28,42679.0
2026-03-05T10:40:00-05:00,31.29,31.395,31.2,31.22,40052.0
2026-03-05T10:45:00-05:00,31.24,31.31,30.935,31.0,119535.0
2026-03-05T10:50:00-05:00,31.0,31.13,30.8701,31.01,162040.0
2026-03-05T10:55:00-05:00,30.98,31.38,30.845,31.17,113978.0
2026-03-05T11:00:00-05:00,31.175,31.325,31.01,31.11,99948.0
2026-03-05T11:05:00-05:00,31.105,31.11,30.71,30.71,79288.0
2026-03-05T11:10:00-05:00,30.715,31.025,30.715,31.01,64570.0
2026-03-05T11:15:00-05:00,31.025,31.11,30.9,31.01,53594.0
2026-03-05T11:20:00-05:00,31.02,31.09,30.95,30.96,36375.0
2026-03-05T11:25:00-05:00,30.95,31.07,30.92,31.030001,46130.0
2026-03-05T11:30:00-05:00,31.025,31.12,30.96,31.01,36362.0
2026-03-05T11:35:00-05:00,30.9888,31.12,30.935,31.040001,71499.0
2026-03-05T11:40:00-05:00,31.02,31.17,30.89,31.17,117183.0
2026-03-05T11:45:00-05:00,31.185,31.3,31.12,31.3,35470.0
2026-03-05T11:50:00-05:00,31.31,31.64,31.17,31.635,115301.0
2026-03-05T11:55:00-05:00,31.64,31.67,31.49,31.49,72293.0
2026-03-05T12:00:00-05:00,31.48,31.58,31.4,31.52,41200.0
2026-03-05T12:05:00-05:00,31.53,31.53,31.32,31.365,35893.0
2026-03-05T12:10:00-05:00,31.36,31.44,31.3,31.335,49709.0
2026-03-05T12:15:00-05:00,31.35,31.62,31.35,31.585,47216.0
2026-03-05T12:20:00-05:00,31.62,31.77,31.56,31.74,34444.0
2026-03-05T12:25:00-05:00,31.74,31.745,31.585,31.62,41786.0
2026-03-05T12:30:00-05:00,31.625,31.625,31.11,31.13,111870.0
2026-03-05T12:35:00-05:00,31.16,31.16,30.83,30.94,63607.0
2026-03-05T12:40:00-05:00,30.95,30.95,30.77,30.79,42372.0
2026-03-05T12:45:00-05:00,30.85,30.88,30.73,30.84,64839.0
2026-03-05T12:50:00-05:00,30.86,30.9302,30.775,30.795,44890.0
2026-03-05T12:55:00-05:00,30.77,30.95,30.69,30.79,81168.0
2026-03-05T13:00:00-05:00,30.8,30.902,30.76,30.9,43754.0
2026-03-05T13:05:00-05:00,30.9,31.24,30.89,31.17,113687.0
2026-03-05T13:10:00-05:00,31.145,31.25,31.049999,31.14,144673.0
2026-03-05T13:15:00-05:00,31.13,31.26,31.09,31.094999,43035.0
2026-03-05T13:20:00-05:00,31.09,31.1,30.94,30.965,59971.0
2026-03-05T13:25:00-05:00,30.95,30.98,30.84,30.9,33986.0
2026-03-05T13:30:00-05:00,30.9,31.08,30.87,31.030001,43066.0
2026-03-05T13:35:00-05:00,31.030001,31.21,31.030001,31.19,31760.0
2026-03-05T13:40:00-05:00,31.175,31.175,31.01,31.030001,86056.0
2026-03-05T13:45:00-05:00,31.030001,31.030001,30.83,30.99,81804.0
2026-03-05T13:50:00-05:00,31.0,31.045,30.855,30.89,57929.0
2026-03-05T13:55:00-05:00,30.91,31.059999,30.83,30.86,82969.0
2026-03-05T14:00:00-05:00,30.85,30.955,30.44,30.73,603935.0
2026-03-05T14:05:00-05:00,30.73,30.76,30.57,30.6025,225929.0
2026-03-05T14:10:00-05:00,30.6,30.61,30.51,30.59,98407.0
2026-03-05T14:15:00-05:00,30.595,30.63,30.52,30.59,94924.0
2026-03-05T14:20:00-05:00,30.6,30.6,30.25,30.28,91139.0
2026-03-05T14:25:00-05:00,30.29,30.3,30.030001,30.13,156732.0
2026-03-05T14:30:00-05:00,30.1372,30.45,30.1,30.34,370480.0
2026-03-05T14:35:00-05:00,30.35,30.44,30.285,30.38,79499.0
2026-03-05T14:40:00-05:00,30.4,30.55,30.325,30.44,163372.0
2026-03-05T14:45:00-05:00,30.44,30.51,30.38,30.425,41194.0
2026-03-05T14:50:00-05:00,30.42,30.53,30.355,30.355,52229.0
2026-03-05T14:55:00-05:00,30.36,30.425,30.34,30.355,36373.0
2026-03-05T15:00:00-05:00,30.35,30.41,30.26,30.36,69789.0
2026-03-05T15:05:00-05:00,30.36,30.5,30.26,30.47,66810.0
2026-03-05T15:10:00-05:00,30.46,30.695,30.46,30.65,51754.0
2026-03-05T15:15:00-05:00,30.66,30.96,30.635,30.9192,83805.0
2026-03-05T15:20:00-05:00,30.92,30.93,30.82,30.92,51133.0
2026-03-05T15:25:00-05:00,30.906,30.95,30.82,30.9,68077.0
2026-03-05T15:30:00-05:00,30.905,31.0,30.775,30.92,114652.0
2026-03-05T15:35:00-05:00,30.92,30.995,30.9,30.955,73259.0
2026-03-05T15:40:00-05:00,30.955,31.030001,30.86,30.93,127980.0
2026-03-05T15:45:00-05:00,30.94,31.014999,30.855,30.97,109939.0
2026-03-05T15:50:00-05:00,30.97,31.059999,30.88,31.040001,200589.0
2026-03-05T15:55:00-05:00,31.030001,31.22,31.02,31.21,429234.0
2026-03-06T09:30:00-05:00,30.65,30.7,30.25,30.45,132906.0
2026-03-06T09:35:00-05:00,30.49,30.79,30.14,30.225,97143.0
2026-03-06T09:40:00-05:00,30.1701,30.28,29.85,30.1,82353.0
2026-03-06T09:45:00-05:00,30.115,30.41,29.93,30.1,77288.0
2026-03-06T09:50:00-05:00,30.15,30.34,30.01,30.315,50976.0
2026-03-06T09:55:00-05:00,30.32,30.59,30.29,30.5,49979.0
2026-03-06T10:00:00-05:00,30.5192,31.09,30.51,30.92,93981.0
2026-03-06T10:05:00-05:00,30.93,31.12,30.76,30.83,41300.0
2026-03-06T10:10:00-05:00,30.795,30.93,30.71,30.885,24046.0
2026-03-06T10:15:00-05:00,30.8712,31.1,30.8712,31.049999,21076.0
2026-03-06T10:20:00-05:00,31.07,31.33,31.065001,31.27,131450.0
2026-03-06T10:25:00-05:00,31.21,31.3145,31.135,31.1956,25924.0
2026-03-06T10:30:00-05:00,31.2,31.36,31.16,31.19,70102.0
2026-03-06T10:35:00-05:00,31.24,31.3,31.18,31.28,18776.0
2026-03-06T10:40:00-05:00,31.25,31.35,31.17,31.3,23816.0
2026-03-06T10:45:00-05:00,31.29,31.3,30.9509,31.02,37219.0
2026-03-06T10:50:00-05:00,31.02,31.02,30.7801,30.7835,22742.0
2026-03-06T10:55:00-05:00,30.795,30.93,30.78,30.86,31089.0
2026-03-06T11:00:00-05:00,30.83,30.91,30.7,30.91,26083.0
2026-03-06T11:05:00-05:00,30.87,30.95,30.85,30.92,25975.0
2026-03-06T11:10:00-05:00,30.9,31.31,30.89,31.14,431874.0
2026-03-06T11:15:00-05:00,31.15,31.18,31.0,31.084999,48378.0
2026-03-06T11:20:00-05:00,31.11,31.12,30.87,30.93,27385.0
2026-03-06T11:25:00-05:00,30.925,30.95,30.82,30.95,16203.0
2026-03-06T11:30:00-05:00,30.94,31.01,30.86,30.94,14744.0
2026-03-06T11:35:00-05:00,30.9612,31.16,30.955,31.1,19658.0
2026-03-06T11:40:00-05:00,31.059999,31.1,30.995,31.030001,20344.0
2026-03-06T11:45:00-05:00,31.049999,31.135,31.030001,31.09,17362.0
2026-03-06T11:50:00-05:00,31.059999,31.2699,31.01,31.08,59702.0
2026-03-06T11:55:00-05:00,31.049999,31.11,30.98,31.02,35401.0
2026-03-06T12:00:00-05:00,31.030001,31.12,31.030001,31.059999,40897.0
2026-03-06T12:05:00-05:00,30.95,31.0049992,30.78,30.79,25239.0
2026-03-06T12:10:00-05:00,30.775,30.815,30.74,30.745,14560.0
2026-03-06T12:15:00-05:00,30.75,30.83,30.69,30.83,43508.0
2026-03-06T12:20:00-05:00,30.86,30.92,30.835,30.875,16694.0
2026-03-06T12:25:00-05:00,30.86,30.86,30.71,30.7701,47722.0
2026-03-06T12:30:00-05:00,30.77,30.88,30.77,30.835,17818.0
2026-03-06T12:35:00-05:00,30.79,30.7917,30.65,30.66,10875.0
2026-03-06T12:40:00-05:00,30.66,30.73,30.59,30.655,23317.0
2026-03-06T12:45:00-05:00,30.64,30.78,30.6,30.69,11267.0
2026-03-06T12:50:00-05:00,30.72,30.78,30.69,30.725,21625.0
2026-03-06T12:55:00-05:00,30.74,30.855,30.74,30.84,20440.0
2026-03-06T13:00:00-05:00,30.815,31.0042,30.815,30.89,13431.0
2026-03-06T13:05:00-05:00,30.92,31.0049992,30.92,30.98,9819.0
2026-03-06T13:10:00-05:00,30.985,31.059999,30.955,31.049999,31091.0
2026-03-06T13:15:00-05:00,31.049999,31.14,31.0049992,31.059999,39490.0
2026-03-06T13:20:00-05:00,31.059999,31.155,31.049999,31.059999,36537.0
2026-03-06T13:25:00-05:00,31.035101,31.0394,30.99,31.02,10719.0
2026-03-06T13:30:00-05:00,31.059999,31.135,31.02,31.030001,46183.0
2026-03-06T13:35:00-05:00,31.01,31.01,30.88,30.88,21785.0
2026-03-06T13:40:00-05:00,30.855,30.975,30.815,30.975,20151.0
2026-03-06T13:45:00-05:00,30.98,31.0,30.95,30.95,13685.0
2026-03-06T13:50:00-05:00,30.9699,30.9699,30.84,30.9,15806.0
2026-03-06T13:55:00-05:00,30.89,30.94,30.87,30.885,15092.0
2026-03-06T14:00:00-05:00,30.9,30.94,30.8122,30.8122,14437.0
2026-03-06T14:05:00-05:00,30.8,30.83,30.75,30.82,15691.0
2026-03-06T14:10:00-05:00,30.81,30.86,30.8,30.84,10968.0
2026-03-06T14:15:00-05:00,30.82,30.92,30.78,30.92,10922.0
2026-03-06T14:20:00-05:00,30.9,30.91,30.7683,30.8,20110.0
2026-03-06T14:25:00-05:00,30.71,30.8199,30.71,30.81,18694.0
2026-03-06T14:30:00-05:00,30.81,30.87,30.76,30.81,18254.0
2026-03-06T14:35:00-05:00,30.81,30.82,30.7,30.7,25071.0
2026-03-06T14:40:00-05:00,30.72,30.81,30.72,30.76,14865.0
2026-03-06T14:45:00-05:00,30.73,30.76,30.7,30.76,29179.0
2026-03-06T14:50:00-05:00,30.75,30.92,30.73,30.87,22189.0
2026-03-06T14:55:00-05:00,30.85,30.9,30.81,30.81,16998.0
2026-03-06T15:00:00-05:00,30.81,30.935,30.81,30.91,31038.0
2026-03-06T15:05:00-05:00,30.91,30.94,30.83,30.84,24110.0
2026-03-06T15:10:00-05:00,30.83,30.83,30.705,30.75,19608.0
2026-03-06T15:15:00-05:00,30.75,30.76,30.69,30.69,25992.0
2026-03-06T15:20:00-05:00,30.65,30.6878,30.59,30.665,35780.0
2026-03-06T15:25:00-05:00,30.64,30.68,30.5493,30.59,78279.0
2026-03-06T15:30:00-05:00,30.575,30.62,30.39,30.39,72309.0
2026-03-06T15:35:00-05:00,30.38,30.5796,30.3782,30.5701,60583.0
2026-03-06T15:40:00-05:00,30.57,30.7,30.54,30.61,50182.0
2026-03-06T15:45:00-05:00,30.64,30.66,30.58,30.66,56518.0
2026-03-06T15:50:00-05:00,30.66,30.69,30.52,30.58,99271.0
2026-03-06T15:55:00-05:00,30.57,30.63,30.49,30.53,272290.0
2026-03-09T09:30:00-04:00,29.049999,29.5001,29.0020008,29.5001,148172.0
2026-03-09T09:35:00-04:00,29.4902,29.5899,29.11,29.22,41397.0
2026-03-09T09:40:00-04:00,29.18,29.26,28.62,28.75,122863.0
2026-03-09T09:45:00-04:00,28.7301,29.01,28.67,28.76,100397.0
2026-03-09T09:50:00-04:00,28.775,28.79,28.22,28.22,187767.0
2026-03-09T09:55:00-04:00,28.22,28.44,28.049999,28.34,108208.0
2026-03-09T10:00:00-04:00,28.33,28.53,28.27,28.42,65222.0
2026-03-09T10:05:00-04:00,28.42,28.42,28.02,28.090099,42515.0
2026-03-09T10:10:00-04:00,28.059999,28.059999,27.7835,27.97,83401.0
2026-03-09T10:15:00-04:00,27.9414,28.36,27.81,28.315,85996.0
2026-03-09T10:20:00-04:00,28.26,28.57,28.17,28.515,56711.0
2026-03-09T10:25:00-04:00,28.52,28.5994,28.38,28.58,46342.0
2026-03-09T10:30:00-04:00,28.51,28.63,28.49,28.63,30501.0
2026-03-09T10:35:00-04:00,28.61,28.78,28.54,28.77,40326.0
2026-03-09T10:40:00-04:00,28.78,29.049999,28.75,29.0,60289.0
2026-03-09T10:45:00-04:00,29.01,29.049999,28.87,28.94,38290.0
2026-03-09T10:50:00-04:00,28.89,28.96,28.7514,28.77,32234.0
2026-03-09T10:55:00-04:00,28.76,28.915,28.68,28.915,22409.0
2026-03-09T11:00:00-04:00,28.91,29.0,28.795,28.865,14721.0
2026-03-09T11:05:00-04:00,28.865,28.9,28.73,28.79,20122.0
2026-03-09T11:10:00-04:00,28.795,28.905,28.79,28.81,21327.0
2026-03-09T11:15:00-04:00,28.84,28.89,28.795,28.845,19017.0
2026-03-09T11:20:00-04:00,28.7978,28.915,28.7978,28.908,15085.0
2026-03-09T11:25:00-04:00,28.9,28.915,28.78,28.79,24490.0
2026-03-09T11:30:00-04:00,28.79,28.815,28.62,28.66,32830.0
2026-03-09T11:35:00-04:00,28.64,28.69,28.58,28.6,88849.0
2026-03-09T11:40:00-04:00,28.6,28.67,28.54,28.64,41068.0
2026-03-09T11:45:00-04:00,28.68,28.79,28.68,28.75,29468.0
2026-03-09T11:50:00-04:00,28.73,28.77,28.695,28.7461,12733.0
2026-03-09T11:55:00-04:00,28.74,28.86,28.725,28.81,19063.0
2026-03-09T12:00:00-04:00,28.795,28.845,28.715,28.83,54102.0
2026-03-09T12:05:00-04:00,28.83,28.865,28.79,28.84,40895.0
2026-03-09T12:10:00-04:00,28.84,28.9,28.77,28.7856,37358.0
2026-03-09T12:15:00-04:00,28.7872,28.79,28.68,28.74,22097.0
2026-03-09T12:20:00-04:00,28.7,28.735,28.62,28.73,26085.0
2026-03-09T12:25:00-04:00,28.72,28.8,28.691,28.76,37747.0
2026-03-09T12:30:00-04:00,28.76,28.785,28.69,28.71,24610.0
2026-03-09T12:35:00-04:00,28.71,28.76,28.69,28.695,22062.0
2026-03-09T12:40:00-04:00,28.69,28.8696,28.685,28.84,34531.0
2026-03-09T12:45:00-04:00,28.84,28.85,28.71,28.73,29091.0
2026-03-09T12:50:00-04:00,28.72,28.855,28.66,28.81,35438.0
2026-03-09T12:55:00-04:00,28.82,28.94,28.8,28.92,59095.0
2026-03-09T13:00:00-04:00,28.92,29.025,28.885,28.96,63025.0
2026-03-09T13:05:00-04:00,28.95,29.059999,28.91,29.049999,24772.0
2026-03-09T13:10:00-04:00,29.059999,29.1098,28.99,29.094999,59863.0
2026-03-09T13:15:00-04:00,29.1061,29.1061,28.975,28.98,15094.0
2026-03-09T13:20:00-04:00,28.96,28.9765,28.85,28.86,14832.0
2026-03-09T13:25:00-04:00,28.89,28.94,28.8,28.85,20385.0
2026-03-09T13:30:00-04:00,28.88,28.965,28.86,28.965,10930.0
2026-03-09T13:35:00-04:00,28.97,29.01,28.94,28.94,8440.0
2026-03-09T13:40:00-04:00,28.93,29.067499,28.92,29.0403,50373.0
2026-03-09T13:45:00-04:00,29.059999,29.059999,28.88,28.88,45165.0
2026-03-09T13:50:00-04:00,28.86,29.040001,28.85,29.0,47211.0
2026-03-09T13:55:00-04:00,28.99,29.02,28.93,28.95,12477.0
2026-03-09T14:00:00-04:00,28.94,28.99,28.86,28.86,18919.0
2026-03-09T14:05:00-04:00,28.87,28.96,28.87,28.93,11701.0
2026-03-09T14:10:00-04:00,28.965,29.15,28.965,29.15,43161.0
2026-03-09T14:15:00-04:00,29.15,29.195,29.13,29.17,42472.0
2026-03-09T14:20:00-04:00,29.18,29.23,29.14,29.19,47643.0
2026-03-09T14:25:00-04:00,29.17,29.19,29.13,29.15,13452.0
2026-03-09T14:30:00-04:00,29.13,29.31,29.13,29.31,85213.0
2026-03-09T14:35:00-04:00,29.29,29.35,29.29,29.33,17488.0
2026-03-09T14:40:00-04:00,29.34,29.37,29.31,29.335,52631.0
2026-03-09T14:45:00-04:00,29.33,29.37,29.32,29.33,16061.0
2026-03-09T14:50:00-04:00,29.31,29.48,29.31,29.48,85296.0
2026-03-09T14:55:00-04:00,29.48,29.52,29.3978,29.3978,20002.0
2026-03-09T15:00:00-04:00,29.41,29.5143,29.4,29.48,41961.0
2026-03-09T15:05:00-04:00,29.49,29.495,29.35,29.45,35886.0
2026-03-09T15:10:00-04:00,29.46,29.58,29.45,29.54,82999.0
2026-03-09T15:15:00-04:00,29.54,29.71,29.53,29.7,133259.0
2026-03-09T15:20:00-04:00,29.7,29.86,29.685,29.84,63192.0
2026-03-09T15:25:00-04:00,29.85,30.13,29.79,30.13,54819.0
2026-03-09T15:30:00-04:00,30.12,30.16,29.97,30.1,59179.0
2026-03-09T15:35:00-04:00,30.1,30.21,30.030001,30.2,43987.0
2026-03-09T15:40:00-04:00,30.19,30.19,30.010799,30.125,46835.0
2026-03-09T15:45:00-04:00,30.105,30.14,30.049999,30.094999,49900.0
2026-03-09T15:50:00-04:00,30.08,30.1,29.95,30.049999,118100.0
2026-03-09T15:55:00-04:00,30.030001,30.18,29.99,30.145,272893.0
2026-03-10T09:30:00-04:00,30.675,30.88,30.25,30.85,124607.0
2026-03-10T09:35:00-04:00,30.79,30.9,30.63,30.76,44916.0
2026-03-10T09:40:00-04:00,30.72,30.75,30.36,30.36,46225.0
2026-03-10T09:45:00-04:00,30.3,30.38,30.1,30.38,47664.0
2026-03-10T09:50:00-04:00,30.4066,30.77,30.37,30.645,35525.0
2026-03-10T09:55:00-04:00,30.61,30.76,30.61,30.76,23570.0
2026-03-10T10:00:00-04:00,30.77,30.79,30.51,30.73,32503.0
2026-03-10T10:05:00-04:00,30.745,30.84,30.4804,30.54,65273.0
2026-03-10T10:10:00-04:00,30.55,30.68,30.5,30.68,24774.0
2026-03-10T10:15:00-04:00,30.705,30.81,30.61,30.81,23240.0
2026-03-10T10:20:00-04:00,30.81,31.01,30.77,31.0,31042.0
2026-03-10T10:25:00-04:00,30.985,31.040001,30.93,31.030001,32937.0
2026-03-10T10:30:00-04:00,31.040001,31.19,30.98,31.09,49253.0
2026-03-10T10:35:00-04:00,31.084999,31.24,30.99,31.21,30146.0
2026-03-10T10:40:00-04:00,31.22,31.2273,30.96,31.11,76625.0
2026-03-10T10:45:00-04:00,31.1,31.23,31.0,31.19,81426.0
2026-03-10T10:50:00-04:00,31.19,31.2047,31.084999,31.14,28218.0
2026-03-10T10:55:00-04:00,31.135,31.135,31.059999,31.125,22136.0
2026-03-10T11:00:00-04:00,31.12,31.29,31.075001,31.275,22471.0
2026-03-10T11:05:00-04:00,31.27,31.43,31.24,31.365,41914.0
2026-03-10T11:10:00-04:00,31.37,31.44,31.32,31.41,17180.0
2026-03-10T11:15:00-04:00,31.4,31.43,31.2969,31.395,20624.0
2026-03-10T11:20:00-04:00,31.41,31.43,31.35,31.355,19626.0
2026-03-10T11:25:00-04:00,31.37,31.48,31.37,31.48,18074.0
2026-03-10T11:30:00-04:00,31.5,31.58,31.47,31.51,15660.0
2026-03-10T11:35:00-04:00,31.49,31.58,31.47,31.58,19982.0
2026-03-10T11:40:00-04:00,31.59,31.66,31.47,31.6,40360.0
2026-03-10T11:45:00-04:00,31.59,31.65,31.53,31.55,32521.0
2026-03-10T11:50:00-04:00,31.55,31.68,31.54,31.62,60457.0
2026-03-10T11:55:00-04:00,31.62,31.62,31.5,31.6,34115.0
2026-03-10T12:00:00-04:00,31.6,31.64,31.43,31.45,52034.0
2026-03-10T12:05:00-04:00,31.45,31.46,31.25,31.31,34707.0
2026-03-10T12:10:00-04:00,31.31,31.3461,31.185,31.185,78601.0
2026-03-10T12:15:00-04:00,31.18,31.265,31.13,31.26,36365.0
2026-03-10T12:20:00-04:00,31.26,31.34,31.225,31.25,81815.0
2026-03-10T12:25:00-04:00,31.25,31.3,31.23,31.235,32343.0
2026-03-10T12:30:00-04:00,31.25,31.36,31.235,31.35,36143.0
2026-03-10T12:35:00-04:00,31.35,31.4199,31.34,31.38,47643.0
2026-03-10T12:40:00-04:00,31.375,31.375,31.23,31.315,22982.0
2026-03-10T12:45:00-04:00,31.31,31.325,31.22,31.235,27409.0
2026-03-10T12:50:00-04:00,31.23,31.39,31.215,31.39,18298.0
2026-03-10T12:55:00-04:00,31.37,31.46,31.345,31.44,20653.0
2026-03-10T13:00:00-04:00,31.43,31.48,31.41,31.43,20828.0
2026-03-10T13:05:00-04:00,31.4392,31.48,31.42,31.42,15690.0
2026-03-10T13:10:00-04:00,31.415,31.415,31.2601,31.32,24606.0
2026-03-10T13:15:00-04:00,31.33,31.41,31.29,31.41,22436.0
2026-03-10T13:20:00-04:00,31.38,31.4,31.31,31.35,15617.0
2026-03-10T13:25:00-04:00,31.33,31.45,31.3,31.435,47821.0
2026-03-10T13:30:00-04:00,31.44,31.5,31.4,31.4,27426.0
2026-03-10T13:35:00-04:00,31.41,31.42,31.31,31.395,26405.0
2026-03-10T13:40:00-04:00,31.41,31.44,31.35,31.38,11065.0
2026-03-10T13:45:00-04:00,31.3803,31.385,31.22,31.26,29453.0
2026-03-10T13:50:00-04:00,31.26,31.44,31.26,31.39,56141.0
2026-03-10T13:55:00-04:00,31.4,31.4,31.25,31.25,35366.0
2026-03-10T14:00:00-04:00,31.26,31.36,31.25,31.35,30373.0
2026-03-10T14:05:00-04:00,31.35,31.36,31.23,31.245,40461.0
2026-03-10T14:10:00-04:00,31.27,31.33,31.1,31.11,41095.0
2026-03-10T14:15:00-04:00,31.13,31.275,30.85,30.93,68971.0
2026-03-10T14:20:00-04:00,30.935,31.2,30.935,31.18,47233.0
2026-03-10T14:25:00-04:00,31.17,31.34,31.16,31.24,32111.0
2026-03-10T14:30:00-04:00,31.26,31.3,31.19,31.26,25532.0
2026-03-10T14:35:00-04:00,31.29,31.29,31.059999,31.14,35784.0
2026-03-10T14:40:00-04:00,31.14,31.22,31.09,31.09,41005.0
2026-03-10T14:45:00-04:00,31.059999,31.16,31.035,31.07,39282.0
2026-03-10T14:50:00-04:00,31.059999,31.12,30.96,31.0,35750.0
2026-03-10T14:55:00-04:00,31.0049992,31.035,30.88,30.88,36954.0
2026-03-10T15:00:00-04:00,30.89,31.02,30.79,30.93,45783.0
2026-03-10T15:05:00-04:00,30.93,31.049999,30.88,31.030001,26433.0
2026-03-10T15:10:00-04:00,31.02,31.11,30.96,31.1,35004.0
2026-03-10T15:15:00-04:00,31.1,31.14,31.09,31.09,27251.0
2026-03-10T15:20:00-04:00,31.09,31.094999,30.995,31.08,40722.0
2026-03-10T15:25:00-04:00,31.07,31.1,30.95,30.965,55957.0
2026-03-10T15:30:00-04:00,30.96,30.965,30.87,30.92,37401.0
2026-03-10T15:35:00-04:00,30.9101,31.07,30.855,31.059999,63987.0
2026-03-10T15:40:00-04:00,31.059999,31.2,31.057501,31.0973,69972.0
2026-03-10T15:45:00-04:00,31.030001,31.08,30.9,30.97,81743.0
2026-03-10T15:50:00-04:00,30.96,31.049999,30.9,31.040001,114997.0
2026-03-10T15:55:00-04:00,31.040001,31.1,30.86,30.93,205375.0
2026-03-11T09:30:00-04:00,30.24,30.24,29.31,29.3213,139053.0
2026-03-11T09:35:00-04:00,29.35,29.35,28.8619,29.040001,73339.0
2026-03-11T09:40:00-04:00,29.15,29.2425,28.81,28.945,56448.0
2026-03-11T09:45:00-04:00,28.945,29.2,28.945,29.07,74595.0
2026-03-11T09:50:00-04:00,29.13,29.205,28.94,29.059999,43154.0
2026-03-11T09:55:00-04:00,29.030001,29.3564,28.92,29.345,70326.0
2026-03-11T10:00:00-04:00,29.37,29.75,29.24,29.35,109322.0
2026-03-11T10:05:00-04:00,29.39,29.54,29.33,29.48,41350.0
2026-03-11T10:10:00-04:00,29.495,29.54,29.34,29.53,28950.0
2026-03-11T10:15:00-04:00,29.56,29.83,29.52,29.805,57839.0
2026-03-11T10:20:00-04:00,29.82,29.9,29.76,29.79,30109.0
2026-03-11T10:25:00-04:00,29.75,30.0,29.71,29.975,26462.0
2026-03-11T10:30:00-04:00,29.99,30.16,29.99,30.12,39303.0
2026-03-11T10:35:00-04:00,30.1826,30.2869,29.9,29.98,28823.0
2026-03-11T10:40:00-04:00,29.97,29.99,29.7,29.73,25163.0
2026-03-11T10:45:00-04:00,29.7,29.84,29.635,29.785,18480.0
2026-03-11T10:50:00-04:00,29.785,29.86,29.77,29.84,17624.0
2026-03-11T10:55:00-04:00,29.83,29.92,29.83,29.88,18876.0
2026-03-11T11:00:00-04:00,29.94,29.985,29.78,29.82,17562.0
2026-03-11T11:05:00-04:00,29.83,29.83,29.66,29.745,18607.0
2026-03-11T11:10:00-04:00,29.7499,29.7499,29.61,29.63,20157.0
2026-03-11T11:15:00-04:00,29.58,29.59,29.48,29.585,22620.0
2026-03-11T11:20:00-04:00,29.57,29.63,29.46,29.61,35967.0
2026-03-11T11:25:00-04:00,29.64,29.6548,29.55,29.55,16886.0
2026-03-11T11:30:00-04:00,29.53,29.53,29.23,29.24,65022.0
2026-03-11T11:35:00-04:00,29.26,29.3861,29.2214,29.27,88836.0
2026-03-11T11:40:00-04:00,29.3,29.369,29.29,29.32,14958.0
2026-03-11T11:45:00-04:00,29.3325,29.365,29.26,29.365,24141.0
2026-03-11T11:50:00-04:00,29.345,29.44,29.33,29.435,17310.0
2026-03-11T11:55:00-04:00,29.42,29.55,29.42,29.455,43524.0
2026-03-11T12:00:00-04:00,29.43,29.57,29.43,29.46,18173.0
2026-03-11T12:05:00-04:00,29.47,29.47,29.35,29.36,19564.0
2026-03-11T12:10:00-04:00,29.37,29.46,29.37,29.425,15276.0
2026-03-11T12:15:00-04:00,29.44,29.54,29.38,29.505,13090.0
2026-03-11T12:20:00-04:00,29.49,29.58,29.46,29.55,21317.0
2026-03-11T12:25:00-04:00,29.56,29.71,29.535,29.71,23527.0
2026-03-11T12:30:00-04:00,29.72,29.82,29.7,29.82,33293.0
2026-03-11T12:35:00-04:00,29.81,29.86,29.8,29.81,13384.0
2026-03-11T12:40:00-04:00,29.85,29.905,29.84,29.895,10928.0
2026-03-11T12:45:00-04:00,29.8759,29.9,29.81,29.83,14149.0
2026-03-11T12:50:00-04:00,29.85,29.9,29.83,29.89,13669.0
2026-03-11T12:55:00-04:00,29.9,29.95,29.87,29.92,12047.0
2026-03-11T13:00:00-04:00,29.92,30.065001,29.89,29.93,47240.0
2026-03-11T13:05:00-04:00,29.93,30.0049992,29.9278,29.97,13624.0
2026-03-11T13:10:00-04:00,29.965,29.965,29.815,29.84,12898.0
2026-03-11T13:15:00-04:00,29.84,29.92,29.7806,29.785,16328.0
2026-03-11T13:20:00-04:00,29.8,29.825,29.76,29.78,9009.0
2026-03-11T13:25:00-04:00,29.78,29.8,29.72,29.75,16724.0
2026-03-11T13:30:00-04:00,29.775,29.79,29.705,29.72,17250.0
2026-03-11T13:35:00-04:00,29.73,29.76,29.52,29.59,16725.0
2026-03-11T13:40:00-04:00,29.6,29.66,29.535,29.58,16142.0
2026-03-11T13:45:00-04:00,29.575,29.575,29.48,29.52,15329.0
2026-03-11T13:50:00-04:00,29.53,29.53,29.455,29.485,17042.0
2026-03-11T13:55:00-04:00,29.45,29.58,29.42,29.57,254272.0
2026-03-11T14:00:00-04:00,29.58,29.67,29.58,29.6,30118.0
2026-03-11T14:05:00-04:00,29.61,29.69,29.605,29.625,15251.0
2026-03-11T14:10:00-04:00,29.64,29.67,29.57,29.66,14971.0
2026-03-11T14:15:00-04:00,29.67,29.78,29.665,29.768,16169.0
2026-03-11T14:20:00-04:00,29.78,29.8,29.73,29.8,22887.0
2026-03-11T14:25:00-04:00,29.82,29.88,29.82,29.85,54539.0
2026-03-11T14:30:00-04:00,29.86,29.93,29.85,29.895,17132.0
2026-03-11T14:35:00-04:00,29.905,30.06,29.905,30.035,28054.0
2026-03-11T14:40:00-04:00,30.030001,30.08,29.99,29.995,40355.0
2026-03-11T14:45:00-04:00,30.01,30.08,29.96,29.975,36022.0
2026-03-11T14:50:00-04:00,29.98,30.035,29.93,29.96,20588.0
2026-03-11T14:55:00-04:00,29.95,29.95,29.825,29.88,12146.0
2026-03-11T15:00:00-04:00,29.88,29.89,29.815,29.88,13337.0
2026-03-11T15:05:00-04:00,29.87,29.89,29.81,29.89,19036.0
2026-03-11T15:10:00-04:00,29.9,29.96,29.8813,29.95,17934.0
2026-03-11T15:15:00-04:00,29.94,30.040001,29.915,30.035,28457.0
2026-03-11T15:20:00-04:00,30.035,30.1,30.0,30.030001,37831.0
2026-03-11T15:25:00-04:00,30.07,30.18,30.07,30.13,29962.0
2026-03-11T15:30:00-04:00,30.13,30.17,30.07,30.17,38951.0
2026-03-11T15:35:00-04:00,30.16,30.16,30.059999,30.11,21977.0
2026-03-11T15:40:00-04:00,30.105,30.13,30.084999,30.13,30964.0
2026-03-11T15:45:00-04:00,30.14,30.15,30.105,30.13,28847.0
2026-03-11T15:50:00-04:00,30.14,30.2,30.0,30.19,91624.0
2026-03-11T15:55:00-04:00,30.2,30.32,30.2,30.32,254194.0
2026-03-12T09:30:00-04:00,31.02,31.040001,30.45,30.69,159156.0
2026-03-12T09:35:00-04:00,30.67,30.82,30.030001,30.1,37431.0
2026-03-12T09:40:00-04:00,30.08,30.3349,30.0401,30.055,28520.0
2026-03-12T09:45:00-04:00,30.030001,30.31,30.01,30.22,47546.0
2026-03-12T09:50:00-04:00,30.24,30.46,30.17,30.23,22794.0
2026-03-12T09:55:00-04:00,30.215,30.35,30.19,30.29,28158.0
2026-03-12T10:00:00-04:00,30.33,30.54,30.33,30.535,50031.0
2026-03-12T10:05:00-04:00,30.535,30.58,30.375,30.45,29056.0
2026-03-12T10:10:00-04:00,30.46,30.65,30.375,30.6448,27090.0
2026-03-12T10:15:00-04:00,30.65,30.7,30.405,30.5,40433.0
2026-03-12T10:20:00-04:00,30.5,30.5,30.195,30.21,57611.0
2026-03-12T10:25:00-04:00,30.22,30.28,30.0,30.08,43780.0
2026-03-12T10:30:00-04:00,30.12,30.2044,29.9,29.92,40386.0
2026-03-12T10:35:00-04:00,29.98,30.08,29.84,29.98,20282.0
2026-03-12T10:40:00-04:00,29.98,30.049999,29.9016,30.040001,20897.0
2026-03-12T10:45:00-04:00,30.055,30.2,29.78,29.81,26524.0
2026-03-12T10:50:00-04:00,29.82,29.82,29.71,29.8,23842.0
2026-03-12T10:55:00-04:00,29.92,29.97,29.84,29.89,35403.0
2026-03-12T11:00:00-04:00,29.86,30.0,29.81,29.88,20427.0
2026-03-12T11:05:00-04:00,29.86,29.89,29.65,29.67,22532.0
2026-03-12T11:10:00-04:00,29.64,29.64,29.45,29.535,39277.0
2026-03-12T11:15:00-04:00,29.535,29.6599,29.5,29.6,24514.0
2026-03-12T11:20:00-04:00,29.63,29.69,29.55,29.64,14434.0
2026-03-12T11:25:00-04:00,29.625,29.73,29.61,29.67,8760.0
2026-03-12T11:30:00-04:00,29.65,29.73,29.62,29.67,16485.0
2026-03-12T11:35:00-04:00,29.69,29.78,29.53,29.78,22042.0
2026-03-12T11:40:00-04:00,29.83,29.88,29.72,29.79,13495.0
2026-03-12T11:45:00-04:00,29.79,29.85,29.73,29.83,14584.0
2026-03-12T11:50:00-04:00,29.81,30.0049992,29.795,29.96,8905.0
2026-03-12T11:55:00-04:00,29.95,29.98,29.88,29.965,12357.0
2026-03-12T12:00:00-04:00,29.985,30.19,29.985,30.08,49891.0
2026-03-12T12:05:00-04:00,30.07,30.15,29.9,29.91,21414.0
2026-03-12T12:10:00-04:00,29.89,29.97,29.82,29.97,20316.0
2026-03-12T12:15:00-04:00,29.97,30.12,29.95,30.12,17743.0
2026-03-12T12:20:00-04:00,30.175,30.33,30.17,30.17,15299.0
2026-03-12T12:25:00-04:00,30.15,30.16,30.08,30.08,5137.0
2026-03-12T12:30:00-04:00,30.055,30.23,30.030001,30.2,10919.0
2026-03-12T12:35:00-04:00,30.17,30.27,30.125,30.23,13212.0
2026-03-12T12:40:00-04:00,30.23,30.34,30.23,30.29,5925.0
2026-03-12T12:45:00-04:00,30.27,30.27,30.1,30.16,19834.0
2026-03-12T12:50:00-04:00,30.145,30.18,29.99,29.9919,12948.0
2026-03-12T12:55:00-04:00,29.995,30.02,29.82,29.89,48075.0
2026-03-12T13:00:00-04:00,29.9,30.07,29.9,30.059999,33475.0
2026-03-12T13:05:00-04:00,30.0653,30.17,30.040001,30.11,13771.0
2026-03-12T13:10:00-04:00,30.115,30.16,30.0,30.0,6318.0
2026-03-12T13:15:00-04:00,29.99,29.99,29.885,29.91,4706.0
2026-03-12T13:20:00-04:00,29.89,29.93,29.81,29.84,14351.0
2026-03-12T13:25:00-04:00,29.85,29.87,29.78,29.78,8365.0
2026-03-12T13:30:00-04:00,29.77,29.93,29.72,29.84,51689.0
2026-03-12T13:35:00-04:00,29.82,29.95,29.82,29.9,12452.0
2026-03-12T13:40:00-04:00,29.89,29.935,29.82,29.82,9484.0
2026-03-12T13:45:00-04:00,29.795,29.82,29.725,29.81,17847.0
2026-03-12T13:50:00-04:00,29.795,29.85,29.745,29.82,17008.0
2026-03-12T13:55:00-04:00,29.82,29.835,29.74,29.76,12141.0
2026-03-12T14:00:00-04:00,29.77,29.87,29.76,29.8,16608.0
2026-03-12T14:05:00-04:00,29.79,29.92,29.76,29.89,22150.0
2026-03-12T14:10:00-04:00,29.87,29.95,29.865,29.87,10156.0
2026-03-12T14:15:00-04:00,29.91,30.0083008,29.905,29.96,11151.0
2026-03-12T14:20:00-04:00,29.93,30.01,29.88,29.995,13274.0
2026-03-12T14:25:00-04:00,29.99,30.0,29.915,29.915,14608.0
2026-03-12T14:30:00-04:00,29.925,30.0888,29.925,30.059999,9806.0
2026-03-12T14:35:00-04:00,30.045,30.13,30.02,30.059999,14160.0
2026-03-12T14:40:00-04:00,30.065001,30.08,30.000099182,30.049999,12614.0
2026-03-12T14:45:00-04:00,30.049999,30.12,29.96,29.96,13398.0
2026-03-12T14:50:00-04:00,29.95,30.0,29.93,29.97,19510.0
2026-03-12T14:55:00-04:00,29.96,29.96,29.81,29.82,20558.0
2026-03-12T15:00:00-04:00,29.8,29.87,29.65,29.72,28366.0
2026-03-12T15:05:00-04:00,29.72,29.85,29.72,29.83,21288.0
2026-03-12T15:10:00-04:00,29.82,29.86,29.795,29.84,13420.0
2026-03-12T15:15:00-04:00,29.85,29.87,29.72,29.75,19463.0
2026-03-12T15:20:00-04:00,29.73,29.74,29.64,29.7,26199.0
2026-03-12T15:25:00-04:00,29.69,29.7001,29.6675,29.68,24319.0
2026-03-12T15:30:00-04:00,29.69,29.845,29.69,29.81,48056.0
2026-03-12T15:35:00-04:00,29.82,29.86,29.75,29.84,23541.0
2026-03-12T15:40:00-04:00,29.83,29.83,29.615,29.63,48765.0
2026-03-12T15:45:00-04:00,29.62,29.64,29.56,29.6,66604.0
2026-03-12T15:50:00-04:00,29.59,29.66,29.51,29.59,90072.0
2026-03-12T15:55:00-04:00,29.595,29.595,29.44,29.47,173529.0
2026-03-13T09:30:00-04:00,29.29,29.34,29.01,29.21,339223.0
2026-03-13T09:35:00-04:00,29.24,29.31,28.97,29.215,35826.0
2026-03-13T09:40:00-04:00,29.2123,29.2428,28.99,29.165,54631.0
2026-03-13T09:45:00-04:00,29.18,29.35,29.18,29.25,26404.0
2026-03-13T09:50:00-04:00,29.27,29.29,29.165,29.22,15980.0
2026-03-13T09:55:00-04:00,29.19,29.2,28.96,29.15,27546.0
2026-03-13T10:00:00-04:00,29.11,29.25,28.99,29.17,46131.0
2026-03-13T10:05:00-04:00,29.195,29.24,28.96,29.025,24854.0
2026-03-13T10:10:00-04:00,29.065001,29.09,28.81,28.885,37633.0
2026-03-13T10:15:00-04:00,28.86,28.86,28.63,28.82,68161.0
2026-03-13T10:20:00-04:00,28.83,28.89,28.71,28.7965,25475.0
2026-03-13T10:25:00-04:00,28.815,28.9,28.68,28.86,26178.0
2026-03-13T10:30:00-04:00,28.845,29.02,28.81,28.97,25754.0
2026-03-13T10:35:00-04:00,28.98,29.09,28.89,28.99,26664.0
2026-03-13T10:40:00-04:00,28.99,29.040001,28.87,28.87,72987.0
2026-03-13T10:45:00-04:00,28.84,29.055,28.8,29.00060081,35199.0
2026-03-13T10:50:00-04:00,29.02,29.02,28.67,28.705,68665.0
2026-03-13T10:55:00-04:00,28.7,28.71,28.25,28.25,98907.0
2026-03-13T11:00:00-04:00,28.29,28.47,28.26,28.39,103558.0
2026-03-13T11:05:00-04:00,28.4396,28.51,28.37,28.45,64937.0
2026-03-13T11:10:00-04:00,28.45,28.59,28.38,28.565,128657.0
2026-03-13T11:15:00-04:00,28.57,28.57,28.44,28.44,18376.0
2026-03-13T11:20:00-04:00,28.445,28.5,28.43,28.45,16099.0
2026-03-13T11:25:00-04:00,28.41,28.545,28.31,28.52,18362.0
2026-03-13T11:30:00-04:00,28.51,28.54,28.41,28.525,105390.0
2026-03-13T11:35:00-04:00,28.501,28.501,28.33,28.395,21508.0
2026-03-13T11:40:00-04:00,28.41,28.41,28.17,28.2,27975.0
2026-03-13T11:45:00-04:00,28.21,28.42,28.205,28.28,29320.0
2026-03-13T11:50:00-04:00,28.27,28.315,28.16,28.16,20367.0
2026-03-13T11:55:00-04:00,28.15,28.22,28.12,28.2,25676.0
2026-03-13T12:00:00-04:00,28.19,28.25,28.09,28.09,28232.0
2026-03-13T12:05:00-04:00,28.07,28.12,27.99,28.12,25956.0
2026-03-13T12:10:00-04:00,28.15,28.23,28.07,28.1,18591.0
2026-03-13T12:15:00-04:00,28.21,28.269,28.18,28.21,16815.0
2026-03-13T12:20:00-04:00,28.21,28.29,28.21,28.23,12455.0
2026-03-13T12:25:00-04:00,28.24,28.249,28.14,28.2201,12693.0
2026-03-13T12:30:00-04:00,28.22,28.24,28.16,28.21,15428.0
2026-03-13T12:35:00-04:00,28.23,28.39,28.23,28.26,23360.0
2026-03-13T12:40:00-04:00,28.25,28.295,28.19,28.24,15959.0
2026-03-13T12:45:00-04:00,28.25,28.3,28.24,28.29,13431.0
2026-03-13T12:50:00-04:00,28.3,28.405,28.29,28.32,27494.0
2026-03-13T12:55:00-04:00,28.33,28.35,28.29,28.3099,16469.0
2026-03-13T13:00:00-04:00,28.32,28.43,28.32,28.36,18796.0
2026-03-13T13:05:00-04:00,28.33,28.42,28.28,28.37,23395.0
2026-03-13T13:10:00-04:00,28.38,28.49,28.32,28.46,27641.0
2026-03-13T13:15:00-04:00,28.47,28.52,28.44,28.515,10487.0
2026-03-13T13:20:00-04:00,28.51,28.52,28.42,28.48,19945.0
2026-03-13T13:25:00-04:00,28.46,28.465,28.31,28.4306,14349.0
2026-03-13T13:30:00-04:00,28.42,28.48,28.41,28.48,10893.0
2026-03-13T13:35:00-04:00,28.49,28.53,28.44,28.475,18746.0
2026-03-13T13:40:00-04:00,28.46,28.46,28.28,28.33,15501.0
2026-03-13T13:45:00-04:00,28.36,28.37,28.21,28.21,14726.0
2026-03-13T13:50:00-04:00,28.21,28.275,28.205,28.21,16608.0
2026-03-13T13:55:00-04:00,28.1971,28.25,28.1101,28.1101,18181.0
2026-03-13T14:00:00-04:00,28.12,28.295,28.12,28.27,17245.0
2026-03-13T14:05:00-04:00,28.295,28.31,28.24,28.29,13527.0
2026-03-13T14:10:00-04:00,28.29,28.295,28.21,28.23,14930.0
2026-03-13T14:15:00-04:00,28.22,28.29,28.2,28.21,20715.0
2026-03-13T14:20:00-04:00,28.19,28.22,28.155,28.21,15652.0
2026-03-13T14:25:00-04:00,28.24,28.26,28.1508,28.26,20284.0
2026-03-13T14:30:00-04:00,28.24,28.36,28.24,28.34,18936.0
2026-03-13T14:35:00-04:00,28.33,28.37,28.28,28.28,24830.0
2026-03-13T14:40:00-04:00,28.29,28.39,28.27,28.38,94532.0
2026-03-13T14:45:00-04:00,28.37,28.401,28.33,28.401,20112.0
2026-03-13T14:50:00-04:00,28.4,28.49,28.37,28.46,30494.0
2026-03-13T14:55:00-04:00,28.45,28.51,28.42,28.5,18675.0
2026-03-13T15:00:00-04:00,28.53,28.54,28.44,28.44,23648.0
2026-03-13T15:05:00-04:00,28.43,28.43,28.31,28.32,66637.0
2026-03-13T15:10:00-04:00,28.31,28.31,28.22,28.28,19968.0
2026-03-13T15:15:00-04:00,28.285,28.305,28.18,28.23,28926.0
2026-03-13T15:20:00-04:00,28.22,28.23,28.12,28.19,33035.0
2026-03-13T15:25:00-04:00,28.18,28.18,28.040001,28.08,28334.0
2026-03-13T15:30:00-04:00,28.09,28.175,28.09,28.14,27215.0
2026-03-13T15:35:00-04:00,28.14,28.18,28.11,28.13,42720.0
2026-03-13T15:40:00-04:00,28.12,28.12,28.040001,28.09,47852.0
2026-03-13T15:45:00-04:00,28.09,28.14,28.055,28.1,46630.0
2026-03-13T15:50:00-04:00,28.1,28.13,27.93,28.125,114684.0
2026-03-13T15:55:00-04:00,28.13,28.215,28.13,28.175,241131.0
2026-03-16T09:30:00-04:00,28.049999,28.45,27.96,28.45,144135.0
2026-03-16T09:35:00-04:00,28.48,28.69,28.46,28.58,23784.0
2026-03-16T09:40:00-04:00,28.585,28.74,28.5,28.73,39611.0
2026-03-16T09:45:00-04:00,28.75,28.93,28.62,28.76,73058.0
2026-03-16T09:50:00-04:00,28.7587,28.945,28.74,28.87,20124.0
2026-03-16T09:55:00-04:00,28.88,28.92,28.76,28.92,29013.0
2026-03-16T10:00:00-04:00,28.94,29.12,28.89,29.040001,40576.0
2026-03-16T10:05:00-04:00,29.049999,29.055,28.88,28.91,41125.0
2026-03-16T10:10:00-04:00,28.9,29.135,28.9,29.028,172535.0
2026-03-16T10:15:00-04:00,29.049999,29.049999,28.94,28.975,26292.0
2026-03-16T10:20:00-04:00,28.97,29.040001,28.79,28.805,27636.0
2026-03-16T10:25:00-04:00,28.8,28.84,28.64,28.64,18873.0
2026-03-16T10:30:00-04:00,28.621,28.66,28.472,28.5,38211.0
2026-03-16T10:35:00-04:00,28.5099,28.58,28.3782,28.379,13507.0
2026-03-16T10:40:00-04:00,28.38,28.4,28.27,28.36,244007.0
2026-03-16T10:45:00-04:00,28.37,28.385,28.19,28.38,19882.0
2026-03-16T10:50:00-04:00,28.34,28.401,28.29,28.38,16119.0
2026-03-16T10:55:00-04:00,28.375,28.412,28.27,28.38,39548.0
2026-03-16T11:00:00-04:00,28.39,28.45,28.2917,28.31,55573.0
2026-03-16T11:05:00-04:00,28.31,28.31,28.101,28.21,268264.0
2026-03-16T11:10:00-04:00,28.2,28.24,28.12,28.22,29359.0
2026-03-16T11:15:00-04:00,28.215,28.215,28.12,28.18,48182.0
2026-03-16T11:20:00-04:00,28.2,28.23,28.17,28.19,299321.0
2026-03-16T11:25:00-04:00,28.18,28.19,28.07,28.12,17939.0
2026-03-16T11:30:00-04:00,28.12,28.22,28.1,28.2,292834.0
2026-03-16T11:35:00-04:00,28.21,28.27,28.18,28.26,25980.0
2026-03-16T11:40:00-04:00,28.255,28.26,28.125,28.13,12759.0
2026-03-16T11:45:00-04:00,28.14,28.16,28.07,28.07,11119.0
2026-03-16T11:50:00-04:00,28.049999,28.049999,27.93,28.01,17083.0
2026-03-16T11:55:00-04:00,28.01,28.01,27.84,27.89,19119.0
2026-03-16T12:00:00-04:00,27.9,27.95,27.81,27.81,14384.0
2026-03-16T12:05:00-04:00,27.83,27.89,27.79,27.82,355278.0
2026-03-16T12:10:00-04:00,27.83,27.98,27.83,27.98,362391.0
2026-03-16T12:15:00-04:00,27.965,27.99,27.9,27.955,6490.0
2026-03-16T12:20:00-04:00,27.94,27.96,27.8,27.81,10679.0
2026-03-16T12:25:00-04:00,27.81,27.81,27.63,27.63,53236.0
2026-03-16T12:30:00-04:00,27.63,27.6701,27.525,27.525,41960.0
2026-03-16T12:35:00-04:00,27.5326,27.64,27.5326,27.64,27849.0
2026-03-16T12:40:00-04:00,27.67,27.73,27.64,27.69,27326.0
2026-03-16T12:45:00-04:00,27.67,27.78,27.67,27.78,13115.0
2026-03-16T12:50:00-04:00,27.8,27.84,27.77,27.78,13210.0
2026-03-16T12:55:00-04:00,27.8,27.8,27.76,27.785,11071.0
2026-03-16T13:00:00-04:00,27.79,27.89,27.79,27.81,29235.0
2026-03-16T13:05:00-04:00,27.83,27.89,27.83,27.88,11914.0
2026-03-16T13:10:00-04:00,27.89,28.040001,27.88,28.01,448911.0
2026-03-16T13:15:00-04:00,28.02,28.125,28.02,28.125,12914.0
2026-03-16T13:20:00-04:00,28.11,28.21,28.1,28.21,13213.0
2026-03-16T13:25:00-04:00,28.24,28.25,28.17,28.19,14908.0
2026-03-16T13:30:00-04:00,28.18,28.24,28.16,28.19,449173.0
2026-03-16T13:35:00-04:00,28.18,28.21,28.16,28.18,10680.0
2026-03-16T13:40:00-04:00,28.18,28.205,28.16,28.16,7134.0
2026-03-16T13:45:00-04:00,28.17,28.2498,28.11,28.16,14762.0
2026-03-16T13:50:00-04:00,28.16,28.24,28.13,28.175,10782.0
2026-03-16T13:55:00-04:00,28.17,28.21,28.17,28.17,8808.0
2026-03-16T14:00:00-04:00,28.18,28.21,28.08,28.14,16615.0
2026-03-16T14:05:00-04:00,28.14,28.261,28.13,28.261,13490.0
2026-03-16T14:10:00-04:00,28.26,28.27,28.205,28.25,13014.0
2026-03-16T14:15:00-04:00,28.245,28.27,28.165,28.23,23119.0
2026-03-16T14:20:00-04:00,28.24,28.275,28.195,28.27,11272.0
2026-03-16T14:25:00-04:00,28.25,28.31,28.24,28.28,38503.0
2026-03-16T14:30:00-04:00,28.29,28.35,28.26,28.34,10975.0
2026-03-16T14:35:00-04:00,28.34,28.35,28.29,28.32,14911.0
2026-03-16T14:40:00-04:00,28.3,28.33,28.26,28.29,13140.0
2026-03-16T14:45:00-04:00,28.3,28.38,28.29,28.37,32746.0
2026-03-16T14:50:00-04:00,28.38,28.43,28.38,28.415,530709.0
2026-03-16T14:55:00-04:00,28.41,28.41,28.36,28.38,17119.0
2026-03-16T15:00:00-04:00,28.39,28.48,28.34,28.35,14483.0
2026-03-16T15:05:00-04:00,28.36,28.46,28.32,28.45,32874.0
2026-03-16T15:10:00-04:00,28.46,28.5,28.2801,28.31,25681.0
2026-03-16T15:15:00-04:00,28.29,28.32,28.28,28.305,14214.0
2026-03-16T15:20:00-04:00,28.31,28.31,28.22,28.23,15992.0
2026-03-16T15:25:00-04:00,28.23,28.26,28.19,28.24,18844.0
2026-03-16T15:30:00-04:00,28.2493,28.26,28.175,28.23,29024.0
2026-03-16T15:35:00-04:00,28.21,28.34,28.19,28.335,616350.0
2026-03-16T15:40:00-04:00,28.335,28.36,28.27,28.3,25106.0
2026-03-16T15:45:00-04:00,28.305,28.42,28.3,28.39,22919.0
2026-03-16T15:50:00-04:00,28.38,28.48,28.34,28.41,60370.0
2026-03-16T15:55:00-04:00,28.42,28.495,28.39,28.4,137705.0
2026-03-17T09:30:00-04:00,28.71,28.96,28.66,28.905,46472.0
2026-03-17T09:35:00-04:00,28.9,28.91,28.7,28.8,16757.0
2026-03-17T09:40:00-04:00,28.83,28.86,28.625,28.7,15523.0
2026-03-17T09:45:00-04:00,28.635,28.76,28.545,28.76,48980.0
2026-03-17T09:50:00-04:00,28.725,28.725,28.6,28.65,10712.0
2026-03-17T09:55:00-04:00,28.675,28.805,28.6,28.79,27264.0
2026-03-17T10:00:00-04:00,28.81,28.875,28.735,28.83,45024.0
2026-03-17T10:05:00-04:00,28.82,28.9601,28.82,28.9,15472.0
2026-03-17T10:10:00-04:00,28.92,28.92,28.8,28.825,90716.0
2026-03-17T10:15:00-04:00,28.805,28.86,28.77,28.8,16012.0
2026-03-17T10:20:00-04:00,28.87,29.0,28.84,28.87,27064.0
2026-03-17T10:25:00-04:00,28.845,28.96,28.7,28.96,36439.0
2026-03-17T10:30:00-04:00,28.95,29.0,28.85,29.0,21447.0
2026-03-17T10:35:00-04:00,29.0,29.030001,28.79,28.8,38750.0
2026-03-17T10:40:00-04:00,28.83,28.88,28.78,28.84,18974.0
2026-03-17T10:45:00-04:00,28.82,28.865,28.73,28.73,29452.0
2026-03-17T10:50:00-04:00,28.73,28.7385,28.6,28.64,20566.0
2026-03-17T10:55:00-04:00,28.66,28.67,28.58,28.61,11787.0
2026-03-17T11:00:00-04:00,28.6,28.715,28.575,28.65,15679.0
2026-03-17T11:05:00-04:00,28.645,28.69,28.46,28.51,12813.0
2026-03-17T11:10:00-04:00,28.48,28.52,28.38,28.385,8287.0
2026-03-17T11:15:00-04:00,28.43,28.52,28.35,28.41,8420.0
2026-03-17T11:20:00-04:00,28.465,28.48,28.28,28.37,17243.0
2026-03-17T11:25:00-04:00,28.38,28.385,28.12,28.12,23861.0
2026-03-17T11:30:00-04:00,28.14,28.19,28.1,28.1,14181.0
2026-03-17T11:35:00-04:00,28.1252,28.1252,27.9851,28.04,11233.0
2026-03-17T11:40:00-04:00,28.049999,28.13,27.99,28.13,7004.0
2026-03-17T11:45:00-04:00,28.13,28.15,27.99,28.040001,40233.0
2026-03-17T11:50:00-04:00,28.065001,28.11,28.040001,28.09,268766.0
2026-03-17T11:55:00-04:00,28.07,28.17,28.049999,28.1,12484.0
2026-03-17T12:00:00-04:00,28.12,28.1425,28.0049992,28.030001,14955.0
2026-03-17T12:05:00-04:00,28.02,28.13,27.96,28.1,29382.0
2026-03-17T12:10:00-04:00,28.14,28.25,28.12,28.12,45250.0
2026-03-17T12:15:00-04:00,28.12,28.19,28.049999,28.19,15955.0
2026-03-17T12:20:00-04:00,28.2,28.27,28.14,28.265,12340.0
2026-03-17T12:25:00-04:00,28.27,28.285,28.19,28.27,342408.0
2026-03-17T12:30:00-04:00,28.27,28.32,28.21,28.22,13002.0
2026-03-17T12:35:00-04:00,28.26,28.33,28.225,28.29,13532.0
2026-03-17T12:40:00-04:00,28.31,28.33,28.26,28.33,13224.0
2026-03-17T12:45:00-04:00,28.33,28.365,28.3,28.33,386321.0
2026-03-17T12:50:00-04:00,28.33,28.335,28.26,28.335,12551.0
2026-03-17T12:55:00-04:00,28.34,28.405,28.33,28.38,9604.0
2026-03-17T13:00:00-04:00,28.385,28.51,28.385,28.5,16428.0
2026-03-17T13:05:00-04:00,28.495,28.515,28.43,28.43,16077.0
2026-03-17T13:10:00-04:00,28.435,28.435,28.28,28.29,9343.0
2026-03-17T13:15:00-04:00,28.28,28.29,28.225,28.235,9639.0
2026-03-17T13:20:00-04:00,28.25,28.255,28.2,28.2,6574.0
2026-03-17T13:25:00-04:00,28.195,28.23,28.16,28.19,10557.0
2026-03-17T13:30:00-04:00,28.185,28.27,28.18,28.23,9876.0
2026-03-17T13:35:00-04:00,28.24,28.32,28.24,28.3,8374.0
2026-03-17T13:40:00-04:00,28.29,28.29,28.21,28.23,7891.0
2026-03-17T13:45:00-04:00,28.23,28.28,28.23,28.28,7530.0
2026-03-17T13:50:00-04:00,28.3,28.375,28.3,28.36,12820.0
2026-03-17T13:55:00-04:00,28.38,28.43,28.32,28.37,38128.0
2026-03-17T14:00:00-04:00,28.38,28.43,28.365,28.4,10977.0
2026-03-17T14:05:00-04:00,28.41,28.45,28.395,28.44,497528.0
2026-03-17T14:10:00-04:00,28.44,28.49,28.44,28.45,22717.0
2026-03-17T14:15:00-04:00,28.45,28.4699,28.405,28.43,8862.0
2026-03-17T14:20:00-04:00,28.445,28.509,28.43,28.45,515468.0
2026-03-17T14:25:00-04:00,28.465,28.465,28.3901,28.3901,10637.0
2026-03-17T14:30:00-04:00,28.39,28.41,28.37,28.38,5473.0
2026-03-17T14:35:00-04:00,28.37,28.4,28.35,28.355,10772.0
2026-03-17T14:40:00-04:00,28.35,28.35,28.29,28.29,546389.0
2026-03-17T14:45:00-04:00,28.31,28.35,28.3,28.33,9168.0
2026-03-17T14:50:00-04:00,28.31,28.345,28.3,28.335,5223.0
2026-03-17T14:55:00-04:00,28.335,28.335,28.27,28.29,11146.0
2026-03-17T15:00:00-04:00,28.29,28.295,28.22,28.23,11359.0
2026-03-17T15:05:00-04:00,28.205,28.22,28.16,28.22,15152.0
2026-03-17T15:10:00-04:00,28.24,28.3,28.15,28.18,23096.0
2026-03-17T15:15:00-04:00,28.18,28.205,28.175,28.18,16036.0
2026-03-17T15:20:00-04:00,28.17,28.275,28.17,28.24,16168.0
2026-03-17T15:25:00-04:00,28.25,28.26,28.205,28.25,16888.0
2026-03-17T15:30:00-04:00,28.26,28.29,28.1,28.12,35672.0
2026-03-17T15:35:00-04:00,28.13,28.135,28.08,28.105,645528.0
2026-03-17T15:40:00-04:00,28.11,28.13,28.084999,28.125,21814.0
2026-03-17T15:45:00-04:00,28.13,28.16,28.1,28.145,31836.0
2026-03-17T15:50:00-04:00,28.16,28.18,28.09,28.17,40609.0
2026-03-17T15:55:00-04:00,28.17,28.28,28.13,28.26,158323.0
2026-03-18T09:30:00-04:00,27.31,27.34,26.2,26.265,263431.0
2026-03-18T09:35:00-04:00,26.255,26.33,25.97,26.22,94893.0
2026-03-18T09:40:00-04:00,26.22,26.47,26.07,26.46,79271.0
2026-03-18T09:45:00-04:00,26.49,26.65,26.25,26.34,51210.0
2026-03-18T09:50:00-04:00,26.295,26.415,26.094999,26.2,56079.0
2026-03-18T09:55:00-04:00,26.22,26.29,26.040001,26.29,46399.0
2026-03-18T10:00:00-04:00,26.31,26.44,26.21,26.415,40525.0
2026-03-18T10:05:00-04:00,26.44,26.61,26.4001,26.56,18677.0
2026-03-18T10:10:00-04:00,26.53,26.64,26.45,26.5,292905.0
2026-03-18T10:15:00-04:00,26.49,26.545,26.36,26.36,21549.0
2026-03-18T10:20:00-04:00,26.34,26.41,26.15,26.21,38762.0
2026-03-18T10:25:00-04:00,26.225,26.24,26.14,26.19,41500.0
2026-03-18T10:30:00-04:00,26.22,26.22,26.07,26.12,371803.0
2026-03-18T10:35:00-04:00,26.12,26.19,26.034201,26.16,69581.0
2026-03-18T10:40:00-04:00,26.1001,26.24,26.1001,26.16,388681.0
2026-03-18T10:45:00-04:00,26.16,26.29,26.155,26.23,38772.0
2026-03-18T10:50:00-04:00,26.25,26.26,26.14,26.21,16566.0
2026-03-18T10:55:00-04:00,26.23,26.56,26.23,26.56,27690.0
2026-03-18T11:00:00-04:00,26.57,26.63,26.51,26.59,26642.0
2026-03-18T11:05:00-04:00,26.572,26.67,26.54,26.58,450721.0
2026-03-18T11:10:00-04:00,26.58,26.58,26.47,26.52,13101.0
2026-03-18T11:15:00-04:00,26.53,26.57,26.41,26.42,19037.0
2026-03-18T11:20:00-04:00,26.44,26.47,26.35,26.39,9653.0
2026-03-18T11:25:00-04:00,26.39,26.43,26.37,26.415,9304.0
2026-03-18T11:30:00-04:00,26.4305,26.47,26.39,26.411,12259.0
2026-03-18T11:35:00-04:00,26.4,26.49,26.4,26.41,472894.0
2026-03-18T11:40:00-04:00,26.42,26.43,26.3,26.3,13832.0
2026-03-18T11:45:00-04:00,26.3,26.33,26.24,26.25,504800.0
2026-03-18T11:50:00-04:00,26.25,26.35,26.235,26.335,23572.0
2026-03-18T11:55:00-04:00,26.335,26.4,26.32,26.3693,16303.0
2026-03-18T12:00:00-04:00,26.365,26.41,26.34,26.3709,15688.0
2026-03-18T12:05:00-04:00,26.405,26.49,26.405,26.46,9667.0
2026-03-18T12:10:00-04:00,26.47,26.64,26.47,26.61,13988.0
2026-03-18T12:15:00-04:00,26.6,26.61,26.5,26.56,30022.0
2026-03-18T12:20:00-04:00,26.595,26.65,26.55,26.65,543329.0
2026-03-18T12:25:00-04:00,26.63,26.76,26.62,26.75,12887.0
2026-03-18T12:30:00-04:00,26.75,26.785,26.61,26.64,40894.0
2026-03-18T12:35:00-04:00,26.63,26.68,26.58,26.67,9457.0
2026-03-18T12:40:00-04:00,26.68,26.71,26.62,26.69,9119.0
2026-03-18T12:45:00-04:00,26.7,26.7,26.6032,26.615,15184.0
2026-03-18T12:50:00-04:00,26.6,26.68,26.57,26.67,8880.0
2026-03-18T12:55:00-04:00,26.665,26.685,26.58,26.59,593988.0
2026-03-18T13:00:00-04:00,26.57,26.59,26.49,26.52,595977.0
2026-03-18T13:05:00-04:00,26.525,26.525,26.45,26.458,12052.0
2026-03-18T13:10:00-04:00,26.475,26.475,26.41,26.46,8472.0
2026-03-18T13:15:00-04:00,26.47,26.51,26.45,26.46,11951.0
2026-03-18T13:20:00-04:00,26.45,26.455,26.41,26.455,7510.0
2026-03-18T13:25:00-04:00,26.455,26.485,26.42,26.46,10709.0
2026-03-18T13:30:00-04:00,26.47,26.48,26.4,26.48,629156.0
2026-03-18T13:35:00-04:00,26.48,26.586,26.48,26.585,10287.0
2026-03-18T13:40:00-04:00,26.58,26.595,26.52,26.57,652784.0
2026-03-18T13:45:00-04:00,26.575,26.59,26.49,26.49,11435.0
2026-03-18T13:50:00-04:00,26.48,26.48,26.385,26.4,10662.0
2026-03-18T13:55:00-04:00,26.42,26.45,26.4,26.445,9905.0
2026-03-18T14:00:00-04:00,26.44,26.45,26.3,26.35,26962.0
2026-03-18T14:05:00-04:00,26.365,26.365,26.24,26.35,23308.0
2026-03-18T14:10:00-04:00,26.36,26.435,26.35,26.41,17560.0
2026-03-18T14:15:00-04:00,26.3901,26.44,26.31,26.35,35993.0
2026-03-18T14:20:00-04:00,26.36,26.4,26.21,26.235,723462.0
2026-03-18T14:25:00-04:00,26.235,26.25,26.2,26.25,10537.0
2026-03-18T14:30:00-04:00,26.255,26.33,26.255,26.27,25590.0
2026-03-18T14:35:00-04:00,26.28,26.445,26.18,26.21,25325.0
2026-03-18T14:40:00-04:00,26.2,26.27,26.19,26.22,19417.0
2026-03-18T14:45:00-04:00,26.21,26.21,26.1,26.13,19187.0
2026-03-18T14:50:00-04:00,26.121,26.13,26.014999,26.040001,27412.0
2026-03-18T14:55:00-04:00,26.030001,26.049999,25.91,25.93,37840.0
2026-03-18T15:00:00-04:00,25.91,25.97,25.81,25.81,149162.0
2026-03-18T15:05:00-04:00,25.82,25.9,25.75,25.84,182670.0
2026-03-18T15:10:00-04:00,25.83,25.9,25.76,25.86,20640.0
2026-03-18T15:15:00-04:00,25.855,25.89,25.82,25.85,17518.0
2026-03-18T15:20:00-04:00,25.8599,25.885,25.67,25.71,1149895.0
2026-03-18T15:25:00-04:00,25.715,25.795,25.7,25.78,21336.0
2026-03-18T15:30:00-04:00,25.79,25.89,25.75,25.87,23228.0
2026-03-18T15:35:00-04:00,25.88,25.9,25.85,25.895,1166718.0
2026-03-18T15:40:00-04:00,25.9,25.905,25.82,25.84,53386.0
2026-03-18T15:45:00-04:00,25.82,25.8299,25.7,25.775,79176.0
2026-03-18T15:50:00-04:00,25.78,25.83,25.66,25.8,80952.0
2026-03-18T15:55:00-04:00,25.79,25.82,25.69,25.81,1482332.0
2026-03-19T09:30:00-04:00,24.030001,24.265,23.66,23.69,323326.0
2026-03-19T09:35:00-04:00,23.69,23.735,23.33,23.33,218822.0
2026-03-19T09:40:00-04:00,23.305,23.55,23.2,23.38,110930.0
2026-03-19T09:45:00-04:00,23.37,23.45,22.92,23.19,192889.0
2026-03-19T09:50:00-04:00,23.21,23.45,23.1,23.425,389937.0
2026-03-19T09:55:00-04:00,23.46,23.655,23.375,23.64,66872.0
2026-03-19T10:00:00-04:00,23.71,24.049999,23.69,24.02,214337.0
2026-03-19T10:05:00-04:00,24.040001,24.08,23.8,23.88,67376.0
2026-03-19T10:10:00-04:00,23.88,23.91,23.6601,23.77,38449.0
2026-03-19T10:15:00-04:00,23.77,23.795,23.52,23.57,52907.0
2026-03-19T10:20:00-04:00,23.585,23.7242,23.5228,23.7242,45212.0
2026-03-19T10:25:00-04:00,23.74,23.7575,23.425,23.47,51203.0
2026-03-19T10:30:00-04:00,23.47,23.905,23.45,23.905,70381.0
2026-03-19T10:35:00-04:00,23.92,24.1,23.91,24.08,38351.0
2026-03-19T10:40:00-04:00,24.09,24.22,24.08,24.19,66568.0
2026-03-19T10:45:00-04:00,24.19,24.31,24.11,24.28,52747.0
2026-03-19T10:50:00-04:00,24.26,24.38,24.195,24.28,37511.0
2026-03-19T10:55:00-04:00,24.28,24.33,24.235,24.302,26291.0
2026-03-19T11:00:00-04:00,24.305,24.355,24.18,24.32,843139.0
2026-03-19T11:05:00-04:00,24.3401,24.43,24.21,24.27,19024.0
2026-03-19T11:10:00-04:00,24.26,24.29,24.22,24.285,17857.0
2026-03-19T11:15:00-04:00,24.29,24.32,24.059999,24.061001,31513.0
2026-03-19T11:20:00-04:00,24.08,24.08,23.935,23.9599,20934.0
2026-03-19T11:25:00-04:00,23.921,23.95,23.89,23.93,19820.0
2026-03-19T11:30:00-04:00,23.911,23.92,23.805,23.81,31572.0
2026-03-19T11:35:00-04:00,23.805,23.85,23.75,23.82,16228.0
2026-03-19T11:40:00-04:00,23.82,23.84,23.6768,23.811,941903.0
2026-03-19T11:45:00-04:00,23.8,23.87,23.7101,23.8575,954009.0
2026-03-19T11:50:00-04:00,23.85,23.85,23.74,23.77,12571.0
2026-03-19T11:55:00-04:00,23.78,23.99,23.77,23.83,34438.0
2026-03-19T12:00:00-04:00,23.82,24.040001,23.795,24.01,50200.0
2026-03-19T12:05:00-04:00,24.01,24.19,24.01,24.135,72180.0
2026-03-19T12:10:00-04:00,24.12,24.16,24.07,24.08,10976.0
2026-03-19T12:15:00-04:00,24.09,24.1,24.02,24.059999,15002.0
2026-03-19T12:20:00-04:00,24.040001,24.07,23.8701,23.9,30882.0
2026-03-19T12:25:00-04:00,23.9,23.92,23.87,23.9,35976.0
2026-03-19T12:30:00-04:00,23.9,24.01,23.9,23.965,24070.0
2026-03-19T12:35:00-04:00,23.95,23.95,23.88,23.89,18130.0
2026-03-19T12:40:00-04:00,23.9,23.995,23.87,23.9,28520.0
2026-03-19T12:45:00-04:00,23.905,23.92,23.68,23.68,28488.0
2026-03-19T12:50:00-04:00,23.65,23.68,23.545,23.68,101559.0
2026-03-19T12:55:00-04:00,23.69,23.74,23.66,23.66,15840.0
2026-03-19T13:00:00-04:00,23.665,23.76,23.635,23.73,15792.0
2026-03-19T13:05:00-04:00,23.73,23.77,23.62,23.65,11081.0
2026-03-19T13:10:00-04:00,23.66,23.77,23.62,23.69,12117.0
2026-03-19T13:15:00-04:00,23.7,23.7,23.61,23.69,13172.0
2026-03-19T13:20:00-04:00,23.695,23.79,23.69,23.77,9460.0
2026-03-19T13:25:00-04:00,23.76,23.81,23.665,23.67,1136058.0
2026-03-19T13:30:00-04:00,23.67,23.71,23.665,23.68,17623.0
2026-03-19T13:35:00-04:00,23.675,23.72,23.67,23.67,12994.0
2026-03-19T13:40:00-04:00,23.67,23.71,23.64,23.675,14396.0
2026-03-19T13:45:00-04:00,23.7,23.735,23.645,23.6972,15287.0
2026-03-19T13:50:00-04:00,23.68,23.86,23.65,23.81,1176649.0
2026-03-19T13:55:00-04:00,23.8,23.8,23.719,23.74,16415.0
2026-03-19T14:00:00-04:00,23.74,23.76,23.71,23.725,16120.0
2026-03-19T14:05:00-04:00,23.72,23.72,23.64,23.7,27210.0
2026-03-19T14:10:00-04:00,23.705,23.77,23.695,23.7,15536.0
2026-03-19T14:15:00-04:00,23.71,23.74,23.64,23.7,15463.0
2026-03-19T14:20:00-04:00,23.72,23.77,23.705,23.71,1220594.0
2026-03-19T14:25:00-04:00,23.7,23.7,23.61,23.615,11780.0
2026-03-19T14:30:00-04:00,23.62,23.71,23.62,23.7,1252895.0
2026-03-19T14:35:00-04:00,23.72,23.76,23.7,23.73,15064.0
2026-03-19T14:40:00-04:00,23.72,23.725,23.7,23.71,11198.0
2026-03-19T14:45:00-04:00,23.7,23.7,23.655,23.655,1276280.0
2026-03-19T14:50:00-04:00,23.66,23.67,23.605,23.638,21260.0
2026-03-19T14:55:00-04:00,23.64,23.76,23.59,23.745,1306149.0
2026-03-19T15:00:00-04:00,23.75,24.030001,23.75,24.0,33237.0
2026-03-19T15:05:00-04:00,24.01,24.19,23.9901,24.094999,29731.0
2026-03-19T15:10:00-04:00,24.09,24.24,23.995,24.13,48948.0
2026-03-19T15:15:00-04:00,24.14,24.16,23.94,24.0501,141800.0
2026-03-19T15:20:00-04:00,24.059999,24.059999,23.97,23.975,18222.0
2026-03-19T15:25:00-04:00,23.98,24.0,23.9,23.99,32368.0
2026-03-19T15:30:00-04:00,24.030001,24.049999,23.92,23.98,25874.0
2026-03-19T15:35:00-04:00,23.98,24.040001,23.845,24.035,119596.0
2026-03-19T15:40:00-04:00,24.030001,24.075001,24.0,24.0499,37150.0
2026-03-19T15:45:00-04:00,24.040001,24.059999,23.985,24.01,43536.0
2026-03-19T15:50:00-04:00,24.01,24.040001,23.94,24.014999,66950.0
2026-03-19T15:55:00-04:00,24.02,24.175,23.97,24.09,254242.0
2026-03-20T09:30:00-04:00,24.11,24.16,23.6,23.665,282183.0
2026-03-20T09:35:00-04:00,23.665,23.72,23.52,23.61,91497.0
2026-03-20T09:40:00-04:00,23.625,23.85,23.57,23.765,35721.0
2026-03-20T09:45:00-04:00,23.8539,23.8539,23.465,23.465,74741.0
2026-03-20T09:50:00-04:00,23.43,23.47,23.173,23.18,39195.0
2026-03-20T09:55:00-04:00,23.19,23.28,23.11,23.15,41162.0
2026-03-20T10:00:00-04:00,23.19,23.35,23.17,23.19,36319.0
2026-03-20T10:05:00-04:00,23.23,23.36,23.1787,23.31,65309.0
2026-03-20T10:10:00-04:00,23.35,23.47,23.215,23.22,98043.0
2026-03-20T10:15:00-04:00,23.21,23.285,23.17,23.25,53727.0
2026-03-20T10:20:00-04:00,23.25,23.4,23.205,23.37,35231.0
2026-03-20T10:25:00-04:00,23.36,23.3901,23.3,23.3,33584.0
2026-03-20T10:30:00-04:00,23.28,23.46,23.26,23.46,71932.0
2026-03-20T10:35:00-04:00,23.5,23.51,23.38,23.48,32207.0
2026-03-20T10:40:00-04:00,23.46,23.52,23.43,23.45,33708.0
2026-03-20T10:45:00-04:00,23.4172,23.52,23.37,23.405,31429.0
2026-03-20T10:50:00-04:00,23.38,23.43,23.225,23.2298,38721.0
2026-03-20T10:55:00-04:00,23.235,23.47,23.23,23.47,20559.0
2026-03-20T11:00:00-04:00,23.46,23.585,23.455,23.47,30727.0
2026-03-20T11:05:00-04:00,23.46,23.51,23.42,23.45,27798.0
2026-03-20T11:10:00-04:00,23.45,23.595,23.43,23.58,21575.0
2026-03-20T11:15:00-04:00,23.58,23.59,23.48,23.49,25427.0
2026-03-20T11:20:00-04:00,23.48,23.67,23.445,23.57,42818.0
2026-03-20T11:25:00-04:00,23.54,23.54,23.35,23.43,28657.0
2026-03-20T11:30:00-04:00,23.42,23.49,23.42,23.46,31163.0
2026-03-20T11:35:00-04:00,23.45,23.46,23.41,23.41,14793.0
2026-03-20T11:40:00-04:00,23.43,23.43,23.37,23.385,20599.0
2026-03-20T11:45:00-04:00,23.4,23.42,23.2999,23.31,110904.0
2026-03-20T11:50:00-04:00,23.32,23.41,23.305,23.35,22520.0
2026-03-20T11:55:00-04:00,23.34,23.37,23.32,23.37,17146.0
2026-03-20T12:00:00-04:00,23.38,23.55,23.38,23.53,14108.0
2026-03-20T12:05:00-04:00,23.51,23.57,23.49,23.5,21774.0
2026-03-20T12:10:00-04:00,23.5,23.62,23.49,23.57,19672.0
2026-03-20T12:15:00-04:00,23.56,23.6299,23.52,23.58,14200.0
2026-03-20T12:20:00-04:00,23.56,23.61,23.455,23.455,24457.0
2026-03-20T12:25:00-04:00,23.45,23.45,23.3964,23.42,21115.0
2026-03-20T12:30:00-04:00,23.425,23.43,23.33,23.41,30308.0
2026-03-20T12:35:00-04:00,23.43,23.4368,23.345,23.3601,26754.0
2026-03-20T12:40:00-04:00,23.35,23.4056,23.265,23.265,28106.0
2026-03-20T12:45:00-04:00,23.265,23.27,23.185,23.225,48642.0
2026-03-20T12:50:00-04:00,23.237,23.265,23.17,23.26,27599.0
2026-03-20T12:55:00-04:00,23.26,23.34,23.26,23.3295,26573.0
2026-03-20T13:00:00-04:00,23.33,23.4,23.31,23.4,18805.0
2026-03-20T13:05:00-04:00,23.39,23.51,23.34,23.43,34159.0
2026-03-20T13:10:00-04:00,23.42,23.45,23.41,23.41,18453.0
2026-03-20T13:15:00-04:00,23.43,23.43,23.33,23.35,24918.0
2026-03-20T13:20:00-04:00,23.34,23.35,23.28,23.28,27403.0
2026-03-20T13:25:00-04:00,23.2701,23.3,23.2,23.2,24509.0
2026-03-20T13:30:00-04:00,23.22,23.2465,23.16,23.215,42706.0
2026-03-20T13:35:00-04:00,23.225,23.23,23.18,23.2,41851.0
2026-03-20T13:40:00-04:00,23.19,23.2199,23.155,23.19,56985.0
2026-03-20T13:45:00-04:00,23.195,23.21,23.17,23.21,30557.0
2026-03-20T13:50:00-04:00,23.21,23.26,23.21,23.25,17425.0
2026-03-20T13:55:00-04:00,23.27,23.27,23.19,23.24,30396.0
2026-03-20T14:00:00-04:00,23.25,23.26,23.16,23.16,40806.0
2026-03-20T14:05:00-04:00,23.16,23.19,23.12,23.14,42763.0
2026-03-20T14:10:00-04:00,23.14,23.23,23.14,23.19,33478.0
2026-03-20T14:15:00-04:00,23.19,23.21,23.145,23.15,27246.0
2026-03-20T14:20:00-04:00,23.16,23.17,23.065001,23.1,83740.0
2026-03-20T14:25:00-04:00,23.1,23.12,23.059999,23.07,32091.0
2026-03-20T14:30:00-04:00,23.08,23.1,22.99,22.99,35321.0
2026-03-20T14:35:00-04:00,22.995,23.02,22.97,22.98,37367.0
2026-03-20T14:40:00-04:00,22.98,23.0,22.855,22.86,31110.0
2026-03-20T14:45:00-04:00,22.855,22.865,22.73,22.73,48102.0
2026-03-20T14:50:00-04:00,22.73,22.755,22.685,22.74,50962.0
2026-03-20T14:55:00-04:00,22.73,22.73,22.602,22.695,52093.0
2026-03-20T15:00:00-04:00,22.71,22.805,22.71,22.76,59681.0
2026-03-20T15:05:00-04:00,22.755,22.76,22.67,22.675,46680.0
2026-03-20T15:10:00-04:00,22.67,22.7,22.56,22.69,71822.0
2026-03-20T15:15:00-04:00,22.705,22.795,22.7,22.79,48024.0
2026-03-20T15:20:00-04:00,22.78,22.78,22.7,22.715,44693.0
2026-03-20T15:25:00-04:00,22.7,22.77,22.69,22.77,50050.0
2026-03-20T15:30:00-04:00,22.8,22.85,22.77,22.77,48725.0
2026-03-20T15:35:00-04:00,22.77,22.89,22.701,22.89,54538.0
2026-03-20T15:40:00-04:00,22.89,22.93,22.84,22.92,75681.0
2026-03-20T15:45:00-04:00,22.912,22.92,22.81,22.84,82123.0
2026-03-20T15:50:00-04:00,22.85,22.95,22.78,22.95,211239.0
2026-03-20T15:55:00-04:00,22.945,22.99,22.8775,22.99,340232.0
2026-03-23T09:30:00-04:00,23.39,23.75,23.295,23.67,364467.0
2026-03-23T09:35:00-04:00,23.75,23.89,23.53,23.65,93033.0
2026-03-23T09:40:00-04:00,23.64,24.0,23.49,23.845,158629.0
2026-03-23T09:45:00-04:00,23.81,24.065001,23.8,24.065001,56119.0
2026-03-23T09:50:00-04:00,24.070499,24.365,23.98,24.36,86365.0
2026-03-23T09:55:00-04:00,24.37,24.37,24.18,24.23,195619.0
2026-03-23T10:00:00-04:00,24.24,24.48,24.22,24.37,122481.0
2026-03-23T10:05:00-04:00,24.35,24.435,24.29,24.425,175184.0
2026-03-23T10:10:00-04:00,24.435,24.5001,24.33,24.49,71001.0
2026-03-23T10:15:00-04:00,24.49,24.71,24.48,24.58,82727.0
2026-03-23T10:20:00-04:00,24.56,24.665,24.5,24.65,58691.0
2026-03-23T10:25:00-04:00,24.66,24.765,24.55,24.65,65654.0
2026-03-23T10:30:00-04:00,24.63,24.68,24.58,24.65,33328.0
2026-03-23T10:35:00-04:00,24.625,24.72,24.58,24.66,32562.0
2026-03-23T10:40:00-04:00,24.63,24.69,24.59,24.64,60119.0
2026-03-23T10:45:00-04:00,24.61,24.67,24.5028,24.61,78572.0
2026-03-23T10:50:00-04:00,24.62,24.68,24.48,24.61,27938.0
2026-03-23T10:55:00-04:00,24.6048,24.745,24.6048,24.69,36097.0
2026-03-23T11:00:00-04:00,24.69,24.87,24.685,24.865,50766.0
2026-03-23T11:05:00-04:00,24.86,24.92,24.82,24.88,39693.0
2026-03-23T11:10:00-04:00,24.88,24.93,24.8499,24.85,34534.0
2026-03-23T11:15:00-04:00,24.85,24.87,24.64,24.67,27289.0
2026-03-23T11:20:00-04:00,24.66,24.815,24.58,24.815,40714.0
2026-03-23T11:25:00-04:00,24.8,24.8,24.68,24.71,21865.0
2026-03-23T11:30:00-04:00,24.75,24.75,24.555,24.58,37652.0
2026-03-23T11:35:00-04:00,24.55,24.55,24.31,24.345,54746.0
2026-03-23T11:40:00-04:00,24.325,24.37,24.25,24.28,54526.0
2026-03-23T11:45:00-04:00,24.27,24.28,24.12,24.24,48025.0
2026-03-23T11:50:00-04:00,24.21,24.33,24.15,24.31,29633.0
2026-03-23T11:55:00-04:00,24.29,24.29,23.925,24.0,58084.0
2026-03-23T12:00:00-04:00,23.99,24.17,23.99,24.09,21264.0
2026-03-23T12:05:00-04:00,24.12,24.125,24.014999,24.09,19901.0
2026-03-23T12:10:00-04:00,24.07,24.255,24.049999,24.23,29819.0
2026-03-23T12:15:00-04:00,24.21,24.25,24.13,24.2,30413.0
2026-03-23T12:20:00-04:00,24.175,24.23,24.13,24.18,13850.0
2026-03-23T12:25:00-04:00,24.1201,24.1201,24.01,24.025,17667.0
2026-03-23T12:30:00-04:00,24.01,24.16,24.01,24.16,25868.0
2026-03-23T12:35:00-04:00,24.18,24.2,24.13,24.13,15031.0
2026-03-23T12:40:00-04:00,24.185,24.25,24.1592,24.25,16382.0
2026-03-23T12:45:00-04:00,24.24,24.31,24.21,24.28,23326.0
2026-03-23T12:50:00-04:00,24.27,24.33,24.225,24.23,27953.0
2026-03-23T12:55:00-04:00,24.2,24.2,24.11,24.11,12558.0
2026-03-23T13:00:00-04:00,24.13,24.19,24.049999,24.1,16594.0
2026-03-23T13:05:00-04:00,24.09,24.22,24.09,24.21,13947.0
2026-03-23T13:10:00-04:00,24.21,24.2605,24.18,24.18,13424.0
2026-03-23T13:15:00-04:00,24.21,24.27,24.18,24.23,23131.0
2026-03-23T13:20:00-04:00,24.25,24.315,24.21,24.24,15379.0
2026-03-23T13:25:00-04:00,24.28,24.35,24.27,24.335,29890.0
2026-03-23T13:30:00-04:00,24.33,24.45,24.31,24.45,33371.0
2026-03-23T13:35:00-04:00,24.45,24.59,24.45,24.59,98754.0
2026-03-23T13:40:00-04:00,24.57,24.575,24.435,24.44,27298.0
2026-03-23T13:45:00-04:00,24.44,24.44,24.37,24.4,11277.0
2026-03-23T13:50:00-04:00,24.38,24.47,24.38,24.47,12819.0
2026-03-23T13:55:00-04:00,24.45,24.49,24.42,24.48,18636.0
2026-03-23T14:00:00-04:00,24.47,24.485,24.43,24.4597,26997.0
2026-03-23T14:05:00-04:00,24.46,24.48,24.27,24.4,46742.0
2026-03-23T14:10:00-04:00,24.41,24.52,24.41,24.47,23078.0
2026-03-23T14:15:00-04:00,24.44,24.455,24.38,24.43,25940.0
2026-03-23T14:20:00-04:00,24.44,24.5,24.43,24.49,19703.0
2026-03-23T14:25:00-04:00,24.48,24.53,24.47,24.49,23465.0
2026-03-23T14:30:00-04:00,24.49,24.62,24.49,24.61,23402.0
2026-03-23T14:35:00-04:00,24.63,24.68,24.58,24.64,47910.0
2026-03-23T14:40:00-04:00,24.61,24.65,24.58,24.59,18553.0
2026-03-23T14:45:00-04:00,24.59,24.6,24.52,24.57,21217.0
2026-03-23T14:50:00-04:00,24.555,24.56,24.48,24.52,21446.0
2026-03-23T14:55:00-04:00,24.54,24.55,24.49,24.52,19338.0
2026-03-23T15:00:00-04:00,24.51,24.52,24.34,24.35,26933.0
2026-03-23T15:05:00-04:00,24.36,24.47,24.36,24.47,32177.0
2026-03-23T15:10:00-04:00,24.46,24.46,24.3,24.3,29389.0
2026-03-23T15:15:00-04:00,24.31,24.36,24.28,24.31,42224.0
2026-03-23T15:20:00-04:00,24.31,24.31,24.25,24.27,35529.0
2026-03-23T15:25:00-04:00,24.27,24.33,24.22,24.3,25055.0
2026-03-23T15:30:00-04:00,24.33,24.34,24.295,24.3,35414.0
2026-03-23T15:35:00-04:00,24.3,24.32,24.28,24.285,28806.0
2026-03-23T15:40:00-04:00,24.285,24.37,24.26,24.37,39578.0
2026-03-23T15:45:00-04:00,24.37,24.38,24.3,24.31,43218.0
2026-03-23T15:50:00-04:00,24.28,24.29,24.195,24.285,111446.0
2026-03-23T15:55:00-04:00,24.285,24.3,24.195,24.27,320424.0
2026-03-24T09:30:00-04:00,23.7601,24.09,23.71,23.915,87749.0
2026-03-24T09:35:00-04:00,24.0,24.0,23.61,23.62,37941.0
2026-03-24T09:40:00-04:00,23.6,23.72,23.55,23.71,37720.0
2026-03-24T09:45:00-04:00,23.74,23.86,23.7,23.79,24847.0
2026-03-24T09:50:00-04:00,23.77,24.0,23.72,23.93,15152.0
2026-03-24T09:55:00-04:00,23.94,24.165,23.89,24.165,39608.0
2026-03-24T10:00:00-04:00,24.17,24.25,24.11,24.22,28969.0
2026-03-24T10:05:00-04:00,24.21,24.25,24.09,24.16,28765.0
2026-03-24T10:10:00-04:00,24.19,24.23,24.030001,24.08,21191.0
2026-03-24T10:15:00-04:00,24.09,24.11,23.98,24.08,23813.0
2026-03-24T10:20:00-04:00,24.07,24.21,24.07,24.21,9965.0
2026-03-24T10:25:00-04:00,24.2,24.25,24.145,24.2,14002.0
2026-03-24T10:30:00-04:00,24.19,24.25,24.14,24.225,11171.0
2026-03-24T10:35:00-04:00,24.23,24.285,24.15,24.22,26435.0
2026-03-24T10:40:00-04:00,24.215,24.37,24.215,24.27,18380.0
2026-03-24T10:45:00-04:00,24.27,24.34,24.2,24.205,28049.0
2026-03-24T10:50:00-04:00,24.175,24.45,24.08,24.21,47923.0
2026-03-24T10:55:00-04:00,24.18,24.31,24.07,24.16,22954.0
2026-03-24T11:00:00-04:00,24.245,24.28,24.1,24.19,24027.0
2026-03-24T11:05:00-04:00,24.2,24.235,24.18,24.225,9470.0
2026-03-24T11:10:00-04:00,24.22,24.248,24.165,24.24,20172.0
2026-03-24T11:15:00-04:00,24.24,24.3,24.23,24.26,18133.0
2026-03-24T11:20:00-04:00,24.24,24.26,24.19,24.25,7751.0
2026-03-24T11:25:00-04:00,24.27,24.33,24.26,24.31,14838.0
2026-03-24T11:30:00-04:00,24.31,24.34,24.24,24.28,16921.0
2026-03-24T11:35:00-04:00,24.295,24.32,24.27,24.27,7260.0
2026-03-24T11:40:00-04:00,24.28,24.46,24.27,24.44,25292.0
2026-03-24T11:45:00-04:00,24.41,24.44,24.37,24.41,34962.0
2026-03-24T11:50:00-04:00,24.41,24.45,24.38,24.4,16569.0
2026-03-24T11:55:00-04:00,24.37,24.37,24.22,24.23,47471.0
2026-03-24T12:00:00-04:00,24.22,24.24,24.18,24.19,12968.0
2026-03-24T12:05:00-04:00,24.17,24.21,24.135,24.2,15789.0
2026-03-24T12:10:00-04:00,24.18,24.18,24.13,24.15,8712.0
2026-03-24T12:15:00-04:00,24.18,24.35,24.16,24.34,18212.0
2026-03-24T12:20:00-04:00,24.335,24.37,24.32,24.37,11042.0
2026-03-24T12:25:00-04:00,24.37,24.37,24.325,24.36,11145.0
2026-03-24T12:30:00-04:00,24.37,24.3998,24.31,24.37,22303.0
2026-03-24T12:35:00-04:00,24.34,24.38,24.26,24.35,28142.0
2026-03-24T12:40:00-04:00,24.35,24.49,24.35,24.451,23026.0
2026-03-24T12:45:00-04:00,24.475,24.52,24.44,24.48,13996.0
2026-03-24T12:50:00-04:00,24.51,24.52,24.5,24.5,4434.0
2026-03-24T12:55:00-04:00,24.49,24.54,24.465,24.49,11101.0
2026-03-24T13:00:00-04:00,24.495,24.51,24.32,24.32,26199.0
2026-03-24T13:05:00-04:00,24.27,24.27,24.16,24.18,27455.0
2026-03-24T13:10:00-04:00,24.18,24.26,24.16,24.23,10013.0
2026-03-24T13:15:00-04:00,24.21,24.2299,24.165,24.17,12569.0
2026-03-24T13:20:00-04:00,24.17,24.24,24.17,24.23,6051.0
2026-03-24T13:25:00-04:00,24.22,24.24,24.21,24.23,4087.0
2026-03-24T13:30:00-04:00,24.23,24.29,24.19,24.21,12922.0
2026-03-24T13:35:00-04:00,24.18,24.28,24.17,24.25,7479.0
2026-03-24T13:40:00-04:00,24.29,24.3,24.17,24.17,8927.0
2026-03-24T13:45:00-04:00,24.16,24.26,24.16,24.2202,6649.0
2026-03-24T13:50:00-04:00,24.25,24.29,24.2,24.24,18600.0
2026-03-24T13:55:00-04:00,24.285,24.36,24.255,24.32,23620.0
2026-03-24T14:00:00-04:00,24.35,24.38,24.31,24.38,8165.0
2026-03-24T14:05:00-04:00,24.3741,24.47,24.37,24.44,13045.0
2026-03-24T14:10:00-04:00,24.44,24.47,24.44,24.45,7657.0
2026-03-24T14:15:00-04:00,24.46,24.52,24.41,24.51,53993.0
2026-03-24T14:20:00-04:00,24.52,24.543,24.495,24.51,30379.0
2026-03-24T14:25:00-04:00,24.53,24.59,24.52,24.52,71240.0
2026-03-24T14:30:00-04:00,24.53,24.63,24.49,24.5999,14424.0
2026-03-24T14:35:00-04:00,24.6,24.7,24.6,24.7,11410.0
2026-03-24T14:40:00-04:00,24.69,24.7,24.6,24.65,70755.0
2026-03-24T14:45:00-04:00,24.65,24.65,24.52,24.555,26015.0
2026-03-24T14:50:00-04:00,24.555,24.715,24.555,24.71,28509.0
2026-03-24T14:55:00-04:00,24.71,24.71,24.65,24.68,37033.0
2026-03-24T15:00:00-04:00,24.67,24.745,24.67,24.74,44769.0
2026-03-24T15:05:00-04:00,24.725,24.73,24.62,24.66,21109.0
2026-03-24T15:10:00-04:00,24.65,24.67,24.58,24.605,20234.0
2026-03-24T15:15:00-04:00,24.6,24.61,24.52,24.55,22659.0
2026-03-24T15:20:00-04:00,24.53,24.545,24.48,24.5,13676.0
2026-03-24T15:25:00-04:00,24.5,24.525,24.4971,24.5,20696.0
2026-03-24T15:30:00-04:00,24.49,24.5,24.465,24.49,21609.0
2026-03-24T15:35:00-04:00,24.49,24.49,24.4,24.405,26925.0
2026-03-24T15:40:00-04:00,24.4,24.45,24.39,24.44,30305.0
2026-03-24T15:45:00-04:00,24.44,24.47,24.43,24.44,19370.0
2026-03-24T15:50:00-04:00,24.445,24.51,24.4247,24.465,46832.0
2026-03-24T15:55:00-04:00,24.46,24.47,24.39,24.45,108228.0
2026-03-25T09:30:00-04:00,25.87,26.44,25.78,26.125,267399.0
2026-03-25T09:35:00-04:00,26.12,26.12,25.81,25.85,62115.0
2026-03-25T09:40:00-04:00,25.86,26.059999,25.78,25.97,166390.0
2026-03-25T09:45:00-04:00,25.98,26.01,25.74,25.77,148534.0
2026-03-25T09:50:00-04:00,25.775,25.93,25.62,25.89,62079.0
2026-03-25T09:55:00-04:00,25.89,25.99,25.89,25.94,84451.0
2026-03-25T10:00:00-04:00,25.97,26.049999,25.905,25.915,87972.0
2026-03-25T10:05:00-04:00,25.91,25.97,25.74,25.94,83570.0
2026-03-25T10:10:00-04:00,25.93,25.95,25.83,25.94,48834.0
2026-03-25T10:15:00-04:00,25.92,26.155,25.92,26.059999,65342.0
2026-03-25T10:20:00-04:00,26.07,26.145,25.99,26.01,67148.0
2026-03-25T10:25:00-04:00,26.02,26.19,25.99,26.17,57410.0
2026-03-25T10:30:00-04:00,26.19,26.31,26.175,26.31,32802.0
2026-03-25T10:35:00-04:00,26.305,26.42,26.25,26.34,40279.0
2026-03-25T10:40:00-04:00,26.33,26.355,26.14,26.14,68798.0
2026-03-25T10:45:00-04:00,26.15,26.23,26.15,26.18,39793.0
2026-03-25T10:50:00-04:00,26.175,26.22,26.12,26.22,33809.0
2026-03-25T10:55:00-04:00,26.21,26.77,26.2,26.5,593655.0
2026-03-25T11:00:00-04:00,26.52,26.57,26.41,26.435,97370.0
2026-03-25T11:05:00-04:00,26.43,26.465,26.145,26.15,47460.0
2026-03-25T11:10:00-04:00,26.165,26.165,25.99,26.02,85525.0
2026-03-25T11:15:00-04:00,26.01,26.0399,25.685,25.86,148413.0
2026-03-25T11:20:00-04:00,25.86,26.13,25.85,26.08,36378.0
2026-03-25T11:25:00-04:00,26.049999,26.12,26.035,26.12,18351.0
2026-03-25T11:30:00-04:00,26.08,26.14,26.08,26.13,11064.0
2026-03-25T11:35:00-04:00,26.14,26.19,26.07,26.14,79805.0
2026-03-25T11:40:00-04:00,26.14,26.14,26.049999,26.105,22453.0
2026-03-25T11:45:00-04:00,26.1,26.13,26.07,26.13,12663.0
2026-03-25T11:50:00-04:00,26.125,26.23,26.12,26.23,16144.0
2026-03-25T11:55:00-04:00,26.24,26.31,26.19,26.19,34579.0
2026-03-25T12:00:00-04:00,26.19,26.23,26.08,26.08,30612.0
2026-03-25T12:05:00-04:00,26.08,26.12,26.040001,26.084999,55112.0
2026-03-25T12:10:00-04:00,26.049999,26.1157,25.995,26.045,19890.0
2026-03-25T12:15:00-04:00,26.049999,26.049999,25.88,25.88,51904.0
2026-03-25T12:20:00-04:00,25.89,26.0,25.84,26.0,45312.0
2026-03-25T12:25:00-04:00,26.01,26.07,25.99,26.0049992,35450.0
2026-03-25T12:30:00-04:00,26.01,26.040001,25.955,26.014999,62668.0
2026-03-25T12:35:00-04:00,26.01,26.15,26.0,26.115,37164.0
2026-03-25T12:40:00-04:00,26.12,26.19,26.12,26.14,19463.0
2026-03-25T12:45:00-04:00,26.14,26.145,26.02,26.035,15713.0
2026-03-25T12:50:00-04:00,26.040001,26.115,26.014999,26.09,13355.0
2026-03-25T12:55:00-04:00,26.09,26.1196,26.055,26.08,9368.0
2026-03-25T13:00:00-04:00,26.08,26.13,26.040001,26.13,29548.0
2026-03-25T13:05:00-04:00,26.13,26.13,26.059999,26.059999,17332.0
2026-03-25T13:10:00-04:00,26.049999,26.1,26.0,26.049999,18430.0
2026-03-25T13:15:00-04:00,26.055,26.1,26.040001,26.09,17473.0
2026-03-25T13:20:00-04:00,26.059999,26.11,26.02,26.025,15121.0
2026-03-25T13:25:00-04:00,26.030001,26.115,26.030001,26.1136,18266.0
2026-03-25T13:30:00-04:00,26.11,26.22,26.09,26.16,27097.0
2026-03-25T13:35:00-04:00,26.165,26.22,26.13,26.13,11690.0
2026-03-25T13:40:00-04:00,26.13,26.15,26.059999,26.059999,18805.0
2026-03-25T13:45:00-04:00,26.07,26.084999,26.02,26.059999,12136.0
2026-03-25T13:50:00-04:00,26.049999,26.059999,25.995,26.0,60692.0
2026-03-25T13:55:00-04:00,26.013,26.11,25.995,26.02,49782.0
2026-03-25T14:00:00-04:00,26.02,26.1,26.0,26.02,25881.0
2026-03-25T14:05:00-04:00,26.030001,26.07,26.02,26.02,13767.0
2026-03-25T14:10:00-04:00,26.0,26.035,25.995,26.030001,26492.0
2026-03-25T14:15:00-04:00,26.040001,26.065001,26.02,26.040001,13137.0
2026-03-25T14:20:00-04:00,26.059999,26.125,26.059999,26.105,19195.0
2026-03-25T14:25:00-04:00,26.11,26.125,26.035,26.035,13428.0
2026-03-25T14:30:00-04:00,26.040001,26.1,26.040001,26.1,10868.0
2026-03-25T14:35:00-04:00,26.094999,26.105,26.014999,26.030001,21683.0
2026-03-25T14:40:00-04:00,26.035,26.045,26.0049992,26.040001,17849.0
2026-03-25T14:45:00-04:00,26.025,26.049999,26.0,26.01,20452.0
2026-03-25T14:50:00-04:00,26.01,26.014999,25.93,26.014999,116603.0
2026-03-25T14:55:00-04:00,26.014999,26.040001,25.88,26.030001,73575.0
2026-03-25T15:00:00-04:00,26.035,26.045,25.9,25.93,39654.0
2026-03-25T15:05:00-04:00,25.94,25.965,25.8,25.8,28296.0
2026-03-25T15:10:00-04:00,25.81,25.96,25.75,25.96,55884.0
2026-03-25T15:15:00-04:00,25.95,26.014999,25.935,25.99,99586.0
2026-03-25T15:20:00-04:00,25.985,26.025,25.96,26.0049992,55072.0
2026-03-25T15:25:00-04:00,26.0,26.014999,25.98,25.9801,63412.0
2026-03-25T15:30:00-04:00,26.0,26.059999,25.98,26.059999,53475.0
2026-03-25T15:35:00-04:00,26.059999,26.065001,25.995,26.035,75655.0
2026-03-25T15:40:00-04:00,26.035,26.105,26.030001,26.065001,53170.0
2026-03-25T15:45:00-04:00,26.065001,26.11,26.040001,26.040001,80424.0
2026-03-25T15:50:00-04:00,26.045,26.11,26.0,26.059999,134840.0
2026-03-25T15:55:00-04:00,26.07,26.11,26.040001,26.1,217299.0
2026-03-26T09:30:00-04:00,25.11,25.78,25.08,25.7,99485.0
2026-03-26T09:35:00-04:00,25.69,26.02,25.69,25.96,66856.0
2026-03-26T09:40:00-04:00,25.96,26.12,25.755,26.115,70640.0
2026-03-26T09:45:00-04:00,26.09,26.33,26.08,26.295,69284.0
2026-03-26T09:50:00-04:00,26.31,26.46,26.2,26.27,111328.0
2026-03-26T09:55:00-04:00,26.26,26.26,26.02,26.21,78930.0
2026-03-26T10:00:00-04:00,26.22,26.22,26.02,26.09,45476.0
2026-03-26T10:05:00-04:00,26.09,26.12,26.0,26.094999,21359.0
2026-03-26T10:10:00-04:00,26.084999,26.13,25.96,26.01,21332.0
2026-03-26T10:15:00-04:00,26.040001,26.15,26.0,26.014999,17290.0
2026-03-26T10:20:00-04:00,26.0049992,26.17,26.0049992,26.049999,14390.0
2026-03-26T10:25:00-04:00,26.025,26.28,26.0049992,26.185,20426.0
2026-03-26T10:30:00-04:00,26.215,26.4,26.215,26.37,25807.0
2026-03-26T10:35:00-04:00,26.34,26.36,26.24,26.25,12570.0
2026-03-26T10:40:00-04:00,26.25,26.36,26.077,26.115,49917.0
2026-03-26T10:45:00-04:00,26.09,26.16,26.02,26.049999,17156.0
2026-03-26T10:50:00-04:00,26.059999,26.08,25.845,25.845,12388.0
2026-03-26T10:55:00-04:00,25.78,26.030001,25.78,26.014999,45873.0
2026-03-26T11:00:00-04:00,26.040001,26.08,25.993,26.0,24318.0
2026-03-26T11:05:00-04:00,26.01,26.08,25.96,25.99,23234.0
2026-03-26T11:10:00-04:00,26.02,26.040001,25.98,26.0,7295.0
2026-03-26T11:15:00-04:00,25.96,26.02,25.9,26.01,25912.0
2026-03-26T11:20:00-04:00,26.01,26.059999,25.96,25.98,9201.0
2026-03-26T11:25:00-04:00,25.99,26.059999,25.95,26.049999,16182.0
2026-03-26T11:30:00-04:00,26.049999,26.049999,25.95,25.99,22657.0
2026-03-26T11:35:00-04:00,25.99,26.02,25.92,25.93,11504.0
2026-03-26T11:40:00-04:00,25.9501,25.975,25.89,25.9,25301.0
2026-03-26T11:45:00-04:00,25.945,26.0,25.875,25.92,59751.0
2026-03-26T11:50:00-04:00,25.9,25.96,25.9,25.94,15348.0
2026-03-26T11:55:00-04:00,25.92,25.945,25.89,25.915,113303.0
2026-03-26T12:00:00-04:00,25.915,25.931,25.88,25.93,18548.0
2026-03-26T12:05:00-04:00,25.91,26.015,25.91,26.015,8762.0
2026-03-26T12:10:00-04:00,26.01,26.030001,26.0,26.030001,8939.0
2026-03-26T12:15:00-04:00,26.030001,26.030001,25.845,25.88,25641.0
2026-03-26T12:20:00-04:00,25.85,25.9,25.68,25.69,82856.0
2026-03-26T12:25:00-04:00,25.66,25.67,25.565,25.5899,36729.0
2026-03-26T12:30:00-04:00,25.5528,25.5528,25.32,25.39,91106.0
2026-03-26T12:35:00-04:00,25.39,25.39,25.15,25.195,43890.0
2026-03-26T12:40:00-04:00,25.2,25.35,25.19,25.23,18912.0
2026-03-26T12:45:00-04:00,25.235,25.36,25.21,25.28,26812.0
2026-03-26T12:50:00-04:00,25.27,25.33,25.25,25.29,16510.0
2026-03-26T12:55:00-04:00,25.2802,25.3,25.17,25.22,22632.0
2026-03-26T13:00:00-04:00,25.22,25.3,25.21,25.3,12264.0
2026-03-26T13:05:00-04:00,25.3,25.33,25.27,25.28,11327.0
2026-03-26T13:10:00-04:00,25.27,25.28,25.23,25.23,12355.0
2026-03-26T13:15:00-04:00,25.24,25.2604,25.18,25.26,17827.0
2026-03-26T13:20:00-04:00,25.24,25.24,25.09,25.1,34684.0
2026-03-26T13:25:00-04:00,25.08,25.0951,25.030001,25.075001,35781.0
2026-03-26T13:30:00-04:00,25.14,25.25,25.14,25.25,10486.0
2026-03-26T13:35:00-04:00,25.24,25.25,25.1801,25.2,22814.0
2026-03-26T13:40:00-04:00,25.1867,25.1867,25.12,25.13,11677.0
2026-03-26T13:45:00-04:00,25.12,25.2,25.1,25.14,17906.0
2026-03-26T13:50:00-04:00,25.11,25.11,25.02,25.07,21333.0
2026-03-26T13:55:00-04:00,25.08,25.08,24.99,25.0049992,49697.0
2026-03-26T14:00:00-04:00,25.014999,25.11,25.01,25.09,14260.0
2026-03-26T14:05:00-04:00,25.11,25.14,25.1,25.14,14672.0
2026-03-26T14:10:00-04:00,25.15,25.18,25.084999,25.1503,19311.0
2026-03-26T14:15:00-04:00,25.15,25.15,25.059999,25.1,15984.0
2026-03-26T14:20:00-04:00,25.08,25.1,24.99,25.1,24096.0
2026-03-26T14:25:00-04:00,25.1051,25.11,24.985,25.0049992,16755.0
2026-03-26T14:30:00-04:00,25.025,25.17,25.025,25.17,11557.0
2026-03-26T14:35:00-04:00,25.15,25.21,25.15,25.195,7202.0
2026-03-26T14:40:00-04:00,25.215,25.24,25.19,25.22,12313.0
2026-03-26T14:45:00-04:00,25.22,25.2374,25.215,25.23,8641.0
2026-03-26T14:50:00-04:00,25.22,25.24,25.2,25.22,7044.0
2026-03-26T14:55:00-04:00,25.22,25.22,25.145,25.19,12450.0
2026-03-26T15:00:00-04:00,25.2,25.25,25.12,25.12,18040.0
2026-03-26T15:05:00-04:00,25.13,25.13,25.030001,25.030001,11694.0
2026-03-26T15:10:00-04:00,25.030001,25.0399,24.97,24.9999,23430.0
2026-03-26T15:15:00-04:00,24.995,25.049999,24.92,24.93,60559.0
2026-03-26T15:20:00-04:00,24.92,24.93,24.89,24.92,14883.0
2026-03-26T15:25:00-04:00,24.915,24.93,24.81,24.83,94254.0
2026-03-26T15:30:00-04:00,24.83,24.84,24.72,24.76,42083.0
2026-03-26T15:35:00-04:00,24.74,24.81,24.74,24.785,39218.0
2026-03-26T15:40:00-04:00,24.785,24.79,24.695,24.71,44742.0
2026-03-26T15:45:00-04:00,24.695,24.77,24.67,24.75,66977.0
2026-03-26T15:50:00-04:00,24.74,24.76,24.64,24.66,127656.0
2026-03-26T15:55:00-04:00,24.67,24.75,24.645,24.66,263778.0
2026-03-27T09:30:00-04:00,24.89,25.5,24.89,25.26,174345.0
2026-03-27T09:35:00-04:00,25.36,25.64,25.31,25.63,43810.0
2026-03-27T09:40:00-04:00,25.6,25.675,25.53,25.55,25268.0
2026-03-27T09:45:00-04:00,25.54,25.74,25.44,25.72,189059.0
2026-03-27T09:50:00-04:00,25.725,25.8,25.55,25.555,66117.0
2026-03-27T09:55:00-04:00,25.51,25.74,25.5081,25.72,19475.0
2026-03-27T10:00:00-04:00,25.73,25.98,25.68,25.9,52500.0
2026-03-27T10:05:00-04:00,25.958,25.98,25.7315,25.76,47253.0
2026-03-27T10:10:00-04:00,25.745,25.855,25.63,25.855,54820.0
2026-03-27T10:15:00-04:00,25.818,25.9499,25.78,25.92,26813.0
2026-03-27T10:20:00-04:00,25.93,25.98,25.905,25.92,33037.0
2026-03-27T10:25:00-04:00,25.91,25.92,25.8,25.82,31396.0
2026-03-27T10:30:00-04:00,25.77,25.88,25.73,25.83,17725.0
2026-03-27T10:35:00-04:00,25.815,25.865,25.74,25.825,18940.0
2026-03-27T10:40:00-04:00,25.8,25.82,25.7,25.76,23030.0
2026-03-27T10:45:00-04:00,25.785,25.94,25.74,25.94,20827.0
2026-03-27T10:50:00-04:00,25.92,26.145,25.9,26.040001,29548.0
2026-03-27T10:55:00-04:00,26.059999,26.46,26.059999,26.425,55187.0
2026-03-27T11:00:00-04:00,26.425,27.02,26.33,27.0,439651.0
2026-03-27T11:05:00-04:00,26.97,27.02,26.7499,26.75,59983.0
2026-03-27T11:10:00-04:00,26.785,27.01,26.692,26.91,92866.0
2026-03-27T11:15:00-04:00,26.92,26.95,26.68,26.79,36822.0
2026-03-27T11:20:00-04:00,26.79,26.96,26.76,26.8,128296.0
2026-03-27T11:25:00-04:00,26.85,26.865,26.7,26.7,79368.0
2026-03-27T11:30:00-04:00,26.65,26.75,26.62,26.68,28254.0
2026-03-27T11:35:00-04:00,26.6999,26.6999,26.575,26.595,45668.0
2026-03-27T11:40:00-04:00,26.5512,26.57,26.49,26.53,25586.0
2026-03-27T11:45:00-04:00,26.54,26.6,26.48,26.5,52386.0
2026-03-27T11:50:00-04:00,26.48,26.6,26.48,26.54,47122.0
2026-03-27T11:55:00-04:00,26.52,26.57,26.3801,26.44,48509.0
2026-03-27T12:00:00-04:00,26.43,26.43,26.325,26.4,35509.0
2026-03-27T12:05:00-04:00,26.39,26.435,26.38,26.39,15445.0
2026-03-27T12:10:00-04:00,26.39,26.46,26.32,26.44,38885.0
2026-03-27T12:15:00-04:00,26.45,26.46,26.39,26.4099,19746.0
2026-03-27T12:20:00-04:00,26.41,26.51,26.4,26.48,27796.0
2026-03-27T12:25:00-04:00,26.485,26.54,26.44,26.52,45108.0
2026-03-27T12:30:00-04:00,26.51,26.53,26.46,26.53,29398.0
2026-03-27T12:35:00-04:00,26.52,26.535,26.34,26.35,32192.0
2026-03-27T12:40:00-04:00,26.35,26.45,26.31,26.43,27575.0
2026-03-27T12:45:00-04:00,26.43,26.585,26.4,26.585,39429.0
2026-03-27T12:50:00-04:00,26.56,26.59,26.53,26.545,17841.0
2026-03-27T12:55:00-04:00,26.53,26.54,26.44,26.44,31217.0
2026-03-27T13:00:00-04:00,26.42,26.48,26.4,26.45,21117.0
2026-03-27T13:05:00-04:00,26.45,26.51,26.36,26.495,43109.0
2026-03-27T13:10:00-04:00,26.5,26.515,26.45,26.47,24286.0
2026-03-27T13:15:00-04:00,26.485,26.49,26.31,26.33,28595.0
2026-03-27T13:20:00-04:00,26.32,26.35,26.27,26.3,31534.0
2026-03-27T13:25:00-04:00,26.3,26.3,26.2,26.22,51391.0
2026-03-27T13:30:00-04:00,26.25,26.285,26.22,26.285,17279.0
2026-03-27T13:35:00-04:00,26.285,26.32,26.22,26.22,17546.0
2026-03-27T13:40:00-04:00,26.2039,26.24,26.145,26.2,24086.0
2026-03-27T13:45:00-04:00,26.21,26.26,26.18,26.23,16606.0
2026-03-27T13:50:00-04:00,26.215,26.245,26.18,26.2,15843.0
2026-03-27T13:55:00-04:00,26.18,26.18,26.13,26.15,23530.0
2026-03-27T14:00:00-04:00,26.155,26.21,26.15,26.18,13426.0
2026-03-27T14:05:00-04:00,26.19,26.24,26.15,26.235,23345.0
2026-03-27T14:10:00-04:00,26.22,26.22,26.111,26.17,36558.0
2026-03-27T14:15:00-04:00,26.175,26.29,26.175,26.29,18351.0
2026-03-27T14:20:00-04:00,26.275,26.3,26.26,26.27,21870.0
2026-03-27T14:25:00-04:00,26.26,26.3,26.25,26.285,17144.0
2026-03-27T14:30:00-04:00,26.285,26.385,26.285,26.35,38299.0
2026-03-27T14:35:00-04:00,26.345,26.4,26.295,26.305,51829.0
2026-03-27T14:40:00-04:00,26.29,26.38,26.27,26.3,45212.0
2026-03-27T14:45:00-04:00,26.28,26.36,26.27,26.31,33167.0
2026-03-27T14:50:00-04:00,26.32,26.365,26.32,26.33,24551.0
2026-03-27T14:55:00-04:00,26.325,26.325,26.2399,26.285,36866.0
2026-03-27T15:00:00-04:00,26.295,26.335,26.295,26.3,26630.0
2026-03-27T15:05:00-04:00,26.3,26.3,26.2,26.2,27109.0
2026-03-27T15:10:00-04:00,26.2093,26.26,26.2093,26.24,36596.0
2026-03-27T15:15:00-04:00,26.24,26.28,26.23,26.265,32892.0
2026-03-27T15:20:00-04:00,26.26,26.26,26.2,26.205,45681.0
2026-03-27T15:25:00-04:00,26.2,26.22,26.1739,26.22,35723.0
2026-03-27T15:30:00-04:00,26.23,26.25,26.185,26.225,49271.0
2026-03-27T15:35:00-04:00,26.23,26.37,26.23,26.332,89744.0
2026-03-27T15:40:00-04:00,26.332,26.332,26.17,26.18,52733.0
2026-03-27T15:45:00-04:00,26.185,26.22,26.13,26.21,64485.0
2026-03-27T15:50:00-04:00,26.2,26.33,26.19,26.285,117259.0
2026-03-27T15:55:00-04:00,26.2801,26.475,26.2801,26.46,276044.0
2026-03-30T09:30:00-04:00,26.94,27.0,26.51,26.545,167479.0
2026-03-30T09:35:00-04:00,26.5,26.89,26.4,26.7,58936.0
2026-03-30T09:40:00-04:00,26.67,26.7,26.4101,26.45,59157.0
2026-03-30T09:45:00-04:00,26.46,26.57,26.34,26.49,50867.0
2026-03-30T09:50:00-04:00,26.48,26.5,26.3,26.32,34302.0
2026-03-30T09:55:00-04:00,26.34,26.345,26.045,26.11,52157.0
2026-03-30T10:00:00-04:00,26.12,26.37,26.0991,26.295,56424.0
2026-03-30T10:05:00-04:00,26.31,26.31,26.13,26.26,34397.0
2026-03-30T10:10:00-04:00,26.255,26.445,26.23,26.39,44145.0
2026-03-30T10:15:00-04:00,26.395,26.42,26.25,26.29,31506.0
2026-03-30T10:20:00-04:00,26.29,26.3299,26.17,26.29,56127.0
2026-03-30T10:25:00-04:00,26.29,26.29,26.19,26.21,26164.0
2026-03-30T10:30:00-04:00,26.25,26.4,26.25,26.34,28179.0
2026-03-30T10:35:00-04:00,26.36,26.5,26.28,26.4678,24837.0
2026-03-30T10:40:00-04:00,26.46,26.508,26.36,26.365,31054.0
2026-03-30T10:45:00-04:00,26.35,26.45,26.21,26.375,47588.0
2026-03-30T10:50:00-04:00,26.33,26.39,26.23,26.27,27289.0
2026-03-30T10:55:00-04:00,26.21,26.35,26.09,26.35,39652.0
2026-03-30T11:00:00-04:00,26.34,26.5,26.34,26.41,69588.0
2026-03-30T11:05:00-04:00,26.43,26.45,26.24,26.275,50175.0
2026-03-30T11:10:00-04:00,26.29,26.36,26.2,26.2,28118.0
2026-03-30T11:15:00-04:00,26.19,26.25,26.105,26.19,56232.0
2026-03-30T11:20:00-04:00,26.21,26.39,26.19,26.38,28863.0
2026-03-30T11:25:00-04:00,26.4,26.425,26.33,26.39,33086.0
2026-03-30T11:30:00-04:00,26.41,26.495,26.35,26.49,20067.0
2026-03-30T11:35:00-04:00,26.5,26.62,26.485,26.59,24831.0
2026-03-30T11:40:00-04:00,26.63,26.69,26.6,26.64,16246.0
2026-03-30T11:45:00-04:00,26.645,26.7,26.625,26.625,14161.0
2026-03-30T11:50:00-04:00,26.65,26.66,26.565,26.65,27544.0
2026-03-30T11:55:00-04:00,26.66,26.69,26.56,26.59,19995.0
2026-03-30T12:00:00-04:00,26.6099,26.6099,26.45,26.45,19278.0
2026-03-30T12:05:00-04:00,26.45,26.52,26.38,26.44,31608.0
2026-03-30T12:10:00-04:00,26.44,26.51,26.43,26.47,13831.0
2026-03-30T12:15:00-04:00,26.46,26.47,26.38,26.41,29564.0
2026-03-30T12:20:00-04:00,26.43,26.45,26.38,26.39,8962.0
2026-03-30T12:25:00-04:00,26.38,26.38,26.29,26.32,13797.0
2026-03-30T12:30:00-04:00,26.31,26.415,26.31,26.41,10630.0
2026-03-30T12:35:00-04:00,26.39,26.45,26.38,26.42,17628.0
2026-03-30T12:40:00-04:00,26.42,26.48,26.41,26.48,28662.0
2026-03-30T12:45:00-04:00,26.45,26.455,26.36,26.37,13196.0
2026-03-30T12:50:00-04:00,26.37,26.4,26.35,26.35,11732.0
2026-03-30T12:55:00-04:00,26.33,26.33,26.23,26.25,27495.0
2026-03-30T13:00:00-04:00,26.27,26.32,26.18,26.185,28042.0
2026-03-30T13:05:00-04:00,26.2,26.275,26.17,26.275,17699.0
2026-03-30T13:10:00-04:00,26.3,26.33,26.22,26.24,19550.0
2026-03-30T13:15:00-04:00,26.24,26.25,26.059999,26.07,28187.0
2026-03-30T13:20:00-04:00,26.09,26.125,26.030001,26.12,55713.0
2026-03-30T13:25:00-04:00,26.125,26.15,26.1,26.105,25705.0
2026-03-30T13:30:00-04:00,26.11,26.16,26.055,26.055,27988.0
2026-03-30T13:35:00-04:00,26.07,26.14,26.059999,26.11,32088.0
2026-03-30T13:40:00-04:00,26.105,26.24,26.105,26.2,22324.0
2026-03-30T13:45:00-04:00,26.215,26.24,26.1,26.1,34109.0
2026-03-30T13:50:00-04:00,26.07,26.14,26.040001,26.09,35002.0
2026-03-30T13:55:00-04:00,26.08,26.08,26.02,26.049999,13844.0
2026-03-30T14:00:00-04:00,26.08,26.17,26.07,26.1,25958.0
2026-03-30T14:05:00-04:00,26.09,26.09,25.9601,26.030001,27479.0
2026-03-30T14:10:00-04:00,26.040001,26.19,26.030001,26.185,68704.0
2026-03-30T14:15:00-04:00,26.18,26.235,26.17,26.22,19998.0
2026-03-30T14:20:00-04:00,26.23,26.2598,26.18,26.22,18384.0
2026-03-30T14:25:00-04:00,26.22,26.25,26.17,26.17,19105.0
2026-03-30T14:30:00-04:00,26.2,26.25,26.2,26.2301,23793.0
2026-03-30T14:35:00-04:00,26.25,26.32,26.23,26.25,20621.0
2026-03-30T14:40:00-04:00,26.28,26.34,26.26,26.295,18556.0
2026-03-30T14:45:00-04:00,26.32,26.32,26.27,26.28,14150.0
2026-03-30T14:50:00-04:00,26.28,26.28,26.1,26.11,41841.0
2026-03-30T14:55:00-04:00,26.094999,26.1,26.02,26.049999,17550.0
2026-03-30T15:00:00-04:00,26.049999,26.07,25.95,25.99,23454.0
2026-03-30T15:05:00-04:00,25.97,25.995,25.93,25.93,21542.0
2026-03-30T15:10:00-04:00,25.93,25.94,25.86,25.89,30343.0
2026-03-30T15:15:00-04:00,25.9,25.945,25.86,25.86,27422.0
2026-03-30T15:20:00-04:00,25.87,25.91,25.8,25.83,29454.0
2026-03-30T15:25:00-04:00,25.83,25.86,25.79,25.84,32375.0
2026-03-30T15:30:00-04:00,25.86,25.87,25.736,25.85,41533.0
2026-03-30T15:35:00-04:00,25.85,25.97,25.85,25.95,36319.0
2026-03-30T15:40:00-04:00,25.96,26.030001,25.96,25.98,42411.0
2026-03-30T15:45:00-04:00,25.98,26.059999,25.98,26.030001,43609.0
2026-03-30T15:50:00-04:00,26.02,26.12,25.975,26.105,148109.0
2026-03-30T15:55:00-04:00,26.105,26.23,26.094999,26.22,225596.0
2026-03-31T09:30:00-04:00,27.0,27.68,27.0,27.6398,166467.0
2026-03-31T09:35:00-04:00,27.65,27.95,27.65,27.93,113325.0
2026-03-31T09:40:00-04:00,27.92,27.925,27.66,27.66,76572.0
2026-03-31T09:45:00-04:00,27.6639,27.72,27.56,27.695,109001.0
2026-03-31T09:50:00-04:00,27.69,27.8,27.63,27.79,80112.0
2026-03-31T09:55:00-04:00,27.795,27.865,27.7,27.8566,60564.0
2026-03-31T10:00:00-04:00,27.84,28.02,27.79,27.95,105176.0
2026-03-31T10:05:00-04:00,27.97,27.98,27.87,27.965,58130.0
2026-03-31T10:10:00-04:00,27.965,28.155,27.895,28.125,84161.0
2026-03-31T10:15:00-04:00,28.13,28.16,28.035,28.11,70037.0
2026-03-31T10:20:00-04:00,28.1,28.2491,28.09,28.18,99336.0
2026-03-31T10:25:00-04:00,28.155,28.22,28.030001,28.2,59110.0
2026-03-31T10:30:00-04:00,28.21,28.37,28.21,28.31,56344.0
2026-03-31T10:35:00-04:00,28.3,28.3,28.18,28.18,65013.0
2026-03-31T10:40:00-04:00,28.2,28.2,28.048,28.1,120535.0
2026-03-31T10:45:00-04:00,28.11,28.18,27.91,27.94,138070.0
2026-03-31T10:50:00-04:00,27.94,28.16,27.92,28.12,64155.0
2026-03-31T10:55:00-04:00,28.105,28.105,27.87,27.935,104423.0
2026-03-31T11:00:00-04:00,27.95,28.19,27.95,28.15,51191.0
2026-03-31T11:05:00-04:00,28.16,28.35,28.145,28.3,43663.0
2026-03-31T11:10:00-04:00,28.32,28.4,28.235,28.35,53763.0
2026-03-31T11:15:00-04:00,28.365,28.39,28.27,28.33,45249.0
2026-03-31T11:20:00-04:00,28.33,28.37,28.195,28.33,47860.0
2026-03-31T11:25:00-04:00,28.33,28.35,28.14,28.24,47240.0
2026-03-31T11:30:00-04:00,28.225,28.45,28.225,28.43,63805.0
2026-03-31T11:35:00-04:00,28.46,28.51,28.4,28.475,69285.0
2026-03-31T11:40:00-04:00,28.47,28.485,28.39,28.4109,77377.0
2026-03-31T11:45:00-04:00,28.405,28.41,28.25,28.27,45063.0
2026-03-31T11:50:00-04:00,28.26,28.36,28.24,28.245,29169.0
2026-03-31T11:55:00-04:00,28.25,28.25,28.075001,28.084999,28025.0
2026-03-31T12:00:00-04:00,28.08,28.22,28.059999,28.18,47265.0
2026-03-31T12:05:00-04:00,28.195,28.26,28.16,28.25,27212.0
2026-03-31T12:10:00-04:00,28.25,28.251,28.14,28.22,30950.0
2026-03-31T12:15:00-04:00,28.22,28.28,28.22,28.27,24087.0
2026-03-31T12:20:00-04:00,28.285,28.285,28.16,28.275,26896.0
2026-03-31T12:25:00-04:00,28.285,28.3199,28.25,28.27,28837.0
2026-03-31T12:30:00-04:00,28.275,28.31,28.23,28.24,26223.0
2026-03-31T12:35:00-04:00,28.24,28.515,28.22,28.515,29945.0
2026-03-31T12:40:00-04:00,28.54,28.82,28.49,28.71,70076.0
2026-03-31T12:45:00-04:00,28.71,28.8,28.65,28.79,51467.0
2026-03-31T12:50:00-04:00,28.8,28.895,28.61,28.785,137167.0
2026-03-31T12:55:00-04:00,28.79,28.82,28.7,28.82,41136.0
2026-03-31T13:00:00-04:00,28.83,29.059999,28.83,29.0,49298.0
2026-03-31T13:05:00-04:00,28.94,28.94,28.73,28.73,40921.0
2026-03-31T13:10:00-04:00,28.75,28.84,28.71,28.84,34552.0
2026-03-31T13:15:00-04:00,28.83,28.92,28.82,28.88,32274.0
2026-03-31T13:20:00-04:00,28.88,28.88,28.725,28.73,35267.0
2026-03-31T13:25:00-04:00,28.74,28.78,28.695,28.775,54689.0
2026-03-31T13:30:00-04:00,28.79,28.97,28.7899,28.95,61260.0
2026-03-31T13:35:00-04:00,28.96,29.0,28.77,28.84,72039.0
2026-03-31T13:40:00-04:00,28.83,28.89,28.795,28.84,40800.0
2026-03-31T13:45:00-04:00,28.84,28.9,28.8,28.82,25256.0
2026-03-31T13:50:00-04:00,28.83,28.89,28.8,28.89,25670.0
2026-03-31T13:55:00-04:00,28.89,28.89,28.83,28.85,39419.0
2026-03-31T14:00:00-04:00,28.85,28.885,28.8,28.8,39238.0
2026-03-31T14:05:00-04:00,28.825,28.9962,28.825,28.9962,48472.0
2026-03-31T14:10:00-04:00,28.995,29.030001,28.96,29.01,36628.0
2026-03-31T14:15:00-04:00,29.014999,29.115,29.014999,29.045,48006.0
2026-03-31T14:20:00-04:00,29.049999,29.11,29.030001,29.059999,43013.0
2026-03-31T14:25:00-04:00,29.065001,29.1293,29.025,29.084999,70849.0
2026-03-31T14:30:00-04:00,29.09,29.135,28.98,29.08,44233.0
2026-03-31T14:35:00-04:00,29.07,29.155,29.049999,29.1,31362.0
2026-03-31T14:40:00-04:00,29.09,29.1,29.0049992,29.049999,59414.0
2026-03-31T14:45:00-04:00,29.059999,29.13,29.014999,29.040001,41742.0
2026-03-31T14:50:00-04:00,29.065001,29.125,29.025,29.035,53175.0
2026-03-31T14:55:00-04:00,29.035,29.12,29.0,29.115,75836.0
2026-03-31T15:00:00-04:00,29.12,29.21,29.12,29.15,61160.0
2026-03-31T15:05:00-04:00,29.16,29.17,29.08,29.080601,83323.0
2026-03-31T15:10:00-04:00,29.08,29.225,29.08,29.215,73756.0
2026-03-31T15:15:00-04:00,29.235,29.275,29.2,29.2499,70415.0
2026-03-31T15:20:00-04:00,29.25,29.28,29.2,29.205,109630.0
2026-03-31T15:25:00-04:00,29.205,29.215,29.145,29.185,60048.0
2026-03-31T15:30:00-04:00,29.185,29.24,29.13,29.19,63279.0
2026-03-31T15:35:00-04:00,29.2,29.285,29.19,29.28,55873.0
2026-03-31T15:40:00-04:00,29.28,29.33,29.21,29.325,72586.0
2026-03-31T15:45:00-04:00,29.325,29.44,29.305,29.42,99406.0
2026-03-31T15:50:00-04:00,29.42,29.47,29.31,29.37,207889.0
2026-03-31T15:55:00-04:00,29.37,29.44,29.33,29.42,414959.0
2026-04-01T09:30:00-04:00,30.17,30.54,29.62,30.495,284505.0
2026-04-01T09:35:00-04:00,30.51,30.72,30.34,30.7,165790.0
2026-04-01T09:40:00-04:00,30.68,30.88,30.65,30.84,123993.0
2026-04-01T09:45:00-04:00,30.84,31.07,30.8,30.89,133389.0
2026-04-01T09:50:00-04:00,30.9,30.96,30.65,30.8499,97729.0
2026-04-01T09:55:00-04:00,30.84,30.92,30.79,30.86,153922.0
2026-04-01T10:00:00-04:00,30.84,30.9,30.615,30.8,136054.0
2026-04-01T10:05:00-04:00,30.7935,30.84,30.6,30.71,108011.0
2026-04-01T10:10:00-04:00,30.705,30.885,30.63,30.87,87026.0
2026-04-01T10:15:00-04:00,30.86,30.96,30.84,30.94,79050.0
2026-04-01T10:20:00-04:00,30.955,31.19,30.955,31.14,88295.0
2026-04-01T10:25:00-04:00,31.13,31.448,31.059999,31.4293,121161.0
2026-04-01T10:30:00-04:00,31.43,31.51,31.41,31.4998,95706.0
2026-04-01T10:35:00-04:00,31.5099,31.63,31.4,31.555,74932.0
2026-04-01T10:40:00-04:00,31.54,31.76,31.475,31.74,81112.0
2026-04-01T10:45:00-04:00,31.74,31.76,31.55,31.75,67439.0
2026-04-01T10:50:00-04:00,31.75,31.77,31.69,31.745,56168.0
2026-04-01T10:55:00-04:00,31.75,31.86,31.695,31.81,72563.0
2026-04-01T11:00:00-04:00,31.83,31.95,31.79,31.94,67488.0
2026-04-01T11:05:00-04:00,31.935,32.19,31.915,32.18,85695.0
2026-04-01T11:10:00-04:00,32.19,32.225,32.14,32.17,75226.0
2026-04-01T11:15:00-04:00,32.17,32.345,32.15,32.345,72033.0
2026-04-01T11:20:00-04:00,32.34,32.36,32.14,32.17,63086.0
2026-04-01T11:25:00-04:00,32.17,32.2,32.13,32.2,47754.0
2026-04-01T11:30:00-04:00,32.19,32.24,32.1007,32.23,49958.0
2026-04-01T11:35:00-04:00,32.25,32.29,32.1631,32.18,105572.0
2026-04-01T11:40:00-04:00,32.195,32.4991,32.1201,32.49,62400.0
2026-04-01T11:45:00-04:00,32.48,32.57,32.394,32.53,56816.0
2026-04-01T11:50:00-04:00,32.51,32.55,32.405,32.48,71817.0
2026-04-01T11:55:00-04:00,32.47,32.65,32.46,32.63,51599.0
2026-04-01T12:00:00-04:00,32.63,32.67,32.52,32.6,63940.0
2026-04-01T12:05:00-04:00,32.6,32.745,32.58,32.725,84223.0
2026-04-01T12:10:00-04:00,32.725,32.725,32.48,32.5,92891.0
2026-04-01T12:15:00-04:00,32.5,32.565,32.4,32.42,60330.0
2026-04-01T12:20:00-04:00,32.42,32.48,32.34,32.37,61261.0
2026-04-01T12:25:00-04:00,32.3749,32.4,32.245,32.31,79677.0
2026-04-01T12:30:00-04:00,32.3,32.4,32.2803,32.305,80407.0
2026-04-01T12:35:00-04:00,32.32,32.43,32.3,32.32,69315.0
2026-04-01T12:40:00-04:00,32.32,32.37,32.25,32.31,66014.0
2026-04-01T12:45:00-04:00,32.3001,32.33,32.255,32.265,56101.0
2026-04-01T12:50:00-04:00,32.255,32.355,32.2,32.22,62045.0
2026-04-01T12:55:00-04:00,32.23,32.265,32.2,32.255,59830.0
2026-04-01T13:00:00-04:00,32.25,32.26,32.095001,32.17,80452.0
2026-04-01T13:05:00-04:00,32.17,32.34,32.17,32.315,102484.0
2026-04-01T13:10:00-04:00,32.3,32.405,32.3,32.36,62004.0
2026-04-01T13:15:00-04:00,32.355,32.395,32.33,32.3899,48898.0
2026-04-01T13:20:00-04:00,32.39,32.405,32.29,32.36,57660.0
2026-04-01T13:25:00-04:00,32.37,32.42,32.335,32.4,63815.0
2026-04-01T13:30:00-04:00,32.4,32.44,32.22,32.22,87848.0
2026-04-01T13:35:00-04:00,32.2297,32.235,32.16,32.16,48973.0
2026-04-01T13:40:00-04:00,32.155,32.17,32.095001,32.125,63475.0
2026-04-01T13:45:00-04:00,32.13,32.255,32.125,32.205,58207.0
2026-04-01T13:50:00-04:00,32.225,32.28,32.145,32.16,59669.0
2026-04-01T13:55:00-04:00,32.18,32.22,32.09,32.1422,40264.0
2026-04-01T14:00:00-04:00,32.145,32.195,31.925,31.96,83786.0
2026-04-01T14:05:00-04:00,31.95,32.0099983,31.83,31.84,85998.0
2026-04-01T14:10:00-04:00,31.85,31.93,31.75,31.81,107204.0
2026-04-01T14:15:00-04:00,31.8,31.835,31.605,31.67,136717.0
2026-04-01T14:20:00-04:00,31.685,31.71,31.54,31.575,117968.0
2026-04-01T14:25:00-04:00,31.57,31.67,31.54,31.57,48375.0
2026-04-01T14:30:00-04:00,31.59,31.65,31.49,31.495,44893.0
2026-04-01T14:35:00-04:00,31.4899,31.51,31.365,31.48,67897.0
2026-04-01T14:40:00-04:00,31.47,31.7,31.47,31.57,61059.0
2026-04-01T14:45:00-04:00,31.59,31.66,31.5,31.66,46542.0
2026-04-01T14:50:00-04:00,31.67,31.7,31.52,31.6,52895.0
2026-04-01T14:55:00-04:00,31.61,31.615,31.4907,31.6,65945.0
2026-04-01T15:00:00-04:00,31.61,31.655,31.48,31.53,84371.0
2026-04-01T15:05:00-04:00,31.525,31.575,31.44,31.44,69787.0
2026-04-01T15:10:00-04:00,31.43,31.47,31.38,31.425,65255.0
2026-04-01T15:15:00-04:00,31.43,31.56,31.41,31.555,73545.0
2026-04-01T15:20:00-04:00,31.56,31.61,31.515,31.575,77432.0
2026-04-01T15:25:00-04:00,31.57,31.605,31.51,31.54,68313.0
2026-04-01T15:30:00-04:00,31.54,31.57,31.445,31.48,89006.0
2026-04-01T15:35:00-04:00,31.485,31.61,31.42,31.5599,118302.0
2026-04-01T15:40:00-04:00,31.555,31.625,31.525,31.595,96042.0
2026-04-01T15:45:00-04:00,31.6,31.605,31.47,31.515,157385.0
2026-04-01T15:50:00-04:00,31.5,31.6,31.5,31.54,220589.0
2026-04-01T15:55:00-04:00,31.54,31.59,31.455,31.485,375916.0
2026-04-02T09:30:00-04:00,29.7,30.97,29.4,30.785,343216.0
2026-04-02T09:35:00-04:00,30.76,30.96,30.66,30.69,150178.0
2026-04-02T09:40:00-04:00,30.63,30.9,30.62,30.9,119217.0
2026-04-02T09:45:00-04:00,30.9,31.4,30.86,31.32,118815.0
2026-04-02T09:50:00-04:00,31.32,31.3899,31.19,31.37,90216.0
2026-04-02T09:55:00-04:00,31.33,31.475,31.19,31.45,133325.0
2026-04-02T10:00:00-04:00,31.47,31.47,31.09,31.145,136457.0
2026-04-02T10:05:00-04:00,31.155,31.48,31.15,31.48,108789.0
2026-04-02T10:10:00-04:00,31.5,31.53,31.29,31.3,73503.0
2026-04-02T10:15:00-04:00,31.32,31.5,31.1901,31.45,69724.0
2026-04-02T10:20:00-04:00,31.451,31.61,31.43,31.54,75635.0
2026-04-02T10:25:00-04:00,31.57,31.58,31.42,31.47,44285.0
2026-04-02T10:30:00-04:00,31.48,31.6,31.44,31.58,123938.0
2026-04-02T10:35:00-04:00,31.57,31.92,31.23,31.45,136741.0
2026-04-02T10:40:00-04:00,31.4,31.55,31.36,31.54,69067.0
2026-04-02T10:45:00-04:00,31.54,31.6897,31.46,31.47,72524.0
2026-04-02T10:50:00-04:00,31.46,31.625,31.3518,31.625,58762.0
2026-04-02T10:55:00-04:00,31.6389,31.7201,31.6,31.61,78919.0
2026-04-02T11:00:00-04:00,31.61,31.66,31.48,31.59,83805.0
2026-04-02T11:05:00-04:00,31.62,31.68,31.5601,31.68,63381.0
2026-04-02T11:10:00-04:00,31.68,31.78,31.61,31.67,84764.0
2026-04-02T11:15:00-04:00,31.66,31.7203,31.62,31.67,94448.0
2026-04-02T11:20:00-04:00,31.65,31.65,31.39,31.51,96998.0
2026-04-02T11:25:00-04:00,31.51,31.6,31.4101,31.56,61741.0
2026-04-02T11:30:00-04:00,31.56,31.725,31.56,31.66,141093.0
2026-04-02T11:35:00-04:00,31.655,31.71,31.6,31.63,54404.0
2026-04-02T11:40:00-04:00,31.63,31.73,31.59,31.675,32130.0
2026-04-02T11:45:00-04:00,31.67,31.725,31.545,31.65,48359.0
2026-04-02T11:50:00-04:00,31.635,31.68,31.44,31.64,193326.0
2026-04-02T11:55:00-04:00,31.64,31.68,31.555,31.62,37524.0
2026-04-02T12:00:00-04:00,31.62,31.73,31.58,31.67,40307.0
2026-04-02T12:05:00-04:00,31.67,31.68,31.53,31.57,30120.0
2026-04-02T12:10:00-04:00,31.57,31.6,31.54,31.6,56537.0
2026-04-02T12:15:00-04:00,31.585,31.6,31.41,31.46,67561.0
2026-04-02T12:20:00-04:00,31.46,31.53,31.4,31.45,46135.0
2026-04-02T12:25:00-04:00,31.45,31.48,31.41,31.47,30177.0
2026-04-02T12:30:00-04:00,31.45,31.63,31.44,31.6,56674.0
2026-04-02T12:35:00-04:00,31.6,31.63,31.53,31.61,34117.0
2026-04-02T12:40:00-04:00,31.63,31.77,31.63,31.72,39491.0
2026-04-02T12:45:00-04:00,31.71,31.75,31.6828,31.7,35230.0
2026-04-02T12:50:00-04:00,31.7,31.74,31.66,31.7001,58485.0
2026-04-02T12:55:00-04:00,31.7,31.7,31.625,31.65,48356.0
2026-04-02T13:00:00-04:00,31.64,31.68,31.595,31.68,33587.0
2026-04-02T13:05:00-04:00,31.67,31.74,31.655,31.74,35396.0
2026-04-02T13:10:00-04:00,31.74,31.76,31.6709,31.76,54791.0
2026-04-02T13:15:00-04:00,31.79,31.79,31.7,31.71,29868.0
2026-04-02T13:20:00-04:00,31.715,31.82,31.67,31.785,39713.0
2026-04-02T13:25:00-04:00,31.785,31.8,31.67,31.71,49553.0
2026-04-02T13:30:00-04:00,31.72,31.72,31.665,31.69,48576.0
2026-04-02T13:35:00-04:00,31.67,31.76,31.64,31.745,84167.0
2026-04-02T13:40:00-04:00,31.75,31.76,31.665,31.76,38705.0
2026-04-02T13:45:00-04:00,31.755,31.77,31.5,31.59,196342.0
2026-04-02T13:50:00-04:00,31.6,31.61,31.51,31.59,57236.0
2026-04-02T13:55:00-04:00,31.58,31.61,31.505,31.545,41172.0
2026-04-02T14:00:00-04:00,31.55,31.6199,31.5,31.6,51508.0
2026-04-02T14:05:00-04:00,31.6,31.605,31.53,31.57,42010.0
2026-04-02T14:10:00-04:00,31.57,31.645,31.565,31.59,38232.0
2026-04-02T14:15:00-04:00,31.595,31.645,31.575,31.59,33758.0
2026-04-02T14:20:00-04:00,31.59,31.65,31.57,31.63,31167.0
2026-04-02T14:25:00-04:00,31.63,31.68,31.61,31.645,51915.0
2026-04-02T14:30:00-04:00,31.65,31.715,31.65,31.715,37199.0
2026-04-02T14:35:00-04:00,31.71,31.72,31.675,31.72,26987.0
2026-04-02T14:40:00-04:00,31.72,31.79,31.69,31.71,39709.0
2026-04-02T14:45:00-04:00,31.71,31.775,31.68,31.7,46089.0
2026-04-02T14:50:00-04:00,31.71,31.735,31.615,31.69,43377.0
2026-04-02T14:55:00-04:00,31.695,31.745,31.665,31.72,43234.0
2026-04-02T15:00:00-04:00,31.74,31.75,31.64,31.65,43339.0
2026-04-02T15:05:00-04:00,31.6501,31.695,31.65,31.69,38182.0
2026-04-02T15:10:00-04:00,31.7,31.705,31.635,31.655,38129.0
2026-04-02T15:15:00-04:00,31.66,31.66,31.51,31.52,61160.0
2026-04-02T15:20:00-04:00,31.512,31.54,31.48,31.495,103253.0
2026-04-02T15:25:00-04:00,31.4901,31.505,31.445,31.49,54819.0
2026-04-02T15:30:00-04:00,31.49,31.57,31.49,31.54,62358.0
2026-04-02T15:35:00-04:00,31.55,31.58,31.51,31.51,58236.0
2026-04-02T15:40:00-04:00,31.515,31.515,31.45,31.48,87360.0
2026-04-02T15:45:00-04:00,31.475,31.52,31.455,31.52,64014.0
2026-04-02T15:50:00-04:00,31.53,31.7494,31.53,31.74,157866.0
2026-04-02T15:55:00-04:00,31.75,31.75,31.56,31.57,328032.0
2026-04-06T09:30:00-04:00,31.48,32.57,31.42,32.39,144735.0
2026-04-06T09:35:00-04:00,32.4295,32.44,32.213,32.275,94496.0
2026-04-06T09:40:00-04:00,32.2891,32.29,31.79,31.79,63151.0
2026-04-06T09:45:00-04:00,31.79,31.96,31.57,31.64,106612.0
2026-04-06T09:50:00-04:00,31.63,31.9599,31.57,31.92,71109.0
2026-04-06T09:55:00-04:00,31.93,32.040001,31.9,32.040001,46769.0
2026-04-06T10:00:00-04:00,32.029999,32.080002,31.61,31.61,102005.0
2026-04-06T10:05:00-04:00,31.59,31.79,31.58,31.77,69784.0
2026-04-06T10:10:00-04:00,31.79,31.79,31.59,31.79,45993.0
2026-04-06T10:15:00-04:00,31.82,31.85,31.59,31.75,70970.0
2026-04-06T10:20:00-04:00,31.78,31.84,31.7301,31.8,50091.0
2026-04-06T10:25:00-04:00,31.795,31.8,31.68,31.73,53564.0
2026-04-06T10:30:00-04:00,31.73,31.78,31.6,31.66,52202.0
2026-04-06T10:35:00-04:00,31.66,31.79,31.6,31.7027,58268.0
2026-04-06T10:40:00-04:00,31.71,31.87,31.665,31.77,41899.0
2026-04-06T10:45:00-04:00,31.71,31.77,31.66,31.77,42954.0
2026-04-06T10:50:00-04:00,31.78,32.0,31.78,31.96,53117.0
2026-04-06T10:55:00-04:00,31.97,32.12,31.92,32.084999,80011.0
2026-04-06T11:00:00-04:00,32.084999,32.095001,31.86,31.965,51872.0
2026-04-06T11:05:00-04:00,31.96,31.99,31.82,31.82,42592.0
2026-04-06T11:10:00-04:00,31.81,31.85,31.725,31.85,43479.0
2026-04-06T11:15:00-04:00,31.87,31.91,31.77,31.83,50789.0
2026-04-06T11:20:00-04:00,31.84,31.92,31.84,31.9,31451.0
2026-04-06T11:25:00-04:00,31.84,31.94,31.84,31.94,29312.0
2026-04-06T11:30:00-04:00,31.955,32.025002,31.9,32.0098991,37681.0
2026-04-06T11:35:00-04:00,32.0,32.044998,31.83,31.87,38707.0
2026-04-06T11:40:00-04:00,31.89,31.92,31.85,31.88,25388.0
2026-04-06T11:45:00-04:00,31.9,31.91,31.87,31.895,28262.0
2026-04-06T11:50:00-04:00,31.89,31.975,31.885,31.955,29294.0
2026-04-06T11:55:00-04:00,31.9501,32.055,31.93,32.055,26835.0
2026-04-06T12:00:00-04:00,32.060001,32.060001,32.0,32.044998,29451.0
2026-04-06T12:05:00-04:00,32.049999,32.055,31.97,31.99,33579.0
2026-04-06T12:10:00-04:00,31.985,32.029999,31.942,31.955,31159.0
2026-04-06T12:15:00-04:00,31.96,31.985,31.915,31.96,29912.0
2026-04-06T12:20:00-04:00,31.965,31.99,31.93,31.96,31714.0
2026-04-06T12:25:00-04:00,31.96,31.96,31.89,31.935,32898.0
2026-04-06T12:30:00-04:00,31.94,32.0050011,31.94,31.975,25413.0
2026-04-06T12:35:00-04:00,31.975,32.068802,31.97,32.049999,29851.0
2026-04-06T12:40:00-04:00,32.0,32.044998,32.0,32.029999,29551.0
2026-04-06T12:45:00-04:00,32.025002,32.09,32.025002,32.09,56280.0
2026-04-06T12:50:00-04:00,32.105,32.14,32.084999,32.14,32492.0
2026-04-06T12:55:00-04:00,32.13,32.13,31.89,31.96,47775.0
2026-04-06T13:00:00-04:00,31.955,31.97,31.895,31.945,36873.0
2026-04-06T13:05:00-04:00,31.95,31.97,31.86,31.94,25541.0
2026-04-06T13:10:00-04:00,31.93,31.95,31.73,31.81,36098.0
2026-04-06T13:15:00-04:00,31.81,31.815,31.69,31.77,35670.0
2026-04-06T13:20:00-04:00,31.78,31.88,31.71,31.88,26002.0
2026-04-06T13:25:00-04:00,31.91,31.945,31.86,31.92,29165.0
2026-04-06T13:30:00-04:00,31.93,32.040001,31.92,31.99,27537.0
2026-04-06T13:35:00-04:00,31.99,32.064999,31.98,32.025002,21727.0
2026-04-06T13:40:00-04:00,32.02,32.040001,31.97,32.040001,32659.0
2026-04-06T13:45:00-04:00,32.055,32.060001,31.96,32.0,30915.0
2026-04-06T13:50:00-04:00,32.0050011,32.025002,31.985,32.025002,32831.0
2026-04-06T13:55:00-04:00,32.029999,32.029999,31.97,32.0,21247.0
2026-04-06T14:00:00-04:00,31.98,32.0084991,31.93,31.93,30911.0
2026-04-06T14:05:00-04:00,31.935,31.935,31.85,31.86,42001.0
2026-04-06T14:10:00-04:00,31.87,32.0099983,31.85,32.0099983,42523.0
2026-04-06T14:15:00-04:00,32.02,32.17,32.02,32.16,26179.0
2026-04-06T14:20:00-04:00,32.16,32.17,32.125,32.16,24586.0
2026-04-06T14:25:00-04:00,32.16,32.2,32.099998,32.17,33482.0
2026-04-06T14:30:00-04:00,32.1701,32.185,32.095001,32.11,48922.0
2026-04-06T14:35:00-04:00,32.11,32.12,32.029999,32.029999,32373.0
2026-04-06T14:40:00-04:00,32.035,32.040001,31.97,32.02,36016.0
2026-04-06T14:45:00-04:00,32.0085983,32.049999,31.98,31.985,25818.0
2026-04-06T14:50:00-04:00,31.99,32.040001,31.97,31.995,38487.0
2026-04-06T14:55:00-04:00,31.975,32.044998,31.96,32.044998,25058.0
2026-04-06T15:00:00-04:00,32.040001,32.049999,31.975,32.0099983,49415.0
2026-04-06T15:05:00-04:00,32.014999,32.029999,31.98,32.025002,37961.0
2026-04-06T15:10:00-04:00,32.02,32.02,31.955,31.965,31514.0
2026-04-06T15:15:00-04:00,31.97,31.985,31.88,31.905,54961.0
2026-04-06T15:20:00-04:00,31.91,31.97,31.88,31.885,43005.0
2026-04-06T15:25:00-04:00,31.89,31.94,31.89,31.935,39332.0
2026-04-06T15:30:00-04:00,31.93,32.0050011,31.905,32.0050011,50009.0
2026-04-06T15:35:00-04:00,32.0099983,32.02,31.965,31.965,71306.0
2026-04-06T15:40:00-04:00,31.97,31.98,31.875,31.935,77084.0
2026-04-06T15:45:00-04:00,31.93,32.0,31.925,32.0,85884.0
2026-04-06T15:50:00-04:00,32.0099983,32.0099983,31.92,31.92,88127.0
2026-04-06T15:55:00-04:00,31.94,31.94,31.86,31.86,184227.0
2026-04-07T09:30:00-04:00,31.99,32.4499,31.91,32.38,127528.0
2026-04-07T09:35:00-04:00,32.3401,32.44,32.12,32.17,81185.0
2026-04-07T09:40:00-04:00,32.14,32.3,31.99,32.095001,50844.0
2026-04-07T09:45:00-04:00,32.099998,32.21,32.0099983,32.07,61188.0
2026-04-07T09:50:00-04:00,32.080002,32.11,31.85,32.07,99964.0
2026-04-07T09:55:00-04:00,32.049999,32.084999,31.77,31.79,50260.0
2026-04-07T10:00:00-04:00,31.81,31.85,31.47,31.51,116534.0
2026-04-07T10:05:00-04:00,31.53,31.54,31.22,31.45,94232.0
2026-04-07T10:10:00-04:00,31.4599,31.61,31.4599,31.61,63246.0
2026-04-07T10:15:00-04:00,31.63,31.695,31.48,31.59,59195.0
2026-04-07T10:20:00-04:00,31.57,31.89,31.57,31.88,52958.0
2026-04-07T10:25:00-04:00,31.87,32.13,31.86,32.11,56771.0
2026-04-07T10:30:00-04:00,32.16,32.31,32.080002,32.24,47326.0
2026-04-07T10:35:00-04:00,32.25,32.26,32.13,32.15,45708.0
2026-04-07T10:40:00-04:00,32.099998,32.099998,31.96,32.029999,48398.0
2026-04-07T10:45:00-04:00,32.0,32.23,32.0,32.2,44623.0
2026-04-07T10:50:00-04:00,32.19,32.21,32.105,32.18,47135.0
2026-04-07T10:55:00-04:00,32.19,32.2308,32.060001,32.07,45226.0
2026-04-07T11:00:00-04:00,32.040001,32.080002,31.81,31.81,46686.0
2026-04-07T11:05:00-04:00,31.75,31.88,31.67,31.81,71944.0
2026-04-07T11:10:00-04:00,31.8,31.93,31.785,31.82,47554.0
2026-04-07T11:15:00-04:00,31.83,32.040001,31.815,32.040001,70796.0
2026-04-07T11:20:00-04:00,32.040001,32.049999,31.96,31.965,35367.0
2026-04-07T11:25:00-04:00,31.97,32.135,31.97,32.13,40247.0
2026-04-07T11:30:00-04:00,32.14,32.18,32.13,32.16,48341.0
2026-04-07T11:35:00-04:00,32.14,32.14,31.91,31.92,38522.0
2026-04-07T11:40:00-04:00,31.92,31.92,31.74,31.76,34845.0
2026-04-07T11:45:00-04:00,31.76,31.85,31.76,31.83,28698.0
2026-04-07T11:50:00-04:00,31.85,31.85,31.7409,31.83,27762.0
2026-04-07T11:55:00-04:00,31.81,31.96,31.81,31.95,50459.0
2026-04-07T12:00:00-04:00,31.955,32.28,31.955,32.12,52107.0
2026-04-07T12:05:00-04:00,32.07,32.12,31.93,31.93,40079.0
2026-04-07T12:10:00-04:00,31.91,31.97,31.87,31.9101,45086.0
2026-04-07T12:15:00-04:00,31.91,31.935,31.84,31.86,29595.0
2026-04-07T12:20:00-04:00,31.84,31.95,31.8,31.88,47743.0
2026-04-07T12:25:00-04:00,31.91,32.040001,31.88,32.02,37278.0
2026-04-07T12:30:00-04:00,32.0099983,32.050701,31.94,31.99,55057.0
2026-04-07T12:35:00-04:00,32.0099983,32.014999,31.82,31.83,36278.0
2026-04-07T12:40:00-04:00,31.83,31.9,31.81,31.9,43250.0
2026-04-07T12:45:00-04:00,31.91,32.029999,31.91,31.94,37679.0
2026-04-07T12:50:00-04:00,31.925,32.0,31.925,31.93,29398.0
2026-04-07T12:55:00-04:00,31.92,31.92,31.85,31.87,30456.0
2026-04-07T13:00:00-04:00,31.875,32.07,31.875,32.060001,37684.0
2026-04-07T13:05:00-04:00,32.055,32.11,32.040001,32.0406,34140.0
2026-04-07T13:10:00-04:00,32.029999,32.07,31.99,32.010101,23640.0
2026-04-07T13:15:00-04:00,32.0099983,32.029999,31.98,32.0099983,34086.0
2026-04-07T13:20:00-04:00,32.029999,32.055,31.96,32.02,38167.0
2026-04-07T13:25:00-04:00,32.025002,32.035,31.99,32.029999,31137.0
2026-04-07T13:30:00-04:00,32.040001,32.1693,32.035,32.157,34563.0
2026-04-07T13:35:00-04:00,32.16,32.4,32.16,32.33,49068.0
2026-04-07T13:40:00-04:00,32.33,32.335,32.25,32.301,33328.0
2026-04-07T13:45:00-04:00,32.325,32.34,32.25,32.27,21588.0
2026-04-07T13:50:00-04:00,32.28,32.305,32.22,32.22,28988.0
2026-04-07T13:55:00-04:00,32.22,32.261,32.2,32.211,29748.0
2026-04-07T14:00:00-04:00,32.19,32.3,32.19,32.24,38818.0
2026-04-07T14:05:00-04:00,32.245,32.245,32.18,32.18,32042.0
2026-04-07T14:10:00-04:00,32.18,32.2,32.099998,32.19,44965.0
2026-04-07T14:15:00-04:00,32.19,32.21,32.17,32.205,32823.0
2026-04-07T14:20:00-04:00,32.21,32.23,32.165,32.18,28271.0
2026-04-07T14:25:00-04:00,32.19,32.25,32.19,32.215,37108.0
2026-04-07T14:30:00-04:00,32.22,32.245,32.18,32.195,25497.0
2026-04-07T14:35:00-04:00,32.19,32.19,32.11,32.125,37575.0
2026-04-07T14:40:00-04:00,32.125,32.125,31.98,32.044998,52824.0
2026-04-07T14:45:00-04:00,32.02,32.059898,31.9482,32.0099983,30953.0
2026-04-07T14:50:00-04:00,31.99,32.0,31.93,31.935,28934.0
2026-04-07T14:55:00-04:00,31.93,31.93,31.83,31.875,38347.0
2026-04-07T15:00:00-04:00,31.88,31.94,31.835,31.9,39230.0
2026-04-07T15:05:00-04:00,31.9,31.93,31.8,31.93,48397.0
2026-04-07T15:10:00-04:00,31.91,31.985,31.9,31.985,41710.0
2026-04-07T15:15:00-04:00,31.99,32.36,31.98,32.34,65504.0
2026-04-07T15:20:00-04:00,32.35,32.41,32.12,32.19,73103.0
2026-04-07T15:25:00-04:00,32.18,32.18,32.099998,32.155,47460.0
2026-04-07T15:30:00-04:00,32.155,32.2,32.12,32.18,70132.0
2026-04-07T15:35:00-04:00,32.175,32.23,32.145,32.15,56254.0
2026-04-07T15:40:00-04:00,32.15,32.25,32.11,32.22,72650.0
2026-04-07T15:45:00-04:00,32.23,32.51,32.23,32.4,122646.0
2026-04-07T15:50:00-04:00,32.43,32.58,32.43,32.58,82892.0
2026-04-07T15:55:00-04:00,32.58,32.61,32.505,32.6,274089.0
2026-04-08T09:30:00-04:00,35.148,35.555,34.9144,35.18,290649.0
2026-04-08T09:35:00-04:00,35.15,35.23,34.66,34.728,119941.0
2026-04-08T09:40:00-04:00,34.76,34.87,34.58,34.67,124483.0
2026-04-08T09:45:00-04:00,34.64,35.25,34.56,35.11,112319.0
2026-04-08T09:50:00-04:00,35.099998,35.1174,34.83,34.88,99971.0
2026-04-08T09:55:00-04:00,34.87,35.029999,34.84,34.915,164000.0
2026-04-08T10:00:00-04:00,34.895,35.049999,34.85,35.02,92044.0
2026-04-08T10:05:00-04:00,35.0050011,35.080002,34.73,34.85,165977.0
2026-04-08T10:10:00-04:00,34.89,34.97,34.805,34.88,94778.0
2026-04-08T10:15:00-04:00,34.88,35.18,34.88,34.98,79885.0
2026-04-08T10:20:00-04:00,34.94,35.0,34.77,34.78,76379.0
2026-04-08T10:25:00-04:00,34.77,34.79,34.58,34.63,76983.0
2026-04-08T10:30:00-04:00,34.66,34.665,34.24,34.31,116281.0
2026-04-08T10:35:00-04:00,34.315,34.34,33.99,34.21,230341.0
2026-04-08T10:40:00-04:00,34.23,34.35,34.15,34.17,79834.0
2026-04-08T10:45:00-04:00,34.19,34.255,34.0,34.1224,59951.0
2026-04-08T10:50:00-04:00,34.11,34.23,34.060001,34.2,32250.0
2026-04-08T10:55:00-04:00,34.2,34.2,33.89,34.084999,60687.0
2026-04-08T11:00:00-04:00,34.09,34.195,34.052601,34.060001,67559.0
2026-04-08T11:05:00-04:00,34.07,34.12,33.95,34.02,180104.0
2026-04-08T11:10:00-04:00,34.02,34.2701,33.97,34.27,39875.0
2026-04-08T11:15:00-04:00,34.28,34.57,34.28,34.55,82061.0
2026-04-08T11:20:00-04:00,34.54,34.545,34.3,34.37,61445.0
2026-04-08T11:25:00-04:00,34.37,34.44,34.27,34.405,70185.0
2026-04-08T11:30:00-04:00,34.4,34.48,34.36,34.48,70756.0
2026-04-08T11:35:00-04:00,34.48,34.63,34.47,34.63,70484.0
2026-04-08T11:40:00-04:00,34.62,34.64,34.55,34.61,64900.0
2026-04-08T11:45:00-04:00,34.605,34.765,34.605,34.76,90032.0
2026-04-08T11:50:00-04:00,34.76,34.835,34.75,34.785,38712.0
2026-04-08T11:55:00-04:00,34.78,34.82,34.765,34.78,39965.0
2026-04-08T12:00:00-04:00,34.785,34.86,34.785,34.85,51529.0
2026-04-08T12:05:00-04:00,34.855,34.91,34.77,34.77,79036.0
2026-04-08T12:10:00-04:00,34.755,34.83,34.61,34.61,64996.0
2026-04-08T12:15:00-04:00,34.605,34.61,34.44,34.46,54041.0
2026-04-08T12:20:00-04:00,34.48,34.48,34.405,34.42,33308.0
2026-04-08T12:25:00-04:00,34.42,34.45,34.36,34.4,40358.0
2026-04-08T12:30:00-04:00,34.405,34.432,34.331,34.432,28767.0
2026-04-08T12:35:00-04:00,34.44,34.52,34.43,34.51,25951.0
2026-04-08T12:40:00-04:00,34.52,34.54,34.475,34.52,27068.0
2026-04-08T12:45:00-04:00,34.52,34.59,34.51,34.5501,40332.0
2026-04-08T12:50:00-04:00,34.555,34.59,34.48,34.58,52922.0
2026-04-08T12:55:00-04:00,34.58,34.63,34.56,34.63,28285.0
2026-04-08T13:00:00-04:00,34.6507,34.68,34.635,34.6401,33696.0
2026-04-08T13:05:00-04:00,34.64,34.66,34.59,34.61,41005.0
2026-04-08T13:10:00-04:00,34.57,34.63,34.55,34.58,25838.0
2026-04-08T13:15:00-04:00,34.6,34.62,34.465,34.47,46869.0
2026-04-08T13:20:00-04:00,34.465,34.5,34.39,34.45,56948.0
2026-04-08T13:25:00-04:00,34.44,34.52,34.36,34.51,39583.0
2026-04-08T13:30:00-04:00,34.5,34.52,34.415,34.45,36596.0
2026-04-08T13:35:00-04:00,34.44,34.48,34.38,34.4,53460.0
2026-04-08T13:40:00-04:00,34.405,34.47,34.34,34.425,34476.0
2026-04-08T13:45:00-04:00,34.43,34.52,34.405,34.51,34330.0
2026-04-08T13:50:00-04:00,34.53,34.64,34.53,34.585,47585.0
2026-04-08T13:55:00-04:00,34.5995,34.65,34.59,34.615,44469.0
2026-04-08T14:00:00-04:00,34.61,34.6404,34.545,34.6404,42349.0
2026-04-08T14:05:00-04:00,34.64,34.69,34.585,34.68,73538.0
2026-04-08T14:10:00-04:00,34.681,34.73,34.63,34.695,47274.0
2026-04-08T14:15:00-04:00,34.7,34.74,34.48,34.57,119639.0
2026-04-08T14:20:00-04:00,34.57,34.61,34.47,34.5,86336.0
2026-04-08T14:25:00-04:00,34.48,34.57,34.42,34.455,44627.0
2026-04-08T14:30:00-04:00,34.46,34.51,34.35,34.38,66189.0
2026-04-08T14:35:00-04:00,34.39,34.39,34.29,34.3,52583.0
2026-04-08T14:40:00-04:00,34.3,34.3,34.13,34.15,50554.0
2026-04-08T14:45:00-04:00,34.15,34.2,34.080002,34.15,55156.0
2026-04-08T14:50:00-04:00,34.15,34.26,34.11,34.17,44252.0
2026-04-08T14:55:00-04:00,34.17,34.2,34.080002,34.09,76642.0
2026-04-08T15:00:00-04:00,34.099998,34.13,34.0,34.080002,93704.0
2026-04-08T15:05:00-04:00,34.07,34.25,34.049999,34.24,66125.0
2026-04-08T15:10:00-04:00,34.24,34.45,34.24,34.41,72843.0
2026-04-08T15:15:00-04:00,34.4,34.53,34.39,34.42,63069.0
2026-04-08T15:20:00-04:00,34.42,34.42,34.3112,34.395,68877.0
2026-04-08T15:25:00-04:00,34.4,34.455,34.355,34.41,78730.0
2026-04-08T15:30:00-04:00,34.41,34.7,34.41,34.68,113009.0
2026-04-08T15:35:00-04:00,34.67,34.765,34.61,34.695,88355.0
2026-04-08T15:40:00-04:00,34.69,34.78,34.62,34.76,220708.0
2026-04-08T15:45:00-04:00,34.755,34.83,34.74,34.81,82644.0
2026-04-08T15:50:00-04:00,34.8,34.97,34.77,34.94,165577.0
2026-04-08T15:55:00-04:00,34.945,35.099998,34.91,35.080002,413414.0
2026-04-09T09:30:00-04:00,35.2,36.24,34.92,36.24,201228.0
2026-04-09T09:35:00-04:00,36.27,36.515,36.215,36.37,141176.0
2026-04-09T09:40:00-04:00,36.375,36.375,35.85,35.875,40779.0
2026-04-09T09:45:00-04:00,35.84,35.88,35.5,35.53,59212.0
2026-04-09T09:50:00-04:00,35.53,35.67,35.080002,35.09,80935.0
2026-04-09T09:55:00-04:00,35.040001,35.055,34.92,34.94,71302.0
2026-04-09T10:00:00-04:00,34.92,34.92,34.58,34.58,108716.0
2026-04-09T10:05:00-04:00,34.57,34.6,34.12,34.12,161056.0
2026-04-09T10:10:00-04:00,34.11,34.14,33.9369,33.985,61755.0
2026-04-09T10:15:00-04:00,33.95,33.955,33.43,33.52,98277.0
2026-04-09T10:20:00-04:00,33.52,33.685,33.495,33.67,74244.0
2026-04-09T10:25:00-04:00,33.69,33.765,33.46,33.555,50024.0
2026-04-09T10:30:00-04:00,33.56,33.615,33.052399,33.060001,87525.0
2026-04-09T10:35:00-04:00,33.07,33.24,32.97,33.23,90559.0
2026-04-09T10:40:00-04:00,33.245,33.27,32.975,33.02,37965.0
2026-04-09T10:45:00-04:00,32.99,33.295,32.99,33.25,54929.0
2026-04-09T10:50:00-04:00,33.25,33.35,33.2,33.24,62731.0
2026-04-09T10:55:00-04:00,33.23,33.24,33.09,33.2,44636.0
2026-04-09T11:00:00-04:00,33.18,33.18,32.91,32.98,34091.0
2026-04-09T11:05:00-04:00,32.985,33.0,32.8301,32.91,43805.0
2026-04-09T11:10:00-04:00,32.91,32.9799,32.845,32.9799,33325.0
2026-04-09T11:15:00-04:00,33.0099983,33.21,33.0050011,33.17,48637.0
2026-04-09T11:20:00-04:00,33.17,33.25,33.14,33.24,29413.0
2026-04-09T11:25:00-04:00,33.21,33.22,33.12,33.12,40970.0
2026-04-09T11:30:00-04:00,33.115,33.405,33.115,33.35,175915.0
2026-04-09T11:35:00-04:00,33.36,33.53,33.28,33.34,48768.0
2026-04-09T11:40:00-04:00,33.32,33.5,33.32,33.46,22334.0
2026-04-09T11:45:00-04:00,33.4551,33.66,33.44,33.5,39526.0
2026-04-09T11:50:00-04:00,33.49,33.58,33.4348,33.47,26075.0
2026-04-09T11:55:00-04:00,33.45,33.5,33.37,33.4,42132.0
2026-04-09T12:00:00-04:00,33.405,33.69,33.38,33.66,59219.0
2026-04-09T12:05:00-04:00,33.6435,33.71,33.6001,33.64,51471.0
2026-04-09T12:10:00-04:00,33.62,33.72,33.56,33.57,37933.0
2026-04-09T12:15:00-04:00,33.56,33.59,33.47,33.53,26653.0
2026-04-09T12:20:00-04:00,33.5598,33.62,33.49,33.49,25166.0
2026-04-09T12:25:00-04:00,33.49,33.66,33.47,33.5699,90207.0
2026-04-09T12:30:00-04:00,33.55,33.625,33.52,33.59,83406.0
2026-04-09T12:35:00-04:00,33.61,33.65,33.4743,33.49,46390.0
2026-04-09T12:40:00-04:00,33.489,33.5101,33.38,33.38,50717.0
2026-04-09T12:45:00-04:00,33.38,33.42,33.31,33.335,43390.0
2026-04-09T12:50:00-04:00,33.32,33.38,33.295,33.35,22086.0
2026-04-09T12:55:00-04:00,33.36,33.4,33.29,33.37,23458.0
2026-04-09T13:00:00-04:00,33.37,33.4,33.34,33.39,15953.0
2026-04-09T13:05:00-04:00,33.395,33.53,33.395,33.52,52499.0
2026-04-09T13:10:00-04:00,33.515,33.52,33.47,33.51,14497.0
2026-04-09T13:15:00-04:00,33.52,33.61,33.51,33.57,29651.0
2026-04-09T13:20:00-04:00,33.585,33.6,33.43,33.55,55210.0
2026-04-09T13:25:00-04:00,33.53,33.64,33.51,33.55,25822.0
2026-04-09T13:30:00-04:00,33.57,33.605,33.485,33.605,38718.0
2026-04-09T13:35:00-04:00,33.605,33.77,33.605,33.77,40776.0
2026-04-09T13:40:00-04:00,33.78,33.81,33.765,33.81,36083.0
2026-04-09T13:45:00-04:00,33.82,33.955,33.82,33.92,52749.0
2026-04-09T13:50:00-04:00,33.925,33.94,33.88,33.9,29926.0
2026-04-09T13:55:00-04:00,33.89,33.915,33.84,33.84,25887.0
2026-04-09T14:00:00-04:00,33.84,33.88,33.6202,33.67,65745.0
2026-04-09T14:05:00-04:00,33.69,33.78,33.64,33.71,39903.0
2026-04-09T14:10:00-04:00,33.71,33.72,33.5504,33.58,35366.0
2026-04-09T14:15:00-04:00,33.595,33.65,33.55,33.605,28699.0
2026-04-09T14:20:00-04:00,33.6,33.6191,33.55,33.595,23961.0
2026-04-09T14:25:00-04:00,33.61,33.6201,33.5251,33.57,26845.0
2026-04-09T14:30:00-04:00,33.55,33.57,33.48,33.53,43118.0
2026-04-09T14:35:00-04:00,33.54,33.655,33.53,33.59,70377.0
2026-04-09T14:40:00-04:00,33.6,33.66,33.53,33.57,31935.0
2026-04-09T14:45:00-04:00,33.585,33.65,33.56,33.615,25396.0
2026-04-09T14:50:00-04:00,33.61,33.64,33.55,33.64,33509.0
2026-04-09T14:55:00-04:00,33.65,33.65,33.54,33.61,41881.0
2026-04-09T15:00:00-04:00,33.6,33.735,33.57,33.7,26852.0
2026-04-09T15:05:00-04:00,33.68,33.75,33.65,33.72,28626.0
2026-04-09T15:10:00-04:00,33.74,33.765,33.69,33.695,41743.0
2026-04-09T15:15:00-04:00,33.7,33.73,33.61,33.62,34255.0
2026-04-09T15:20:00-04:00,33.625,33.725,33.61,33.655,37807.0
2026-04-09T15:25:00-04:00,33.65,33.67,33.58,33.5999,40733.0
2026-04-09T15:30:00-04:00,33.595,33.63,33.56,33.6,47321.0
2026-04-09T15:35:00-04:00,33.61,33.71,33.545,33.55,63881.0
2026-04-09T15:40:00-04:00,33.555,33.6,33.52,33.565,60291.0
2026-04-09T15:45:00-04:00,33.56,33.575,33.49,33.5,65499.0
2026-04-09T15:50:00-04:00,33.5,33.5899,33.49,33.5799,112894.0
2026-04-09T15:55:00-04:00,33.575,33.575,33.4,33.42,302898.0
2026-04-10T09:30:00-04:00,33.7,34.4,33.66,34.021,162597.0
2026-04-10T09:35:00-04:00,34.02,34.47,33.91,34.23,77868.0
2026-04-10T09:40:00-04:00,34.26,34.28,34.07,34.096001,59802.0
2026-04-10T09:45:00-04:00,34.11,34.1399,33.88,34.040001,71158.0
2026-04-10T09:50:00-04:00,34.035999,34.38,34.035999,34.355,47872.0
2026-04-10T09:55:00-04:00,34.36,34.41,34.24,34.386,55513.0
2026-04-10T10:00:00-04:00,34.38,34.43,34.32,34.38,62117.0
2026-04-10T10:05:00-04:00,34.395,34.395,34.28,34.29,43289.0
2026-04-10T10:10:00-04:00,34.29,34.3,34.099998,34.3,37158.0
2026-04-10T10:15:00-04:00,34.3,34.465,34.3,34.46,46606.0
2026-04-10T10:20:00-04:00,34.47,34.51,34.2949,34.365,30458.0
2026-04-10T10:25:00-04:00,34.3655,34.4499,34.29,34.43,57071.0
2026-04-10T10:30:00-04:00,34.4,34.425,34.285,34.3199,32623.0
2026-04-10T10:35:00-04:00,34.32,34.32,34.13,34.135,31496.0
2026-04-10T10:40:00-04:00,34.12,34.22,34.02,34.02,51643.0
2026-04-10T10:45:00-04:00,34.029999,34.15,33.91,33.92,32555.0
2026-04-10T10:50:00-04:00,33.935,34.060001,33.91,33.96,30774.0
2026-04-10T10:55:00-04:00,33.96,34.080002,33.91,33.95,22156.0
2026-04-10T11:00:00-04:00,33.925,33.99,33.86,33.86,24481.0
2026-04-10T11:05:00-04:00,33.86,34.07,33.8001,34.060001,44352.0
2026-04-10T11:10:00-04:00,34.040001,34.105,34.0,34.090099,40990.0
2026-04-10T11:15:00-04:00,34.099998,34.125,34.040001,34.07,50106.0
2026-04-10T11:20:00-04:00,34.07,34.13,34.035,34.13,25196.0
2026-04-10T11:25:00-04:00,34.11,34.13,33.995,34.029999,49591.0
2026-04-10T11:30:00-04:00,34.040001,34.080002,33.9702,34.07,38472.0
2026-04-10T11:35:00-04:00,34.07,34.07,33.9,33.93,50959.0
2026-04-10T11:40:00-04:00,33.93,33.97,33.845,33.87,34025.0
2026-04-10T11:45:00-04:00,33.88,34.0099983,33.81,33.995,58882.0
2026-04-10T11:50:00-04:00,34.0,34.029999,33.94,34.02,31415.0
2026-04-10T11:55:00-04:00,34.0099983,34.0191,33.905,33.94,27330.0
2026-04-10T12:00:00-04:00,33.95,33.9599,33.78,33.8571,34698.0
2026-04-10T12:05:00-04:00,33.835,33.86,33.585,33.605,52066.0
2026-04-10T12:10:00-04:00,33.625,33.74,33.62,33.73,26820.0
2026-04-10T12:15:00-04:00,33.71,33.72,33.59,33.67,41371.0
2026-04-10T12:20:00-04:00,33.67,33.67,33.54,33.61,34891.0
2026-04-10T12:25:00-04:00,33.585,33.61,33.5501,33.59,30404.0
2026-04-10T12:30:00-04:00,33.53,33.585,33.475,33.52,34107.0
2026-04-10T12:35:00-04:00,33.52,33.605,33.51,33.5499,27492.0
2026-04-10T12:40:00-04:00,33.55,33.64,33.51,33.54,29403.0
2026-04-10T12:45:00-04:00,33.5406,33.6,33.525,33.59,27451.0
2026-04-10T12:50:00-04:00,33.6,33.675,33.56,33.675,28749.0
2026-04-10T12:55:00-04:00,33.68,33.71,33.63,33.7,43490.0
2026-04-10T13:00:00-04:00,33.7,33.7,33.63,33.63,27162.0
2026-04-10T13:05:00-04:00,33.62,33.665,33.58,33.61,22264.0
2026-04-10T13:10:00-04:00,33.615,33.63,33.59,33.605,25023.0
2026-04-10T13:15:00-04:00,33.605,33.625,33.55,33.55,26570.0
2026-04-10T13:20:00-04:00,33.53,33.55,33.505,33.52,34338.0
2026-04-10T13:25:00-04:00,33.515,33.54,33.49,33.505,27054.0
2026-04-10T13:30:00-04:00,33.5,33.57,33.45,33.505,31562.0
2026-04-10T13:35:00-04:00,33.51,33.54,33.465,33.49,28695.0
2026-04-10T13:40:00-04:00,33.485,33.49,33.44,33.45,31022.0
2026-04-10T13:45:00-04:00,33.45,33.45,33.265,33.27,86720.0
2026-04-10T13:50:00-04:00,33.265,33.36,33.265,33.3,51896.0
2026-04-10T13:55:00-04:00,33.3001,33.32,33.245,33.255,55126.0
2026-04-10T14:00:00-04:00,33.2599,33.265,33.16,33.16,32776.0
2026-04-10T14:05:00-04:00,33.165,33.2,33.13,33.19,37661.0
2026-04-10T14:10:00-04:00,33.185,33.24,33.17,33.17,43265.0
2026-04-10T14:15:00-04:00,33.17,33.205,33.15,33.2,37084.0
2026-04-10T14:20:00-04:00,33.1901,33.22,33.14,33.14,39616.0
2026-04-10T14:25:00-04:00,33.12,33.14,33.080002,33.080002,53806.0
2026-04-10T14:30:00-04:00,33.09,33.17,33.09,33.1488,38240.0
2026-04-10T14:35:00-04:00,33.145,33.15,33.02,33.035,60223.0
2026-04-10T14:40:00-04:00,33.029999,33.040001,32.925,32.93,53646.0
2026-04-10T14:45:00-04:00,32.92,32.935,32.87,32.89,53638.0
2026-04-10T14:50:00-04:00,32.88,32.93,32.88,32.92,40634.0
2026-04-10T14:55:00-04:00,32.925,32.955,32.91,32.93,43455.0
2026-04-10T15:00:00-04:00,32.935,32.97,32.89,32.95,48547.0
2026-04-10T15:05:00-04:00,32.96,32.97,32.855,32.86,45305.0
2026-04-10T15:10:00-04:00,32.865,32.91,32.83,32.9,57936.0
2026-04-10T15:15:00-04:00,32.91,33.040001,32.905,33.0050011,57647.0
2026-04-10T15:20:00-04:00,33.010101,33.029999,32.965,33.0,57834.0
2026-04-10T15:25:00-04:00,33.014999,33.040001,32.97,33.0050011,56885.0
2026-04-10T15:30:00-04:00,33.0,33.12,32.98,33.105,81327.0
2026-04-10T15:35:00-04:00,33.12,33.12,32.93,32.93,68810.0
2026-04-10T15:40:00-04:00,32.93,32.96,32.885,32.94,95302.0
2026-04-10T15:45:00-04:00,32.94,32.96,32.88,32.895,126210.0
2026-04-10T15:50:00-04:00,32.9,32.9551,32.87,32.94,206880.0
2026-04-10T15:55:00-04:00,32.945,33.14,32.94,33.12,365333.0
2026-04-13T09:30:00-04:00,32.45,32.735,32.4,32.465,114564.0
2026-04-13T09:35:00-04:00,32.471,32.69,32.4576,32.48,24285.0
2026-04-13T09:40:00-04:00,32.51,32.58,32.3017,32.45,30885.0
2026-04-13T09:45:00-04:00,32.41,32.44,32.11,32.29,45790.0
2026-04-13T09:50:00-04:00,32.29,32.35,32.105,32.301,27947.0
2026-04-13T09:55:00-04:00,32.281,32.4099,32.155,32.4099,39345.0
2026-04-13T10:00:00-04:00,32.36,32.39,31.97,32.0149,42130.0
2026-04-13T10:05:00-04:00,32.02,32.02,31.72,31.74,61766.0
2026-04-13T10:10:00-04:00,31.766,31.99,31.766,31.94,38077.0
2026-04-13T10:15:00-04:00,31.92,32.1101,31.85,32.1101,24097.0
2026-04-13T10:20:00-04:00,32.12,32.22,32.040001,32.07,54485.0
2026-04-13T10:25:00-04:00,31.99,31.99,31.81,31.97,26701.0
2026-04-13T10:30:00-04:00,31.96,32.049999,31.903,32.049999,24923.0
2026-04-13T10:35:00-04:00,32.060001,32.22,32.055,32.19,24133.0
2026-04-13T10:40:00-04:00,32.1901,32.37,32.16,32.33,32342.0
2026-04-13T10:45:00-04:00,32.33,32.35,32.12,32.12,24436.0
2026-04-13T10:50:00-04:00,32.11,32.11,31.92,31.92,41886.0
2026-04-13T10:55:00-04:00,31.941,31.941,31.83,31.89,34793.0
2026-04-13T11:00:00-04:00,31.89,31.995,31.78,31.84,77933.0
2026-04-13T11:05:00-04:00,31.84,31.88,31.71,31.825,36747.0
2026-04-13T11:10:00-04:00,31.81,31.98,31.7601,31.91,23023.0
2026-04-13T11:15:00-04:00,31.93,31.94,31.75,31.75,21425.0
2026-04-13T11:20:00-04:00,31.7505,31.822,31.72,31.796,30868.0
2026-04-13T11:25:00-04:00,31.805,31.94,31.805,31.86,15521.0
2026-04-13T11:30:00-04:00,31.86,31.98,31.86,31.93,14938.0
2026-04-13T11:35:00-04:00,31.96,32.02,31.93,32.0,26572.0
2026-04-13T11:40:00-04:00,31.99,32.02,31.96,31.985,18147.0
2026-04-13T11:45:00-04:00,31.96,32.0,31.9401,31.98,14088.0
2026-04-13T11:50:00-04:00,32.0099983,32.115,32.0099983,32.080002,13914.0
2026-04-13T11:55:00-04:00,32.064999,32.17,32.064999,32.17,8490.0
2026-04-13T12:00:00-04:00,32.16,32.18,32.049999,32.09,10435.0
2026-04-13T12:05:00-04:00,32.09,32.2499,32.049999,32.245,21747.0
2026-04-13T12:10:00-04:00,32.25,32.2707,32.16,32.16,21691.0
2026-04-13T12:15:00-04:00,32.15,32.17,32.13,32.15,12927.0
2026-04-13T12:20:00-04:00,32.15,32.235,32.13,32.22,22272.0
2026-04-13T12:25:00-04:00,32.225,32.31,32.22,32.31,14327.0
2026-04-13T12:30:00-04:00,32.29,32.4399,32.29,32.425,19706.0
2026-04-13T12:35:00-04:00,32.42,32.5,32.42,32.498,18826.0
2026-04-13T12:40:00-04:00,32.48,32.5,32.39,32.46,17823.0
2026-04-13T12:45:00-04:00,32.46,32.51,32.44,32.46,21532.0
2026-04-13T12:50:00-04:00,32.49,32.53,32.4353,32.47,16301.0
2026-04-13T12:55:00-04:00,32.46,32.53,32.4469,32.53,7482.0
2026-04-13T13:00:00-04:00,32.55,32.57,32.48,32.49,15597.0
2026-04-13T13:05:00-04:00,32.48,32.495,32.355,32.38,22185.0
2026-04-13T13:10:00-04:00,32.39,32.4,32.35,32.375,17522.0
2026-04-13T13:15:00-04:00,32.35,32.385,32.32,32.34,20868.0
2026-04-13T13:20:00-04:00,32.33,32.385,32.295,32.315,35764.0
2026-04-13T13:25:00-04:00,32.315,32.35,32.29,32.29,22086.0
2026-04-13T13:30:00-04:00,32.29,32.34,32.22,32.23,21770.0
2026-04-13T13:35:00-04:00,32.22,32.241,32.187,32.221,17286.0
2026-04-13T13:40:00-04:00,32.21,32.24,32.15,32.22,19884.0
2026-04-13T13:45:00-04:00,32.21,32.215,32.17,32.19,16730.0
2026-04-13T13:50:00-04:00,32.19,32.205,32.080002,32.099998,38670.0
2026-04-13T13:55:00-04:00,32.09,32.12,32.025002,32.035,15873.0
2026-04-13T14:00:00-04:00,32.040001,32.09,32.029999,32.045,16379.0
2026-04-13T14:05:00-04:00,32.029999,32.07,31.95,31.95,40841.0
2026-04-13T14:10:00-04:00,31.96,31.986,31.93,31.97,45858.0
2026-04-13T14:15:00-04:00,31.965,31.99,31.91,31.94,34989.0
2026-04-13T14:20:00-04:00,31.94,31.95,31.88,31.905,43360.0
2026-04-13T14:25:00-04:00,31.9,31.9,31.82,31.9,29866.0
2026-04-13T14:30:00-04:00,31.91,31.93,31.8,31.93,45506.0
2026-04-13T14:35:00-04:00,31.93,32.040001,31.895,31.945,64006.0
2026-04-13T14:40:00-04:00,31.94,31.98,31.91,31.975,36100.0
2026-04-13T14:45:00-04:00,31.99,32.060001,31.99,32.060001,32337.0
2026-04-13T14:50:00-04:00,32.049999,32.07,31.98,31.98,19395.0
2026-04-13T14:55:00-04:00,31.995,32.0099983,31.9666,31.995,40013.0
2026-04-13T15:00:00-04:00,31.99,32.0099983,31.96,31.965,24057.0
2026-04-13T15:05:00-04:00,31.96,32.02,31.955,32.014999,30990.0
2026-04-13T15:10:00-04:00,32.02,32.075001,31.99,32.07,34802.0
2026-04-13T15:15:00-04:00,32.07,32.099998,32.0099983,32.095001,33451.0
2026-04-13T15:20:00-04:00,32.095001,32.25,32.095001,32.22,34404.0
2026-04-13T15:25:00-04:00,32.21,32.22,32.19,32.21,23164.0
2026-04-13T15:30:00-04:00,32.21,32.22,32.15,32.18,29814.0
2026-04-13T15:35:00-04:00,32.18,32.18,32.040001,32.040001,37933.0
2026-04-13T15:40:00-04:00,32.025002,32.11,32.025002,32.080002,37342.0
2026-04-13T15:45:00-04:00,32.07,32.084999,32.025002,32.07,46222.0
2026-04-13T15:50:00-04:00,32.080002,32.16,32.040001,32.115,80156.0
2026-04-13T15:55:00-04:00,32.11,32.115,32.02,32.055,277636.0
2026-04-14T09:30:00-04:00,32.54,32.59,32.02,32.47,108675.0
2026-04-14T09:35:00-04:00,32.5,32.84,32.38,32.61,77595.0
2026-04-14T09:40:00-04:00,32.63,32.715,32.435,32.69,37875.0
2026-04-14T09:45:00-04:00,32.695,32.78,32.54,32.555,45662.0
2026-04-14T09:50:00-04:00,32.5505,32.63,32.4,32.63,28361.0
2026-04-14T09:55:00-04:00,32.65,32.69,32.58,32.58,22710.0
2026-04-14T10:00:00-04:00,32.56,32.64,32.49,32.49,31075.0
2026-04-14T10:05:00-04:00,32.5,32.57,32.45,32.57,13193.0
2026-04-14T10:10:00-04:00,32.605,32.68,32.55,32.65,21797.0
2026-04-14T10:15:00-04:00,32.66,32.675,32.52,32.54,16862.0
2026-04-14T10:20:00-04:00,32.54,32.54,32.4399,32.4399,20414.0
2026-04-14T10:25:00-04:00,32.44,32.44,32.32,32.36,23477.0
2026-04-14T10:30:00-04:00,32.36,32.38,32.28,32.34,31182.0
2026-04-14T10:35:00-04:00,32.32,32.39,32.2,32.2,28808.0
2026-04-14T10:40:00-04:00,32.18,32.23,32.080002,32.16,48945.0
2026-04-14T10:45:00-04:00,32.12,32.17,32.0099983,32.165,51911.0
2026-04-14T10:50:00-04:00,32.17,32.17,32.07,32.09,15460.0
2026-04-14T10:55:00-04:00,32.11,32.12,31.915,31.96,30104.0
2026-04-14T11:00:00-04:00,31.98,32.035,31.95,31.955,31539.0
2026-04-14T11:05:00-04:00,31.93,32.15,31.89,32.12,41480.0
2026-04-14T11:10:00-04:00,32.12,32.365,32.11,32.31,34310.0
2026-04-14T11:15:00-04:00,32.31,32.415,32.3,32.415,25877.0
2026-04-14T11:20:00-04:00,32.42,32.53,32.38,32.46,54422.0
2026-04-14T11:25:00-04:00,32.47,32.52,32.38,32.515,64627.0
2026-04-14T11:30:00-04:00,32.515,32.585,32.515,32.58,20495.0
2026-04-14T11:35:00-04:00,32.58,32.705,32.58,32.7,26035.0
2026-04-14T11:40:00-04:00,32.695,32.7,32.64,32.67,38133.0
2026-04-14T11:45:00-04:00,32.66,32.665,32.52,32.56,38062.0
2026-04-14T11:50:00-04:00,32.54,32.68,32.54,32.675,23855.0
2026-04-14T11:55:00-04:00,32.675,32.675,32.57,32.58,20705.0
2026-04-14T12:00:00-04:00,32.57,32.615,32.535,32.615,24215.0
2026-04-14T12:05:00-04:00,32.615,32.695,32.61,32.685,29453.0
2026-04-14T12:10:00-04:00,32.69,32.74,32.66,32.6795,31890.0
2026-04-14T12:15:00-04:00,32.675,32.71,32.565,32.58,33499.0
2026-04-14T12:20:00-04:00,32.615,32.65,32.56,32.635,29682.0
2026-04-14T12:25:00-04:00,32.64,32.725,32.635,32.725,16272.0
2026-04-14T12:30:00-04:00,32.725,32.725,32.645,32.68,44259.0
2026-04-14T12:35:00-04:00,32.68,32.68,32.62,32.645,18749.0
2026-04-14T12:40:00-04:00,32.635,32.65,32.615,32.62,17740.0
2026-04-14T12:45:00-04:00,32.63,32.635,32.565,32.625,20909.0
2026-04-14T12:50:00-04:00,32.625,32.65,32.535,32.55,28142.0
2026-04-14T12:55:00-04:00,32.555,32.555,32.52,32.535,30065.0
2026-04-14T13:00:00-04:00,32.545,32.6398,32.53,32.6099,23970.0
2026-04-14T13:05:00-04:00,32.65,32.73,32.65,32.685,26894.0
2026-04-14T13:10:00-04:00,32.69,32.775,32.69,32.77,18350.0
2026-04-14T13:15:00-04:00,32.765,32.82,32.765,32.82,18523.0
2026-04-14T13:20:00-04:00,32.825,32.9,32.8,32.9,25744.0
2026-04-14T13:25:00-04:00,32.9,32.905,32.84,32.84,33920.0
2026-04-14T13:30:00-04:00,32.86,32.87,32.81,32.81,22379.0
2026-04-14T13:35:00-04:00,32.815,32.84,32.75,32.835,20473.0
2026-04-14T13:40:00-04:00,32.83,32.88,32.81,32.83,45463.0
2026-04-14T13:45:00-04:00,32.83,32.83,32.755,32.7595,13468.0
2026-04-14T13:50:00-04:00,32.759,32.759,32.73,32.74,14755.0
2026-04-14T13:55:00-04:00,32.745,32.745,32.685,32.71,20381.0
2026-04-14T14:00:00-04:00,32.71,32.715,32.595,32.69,17406.0
2026-04-14T14:05:00-04:00,32.69,32.745,32.67,32.74,17992.0
2026-04-14T14:10:00-04:00,32.77,32.77,32.72,32.735,13237.0
2026-04-14T14:15:00-04:00,32.715,32.74,32.66,32.67,16533.0
2026-04-14T14:20:00-04:00,32.64,32.64,32.545,32.55,36908.0
2026-04-14T14:25:00-04:00,32.56,32.645,32.56,32.61,19480.0
2026-04-14T14:30:00-04:00,32.61,32.63,32.58,32.595,14195.0
2026-04-14T14:35:00-04:00,32.6,32.635,32.6,32.62,13236.0
2026-04-14T14:40:00-04:00,32.635,32.64,32.511,32.511,17911.0
2026-04-14T14:45:00-04:00,32.505,32.565,32.5,32.54,18243.0
2026-04-14T14:50:00-04:00,32.545,32.59,32.52,32.58,14209.0
2026-04-14T14:55:00-04:00,32.585,32.635,32.57,32.58,33379.0
2026-04-14T15:00:00-04:00,32.58,32.65,32.535,32.64,25235.0
2026-04-14T15:05:00-04:00,32.635,32.7,32.635,32.695,17939.0
2026-04-14T15:10:00-04:00,32.69,32.695,32.57,32.579,23733.0
2026-04-14T15:15:00-04:00,32.58,32.595,32.52,32.57,30406.0
2026-04-14T15:20:00-04:00,32.58,32.625,32.57,32.57,40316.0
2026-04-14T15:25:00-04:00,32.565,32.599,32.52,32.59,33231.0
2026-04-14T15:30:00-04:00,32.585,32.655,32.57,32.605,30546.0
2026-04-14T15:35:00-04:00,32.605,32.645,32.55,32.63,32290.0
2026-04-14T15:40:00-04:00,32.625,32.625,32.575,32.615,38729.0
2026-04-14T15:45:00-04:00,32.61,32.66,32.6,32.655,36762.0
2026-04-14T15:50:00-04:00,32.66,32.715,32.62,32.62,88441.0
2026-04-14T15:55:00-04:00,32.63,32.87,32.625,32.85,299977.0
2026-04-15T09:30:00-04:00,32.755,32.755,31.69,31.725,1681.0
2026-04-15T09:35:00-04:00,31.56,31.98,31.45,31.96,2435.0
2026-04-15T09:40:00-04:00,32.1,32.12,31.93,32.06,1178.0
2026-04-15T09:45:00-04:00,32.075,32.16,31.99,32.13,1072.0
2026-04-15T09:50:00-04:00,32.135,32.33,32.09,32.3,1599.0
2026-04-15T09:55:00-04:00,32.33,32.51,32.26,32.38,1444.0
2026-04-15T10:00:00-04:00,32.37,32.39,32.23,32.3,8833.0
2026-04-15T10:05:00-04:00,32.35,32.4,32.1,32.15,1282.0
2026-04-15T10:10:00-04:00,32.13,32.41,32.13,32.4,12931.0
2026-04-15T10:15:00-04:00,32.4,32.4,32.24,32.24,1777.0
2026-04-15T10:20:00-04:00,32.21,32.22,32.085,32.085,716.0
2026-04-15T10:25:00-04:00,32.085,32.17,32.025,32.15,933.0
2026-04-15T10:30:00-04:00,32.16,32.16,32.05,32.05,1614.0
2026-04-15T10:35:00-04:00,31.92,32.05,31.9,31.97,4543.0
2026-04-15T10:40:00-04:00,31.98,32.13,31.98,32.08,2971.0
2026-04-15T10:45:00-04:00,32.06,32.06,31.87,31.87,4040.0
2026-04-15T10:50:00-04:00,31.91,31.91,31.665,31.72,2019.0
2026-04-15T10:55:00-04:00,31.68,31.79,31.68,31.715,7122.0
2026-04-15T11:00:00-04:00,31.71,31.715,31.6,31.6,1658.0
2026-04-15T11:05:00-04:00,31.615,31.615,31.405,31.59,2139.0
2026-04-15T11:10:00-04:00,31.59,31.69,31.565,31.6,1121.0
2026-04-15T11:15:00-04:00,31.67,31.8,31.67,31.75,982.0
2026-04-15T11:20:00-04:00,31.73,31.735,31.56,31.58,1006.0
2026-04-15T11:25:00-04:00,31.57,31.57,31.4,31.4,1443.0
2026-04-15T11:30:00-04:00,31.39,31.41,31.26,31.33,2424.0
2026-04-15T11:35:00-04:00,31.34,31.52,31.34,31.49,2080.0
2026-04-15T11:40:00-04:00,31.52,31.7,31.52,31.7,641.0
2026-04-15T11:45:00-04:00,31.7,31.72,31.62,31.62,2344.0
2026-04-15T11:50:00-04:00,31.61,31.64,31.55,31.56,2929.0
2026-04-15T11:55:00-04:00,31.575,31.575,31.44,31.44,3068.0
2026-04-15T12:00:00-04:00,31.41,31.48,31.4,31.41,2464.0
2026-04-15T12:05:00-04:00,31.415,31.49,31.41,31.49,3085.0
2026-04-15T12:10:00-04:00,31.51,31.56,31.5,31.54,2765.0
2026-04-15T12:15:00-04:00,31.54,31.545,31.485,31.485,1635.0
2026-04-15T12:20:00-04:00,31.52,31.54,31.47,31.47,2103.0
2026-04-15T12:25:00-04:00,31.46,31.49,31.45,31.46,2651.0
2026-04-15T12:30:00-04:00,31.465,31.5,31.44,31.44,3535.0
2026-04-15T12:35:00-04:00,31.46,31.595,31.46,31.56,3046.0
2026-04-15T12:40:00-04:00,31.56,31.56,31.39,31.4,3737.0
2026-04-15T12:45:00-04:00,31.42,31.44,31.235,31.3,5460.0
2026-04-15T12:50:00-04:00,31.32,31.32,31.19,31.19,4282.0
2026-04-15T12:55:00-04:00,31.2,31.3,31.17,31.3,1845.0
2026-04-15T13:00:00-04:00,31.295,31.46,31.285,31.395,4355.0
2026-04-15T13:05:00-04:00,31.395,31.395,31.33,31.335,3200.0
2026-04-15T13:10:00-04:00,31.335,31.335,31.255,31.255,2853.0
2026-04-15T13:15:00-04:00,31.25,31.29,31.225,31.27,2593.0
2026-04-15T13:20:00-04:00,31.29,31.39,31.28,31.375,4108.0
2026-04-15T13:25:00-04:00,31.39,31.46,31.38,31.42,5021.0
2026-04-15T13:30:00-04:00,31.42,31.44,31.37,31.44,2622.0
2026-04-15T13:35:00-04:00,31.46,31.465,31.39,31.39,2955.0
2026-04-15T13:40:00-04:00,31.38,31.48,31.34,31.36,4351.0
2026-04-15T13:45:00-04:00,31.37,31.37,31.31,31.35,3271.0
2026-04-15T13:50:00-04:00,31.36,31.415,31.36,31.405,2739.0
2026-04-15T13:55:00-04:00,31.4,31.425,31.37,31.37,4358.0
2026-04-15T14:00:00-04:00,31.385,31.48,31.35,31.42,5339.0
2026-04-15T14:05:00-04:00,31.42,31.52,31.42,31.45,3048.0
2026-04-15T14:10:00-04:00,31.42,31.45,31.32,31.435,3350.0
2026-04-15T14:15:00-04:00,31.445,31.46,31.33,31.33,1626.0
2026-04-15T14:20:00-04:00,31.33,31.35,31.28,31.305,3272.0
2026-04-15T14:25:00-04:00,31.3,31.36,31.3,31.32,2506.0
2026-04-15T14:30:00-04:00,31.33,31.38,31.32,31.37,4303.0
2026-04-15T14:35:00-04:00,31.37,31.385,31.345,31.365,2465.0
2026-04-15T14:40:00-04:00,31.35,31.365,31.27,31.335,5088.0
2026-04-15T14:45:00-04:00,31.34,31.375,31.33,31.35,2622.0
2026-04-15T14:50:00-04:00,31.36,31.49,31.36,31.48,8329.0
2026-04-15T14:55:00-04:00,31.46,31.48,31.45,31.455,8306.0
2026-04-15T15:00:00-04:00,31.455,31.455,31.35,31.395,28346.0
2026-04-15T15:05:00-04:00,31.42,31.425,31.265,31.265,3722.0
2026-04-15T15:10:00-04:00,31.27,31.355,31.21,31.21,5389.0
2026-04-15T15:15:00-04:00,31.195,31.26,31.185,31.26,4169.0
2026-04-15T15:20:00-04:00,31.26,31.415,31.25,31.39,5015.0
2026-04-15T15:25:00-04:00,31.395,31.41,31.36,31.41,3828.0
2026-04-15T15:30:00-04:00,31.395,31.4,31.34,31.36,4666.0
2026-04-15T15:35:00-04:00,31.365,31.365,31.295,31.3,4110.0
2026-04-15T15:40:00-04:00,31.285,31.285,31.22,31.245,5492.0
2026-04-15T15:45:00-04:00,31.245,31.325,31.24,31.255,10824.0
2026-04-15T15:50:00-04:00,31.27,31.365,31.26,31.26,7071.0
2026-04-15T15:55:00-04:00,31.245,31.29,31.13,31.14,24077.0
2026-04-16T09:30:00-04:00,31.33,31.8275,31.33,31.8275,116785.0
2026-04-16T09:35:00-04:00,31.7799,31.7799,31.5,31.65,19563.0
2026-04-16T09:40:00-04:00,31.67,31.83,31.52,31.57,50268.0
2026-04-16T09:45:00-04:00,31.57,31.73,31.55,31.61,22222.0
2026-04-16T09:50:00-04:00,31.58,31.67,31.2608,31.2608,35016.0
2026-04-16T09:55:00-04:00,31.25,31.5,31.18,31.5,30026.0
2026-04-16T10:00:00-04:00,31.575,31.59,31.45,31.48,36350.0
2026-04-16T10:05:00-04:00,31.43,31.595,31.42,31.55,11920.0
2026-04-16T10:10:00-04:00,31.585,31.64,31.51,31.63,18125.0
2026-04-16T10:15:00-04:00,31.61,31.68,31.464,31.48,32429.0
2026-04-16T10:20:00-04:00,31.5,31.52,31.44,31.46,12114.0
2026-04-16T10:25:00-04:00,31.44,31.5,31.39,31.42,37360.0
2026-04-16T10:30:00-04:00,31.425,31.425,31.25,31.26,21634.0
2026-04-16T10:35:00-04:00,31.23,31.295,31.18,31.21,18170.0
2026-04-16T10:40:00-04:00,31.19,31.24,31.11,31.23,24446.0
2026-04-16T10:45:00-04:00,31.25,31.4399,31.25,31.325,24350.0
2026-04-16T10:50:00-04:00,31.335,31.43,31.335,31.36,15011.0
2026-04-16T10:55:00-04:00,31.36,31.36,31.24,31.27,8268.0
2026-04-16T11:00:00-04:00,31.26,31.43,31.26,31.4,27981.0
2026-04-16T11:05:00-04:00,31.4,31.43,31.34,31.34,12378.0
2026-04-16T11:10:00-04:00,31.36,31.39,31.2,31.2,14424.0
2026-04-16T11:15:00-04:00,31.2,31.39,31.2,31.295,11845.0
2026-04-16T11:20:00-04:00,31.29,31.35,31.27,31.27,7703.0
2026-04-16T11:25:00-04:00,31.27,31.31,31.2,31.2,10335.0
2026-04-16T11:30:00-04:00,31.18,31.24,31.15,31.16,11357.0
2026-04-16T11:35:00-04:00,31.19,31.32,31.16,31.26,24042.0
2026-04-16T11:40:00-04:00,31.26,31.35,31.23,31.27,21195.0
2026-04-16T11:45:00-04:00,31.26,31.328,31.25,31.305,12635.0
2026-04-16T11:50:00-04:00,31.32,31.449,31.32,31.3601,24332.0
2026-04-16T11:55:00-04:00,31.37,31.37,31.26,31.26,11915.0
2026-04-16T12:00:00-04:00,31.29,31.32,31.25,31.28,11855.0
2026-04-16T12:05:00-04:00,31.2801,31.31,31.25,31.305,19345.0
2026-04-16T12:10:00-04:00,31.3,31.3499,31.3,31.335,9701.0
2026-04-16T12:15:00-04:00,31.315,31.33,31.305,31.31,13400.0
2026-04-16T12:20:00-04:00,31.3,31.31,31.19,31.2,10123.0
2026-04-16T12:25:00-04:00,31.205,31.215,31.15,31.18,16373.0
2026-04-16T12:30:00-04:00,31.18,31.225,31.049999,31.14,44965.0
2026-04-16T12:35:00-04:00,31.12,31.2,31.094999,31.2,25878.0
2026-04-16T12:40:00-04:00,31.2,31.23,31.17,31.195,27462.0
2026-04-16T12:45:00-04:00,31.17,31.225,31.17,31.19,12943.0
2026-04-16T12:50:00-04:00,31.18,31.27,31.175,31.175,19705.0
2026-04-16T12:55:00-04:00,31.175,31.285,31.17,31.27,12694.0
2026-04-16T13:00:00-04:00,31.285,31.295,31.23,31.235,16203.0
2026-04-16T13:05:00-04:00,31.23,31.24,31.16,31.24,12753.0
2026-04-16T13:10:00-04:00,31.235,31.24,31.19,31.19,11395.0
2026-04-16T13:15:00-04:00,31.18,31.21,31.16,31.2,11717.0
2026-04-16T13:20:00-04:00,31.25,31.405,31.22,31.4,30179.0
2026-04-16T13:25:00-04:00,31.4,31.41,31.31,31.31,13475.0
2026-04-16T13:30:00-04:00,31.33,31.3699,31.33,31.335,15223.0
2026-04-16T13:35:00-04:00,31.315,31.315,31.24,31.241,12670.0
2026-04-16T13:40:00-04:00,31.26,31.3,31.23,31.29,12696.0
2026-04-16T13:45:00-04:00,31.28,31.305,31.265,31.265,11641.0
2026-04-16T13:50:00-04:00,31.275,31.28,31.225,31.26,14480.0
2026-04-16T13:55:00-04:00,31.25,31.26,31.21,31.24,15962.0
2026-04-16T14:00:00-04:00,31.25,31.35,31.22,31.315,23893.0
2026-04-16T14:05:00-04:00,31.32,31.395,31.32,31.33,15727.0
2026-04-16T14:10:00-04:00,31.335,31.375,31.33,31.355,8845.0
2026-04-16T14:15:00-04:00,31.35,31.39,31.34,31.36,9594.0
2026-04-16T14:20:00-04:00,31.35,31.39,31.27,31.27,15471.0
2026-04-16T14:25:00-04:00,31.28,31.295,31.24,31.245,17666.0
2026-04-16T14:30:00-04:00,31.25,31.3,31.25,31.285,10900.0
2026-04-16T14:35:00-04:00,31.29,31.315,31.28,31.28,9918.0
2026-04-16T14:40:00-04:00,31.3,31.32,31.28,31.3,9425.0
2026-04-16T14:45:00-04:00,31.31,31.315,31.24,31.24,12918.0
2026-04-16T14:50:00-04:00,31.26,31.26,31.2,31.2,15509.0
2026-04-16T14:55:00-04:00,31.18,31.195,31.065001,31.13,27113.0
2026-04-16T15:00:00-04:00,31.14,31.27,31.125,31.23,18322.0
2026-04-16T15:05:00-04:00,31.24,31.315,31.24,31.315,17790.0
2026-04-16T15:10:00-04:00,31.32,31.32,31.2513,31.26,17647.0
2026-04-16T15:15:00-04:00,31.26,31.3,31.235,31.295,12500.0
2026-04-16T15:20:00-04:00,31.315,31.32,31.27,31.27,17000.0
2026-04-16T15:25:00-04:00,31.27,31.27,31.235,31.24,15292.0
2026-04-16T15:30:00-04:00,31.25,31.2699,31.18,31.185,22039.0
2026-04-16T15:35:00-04:00,31.195,31.195,31.14,31.145,22441.0
2026-04-16T15:40:00-04:00,31.15,31.24,31.1466,31.19,28894.0
2026-04-16T15:45:00-04:00,31.185,31.255,31.18,31.245,24491.0
2026-04-16T15:50:00-04:00,31.24,31.3,31.17,31.19,68666.0
2026-04-16T15:55:00-04:00,31.185,31.235,31.065001,31.15,166097.0
2026-04-17T09:30:00-04:00,31.82,32.41,31.82,32.21,138834.0
2026-04-17T09:35:00-04:00,32.18,32.28,31.77,31.95,65551.0
2026-04-17T09:40:00-04:00,31.9,32.205,31.82,32.014999,69585.0
2026-04-17T09:45:00-04:00,31.97,32.14,31.8,32.080002,41551.0
2026-04-17T09:50:00-04:00,32.060001,32.39,32.035,32.35,25844.0
2026-04-17T09:55:00-04:00,32.37,32.41,32.22,32.34,36096.0
2026-04-17T10:00:00-04:00,32.34,32.445,32.26,32.29,42692.0
2026-04-17T10:05:00-04:00,32.3,32.32,32.155,32.245,43523.0
2026-04-17T10:10:00-04:00,32.22,32.28,32.1094,32.1094,21473.0
2026-04-17T10:15:00-04:00,32.11,32.2704,32.09,32.2704,28205.0
2026-04-17T10:20:00-04:00,32.27,32.355,32.205,32.335,42634.0
2026-04-17T10:25:00-04:00,32.36,32.4,32.29,32.32,36905.0
2026-04-17T10:30:00-04:00,32.3,32.37,32.255,32.37,26838.0
2026-04-17T10:35:00-04:00,32.37,32.41,32.28,32.34,38564.0
2026-04-17T10:40:00-04:00,32.32,32.36,32.26,32.34,31451.0
2026-04-17T10:45:00-04:00,32.331,32.37,32.25,32.355,22544.0
2026-04-17T10:50:00-04:00,32.335,32.335,32.17,32.21,54013.0
2026-04-17T10:55:00-04:00,32.205,32.21,32.09,32.11,14144.0
2026-04-17T11:00:00-04:00,32.099998,32.13,31.96,32.02,32144.0
2026-04-17T11:05:00-04:00,32.02,32.19,32.02,32.19,20204.0
2026-04-17T11:10:00-04:00,32.18,32.18,32.12,32.12,15991.0
2026-04-17T11:15:00-04:00,32.17,32.255,32.049999,32.080002,23010.0
2026-04-17T11:20:00-04:00,32.040001,32.07,31.98,31.99,32811.0
2026-04-17T11:25:00-04:00,31.9804,32.02,31.94,32.0,20134.0
2026-04-17T11:30:00-04:00,31.995,32.19,31.9601,32.19,16282.0
2026-04-17T11:35:00-04:00,32.18,32.22,32.105,32.12,18737.0
2026-04-17T11:40:00-04:00,32.14,32.14,31.98,31.995,15364.0
2026-04-17T11:45:00-04:00,31.995,32.13,31.995,32.13,21893.0
2026-04-17T11:50:00-04:00,32.16,32.29,32.16,32.27,16476.0
2026-04-17T11:55:00-04:00,32.26,32.325,32.24,32.31,18960.0
2026-04-17T12:00:00-04:00,32.3,32.3,32.275,32.28,17314.0
2026-04-17T12:05:00-04:00,32.3,32.3,32.24,32.26,11595.0
2026-04-17T12:10:00-04:00,32.26,32.275,32.225,32.23,19430.0
2026-04-17T12:15:00-04:00,32.24,32.26,32.195,32.235,25832.0
2026-04-17T12:20:00-04:00,32.28,32.35,32.255,32.315,23978.0
2026-04-17T12:25:00-04:00,32.3299,32.34,32.27,32.29,38207.0
2026-04-17T12:30:00-04:00,32.275,32.32,32.1901,32.1901,22321.0
2026-04-17T12:35:00-04:00,32.195,32.21,32.145,32.19,21855.0
2026-04-17T12:40:00-04:00,32.185,32.185,32.11,32.12,17822.0
2026-04-17T12:45:00-04:00,32.12,32.15,32.07,32.13,16543.0
2026-04-17T12:50:00-04:00,32.15,32.15,32.12,32.12,15844.0
2026-04-17T12:55:00-04:00,32.12,32.13,32.080002,32.09,13708.0
2026-04-17T13:00:00-04:00,32.099998,32.099998,32.02,32.064999,14771.0
2026-04-17T13:05:00-04:00,32.07,32.075001,31.915,31.94,32823.0
2026-04-17T13:10:00-04:00,31.95,31.95,31.8652,31.91,18020.0
2026-04-17T13:15:00-04:00,31.91,31.94,31.88,31.92,12226.0
2026-04-17T13:20:00-04:00,31.9,31.97,31.77,31.8,37488.0
2026-04-17T13:25:00-04:00,31.8,31.86,31.73,31.79,18506.0
2026-04-17T13:30:00-04:00,31.8,31.86,31.71,31.74,19979.0
2026-04-17T13:35:00-04:00,31.77,31.845,31.74,31.77,21277.0
2026-04-17T13:40:00-04:00,31.78,31.8,31.705,31.705,15286.0
2026-04-17T13:45:00-04:00,31.7302,31.76,31.71,31.755,22277.0
2026-04-17T13:50:00-04:00,31.75,31.8,31.75,31.775,17143.0
2026-04-17T13:55:00-04:00,31.78,31.82,31.77,31.79,11855.0
2026-04-17T14:00:00-04:00,31.8,31.8,31.715,31.73,24372.0
2026-04-17T14:05:00-04:00,31.73,31.79,31.72,31.77,12540.0
2026-04-17T14:10:00-04:00,31.78,31.835,31.78,31.79,15864.0
2026-04-17T14:15:00-04:00,31.8,31.84,31.78,31.81,14919.0
2026-04-17T14:20:00-04:00,31.815,31.9,31.8,31.865,32936.0
2026-04-17T14:25:00-04:00,31.86,31.965,31.85,31.88,19001.0
2026-04-17T14:30:00-04:00,31.875,31.94,31.835,31.89,22214.0
2026-04-17T14:35:00-04:00,31.9,31.9,31.8175,31.8175,23213.0
2026-04-17T14:40:00-04:00,31.81,31.815,31.73,31.765,17536.0
2026-04-17T14:45:00-04:00,31.775,31.78,31.74,31.76,16067.0
2026-04-17T14:50:00-04:00,31.75,31.785,31.7,31.74,24072.0
2026-04-17T14:55:00-04:00,31.715,31.79,31.71,31.7799,15771.0
2026-04-17T15:00:00-04:00,31.775,31.82,31.74,31.79,20287.0
2026-04-17T15:05:00-04:00,31.79,31.85,31.755,31.77,21073.0
2026-04-17T15:10:00-04:00,31.77,31.77,31.685,31.72,21190.0
2026-04-17T15:15:00-04:00,31.72,31.735,31.7,31.725,16858.0
2026-04-17T15:20:00-04:00,31.73,31.75,31.655,31.69,25855.0
2026-04-17T15:25:00-04:00,31.7,31.715,31.6845,31.7,22160.0
2026-04-17T15:30:00-04:00,31.72,31.8,31.72,31.79,32724.0
2026-04-17T15:35:00-04:00,31.78,31.795,31.71,31.74,37402.0
2026-04-17T15:40:00-04:00,31.73,31.81,31.73,31.79,30475.0
2026-04-17T15:45:00-04:00,31.79,31.805,31.76,31.775,29513.0
2026-04-17T15:50:00-04:00,31.79,31.83,31.77,31.78,82177.0
2026-04-17T15:55:00-04:00,31.79,31.84,31.72,31.75,211402.0
2026-04-20T09:30:00-04:00,31.5,31.5,30.85,31.0,110858.0
2026-04-20T09:35:00-04:00,31.00099945,31.57,31.00099945,31.535,48828.0
2026-04-20T09:40:00-04:00,31.54,31.59,31.32,31.45,28195.0
2026-04-20T09:45:00-04:00,31.46,31.64,31.445,31.5,38265.0
2026-04-20T09:50:00-04:00,31.51,31.59,31.413,31.56,31454.0
2026-04-20T09:55:00-04:00,31.55,31.741,31.51,31.72,32471.0
2026-04-20T10:00:00-04:00,31.68,31.7,31.431,31.53,51962.0
2026-04-20T10:05:00-04:00,31.65,31.695,31.51,31.51,17372.0
2026-04-20T10:10:00-04:00,31.51,31.66,31.46,31.66,21861.0
2026-04-20T10:15:00-04:00,31.65,31.79,31.63,31.77,25306.0
2026-04-20T10:20:00-04:00,31.76,31.78,31.63,31.73,20404.0
2026-04-20T10:25:00-04:00,31.74,31.86,31.705,31.86,33175.0
2026-04-20T10:30:00-04:00,31.87,31.96,31.85,31.88,19316.0
2026-04-20T10:35:00-04:00,31.89,31.9,31.82,31.85,17860.0
2026-04-20T10:40:00-04:00,31.835,32.080002,31.78,32.061001,32746.0
2026-04-20T10:45:00-04:00,32.07,32.09,31.85,31.92,26443.0
2026-04-20T10:50:00-04:00,31.92,32.02,31.76,31.98,84872.0
2026-04-20T10:55:00-04:00,31.97,32.025002,31.84,31.89,31969.0
2026-04-20T11:00:00-04:00,31.9,31.97,31.655,31.7,55657.0
2026-04-20T11:05:00-04:00,31.72,31.83,31.64,31.75,38504.0
2026-04-20T11:10:00-04:00,31.77,31.85,31.685,31.81,18875.0
2026-04-20T11:15:00-04:00,31.82,31.93,31.77,31.86,26149.0
2026-04-20T11:20:00-04:00,31.772,31.88,31.74,31.8199,36588.0
2026-04-20T11:25:00-04:00,31.75,31.878,31.745,31.85,23587.0
2026-04-20T11:30:00-04:00,31.84,31.9,31.81,31.815,16934.0
2026-04-20T11:35:00-04:00,31.83,31.87,31.79,31.83,20076.0
2026-04-20T11:40:00-04:00,31.84,31.9,31.79,31.79,19602.0
2026-04-20T11:45:00-04:00,31.79,31.87,31.76,31.8501,27599.0
2026-04-20T11:50:00-04:00,31.855,31.9,31.81,31.9,29375.0
2026-04-20T11:55:00-04:00,31.91,32.0,31.91,31.96,5643.0
2026-04-20T12:00:00-04:00,31.95,31.95,31.805,31.83,29315.0
2026-04-20T12:05:00-04:00,31.825,31.95,31.825,31.95,12780.0
2026-04-20T12:10:00-04:00,31.96,31.965,31.91,31.915,7464.0
2026-04-20T12:15:00-04:00,31.93,31.9682,31.88,31.96,20477.0
2026-04-20T12:20:00-04:00,31.99,32.049999,31.95,31.95,9686.0
2026-04-20T12:25:00-04:00,31.96,32.011002,31.9535,31.98,9411.0
2026-04-20T12:30:00-04:00,32.0,32.029999,31.98,31.9999,9662.0
2026-04-20T12:35:00-04:00,31.97,31.97,31.89,31.94,7983.0
2026-04-20T12:40:00-04:00,31.91,32.029999,31.91,31.99,29145.0
2026-04-20T12:45:00-04:00,32.0099983,32.0099983,31.985,32.0,25976.0
2026-04-20T12:50:00-04:00,32.0099983,32.0099983,31.94,31.94,9744.0
2026-04-20T12:55:00-04:00,31.94,31.95,31.91,31.95,6449.0
2026-04-20T13:00:00-04:00,31.96,32.0,31.925,31.961,15278.0
2026-04-20T13:05:00-04:00,31.95,31.97,31.91,31.93,9029.0
2026-04-20T13:10:00-04:00,31.92,31.92,31.89,31.9,6937.0
2026-04-20T13:15:00-04:00,31.89,31.92,31.87,31.91,5780.0
2026-04-20T13:20:00-04:00,31.901,31.92,31.86,31.9,7305.0
2026-04-20T13:25:00-04:00,31.895,31.895,31.84,31.89,10082.0
2026-04-20T13:30:00-04:00,31.9,31.91,31.88,31.9,7764.0
2026-04-20T13:35:00-04:00,31.875,32.0,31.875,31.97,16635.0
2026-04-20T13:40:00-04:00,31.955,31.99,31.91,31.93,13937.0
2026-04-20T13:45:00-04:00,31.93,31.93,31.91,31.915,7047.0
2026-04-20T13:50:00-04:00,31.92,31.94,31.9001,31.93,9434.0
2026-04-20T13:55:00-04:00,31.925,31.925,31.88,31.92,8808.0
2026-04-20T14:00:00-04:00,31.94,31.95,31.915,31.95,13738.0
2026-04-20T14:05:00-04:00,31.96,32.0499,31.96,32.0499,13000.0
2026-04-20T14:10:00-04:00,32.049999,32.060001,31.95,31.96,53332.0
2026-04-20T14:15:00-04:00,31.9501,31.96,31.852,31.86,31866.0
2026-04-20T14:20:00-04:00,31.86,32.0099983,31.86,31.92,24209.0
2026-04-20T14:25:00-04:00,31.92,31.92,31.86,31.8999,22711.0
2026-04-20T14:30:00-04:00,31.9,31.94,31.875,31.91,22048.0
2026-04-20T14:35:00-04:00,31.92,31.94,31.87,31.885,16563.0
2026-04-20T14:40:00-04:00,31.88,31.995,31.88,31.995,10198.0
2026-04-20T14:45:00-04:00,31.99,32.02,31.98,31.99,17577.0
2026-04-20T14:50:00-04:00,31.99,32.0050011,31.91,31.91,11042.0
2026-04-20T14:55:00-04:00,31.905,31.95,31.905,31.95,14310.0
2026-04-20T15:00:00-04:00,31.93,31.96,31.88,31.88,14244.0
2026-04-20T15:05:00-04:00,31.88,31.91,31.85,31.885,18877.0
2026-04-20T15:10:00-04:00,31.87,31.93,31.8501,31.92,13159.0
2026-04-20T15:15:00-04:00,31.905,31.95,31.895,31.93,16358.0
2026-04-20T15:20:00-04:00,31.925,31.925,31.9,31.9,11059.0
2026-04-20T15:25:00-04:00,31.91,31.925,31.88,31.9,14512.0
2026-04-20T15:30:00-04:00,31.89,31.91,31.8401,31.87,22058.0
2026-04-20T15:35:00-04:00,31.87,31.93,31.835,31.89,22541.0
2026-04-20T15:40:00-04:00,31.89,31.91,31.85,31.905,30391.0
2026-04-20T15:45:00-04:00,31.9,31.94,31.89,31.94,23132.0
2026-04-20T15:50:00-04:00,31.94,31.98,31.891,31.96,52151.0
2026-04-20T15:55:00-04:00,31.95,31.96,31.89,31.93,118448.0
2026-04-21T09:30:00-04:00,31.55,31.635,31.27,31.3339,89881.0
2026-04-21T09:35:00-04:00,31.35,31.46,31.02,31.445,60319.0
2026-04-21T09:40:00-04:00,31.45,31.7,31.45,31.59,31880.0
2026-04-21T09:45:00-04:00,31.61,31.73,31.51,31.6,39968.0
2026-04-21T09:50:00-04:00,31.58,31.675,31.55,31.59,18317.0
2026-04-21T09:55:00-04:00,31.58,31.58,31.34,31.43,34907.0
2026-04-21T10:00:00-04:00,31.42,31.53,31.28,31.52,54945.0
2026-04-21T10:05:00-04:00,31.54,31.59,31.45,31.54,13692.0
2026-04-21T10:10:00-04:00,31.54,31.54,31.375,31.51,28777.0
2026-04-21T10:15:00-04:00,31.48,31.505,31.4,31.47,21823.0
2026-04-21T10:20:00-04:00,31.45,31.45,31.2351,31.2351,38617.0
2026-04-21T10:25:00-04:00,31.23,31.26,31.18,31.26,19230.0
2026-04-21T10:30:00-04:00,31.25,31.29,31.09,31.16,34056.0
2026-04-21T10:35:00-04:00,31.17,31.18,30.9801,31.025,31227.0
2026-04-21T10:40:00-04:00,31.040001,31.11,30.8601,30.87,45962.0
2026-04-21T10:45:00-04:00,30.861,30.89,30.57,30.6242,104726.0
2026-04-21T10:50:00-04:00,30.62,30.67,30.5,30.61,56884.0
2026-04-21T10:55:00-04:00,30.55,30.71,30.45,30.47,40467.0
2026-04-21T11:00:00-04:00,30.52,30.52,30.33,30.44,42250.0
2026-04-21T11:05:00-04:00,30.3,30.47,30.28,30.47,31770.0
2026-04-21T11:10:00-04:00,30.46,30.62,30.46,30.52,13461.0
2026-04-21T11:15:00-04:00,30.525,30.655,30.505,30.655,24480.0
2026-04-21T11:20:00-04:00,30.66,30.71,30.58,30.59,26736.0
2026-04-21T11:25:00-04:00,30.5594,30.6,30.5,30.5699,13566.0
2026-04-21T11:30:00-04:00,30.55,30.58,30.465,30.505,15631.0
2026-04-21T11:35:00-04:00,30.48,30.64,30.46,30.63,13412.0
2026-04-21T11:40:00-04:00,30.63,30.63,30.53,30.57,18455.0
2026-04-21T11:45:00-04:00,30.56,30.64,30.49,30.56,34040.0
2026-04-21T11:50:00-04:00,30.545,30.545,30.395,30.395,9977.0
2026-04-21T11:55:00-04:00,30.38,30.38,30.285,30.36,35340.0
2026-04-21T12:00:00-04:00,30.43,30.4601,30.3122,30.35,18296.0
2026-04-21T12:05:00-04:00,30.34,30.35,30.23,30.2652,11674.0
2026-04-21T12:10:00-04:00,30.2686,30.295,30.235,30.28,12855.0
2026-04-21T12:15:00-04:00,30.265,30.35,30.245,30.33,13198.0
2026-04-21T12:20:00-04:00,30.28,30.29,30.225,30.255,13051.0
2026-04-21T12:25:00-04:00,30.26,30.26,30.195,30.21,10048.0
2026-04-21T12:30:00-04:00,30.27,30.3,30.21,30.21,6733.0
2026-04-21T12:35:00-04:00,30.23,30.245,30.16,30.185,9885.0
2026-04-21T12:40:00-04:00,30.195,30.28,30.18,30.265,9506.0
2026-04-21T12:45:00-04:00,30.3399,30.495,30.33,30.445,27058.0
2026-04-21T12:50:00-04:00,30.44,30.44,30.32,30.33,29444.0
2026-04-21T12:55:00-04:00,30.31,30.34,30.31,30.3201,10066.0
2026-04-21T13:00:00-04:00,30.3201,30.44,30.31,30.31,24619.0
2026-04-21T13:05:00-04:00,30.3,30.3002,30.2,30.22,35376.0
2026-04-21T13:10:00-04:00,30.2,30.21,30.040001,30.12,43265.0
2026-04-21T13:15:00-04:00,30.135,30.19,30.105,30.12,11769.0
2026-04-21T13:20:00-04:00,30.12,30.19,30.11,30.16,16421.0
2026-04-21T13:25:00-04:00,30.17,30.2,30.13,30.18,14498.0
2026-04-21T13:30:00-04:00,30.19,30.3,30.19,30.3,11316.0
2026-04-21T13:35:00-04:00,30.32,30.49,30.3,30.47,34383.0
2026-04-21T13:40:00-04:00,30.51,30.66,30.47,30.61,19176.0
2026-04-21T13:45:00-04:00,30.59,30.59,30.5,30.505,23976.0
2026-04-21T13:50:00-04:00,30.505,30.57,30.49,30.49,35082.0
2026-04-21T13:55:00-04:00,30.5,30.59,30.475,30.5,21421.0
2026-04-21T14:00:00-04:00,30.508,30.6,30.495,30.5,16519.0
2026-04-21T14:05:00-04:00,30.5,30.56,30.49,30.49,10419.0
2026-04-21T14:10:00-04:00,30.45,30.52,30.41,30.515,8128.0
2026-04-21T14:15:00-04:00,30.5299,30.55,30.39,30.395,37531.0
2026-04-21T14:20:00-04:00,30.4,30.4,30.35,30.3899,8513.0
2026-04-21T14:25:00-04:00,30.4,30.42,30.36,30.42,7501.0
2026-04-21T14:30:00-04:00,30.475,30.48,30.44,30.47,10863.0
2026-04-21T14:35:00-04:00,30.46,30.5375,30.45,30.45,6867.0
2026-04-21T14:40:00-04:00,30.44,30.5,30.42,30.47,16329.0
2026-04-21T14:45:00-04:00,30.46,30.54,30.46,30.54,6578.0
2026-04-21T14:50:00-04:00,30.51,30.61,30.43,30.59,27678.0
2026-04-21T14:55:00-04:00,30.545,30.65,30.545,30.605,37741.0
2026-04-21T15:00:00-04:00,30.59,30.66,30.57,30.6,15500.0
2026-04-21T15:05:00-04:00,30.64,30.64,30.53,30.54,11084.0
2026-04-21T15:10:00-04:00,30.53,30.53,30.385,30.43,25193.0
2026-04-21T15:15:00-04:00,30.47,30.515,30.43,30.5,26820.0
2026-04-21T15:20:00-04:00,30.48,30.55,30.425,30.54,30928.0
2026-04-21T15:25:00-04:00,30.54,30.57,30.5,30.57,18914.0
2026-04-21T15:30:00-04:00,30.57,30.67,30.52,30.52,22745.0
2026-04-21T15:35:00-04:00,30.5,30.5,30.36,30.375,24788.0
2026-04-21T15:40:00-04:00,30.38,30.38,29.99,30.030001,98949.0
2026-04-21T15:45:00-04:00,30.02,30.15,29.99,30.1,51753.0
2026-04-21T15:50:00-04:00,30.13,30.13,29.97,30.0,69240.0
2026-04-21T15:55:00-04:00,30.0,30.030001,29.855,29.86,224920.0
2026-04-22T09:30:00-04:00,30.87,30.87,30.28,30.445,111613.0
2026-04-22T09:35:00-04:00,30.474,30.67,30.4,30.62,24012.0
2026-04-22T09:40:00-04:00,30.595,30.92,30.525,30.92,27276.0
2026-04-22T09:45:00-04:00,30.92,31.0138,30.78,30.8,78667.0
2026-04-22T09:50:00-04:00,30.79,30.9,30.7018,30.88,24526.0
2026-04-22T09:55:00-04:00,30.87,30.88,30.74,30.88,20211.0
2026-04-22T10:00:00-04:00,30.9,30.97,30.72,30.72,21637.0
2026-04-22T10:05:00-04:00,30.71,30.77,30.67,30.74,21135.0
2026-04-22T10:10:00-04:00,30.75,30.9,30.73,30.87,23181.0
2026-04-22T10:15:00-04:00,30.875,30.91,30.81,30.88,19957.0
2026-04-22T10:20:00-04:00,30.875,30.98,30.83,30.86,14284.0
2026-04-22T10:25:00-04:00,30.87,30.97,30.855,30.91,25739.0
2026-04-22T10:30:00-04:00,30.89,30.94,30.78,30.795,19567.0
2026-04-22T10:35:00-04:00,30.8,30.89,30.67,30.825,34407.0
2026-04-22T10:40:00-04:00,30.815,30.86,30.8,30.805,24877.0
2026-04-22T10:45:00-04:00,30.83,30.95,30.83,30.915,11554.0
2026-04-22T10:50:00-04:00,30.9294,30.9294,30.77,30.865,18470.0
2026-04-22T10:55:00-04:00,30.85,30.895,30.72,30.8,17278.0
2026-04-22T11:00:00-04:00,30.83,30.89,30.73,30.76,13550.0
2026-04-22T11:05:00-04:00,30.77,30.77,30.67,30.7,17727.0
2026-04-22T11:10:00-04:00,30.73,30.795,30.67,30.6932,14169.0
2026-04-22T11:15:00-04:00,30.705,30.85,30.63,30.83,12611.0
2026-04-22T11:20:00-04:00,30.81,30.835,30.75,30.805,15395.0
2026-04-22T11:25:00-04:00,30.804,30.84,30.74,30.82,16443.0
2026-04-22T11:30:00-04:00,30.81,30.85,30.78,30.78,8619.0
2026-04-22T11:35:00-04:00,30.77,30.77,30.69,30.74,15245.0
2026-04-22T11:40:00-04:00,30.745,30.76,30.61,30.61,16940.0
2026-04-22T11:45:00-04:00,30.625,30.7487,30.625,30.71,14151.0
2026-04-22T11:50:00-04:00,30.7,30.71,30.64,30.645,7693.0
2026-04-22T11:55:00-04:00,30.67,30.74,30.67,30.691,15150.0
2026-04-22T12:00:00-04:00,30.7,30.77,30.68,30.765,11917.0
2026-04-22T12:05:00-04:00,30.76,30.76,30.7,30.76,8706.0
2026-04-22T12:10:00-04:00,30.715,30.75,30.7,30.75,4956.0
2026-04-22T12:15:00-04:00,30.75,30.75,30.635,30.635,12610.0
2026-04-22T12:20:00-04:00,30.62,30.69,30.62,30.66,6535.0
2026-04-22T12:25:00-04:00,30.63,30.65,30.59,30.62,18386.0
2026-04-22T12:30:00-04:00,30.58,30.625,30.52,30.625,10894.0
2026-04-22T12:35:00-04:00,30.63,30.65,30.59,30.615,8010.0
2026-04-22T12:40:00-04:00,30.59,30.64,30.58,30.6,10525.0
2026-04-22T12:45:00-04:00,30.6,30.63,30.555,30.63,19049.0
2026-04-22T12:50:00-04:00,30.625,30.635,30.575,30.635,9642.0
2026-04-22T12:55:00-04:00,30.63,30.63,30.52,30.55,17944.0
2026-04-22T13:00:00-04:00,30.57,30.68,30.545,30.67,12934.0
2026-04-22T13:05:00-04:00,30.66,30.68,30.62,30.67,7446.0
2026-04-22T13:10:00-04:00,30.68,30.76,30.64,30.64,13510.0
2026-04-22T13:15:00-04:00,30.68,30.695,30.655,30.66,5085.0
2026-04-22T13:20:00-04:00,30.655,30.715,30.644,30.69,11602.0
2026-04-22T13:25:00-04:00,30.67,30.69,30.64,30.68,7542.0
2026-04-22T13:30:00-04:00,30.725,30.725,30.69,30.7,8244.0
2026-04-22T13:35:00-04:00,30.698,30.74,30.67,30.74,8945.0
2026-04-22T13:40:00-04:00,30.735,30.735,30.68,30.695,4511.0
2026-04-22T13:45:00-04:00,30.695,30.75,30.66,30.7001,16337.0
2026-04-22T13:50:00-04:00,30.7,30.73,30.68,30.68,10698.0
2026-04-22T13:55:00-04:00,30.65,30.65,30.6,30.64,8872.0
2026-04-22T14:00:00-04:00,30.64,30.64,30.6,30.609,5959.0
2026-04-22T14:05:00-04:00,30.595,30.685,30.595,30.66,8560.0
2026-04-22T14:10:00-04:00,30.65,30.65,30.6,30.64,15283.0
2026-04-22T14:15:00-04:00,30.64,30.65,30.6,30.615,8189.0
2026-04-22T14:20:00-04:00,30.61,30.61,30.55,30.585,9725.0
2026-04-22T14:25:00-04:00,30.59,30.605,30.55,30.58,10267.0
2026-04-22T14:30:00-04:00,30.575,30.585,30.55,30.57,9123.0
2026-04-22T14:35:00-04:00,30.565,30.595,30.56,30.57,7148.0
2026-04-22T14:40:00-04:00,30.575,30.585,30.52,30.585,13944.0
2026-04-22T14:45:00-04:00,30.58,30.6,30.56,30.585,7362.0
2026-04-22T14:50:00-04:00,30.59,30.63,30.56,30.56,10222.0
2026-04-22T14:55:00-04:00,30.56,30.616,30.53,30.616,8139.0
2026-04-22T15:00:00-04:00,30.6,30.62,30.58,30.62,14036.0
2026-04-22T15:05:00-04:00,30.62,30.645,30.54,30.58,11785.0
2026-04-22T15:10:00-04:00,30.58,30.59,30.54,30.57,9367.0
2026-04-22T15:15:00-04:00,30.57,30.6,30.56,30.58,9200.0
2026-04-22T15:20:00-04:00,30.55,30.58,30.54,30.57,13610.0
2026-04-22T15:25:00-04:00,30.57,30.64,30.57,30.62,19156.0
2026-04-22T15:30:00-04:00,30.61,30.645,30.57,30.62,32763.0
2026-04-22T15:35:00-04:00,30.605,30.64,30.595,30.62,17247.0
2026-04-22T15:40:00-04:00,30.625,30.63,30.58,30.605,15375.0
2026-04-22T15:45:00-04:00,30.605,30.635,30.59,30.635,31304.0
2026-04-22T15:50:00-04:00,30.64,30.65,30.6,30.61,40255.0
2026-04-22T15:55:00-04:00,30.61,30.645,30.53,30.6,100005.0
2026-04-23T09:30:00-04:00,30.35,30.518,30.059999,30.1894,72899.0
2026-04-23T09:35:00-04:00,30.135,30.21,29.97,30.21,51718.0
2026-04-23T09:40:00-04:00,30.2,30.48,30.19,30.48,19981.0
2026-04-23T09:45:00-04:00,30.4301,30.51,30.36,30.48,53818.0
2026-04-23T09:50:00-04:00,30.46,30.55,30.26,30.26,35295.0
2026-04-23T09:55:00-04:00,30.27,30.31,30.14,30.15,49441.0
2026-04-23T10:00:00-04:00,30.13,30.185,30.030001,30.09,31919.0
2026-04-23T10:05:00-04:00,30.12,30.12,29.905,29.99,25369.0
2026-04-23T10:10:00-04:00,29.97,30.02,29.93,29.995,11674.0
2026-04-23T10:15:00-04:00,29.98,30.1099,29.98,30.0285,36170.0
2026-04-23T10:20:00-04:00,30.01,30.18,30.01,30.1799,10039.0
2026-04-23T10:25:00-04:00,30.14,30.281,30.135,30.26,15845.0
2026-04-23T10:30:00-04:00,30.28,30.31,30.14,30.16,14384.0
2026-04-23T10:35:00-04:00,30.13,30.23,30.049999,30.1,19659.0
2026-04-23T10:40:00-04:00,30.1,30.1,30.0,30.030001,10810.0
2026-04-23T10:45:00-04:00,30.030001,30.075001,29.995,30.059999,16044.0
2026-04-23T10:50:00-04:00,30.040001,30.15,30.030001,30.14,12714.0
2026-04-23T10:55:00-04:00,30.139,30.16,30.11,30.13,11151.0
2026-04-23T11:00:00-04:00,30.1,30.16,30.01,30.059999,14351.0
2026-04-23T11:05:00-04:00,30.030001,30.059999,29.975,30.0,14154.0
2026-04-23T11:10:00-04:00,30.01,30.059999,30.01,30.01,10982.0
2026-04-23T11:15:00-04:00,30.01,30.215,29.96,30.21,58016.0
2026-04-23T11:20:00-04:00,30.225,30.225,30.13,30.185,13692.0
2026-04-23T11:25:00-04:00,30.16,30.26,30.13,30.13,22628.0
2026-04-23T11:30:00-04:00,30.115,30.17,30.07,30.17,18197.0
2026-04-23T11:35:00-04:00,30.155,30.2,30.11,30.11,8151.0
2026-04-23T11:40:00-04:00,30.11,30.19,30.11,30.15,7285.0
2026-04-23T11:45:00-04:00,30.11,30.11,30.02,30.030001,12615.0
2026-04-23T11:50:00-04:00,30.0201,30.049999,29.99,30.0049992,15493.0
2026-04-23T11:55:00-04:00,30.0,30.02,29.95,29.95,14379.0
2026-04-23T12:00:00-04:00,29.9999,30.09,29.99,30.059999,21398.0
2026-04-23T12:05:00-04:00,30.040001,30.059999,29.99,30.0,9761.0
2026-04-23T12:10:00-04:00,30.030001,30.08,29.98,30.0,10595.0
2026-04-23T12:15:00-04:00,30.0,30.049101,29.995,30.030001,9572.0
2026-04-23T12:20:00-04:00,30.040001,30.049999,30.01,30.01,9146.0
2026-04-23T12:25:00-04:00,30.0,30.0,29.91,29.98,14195.0
2026-04-23T12:30:00-04:00,29.99,30.030001,29.971,29.98,18113.0
2026-04-23T12:35:00-04:00,30.01,30.01,29.95,30.0,14148.0
2026-04-23T12:40:00-04:00,30.01,30.049999,29.94,30.049999,19260.0
2026-04-23T12:45:00-04:00,30.059999,30.059999,29.98,30.02,18464.0
2026-04-23T12:50:00-04:00,30.0,30.049999,29.93,29.945,19327.0
2026-04-23T12:55:00-04:00,29.95,29.95,29.89,29.9,13718.0
2026-04-23T13:00:00-04:00,29.91,29.93,29.73,29.76,66908.0
2026-04-23T13:05:00-04:00,29.76,29.76,29.41,29.42,57309.0
2026-04-23T13:10:00-04:00,29.42,29.53,29.38,29.5,82977.0
2026-04-23T13:15:00-04:00,29.5,29.5,29.32,29.366,56806.0
2026-04-23T13:20:00-04:00,29.34,29.4306,29.32,29.35,27429.0
2026-04-23T13:25:00-04:00,29.345,29.47,29.33,29.43,26544.0
2026-04-23T13:30:00-04:00,29.44,29.53,29.43,29.51,31359.0
2026-04-23T13:35:00-04:00,29.55,29.55,29.38,29.38,27121.0
2026-04-23T13:40:00-04:00,29.4001,29.4001,29.17,29.18,58375.0
2026-04-23T13:45:00-04:00,29.17,29.3,29.055,29.21,54495.0
2026-04-23T13:50:00-04:00,29.18,29.49,29.16,29.4699,60642.0
2026-04-23T13:55:00-04:00,29.43,29.7,29.42,29.66,31470.0
2026-04-23T14:00:00-04:00,29.68,29.81,29.65,29.81,29311.0
2026-04-23T14:05:00-04:00,29.78,29.84,29.74,29.75,15486.0
2026-04-23T14:10:00-04:00,29.76,29.81,29.71,29.76,32250.0
2026-04-23T14:15:00-04:00,29.76,29.83,29.71,29.77,18849.0
2026-04-23T14:20:00-04:00,29.76,29.81,29.7,29.77,32031.0
2026-04-23T14:25:00-04:00,29.77,29.89,29.77,29.88,12226.0
2026-04-23T14:30:00-04:00,29.88,30.02,29.87,30.0,14956.0
2026-04-23T14:35:00-04:00,30.0,30.02,29.88,29.91,20718.0
2026-04-23T14:40:00-04:00,29.92,29.97,29.915,29.97,17954.0
2026-04-23T14:45:00-04:00,29.97,29.98,29.85,29.86,11471.0
2026-04-23T14:50:00-04:00,29.85,29.96,29.85,29.89,13877.0
2026-04-23T14:55:00-04:00,29.87,29.88,29.79,29.84,28020.0
2026-04-23T15:00:00-04:00,29.86,29.865,29.76,29.77,25202.0
2026-04-23T15:05:00-04:00,29.79,29.91,29.78,29.865,18620.0
2026-04-23T15:10:00-04:00,29.86,29.86,29.58,29.77,336107.0
2026-04-23T15:15:00-04:00,29.77,29.82,29.745,29.77,23957.0
2026-04-23T15:20:00-04:00,29.77,29.78,29.75,29.77,19251.0
2026-04-23T15:25:00-04:00,29.78,29.81,29.75,29.8,24501.0
2026-04-23T15:30:00-04:00,29.78,29.84,29.68,29.7,38378.0
2026-04-23T15:35:00-04:00,29.68,29.68,29.605,29.64,31618.0
2026-04-23T15:40:00-04:00,29.65,29.7,29.65,29.685,31851.0
2026-04-23T15:45:00-04:00,29.69,29.765,29.68,29.74,28205.0
2026-04-23T15:50:00-04:00,29.74,29.87,29.67,29.86,62392.0
2026-04-23T15:55:00-04:00,29.85,29.89,29.8,29.85,174662.0
2026-04-24T09:30:00-04:00,29.97,30.08,29.52,29.52,52796.0
2026-04-24T09:35:00-04:00,29.6,29.7,29.415,29.6,35058.0
2026-04-24T09:40:00-04:00,29.616,29.79,29.61,29.75,22426.0
2026-04-24T09:45:00-04:00,29.75,29.88,29.66,29.79,37487.0
2026-04-24T09:50:00-04:00,29.76,29.8,29.64,29.64,36112.0
2026-04-24T09:55:00-04:00,29.65,29.98,29.65,29.95,21223.0
2026-04-24T10:00:00-04:00,29.92,29.92,29.75,29.85,35277.0
2026-04-24T10:05:00-04:00,29.85,30.059999,29.84,30.030001,38147.0
2026-04-24T10:10:00-04:00,30.01,30.17,30.01,30.08,24551.0
2026-04-24T10:15:00-04:00,30.084999,30.205,30.07,30.205,30088.0
2026-04-24T10:20:00-04:00,30.16,30.2,30.01,30.01,17791.0
2026-04-24T10:25:00-04:00,30.0,30.12,29.91,30.12,22196.0
2026-04-24T10:30:00-04:00,30.08,30.2,30.014999,30.2,19386.0
2026-04-24T10:35:00-04:00,30.185,30.24,30.13,30.23,22798.0
2026-04-24T10:40:00-04:00,30.22,30.269,30.17,30.2,17711.0
2026-04-24T10:45:00-04:00,30.17,30.19,30.11,30.12,11967.0
2026-04-24T10:50:00-04:00,30.13,30.15,30.059999,30.09,8969.0
2026-04-24T10:55:00-04:00,30.11,30.14,30.02,30.049999,12073.0
2026-04-24T11:00:00-04:00,30.059999,30.09,30.01,30.01,9499.0
2026-04-24T11:05:00-04:00,30.0,30.12,29.95,30.12,17808.0
2026-04-24T11:10:00-04:00,30.13,30.16,30.030001,30.049999,13651.0
2026-04-24T11:15:00-04:00,30.059999,30.09,30.01,30.059999,10031.0
2026-04-24T11:20:00-04:00,30.059999,30.14,30.02,30.02,39382.0
2026-04-24T11:25:00-04:00,30.030001,30.049999,30.0049992,30.049999,16897.0
2026-04-24T11:30:00-04:00,30.040001,30.065001,30.040001,30.040001,9649.0
2026-04-24T11:35:00-04:00,30.07,30.08,30.030001,30.030001,9831.0
2026-04-24T11:40:00-04:00,30.02,30.2,30.01,30.17,22029.0
2026-04-24T11:45:00-04:00,30.195,30.37,30.19,30.19,40283.0
2026-04-24T11:50:00-04:00,30.1812,30.29,30.125,30.26,18313.0
2026-04-24T11:55:00-04:00,30.25,30.29,30.23,30.27,13984.0
2026-04-24T12:00:00-04:00,30.289,30.29,30.18,30.22,8853.0
2026-04-24T12:05:00-04:00,30.22,30.22,30.15,30.19,13021.0
2026-04-24T12:10:00-04:00,30.17,30.2197,30.15,30.165,7717.0
2026-04-24T12:15:00-04:00,30.16,30.17,30.1301,30.14,7563.0
2026-04-24T12:20:00-04:00,30.18,30.19,30.14,30.14,7696.0
2026-04-24T12:25:00-04:00,30.15,30.22,30.15,30.17,12612.0
2026-04-24T12:30:00-04:00,30.18,30.28,30.18,30.27,20294.0
2026-04-24T12:35:00-04:00,30.28,30.28,30.18,30.18,7817.0
2026-04-24T12:40:00-04:00,30.15,30.2009,30.13,30.16,11954.0
2026-04-24T12:45:00-04:00,30.15,30.19,30.14,30.17,18151.0
2026-04-24T12:50:00-04:00,30.19,30.26,30.18,30.26,10310.0
2026-04-24T12:55:00-04:00,30.27,30.32,30.23,30.31,11992.0
2026-04-24T13:00:00-04:00,30.3,30.33,30.265,30.3,11064.0
2026-04-24T13:05:00-04:00,30.29,30.33,30.26,30.33,17701.0
2026-04-24T13:10:00-04:00,30.31,30.355,30.299,30.355,23169.0
2026-04-24T13:15:00-04:00,30.37,30.37,30.33,30.35,8475.0
2026-04-24T13:20:00-04:00,30.33,30.33,30.27,30.28,15084.0
2026-04-24T13:25:00-04:00,30.29,30.33,30.27,30.33,10019.0
2026-04-24T13:30:00-04:00,30.34,30.34,30.27,30.27,13143.0
2026-04-24T13:35:00-04:00,30.2708,30.3,30.225,30.23,8724.0
2026-04-24T13:40:00-04:00,30.25,30.27,30.24,30.27,6006.0
2026-04-24T13:45:00-04:00,30.265,30.27,30.24,30.25,6898.0
2026-04-24T13:50:00-04:00,30.25,30.35,30.24,30.32,13546.0
2026-04-24T13:55:00-04:00,30.34,30.34,30.29,30.29,8429.0
2026-04-24T14:00:00-04:00,30.28,30.29,30.26,30.28,6832.0
2026-04-24T14:05:00-04:00,30.24,30.349,30.21,30.34,8315.0
2026-04-24T14:10:00-04:00,30.34,30.3499,30.29,30.3,10314.0
2026-04-24T14:15:00-04:00,30.31,30.34,30.27,30.33,13672.0
2026-04-24T14:20:00-04:00,30.29,30.32,30.28,30.295,6914.0
2026-04-24T14:25:00-04:00,30.29,30.325,30.27,30.29,22947.0
2026-04-24T14:30:00-04:00,30.3,30.33,30.29,30.3,8156.0
2026-04-24T14:35:00-04:00,30.3,30.3,30.26,30.275,7885.0
2026-04-24T14:40:00-04:00,30.29,30.32,30.25,30.266,10193.0
2026-04-24T14:45:00-04:00,30.26,30.3,30.26,30.3,9759.0
2026-04-24T14:50:00-04:00,30.296,30.32,30.29,30.3,7835.0
2026-04-24T14:55:00-04:00,30.29,30.39,30.28,30.39,10357.0
2026-04-24T15:00:00-04:00,30.385,30.44,30.38,30.405,18895.0
2026-04-24T15:05:00-04:00,30.38,30.4,30.31,30.31,15296.0
2026-04-24T15:10:00-04:00,30.31,30.36,30.29,30.36,11437.0
2026-04-24T15:15:00-04:00,30.37,30.42,30.36,30.36,11220.0
2026-04-24T15:20:00-04:00,30.36,30.36,30.275,30.28,15086.0
2026-04-24T15:25:00-04:00,30.275,30.31,30.26,30.305,14604.0
2026-04-24T15:30:00-04:00,30.31,30.38,30.295,30.325,28915.0
2026-04-24T15:35:00-04:00,30.325,30.335,30.28,30.28,15703.0
2026-04-24T15:40:00-04:00,30.27,30.31,30.27,30.31,21243.0
2026-04-24T15:45:00-04:00,30.31,30.3299,30.295,30.315,25455.0
2026-04-24T15:50:00-04:00,30.32,30.385,30.29,30.385,49113.0
2026-04-24T15:55:00-04:00,30.41,30.57,30.405,30.52,152731.0
2026-04-27T09:30:00-04:00,30.45,30.5499,29.96,30.175,91942.0
2026-04-27T09:35:00-04:00,30.14,30.34,30.0055008,30.01,31533.0
2026-04-27T09:40:00-04:00,30.02,30.38,30.02,30.36,38378.0
2026-04-27T09:45:00-04:00,30.37,30.44,30.26,30.26,34944.0
2026-04-27T09:50:00-04:00,30.2,30.6,30.15,30.59,34204.0
2026-04-27T09:55:00-04:00,30.6,30.78,30.57,30.708,48318.0
2026-04-27T10:00:00-04:00,30.69,30.7,30.54,30.56,56090.0
2026-04-27T10:05:00-04:00,30.56,30.56,30.24,30.25,32559.0
2026-04-27T10:10:00-04:00,30.24,30.47,30.24,30.41,24229.0
2026-04-27T10:15:00-04:00,30.42,30.54,30.28,30.54,16508.0
2026-04-27T10:20:00-04:00,30.54,30.59,30.53,30.5894,16972.0
2026-04-27T10:25:00-04:00,30.54,30.54,30.43,30.43,14396.0
2026-04-27T10:30:00-04:00,30.4298,30.43,30.3,30.3899,23241.0
2026-04-27T10:35:00-04:00,30.39,30.48,30.285,30.39,23011.0
2026-04-27T10:40:00-04:00,30.39,30.46,30.33,30.46,20759.0
2026-04-27T10:45:00-04:00,30.45,30.47,30.37,30.44,11572.0
2026-04-27T10:50:00-04:00,30.45,30.51,30.39,30.41,17663.0
2026-04-27T10:55:00-04:00,30.38,30.48,30.37,30.48,9730.0
2026-04-27T11:00:00-04:00,30.49,30.5,30.26,30.28,14889.0
2026-04-27T11:05:00-04:00,30.29,30.43,30.26,30.42,25367.0
2026-04-27T11:10:00-04:00,30.41,30.47,30.4,30.42,15399.0
2026-04-27T11:15:00-04:00,30.42,30.51,30.38,30.4,18839.0
2026-04-27T11:20:00-04:00,30.41,30.45,30.29,30.3,12442.0
2026-04-27T11:25:00-04:00,30.31,30.46,30.29,30.42,17052.0
2026-04-27T11:30:00-04:00,30.46,30.46,30.4,30.41,9568.0
2026-04-27T11:35:00-04:00,30.41,30.48,30.41,30.47,18209.0
2026-04-27T11:40:00-04:00,30.46,30.4799,30.39,30.41,10212.0
2026-04-27T11:45:00-04:00,30.42,30.45,30.36,30.425,12944.0
2026-04-27T11:50:00-04:00,30.42,30.48,30.41,30.45,13619.0
2026-04-27T11:55:00-04:00,30.46,30.51,30.44,30.46,12104.0
2026-04-27T12:00:00-04:00,30.46,30.489,30.44,30.47,12285.0
2026-04-27T12:05:00-04:00,30.47,30.49,30.44,30.46,10780.0
2026-04-27T12:10:00-04:00,30.48,30.52,30.48,30.5,8746.0
2026-04-27T12:15:00-04:00,30.51,30.52,30.48,30.48,14398.0
2026-04-27T12:20:00-04:00,30.48,30.48,30.41,30.41,9068.0
2026-04-27T12:25:00-04:00,30.43,30.47,30.43,30.47,6263.0
2026-04-27T12:30:00-04:00,30.48,30.58,30.48,30.58,21515.0
2026-04-27T12:35:00-04:00,30.58,30.69,30.58,30.65,28128.0
2026-04-27T12:40:00-04:00,30.61,30.615,30.53,30.55,21396.0
2026-04-27T12:45:00-04:00,30.545,30.55,30.53,30.53,6267.0
2026-04-27T12:50:00-04:00,30.53,30.58,30.53,30.5446,10975.0
2026-04-27T12:55:00-04:00,30.56,30.57,30.55,30.57,5643.0
2026-04-27T13:00:00-04:00,30.5799,30.62,30.54,30.57,26970.0
2026-04-27T13:05:00-04:00,30.57,30.575,30.54,30.545,12361.0
2026-04-27T13:10:00-04:00,30.5,30.515,30.49,30.49,9135.0
2026-04-27T13:15:00-04:00,30.5,30.5,30.46,30.485,7190.0
2026-04-27T13:20:00-04:00,30.47,30.58,30.45,30.57,47616.0
2026-04-27T13:25:00-04:00,30.58,30.625,30.58,30.625,14778.0
2026-04-27T13:30:00-04:00,30.6,30.76,30.6,30.73,22572.0
2026-04-27T13:35:00-04:00,30.73,30.735,30.6707,30.6707,8680.0
2026-04-27T13:40:00-04:00,30.675,30.7,30.63,30.7,21734.0
2026-04-27T13:45:00-04:00,30.69,30.69,30.6699,30.6699,9377.0
2026-04-27T13:50:00-04:00,30.675,30.675,30.58,30.61,15759.0
2026-04-27T13:55:00-04:00,30.62,30.67,30.62,30.67,15063.0
2026-04-27T14:00:00-04:00,30.675,30.675,30.64,30.64,7880.0
2026-04-27T14:05:00-04:00,30.63,30.7,30.6001,30.7,16915.0
2026-04-27T14:10:00-04:00,30.7,30.765,30.7,30.76,22629.0
2026-04-27T14:15:00-04:00,30.758,30.79,30.758,30.7697,10572.0
2026-04-27T14:20:00-04:00,30.78,30.81,30.77,30.81,5899.0
2026-04-27T14:25:00-04:00,30.81,30.81,30.7701,30.785,8499.0
2026-04-27T14:30:00-04:00,30.78,30.8,30.76,30.76,10941.0
2026-04-27T14:35:00-04:00,30.77,30.8299,30.77,30.82,13200.0
2026-04-27T14:40:00-04:00,30.815,30.86,30.81,30.81,17712.0
2026-04-27T14:45:00-04:00,30.815,30.9,30.81,30.9,14074.0
2026-04-27T14:50:00-04:00,30.9,30.95,30.855,30.86,20505.0
2026-04-27T14:55:00-04:00,30.85,30.87,30.825,30.83,17297.0
2026-04-27T15:00:00-04:00,30.83,30.83,30.79,30.79,16249.0
2026-04-27T15:05:00-04:00,30.79,30.8094,30.77,30.8,14238.0
2026-04-27T15:10:00-04:00,30.79,30.87,30.79,30.825,17180.0
2026-04-27T15:15:00-04:00,30.82,30.83,30.81,30.825,10266.0
2026-04-27T15:20:00-04:00,30.825,30.8299,30.76,30.81,33498.0
2026-04-27T15:25:00-04:00,30.8,30.8,30.755,30.76,20196.0
2026-04-27T15:30:00-04:00,30.76,30.824,30.755,30.785,22442.0
2026-04-27T15:35:00-04:00,30.755,30.78,30.75,30.775,18631.0
2026-04-27T15:40:00-04:00,30.78,30.79,30.74,30.74,24940.0
2026-04-27T15:45:00-04:00,30.75,30.805,30.73,30.805,40645.0
2026-04-27T15:50:00-04:00,30.8,30.802,30.7,30.7,55155.0
2026-04-27T15:55:00-04:00,30.72,30.79,30.715,30.76,134396.0
2026-04-28T09:30:00-04:00,29.88,29.97,29.41,29.64,107749.0
2026-04-28T09:35:00-04:00,29.64,29.78,29.4001,29.68,61488.0
2026-04-28T09:40:00-04:00,29.67,30.035,29.59,29.92,48556.0
2026-04-28T09:45:00-04:00,29.92,29.925,29.78,29.78,48876.0
2026-04-28T09:50:00-04:00,29.775,29.8,29.64,29.68,31123.0
2026-04-28T09:55:00-04:00,29.7,29.76,29.595,29.65,86014.0
2026-04-28T10:00:00-04:00,29.61,29.67,29.3456,29.36,82318.0
2026-04-28T10:05:00-04:00,29.37,29.44,29.34,29.3401,52593.0
2026-04-28T10:10:00-04:00,29.36,29.46,29.3,29.32,51862.0
2026-04-28T10:15:00-04:00,29.32,29.33,29.12,29.3,56753.0
2026-04-28T10:20:00-04:00,29.29,29.38,29.17,29.24,28251.0
2026-04-28T10:25:00-04:00,29.2301,29.36,29.2301,29.29,29056.0
2026-04-28T10:30:00-04:00,29.29,29.33,29.1,29.1,35146.0
2026-04-28T10:35:00-04:00,29.0609,29.07,28.88,28.92,51937.0
2026-04-28T10:40:00-04:00,28.91,29.15,28.85,29.09,80951.0
2026-04-28T10:45:00-04:00,29.12,29.135,28.92,28.93,48985.0
2026-04-28T10:50:00-04:00,28.91,28.94,28.8,28.93,56083.0
2026-04-28T10:55:00-04:00,28.92,29.07,28.88,29.07,36030.0
2026-04-28T11:00:00-04:00,29.09,29.1599,28.98,29.0,31262.0
2026-04-28T11:05:00-04:00,28.99,29.040001,28.9099,29.0299,18491.0
2026-04-28T11:10:00-04:00,29.040001,29.12,28.96,29.08,31206.0
2026-04-28T11:15:00-04:00,29.059999,29.13,29.0,29.01,24834.0
2026-04-28T11:20:00-04:00,28.99,29.01,28.9,28.98,17316.0
2026-04-28T11:25:00-04:00,28.98,29.039,28.98,29.030001,13606.0
2026-04-28T11:30:00-04:00,29.02,29.030001,28.905,28.94,29281.0
2026-04-28T11:35:00-04:00,28.94,28.96,28.905,28.93,11889.0
2026-04-28T11:40:00-04:00,28.9003,28.99,28.9003,28.9599,24765.0
2026-04-28T11:45:00-04:00,28.94,29.0,28.91,28.98,19157.0
2026-04-28T11:50:00-04:00,28.99,29.11,28.99,29.059999,18637.0
2026-04-28T11:55:00-04:00,29.049999,29.049999,28.98,29.019899,21342.0
2026-04-28T12:00:00-04:00,28.99,28.99,28.92,28.97,10317.0
2026-04-28T12:05:00-04:00,28.97,29.0,28.92,28.93,12817.0
2026-04-28T12:10:00-04:00,28.94,28.97,28.925,28.97,7729.0
2026-04-28T12:15:00-04:00,28.95,28.96,28.905,28.92,15365.0
2026-04-28T12:20:00-04:00,28.94,28.975,28.94,28.945,6819.0
2026-04-28T12:25:00-04:00,28.95,28.96,28.92,28.955,6862.0
2026-04-28T12:30:00-04:00,28.96,28.99,28.905,28.91,8626.0
2026-04-28T12:35:00-04:00,28.9057,28.955,28.895,28.9399,9865.0
2026-04-28T12:40:00-04:00,28.925,28.935,28.92,28.92,8072.0
2026-04-28T12:45:00-04:00,28.91,28.97,28.91,28.97,8877.0
2026-04-28T12:50:00-04:00,28.965,29.09,28.965,29.08,21782.0
2026-04-28T12:55:00-04:00,29.059999,29.08,29.049999,29.049999,6951.0
2026-04-28T13:00:00-04:00,29.059999,29.09,29.014999,29.014999,10264.0
2026-04-28T13:05:00-04:00,29.014999,29.030001,28.9851,29.014999,8596.0
2026-04-28T13:10:00-04:00,29.0,29.040001,28.98,28.98,11111.0
2026-04-28T13:15:00-04:00,28.97,28.98,28.9201,28.94,7168.0
2026-04-28T13:20:00-04:00,28.93,28.985,28.925,28.985,11212.0
2026-04-28T13:25:00-04:00,28.99,29.030001,28.99,28.995,12314.0
2026-04-28T13:30:00-04:00,28.99,29.1492,28.99,29.14,24989.0
2026-04-28T13:35:00-04:00,29.16,29.16,29.13,29.14,12614.0
2026-04-28T13:40:00-04:00,29.14,29.2,29.12,29.165,15569.0
2026-04-28T13:45:00-04:00,29.16,29.185,29.1,29.11,36091.0
2026-04-28T13:50:00-04:00,29.1,29.11,29.07,29.08,10134.0
2026-04-28T13:55:00-04:00,29.094999,29.1,29.084999,29.09,6350.0
2026-04-28T14:00:00-04:00,29.1,29.155,29.09,29.105,11229.0
2026-04-28T14:05:00-04:00,29.14,29.19,29.14,29.18,12656.0
2026-04-28T14:10:00-04:00,29.17,29.17,29.135,29.135,6684.0
2026-04-28T14:15:00-04:00,29.14,29.16,29.13,29.15,11482.0
2026-04-28T14:20:00-04:00,29.14,29.285,29.13,29.28,49085.0
2026-04-28T14:25:00-04:00,29.275,29.34,29.275,29.34,21307.0
2026-04-28T14:30:00-04:00,29.34,29.34,29.25,29.26,15250.0
2026-04-28T14:35:00-04:00,29.265,29.265,29.19,29.215,12149.0
2026-04-28T14:40:00-04:00,29.22,29.235,29.205,29.23,7690.0
2026-04-28T14:45:00-04:00,29.23,29.23,29.175,29.22,11849.0
2026-04-28T14:50:00-04:00,29.21,29.23,29.195,29.195,8229.0
2026-04-28T14:55:00-04:00,29.195,29.225,29.19,29.225,7698.0
2026-04-28T15:00:00-04:00,29.23,29.265,29.2,29.22,20401.0
2026-04-28T15:05:00-04:00,29.23,29.33,29.23,29.25,18463.0
2026-04-28T15:10:00-04:00,29.24,29.2486,29.21,29.225,11584.0
2026-04-28T15:15:00-04:00,29.21,29.21,29.12,29.12,33400.0
2026-04-28T15:20:00-04:00,29.115,29.12,29.059999,29.1,32429.0
2026-04-28T15:25:00-04:00,29.09,29.16,29.084999,29.14,21160.0
2026-04-28T15:30:00-04:00,29.13,29.13,29.049999,29.075001,22844.0
2026-04-28T15:35:00-04:00,29.065001,29.15,29.065001,29.15,18692.0
2026-04-28T15:40:00-04:00,29.145,29.235,29.14,29.235,38757.0
2026-04-28T15:45:00-04:00,29.235,29.27,29.195,29.225,34056.0
2026-04-28T15:50:00-04:00,29.22,29.27,29.205,29.23,91130.0
2026-04-28T15:55:00-04:00,29.23,29.28,29.2,29.23,218149.0
2026-04-29T09:30:00-04:00,28.73,28.755,28.18,28.53,127629.0
2026-04-29T09:35:00-04:00,28.5408,28.82,28.3842,28.815,33270.0
2026-04-29T09:40:00-04:00,28.82,28.82,28.59,28.69,22590.0
2026-04-29T09:45:00-04:00,28.69,28.69,28.27,28.275,85580.0
2026-04-29T09:50:00-04:00,28.3,28.43,28.25,28.365,57277.0
2026-04-29T09:55:00-04:00,28.37,28.55,28.34,28.45,47339.0
2026-04-29T10:00:00-04:00,28.41,28.42,28.29,28.39,34152.0
2026-04-29T10:05:00-04:00,28.41,28.55,28.37,28.51,48994.0
2026-04-29T10:10:00-04:00,28.52,28.66,28.515,28.58,35874.0
2026-04-29T10:15:00-04:00,28.56,28.67,28.535,28.59,22686.0
2026-04-29T10:20:00-04:00,28.61,28.6292,28.52,28.54,32390.0
2026-04-29T10:25:00-04:00,28.54,28.64,28.49,28.58,28281.0
2026-04-29T10:30:00-04:00,28.56,28.61,28.5,28.58,16020.0
2026-04-29T10:35:00-04:00,28.57,28.62,28.56,28.585,13245.0
2026-04-29T10:40:00-04:00,28.58,28.615,28.53,28.59,18109.0
2026-04-29T10:45:00-04:00,28.65,28.65,28.57,28.59,16262.0
2026-04-29T10:50:00-04:00,28.57,28.7,28.57,28.58,23924.0
2026-04-29T10:55:00-04:00,28.59,28.63,28.55,28.605,15767.0
2026-04-29T11:00:00-04:00,28.61,28.64,28.52,28.58,24651.0
2026-04-29T11:05:00-04:00,28.56,28.62,28.53,28.53,16610.0
2026-04-29T11:10:00-04:00,28.52,28.565,28.49,28.52,15604.0
2026-04-29T11:15:00-04:00,28.51,28.66,28.5,28.65,23385.0
2026-04-29T11:20:00-04:00,28.65,28.65,28.56,28.59,12013.0
2026-04-29T11:25:00-04:00,28.59,28.645,28.55,28.64,28314.0
2026-04-29T11:30:00-04:00,28.66,28.66,28.555,28.59,19242.0
2026-04-29T11:35:00-04:00,28.59,28.625,28.57,28.6,15319.0
2026-04-29T11:40:00-04:00,28.62,28.68,28.595,28.67,17624.0
2026-04-29T11:45:00-04:00,28.67,28.71,28.63,28.64,16321.0
2026-04-29T11:50:00-04:00,28.65,28.67,28.405,28.42,31840.0
2026-04-29T11:55:00-04:00,28.42,28.56,28.385,28.54,23516.0
2026-04-29T12:00:00-04:00,28.54,28.69,28.54,28.64,19722.0
2026-04-29T12:05:00-04:00,28.64,28.66,28.54,28.54,16972.0
2026-04-29T12:10:00-04:00,28.54,28.595,28.54,28.57,12031.0
2026-04-29T12:15:00-04:00,28.57,28.63,28.545,28.57,15384.0
2026-04-29T12:20:00-04:00,28.585,28.65,28.565,28.62,29787.0
2026-04-29T12:25:00-04:00,28.62,28.62,28.53,28.53,16891.0
2026-04-29T12:30:00-04:00,28.51,28.53,28.39,28.4,26291.0
2026-04-29T12:35:00-04:00,28.41,28.45,28.38,28.44,13483.0
2026-04-29T12:40:00-04:00,28.44,28.52,28.44,28.49,15923.0
2026-04-29T12:45:00-04:00,28.49,28.5,28.42,28.43,13499.0
2026-04-29T12:50:00-04:00,28.42,28.44,28.39,28.4,14731.0
2026-04-29T12:55:00-04:00,28.4,28.45,28.385,28.45,12803.0
2026-04-29T13:00:00-04:00,28.44,28.44,28.36,28.405,20263.0
2026-04-29T13:05:00-04:00,28.41,28.45,28.405,28.425,10507.0
2026-04-29T13:10:00-04:00,28.43,28.47,28.415,28.47,11330.0
2026-04-29T13:15:00-04:00,28.47,28.485,28.45,28.48,10314.0
2026-04-29T13:20:00-04:00,28.49,28.56,28.49,28.515,18742.0
2026-04-29T13:25:00-04:00,28.51,28.51,28.475,28.495,8002.0
2026-04-29T13:30:00-04:00,28.49,28.6,28.49,28.58,18303.0
2026-04-29T13:35:00-04:00,28.57,28.57,28.53,28.555,7199.0
2026-04-29T13:40:00-04:00,28.555,28.555,28.53,28.555,7709.0
2026-04-29T13:45:00-04:00,28.57,28.59,28.505,28.575,27711.0
2026-04-29T13:50:00-04:00,28.575,28.65,28.55,28.58,90133.0
2026-04-29T13:55:00-04:00,28.58,28.615,28.58,28.615,14343.0
2026-04-29T14:00:00-04:00,28.62,28.62,28.48,28.48,31088.0
2026-04-29T14:05:00-04:00,28.47,28.5,28.43,28.43,29619.0
2026-04-29T14:10:00-04:00,28.44,28.485,28.32,28.32,26159.0
2026-04-29T14:15:00-04:00,28.33,28.45,28.32,28.405,20075.0
2026-04-29T14:20:00-04:00,28.37,28.44,28.36,28.41,29704.0
2026-04-29T14:25:00-04:00,28.4,28.43,28.38,28.42,18943.0
2026-04-29T14:30:00-04:00,28.44,28.49,28.385,28.43,25650.0
2026-04-29T14:35:00-04:00,28.44,28.64,28.44,28.54,54176.0
2026-04-29T14:40:00-04:00,28.53,28.53,28.345,28.36,22185.0
2026-04-29T14:45:00-04:00,28.33,28.4,28.31,28.39,31110.0
2026-04-29T14:50:00-04:00,28.4,28.43,28.28,28.31,41110.0
2026-04-29T14:55:00-04:00,28.31,28.5,28.31,28.44,44064.0
2026-04-29T15:00:00-04:00,28.45,28.46,28.35,28.35,36618.0
2026-04-29T15:05:00-04:00,28.34,28.39,28.29,28.34,39524.0
2026-04-29T15:10:00-04:00,28.3598,28.46,28.35,28.46,38920.0
2026-04-29T15:15:00-04:00,28.47,28.49,28.325,28.34,36326.0
2026-04-29T15:20:00-04:00,28.35,28.37,28.31,28.365,35016.0
2026-04-29T15:25:00-04:00,28.37,28.37,28.29,28.29,37025.0
2026-04-29T15:30:00-04:00,28.28,28.28,28.19,28.215,40272.0
2026-04-29T15:35:00-04:00,28.215,28.24,28.185,28.22,39055.0
2026-04-29T15:40:00-04:00,28.215,28.26,28.17,28.25,47295.0
2026-04-29T15:45:00-04:00,28.25,28.27,28.18,28.255,52835.0
2026-04-29T15:50:00-04:00,28.24,28.275,28.19,28.2,89869.0
2026-04-29T15:55:00-04:00,28.2,28.21,28.07,28.17,348059.0
2026-04-30T09:30:00-04:00,29.22,29.4982,29.0221,29.075001,140605.0
2026-04-30T09:35:00-04:00,29.059999,29.155,28.81,28.81,120457.0
2026-04-30T09:40:00-04:00,28.82,28.9899,28.76,28.76,34513.0
2026-04-30T09:45:00-04:00,28.75,28.82,28.57,28.69,47861.0
2026-04-30T09:50:00-04:00,28.67,28.76,28.61,28.65,25014.0
2026-04-30T09:55:00-04:00,28.68,28.85,28.68,28.7,18375.0
2026-04-30T10:00:00-04:00,28.705,28.75,28.62,28.65,24028.0
2026-04-30T10:05:00-04:00,28.63,28.68,28.59,28.6601,25153.0
2026-04-30T10:10:00-04:00,28.71,28.7299,28.55,28.72,19519.0
2026-04-30T10:15:00-04:00,28.7274,28.86,28.55,28.86,153858.0
2026-04-30T10:20:00-04:00,28.87,29.059999,28.865,29.059999,43335.0
2026-04-30T10:25:00-04:00,29.01,29.07,28.94,29.030001,20450.0
2026-04-30T10:30:00-04:00,29.014999,29.059999,28.91,28.97,30987.0
2026-04-30T10:35:00-04:00,28.97,28.97,28.86,28.88,17429.0
2026-04-30T10:40:00-04:00,28.87,29.030001,28.87,29.02,20268.0
2026-04-30T10:45:00-04:00,29.0,29.18,28.95,29.059999,37441.0
2026-04-30T10:50:00-04:00,29.0998,29.23,29.080099,29.2,20059.0
2026-04-30T10:55:00-04:00,29.18,29.19,29.01,29.030001,27058.0
2026-04-30T11:00:00-04:00,29.049999,29.049999,28.88,28.88,20951.0
2026-04-30T11:05:00-04:00,28.87,28.93,28.85,28.91,36703.0
2026-04-30T11:10:00-04:00,28.92,28.936,28.75,28.765,22822.0
2026-04-30T11:15:00-04:00,28.75,28.78,28.68,28.7,24851.0
2026-04-30T11:20:00-04:00,28.7,28.7,28.61,28.64,13336.0
2026-04-30T11:25:00-04:00,28.68,28.77,28.675,28.7,24925.0
2026-04-30T11:30:00-04:00,28.71,28.79,28.7,28.735,20197.0
2026-04-30T11:35:00-04:00,28.73,28.74,28.67,28.67,21744.0
2026-04-30T11:40:00-04:00,28.675,28.735,28.66,28.685,21740.0
2026-04-30T11:45:00-04:00,28.68,28.68,28.555,28.58,25262.0
2026-04-30T11:50:00-04:00,28.585,28.64,28.57,28.6,58740.0
2026-04-30T11:55:00-04:00,28.606,28.67,28.59,28.655,20697.0
2026-04-30T12:00:00-04:00,28.65,28.65,28.55,28.606,19090.0
2026-04-30T12:05:00-04:00,28.61,28.66,28.61,28.625,9990.0
2026-04-30T12:10:00-04:00,28.63,28.65,28.58,28.58,10390.0
2026-04-30T12:15:00-04:00,28.57,28.58,28.53,28.5799,15285.0
2026-04-30T12:20:00-04:00,28.5924,28.625,28.505,28.52,15367.0
2026-04-30T12:25:00-04:00,28.526,28.545,28.485,28.51,12072.0
2026-04-30T12:30:00-04:00,28.52,28.52,28.48,28.49,11255.0
2026-04-30T12:35:00-04:00,28.47,28.47,28.42,28.43,16770.0
2026-04-30T12:40:00-04:00,28.42,28.45,28.39,28.43,16600.0
2026-04-30T12:45:00-04:00,28.426,28.515,28.41,28.5,22697.0
2026-04-30T12:50:00-04:00,28.52,28.53,28.465,28.465,16859.0
2026-04-30T12:55:00-04:00,28.46,28.46,28.38,28.42,14837.0
2026-04-30T13:00:00-04:00,28.41,28.49,28.41,28.47,7719.0
2026-04-30T13:05:00-04:00,28.47,28.505,28.46,28.49,10410.0
2026-04-30T13:10:00-04:00,28.49,28.61,28.48,28.57,27000.0
2026-04-30T13:15:00-04:00,28.56,28.56,28.49,28.5,17521.0
2026-04-30T13:20:00-04:00,28.505,28.55,28.46,28.49,13806.0
2026-04-30T13:25:00-04:00,28.48,28.57,28.46,28.57,13914.0
2026-04-30T13:30:00-04:00,28.58,28.6699,28.575,28.6,17756.0
2026-04-30T13:35:00-04:00,28.605,28.61,28.5701,28.595,15355.0
2026-04-30T13:40:00-04:00,28.6,28.63,28.58,28.62,12320.0
2026-04-30T13:45:00-04:00,28.62,28.625,28.6,28.605,7620.0
2026-04-30T13:50:00-04:00,28.61,28.64,28.61,28.64,10258.0
2026-04-30T13:55:00-04:00,28.64,28.64,28.595,28.61,15554.0
2026-04-30T14:00:00-04:00,28.605,28.68,28.605,28.65,14163.0
2026-04-30T14:05:00-04:00,28.65,28.68,28.64,28.665,11104.0
2026-04-30T14:10:00-04:00,28.68,28.695,28.57,28.58,22619.0
2026-04-30T14:15:00-04:00,28.57,28.61,28.57,28.61,14627.0
2026-04-30T14:20:00-04:00,28.6,28.84,28.6,28.84,181731.0
2026-04-30T14:25:00-04:00,28.84,28.875,28.815,28.845,19382.0
2026-04-30T14:30:00-04:00,28.84,28.935,28.835,28.85,47906.0
2026-04-30T14:35:00-04:00,28.855,28.855,28.79,28.8,13994.0
2026-04-30T14:40:00-04:00,28.805,28.805,28.75,28.785,21772.0
2026-04-30T14:45:00-04:00,28.785,28.785,28.745,28.745,15016.0
2026-04-30T14:50:00-04:00,28.7499,28.81,28.7499,28.81,10686.0
2026-04-30T14:55:00-04:00,28.815,28.84,28.8,28.82,23733.0
2026-04-30T15:00:00-04:00,28.82,28.86,28.77,28.77,29404.0
2026-04-30T15:05:00-04:00,28.78,28.85,28.73,28.8266,22542.0
2026-04-30T15:10:00-04:00,28.81,28.86,28.79,28.84,21133.0
2026-04-30T15:15:00-04:00,28.84,28.8607,28.79,28.8,19215.0
2026-04-30T15:20:00-04:00,28.78,28.83,28.68,28.82,103980.0
2026-04-30T15:25:00-04:00,28.8,28.83,28.76,28.775,25801.0
2026-04-30T15:30:00-04:00,28.775,28.775,28.66,28.665,38464.0
2026-04-30T15:35:00-04:00,28.67,28.77,28.67,28.76,43182.0
2026-04-30T15:40:00-04:00,28.75,28.755,28.715,28.745,30489.0
2026-04-30T15:45:00-04:00,28.75,28.77,28.725,28.73,53214.0
2026-04-30T15:50:00-04:00,28.72,28.725,28.575,28.675,164577.0
2026-04-30T15:55:00-04:00,28.68,28.84,28.665,28.815,189645.0
2026-05-01T09:30:00-04:00,28.61,29.08,28.5,28.871,93590.0
2026-05-01T09:35:00-04:00,28.89,28.935,28.71,28.935,23792.0
2026-05-01T09:40:00-04:00,28.92,29.08,28.89,28.89,40447.0
2026-05-01T09:45:00-04:00,28.85,28.85,28.7,28.7,32280.0
2026-05-01T09:50:00-04:00,28.68,28.96,28.641,28.92,40173.0
2026-05-01T09:55:00-04:00,28.925,29.27,28.925,29.265,57549.0
2026-05-01T10:00:00-04:00,29.25,29.6,29.23,29.38,232607.0
2026-05-01T10:05:00-04:00,29.41,29.46,29.26,29.28,60200.0
2026-05-01T10:10:00-04:00,29.26,29.54,29.26,29.51,34690.0
2026-05-01T10:15:00-04:00,29.49,29.535,29.335,29.335,54395.0
2026-05-01T10:20:00-04:00,29.31,29.38,29.28,29.28,20909.0
2026-05-01T10:25:00-04:00,29.2703,29.32,29.11,29.11,26929.0
2026-05-01T10:30:00-04:00,29.12,29.12,28.945,28.965,53244.0
2026-05-01T10:35:00-04:00,28.97,29.066,28.92,29.049999,40219.0
2026-05-01T10:40:00-04:00,29.040001,29.059999,28.89,28.94,42470.0
2026-05-01T10:45:00-04:00,28.94,29.09,28.94,28.99,24840.0
2026-05-01T10:50:00-04:00,28.98,28.98,28.9,28.94,25499.0
2026-05-01T10:55:00-04:00,28.9509,28.98,28.8392,28.8392,14742.0
2026-05-01T11:00:00-04:00,28.85,28.85,28.74,28.75,18700.0
2026-05-01T11:05:00-04:00,28.75,28.84,28.6903,28.82,27109.0
2026-05-01T11:10:00-04:00,28.86,28.86,28.78,28.81,19711.0
2026-05-01T11:15:00-04:00,28.85,28.87,28.78,28.83,22731.0
2026-05-01T11:20:00-04:00,28.85,28.895,28.835,28.86,16539.0
2026-05-01T11:25:00-04:00,28.86,28.88,28.84,28.88,21073.0
2026-05-01T11:30:00-04:00,28.88,28.96,28.88,28.915,16374.0
2026-05-01T11:35:00-04:00,28.91,28.975,28.905,28.92,11465.0
2026-05-01T11:40:00-04:00,28.93,29.014999,28.9,29.01,20354.0
2026-05-01T11:45:00-04:00,29.0,29.035,28.98,29.025,20299.0
2026-05-01T11:50:00-04:00,29.02,29.040001,28.885,28.9,57307.0
2026-05-01T11:55:00-04:00,28.88,28.91,28.87,28.905,14101.0
2026-05-01T12:00:00-04:00,28.91,28.945,28.9,28.945,15389.0
2026-05-01T12:05:00-04:00,28.95,28.95,28.9,28.9,14471.0
2026-05-01T12:10:00-04:00,28.92,28.97,28.91,28.97,13250.0
2026-05-01T12:15:00-04:00,28.97,29.12,28.97,29.065001,53601.0
2026-05-01T12:20:00-04:00,29.059999,29.094999,28.99,29.0049992,31599.0
2026-05-01T12:25:00-04:00,28.99,29.0,28.94,28.95,20847.0
2026-05-01T12:30:00-04:00,28.925,29.0,28.92,28.99,10811.0
2026-05-01T12:35:00-04:00,28.99,29.07,28.98,29.059999,21440.0
2026-05-01T12:40:00-04:00,29.049999,29.07,29.030001,29.049999,14133.0
2026-05-01T12:45:00-04:00,29.049999,29.1,29.02,29.1,14205.0
2026-05-01T12:50:00-04:00,29.094999,29.16,29.084999,29.155,12772.0
2026-05-01T12:55:00-04:00,29.16,29.165,29.13,29.13,14961.0
2026-05-01T13:00:00-04:00,29.14,29.17,29.12,29.12,15100.0
2026-05-01T13:05:00-04:00,29.135,29.165,29.13,29.165,9352.0
2026-05-01T13:10:00-04:00,29.18,29.2,29.175,29.2,18695.0
2026-05-01T13:15:00-04:00,29.21,29.236,29.18,29.2,18376.0
2026-05-01T13:20:00-04:00,29.21,29.21,29.18,29.2,12737.0
2026-05-01T13:25:00-04:00,29.2,29.28,29.19,29.27,14012.0
2026-05-01T13:30:00-04:00,29.28,29.33,29.26,29.27,15311.0
2026-05-01T13:35:00-04:00,29.27,29.27,29.22,29.25,13727.0
2026-05-01T13:40:00-04:00,29.25,29.255,29.24,29.24,11501.0
2026-05-01T13:45:00-04:00,29.25,29.26,29.24,29.255,11851.0
2026-05-01T13:50:00-04:00,29.24,29.32,29.225,29.31,21099.0
2026-05-01T13:55:00-04:00,29.32,29.34,29.31,29.33,13722.0
2026-05-01T14:00:00-04:00,29.33,29.35,29.29,29.295,21165.0
2026-05-01T14:05:00-04:00,29.285,29.29,29.25,29.275,16011.0
2026-05-01T14:10:00-04:00,29.25,29.25,29.14,29.165,63030.0
2026-05-01T14:15:00-04:00,29.165,29.2,29.13,29.2,35426.0
2026-05-01T14:20:00-04:00,29.2,29.35,29.2,29.35,34678.0
2026-05-01T14:25:00-04:00,29.35,29.495,29.35,29.48,44770.0
2026-05-01T14:30:00-04:00,29.47,29.485,29.386,29.386,31401.0
2026-05-01T14:35:00-04:00,29.38,29.395,29.32,29.36,41217.0
2026-05-01T14:40:00-04:00,29.37,29.425,29.36,29.405,17970.0
2026-05-01T14:45:00-04:00,29.39,29.415,29.365,29.4,25939.0
2026-05-01T14:50:00-04:00,29.4,29.41,29.37,29.385,19928.0
2026-05-01T14:55:00-04:00,29.3803,29.425,29.35,29.39,37098.0
2026-05-01T15:00:00-04:00,29.395,29.395,29.34,29.34,19897.0
2026-05-01T15:05:00-04:00,29.34,29.42,29.34,29.39,33758.0
2026-05-01T15:10:00-04:00,29.375,29.42,29.37,29.39,23921.0
2026-05-01T15:15:00-04:00,29.39,29.45,29.34,29.34,55429.0
2026-05-01T15:20:00-04:00,29.33,29.3325,29.275,29.32,27786.0
2026-05-01T15:25:00-04:00,29.32,29.345,29.26,29.26,40204.0
2026-05-01T15:30:00-04:00,29.26,29.26,29.19,29.21,49448.0
2026-05-01T15:35:00-04:00,29.21,29.2699,29.21,29.26,30446.0
2026-05-01T15:40:00-04:00,29.25,29.25,29.17,29.18,31672.0
2026-05-01T15:45:00-04:00,29.19,29.28,29.19,29.255,54254.0
2026-05-01T15:50:00-04:00,29.24,29.255,29.19,29.19,109888.0
2026-05-01T15:55:00-04:00,29.19,29.21,29.13,29.195,299611.0
2026-05-04T09:30:00-04:00,29.0,29.13,28.62,29.07,113471.0
2026-05-04T09:35:00-04:00,29.14,29.1582,28.95,29.08,35433.0
2026-05-04T09:40:00-04:00,29.115,29.26,29.02,29.17,45754.0
2026-05-04T09:45:00-04:00,29.16,29.26,29.07,29.07,17345.0
2026-05-04T09:50:00-04:00,29.075001,29.26,29.040001,29.25,18826.0
2026-05-04T09:55:00-04:00,29.25,29.3699,29.13,29.13,31419.0
2026-05-04T10:00:00-04:00,29.12,29.19,29.08,29.165,18533.0
2026-05-04T10:05:00-04:00,29.1258,29.16,28.93,28.95,64648.0
2026-05-04T10:10:00-04:00,28.945,29.11,28.935,29.049999,15706.0
2026-05-04T10:15:00-04:00,29.07,29.18,29.040001,29.1,18370.0
2026-05-04T10:20:00-04:00,29.1316,29.24,29.09,29.115,71532.0
2026-05-04T10:25:00-04:00,29.13,29.1701,29.08,29.08,14810.0
2026-05-04T10:30:00-04:00,29.09,29.2,29.09,29.18,24115.0
2026-05-04T10:35:00-04:00,29.21,29.3,29.21,29.25,15658.0
2026-05-04T10:40:00-04:00,29.235,29.26,29.22,29.26,17048.0
2026-05-04T10:45:00-04:00,29.23,29.24,29.1,29.1,14426.0
2026-05-04T10:50:00-04:00,29.12,29.23,29.105,29.22,26334.0
2026-05-04T10:55:00-04:00,29.2101,29.23,29.1,29.1,12588.0
2026-05-04T11:00:00-04:00,29.08,29.17,29.07,29.145,13899.0
2026-05-04T11:05:00-04:00,29.12,29.16,29.02,29.07,62039.0
2026-05-04T11:10:00-04:00,29.059999,29.084999,28.93,28.93,27824.0
2026-05-04T11:15:00-04:00,28.925,29.06,28.85,28.85,26606.0
2026-05-04T11:20:00-04:00,28.86,28.88,28.69,28.83,34159.0
2026-05-04T11:25:00-04:00,28.84,28.95,28.79,28.91,32179.0
2026-05-04T11:30:00-04:00,28.93,29.0,28.86,29.0,42276.0
2026-05-04T11:35:00-04:00,29.0,29.01,28.91,28.93,22871.0
2026-05-04T11:40:00-04:00,28.915,29.0,28.9,28.9,20261.0
2026-05-04T11:45:00-04:00,28.915,28.915,28.865,28.88,24470.0
2026-05-04T11:50:00-04:00,28.87,28.99,28.81,28.98,55603.0
2026-05-04T11:55:00-04:00,28.99,29.0,28.89,28.89,20698.0
2026-05-04T12:00:00-04:00,28.89,28.93,28.87,28.92,16400.0
2026-05-04T12:05:00-04:00,28.94,28.94,28.73,28.73,40127.0
2026-05-04T12:10:00-04:00,28.738,28.78,28.71,28.73,29317.0
2026-05-04T12:15:00-04:00,28.71,28.8,28.67,28.77,40368.0
2026-05-04T12:20:00-04:00,28.79,28.795,28.75,28.78,18679.0
2026-05-04T12:25:00-04:00,28.8,28.82,28.75,28.79,15538.0
2026-05-04T12:30:00-04:00,28.7901,28.8,28.765,28.78,14792.0
2026-05-04T12:35:00-04:00,28.79,28.79,28.65,28.65,31051.0
2026-05-04T12:40:00-04:00,28.675,28.675,28.62,28.63,14806.0
2026-05-04T12:45:00-04:00,28.6,28.65,28.6,28.645,12183.0
2026-05-04T12:50:00-04:00,28.62,28.65,28.52,28.53,27828.0
2026-05-04T12:55:00-04:00,28.535,28.605,28.53,28.6,21586.0
2026-05-04T13:00:00-04:00,28.61,28.67,28.59,28.64,21536.0
2026-05-04T13:05:00-04:00,28.65,28.69,28.62,28.64,12854.0
2026-05-04T13:10:00-04:00,28.635,28.65,28.6281,28.6281,10548.0
2026-05-04T13:15:00-04:00,28.63,28.75,28.63,28.72,36722.0
2026-05-04T13:20:00-04:00,28.73,28.76,28.71,28.71,22461.0
2026-05-04T13:25:00-04:00,28.715,28.73,28.7,28.73,17596.0
2026-05-04T13:30:00-04:00,28.71,28.735,28.71,28.71,8911.0
2026-05-04T13:35:00-04:00,28.7,28.72,28.7,28.72,13529.0
2026-05-04T13:40:00-04:00,28.715,28.7365,28.71,28.72,7864.0
2026-05-04T13:45:00-04:00,28.72,28.72,28.68,28.68,9843.0
2026-05-04T13:50:00-04:00,28.67,28.69,28.665,28.68,17736.0
2026-05-04T13:55:00-04:00,28.69,28.7302,28.69,28.73,15175.0
2026-05-04T14:00:00-04:00,28.73,28.78,28.73,28.745,15812.0
2026-05-04T14:05:00-04:00,28.75,28.76,28.635,28.635,53411.0
2026-05-04T14:10:00-04:00,28.635,28.67,28.635,28.65,9869.0
2026-05-04T14:15:00-04:00,28.645,28.68,28.625,28.64,23126.0
2026-05-04T14:20:00-04:00,28.63,28.65,28.6,28.61,14172.0
2026-05-04T14:25:00-04:00,28.6,28.7,28.58,28.68,30421.0
2026-05-04T14:30:00-04:00,28.68,28.69,28.655,28.685,16346.0
2026-05-04T14:35:00-04:00,28.68,28.6807,28.63,28.6501,14963.0
2026-05-04T14:40:00-04:00,28.655,28.685,28.655,28.655,9322.0
2026-05-04T14:45:00-04:00,28.63,28.65,28.61,28.645,26859.0
2026-05-04T14:50:00-04:00,28.645,28.65,28.59,28.6,15330.0
2026-05-04T14:55:00-04:00,28.585,28.705,28.58,28.69,17137.0
2026-05-04T15:00:00-04:00,28.69,28.715,28.54,28.5401,22099.0
2026-05-04T15:05:00-04:00,28.5499,28.64,28.4799,28.57,48436.0
2026-05-04T15:10:00-04:00,28.565,28.57,28.5,28.5,35556.0
2026-05-04T15:15:00-04:00,28.5,28.55,28.435,28.435,40694.0
2026-05-04T15:20:00-04:00,28.44,28.455,28.4,28.425,53629.0
2026-05-04T15:25:00-04:00,28.42,28.556,28.42,28.4851,53527.0
2026-05-04T15:30:00-04:00,28.485,28.5,28.44,28.48,47151.0
2026-05-04T15:35:00-04:00,28.47,28.51,28.4301,28.435,33787.0
2026-05-04T15:40:00-04:00,28.45,28.48,28.39,28.42,57609.0
2026-05-04T15:45:00-04:00,28.415,28.43,28.345,28.42,118633.0
2026-05-04T15:50:00-04:00,28.42,28.42,28.33,28.34,169424.0
2026-05-04T15:55:00-04:00,28.34,28.35,28.28,28.32,431069.0
2026-05-05T09:30:00-04:00,29.01,29.19,28.695,28.695,75403.0
2026-05-05T09:35:00-04:00,28.73,28.78,28.62,28.68,22804.0
2026-05-05T09:40:00-04:00,28.69,28.73,28.45,28.51,33195.0
2026-05-05T09:45:00-04:00,28.52,28.58,28.46,28.575,26815.0
2026-05-05T09:50:00-04:00,28.565,28.75,28.555,28.71,20249.0
2026-05-05T09:55:00-04:00,28.72,28.79,28.685,28.72,21609.0
2026-05-05T10:00:00-04:00,28.73,28.87,28.73,28.87,32953.0
2026-05-05T10:05:00-04:00,28.8611,28.91,28.755,28.755,29547.0
2026-05-05T10:10:00-04:00,28.76,28.765,28.5,28.5,24918.0
2026-05-05T10:15:00-04:00,28.5,28.545,28.31,28.31,33380.0
2026-05-05T10:20:00-04:00,28.3,28.47,28.295,28.47,34384.0
2026-05-05T10:25:00-04:00,28.47,28.61,28.47,28.53,21548.0
2026-05-05T10:30:00-04:00,28.51,28.51,28.39,28.41,29444.0
2026-05-05T10:35:00-04:00,28.41,28.43,28.365,28.385,17753.0
2026-05-05T10:40:00-04:00,28.38,28.48,28.36,28.44,21004.0
2026-05-05T10:45:00-04:00,28.435,28.45,28.37,28.43,24108.0
2026-05-05T10:50:00-04:00,28.43,28.43,28.35,28.385,27345.0
2026-05-05T10:55:00-04:00,28.3799,28.48,28.37,28.475,31205.0
2026-05-05T11:00:00-04:00,28.475,28.475,28.37,28.405,30459.0
2026-05-05T11:05:00-04:00,28.426,28.435,28.4,28.41,15991.0
2026-05-05T11:10:00-04:00,28.39,28.415,28.36,28.3828,18286.0
2026-05-05T11:15:00-04:00,28.39,28.45,28.39,28.42,15879.0
2026-05-05T11:20:00-04:00,28.42,28.45,28.4,28.4,13769.0
2026-05-05T11:25:00-04:00,28.39,28.4,28.37,28.38,22666.0
2026-05-05T11:30:00-04:00,28.395,28.415,28.34,28.35,19819.0
2026-05-05T11:35:00-04:00,28.355,28.4185,28.355,28.4,14764.0
2026-05-05T11:40:00-04:00,28.4,28.4,28.32,28.33,16999.0
2026-05-05T11:45:00-04:00,28.33,28.385,28.316,28.34,27934.0
2026-05-05T11:50:00-04:00,28.35,28.37,28.35,28.3678,15939.0
2026-05-05T11:55:00-04:00,28.36,28.41,28.3401,28.395,17158.0
2026-05-05T12:00:00-04:00,28.4,28.42,28.385,28.4,16554.0
2026-05-05T12:05:00-04:00,28.395,28.425,28.34,28.36,15315.0
2026-05-05T12:10:00-04:00,28.35,28.35,28.285,28.33,12325.0
2026-05-05T12:15:00-04:00,28.33,28.34,28.26,28.26,22339.0
2026-05-05T12:20:00-04:00,28.255,28.28,28.22,28.22,10971.0
2026-05-05T12:25:00-04:00,28.23,28.23,28.14,28.18,18265.0
2026-05-05T12:30:00-04:00,28.16,28.19,28.14,28.156,12849.0
2026-05-05T12:35:00-04:00,28.145,28.23,28.145,28.21,23297.0
2026-05-05T12:40:00-04:00,28.205,28.225,28.18,28.225,10514.0
2026-05-05T12:45:00-04:00,28.205,28.25,28.205,28.215,8525.0
2026-05-05T12:50:00-04:00,28.22,28.3,28.185,28.235,28834.0
2026-05-05T12:55:00-04:00,28.235,28.24,28.21,28.21,7986.0
2026-05-05T13:00:00-04:00,28.2,28.24,28.195,28.22,15667.0
2026-05-05T13:05:00-04:00,28.21,28.22,28.18,28.2,11957.0
2026-05-05T13:10:00-04:00,28.19,28.266,28.175,28.24,14642.0
2026-05-05T13:15:00-04:00,28.24,28.28,28.23,28.28,19694.0
2026-05-05T13:20:00-04:00,28.28,28.28,28.17,28.19,17219.0
2026-05-05T13:25:00-04:00,28.19,28.25,28.17,28.24,20027.0
2026-05-05T13:30:00-04:00,28.245,28.27,28.22,28.235,14145.0
2026-05-05T13:35:00-04:00,28.23,28.27,28.22,28.25,13503.0
2026-05-05T13:40:00-04:00,28.245,28.265,28.235,28.26,23231.0
2026-05-05T13:45:00-04:00,28.24,28.24,28.17,28.215,24983.0
2026-05-05T13:50:00-04:00,28.205,28.2199,28.18,28.195,12571.0
2026-05-05T13:55:00-04:00,28.195,28.195,28.155,28.16,15710.0
2026-05-05T14:00:00-04:00,28.16,28.2,28.16,28.1999,17680.0
2026-05-05T14:05:00-04:00,28.21,28.21,28.18,28.21,16870.0
2026-05-05T14:10:00-04:00,28.2099,28.245,28.2,28.24,41120.0
2026-05-05T14:15:00-04:00,28.24,28.275,28.2,28.21,23292.0
2026-05-05T14:20:00-04:00,28.21,28.21,28.175,28.18,18495.0
2026-05-05T14:25:00-04:00,28.17,28.26,28.17,28.24,15387.0
2026-05-05T14:30:00-04:00,28.24,28.275,28.225,28.25,17663.0
2026-05-05T14:35:00-04:00,28.26,28.27,28.24,28.255,25743.0
2026-05-05T14:40:00-04:00,28.25,28.3,28.23,28.3,14392.0
2026-05-05T14:45:00-04:00,28.3,28.31,28.245,28.255,19008.0
2026-05-05T14:50:00-04:00,28.245,28.29,28.245,28.27,25732.0
2026-05-05T14:55:00-04:00,28.27,28.36,28.27,28.36,15401.0
2026-05-05T15:00:00-04:00,28.355,28.355,28.285,28.29,16862.0
2026-05-05T15:05:00-04:00,28.29,28.31,28.25,28.255,19910.0
2026-05-05T15:10:00-04:00,28.255,28.31,28.255,28.26,25009.0
2026-05-05T15:15:00-04:00,28.255,28.28,28.225,28.265,28516.0
2026-05-05T15:20:00-04:00,28.26,28.29,28.25,28.265,15589.0
2026-05-05T15:25:00-04:00,28.26,28.3,28.215,28.28,29060.0
2026-05-05T15:30:00-04:00,28.28,28.31,28.26,28.26,25912.0
2026-05-05T15:35:00-04:00,28.27,28.33,28.27,28.295,27666.0
2026-05-05T15:40:00-04:00,28.295,28.295,28.2701,28.295,27089.0
2026-05-05T15:45:00-04:00,28.2999,28.33,28.295,28.33,28057.0
2026-05-05T15:50:00-04:00,28.32,28.35,28.25,28.275,101385.0
2026-05-05T15:55:00-04:00,28.27,28.34,28.215,28.23,198174.0
2026-05-06T09:30:00-04:00,32.41,33.23,32.0382,33.22,320869.0
2026-05-06T09:35:00-04:00,33.21,33.44,32.755,32.98,180888.0
2026-05-06T09:40:00-04:00,33.029999,33.18,32.8539,33.18,106923.0
2026-05-06T09:45:00-04:00,33.1999,33.2,32.905,33.040001,114949.0
2026-05-06T09:50:00-04:00,33.049999,33.42,32.8001,33.39,96192.0
2026-05-06T09:55:00-04:00,33.42,33.78,33.39,33.77,170779.0
2026-05-06T10:00:00-04:00,33.77,34.15,33.68,33.8242,145004.0
2026-05-06T10:05:00-04:00,33.83,34.099998,33.76,33.8976,88908.0
2026-05-06T10:10:00-04:00,33.87,34.099998,33.82,33.975,82873.0
2026-05-06T10:15:00-04:00,34.0,34.0,33.63,33.64,95598.0
2026-05-06T10:20:00-04:00,33.66,33.69,33.28,33.38,114847.0
2026-05-06T10:25:00-04:00,33.37,33.44,33.1301,33.17,67706.0
2026-05-06T10:30:00-04:00,33.19,33.337,33.080002,33.14,86132.0
2026-05-06T10:35:00-04:00,33.13,33.19,33.02,33.14,49034.0
2026-05-06T10:40:00-04:00,33.14,33.31,33.07,33.255,44208.0
2026-05-06T10:45:00-04:00,33.26,33.32,33.115,33.29,37519.0
2026-05-06T10:50:00-04:00,33.29,33.305,32.99,33.080002,38354.0
2026-05-06T10:55:00-04:00,33.080002,33.265,33.080002,33.13,25027.0
2026-05-06T11:00:00-04:00,33.17,33.21,33.040001,33.16,21621.0
2026-05-06T11:05:00-04:00,33.1798,33.2,33.0,33.029999,33497.0
2026-05-06T11:10:00-04:00,33.02,33.025002,32.73,32.89,86604.0
2026-05-06T11:15:00-04:00,32.89,32.89,32.8,32.83,17794.0
2026-05-06T11:20:00-04:00,32.84,32.84,32.54,32.5901,37402.0
2026-05-06T11:25:00-04:00,32.58,32.58,32.36,32.53,42359.0
2026-05-06T11:30:00-04:00,32.53,32.61,32.35,32.61,88712.0
2026-05-06T11:35:00-04:00,32.61,32.65,32.53,32.63,32243.0
2026-05-06T11:40:00-04:00,32.63,32.67,32.56,32.61,35068.0
2026-05-06T11:45:00-04:00,32.605,32.675,32.57,32.675,22900.0
2026-05-06T11:50:00-04:00,32.67,32.67,32.53,32.555,28015.0
2026-05-06T11:55:00-04:00,32.55,32.69,32.525,32.69,30981.0
2026-05-06T12:00:00-04:00,32.69,32.69,32.595,32.595,18385.0
2026-05-06T12:05:00-04:00,32.59,32.6,32.495,32.53,20114.0
2026-05-06T12:10:00-04:00,32.53,32.63,32.5,32.6,21366.0
2026-05-06T12:15:00-04:00,32.59,32.605,32.5501,32.605,18428.0
2026-05-06T12:20:00-04:00,32.63,32.8,32.61,32.72,20637.0
2026-05-06T12:25:00-04:00,32.71,32.71,32.41,32.5,32012.0
2026-05-06T12:30:00-04:00,32.51,32.57,32.485,32.54,30900.0
2026-05-06T12:35:00-04:00,32.55,32.655,32.54,32.64,18219.0
2026-05-06T12:40:00-04:00,32.63,32.64,32.3,32.32,111593.0
2026-05-06T12:45:00-04:00,32.32,32.43,32.31,32.4,26009.0
2026-05-06T12:50:00-04:00,32.4,32.42,32.35,32.35,14992.0
2026-05-06T12:55:00-04:00,32.34,32.36,32.27,32.295,23745.0
2026-05-06T13:00:00-04:00,32.3,32.48,32.26,32.48,31162.0
2026-05-06T13:05:00-04:00,32.46,32.49,32.365,32.365,18910.0
2026-05-06T13:10:00-04:00,32.37,32.37,32.25,32.28,20547.0
2026-05-06T13:15:00-04:00,32.2701,32.2701,32.060001,32.060001,28842.0
2026-05-06T13:20:00-04:00,32.060001,32.1095,31.9001,32.080002,57390.0
2026-05-06T13:25:00-04:00,32.07,32.12,32.025002,32.12,90491.0
2026-05-06T13:30:00-04:00,32.12,32.2,32.080002,32.12,58998.0
2026-05-06T13:35:00-04:00,32.12,32.14,32.02,32.040001,22162.0
2026-05-06T13:40:00-04:00,32.049999,32.105,31.95,32.09,41673.0
2026-05-06T13:45:00-04:00,32.14,32.18,32.041,32.060001,25206.0
2026-05-06T13:50:00-04:00,32.060001,32.135,32.060001,32.11,29691.0
2026-05-06T13:55:00-04:00,32.105,32.15,32.040001,32.055,25938.0
2026-05-06T14:00:00-04:00,32.07,32.11,31.985,32.0,33058.0
2026-05-06T14:05:00-04:00,31.985,32.18,31.98,32.18,48167.0
2026-05-06T14:10:00-04:00,32.2,32.34,32.2,32.27,68841.0
2026-05-06T14:15:00-04:00,32.26,32.32,32.09,32.11,41688.0
2026-05-06T14:20:00-04:00,32.11,32.22,32.11,32.2,28022.0
2026-05-06T14:25:00-04:00,32.2,32.225,32.18,32.19,19240.0
2026-05-06T14:30:00-04:00,32.19,32.19,32.060001,32.060001,21479.0
2026-05-06T14:35:00-04:00,32.035,32.040001,31.945,31.945,21528.0
2026-05-06T14:40:00-04:00,31.94,31.945,31.8,31.91,48184.0
2026-05-06T14:45:00-04:00,31.91,32.029999,31.9,31.99,23553.0
2026-05-06T14:50:00-04:00,31.985,31.99,31.9,31.92,25391.0
2026-05-06T14:55:00-04:00,31.92,31.95,31.89,31.93,41699.0
2026-05-06T15:00:00-04:00,31.93,31.975,31.88,31.92,39566.0
2026-05-06T15:05:00-04:00,31.93,32.0099983,31.93,31.98,29068.0
2026-05-06T15:10:00-04:00,31.99,32.14,31.99,32.09,25135.0
2026-05-06T15:15:00-04:00,32.09,32.16,32.080002,32.16,31560.0
2026-05-06T15:20:00-04:00,32.16,32.28,32.14,32.27,42093.0
2026-05-06T15:25:00-04:00,32.26,32.4799,32.2499,32.36,103180.0
2026-05-06T15:30:00-04:00,32.36,32.52,32.35,32.4201,54449.0
2026-05-06T15:35:00-04:00,32.44,32.4593,32.34,32.36,35174.0
2026-05-06T15:40:00-04:00,32.365,32.39,32.31,32.315,49931.0
2026-05-06T15:45:00-04:00,32.31,32.35,32.225,32.25,82469.0
2026-05-06T15:50:00-04:00,32.255,32.55,32.255,32.52,133199.0
2026-05-06T15:55:00-04:00,32.52,32.63,32.49,32.62,411858.0
2026-05-07T09:30:00-04:00,33.865,34.5458,33.8101,34.16,218134.0
2026-05-07T09:35:00-04:00,34.21,34.27,33.9614,34.15,70686.0
2026-05-07T09:40:00-04:00,34.15,34.1603,33.9,34.0,88544.0
2026-05-07T09:45:00-04:00,33.99,34.049999,33.75,33.865,48919.0
2026-05-07T09:50:00-04:00,33.88,33.9,33.75,33.84,52118.0
2026-05-07T09:55:00-04:00,33.86,33.98,33.85,33.91,69145.0
2026-05-07T10:00:00-04:00,33.92,34.1699,33.92,34.14,82387.0
2026-05-07T10:05:00-04:00,34.14,34.15,34.02,34.049999,61328.0
2026-05-07T10:10:00-04:00,34.064999,34.4999,34.049999,34.45,85666.0
2026-05-07T10:15:00-04:00,34.44,34.655,34.42,34.53,70141.0
2026-05-07T10:20:00-04:00,34.525,34.59,34.2175,34.29,77823.0
2026-05-07T10:25:00-04:00,34.29,34.33,34.21,34.25,33907.0
2026-05-07T10:30:00-04:00,34.249,34.36,34.249,34.335,65753.0
2026-05-07T10:35:00-04:00,34.345,34.43,34.3,34.35,29949.0
2026-05-07T10:40:00-04:00,34.335,34.3471,34.2566,34.27,35188.0
2026-05-07T10:45:00-04:00,34.3,34.53,34.3,34.5,41433.0
2026-05-07T10:50:00-04:00,34.509,34.515,34.38,34.42,30341.0
2026-05-07T10:55:00-04:00,34.44,34.47,34.3,34.33,64132.0
2026-05-07T11:00:00-04:00,34.33,34.33,34.040001,34.159,43826.0
2026-05-07T11:05:00-04:00,34.15,34.2,34.064999,34.14,25869.0
2026-05-07T11:10:00-04:00,34.14,34.19,34.040001,34.060001,26245.0
2026-05-07T11:15:00-04:00,34.060001,34.13,34.02,34.11,27438.0
2026-05-07T11:20:00-04:00,34.11,34.18,34.02,34.09,39097.0
2026-05-07T11:25:00-04:00,34.12,34.17,33.94,34.080002,43737.0
2026-05-07T11:30:00-04:00,34.12,34.2,34.029999,34.195,44864.0
2026-05-07T11:35:00-04:00,34.195,34.27,34.19,34.23,30327.0
2026-05-07T11:40:00-04:00,34.21,34.24,34.13,34.17,26765.0
2026-05-07T11:45:00-04:00,34.16,34.2,34.125,34.19,25561.0
2026-05-07T11:50:00-04:00,34.205,34.27,34.09,34.09,45026.0
2026-05-07T11:55:00-04:00,34.075001,34.075001,33.74,33.74,63736.0
2026-05-07T12:00:00-04:00,33.75,33.86,33.72,33.78,23404.0
2026-05-07T12:05:00-04:00,33.78,33.875,33.77,33.79,39350.0
2026-05-07T12:10:00-04:00,33.77,33.82,33.71,33.795,35813.0
2026-05-07T12:15:00-04:00,33.8,33.8,33.48,33.5,67806.0
2026-05-07T12:20:00-04:00,33.48,33.57,33.48,33.56,33228.0
2026-05-07T12:25:00-04:00,33.57,33.75,33.57,33.71,25321.0
2026-05-07T12:30:00-04:00,33.71,33.75,33.57,33.57,18182.0
2026-05-07T12:35:00-04:00,33.58,33.58,33.34,33.42,26406.0
2026-05-07T12:40:00-04:00,33.41,33.45,33.38,33.43,15418.0
2026-05-07T12:45:00-04:00,33.43,33.44,33.34,33.345,16253.0
2026-05-07T12:50:00-04:00,33.34,33.38,33.2901,33.32,13619.0
2026-05-07T12:55:00-04:00,33.3,33.32,33.21,33.27,13566.0
2026-05-07T13:00:00-04:00,33.27,33.27,33.165,33.2,23682.0
2026-05-07T13:05:00-04:00,33.22,33.24,33.12,33.145,14086.0
2026-05-07T13:10:00-04:00,33.14,33.17,33.040001,33.060501,23745.0
2026-05-07T13:15:00-04:00,33.049999,33.09,32.96,32.97,38140.0
2026-05-07T13:20:00-04:00,32.98,33.060001,32.97,33.029999,21268.0
2026-05-07T13:25:00-04:00,33.02,33.09,32.69,32.71,81035.0
2026-05-07T13:30:00-04:00,32.72,32.9,32.6205,32.9,50080.0
2026-05-07T13:35:00-04:00,32.89,32.91,32.82,32.87,30741.0
2026-05-07T13:40:00-04:00,32.88,32.94,32.82,32.83,24673.0
2026-05-07T13:45:00-04:00,32.84,33.0,32.84,32.99,28712.0
2026-05-07T13:50:00-04:00,32.985,33.040001,32.94,33.040001,25987.0
2026-05-07T13:55:00-04:00,33.049999,33.21,33.029999,33.21,46860.0
2026-05-07T14:00:00-04:00,33.25,33.3297,33.22,33.295,28905.0
2026-05-07T14:05:00-04:00,33.31,33.36,33.27,33.27,28004.0
2026-05-07T14:10:00-04:00,33.275,33.35,33.26,33.26,27099.0
2026-05-07T14:15:00-04:00,33.28,33.3,33.23,33.24,14308.0
2026-05-07T14:20:00-04:00,33.25,33.35,33.24,33.2407,30850.0
2026-05-07T14:25:00-04:00,33.22,33.31,33.19,33.28,50775.0
2026-05-07T14:30:00-04:00,33.29,33.36,33.19,33.2,27462.0
2026-05-07T14:35:00-04:00,33.205,33.24,33.075001,33.17,50876.0
2026-05-07T14:40:00-04:00,33.166,33.166,32.96,32.98,59299.0
2026-05-07T14:45:00-04:00,32.97,33.049999,32.93,32.97,40869.0
2026-05-07T14:50:00-04:00,32.94,33.0,32.91,33.0,28273.0
2026-05-07T14:55:00-04:00,33.0,33.09,32.92,32.92,34865.0
2026-05-07T15:00:00-04:00,32.94,32.97,32.87,32.93,24252.0
2026-05-07T15:05:00-04:00,32.905,32.905,32.84,32.84,38121.0
2026-05-07T15:10:00-04:00,32.84,32.91,32.84,32.86,20231.0
2026-05-07T15:15:00-04:00,32.85,32.88,32.78,32.83,57644.0
2026-05-07T15:20:00-04:00,32.835,32.89,32.705,32.705,132136.0
2026-05-07T15:25:00-04:00,32.7099,32.71,32.59,32.61,79200.0
2026-05-07T15:30:00-04:00,32.65,32.79,32.65,32.79,67502.0
2026-05-07T15:35:00-04:00,32.78,32.84,32.75,32.78,56754.0
2026-05-07T15:40:00-04:00,32.79,32.87,32.79,32.83,34289.0
2026-05-07T15:45:00-04:00,32.82,32.82,32.765,32.78,39582.0
2026-05-07T15:50:00-04:00,32.77,32.85,32.715,32.72,105170.0
2026-05-07T15:55:00-04:00,32.73,32.785,32.68,32.71,279315.0
2026-05-08T09:30:00-04:00,32.96,34.2899,32.895,34.17,168025.0
2026-05-08T09:35:00-04:00,34.25,34.3799,34.16,34.31,51502.0
2026-05-08T09:40:00-04:00,34.25,34.36,34.049999,34.080002,31560.0
2026-05-08T09:45:00-04:00,34.09,34.485,34.0099983,34.485,41444.0
2026-05-08T09:50:00-04:00,34.5,34.55,34.25,34.255,31759.0
2026-05-08T09:55:00-04:00,34.29,34.33,34.040001,34.040001,26255.0
2026-05-08T10:00:00-04:00,34.060001,34.13,33.9,33.96,37745.0
2026-05-08T10:05:00-04:00,33.96,33.96,33.7199,33.73,59525.0
2026-05-08T10:10:00-04:00,33.71,33.76,33.52,33.68,41306.0
2026-05-08T10:15:00-04:00,33.6999,33.78,33.6,33.61,50575.0
2026-05-08T10:20:00-04:00,33.63,33.65,33.5,33.56,21292.0
2026-05-08T10:25:00-04:00,33.55,33.58,33.44,33.5,39312.0
2026-05-08T10:30:00-04:00,33.49,33.56,33.42,33.56,27621.0
2026-05-08T10:35:00-04:00,33.54,33.76,33.54,33.76,30806.0
2026-05-08T10:40:00-04:00,33.78,33.82,33.69,33.75,24175.0
2026-05-08T10:45:00-04:00,33.815,33.83,33.77,33.815,12671.0
2026-05-08T10:50:00-04:00,33.82,34.049999,33.8,34.029999,45006.0
2026-05-08T10:55:00-04:00,34.0099983,34.0099983,33.85,33.875,26816.0
2026-05-08T11:00:00-04:00,33.88,33.88,33.78,33.785,27868.0
2026-05-08T11:05:00-04:00,33.8,33.85,33.79,33.82,21276.0
2026-05-08T11:10:00-04:00,33.85,33.88,33.69,33.7202,24574.0
2026-05-08T11:15:00-04:00,33.71,33.79,33.71,33.76,19354.0
2026-05-08T11:20:00-04:00,33.785,33.785,33.59,33.67,25268.0
2026-05-08T11:25:00-04:00,33.65,33.6654,33.56,33.64,23120.0
2026-05-08T11:30:00-04:00,33.65,33.68,33.57,33.65,39773.0
2026-05-08T11:35:00-04:00,33.66,33.68,33.6,33.61,22879.0
2026-05-08T11:40:00-04:00,33.62,33.6201,33.54,33.54,55224.0
2026-05-08T11:45:00-04:00,33.55,33.605,33.55,33.57,18020.0
2026-05-08T11:50:00-04:00,33.575,33.63,33.55,33.56,13297.0
2026-05-08T11:55:00-04:00,33.55,33.5599,33.49,33.5,44553.0
2026-05-08T12:00:00-04:00,33.54,33.58,33.505,33.565,35247.0
2026-05-08T12:05:00-04:00,33.56,33.62,33.53,33.59,24951.0
2026-05-08T12:10:00-04:00,33.58,33.71,33.56,33.71,17714.0
2026-05-08T12:15:00-04:00,33.7,33.76,33.7,33.73,15213.0
2026-05-08T12:20:00-04:00,33.73,33.795,33.71,33.795,17644.0
2026-05-08T12:25:00-04:00,33.83,33.97,33.81,33.96,34900.0
2026-05-08T12:30:00-04:00,33.975,33.975,33.93,33.96,12929.0
2026-05-08T12:35:00-04:00,33.96,33.97,33.885,33.89,14799.0
2026-05-08T12:40:00-04:00,33.9,33.93,33.85,33.9,16361.0
2026-05-08T12:45:00-04:00,33.91,33.99,33.91,33.93,14614.0
2026-05-08T12:50:00-04:00,33.935,34.0205,33.81,33.82,35759.0
2026-05-08T12:55:00-04:00,33.83,33.88,33.81,33.88,12022.0
2026-05-08T13:00:00-04:00,33.88,33.96,33.8792,33.93,38925.0
2026-05-08T13:05:00-04:00,33.92,33.925,33.87,33.87,12228.0
2026-05-08T13:10:00-04:00,33.87,33.88,33.85,33.85,13269.0
2026-05-08T13:15:00-04:00,33.86,33.9,33.855,33.855,15454.0
2026-05-08T13:20:00-04:00,33.87,33.975,33.86,33.93,26692.0
2026-05-08T13:25:00-04:00,33.93,33.96,33.91,33.91,9122.0
2026-05-08T13:30:00-04:00,33.95,33.95,33.905,33.93,12938.0
2026-05-08T13:35:00-04:00,33.93,34.040001,33.92,34.02,13766.0
2026-05-08T13:40:00-04:00,34.040001,34.040001,33.965,34.0,12947.0
2026-05-08T13:45:00-04:00,33.995,34.0099983,33.935,33.935,10183.0
2026-05-08T13:50:00-04:00,33.945,33.945,33.87,33.93,17935.0
2026-05-08T13:55:00-04:00,33.89,33.92,33.855,33.855,21893.0
2026-05-08T14:00:00-04:00,33.86,34.069901,33.86,34.029999,26082.0
2026-05-08T14:05:00-04:00,34.044998,34.060001,34.02,34.02,15188.0
2026-05-08T14:10:00-04:00,34.02,34.2,34.02,34.15,20901.0
2026-05-08T14:15:00-04:00,34.17,34.24,34.14,34.23,13058.0
2026-05-08T14:20:00-04:00,34.22,34.24,34.18,34.225,17280.0
2026-05-08T14:25:00-04:00,34.25,34.255,34.19,34.22,23505.0
2026-05-08T14:30:00-04:00,34.205,34.205,34.12,34.13,27920.0
2026-05-08T14:35:00-04:00,34.09,34.1301,34.060001,34.12,15726.0
2026-05-08T14:40:00-04:00,34.099998,34.2,34.080101,34.17,18373.0
2026-05-08T14:45:00-04:00,34.18,34.24,34.17,34.24,14427.0
2026-05-08T14:50:00-04:00,34.24,34.245,34.135,34.135,28853.0
2026-05-08T14:55:00-04:00,34.14,34.205,34.13,34.15,27306.0
2026-05-08T15:00:00-04:00,34.17,34.22,34.12,34.12,15963.0
2026-05-08T15:05:00-04:00,34.099998,34.099998,34.040001,34.080002,32608.0
2026-05-08T15:10:00-04:00,34.080002,34.105,34.0099983,34.0099983,24852.0
2026-05-08T15:15:00-04:00,34.0099983,34.07,34.0099983,34.055,21151.0
2026-05-08T15:20:00-04:00,34.050098,34.099998,34.049999,34.060001,30770.0
2026-05-08T15:25:00-04:00,34.049999,34.060001,34.0,34.0099983,27462.0
2026-05-08T15:30:00-04:00,33.995,34.135,33.995,34.135,22249.0
2026-05-08T15:35:00-04:00,34.165,34.18,34.135,34.165,24076.0
2026-05-08T15:40:00-04:00,34.165,34.2,34.15,34.165,29022.0
2026-05-08T15:45:00-04:00,34.165,34.175,34.09,34.099998,50186.0
2026-05-08T15:50:00-04:00,34.12,34.16,34.080002,34.155,71133.0
2026-05-08T15:55:00-04:00,34.15,34.255,34.115,34.205,254306.0
2026-05-11T09:30:00-04:00,34.25,35.8299,34.21,35.71,243459.0
2026-05-11T09:35:00-04:00,35.705,35.898,35.41,35.73,73582.0
2026-05-11T09:40:00-04:00,35.77,36.22,35.765,36.17,84522.0
2026-05-11T09:45:00-04:00,36.22,36.28,35.95,35.9801,51777.0
2026-05-11T09:50:00-04:00,36.02,36.13,35.91,36.125,59165.0
2026-05-11T09:55:00-04:00,36.165,36.23,35.81,35.83,57359.0
2026-05-11T10:00:00-04:00,35.83,35.83,35.53,35.59,51270.0
2026-05-11T10:05:00-04:00,35.565,35.62,35.42,35.57,29913.0
2026-05-11T10:10:00-04:00,35.56,35.72,35.46,35.655,49959.0
2026-05-11T10:15:00-04:00,35.66,35.69,35.5742,35.69,45969.0
2026-05-11T10:20:00-04:00,35.75,35.82,35.71,35.81,26054.0
2026-05-11T10:25:00-04:00,35.78,35.7899,35.71,35.72,45343.0
2026-05-11T10:30:00-04:00,35.725,35.81,35.57,35.62,39019.0
2026-05-11T10:35:00-04:00,35.64,35.72,35.56,35.72,20241.0
2026-05-11T10:40:00-04:00,35.73,35.74,35.66,35.7001,38275.0
2026-05-11T10:45:00-04:00,35.68,35.695,35.54,35.58,29993.0
2026-05-11T10:50:00-04:00,35.575,35.64,35.445,35.475,30339.0
2026-05-11T10:55:00-04:00,35.475,35.495,35.32,35.32,21227.0
2026-05-11T11:00:00-04:00,35.31,35.31,35.145,35.15,51915.0
2026-05-11T11:05:00-04:00,35.12,35.23,35.060001,35.228,40298.0
2026-05-11T11:10:00-04:00,35.21,35.23,35.060001,35.060001,18525.0
2026-05-11T11:15:00-04:00,35.099998,35.13,35.02,35.060001,17708.0
2026-05-11T11:20:00-04:00,35.080002,35.09,34.9801,35.040001,35203.0
2026-05-11T11:25:00-04:00,35.025002,35.080002,34.915,35.07,21179.0
2026-05-11T11:30:00-04:00,35.029999,35.060001,34.925,34.97,29865.0
2026-05-11T11:35:00-04:00,34.98,35.11,34.9,35.09,26425.0
2026-05-11T11:40:00-04:00,35.07,35.07,34.95,34.96,34734.0
2026-05-11T11:45:00-04:00,34.945,34.97,34.865,34.95,27808.0
2026-05-11T11:50:00-04:00,34.925,34.95,34.83,34.86,44689.0
2026-05-11T11:55:00-04:00,34.835,34.87,34.79,34.85,19066.0
2026-05-11T12:00:00-04:00,34.842,34.8428,34.28,34.29,136213.0
2026-05-11T12:05:00-04:00,34.295,34.42,34.2913,34.365,49903.0
2026-05-11T12:10:00-04:00,34.38,34.42,34.255,34.26,36132.0
2026-05-11T12:15:00-04:00,34.28,34.28,34.1375,34.195,58755.0
2026-05-11T12:20:00-04:00,34.195,34.195,33.97,33.975,40760.0
2026-05-11T12:25:00-04:00,33.97,34.07,33.93,33.97,31071.0
2026-05-11T12:30:00-04:00,33.975,34.13,33.955,34.049999,78059.0
2026-05-11T12:35:00-04:00,34.029999,34.1492,34.0,34.13,36480.0
2026-05-11T12:40:00-04:00,34.12,34.15,33.91,33.91,50827.0
2026-05-11T12:45:00-04:00,33.9,34.030102,33.8514,33.945,87702.0
2026-05-11T12:50:00-04:00,33.94,33.94,33.85,33.87,27793.0
2026-05-11T12:55:00-04:00,33.9,33.985,33.855,33.975,23472.0
2026-05-11T13:00:00-04:00,33.97,33.97,33.85,33.895,25287.0
2026-05-11T13:05:00-04:00,33.9,34.09,33.88,34.080002,41016.0
2026-05-11T13:10:00-04:00,34.099998,34.099998,34.0050011,34.060001,49356.0
2026-05-11T13:15:00-04:00,34.040001,34.040001,33.97,33.97,15597.0
2026-05-11T13:20:00-04:00,33.91,33.91,33.79,33.8,23546.0
2026-05-11T13:25:00-04:00,33.81,34.049999,33.81,34.029999,27612.0
2026-05-11T13:30:00-04:00,34.025002,34.025002,33.905,33.96,19548.0
2026-05-11T13:35:00-04:00,33.945,34.055,33.945,33.97,20545.0
2026-05-11T13:40:00-04:00,33.96,33.99,33.91,33.98,35969.0
2026-05-11T13:45:00-04:00,34.0,34.0099983,33.95,33.9972,21177.0
2026-05-11T13:50:00-04:00,33.98,34.02,33.9,33.9251,54483.0
2026-05-11T13:55:00-04:00,33.93,33.935,33.79,33.82,45192.0
2026-05-11T14:00:00-04:00,33.8302,33.94,33.8302,33.94,18007.0
2026-05-11T14:05:00-04:00,33.97,34.12,33.96,34.099998,43023.0
2026-05-11T14:10:00-04:00,34.099998,34.17,34.099998,34.13,18514.0
2026-05-11T14:15:00-04:00,34.135,34.14,34.080101,34.12,22474.0
2026-05-11T14:20:00-04:00,34.1101,34.34,34.064999,34.33,65789.0
2026-05-11T14:25:00-04:00,34.3222,34.41,34.3222,34.405,47208.0
2026-05-11T14:30:00-04:00,34.4,34.475,34.38,34.435,30809.0
2026-05-11T14:35:00-04:00,34.445,34.4799,34.35,34.35,38685.0
2026-05-11T14:40:00-04:00,34.35,34.43,34.27,34.34,306337.0
2026-05-11T14:45:00-04:00,34.35,34.43,34.32,34.4,28533.0
2026-05-11T14:50:00-04:00,34.41,34.45,34.395,34.45,24347.0
2026-05-11T14:55:00-04:00,34.47,34.52,34.385,34.4,35212.0
2026-05-11T15:00:00-04:00,34.42,34.44,34.35,34.44,32359.0
2026-05-11T15:05:00-04:00,34.42,34.56,34.42,34.54,46763.0
2026-05-11T15:10:00-04:00,34.55,34.55,34.345,34.43,64504.0
2026-05-11T15:15:00-04:00,34.43,34.55,34.43,34.465,105564.0
2026-05-11T15:20:00-04:00,34.47,34.515,34.45,34.505,32399.0
2026-05-11T15:25:00-04:00,34.515,34.515,34.44,34.45,37429.0
2026-05-11T15:30:00-04:00,34.45,34.6,34.44,34.575,41005.0
2026-05-11T15:35:00-04:00,34.59,34.59,34.51,34.56,30829.0
2026-05-11T15:40:00-04:00,34.57,34.635,34.57,34.59,48450.0
2026-05-11T15:45:00-04:00,34.595,34.635,34.58,34.605,60099.0
2026-05-11T15:50:00-04:00,34.61,34.665,34.605,34.62,106576.0
2026-05-11T15:55:00-04:00,34.635,34.81,34.565,34.75,285355.0
2026-05-12T09:30:00-04:00,33.5,34.48,33.5,34.46,160267.0
2026-05-12T09:35:00-04:00,34.48,35.040001,34.33,35.040001,34620.0
2026-05-12T09:40:00-04:00,35.060001,35.080002,34.62,34.71,65776.0
2026-05-12T09:45:00-04:00,34.735,34.955,34.7325,34.875,126738.0
2026-05-12T09:50:00-04:00,34.86,35.060001,34.83,34.96,51129.0
2026-05-12T09:55:00-04:00,34.95,34.95,34.54,34.69,121943.0
2026-05-12T10:00:00-04:00,34.69,34.88,34.62,34.87,70121.0
2026-05-12T10:05:00-04:00,34.855,34.87,34.69,34.84,38358.0
2026-05-12T10:10:00-04:00,34.88,34.92,34.845,34.855,23714.0
2026-05-12T10:15:00-04:00,34.85,34.96,34.76,34.95,26053.0
2026-05-12T10:20:00-04:00,34.88,34.88,34.76,34.8199,28045.0
2026-05-12T10:25:00-04:00,34.79,34.86,34.745,34.82,28344.0
2026-05-12T10:30:00-04:00,34.8,34.8,34.43,34.52,76689.0
2026-05-12T10:35:00-04:00,34.44,34.71,34.4,34.68,54539.0
2026-05-12T10:40:00-04:00,34.67,34.84,34.64,34.79,27821.0
2026-05-12T10:45:00-04:00,34.75,34.76,34.61,34.73,30589.0
2026-05-12T10:50:00-04:00,34.739,34.78,34.6,34.76,40135.0
2026-05-12T10:55:00-04:00,34.735,34.84,34.68,34.71,61594.0
2026-05-12T11:00:00-04:00,34.7,34.76,34.52,34.54,80375.0
2026-05-12T11:05:00-04:00,34.52,34.63,34.46,34.56,83586.0
2026-05-12T11:10:00-04:00,34.53,34.53,34.13,34.13,36509.0
2026-05-12T11:15:00-04:00,33.972,34.080002,33.79,33.83,51431.0
2026-05-12T11:20:00-04:00,33.79,33.83,33.57,33.58,57216.0
2026-05-12T11:25:00-04:00,33.57,33.645,33.402,33.6,61828.0
2026-05-12T11:30:00-04:00,33.6,33.855,33.58,33.85,45968.0
2026-05-12T11:35:00-04:00,33.85,34.060001,33.85,34.049999,44992.0
2026-05-12T11:40:00-04:00,34.049999,34.07,33.95,33.97,24821.0
2026-05-12T11:45:00-04:00,33.98,34.11,33.98,34.09,18762.0
2026-05-12T11:50:00-04:00,34.12,34.225,34.07,34.21,53705.0
2026-05-12T11:55:00-04:00,34.17,34.23,34.11,34.14,27850.0
2026-05-12T12:00:00-04:00,34.099998,34.23,34.080002,34.18,36949.0
2026-05-12T12:05:00-04:00,34.19,34.27,34.16,34.24,44922.0
2026-05-12T12:10:00-04:00,34.25,34.27,34.2,34.22,44008.0
2026-05-12T12:15:00-04:00,34.24,34.25,34.16,34.18,19491.0
2026-05-12T12:20:00-04:00,34.21,34.3,34.21,34.29,21532.0
2026-05-12T12:25:00-04:00,34.29,34.295,34.235,34.27,16921.0
2026-05-12T12:30:00-04:00,34.26,34.35,34.21,34.34,31693.0
2026-05-12T12:35:00-04:00,34.35,34.46,34.34,34.355,13402.0
2026-05-12T12:40:00-04:00,34.34,34.37,34.27,34.305,47977.0
2026-05-12T12:45:00-04:00,34.31,34.325,34.23,34.3,29901.0
2026-05-12T12:50:00-04:00,34.31,34.32,34.21,34.2501,31196.0
2026-05-12T12:55:00-04:00,34.26,34.34,34.26,34.31,12894.0
2026-05-12T13:00:00-04:00,34.33,34.4,34.33,34.38,26761.0
2026-05-12T13:05:00-04:00,34.39,34.52,34.39,34.52,19092.0
2026-05-12T13:10:00-04:00,34.54,34.74,34.54,34.74,18723.0
2026-05-12T13:15:00-04:00,34.74,34.87,34.74,34.81,23300.0
2026-05-12T13:20:00-04:00,34.8,34.82,34.76,34.8,29488.0
2026-05-12T13:25:00-04:00,34.8,34.8,34.74,34.74,13613.0
2026-05-12T13:30:00-04:00,34.75,34.88,34.75,34.88,31557.0
2026-05-12T13:35:00-04:00,34.89,34.92,34.83,34.92,24811.0
2026-05-12T13:40:00-04:00,34.915,34.98,34.86,34.955,20787.0
2026-05-12T13:45:00-04:00,34.94,34.96,34.92,34.96,13986.0
2026-05-12T13:50:00-04:00,34.96,35.0,34.88,34.905,26512.0
2026-05-12T13:55:00-04:00,34.91,35.02,34.88,35.0099983,29729.0
2026-05-12T14:00:00-04:00,35.0099983,35.18,35.0099983,35.17,35806.0
2026-05-12T14:05:00-04:00,35.19,35.19,35.040001,35.049999,22314.0
2026-05-12T14:10:00-04:00,35.049999,35.14,35.040001,35.1398,28365.0
2026-05-12T14:15:00-04:00,35.14,35.1937,35.14,35.1937,20264.0
2026-05-12T14:20:00-04:00,35.2,35.25,35.17,35.19,29205.0
2026-05-12T14:25:00-04:00,35.2,35.41,35.2,35.34,27698.0
2026-05-12T14:30:00-04:00,35.35,35.385,35.33,35.36,32424.0
2026-05-12T14:35:00-04:00,35.35,35.39,35.2901,35.37,32000.0
2026-05-12T14:40:00-04:00,35.37,35.53,35.37,35.52,42825.0
2026-05-12T14:45:00-04:00,35.51,35.53,35.46,35.53,34831.0
2026-05-12T14:50:00-04:00,35.54,35.64,35.5101,35.58,39821.0
2026-05-12T14:55:00-04:00,35.595,35.74,35.5,35.5,55986.0
2026-05-12T15:00:00-04:00,35.5,35.675,35.5,35.64,38311.0
2026-05-12T15:05:00-04:00,35.64,35.695,35.6199,35.69,31445.0
2026-05-12T15:10:00-04:00,35.69,35.76,35.69,35.74,31579.0
2026-05-12T15:15:00-04:00,35.75,35.85,35.745,35.77,53948.0
2026-05-12T15:20:00-04:00,35.79,35.79,35.63,35.69,42285.0
2026-05-12T15:25:00-04:00,35.695,35.74,35.63,35.64,36617.0
2026-05-12T15:30:00-04:00,35.65,35.85,35.65,35.85,48299.0
2026-05-12T15:35:00-04:00,35.85,35.98,35.845,35.94,63182.0
2026-05-12T15:40:00-04:00,35.945,35.97,35.87,35.875,51310.0
2026-05-12T15:45:00-04:00,35.87,35.975,35.865,35.94,63315.0
2026-05-12T15:50:00-04:00,35.94,35.955,35.84,35.85,113586.0
2026-05-12T15:55:00-04:00,35.86,35.86,35.72,35.735,297037.0
2026-05-13T09:30:00-04:00,35.3,35.615,35.1805,35.32,123510.0
2026-05-13T09:35:00-04:00,35.39,35.42,34.895,34.905,32895.0
2026-05-13T09:40:00-04:00,34.94,35.099998,34.665,34.7151,50970.0
2026-05-13T09:45:00-04:00,34.73,34.88,34.555,34.88,35511.0
2026-05-13T09:50:00-04:00,34.89,35.15,34.8301,35.1451,33093.0
2026-05-13T09:55:00-04:00,35.11,35.12,34.9608,35.02,50231.0
2026-05-13T10:00:00-04:00,35.040001,35.24,34.96,35.1899,31705.0
2026-05-13T10:05:00-04:00,35.125,35.31,35.125,35.24,34502.0
2026-05-13T10:10:00-04:00,35.25,35.495,35.2414,35.385,43416.0
2026-05-13T10:15:00-04:00,35.37,35.38,35.16,35.245,42908.0
2026-05-13T10:20:00-04:00,35.24,35.54,35.24,35.48,34316.0
2026-05-13T10:25:00-04:00,35.47,35.62,35.42,35.6,27333.0
2026-05-13T10:30:00-04:00,35.59,35.78,35.59,35.77,33332.0
2026-05-13T10:35:00-04:00,35.76,35.77,35.56,35.56,33421.0
2026-05-13T10:40:00-04:00,35.6,35.62,35.52,35.6036,25091.0
2026-05-13T10:45:00-04:00,35.615,35.63,35.4116,35.43,28635.0
2026-05-13T10:50:00-04:00,35.4401,35.4401,35.34,35.35,30252.0
2026-05-13T10:55:00-04:00,35.34,35.37,35.23,35.235,26755.0
2026-05-13T11:00:00-04:00,35.22,35.26,35.13,35.19,32090.0
2026-05-13T11:05:00-04:00,35.18,35.18,35.029999,35.07,22949.0
2026-05-13T11:10:00-04:00,35.040001,35.080002,34.95,34.95,19897.0
2026-05-13T11:15:00-04:00,34.95,35.1352,34.92,35.1352,42369.0
2026-05-13T11:20:00-04:00,35.14,35.225,35.080002,35.19,23043.0
2026-05-13T11:25:00-04:00,35.2,35.28,35.18,35.25,42844.0
2026-05-13T11:30:00-04:00,35.25,35.33,35.17,35.3,50679.0
2026-05-13T11:35:00-04:00,35.295,35.35,35.295,35.31,26736.0
2026-05-13T11:40:00-04:00,35.3,35.31,35.25,35.29,23611.0
2026-05-13T11:45:00-04:00,35.27,35.29,35.22,35.235,23151.0
2026-05-13T11:50:00-04:00,35.22,35.22,35.080002,35.19,32821.0
2026-05-13T11:55:00-04:00,35.1801,35.2,35.105,35.12,13522.0
2026-05-13T12:00:00-04:00,35.125,35.25,35.125,35.23,20104.0
2026-05-13T12:05:00-04:00,35.23,35.29,35.17,35.2,12236.0
2026-05-13T12:10:00-04:00,35.21,35.21,35.13,35.17,13510.0
2026-05-13T12:15:00-04:00,35.18,35.2001,35.15,35.2,11813.0
2026-05-13T12:20:00-04:00,35.21,35.43,35.2,35.39,32201.0
2026-05-13T12:25:00-04:00,35.38,35.4,35.18,35.18,24661.0
2026-05-13T12:30:00-04:00,35.145,35.21,35.13,35.17,24702.0
2026-05-13T12:35:00-04:00,35.162,35.22,35.13,35.18,31632.0
2026-05-13T12:40:00-04:00,35.16,35.16,35.040001,35.055,13892.0
2026-05-13T12:45:00-04:00,35.040001,35.099998,35.040001,35.080002,17348.0
2026-05-13T12:50:00-04:00,35.07,35.07,35.0,35.049999,25291.0
2026-05-13T12:55:00-04:00,35.062,35.080002,34.74,34.74,36814.0
2026-05-13T13:00:00-04:00,34.758,34.82,34.69,34.815,31391.0
2026-05-13T13:05:00-04:00,34.82,34.9195,34.81,34.8599,13661.0
2026-05-13T13:10:00-04:00,34.86,34.86,34.75,34.79,17544.0
2026-05-13T13:15:00-04:00,34.795,34.795,34.72,34.74,11808.0
2026-05-13T13:20:00-04:00,34.725,34.77,34.67,34.685,17605.0
2026-05-13T13:25:00-04:00,34.69,34.75,34.69,34.73,14091.0
2026-05-13T13:30:00-04:00,34.72,34.72,34.675,34.675,16169.0
2026-05-13T13:35:00-04:00,34.67,34.71,34.66,34.6901,15252.0
2026-05-13T13:40:00-04:00,34.69,34.69,34.6,34.61,25159.0
2026-05-13T13:45:00-04:00,34.58,34.64,34.565,34.57,10647.0
2026-05-13T13:50:00-04:00,34.56,34.595,34.5,34.57,18067.0
2026-05-13T13:55:00-04:00,34.54,34.55,34.44,34.47,31696.0
2026-05-13T14:00:00-04:00,34.49,34.6058,34.49,34.6058,15149.0
2026-05-13T14:05:00-04:00,34.58,34.59,34.53,34.585,8971.0
2026-05-13T14:10:00-04:00,34.57,34.635,34.535,34.635,14454.0
2026-05-13T14:15:00-04:00,34.68,34.68,34.57,34.57,12148.0
2026-05-13T14:20:00-04:00,34.6,34.6,34.52,34.53,7975.0
2026-05-13T14:25:00-04:00,34.54,34.605,34.53,34.605,12455.0
2026-05-13T14:30:00-04:00,34.6,34.615,34.56,34.602,9016.0
2026-05-13T14:35:00-04:00,34.6,34.6,34.56,34.59,9518.0
2026-05-13T14:40:00-04:00,34.58,34.64,34.52,34.575,34048.0
2026-05-13T14:45:00-04:00,34.56,34.6,34.49,34.55,20949.0
2026-05-13T14:50:00-04:00,34.565,34.69,34.565,34.69,16261.0
2026-05-13T14:55:00-04:00,34.67,34.69,34.58,34.6,15935.0
2026-05-13T15:00:00-04:00,34.6,34.63,34.56,34.57,11254.0
2026-05-13T15:05:00-04:00,34.56,34.61,34.54,34.61,10109.0
2026-05-13T15:10:00-04:00,34.625,34.63,34.53,34.565,16231.0
2026-05-13T15:15:00-04:00,34.55,34.56,34.51,34.52,21497.0
2026-05-13T15:20:00-04:00,34.5002,34.65,34.5002,34.63,26083.0
2026-05-13T15:25:00-04:00,34.62,34.66,34.595,34.66,20216.0
2026-05-13T15:30:00-04:00,34.67,34.72,34.635,34.635,28853.0
2026-05-13T15:35:00-04:00,34.635,34.74,34.63,34.71,29253.0
2026-05-13T15:40:00-04:00,34.7,34.72,34.64,34.69,39073.0
2026-05-13T15:45:00-04:00,34.7,34.71,34.645,34.665,34400.0
2026-05-13T15:50:00-04:00,34.65,34.69,34.61,34.65,69059.0
2026-05-13T15:55:00-04:00,34.66,34.77,34.645,34.76,189130.0
2026-05-14T09:30:00-04:00,34.73,34.73,34.060001,34.165,54313.0
2026-05-14T09:35:00-04:00,34.22,34.26,34.049999,34.080101,24082.0
2026-05-14T09:40:00-04:00,34.02,34.060001,33.6328,33.8,47146.0
2026-05-14T09:45:00-04:00,33.84,34.064999,33.84,33.97,46959.0
2026-05-14T09:50:00-04:00,33.96,34.049999,33.86,33.86,73330.0
2026-05-14T09:55:00-04:00,33.88,33.89,33.44,33.48,38722.0
2026-05-14T10:00:00-04:00,33.51,33.92,33.49,33.88,31068.0
2026-05-14T10:05:00-04:00,33.85,33.92,33.76,33.8,24906.0
2026-05-14T10:10:00-04:00,33.79,34.080002,33.79,33.95,23553.0
2026-05-14T10:15:00-04:00,33.94,34.09,33.86,34.07,42318.0
2026-05-14T10:20:00-04:00,34.07,34.2,34.07,34.080002,14488.0
2026-05-14T10:25:00-04:00,34.080002,34.080002,33.88,33.9,22622.0
2026-05-14T10:30:00-04:00,33.91,33.97,33.882,33.95,18782.0
2026-05-14T10:35:00-04:00,33.975,33.975,33.87,33.95,12587.0
2026-05-14T10:40:00-04:00,33.93,33.99,33.905,33.97,15112.0
2026-05-14T10:45:00-04:00,33.99,34.099998,33.965,33.975,22368.0
2026-05-14T10:50:00-04:00,33.975,34.040001,33.97,34.014999,24327.0
2026-05-14T10:55:00-04:00,34.02,34.15,33.96,33.99,25380.0
2026-05-14T11:00:00-04:00,33.94,34.060001,33.895,34.040001,13153.0
2026-05-14T11:05:00-04:00,34.029999,34.16,34.029999,34.16,17278.0
2026-05-14T11:10:00-04:00,34.14,34.175,34.09,34.175,14071.0
2026-05-14T11:15:00-04:00,34.16,34.31,34.135,34.248,20564.0
2026-05-14T11:20:00-04:00,34.23,34.23,34.16,34.23,21128.0
2026-05-14T11:25:00-04:00,34.23,34.25,34.2,34.2,14860.0
2026-05-14T11:30:00-04:00,34.18,34.21,34.18,34.205,8135.0
2026-05-14T11:35:00-04:00,34.19,34.2399,34.099998,34.14,17156.0
2026-05-14T11:40:00-04:00,34.13,34.17,34.0099983,34.044998,15245.0
2026-05-14T11:45:00-04:00,34.030102,34.064999,33.93,34.064999,29337.0
2026-05-14T11:50:00-04:00,34.060001,34.060001,33.99,34.029999,16409.0
2026-05-14T11:55:00-04:00,34.040001,34.09,34.040001,34.060001,20100.0
2026-05-14T12:00:00-04:00,34.080002,34.095001,34.049999,34.060001,15008.0
2026-05-14T12:05:00-04:00,34.060001,34.064999,34.0099983,34.040001,11240.0
2026-05-14T12:10:00-04:00,34.049999,34.16,34.029999,34.13,17537.0
2026-05-14T12:15:00-04:00,34.13,34.195,34.13,34.195,11556.0
2026-05-14T12:20:00-04:00,34.195,34.195,34.125,34.16,15798.0
2026-05-14T12:25:00-04:00,34.1201,34.125,34.035,34.099998,13892.0
2026-05-14T12:30:00-04:00,34.14,34.17,34.11,34.16,11044.0
2026-05-14T12:35:00-04:00,34.15,34.17,34.070099,34.14,9022.0
2026-05-14T12:40:00-04:00,34.16,34.25,34.14,34.25,20247.0
2026-05-14T12:45:00-04:00,34.26,34.27,34.2003,34.2601,18782.0
2026-05-14T12:50:00-04:00,34.26,34.31,34.22,34.305,12498.0
2026-05-14T12:55:00-04:00,34.315,34.39,34.29,34.39,8551.0
2026-05-14T13:00:00-04:00,34.38,34.44,34.38,34.41,14517.0
2026-05-14T13:05:00-04:00,34.42,34.42,34.3,34.31,8508.0
2026-05-14T13:10:00-04:00,34.29,34.3,34.18,34.21,14237.0
2026-05-14T13:15:00-04:00,34.19,34.24,34.19,34.21,13401.0
2026-05-14T13:20:00-04:00,34.21,34.31,34.21,34.21,12043.0
2026-05-14T13:25:00-04:00,34.2384,34.27,34.21,34.25,11331.0
2026-05-14T13:30:00-04:00,34.26,34.29,34.26,34.28,8861.0
2026-05-14T13:35:00-04:00,34.28,34.34,34.28,34.28,13207.0
2026-05-14T13:40:00-04:00,34.275,34.369,34.275,34.355,9155.0
2026-05-14T13:45:00-04:00,34.37,34.39,34.31,34.34,16411.0
2026-05-14T13:50:00-04:00,34.33,34.33,34.26,34.28,17900.0
2026-05-14T13:55:00-04:00,34.29,34.36,34.26,34.35,19135.0
2026-05-14T14:00:00-04:00,34.34,34.35,34.2335,34.29,18046.0
2026-05-14T14:05:00-04:00,34.28,34.43,34.28,34.41,19258.0
2026-05-14T14:10:00-04:00,34.4,34.425,34.375,34.42,16698.0
2026-05-14T14:15:00-04:00,34.4,34.46,34.395,34.45,14667.0
2026-05-14T14:20:00-04:00,34.46,34.47,34.31,34.315,16209.0
2026-05-14T14:25:00-04:00,34.31,34.362,34.26,34.362,22721.0
2026-05-14T14:30:00-04:00,34.37,34.465,34.36,34.465,13389.0
2026-05-14T14:35:00-04:00,34.45,34.45,34.39,34.4,14836.0
2026-05-14T14:40:00-04:00,34.4,34.41,34.375,34.41,12486.0
2026-05-14T14:45:00-04:00,34.41,34.465,34.4,34.435,14840.0
2026-05-14T14:50:00-04:00,34.44,34.46,34.4,34.4,15447.0
2026-05-14T14:55:00-04:00,34.38,34.39,34.325,34.345,16320.0
2026-05-14T15:00:00-04:00,34.36,34.43,34.36,34.41,15498.0
2026-05-14T15:05:00-04:00,34.43,34.46,34.4,34.45,13647.0
2026-05-14T15:10:00-04:00,34.46,34.52,34.45,34.52,36304.0
2026-05-14T15:15:00-04:00,34.51,34.51,34.33,34.355,22513.0
2026-05-14T15:20:00-04:00,34.37,34.44,34.36,34.44,29905.0
2026-05-14T15:25:00-04:00,34.43,34.46,34.29,34.301,27935.0
2026-05-14T15:30:00-04:00,34.29,34.415,34.29,34.415,20543.0
2026-05-14T15:35:00-04:00,34.405,34.405,34.32,34.32,29160.0
2026-05-14T15:40:00-04:00,34.33,34.34,34.25,34.275,53248.0
2026-05-14T15:45:00-04:00,34.27,34.34,34.24,34.315,64894.0
2026-05-14T15:50:00-04:00,34.31,34.32,34.235,34.255,58744.0
2026-05-14T15:55:00-04:00,34.25,34.27,34.145,34.24,172994.0
2026-05-15T09:30:00-04:00,32.040001,32.325,31.5101,31.605,271451.0
2026-05-15T09:35:00-04:00,31.52,31.66,31.29,31.4206,74718.0
2026-05-15T09:40:00-04:00,31.43,31.64,31.43,31.55,35942.0
2026-05-15T09:45:00-04:00,31.54,31.8,31.34,31.8,98904.0
2026-05-15T09:50:00-04:00,31.81,31.81,31.58,31.65,84636.0
2026-05-15T09:55:00-04:00,31.66,31.67,31.295,31.39,63945.0
2026-05-15T10:00:00-04:00,31.4,31.61,31.31,31.61,48800.0
2026-05-15T10:05:00-04:00,31.63,31.695,31.57,31.62,39451.0
2026-05-15T10:10:00-04:00,31.67,31.91,31.575,31.88,28814.0
2026-05-15T10:15:00-04:00,31.82,31.88,31.78,31.85,25844.0
2026-05-15T10:20:00-04:00,31.84,31.85,31.71,31.71,31690.0
2026-05-15T10:25:00-04:00,31.72,31.7299,31.585,31.6,22118.0
2026-05-15T10:30:00-04:00,31.62,31.6699,31.5535,31.59,18785.0
2026-05-15T10:35:00-04:00,31.6,31.64,31.51,31.57,15318.0
2026-05-15T10:40:00-04:00,31.585,31.815,31.495,31.81,72255.0
2026-05-15T10:45:00-04:00,31.79,31.79,31.37,31.38,73172.0
2026-05-15T10:50:00-04:00,31.35,31.435,31.28,31.4,76852.0
2026-05-15T10:55:00-04:00,31.41,31.525,31.41,31.455,29880.0
2026-05-15T11:00:00-04:00,31.485,31.495,31.33,31.43,12483.0
2026-05-15T11:05:00-04:00,31.41,31.72,31.41,31.63,59513.0
2026-05-15T11:10:00-04:00,31.635,31.65,31.52,31.55,35328.0
2026-05-15T11:15:00-04:00,31.55,31.6,31.52,31.53,35258.0
2026-05-15T11:20:00-04:00,31.53,31.6292,31.52,31.555,45987.0
2026-05-15T11:25:00-04:00,31.555,31.56,31.37,31.45,24878.0
2026-05-15T11:30:00-04:00,31.46,31.48,31.29,31.29,21449.0
2026-05-15T11:35:00-04:00,31.29,31.34,31.215,31.22,27714.0
2026-05-15T11:40:00-04:00,31.205,31.23,31.051001,31.14,47678.0
2026-05-15T11:45:00-04:00,31.13,31.18,31.065001,31.065001,17403.0
2026-05-15T11:50:00-04:00,31.055,31.1,30.92,30.95,25372.0
2026-05-15T11:55:00-04:00,30.936,31.0,30.92,31.0,14724.0
2026-05-15T12:00:00-04:00,31.02,31.040001,30.94,30.98,18073.0
2026-05-15T12:05:00-04:00,30.96,31.01,30.905,30.905,20481.0
2026-05-15T12:10:00-04:00,30.92,30.98,30.915,30.965,30224.0
2026-05-15T12:15:00-04:00,30.95,31.02,30.945,30.98,20462.0
2026-05-15T12:20:00-04:00,30.965,31.15,30.95,31.15,18017.0
2026-05-15T12:25:00-04:00,31.16,31.18,31.09,31.094999,9010.0
2026-05-15T12:30:00-04:00,31.11,31.22,31.11,31.22,18113.0
2026-05-15T12:35:00-04:00,31.24,31.33,31.2,31.33,11444.0
2026-05-15T12:40:00-04:00,31.325,31.36,31.3,31.345,15411.0
2026-05-15T12:45:00-04:00,31.33,31.33,31.22,31.26,7999.0
2026-05-15T12:50:00-04:00,31.25,31.25,31.17,31.19,9668.0
2026-05-15T12:55:00-04:00,31.205,31.205,31.135,31.175,10037.0
2026-05-15T13:00:00-04:00,31.175,31.2,31.14,31.15,11904.0
2026-05-15T13:05:00-04:00,31.17,31.29,31.17,31.26,15541.0
2026-05-15T13:10:00-04:00,31.27,31.38,31.27,31.38,15536.0
2026-05-15T13:15:00-04:00,31.37,31.41,31.31,31.41,11019.0
2026-05-15T13:20:00-04:00,31.405,31.48,31.3899,31.455,22560.0
2026-05-15T13:25:00-04:00,31.49,31.5499,31.45,31.45,22792.0
2026-05-15T13:30:00-04:00,31.46,31.51,31.45,31.51,9585.0
2026-05-15T13:35:00-04:00,31.51,31.5599,31.48,31.51,14923.0
2026-05-15T13:40:00-04:00,31.52,31.52,31.46,31.47,8881.0
2026-05-15T13:45:00-04:00,31.48,31.52,31.47,31.5,14516.0
2026-05-15T13:50:00-04:00,31.48,31.53,31.48,31.5,12096.0
2026-05-15T13:55:00-04:00,31.5,31.505,31.46,31.46,7775.0
2026-05-15T14:00:00-04:00,31.455,31.47,31.415,31.43,8368.0
2026-05-15T14:05:00-04:00,31.44,31.46,31.38,31.39,16138.0
2026-05-15T14:10:00-04:00,31.36,31.395,31.35,31.355,12068.0
2026-05-15T14:15:00-04:00,31.37,31.37,31.325,31.335,10998.0
2026-05-15T14:20:00-04:00,31.335,31.39,31.33,31.39,15025.0
2026-05-15T14:25:00-04:00,31.38,31.3896,31.29,31.31,13708.0
2026-05-15T14:30:00-04:00,31.32,31.33,31.245,31.29,34614.0
2026-05-15T14:35:00-04:00,31.28,31.37,31.275,31.36,12751.0
2026-05-15T14:40:00-04:00,31.38,31.48,31.345,31.465,14327.0
2026-05-15T14:45:00-04:00,31.46,31.475,31.425,31.475,9661.0
2026-05-15T14:50:00-04:00,31.48,31.51,31.45,31.49,14442.0
2026-05-15T14:55:00-04:00,31.46,31.47,31.3401,31.35,15256.0
2026-05-15T15:00:00-04:00,31.3599,31.3599,31.245,31.245,15755.0
2026-05-15T15:05:00-04:00,31.26,31.265,31.2,31.2,24069.0
2026-05-15T15:10:00-04:00,31.215,31.27,31.18,31.25,15424.0
2026-05-15T15:15:00-04:00,31.265,31.31,31.25,31.295,12195.0
2026-05-15T15:20:00-04:00,31.3,31.31,31.24,31.245,19705.0
2026-05-15T15:25:00-04:00,31.24,31.2495,31.2,31.2209,27788.0
2026-05-15T15:30:00-04:00,31.24,31.295,31.235,31.25,36297.0
2026-05-15T15:35:00-04:00,31.24,31.365,31.2,31.365,38109.0
2026-05-15T15:40:00-04:00,31.36,31.37,31.25,31.25,56862.0
2026-05-15T15:45:00-04:00,31.26,31.3,31.255,31.295,45942.0
2026-05-15T15:50:00-04:00,31.29,31.37,31.245,31.35,111716.0
2026-05-15T15:55:00-04:00,31.37,31.44,31.32,31.39,350054.0
2026-05-18T09:30:00-04:00,31.92,32.19,31.66,32.099998,348726.0
2026-05-18T09:35:00-04:00,32.1999,32.27,31.85,31.875,40405.0
2026-05-18T09:40:00-04:00,31.86,32.075001,31.68,31.72,25794.0
2026-05-18T09:45:00-04:00,31.69,32.14,31.69,32.084999,30814.0
2026-05-18T09:50:00-04:00,32.080002,32.09,31.855,32.02,26458.0
2026-05-18T09:55:00-04:00,31.99,32.12,31.95,31.985,13251.0
2026-05-18T10:00:00-04:00,31.94,31.945,31.64,31.64,22673.0
2026-05-18T10:05:00-04:00,31.63,31.64,31.48,31.61,40674.0
2026-05-18T10:10:00-04:00,31.56,31.6201,31.43,31.46,16038.0
2026-05-18T10:15:00-04:00,31.44,31.61,31.42,31.59,10733.0
2026-05-18T10:20:00-04:00,31.525,31.525,31.35,31.43,16568.0
2026-05-18T10:25:00-04:00,31.44,31.5,31.39,31.48,9338.0
2026-05-18T10:30:00-04:00,31.48,31.48,31.2,31.205,22018.0
2026-05-18T10:35:00-04:00,31.23,31.4,31.105,31.375,16499.0
2026-05-18T10:40:00-04:00,31.36,31.365,31.27,31.33,16724.0
2026-05-18T10:45:00-04:00,31.35,31.36,31.1,31.1003,25313.0
2026-05-18T10:50:00-04:00,31.12,31.345,31.12,31.24,20894.0
2026-05-18T10:55:00-04:00,31.215,31.36,31.215,31.33,12200.0
2026-05-18T11:00:00-04:00,31.33,31.4,31.17,31.2,23458.0
2026-05-18T11:05:00-04:00,31.24,31.265,31.125,31.13,18880.0
2026-05-18T11:10:00-04:00,31.14,31.3345,31.14,31.29,12418.0
2026-05-18T11:15:00-04:00,31.28,31.31,31.2,31.2,7782.0
2026-05-18T11:20:00-04:00,31.23,31.36,31.23,31.345,16982.0
2026-05-18T11:25:00-04:00,31.33,31.36,31.27,31.27,12637.0
2026-05-18T11:30:00-04:00,31.24,31.3601,31.19,31.3,139308.0
2026-05-18T11:35:00-04:00,31.29,31.32,31.25,31.275,8956.0
2026-05-18T11:40:00-04:00,31.275,31.35,31.27,31.27,12279.0
2026-05-18T11:45:00-04:00,31.3,31.3025,31.225,31.225,16410.0
2026-05-18T11:50:00-04:00,31.249,31.3067,31.23,31.28,9173.0
2026-05-18T11:55:00-04:00,31.27,31.31,31.26,31.27,8064.0
2026-05-18T12:00:00-04:00,31.29,31.29,31.165,31.165,13968.0
2026-05-18T12:05:00-04:00,31.175,31.22,31.15,31.17,9810.0
2026-05-18T12:10:00-04:00,31.19,31.22,31.19,31.22,10772.0
2026-05-18T12:15:00-04:00,31.235,31.285,31.22,31.255,3621.0
2026-05-18T12:20:00-04:00,31.24,31.25,31.084999,31.11,11528.0
2026-05-18T12:25:00-04:00,31.11,31.11,30.9715,31.0,9872.0
2026-05-18T12:30:00-04:00,30.99,31.09,30.95,31.07,16734.0
2026-05-18T12:35:00-04:00,31.07,31.125,31.040001,31.0401,8807.0
2026-05-18T12:40:00-04:00,31.035,31.065,31.0,31.030001,7264.0
2026-05-18T12:45:00-04:00,31.049999,31.049999,31.0,31.01,9367.0
2026-05-18T12:50:00-04:00,31.030001,31.16,31.025,31.155,7366.0
2026-05-18T12:55:00-04:00,31.18,31.2,31.13,31.13,12389.0
2026-05-18T13:00:00-04:00,31.14,31.2,31.08,31.2,13775.0
2026-05-18T13:05:00-04:00,31.2,31.265,31.2,31.215,8905.0
2026-05-18T13:10:00-04:00,31.21,31.23,31.145,31.16,26829.0
2026-05-18T13:15:00-04:00,31.155,31.215,31.155,31.215,13900.0
2026-05-18T13:20:00-04:00,31.2,31.2,31.13,31.13,9450.0
2026-05-18T13:25:00-04:00,31.135,31.135,31.07,31.094999,11356.0
2026-05-18T13:30:00-04:00,31.094999,31.145,31.094999,31.12,7990.0
2026-05-18T13:35:00-04:00,31.11,31.1101,31.07,31.09,11864.0
2026-05-18T13:40:00-04:00,31.1,31.1,31.08,31.095,4213.0
2026-05-18T13:45:00-04:00,31.095,31.1,31.059999,31.08,11261.0
2026-05-18T13:50:00-04:00,31.07,31.13,31.07,31.13,6540.0
2026-05-18T13:55:00-04:00,31.13,31.13,31.08,31.13,6668.0
2026-05-18T14:00:00-04:00,31.14,31.155,31.07,31.155,6005.0
2026-05-18T14:05:00-04:00,31.14,31.16,31.12,31.13,7441.0
2026-05-18T14:10:00-04:00,31.11,31.12,31.09,31.09,8181.0
2026-05-18T14:15:00-04:00,31.07,31.07,30.925,30.925,25133.0
2026-05-18T14:20:00-04:00,30.92,30.92,30.85,30.89,9677.0
2026-05-18T14:25:00-04:00,30.9,30.9,30.66,30.76,148462.0
2026-05-18T14:30:00-04:00,30.78,30.85,30.74,30.75,17385.0
2026-05-18T14:35:00-04:00,30.745,30.75,30.66,30.66,16387.0
2026-05-18T14:40:00-04:00,30.65,30.69,30.61,30.665,27835.0
2026-05-18T14:45:00-04:00,30.64,30.66,30.625,30.64,13430.0
2026-05-18T14:50:00-04:00,30.64,30.64,30.56,30.61,34584.0
2026-05-18T14:55:00-04:00,30.6,30.61,30.56,30.56,23959.0
2026-05-18T15:00:00-04:00,30.5675,31.045,30.565,30.89,52388.0
2026-05-18T15:05:00-04:00,30.895,30.955,30.74,30.835,17232.0
2026-05-18T15:10:00-04:00,30.8,30.83,30.71,30.74,20762.0
2026-05-18T15:15:00-04:00,30.75,30.79,30.71,30.765,15995.0
2026-05-18T15:20:00-04:00,30.75,30.809,30.66,30.67,25736.0
2026-05-18T15:25:00-04:00,30.66,30.69,30.61,30.67,29973.0
2026-05-18T15:30:00-04:00,30.66,30.81,30.655,30.8,21947.0
2026-05-18T15:35:00-04:00,30.82,30.87,30.805,30.84,27324.0
2026-05-18T15:40:00-04:00,30.85,30.878,30.79,30.79,31271.0
2026-05-18T15:45:00-04:00,30.76,30.8,30.73,30.73,38746.0
2026-05-18T15:50:00-04:00,30.72,30.73,30.65,30.69,62029.0
2026-05-18T15:55:00-04:00,30.7,30.78,30.62,30.73,163286.0
2026-05-19T09:30:00-04:00,29.945,30.12,29.1,29.48,135470.0
2026-05-19T09:35:00-04:00,29.565,29.72,29.41,29.6,33660.0
2026-05-19T09:40:00-04:00,29.57,29.57,29.16,29.1906,58450.0
2026-05-19T09:45:00-04:00,29.2,29.33,29.1,29.33,87022.0
2026-05-19T09:50:00-04:00,29.295,29.66,29.295,29.63,67303.0
2026-05-19T09:55:00-04:00,29.66,29.7,29.41,29.51,26318.0
2026-05-19T10:00:00-04:00,29.46,29.625,29.4025,29.625,20957.0
2026-05-19T10:05:00-04:00,29.64,29.65,29.46,29.51,43535.0
2026-05-19T10:10:00-04:00,29.53,29.665,29.5,29.52,26552.0
2026-05-19T10:15:00-04:00,29.53,29.58,29.4056,29.51,48149.0
2026-05-19T10:20:00-04:00,29.52,29.52,29.21,29.31,40246.0
2026-05-19T10:25:00-04:00,29.31,29.46,29.28,29.395,58502.0
2026-05-19T10:30:00-04:00,29.41,29.46,29.26,29.33,47407.0
2026-05-19T10:35:00-04:00,29.315,29.47,29.3101,29.44,16488.0
2026-05-19T10:40:00-04:00,29.37,29.4799,29.31,29.32,21350.0
2026-05-19T10:45:00-04:00,29.35,29.38,29.22,29.235,35839.0
2026-05-19T10:50:00-04:00,29.24,29.29,29.23,29.25,25335.0
2026-05-19T10:55:00-04:00,29.25,29.4,29.22,29.38,40876.0
2026-05-19T11:00:00-04:00,29.4,29.445,29.34,29.435,16614.0
2026-05-19T11:05:00-04:00,29.425,29.44,29.37,29.425,36228.0
2026-05-19T11:10:00-04:00,29.42,29.55,29.42,29.53,23627.0
2026-05-19T11:15:00-04:00,29.56,29.64,29.54,29.63,70521.0
2026-05-19T11:20:00-04:00,29.6,29.63,29.49,29.49,25740.0
2026-05-19T11:25:00-04:00,29.49,29.57,29.48,29.55,21706.0
2026-05-19T11:30:00-04:00,29.55,29.69,29.55,29.65,31015.0
2026-05-19T11:35:00-04:00,29.64,29.74,29.585,29.7,17522.0
2026-05-19T11:40:00-04:00,29.67,29.7,29.64,29.695,17810.0
2026-05-19T11:45:00-04:00,29.695,29.7,29.58,29.6,17820.0
2026-05-19T11:50:00-04:00,29.6,29.65,29.56,29.65,28051.0
2026-05-19T11:55:00-04:00,29.64,29.735,29.63,29.7,26801.0
2026-05-19T12:00:00-04:00,29.7,29.75,29.68,29.725,28438.0
2026-05-19T12:05:00-04:00,29.725,29.74,29.61,29.63,19361.0
2026-05-19T12:10:00-04:00,29.62,29.625,29.55,29.575,15417.0
2026-05-19T12:15:00-04:00,29.6,29.63,29.53,29.54,22738.0
2026-05-19T12:20:00-04:00,29.54,29.69,29.54,29.69,23792.0
2026-05-19T12:25:00-04:00,29.7,29.77,29.7,29.75,12072.0
2026-05-19T12:30:00-04:00,29.75,29.88,29.75,29.88,20181.0
2026-05-19T12:35:00-04:00,29.86,29.95,29.86,29.92,13240.0
2026-05-19T12:40:00-04:00,29.91,29.96,29.905,29.96,10947.0
2026-05-19T12:45:00-04:00,29.96,29.98,29.94,29.965,13250.0
2026-05-19T12:50:00-04:00,29.97,29.98,29.91,29.94,13907.0
2026-05-19T12:55:00-04:00,29.93,29.98,29.9,29.975,16727.0
2026-05-19T13:00:00-04:00,29.98,30.049999,29.98,30.040001,17525.0
2026-05-19T13:05:00-04:00,30.049999,30.08,30.030001,30.08,19775.0
2026-05-19T13:10:00-04:00,30.09,30.16,30.077,30.15,13771.0
2026-05-19T13:15:00-04:00,30.15,30.21,30.15,30.17,16571.0
2026-05-19T13:20:00-04:00,30.17,30.21,30.135,30.175,16426.0
2026-05-19T13:25:00-04:00,30.18,30.19,30.12,30.12,14273.0
2026-05-19T13:30:00-04:00,30.12,30.17,30.12,30.12,16502.0
2026-05-19T13:35:00-04:00,30.12,30.12,29.98,30.075001,133965.0
2026-05-19T13:40:00-04:00,30.059999,30.08,29.93,29.955,21363.0
2026-05-19T13:45:00-04:00,29.95,29.95,29.84,29.91,18544.0
2026-05-19T13:50:00-04:00,29.9,29.9328,29.9,29.93,15496.0
2026-05-19T13:55:00-04:00,29.94,29.985,29.92,29.95,24163.0
2026-05-19T14:00:00-04:00,29.95,29.975,29.94,29.95,10971.0
2026-05-19T14:05:00-04:00,29.94,29.97,29.93,29.94,20068.0
2026-05-19T14:10:00-04:00,29.91,29.93,29.885,29.885,15152.0
2026-05-19T14:15:00-04:00,29.895,29.9158,29.83,29.85,15958.0
2026-05-19T14:20:00-04:00,29.86,29.88,29.79,29.85,25172.0
2026-05-19T14:25:00-04:00,29.865,29.93,29.8501,29.87,15802.0
2026-05-19T14:30:00-04:00,29.86,29.93,29.82,29.93,12810.0
2026-05-19T14:35:00-04:00,29.915,29.95,29.905,29.93,16836.0
2026-05-19T14:40:00-04:00,29.92,29.97,29.91,29.935,17172.0
2026-05-19T14:45:00-04:00,29.93,29.93,29.865,29.88,13096.0
2026-05-19T14:50:00-04:00,29.87,29.87,29.815,29.815,21946.0
2026-05-19T14:55:00-04:00,29.8,29.82,29.7,29.75,31006.0
2026-05-19T15:00:00-04:00,29.75,29.8,29.75,29.78,18680.0
2026-05-19T15:05:00-04:00,29.78,29.85,29.75,29.85,19054.0
2026-05-19T15:10:00-04:00,29.86,29.9,29.82,29.89,17282.0
2026-05-19T15:15:00-04:00,29.87,29.87,29.74,29.745,22273.0
2026-05-19T15:20:00-04:00,29.74,29.74,29.55,29.555,172733.0
2026-05-19T15:25:00-04:00,29.55,29.61,29.495,29.6,27610.0
2026-05-19T15:30:00-04:00,29.62,29.62,29.58,29.59,30216.0
2026-05-19T15:35:00-04:00,29.57,29.62,29.57,29.58,27207.0
2026-05-19T15:40:00-04:00,29.6,29.69,29.575,29.67,35735.0
2026-05-19T15:45:00-04:00,29.675,29.71,29.65,29.69,36569.0
2026-05-19T15:50:00-04:00,29.69,29.725,29.58,29.58,71312.0
2026-05-19T15:55:00-04:00,29.58,29.645,29.55,29.61,209955.0
2026-05-20T09:30:00-04:00,30.2,30.2,29.8,30.07,96336.0
2026-05-20T09:35:00-04:00,30.02,30.07,29.72,29.825,34671.0
2026-05-20T09:40:00-04:00,29.87,29.91,29.73,29.87,44877.0
2026-05-20T09:45:00-04:00,29.87,30.025,29.87,29.96,22115.0
2026-05-20T09:50:00-04:00,29.96,30.23,29.96,30.07,52435.0
2026-05-20T09:55:00-04:00,30.12,30.12,30.0,30.07,18746.0
2026-05-20T10:00:00-04:00,30.09,30.21,30.049999,30.049999,34363.0
2026-05-20T10:05:00-04:00,30.030001,30.059999,29.82,29.82,26672.0
2026-05-20T10:10:00-04:00,29.82,29.85,29.6,29.78,41369.0
2026-05-20T10:15:00-04:00,29.77,30.29,29.75,30.12,45338.0
2026-05-20T10:20:00-04:00,30.17,30.42,30.16,30.255,35049.0
2026-05-20T10:25:00-04:00,30.255,30.255,30.13,30.13,23943.0
2026-05-20T10:30:00-04:00,30.1499,30.425,30.1499,30.38,25078.0
2026-05-20T10:35:00-04:00,30.37,30.39,30.29,30.295,20606.0
2026-05-20T10:40:00-04:00,30.28,30.31,30.21,30.25,24722.0
2026-05-20T10:45:00-04:00,30.2397,30.29,30.21,30.25,20960.0
2026-05-20T10:50:00-04:00,30.24,30.34,30.24,30.31,12680.0
2026-05-20T10:55:00-04:00,30.32,30.55,30.315,30.45,29674.0
2026-05-20T11:00:00-04:00,30.47,30.58,30.43,30.5,18959.0
2026-05-20T11:05:00-04:00,30.51,30.555,30.44,30.46,24114.0
2026-05-20T11:10:00-04:00,30.45,30.57,30.41,30.56,17763.0
2026-05-20T11:15:00-04:00,30.56,30.955,30.56,30.77,61242.0
2026-05-20T11:20:00-04:00,30.78,30.82,30.7,30.715,17796.0
2026-05-20T11:25:00-04:00,30.715,30.74,30.62,30.68,23278.0
2026-05-20T11:30:00-04:00,30.7,30.73,30.67,30.7,13800.0
2026-05-20T11:35:00-04:00,30.73,30.75,30.69,30.715,20823.0
2026-05-20T11:40:00-04:00,30.73,30.76,30.6106,30.74,29144.0
2026-05-20T11:45:00-04:00,30.72,30.78,30.72,30.765,14051.0
2026-05-20T11:50:00-04:00,30.7601,30.86,30.73,30.76,23358.0
2026-05-20T11:55:00-04:00,30.77,30.79,30.565,30.68,28363.0
2026-05-20T12:00:00-04:00,30.685,30.76,30.66,30.755,14884.0
2026-05-20T12:05:00-04:00,30.77,30.855,30.77,30.83,28224.0
2026-05-20T12:10:00-04:00,30.8298,30.8298,30.76,30.77,14143.0
2026-05-20T12:15:00-04:00,30.76,30.76,30.69,30.72,26526.0
2026-05-20T12:20:00-04:00,30.715,30.74,30.65,30.66,25152.0
2026-05-20T12:25:00-04:00,30.63,30.69,30.61,30.69,12324.0
2026-05-20T12:30:00-04:00,30.71,30.725,30.66,30.66,19633.0
2026-05-20T12:35:00-04:00,30.69,30.7,30.63,30.63,11845.0
2026-05-20T12:40:00-04:00,30.635,30.69,30.58,30.61,21130.0
2026-05-20T12:45:00-04:00,30.64,30.64,30.57,30.62,12485.0
2026-05-20T12:50:00-04:00,30.64,30.69,30.62,30.69,8176.0
2026-05-20T12:55:00-04:00,30.68,30.7,30.625,30.6401,41762.0
2026-05-20T13:00:00-04:00,30.64,30.73,30.61,30.69,20968.0
2026-05-20T13:05:00-04:00,30.66,30.785,30.63,30.785,14870.0
2026-05-20T13:10:00-04:00,30.785,30.91,30.78,30.88,18801.0
2026-05-20T13:15:00-04:00,30.8999,30.8999,30.78,30.825,12584.0
2026-05-20T13:20:00-04:00,30.83,30.8999,30.81,30.825,10507.0
2026-05-20T13:25:00-04:00,30.82,30.87,30.8,30.84,12961.0
2026-05-20T13:30:00-04:00,30.87,30.88,30.84,30.86,9287.0
2026-05-20T13:35:00-04:00,30.88,30.91,30.83,30.86,15651.0
2026-05-20T13:40:00-04:00,30.85,30.85,30.77,30.77,16814.0
2026-05-20T13:45:00-04:00,30.78,30.8299,30.78,30.82,10555.0
2026-05-20T13:50:00-04:00,30.82,30.83,30.79,30.795,8016.0
2026-05-20T13:55:00-04:00,30.795,30.87,30.74,30.87,14870.0
2026-05-20T14:00:00-04:00,30.87,30.9,30.84,30.8604,16639.0
2026-05-20T14:05:00-04:00,30.88,30.94,30.87,30.92,22059.0
2026-05-20T14:10:00-04:00,30.92,30.92,30.78,30.8088,16698.0
2026-05-20T14:15:00-04:00,30.81,30.91,30.8,30.8599,12019.0
2026-05-20T14:20:00-04:00,30.86,30.875,30.84,30.84,11415.0
2026-05-20T14:25:00-04:00,30.8599,30.87,30.84,30.85,10706.0
2026-05-20T14:30:00-04:00,30.87,30.9,30.81,30.85,14261.0
2026-05-20T14:35:00-04:00,30.85,30.89,30.85,30.86,10834.0
2026-05-20T14:40:00-04:00,30.88,30.92,30.85,30.85,15218.0
2026-05-20T14:45:00-04:00,30.855,30.88,30.81,30.815,11349.0
2026-05-20T14:50:00-04:00,30.8,30.82,30.77,30.8,12625.0
2026-05-20T14:55:00-04:00,30.78,30.79,30.73,30.79,20943.0
2026-05-20T15:00:00-04:00,30.8,30.88,30.74,30.74,18559.0
2026-05-20T15:05:00-04:00,30.73,30.755,30.67,30.67,20449.0
2026-05-20T15:10:00-04:00,30.67,30.72,30.665,30.675,14229.0
2026-05-20T15:15:00-04:00,30.665,30.68,30.62,30.68,17253.0
2026-05-20T15:20:00-04:00,30.69,30.695,30.65,30.67,17210.0
2026-05-20T15:25:00-04:00,30.67,30.68,30.6208,30.635,15776.0
2026-05-20T15:30:00-04:00,30.64,30.68,30.615,30.68,27895.0
2026-05-20T15:35:00-04:00,30.67,30.69,30.65,30.675,25823.0
2026-05-20T15:40:00-04:00,30.685,30.71,30.641,30.665,28201.0
2026-05-20T15:45:00-04:00,30.68,30.69,30.64,30.64,28386.0
2026-05-20T15:50:00-04:00,30.65,30.69,30.62,30.63,43381.0
2026-05-20T15:55:00-04:00,30.64,30.78,30.63,30.73,193102.0
2026-05-21T09:30:00-04:00,29.98,30.14,29.8078,30.0,50224.0
2026-05-21T09:35:00-04:00,29.93,30.02,29.77,29.795,16337.0
2026-05-21T09:40:00-04:00,29.82,29.9072,29.73,29.8,21119.0
2026-05-21T09:45:00-04:00,29.85,30.19,29.85,30.16,16804.0
2026-05-21T09:50:00-04:00,30.175,30.34,30.040001,30.34,21202.0
2026-05-21T09:55:00-04:00,30.375,30.39,30.14,30.14,21800.0
2026-05-21T10:00:00-04:00,30.16,30.22,30.0401,30.0401,21476.0
2026-05-21T10:05:00-04:00,30.041,30.09,29.93,29.98,20043.0
2026-05-21T10:10:00-04:00,29.95,29.99,29.88,29.94,23581.0
2026-05-21T10:15:00-04:00,29.95,29.97,29.68,29.845,52962.0
2026-05-21T10:20:00-04:00,29.83,29.86,29.745,29.82,19311.0
2026-05-21T10:25:00-04:00,29.8,29.87,29.77,29.84,15745.0
2026-05-21T10:30:00-04:00,29.855,29.91,29.815,29.815,11115.0
2026-05-21T10:35:00-04:00,29.82,29.96,29.82,29.96,11075.0
2026-05-21T10:40:00-04:00,29.94,29.95,29.83,29.87,12804.0
2026-05-21T10:45:00-04:00,29.84,29.91,29.78,29.81,9365.0
2026-05-21T10:50:00-04:00,29.78,29.8,29.72,29.8,13225.0
2026-05-21T10:55:00-04:00,29.78,29.83,29.66,29.805,138688.0
2026-05-21T11:00:00-04:00,29.79,29.81,29.74,29.77,16943.0
2026-05-21T11:05:00-04:00,29.79,29.79,29.68,29.7335,11576.0
2026-05-21T11:10:00-04:00,29.7,29.82,29.69,29.78,12294.0
2026-05-21T11:15:00-04:00,29.77,29.79,29.74,29.77,10373.0
2026-05-21T11:20:00-04:00,29.77,29.81,29.73,29.73,9589.0
2026-05-21T11:25:00-04:00,29.74,29.8,29.74,29.785,11784.0
2026-05-21T11:30:00-04:00,29.76,29.8,29.742,29.775,11698.0
2026-05-21T11:35:00-04:00,29.8,29.835,29.76,29.76,7642.0
2026-05-21T11:40:00-04:00,29.76,29.8,29.74,29.78,6504.0
2026-05-21T11:45:00-04:00,29.76,29.785,29.735,29.75,7445.0
2026-05-21T11:50:00-04:00,29.76,29.7807,29.74,29.78,13235.0
2026-05-21T11:55:00-04:00,29.77,29.81,29.7514,29.77,5146.0
2026-05-21T12:00:00-04:00,29.78,29.9,29.78,29.9,9107.0
2026-05-21T12:05:00-04:00,29.87,29.98,29.87,29.95,51895.0
2026-05-21T12:10:00-04:00,29.91,29.98,29.9,29.98,13730.0
2026-05-21T12:15:00-04:00,29.99,30.02,29.94,29.95,16969.0
2026-05-21T12:20:00-04:00,29.95,29.95,29.88,29.89,10825.0
2026-05-21T12:25:00-04:00,29.88,29.88,29.845,29.85,7548.0
2026-05-21T12:30:00-04:00,29.87,29.9,29.87,29.87,13227.0
2026-05-21T12:35:00-04:00,29.87,29.9025,29.825,29.88,10092.0
2026-05-21T12:40:00-04:00,29.87,29.89,29.855,29.855,4045.0
2026-05-21T12:45:00-04:00,29.86,29.88,29.83,29.83,17756.0
2026-05-21T12:50:00-04:00,29.83,29.89,29.79,29.87,10779.0
2026-05-21T12:55:00-04:00,29.9,29.9,29.855,29.855,13353.0
2026-05-21T13:00:00-04:00,29.87,29.96,29.87,29.907,16674.0
2026-05-21T13:05:00-04:00,29.9,29.915,29.891,29.91,4696.0
2026-05-21T13:10:00-04:00,29.9009,30.11,29.9009,30.040001,21149.0
2026-05-21T13:15:00-04:00,30.059999,30.33,30.059999,30.33,27012.0
2026-05-21T13:20:00-04:00,30.38,30.4999,30.23,30.33,32756.0
2026-05-21T13:25:00-04:00,30.32,30.42,30.301,30.301,64703.0
2026-05-21T13:30:00-04:00,30.3,30.39,30.3,30.355,15519.0
2026-05-21T13:35:00-04:00,30.35,30.38,30.28,30.3,27659.0
2026-05-21T13:40:00-04:00,30.29,30.45,30.28,30.45,82064.0
2026-05-21T13:45:00-04:00,30.45,30.56,30.425,30.53,32294.0
2026-05-21T13:50:00-04:00,30.54,30.7651,30.54,30.76,26317.0
2026-05-21T13:55:00-04:00,30.77,30.82,30.62,30.62,28255.0
2026-05-21T14:00:00-04:00,30.625,30.7,30.55,30.565,26498.0
2026-05-21T14:05:00-04:00,30.56,30.65,30.56,30.65,16710.0
2026-05-21T14:10:00-04:00,30.655,30.655,30.57,30.61,11106.0
2026-05-21T14:15:00-04:00,30.58,30.615,30.54,30.615,11215.0
2026-05-21T14:20:00-04:00,30.61,30.765,30.61,30.74,128486.0
2026-05-21T14:25:00-04:00,30.755,30.765,30.68,30.72,11121.0
2026-05-21T14:30:00-04:00,30.7,30.7,30.5814,30.6,16951.0
2026-05-21T14:35:00-04:00,30.605,30.65,30.58,30.62,13932.0
2026-05-21T14:40:00-04:00,30.61,30.64,30.605,30.6101,8344.0
2026-05-21T14:45:00-04:00,30.62,30.62,30.46,30.4651,20775.0
2026-05-21T14:50:00-04:00,30.44,30.46,30.24,30.24,26210.0
2026-05-21T14:55:00-04:00,30.215,30.275,30.19,30.25,23276.0
2026-05-21T15:00:00-04:00,30.28,30.425,30.28,30.38,10538.0
2026-05-21T15:05:00-04:00,30.37,30.4,30.3,30.35,22761.0
2026-05-21T15:10:00-04:00,30.365,30.37,30.34,30.35,17476.0
2026-05-21T15:15:00-04:00,30.36,30.38,30.33,30.36,13938.0
2026-05-21T15:20:00-04:00,30.355,30.38,30.29,30.29,14915.0
2026-05-21T15:25:00-04:00,30.3,30.32,30.27,30.31,12403.0
2026-05-21T15:30:00-04:00,30.31,30.33,30.25,30.26,20526.0
2026-05-21T15:35:00-04:00,30.285,30.31,30.27,30.3,16884.0
2026-05-21T15:40:00-04:00,30.31,30.35,30.27,30.27,34601.0
2026-05-21T15:45:00-04:00,30.27,30.345,30.26,30.32,21026.0
2026-05-21T15:50:00-04:00,30.29,30.31,30.19,30.25,68165.0
2026-05-21T15:55:00-04:00,30.24,30.355,30.24,30.25,189262.0
2026-05-22T09:30:00-04:00,30.059999,30.29,29.5,29.74,101233.0
2026-05-22T09:35:00-04:00,29.685,29.74,29.6,29.66,17542.0
2026-05-22T09:40:00-04:00,29.675,29.7,29.47,29.64,60121.0
2026-05-22T09:45:00-04:00,29.69,29.74,29.56,29.56,32789.0
2026-05-22T09:50:00-04:00,29.55,29.7,29.47,29.63,28402.0
2026-05-22T09:55:00-04:00,29.6,29.62,29.54,29.56,53014.0
2026-05-22T10:00:00-04:00,29.54,29.59,29.27,29.39,39263.0
2026-05-22T10:05:00-04:00,29.37,29.4499,29.335,29.4,21109.0
2026-05-22T10:10:00-04:00,29.36,29.42,29.3,29.3,26968.0
2026-05-22T10:15:00-04:00,29.3,29.34,29.22,29.26,13478.0
2026-05-22T10:20:00-04:00,29.24,29.33,29.22,29.26,24971.0
2026-05-22T10:25:00-04:00,29.3,29.34,29.29,29.33,11850.0
2026-05-22T10:30:00-04:00,29.33,29.45,29.31,29.45,13520.0
2026-05-22T10:35:00-04:00,29.44,29.51,29.41,29.455,13066.0
2026-05-22T10:40:00-04:00,29.47,29.5391,29.465,29.515,10052.0
2026-05-22T10:45:00-04:00,29.52,29.57,29.49,29.53,10064.0
2026-05-22T10:50:00-04:00,29.515,29.52,29.475,29.52,5995.0
2026-05-22T10:55:00-04:00,29.49,29.505,29.46,29.5,15225.0
2026-05-22T11:00:00-04:00,29.46,29.54,29.46,29.54,7714.0
2026-05-22T11:05:00-04:00,29.57,29.62,29.525,29.615,18017.0
2026-05-22T11:10:00-04:00,29.61,29.64,29.61,29.63,3457.0
2026-05-22T11:15:00-04:00,29.65,29.66,29.61,29.645,30761.0
2026-05-22T11:20:00-04:00,29.62,29.7,29.62,29.7,7275.0
2026-05-22T11:25:00-04:00,29.7,29.73,29.67,29.7101,14289.0
2026-05-22T11:30:00-04:00,29.74,29.77,29.68,29.69,12155.0
2026-05-22T11:35:00-04:00,29.68,29.715,29.68,29.715,8688.0
2026-05-22T11:40:00-04:00,29.725,29.75,29.7,29.73,15988.0
2026-05-22T11:45:00-04:00,29.73,29.79,29.71,29.755,11149.0
2026-05-22T11:50:00-04:00,29.77,29.88,29.77,29.875,21717.0
2026-05-22T11:55:00-04:00,29.885,29.92,29.82,29.82,10146.0
2026-05-22T12:00:00-04:00,29.82,29.86,29.8004,29.8201,10690.0
2026-05-22T12:05:00-04:00,29.83,29.86,29.82,29.8325,14580.0
2026-05-22T12:10:00-04:00,29.84,29.8662,29.84,29.86,4973.0
2026-05-22T12:15:00-04:00,29.8451,29.849,29.7705,29.83,18982.0
2026-05-22T12:20:00-04:00,29.85,29.91,29.845,29.91,10352.0
2026-05-22T12:25:00-04:00,29.96,29.985,29.94,29.94,17042.0
2026-05-22T12:30:00-04:00,29.96,29.96,29.89,29.89,3811.0
2026-05-22T12:35:00-04:00,29.885,29.98,29.885,29.975,19235.0
2026-05-22T12:40:00-04:00,29.98,29.99,29.91,29.91,16496.0
2026-05-22T12:45:00-04:00,29.92,29.96,29.92,29.93,6888.0
2026-05-22T12:50:00-04:00,29.925,29.925,29.88,29.885,13937.0
2026-05-22T12:55:00-04:00,29.89,29.955,29.82,29.955,10158.0
2026-05-22T13:00:00-04:00,29.945,30.025,29.94,29.98,14463.0
2026-05-22T13:05:00-04:00,29.99,30.025,29.965,30.025,14882.0
2026-05-22T13:10:00-04:00,30.040001,30.049999,29.97,30.0,15354.0
2026-05-22T13:15:00-04:00,29.98,29.99,29.845,29.86,13694.0
2026-05-22T13:20:00-04:00,29.86,29.93,29.86,29.93,4839.0
2026-05-22T13:25:00-04:00,29.93,30.08,29.915,30.08,29659.0
2026-05-22T13:30:00-04:00,30.09,30.09,29.97,30.0,11970.0
2026-05-22T13:35:00-04:00,30.049999,30.16,30.049999,30.14,16387.0
2026-05-22T13:40:00-04:00,30.14,30.18,30.14,30.16,19573.0
2026-05-22T13:45:00-04:00,30.13,30.15,30.08,30.09,16583.0
2026-05-22T13:50:00-04:00,30.07,30.07,30.040001,30.040001,4404.0
2026-05-22T13:55:00-04:00,30.059999,30.059999,30.030001,30.059999,8354.0
2026-05-22T14:00:00-04:00,30.055,30.08,29.98,30.065001,36860.0
2026-05-22T14:05:00-04:00,30.030001,30.08,30.030001,30.055,9051.0
2026-05-22T14:10:00-04:00,30.040001,30.084999,30.03,30.0707,6254.0
2026-05-22T14:15:00-04:00,30.075001,30.105,30.049999,30.049999,8380.0
2026-05-22T14:20:00-04:00,30.040001,30.07,30.040001,30.055,7041.0
2026-05-22T14:25:00-04:00,30.030001,30.030001,29.99,30.0,12074.0
2026-05-22T14:30:00-04:00,30.02,30.02,30.0,30.02,3970.0
2026-05-22T14:35:00-04:00,30.02,30.049999,29.99,30.040001,13619.0
2026-05-22T14:40:00-04:00,30.049999,30.049999,29.97,29.97,5188.0
2026-05-22T14:45:00-04:00,29.99,30.035,29.98,30.035,9128.0
2026-05-22T14:50:00-04:00,30.010099,30.07,30.010099,30.02,8099.0
2026-05-22T14:55:00-04:00,30.01,30.01,29.96,29.96,7478.0
2026-05-22T15:00:00-04:00,29.97,29.99,29.9,29.9,24044.0
2026-05-22T15:05:00-04:00,29.915,29.915,29.88,29.89,16450.0
2026-05-22T15:10:00-04:00,29.918,29.918,29.8,29.8,16408.0
2026-05-22T15:15:00-04:00,29.8,29.835,29.8,29.83,8888.0
2026-05-22T15:20:00-04:00,29.82,29.82,29.77,29.77,14810.0
2026-05-22T15:25:00-04:00,29.77,29.77,29.69,29.69,18101.0
2026-05-22T15:30:00-04:00,29.68,29.72,29.67,29.69,21965.0
2026-05-22T15:35:00-04:00,29.69,29.72,29.66,29.72,32582.0
2026-05-22T15:40:00-04:00,29.715,29.715,29.66,29.675,21668.0
2026-05-22T15:45:00-04:00,29.65,29.665,29.62,29.65,23854.0
2026-05-22T15:50:00-04:00,29.65,29.72,29.65,29.6622,48854.0
2026-05-22T15:55:00-04:00,29.68,29.73,29.67,29.715,153609.0
2026-05-26T09:30:00-04:00,30.94,31.485,30.595,30.62,182702.0
2026-05-26T09:35:00-04:00,30.69,30.715,30.47,30.71,15161.0
2026-05-26T09:40:00-04:00,30.66,30.84,30.6,30.61,25199.0
2026-05-26T09:45:00-04:00,30.61,30.85,30.61,30.75,97288.0
2026-05-26T09:50:00-04:00,30.75,30.78,30.58,30.645,29373.0
2026-05-26T09:55:00-04:00,30.72,30.82,30.64,30.82,17281.0
2026-05-26T10:00:00-04:00,30.79,30.87,30.7,30.79,23360.0
2026-05-26T10:05:00-04:00,30.77,30.85,30.71,30.77,24538.0
2026-05-26T10:10:00-04:00,30.75,30.775,30.72,30.72,22550.0
2026-05-26T10:15:00-04:00,30.79,30.815,30.68,30.69,15238.0
2026-05-26T10:20:00-04:00,30.74,30.74,30.63,30.64,17678.0
2026-05-26T10:25:00-04:00,30.645,30.67,30.54,30.6,20204.0
2026-05-26T10:30:00-04:00,30.59,30.68,30.59,30.62,17429.0
2026-05-26T10:35:00-04:00,30.65,30.76,30.65,30.695,9496.0
2026-05-26T10:40:00-04:00,30.71,30.78,30.71,30.73,9926.0
2026-05-26T10:45:00-04:00,30.72,30.725,30.65,30.7,9339.0
2026-05-26T10:50:00-04:00,30.7,30.7,30.59,30.615,13558.0
2026-05-26T10:55:00-04:00,30.6,30.65,30.545,30.65,9445.0
2026-05-26T11:00:00-04:00,30.635,30.66,30.535,30.58,13713.0
2026-05-26T11:05:00-04:00,30.58,30.665,30.55,30.65,9307.0
2026-05-26T11:10:00-04:00,30.64,30.65,30.58,30.59,12374.0
2026-05-26T11:15:00-04:00,30.6,30.6,30.52,30.53,8797.0
2026-05-26T11:20:00-04:00,30.525,30.57,30.5,30.55,10883.0
2026-05-26T11:25:00-04:00,30.56,30.57,30.47,30.47,19769.0
2026-05-26T11:30:00-04:00,30.49,30.54,30.4336,30.53,13791.0
2026-05-26T11:35:00-04:00,30.55,30.6,30.54,30.58,20399.0
2026-05-26T11:40:00-04:00,30.575,30.6413,30.57,30.6413,17641.0
2026-05-26T11:45:00-04:00,30.6,30.69,30.6,30.67,19171.0
2026-05-26T11:50:00-04:00,30.64,30.73,30.62,30.625,34412.0
2026-05-26T11:55:00-04:00,30.6,30.62,30.56,30.605,12014.0
2026-05-26T12:00:00-04:00,30.605,30.68,30.605,30.65,7441.0
2026-05-26T12:05:00-04:00,30.62,30.63,30.5703,30.62,9488.0
2026-05-26T12:10:00-04:00,30.615,30.68,30.61,30.65,10781.0
2026-05-26T12:15:00-04:00,30.66,30.72,30.65,30.72,5098.0
2026-05-26T12:20:00-04:00,30.7,30.76,30.675,30.75,19054.0
2026-05-26T12:25:00-04:00,30.75,30.95,30.75,30.9,13733.0
2026-05-26T12:30:00-04:00,30.905,31.01,30.9,30.94,33484.0
2026-05-26T12:35:00-04:00,30.93,30.98,30.88,30.895,15538.0
2026-05-26T12:40:00-04:00,30.875,30.94,30.855,30.905,15512.0
2026-05-26T12:45:00-04:00,30.89,30.91,30.86,30.86,6776.0
2026-05-26T12:50:00-04:00,30.86,30.9,30.86,30.9,7600.0
2026-05-26T12:55:00-04:00,30.89,30.9,30.83,30.83,9361.0
2026-05-26T13:00:00-04:00,30.85,30.92,30.85,30.89,12053.0
2026-05-26T13:05:00-04:00,30.88,30.88,30.85,30.8605,7043.0
2026-05-26T13:10:00-04:00,30.86,30.9274,30.86,30.9274,6618.0
2026-05-26T13:15:00-04:00,30.92,30.96,30.92,30.95,7041.0
2026-05-26T13:20:00-04:00,30.96,31.07,30.96,31.035,10217.0
2026-05-26T13:25:00-04:00,31.035,31.040001,30.98,30.99,5146.0
2026-05-26T13:30:00-04:00,31.0,31.01,30.95,31.01,9896.0
2026-05-26T13:35:00-04:00,31.0,31.030001,30.95,30.95,12573.0
2026-05-26T13:40:00-04:00,30.95,30.961,30.92,30.96,9211.0
2026-05-26T13:45:00-04:00,30.98,30.98,30.94,30.97,5654.0
2026-05-26T13:50:00-04:00,30.965,30.97,30.92,30.95,14287.0
2026-05-26T13:55:00-04:00,30.93,30.93,30.86,30.89,13506.0
2026-05-26T14:00:00-04:00,30.86,30.88,30.81,30.88,10767.0
2026-05-26T14:05:00-04:00,30.89,30.9,30.84,30.845,9979.0
2026-05-26T14:10:00-04:00,30.85,30.88,30.775,30.775,15210.0
2026-05-26T14:15:00-04:00,30.76,30.79,30.75,30.7701,6588.0
2026-05-26T14:20:00-04:00,30.78,30.78,30.73,30.735,12280.0
2026-05-26T14:25:00-04:00,30.73,30.805,30.72,30.78,16430.0
2026-05-26T14:30:00-04:00,30.77,30.78,30.72,30.775,16220.0
2026-05-26T14:35:00-04:00,30.77,30.77,30.7,30.71,9800.0
2026-05-26T14:40:00-04:00,30.715,30.73,30.67,30.72,6347.0
2026-05-26T14:45:00-04:00,30.7,30.7102,30.685,30.71,10642.0
2026-05-26T14:50:00-04:00,30.72,30.78,30.7012,30.78,8716.0
2026-05-26T14:55:00-04:00,30.775,30.79,30.73,30.74,10543.0
2026-05-26T15:00:00-04:00,30.73,30.83,30.73,30.795,9410.0
2026-05-26T15:05:00-04:00,30.781,30.795,30.74,30.76,12511.0
2026-05-26T15:10:00-04:00,30.75,30.76,30.7,30.71,8225.0
2026-05-26T15:15:00-04:00,30.71,30.8,30.69,30.78,17473.0
2026-05-26T15:20:00-04:00,30.775,30.84,30.76,30.795,43304.0
2026-05-26T15:25:00-04:00,30.79,30.79,30.73,30.75,20792.0
2026-05-26T15:30:00-04:00,30.75,30.78,30.72,30.7601,16852.0
2026-05-26T15:35:00-04:00,30.77,30.79,30.765,30.765,17005.0
2026-05-26T15:40:00-04:00,30.765,30.81,30.74,30.74,34953.0
2026-05-26T15:45:00-04:00,30.7401,30.81,30.725,30.73,49006.0
2026-05-26T15:50:00-04:00,30.74,30.81,30.74,30.76,47108.0
2026-05-26T15:55:00-04:00,30.77,30.92,30.765,30.92,171711.0
2026-05-27T09:30:00-04:00,29.94,30.45,29.75,30.405,64627.0
2026-05-27T09:35:00-04:00,30.4,30.57,30.15,30.15,26871.0
2026-05-27T09:40:00-04:00,30.18,30.18,30.030001,30.08,26811.0
2026-05-27T09:45:00-04:00,30.049999,30.11,29.9,29.95,23366.0
2026-05-27T09:50:00-04:00,29.96,30.34,29.95,30.28,37371.0
2026-05-27T09:55:00-04:00,30.26,30.34,30.14,30.25,27105.0
2026-05-27T10:00:00-04:00,30.255,30.3,30.14,30.21,49797.0
2026-05-27T10:05:00-04:00,30.26,30.305,30.08,30.21,28619.0
2026-05-27T10:10:00-04:00,30.22,30.41,30.2,30.39,22548.0
2026-05-27T10:15:00-04:00,30.39,30.39,30.26,30.32,20916.0
2026-05-27T10:20:00-04:00,30.35,30.37,30.18,30.18,16795.0
2026-05-27T10:25:00-04:00,30.21,30.255,30.1,30.255,28510.0
2026-05-27T10:30:00-04:00,30.25,30.295,30.08,30.15,22909.0
2026-05-27T10:35:00-04:00,30.1783,30.24,30.13,30.19,9584.0
2026-05-27T10:40:00-04:00,30.18,30.19,30.1,30.1489,10058.0
2026-05-27T10:45:00-04:00,30.135,30.22,30.09,30.094999,10483.0
2026-05-27T10:50:00-04:00,30.1,30.15,30.08,30.12,11898.0
2026-05-27T10:55:00-04:00,30.095,30.095,29.985,30.025,10074.0
2026-05-27T11:00:00-04:00,29.99,30.18,29.95,30.18,15738.0
2026-05-27T11:05:00-04:00,30.16,30.18,30.05,30.06,6533.0
2026-05-27T11:10:00-04:00,30.049999,30.2,30.049999,30.2,11216.0
2026-05-27T11:15:00-04:00,30.16,30.25,30.14,30.24,7953.0
2026-05-27T11:20:00-04:00,30.2588,30.26,30.215,30.23,7036.0
2026-05-27T11:25:00-04:00,30.25,30.28,30.2,30.28,9436.0
2026-05-27T11:30:00-04:00,30.26,30.29,30.195,30.22,8834.0
2026-05-27T11:35:00-04:00,30.18,30.24,30.16,30.24,6640.0
2026-05-27T11:40:00-04:00,30.24,30.3,30.24,30.27,33400.0
2026-05-27T11:45:00-04:00,30.2799,30.2799,30.081699,30.11,28003.0
2026-05-27T11:50:00-04:00,30.11,30.12,29.99,30.049999,9704.0
2026-05-27T11:55:00-04:00,30.049999,30.1225,30.040001,30.07,5857.0
2026-05-27T12:00:00-04:00,30.07,30.08,30.030001,30.059999,11569.0
2026-05-27T12:05:00-04:00,30.02,30.030001,29.885,29.89,18615.0
2026-05-27T12:10:00-04:00,29.91,29.998,29.91,29.98,9989.0
2026-05-27T12:15:00-04:00,29.975,29.9899,29.935,29.985,5683.0
2026-05-27T12:20:00-04:00,29.9899,30.049999,29.9899,30.045,14961.0
2026-05-27T12:25:00-04:00,30.040001,30.11,30.040001,30.07,7603.0
2026-05-27T12:30:00-04:00,30.08,30.185,30.07,30.185,6068.0
2026-05-27T12:35:00-04:00,30.185,30.21,30.115,30.115,6667.0
2026-05-27T12:40:00-04:00,30.11,30.13,30.09,30.094999,6588.0
2026-05-27T12:45:00-04:00,30.12,30.22,30.1,30.22,5942.0
2026-05-27T12:50:00-04:00,30.24,30.24,30.17,30.17,10135.0
2026-05-27T12:55:00-04:00,30.15,30.16,30.1,30.15,17296.0
2026-05-27T13:00:00-04:00,30.15,30.185,30.055,30.059999,7695.0
2026-05-27T13:05:00-04:00,30.075001,30.08,29.99,29.99,7359.0
2026-05-27T13:10:00-04:00,29.96,30.0165,29.96,30.0165,13961.0
2026-05-27T13:15:00-04:00,30.01,30.115,30.0,30.115,6226.0
2026-05-27T13:20:00-04:00,30.13,30.24,30.11,30.24,14109.0
2026-05-27T13:25:00-04:00,30.23,30.26,30.23,30.24,10164.0
2026-05-27T13:30:00-04:00,30.22,30.26,30.22,30.26,4730.0
2026-05-27T13:35:00-04:00,30.255,30.255,30.21,30.21,7051.0
2026-05-27T13:40:00-04:00,30.195,30.21,30.1801,30.19,6435.0
2026-05-27T13:45:00-04:00,30.18,30.18,30.1,30.115,13682.0
2026-05-27T13:50:00-04:00,30.11,30.2,30.11,30.18,8960.0
2026-05-27T13:55:00-04:00,30.19,30.2,30.12,30.12,14609.0
2026-05-27T14:00:00-04:00,30.13,30.13,30.09,30.09,11209.0
2026-05-27T14:05:00-04:00,30.07,30.11,30.07,30.08,8469.0
2026-05-27T14:10:00-04:00,30.1,30.1,30.08,30.094999,5394.0
2026-05-27T14:15:00-04:00,30.1,30.2,30.1,30.195,6287.0
2026-05-27T14:20:00-04:00,30.18,30.22,30.17,30.205,8466.0
2026-05-27T14:25:00-04:00,30.22,30.24,30.165,30.165,32217.0
2026-05-27T14:30:00-04:00,30.17,30.21,30.155,30.21,5614.0
2026-05-27T14:35:00-04:00,30.18,30.18,30.14,30.16,18012.0
2026-05-27T14:40:00-04:00,30.19,30.19,30.12,30.14,6702.0
2026-05-27T14:45:00-04:00,30.135,30.18,30.135,30.18,4920.0
2026-05-27T14:50:00-04:00,30.175,30.18,30.14,30.14,7668.0
2026-05-27T14:55:00-04:00,30.13,30.15,30.11,30.145,18187.0
2026-05-27T15:00:00-04:00,30.145,30.155,30.1001,30.11,12382.0
2026-05-27T15:05:00-04:00,30.1,30.1,30.040001,30.040001,12946.0
2026-05-27T15:10:00-04:00,30.02,30.02,30.0,30.005,9768.0
2026-05-27T15:15:00-04:00,30.02,30.030001,29.91,29.91,10723.0
2026-05-27T15:20:00-04:00,29.92,29.945,29.91,29.945,13328.0
2026-05-27T15:25:00-04:00,29.94,29.94,29.87,29.89,9860.0
2026-05-27T15:30:00-04:00,29.9,29.91,29.88,29.885,13137.0
2026-05-27T15:35:00-04:00,29.9,29.9,29.82,29.85,26014.0
2026-05-27T15:40:00-04:00,29.86,29.92,29.86,29.905,12326.0
2026-05-27T15:45:00-04:00,29.9,29.9091,29.825,29.8799,26732.0
2026-05-27T15:50:00-04:00,29.87,29.87,29.77,29.8,42132.0
2026-05-27T15:55:00-04:00,29.805,29.83,29.675,29.7,171000.0
2026-05-28T09:30:00-04:00,29.44,29.4799,29.135,29.135,71430.0
2026-05-28T09:35:00-04:00,29.155,29.155,28.87,28.96,46055.0
2026-05-28T09:40:00-04:00,28.97,29.02,28.855,28.97,32666.0
2026-05-28T09:45:00-04:00,28.97,29.02,28.78,28.78,20419.0
2026-05-28T09:50:00-04:00,28.75,28.87,28.6801,28.6801,22661.0
2026-05-28T09:55:00-04:00,28.7031,28.99,28.7031,28.96,54059.0
2026-05-28T10:00:00-04:00,29.0,29.014999,28.86,28.94,8804.0
2026-05-28T10:05:00-04:00,28.93,29.1,28.91,29.1,16454.0
2026-05-28T10:10:00-04:00,29.084999,29.56,28.95,29.52,83835.0
2026-05-28T10:15:00-04:00,29.48,29.78,29.29,29.61,42739.0
2026-05-28T10:20:00-04:00,29.6399,29.74,29.39,29.7001,45382.0
2026-05-28T10:25:00-04:00,29.7,29.75,29.585,29.62,18299.0
2026-05-28T10:30:00-04:00,29.71,29.81,29.515,29.515,29278.0
2026-05-28T10:35:00-04:00,29.515,29.55,29.47,29.52,10795.0
2026-05-28T10:40:00-04:00,29.51,29.63,29.51,29.57,26957.0
2026-05-28T10:45:00-04:00,29.555,29.6859,29.555,29.63,25378.0
2026-05-28T10:50:00-04:00,29.635,29.73,29.635,29.7101,9510.0
2026-05-28T10:55:00-04:00,29.72,29.775,29.71,29.76,17201.0
2026-05-28T11:00:00-04:00,29.755,29.92,29.755,29.855,14886.0
2026-05-28T11:05:00-04:00,29.87,29.87,29.8,29.8,15980.0
2026-05-28T11:10:00-04:00,29.77,29.77,29.6601,29.6601,11797.0
2026-05-28T11:15:00-04:00,29.66,29.69,29.63,29.69,11891.0
2026-05-28T11:20:00-04:00,29.71,29.725,29.65,29.69,11480.0
2026-05-28T11:25:00-04:00,29.68,29.68,29.62,29.625,5864.0
2026-05-28T11:30:00-04:00,29.62,29.75,29.62,29.73,21814.0
2026-05-28T11:35:00-04:00,29.75,29.88,29.745,29.84,39476.0
2026-05-28T11:40:00-04:00,29.825,29.87,29.7909,29.865,28427.0
2026-05-28T11:45:00-04:00,29.87,29.885,29.82,29.885,29233.0
2026-05-28T11:50:00-04:00,29.915,29.99,29.905,29.99,12365.0
2026-05-28T11:55:00-04:00,29.99,30.105,29.99,30.08,10704.0
2026-05-28T12:00:00-04:00,30.09,30.105,29.96,30.0,17325.0
2026-05-28T12:05:00-04:00,30.01,30.055,30.0,30.049999,17339.0
2026-05-28T12:10:00-04:00,30.030001,30.030001,29.992,30.02,11718.0
2026-05-28T12:15:00-04:00,30.045,30.19,30.026199,30.13,16366.0
2026-05-28T12:20:00-04:00,30.15,30.23,30.07,30.23,11392.0
2026-05-28T12:25:00-04:00,30.22,30.25,30.165,30.25,10274.0
2026-05-28T12:30:00-04:00,30.26,30.4,30.26,30.4,17150.0
2026-05-28T12:35:00-04:00,30.42,30.43,30.28,30.29,18421.0
2026-05-28T12:40:00-04:00,30.26,30.3,30.2501,30.3,16204.0
2026-05-28T12:45:00-04:00,30.305,30.325,30.29,30.29,16306.0
2026-05-28T12:50:00-04:00,30.27,30.52,30.27,30.37,51246.0
2026-05-28T12:55:00-04:00,30.375,30.41,30.3601,30.39,13486.0
2026-05-28T13:00:00-04:00,30.4,30.42,30.285,30.285,16282.0
2026-05-28T13:05:00-04:00,30.275,30.3293,30.24,30.3293,26753.0
2026-05-28T13:10:00-04:00,30.335,30.34,30.31,30.31,8465.0
2026-05-28T13:15:00-04:00,30.31,30.31,30.26,30.29,11018.0
2026-05-28T13:20:00-04:00,30.27,30.29,30.21,30.22,11879.0
2026-05-28T13:25:00-04:00,30.225,30.26,30.22,30.25,10767.0
2026-05-28T13:30:00-04:00,30.24,30.24,30.21,30.23,8388.0
2026-05-28T13:35:00-04:00,30.235,30.28,30.23,30.27,8253.0
2026-05-28T13:40:00-04:00,30.27,30.28,30.27,30.27,9519.0
2026-05-28T13:45:00-04:00,30.26,30.31,30.26,30.3,10123.0
2026-05-28T13:50:00-04:00,30.28,30.28,30.22,30.23,9694.0
2026-05-28T13:55:00-04:00,30.22,30.22,30.1757,30.19,10914.0
2026-05-28T14:00:00-04:00,30.23,30.29,30.23,30.26,6113.0
2026-05-28T14:05:00-04:00,30.25,30.255,30.2001,30.2001,9371.0
2026-05-28T14:10:00-04:00,30.22,30.23,30.205,30.23,11232.0
2026-05-28T14:15:00-04:00,30.2201,30.295,30.2201,30.257,17295.0
2026-05-28T14:20:00-04:00,30.27,30.275,30.25,30.25,10801.0
2026-05-28T14:25:00-04:00,30.25,30.285,30.24,30.26,13709.0
2026-05-28T14:30:00-04:00,30.26,30.265,30.23,30.25,17717.0
2026-05-28T14:35:00-04:00,30.26,30.28,30.225,30.23,12865.0
2026-05-28T14:40:00-04:00,30.235,30.2496,30.205,30.22,14380.0
2026-05-28T14:45:00-04:00,30.2,30.22,30.19,30.205,11145.0
2026-05-28T14:50:00-04:00,30.21,30.215,30.18,30.18,9470.0
2026-05-28T14:55:00-04:00,30.175,30.19,30.16,30.171,15677.0
2026-05-28T15:00:00-04:00,30.165,30.165,30.12,30.12,7376.0
2026-05-28T15:05:00-04:00,30.13,30.16,30.09,30.09,19082.0
2026-05-28T15:10:00-04:00,30.094999,30.265,30.089899,30.265,86684.0
2026-05-28T15:15:00-04:00,30.28,30.37,30.28,30.325,29762.0
2026-05-28T15:20:00-04:00,30.325,30.36,30.3,30.35,20070.0
2026-05-28T15:25:00-04:00,30.34,30.34,30.28,30.29,16781.0
2026-05-28T15:30:00-04:00,30.29,30.3,30.26,30.27,18509.0
2026-05-28T15:35:00-04:00,30.26,30.315,30.25,30.29,19189.0
2026-05-28T15:40:00-04:00,30.295,30.325,30.265,30.31,31577.0
2026-05-28T15:45:00-04:00,30.305,30.33,30.295,30.295,21503.0
2026-05-28T15:50:00-04:00,30.3,30.335,30.285,30.32,74455.0
2026-05-28T15:55:00-04:00,30.32,30.325,30.14,30.14,153381.0
2026-05-29T09:30:00-04:00,30.1,30.1,29.82,29.97,53658.0
2026-05-29T09:35:00-04:00,29.96,30.18,29.85,30.18,14354.0
2026-05-29T09:40:00-04:00,30.21,30.325,30.17,30.195,24782.0
2026-05-29T09:45:00-04:00,30.11,30.18,29.99,29.99,15696.0
2026-05-29T09:50:00-04:00,30.0,30.09,29.94,30.09,36017.0
2026-05-29T09:55:00-04:00,30.084999,30.084999,30.02,30.02,11092.0
2026-05-29T10:00:00-04:00,30.049999,30.24,30.049999,30.18,22527.0
2026-05-29T10:05:00-04:00,30.18,30.25,30.16,30.18,14691.0
2026-05-29T10:10:00-04:00,30.21,30.21,30.07,30.145,20180.0
2026-05-29T10:15:00-04:00,30.145,30.145,29.965,30.08,43330.0
2026-05-29T10:20:00-04:00,30.08,30.090099,29.99,29.99,15775.0
2026-05-29T10:25:00-04:00,29.96,29.96,29.885,29.93,13644.0
2026-05-29T10:30:00-04:00,29.93,29.96,29.86,29.95,13157.0
2026-05-29T10:35:00-04:00,29.95,29.95,29.85,29.87,8359.0
2026-05-29T10:40:00-04:00,29.88,29.91,29.85,29.88,26221.0
2026-05-29T10:45:00-04:00,29.8892,29.975,29.87,29.97,10242.0
2026-05-29T10:50:00-04:00,29.98,30.4999,29.98,30.33,55579.0
2026-05-29T10:55:00-04:00,30.34,30.85,30.34,30.69,85388.0
2026-05-29T11:00:00-04:00,30.71,30.77,30.64,30.67,28130.0
2026-05-29T11:05:00-04:00,30.69,31.030001,30.68,31.02,24863.0
2026-05-29T11:10:00-04:00,31.030001,31.39,31.025,31.295,61291.0
2026-05-29T11:15:00-04:00,31.31,31.33,31.075001,31.11,43744.0
2026-05-29T11:20:00-04:00,31.11,31.13,30.9975,31.02,30591.0
2026-05-29T11:25:00-04:00,30.94,30.96,30.845,30.9,36234.0
2026-05-29T11:30:00-04:00,30.896,31.15,30.895,31.15,28350.0
2026-05-29T11:35:00-04:00,31.094999,31.094999,30.97,30.98,43649.0
2026-05-29T11:40:00-04:00,30.97,31.0,30.84,30.94,59038.0
2026-05-29T11:45:00-04:00,30.955,30.98,30.82,30.92,26374.0
2026-05-29T11:50:00-04:00,30.94,30.975,30.86,30.975,12712.0
2026-05-29T11:55:00-04:00,31.0,31.02,30.95,31.01,10980.0
2026-05-29T12:00:00-04:00,31.0,31.0,30.93,30.93,18120.0
2026-05-29T12:05:00-04:00,30.89,30.915,30.85,30.91,8916.0
2026-05-29T12:10:00-04:00,30.92,30.92,30.85,30.9001,9918.0
2026-05-29T12:15:00-04:00,30.92,30.97,30.88,30.9,11784.0
2026-05-29T12:20:00-04:00,30.91,30.91,30.87,30.89,5512.0
2026-05-29T12:25:00-04:00,30.87,30.88,30.83,30.86,8405.0
2026-05-29T12:30:00-04:00,30.88,31.02,30.83,31.02,51504.0
2026-05-29T12:35:00-04:00,30.99,31.11,30.97,31.1,14816.0
2026-05-29T12:40:00-04:00,31.13,31.15,31.07,31.07,25979.0
2026-05-29T12:45:00-04:00,31.09,31.09,31.014999,31.014999,12059.0
2026-05-29T12:50:00-04:00,31.0,31.02,30.975,31.02,11811.0
2026-05-29T12:55:00-04:00,31.035,31.07,30.985,31.07,15309.0
2026-05-29T13:00:00-04:00,31.11,31.155,31.09,31.1,19273.0
2026-05-29T13:05:00-04:00,31.09,31.18,31.09,31.16,11106.0
2026-05-29T13:10:00-04:00,31.155,31.17,31.11,31.15,17278.0
2026-05-29T13:15:00-04:00,31.16,31.185,31.12,31.13,19268.0
2026-05-29T13:20:00-04:00,31.13,31.17,31.08,31.165,17500.0
2026-05-29T13:25:00-04:00,31.155,31.175,31.12,31.175,11316.0
2026-05-29T13:30:00-04:00,31.18,31.2499,31.175,31.245,29208.0
2026-05-29T13:35:00-04:00,31.25,31.265,31.2,31.22,9838.0
2026-05-29T13:40:00-04:00,31.215,31.215,31.175,31.175,9082.0
2026-05-29T13:45:00-04:00,31.17,31.21,31.15,31.19,12998.0
2026-05-29T13:50:00-04:00,31.18,31.2,31.165,31.165,9162.0
2026-05-29T13:55:00-04:00,31.15,31.15,31.09,31.125,10047.0
2026-05-29T14:00:00-04:00,31.12,31.22,31.12,31.1901,13543.0
2026-05-29T14:05:00-04:00,31.185,31.21,31.175,31.175,6557.0
2026-05-29T14:10:00-04:00,31.18,31.195,31.17,31.195,13859.0
2026-05-29T14:15:00-04:00,31.2,31.2,31.09,31.1,15279.0
2026-05-29T14:20:00-04:00,31.11,31.15,31.105,31.1301,7723.0
2026-05-29T14:25:00-04:00,31.135,31.145,31.1,31.1,6755.0
2026-05-29T14:30:00-04:00,31.1,31.11,31.049999,31.075001,11580.0
2026-05-29T14:35:00-04:00,31.085,31.16,31.08,31.15,17796.0
2026-05-29T14:40:00-04:00,31.14,31.14,31.049999,31.049999,12713.0
2026-05-29T14:45:00-04:00,31.040001,31.045,30.96,30.99,52856.0
2026-05-29T14:50:00-04:00,30.99,31.030001,30.99,31.0,12728.0
2026-05-29T14:55:00-04:00,30.99,30.995,30.95,30.95,15512.0
2026-05-29T15:00:00-04:00,30.96,30.98,30.93,30.98,17601.0
2026-05-29T15:05:00-04:00,31.0,31.12,31.0,31.12,13455.0
2026-05-29T15:10:00-04:00,31.105,31.19,31.105,31.19,8162.0
2026-05-29T15:15:00-04:00,31.19,31.19,31.11,31.12,11575.0
2026-05-29T15:20:00-04:00,31.105,31.13,31.09,31.13,13781.0
2026-05-29T15:25:00-04:00,31.14,31.155,31.040001,31.12,29396.0
2026-05-29T15:30:00-04:00,31.115,31.12,31.040001,31.040001,16299.0
2026-05-29T15:35:00-04:00,31.021999,31.040001,30.98,30.98,20286.0
2026-05-29T15:40:00-04:00,30.975,30.99,30.91,30.99,29732.0
2026-05-29T15:45:00-04:00,30.99,30.99,30.915,30.925,14977.0
2026-05-29T15:50:00-04:00,30.92,31.14,30.91,31.094999,119070.0
2026-05-29T15:55:00-04:00,31.1,31.23,31.1,31.23,239545.0
2026-06-01T09:30:00-04:00,30.32,30.39,29.61,29.61,118501.0
2026-06-01T09:35:00-04:00,29.7,30.02,29.67,29.895,70933.0
2026-06-01T09:40:00-04:00,29.87,30.22,29.8485,30.17,51407.0
2026-06-01T09:45:00-04:00,30.14,30.225,29.92,29.92,23428.0
2026-06-01T09:50:00-04:00,29.94,29.96,29.58,29.635,48328.0
2026-06-01T09:55:00-04:00,29.63,29.72,29.51,29.605,45357.0
2026-06-01T10:00:00-04:00,29.59,29.71,29.59,29.6099,49721.0
2026-06-01T10:05:00-04:00,29.622,29.855,29.58,29.83,24070.0
2026-06-01T10:10:00-04:00,29.86,29.93,29.8,29.835,30323.0
2026-06-01T10:15:00-04:00,29.82,29.87,29.76,29.76,53768.0
2026-06-01T10:20:00-04:00,29.75,29.795,29.7,29.73,19697.0
2026-06-01T10:25:00-04:00,29.71,29.76,29.63,29.75,20759.0
2026-06-01T10:30:00-04:00,29.73,29.73,29.62,29.64,14178.0
2026-06-01T10:35:00-04:00,29.62,29.64,29.485,29.57,35283.0
2026-06-01T10:40:00-04:00,29.555,29.595,29.35,29.37,42535.0
2026-06-01T10:45:00-04:00,29.37,29.415,29.030001,29.07,122440.0
2026-06-01T10:50:00-04:00,29.07,29.1,28.98,29.1,56821.0
2026-06-01T10:55:00-04:00,29.11,29.14,29.045,29.059999,16675.0
2026-06-01T11:00:00-04:00,29.07,29.18,29.045,29.18,18019.0
2026-06-01T11:05:00-04:00,29.16,29.33,29.16,29.32,20742.0
2026-06-01T11:10:00-04:00,29.32,29.46,29.31,29.43,21571.0
2026-06-01T11:15:00-04:00,29.425,29.51,29.38,29.51,18830.0
2026-06-01T11:20:00-04:00,29.57,29.69,29.57,29.625,18610.0
2026-06-01T11:25:00-04:00,29.57,29.74,29.57,29.74,19982.0
2026-06-01T11:30:00-04:00,29.72,29.92,29.68,29.89,36996.0
2026-06-01T11:35:00-04:00,29.89,30.0,29.89,30.0,69148.0
2026-06-01T11:40:00-04:00,30.0,30.0,29.88,29.89,78634.0
2026-06-01T11:45:00-04:00,29.87,29.87,29.73,29.73,18340.0
2026-06-01T11:50:00-04:00,29.7,29.75,29.69,29.74,16125.0
2026-06-01T11:55:00-04:00,29.71,29.91,29.71,29.835,64200.0
2026-06-01T12:00:00-04:00,29.85,30.12,29.845,30.075001,86401.0
2026-06-01T12:05:00-04:00,30.075001,30.075001,29.95,30.0,50192.0
2026-06-01T12:10:00-04:00,29.98,29.98,29.885,29.91,30925.0
2026-06-01T12:15:00-04:00,29.95,29.95,29.8,29.82,33177.0
2026-06-01T12:20:00-04:00,29.81,29.86,29.79,29.855,16797.0
2026-06-01T12:25:00-04:00,29.86,29.93,29.85,29.915,32672.0
2026-06-01T12:30:00-04:00,29.93,29.93,29.845,29.9003,25739.0
2026-06-01T12:35:00-04:00,29.91,29.955,29.91,29.95,20288.0
2026-06-01T12:40:00-04:00,29.95,29.96,29.87,29.87,17877.0
2026-06-01T12:45:00-04:00,29.87,30.040001,29.87,30.040001,16456.0
2026-06-01T12:50:00-04:00,30.08,30.17,30.059999,30.16,11275.0
2026-06-01T12:55:00-04:00,30.18,30.26,30.15,30.26,18269.0
2026-06-01T13:00:00-04:00,30.27,30.2799,30.145,30.145,26881.0
2026-06-01T13:05:00-04:00,30.1401,30.175,30.13,30.155,9108.0
2026-06-01T13:10:00-04:00,30.1501,30.17,30.12,30.17,22699.0
2026-06-01T13:15:00-04:00,30.1701,30.228,30.1701,30.22,11745.0
2026-06-01T13:20:00-04:00,30.21,30.23,30.19,30.2,15609.0
2026-06-01T13:25:00-04:00,30.21,30.35,30.15,30.35,23719.0
2026-06-01T13:30:00-04:00,30.37,30.41,30.25,30.255,48268.0
2026-06-01T13:35:00-04:00,30.22,30.22,30.115,30.115,18100.0
2026-06-01T13:40:00-04:00,30.12,30.375,30.12,30.325,55765.0
2026-06-01T13:45:00-04:00,30.32,30.385,30.26,30.35,113298.0
2026-06-01T13:50:00-04:00,30.345,30.44,30.32,30.43,16982.0
2026-06-01T13:55:00-04:00,30.44,30.46,30.42,30.435,18865.0
2026-06-01T14:00:00-04:00,30.435,30.435,30.315,30.315,10704.0
2026-06-01T14:05:00-04:00,30.315,30.37,30.3,30.37,17169.0
2026-06-01T14:10:00-04:00,30.37,30.37,30.34,30.345,10320.0
2026-06-01T14:15:00-04:00,30.32,30.37,30.29,30.37,7465.0
2026-06-01T14:20:00-04:00,30.36,30.39,30.33,30.33,11768.0
2026-06-01T14:25:00-04:00,30.345,30.345,30.295,30.33,19965.0
2026-06-01T14:30:00-04:00,30.32,30.33,30.285,30.285,11847.0
2026-06-01T14:35:00-04:00,30.29,30.29,30.2,30.235,42122.0
2026-06-01T14:40:00-04:00,30.245,30.27,30.21,30.22,49512.0
2026-06-01T14:45:00-04:00,30.22,30.24,30.21,30.235,23661.0
2026-06-01T14:50:00-04:00,30.24,30.24,30.155,30.165,16169.0
2026-06-01T14:55:00-04:00,30.19,30.21,30.145,30.15,14787.0
2026-06-01T15:00:00-04:00,30.15,30.16,30.1,30.1,19830.0
2026-06-01T15:05:00-04:00,30.11,30.13,30.09,30.1011,33622.0
2026-06-01T15:10:00-04:00,30.11,30.11,30.059999,30.059999,12223.0
2026-06-01T15:15:00-04:00,30.055,30.09,30.045,30.08,11996.0
2026-06-01T15:20:00-04:00,30.08,30.08,30.030001,30.049999,15656.0
2026-06-01T15:25:00-04:00,30.055,30.055,29.97,29.97,30580.0
2026-06-01T15:30:00-04:00,29.98,29.985,29.96,29.975,66797.0
2026-06-01T15:35:00-04:00,29.975,30.0049992,29.95,29.951,54297.0
2026-06-01T15:40:00-04:00,29.955,29.96,29.92,29.935,30303.0
2026-06-01T15:45:00-04:00,29.93,29.94,29.87,29.87,33630.0
2026-06-01T15:50:00-04:00,29.87,29.885,29.81,29.815,85050.0
2026-06-01T15:55:00-04:00,29.82,29.845,29.785,29.805,215103.0
2026-06-02T09:30:00-04:00,29.91,30.34,29.91,30.07,54407.0
2026-06-02T09:35:00-04:00,30.030001,30.17,29.92,30.17,21254.0
2026-06-02T09:40:00-04:00,30.15,30.29,30.0,30.02,35837.0
2026-06-02T09:45:00-04:00,30.01,30.07,29.77,29.77,38373.0
2026-06-02T09:50:00-04:00,29.755,29.77,29.4,29.4,26197.0
2026-06-02T09:55:00-04:00,29.395,29.51,29.375,29.455,57499.0
2026-06-02T10:00:00-04:00,29.37,29.77,29.36,29.67,76351.0
2026-06-02T10:05:00-04:00,29.69,29.77,29.625,29.6638,66088.0
2026-06-02T10:10:00-04:00,29.675,29.72,29.605,29.64,43422.0
2026-06-02T10:15:00-04:00,29.655,29.69,29.6,29.68,23340.0
2026-06-02T10:20:00-04:00,29.685,29.685,29.47,29.485,47255.0
2026-06-02T10:25:00-04:00,29.5,29.59,29.47,29.52,62776.0
2026-06-02T10:30:00-04:00,29.52,29.63,29.5,29.6,24344.0
2026-06-02T10:35:00-04:00,29.6,29.7401,29.6,29.74,12918.0
2026-06-02T10:40:00-04:00,29.76,29.805,29.6509,29.6509,23203.0
2026-06-02T10:45:00-04:00,29.7,29.89,29.7,29.83,35738.0
2026-06-02T10:50:00-04:00,29.83,29.91,29.795,29.895,33086.0
2026-06-02T10:55:00-04:00,29.87,29.8899,29.76,29.77,19222.0
2026-06-02T11:00:00-04:00,29.818,29.895,29.81,29.88,9237.0
2026-06-02T11:05:00-04:00,29.86,29.925,29.85,29.87,9962.0
2026-06-02T11:10:00-04:00,29.88,29.88,29.765,29.77,9537.0
2026-06-02T11:15:00-04:00,29.76,29.84,29.75,29.8296,13530.0
2026-06-02T11:20:00-04:00,29.83,29.92,29.83,29.87,9004.0
2026-06-02T11:25:00-04:00,29.89,29.93,29.87,29.89,14509.0
2026-06-02T11:30:00-04:00,29.88,29.92,29.86,29.87,13801.0
2026-06-02T11:35:00-04:00,29.88,29.91,29.83,29.84,13994.0
2026-06-02T11:40:00-04:00,29.87,29.89,29.83,29.88,16896.0
2026-06-02T11:45:00-04:00,29.88,29.975,29.88,29.97,12343.0
2026-06-02T11:50:00-04:00,29.94,29.96,29.875,29.875,11204.0
2026-06-02T11:55:00-04:00,29.84,29.875,29.83,29.85,7936.0
2026-06-02T12:00:00-04:00,29.86,29.88,29.85,29.865,7942.0
2026-06-02T12:05:00-04:00,29.85,29.85,29.78,29.83,19483.0
2026-06-02T12:10:00-04:00,29.86,29.885,29.83,29.83,4653.0
2026-06-02T12:15:00-04:00,29.82,29.82,29.78,29.79,8545.0
2026-06-02T12:20:00-04:00,29.78,29.87,29.77,29.86,9289.0
2026-06-02T12:25:00-04:00,29.85,29.85,29.7801,29.795,12930.0
2026-06-02T12:30:00-04:00,29.795,29.795,29.695,29.695,8395.0
2026-06-02T12:35:00-04:00,29.71,29.72,29.675,29.675,9725.0
2026-06-02T12:40:00-04:00,29.66,29.74,29.64,29.72,24046.0
2026-06-02T12:45:00-04:00,29.72,29.79,29.7,29.7691,12485.0
2026-06-02T12:50:00-04:00,29.765,29.77,29.715,29.72,18479.0
2026-06-02T12:55:00-04:00,29.73,29.74,29.59,29.63,81359.0
2026-06-02T13:00:00-04:00,29.63,29.7391,29.62,29.7391,46703.0
2026-06-02T13:05:00-04:00,29.74,29.75,29.64,29.65,19618.0
2026-06-02T13:10:00-04:00,29.66,29.7,29.651,29.695,6539.0
2026-06-02T13:15:00-04:00,29.695,29.735,29.68,29.711,8709.0
2026-06-02T13:20:00-04:00,29.71,29.73,29.7,29.73,12197.0
2026-06-02T13:25:00-04:00,29.73,29.74,29.68,29.74,29897.0
2026-06-02T13:30:00-04:00,29.745,29.805,29.745,29.805,15016.0
2026-06-02T13:35:00-04:00,29.79,29.79,29.66,29.67,29890.0
2026-06-02T13:40:00-04:00,29.678,29.68,29.65,29.65,11469.0
2026-06-02T13:45:00-04:00,29.66,29.69,29.64,29.68,13012.0
2026-06-02T13:50:00-04:00,29.69,29.69,29.63,29.63,12345.0
2026-06-02T13:55:00-04:00,29.63,29.645,29.62,29.645,8935.0
2026-06-02T14:00:00-04:00,29.66,29.7,29.65,29.655,14554.0
2026-06-02T14:05:00-04:00,29.67,29.75,29.66,29.73,11722.0
2026-06-02T14:10:00-04:00,29.72,29.74,29.71,29.735,12880.0
2026-06-02T14:15:00-04:00,29.74,29.745,29.71,29.7301,11921.0
2026-06-02T14:20:00-04:00,29.73,29.775,29.72,29.77,11076.0
2026-06-02T14:25:00-04:00,29.775,29.83,29.75,29.75,18744.0
2026-06-02T14:30:00-04:00,29.755,29.77,29.745,29.75,13805.0
2026-06-02T14:35:00-04:00,29.75,29.77,29.72,29.72,8469.0
2026-06-02T14:40:00-04:00,29.72,29.74,29.69,29.705,17730.0
2026-06-02T14:45:00-04:00,29.7,29.785,29.7,29.78,12662.0
2026-06-02T14:50:00-04:00,29.775,29.82,29.77,29.81,20936.0
2026-06-02T14:55:00-04:00,29.81,29.85,29.795,29.85,24690.0
2026-06-02T15:00:00-04:00,29.85,29.96,29.85,29.95,28597.0
2026-06-02T15:05:00-04:00,29.93,29.93,29.87,29.89,22780.0
2026-06-02T15:10:00-04:00,29.895,29.91,29.83,29.83,14192.0
2026-06-02T15:15:00-04:00,29.82,29.95,29.81,29.86,61557.0
2026-06-02T15:20:00-04:00,29.88,29.89,29.835,29.85,16096.0
2026-06-02T15:25:00-04:00,29.85,29.89,29.85,29.88,15405.0
2026-06-02T15:30:00-04:00,29.88,29.88,29.78,29.78,29271.0
2026-06-02T15:35:00-04:00,29.78,29.79,29.75,29.79,26573.0
2026-06-02T15:40:00-04:00,29.775,29.87,29.775,29.835,81162.0
2026-06-02T15:45:00-04:00,29.83,29.89,29.8,29.86,29258.0
2026-06-02T15:50:00-04:00,29.83,29.935,29.81,29.82,61813.0
2026-06-02T15:55:00-04:00,29.84,29.92,29.79,29.81,190633.0
2026-06-03T09:30:00-04:00,29.49,29.72,29.35,29.57,107874.0
2026-06-03T09:35:00-04:00,29.65,29.91,29.63,29.87,101542.0
2026-06-03T09:40:00-04:00,29.91,30.02,29.71,29.71,42905.0
2026-06-03T09:45:00-04:00,29.7,29.78,29.46,29.48,70298.0
2026-06-03T09:50:00-04:00,29.49,29.57,29.28,29.31,170402.0
2026-06-03T09:55:00-04:00,29.33,29.47,29.28,29.47,47783.0
2026-06-03T10:00:00-04:00,29.48,29.53,29.4,29.42,27452.0
2026-06-03T10:05:00-04:00,29.41,29.53,29.41,29.42,32688.0
2026-06-03T10:10:00-04:00,29.44,29.5,29.25,29.28,44550.0
2026-06-03T10:15:00-04:00,29.285,29.49,29.225,29.36,35821.0
2026-06-03T10:20:00-04:00,29.31,29.35,29.24,29.32,34471.0
2026-06-03T10:25:00-04:00,29.3,29.359,29.275,29.34,28861.0
2026-06-03T10:30:00-04:00,29.35,29.36,29.3,29.355,27789.0
2026-06-03T10:35:00-04:00,29.38,29.635,29.36,29.635,39355.0
2026-06-03T10:40:00-04:00,29.65,29.69,29.6,29.6,25225.0
2026-06-03T10:45:00-04:00,29.59,29.7,29.565,29.69,28091.0
2026-06-03T10:50:00-04:00,29.69,29.83,29.655,29.765,30359.0
2026-06-03T10:55:00-04:00,29.83,29.86,29.735,29.79,31567.0
2026-06-03T11:00:00-04:00,29.79,29.8798,29.75,29.83,12775.0
2026-06-03T11:05:00-04:00,29.82,29.82,29.65,29.69,16283.0
2026-06-03T11:10:00-04:00,29.7,29.71,29.59,29.59,13952.0
2026-06-03T11:15:00-04:00,29.58,29.67,29.555,29.63,15676.0
2026-06-03T11:20:00-04:00,29.65,29.65,29.4,29.47,22531.0
2026-06-03T11:25:00-04:00,29.48,29.48,29.395,29.43,32338.0
2026-06-03T11:30:00-04:00,29.43,29.43,29.1901,29.21,16924.0
2026-06-03T11:35:00-04:00,29.21,29.25,29.15,29.175,19988.0
2026-06-03T11:40:00-04:00,29.18,29.25,29.17,29.2,32977.0
2026-06-03T11:45:00-04:00,29.21,29.26,29.17,29.26,19884.0
2026-06-03T11:50:00-04:00,29.28,29.28,29.19,29.19,31445.0
2026-06-03T11:55:00-04:00,29.2,29.245,29.17,29.18,36987.0
2026-06-03T12:00:00-04:00,29.19,29.23,29.15,29.225,16274.0
2026-06-03T12:05:00-04:00,29.235,29.24,29.17,29.195,15380.0
2026-06-03T12:10:00-04:00,29.185,29.26,29.18,29.26,42961.0
2026-06-03T12:15:00-04:00,29.25,29.279,29.159,29.19,13626.0
2026-06-03T12:20:00-04:00,29.19,29.21,29.1003,29.12,14199.0
2026-06-03T12:25:00-04:00,29.125,29.145,29.025,29.07,68643.0
2026-06-03T12:30:00-04:00,29.07,29.11,29.07,29.11,18121.0
2026-06-03T12:35:00-04:00,29.1,29.1,29.049999,29.049999,31013.0
2026-06-03T12:40:00-04:00,29.02,29.049999,28.97,28.985,29873.0
2026-06-03T12:45:00-04:00,29.02,29.030001,28.98,29.015,31292.0
2026-06-03T12:50:00-04:00,29.0,29.0,28.9501,28.97,11909.0
2026-06-03T12:55:00-04:00,28.98,29.059999,28.98,29.02,9817.0
2026-06-03T13:00:00-04:00,29.025,29.0769,29.0,29.0,13721.0
2026-06-03T13:05:00-04:00,29.01,29.1425,29.01,29.11,19122.0
2026-06-03T13:10:00-04:00,29.09,29.09,28.9988,29.0,9746.0
2026-06-03T13:15:00-04:00,29.01,29.040001,29.01,29.040001,7221.0
2026-06-03T13:20:00-04:00,29.035,29.1099,29.035,29.059999,38236.0
2026-06-03T13:25:00-04:00,29.08,29.08,29.040001,29.040001,16746.0
2026-06-03T13:30:00-04:00,29.035,29.08,29.02,29.07,27331.0
2026-06-03T13:35:00-04:00,29.095,29.095,29.059999,29.059999,6417.0
2026-06-03T13:40:00-04:00,29.08,29.115,29.075001,29.11,22209.0
2026-06-03T13:45:00-04:00,29.12,29.12,29.06,29.09,22326.0
2026-06-03T13:50:00-04:00,29.11,29.13,29.040001,29.049999,13616.0
2026-06-03T13:55:00-04:00,29.030001,29.07,29.030001,29.07,10302.0
2026-06-03T14:00:00-04:00,29.059999,29.19,29.049999,29.18,22704.0
2026-06-03T14:05:00-04:00,29.19,29.2,29.16,29.16,13642.0
2026-06-03T14:10:00-04:00,29.16,29.16,29.12,29.12,14602.0
2026-06-03T14:15:00-04:00,29.11,29.11,29.049999,29.07,17955.0
2026-06-03T14:20:00-04:00,29.07,29.13,29.049999,29.13,17179.0
2026-06-03T14:25:00-04:00,29.13,29.18,29.13,29.17,16045.0
2026-06-03T14:30:00-04:00,29.18,29.26,29.18,29.23,40126.0
2026-06-03T14:35:00-04:00,29.2,29.23,29.2,29.23,10519.0
2026-06-03T14:40:00-04:00,29.23,29.235,29.18,29.2,17734.0
2026-06-03T14:45:00-04:00,29.2,29.29,29.18,29.28,27679.0
2026-06-03T14:50:00-04:00,29.27,29.3,29.23,29.23,20887.0
2026-06-03T14:55:00-04:00,29.22,29.25,29.18,29.23,22210.0
2026-06-03T15:00:00-04:00,29.22,29.25,29.2,29.24,25610.0
2026-06-03T15:05:00-04:00,29.225,29.265,29.22,29.22,48672.0
2026-06-03T15:10:00-04:00,29.22,29.24,29.165,29.2,23663.0
2026-06-03T15:15:00-04:00,29.2,29.24,29.2,29.225,20651.0
2026-06-03T15:20:00-04:00,29.22,29.22,29.16,29.16,24061.0
2026-06-03T15:25:00-04:00,29.16,29.185,29.125,29.185,24347.0
2026-06-03T15:30:00-04:00,29.225,29.28,29.215,29.26,29673.0
2026-06-03T15:35:00-04:00,29.26,29.26,29.165,29.17,26063.0
2026-06-03T15:40:00-04:00,29.165,29.17,29.11,29.11,26115.0
2026-06-03T15:45:00-04:00,29.11,29.16,29.076,29.115,36472.0
2026-06-03T15:50:00-04:00,29.13,29.142,29.01,29.02,46071.0
2026-06-03T15:55:00-04:00,29.030001,29.059999,28.86,28.87,241489.0
2026-06-04T09:30:00-04:00,29.37,29.95,29.3,29.35,81630.0
2026-06-04T09:35:00-04:00,29.33,29.865,29.3,29.82,31209.0
2026-06-04T09:40:00-04:00,29.81,30.18,29.81,30.18,83349.0
2026-06-04T09:45:00-04:00,30.116,30.14,29.87,30.040001,36002.0
2026-06-04T09:50:00-04:00,30.055,30.08,29.88,29.9,28867.0
2026-06-04T09:55:00-04:00,29.89,30.049999,29.83,29.98,25732.0
2026-06-04T10:00:00-04:00,29.95,30.069901,29.84,29.89,34905.0
2026-06-04T10:05:00-04:00,29.87,30.01,29.84,29.87,29087.0
2026-06-04T10:10:00-04:00,29.85,29.95,29.8,29.89,34969.0
2026-06-04T10:15:00-04:00,29.92,29.94,29.86,29.91,30016.0
2026-06-04T10:20:00-04:00,29.9,30.0,29.88,29.98,9817.0
2026-06-04T10:25:00-04:00,29.98,29.99,29.85,29.855,11451.0
2026-06-04T10:30:00-04:00,29.88,29.88,29.7,29.75,37097.0
2026-06-04T10:35:00-04:00,29.75,29.75,29.62,29.64,27669.0
2026-06-04T10:40:00-04:00,29.63,29.6699,29.5,29.52,15537.0
2026-06-04T10:45:00-04:00,29.535,29.535,29.36,29.4,15462.0
2026-06-04T10:50:00-04:00,29.42,29.45,29.31,29.38,31823.0
2026-06-04T10:55:00-04:00,29.37,29.449,29.265,29.31,35173.0
2026-06-04T11:00:00-04:00,29.32,29.43,29.31,29.42,24223.0
2026-06-04T11:05:00-04:00,29.435,29.58,29.435,29.58,11314.0
2026-06-04T11:10:00-04:00,29.58,29.7,29.58,29.695,6348.0
2026-06-04T11:15:00-04:00,29.64,29.68,29.59,29.64,12781.0
2026-06-04T11:20:00-04:00,29.61,29.615,29.48,29.5,28091.0
2026-06-04T11:25:00-04:00,29.5,29.55,29.47,29.47,12583.0
2026-06-04T11:30:00-04:00,29.5,29.5,29.45,29.48,7755.0
2026-06-04T11:35:00-04:00,29.46,29.49,29.45,29.46,8606.0
2026-06-04T11:40:00-04:00,29.48,29.48,29.43,29.44,8900.0
2026-06-04T11:45:00-04:00,29.445,29.47,29.405,29.45,10591.0
2026-06-04T11:50:00-04:00,29.47,29.52,29.46,29.51,6408.0
2026-06-04T11:55:00-04:00,29.48,29.55,29.4638,29.48,12905.0
2026-06-04T12:00:00-04:00,29.48,29.555,29.48,29.51,4534.0
2026-06-04T12:05:00-04:00,29.465,29.57,29.465,29.57,10390.0
2026-06-04T12:10:00-04:00,29.57,29.575,29.505,29.505,4558.0
2026-06-04T12:15:00-04:00,29.53,29.53,29.48,29.5,7667.0
2026-06-04T12:20:00-04:00,29.495,29.56,29.495,29.56,13256.0
2026-06-04T12:25:00-04:00,29.57,29.57,29.54,29.54,6378.0
2026-06-04T12:30:00-04:00,29.53,29.54,29.495,29.53,9093.0
2026-06-04T12:35:00-04:00,29.555,29.605,29.45,29.45,71110.0
2026-06-04T12:40:00-04:00,29.44,29.45,29.42,29.45,8432.0
2026-06-04T12:45:00-04:00,29.43,29.47,29.41,29.45,7276.0
2026-06-04T12:50:00-04:00,29.45,29.456,29.43,29.445,6472.0
2026-06-04T12:55:00-04:00,29.43,29.466,29.42,29.466,14975.0
2026-06-04T13:00:00-04:00,29.46,29.545,29.44,29.545,8060.0
2026-06-04T13:05:00-04:00,29.56,29.585,29.56,29.5779,6062.0
2026-06-04T13:10:00-04:00,29.56,29.56,29.48,29.48,6340.0
2026-06-04T13:15:00-04:00,29.48,29.5,29.48,29.5,4393.0
2026-06-04T13:20:00-04:00,29.525,29.53,29.49,29.5,10372.0
2026-06-04T13:25:00-04:00,29.5,29.53,29.49,29.49,8081.0
2026-06-04T13:30:00-04:00,29.52,29.56,29.51,29.555,7359.0
2026-06-04T13:35:00-04:00,29.54,29.575,29.475,29.48,8816.0
2026-06-04T13:40:00-04:00,29.49,29.5,29.42,29.42,4224.0
2026-06-04T13:45:00-04:00,29.43,29.43,29.37,29.41,23323.0
2026-06-04T13:50:00-04:00,29.42,29.45,29.42,29.42,3956.0
2026-06-04T13:55:00-04:00,29.41,29.41,29.37,29.4,6283.0
2026-06-04T14:00:00-04:00,29.41,29.44,29.38,29.4,8231.0
2026-06-04T14:05:00-04:00,29.415,29.415,29.36,29.37,12029.0
2026-06-04T14:10:00-04:00,29.36,29.38,29.34,29.34,8345.0
2026-06-04T14:15:00-04:00,29.35,29.42,29.32,29.4,14906.0
2026-06-04T14:20:00-04:00,29.38,29.38,29.36,29.37,4326.0
2026-06-04T14:25:00-04:00,29.37,29.37,29.3,29.31,8653.0
2026-06-04T14:30:00-04:00,29.305,29.335,29.29,29.31,7918.0
2026-06-04T14:35:00-04:00,29.31,29.32,29.3,29.32,10514.0
2026-06-04T14:40:00-04:00,29.32,29.36,29.32,29.35,8009.0
2026-06-04T14:45:00-04:00,29.34,29.35,29.28,29.29,9635.0
2026-06-04T14:50:00-04:00,29.3,29.36,29.3,29.36,23396.0
2026-06-04T14:55:00-04:00,29.32,29.34,29.32,29.32,3305.0
2026-06-04T15:00:00-04:00,29.33,29.415,29.33,29.4,9260.0
2026-06-04T15:05:00-04:00,29.39,29.39,29.35,29.36,8492.0
2026-06-04T15:10:00-04:00,29.36,29.365,29.33,29.34,8140.0
2026-06-04T15:15:00-04:00,29.34,29.355,29.32,29.355,8692.0
2026-06-04T15:20:00-04:00,29.355,29.355,29.282,29.29,15256.0
2026-06-04T15:25:00-04:00,29.3,29.33,29.3,29.32,11559.0
2026-06-04T15:30:00-04:00,29.315,29.3165,29.285,29.31,9178.0
2026-06-04T15:35:00-04:00,29.325,29.37,29.32,29.37,9950.0
2026-06-04T15:40:00-04:00,29.365,29.48,29.365,29.42,20108.0
2026-06-04T15:45:00-04:00,29.41,29.435,28.89,29.385,37460.0
2026-06-04T15:50:00-04:00,29.41,29.47,29.37,29.385,40896.0
2026-06-04T15:55:00-04:00,29.38,29.52,29.34,29.47,137255.0
2026-06-05T09:30:00-04:00,28.45,28.47,28.1565,28.24,101648.0
2026-06-05T09:35:00-04:00,28.29,28.3599,27.935,27.935,62800.0
2026-06-05T09:40:00-04:00,27.96,28.09,27.89,27.91,31646.0
2026-06-05T09:45:00-04:00,27.84,27.9,27.715,27.715,77619.0
2026-06-05T09:50:00-04:00,27.71,27.87,27.685,27.765,46524.0
2026-06-05T09:55:00-04:00,27.73,27.73,27.465,27.465,128000.0
2026-06-05T10:00:00-04:00,27.46,27.49,27.3,27.41,59971.0
2026-06-05T10:05:00-04:00,27.44,27.5,27.35,27.46,48686.0
2026-06-05T10:10:00-04:00,27.47,27.505,27.38,27.39,31230.0
2026-06-05T10:15:00-04:00,27.4,27.44,27.32,27.43,37674.0
2026-06-05T10:20:00-04:00,27.41,27.41,26.97,26.98,62124.0
2026-06-05T10:25:00-04:00,26.98,27.16,26.965,27.07,54850.0
2026-06-05T10:30:00-04:00,27.09,27.205,27.059999,27.14,51373.0
2026-06-05T10:35:00-04:00,27.13,27.19,27.1,27.145,38710.0
2026-06-05T10:40:00-04:00,27.14,27.28,27.13,27.265,72528.0
2026-06-05T10:45:00-04:00,27.27,27.2999,27.2,27.26,83764.0
2026-06-05T10:50:00-04:00,27.24,27.42,27.24,27.4012,23615.0
2026-06-05T10:55:00-04:00,27.41,27.58,27.41,27.51,40425.0
2026-06-05T11:00:00-04:00,27.48,27.515,27.4,27.415,24461.0
2026-06-05T11:05:00-04:00,27.4,27.43,27.37,27.38,20338.0
2026-06-05T11:10:00-04:00,27.3801,27.395,27.26,27.26,29524.0
2026-06-05T11:15:00-04:00,27.26,27.29,27.21,27.26,12611.0
2026-06-05T11:20:00-04:00,27.26,27.26,27.152,27.185,20258.0
2026-06-05T11:25:00-04:00,27.175,27.2,27.07,27.13,45513.0
2026-06-05T11:30:00-04:00,27.12,27.155,27.09,27.09,13124.0
2026-06-05T11:35:00-04:00,27.08,27.1,26.98,27.0,14853.0
2026-06-05T11:40:00-04:00,26.98,27.0585,26.942,26.975,16802.0
2026-06-05T11:45:00-04:00,26.99,27.09,26.99,27.09,15688.0
2026-06-05T11:50:00-04:00,27.1,27.2,27.07,27.17,34188.0
2026-06-05T11:55:00-04:00,27.16,27.16,27.010099,27.030001,37322.0
2026-06-05T12:00:00-04:00,27.040001,27.065001,26.98,27.02,23556.0
2026-06-05T12:05:00-04:00,27.0,27.02,26.9601,27.02,15207.0
2026-06-05T12:10:00-04:00,27.02,27.14,27.02,27.12,37704.0
2026-06-05T12:15:00-04:00,27.105,27.13,27.07,27.09,14277.0
2026-06-05T12:20:00-04:00,27.059999,27.21,27.049999,27.18,28861.0
2026-06-05T12:25:00-04:00,27.175,27.234,27.14,27.17,20371.0
2026-06-05T12:30:00-04:00,27.145,27.18,27.11,27.16,14024.0
2026-06-05T12:35:00-04:00,27.18,27.21,27.1401,27.16,15958.0
2026-06-05T12:40:00-04:00,27.16,27.17,27.1,27.12,24558.0
2026-06-05T12:45:00-04:00,27.12,27.18,27.040001,27.18,36298.0
2026-06-05T12:50:00-04:00,27.17,27.27,27.16,27.27,13626.0
2026-06-05T12:55:00-04:00,27.27,27.32,27.26,27.31,10983.0
2026-06-05T13:00:00-04:00,27.33,27.36,27.26,27.3,17641.0
2026-06-05T13:05:00-04:00,27.34,27.34,27.21,27.22,19948.0
2026-06-05T13:10:00-04:00,27.24,27.24,27.11,27.18,14941.0
2026-06-05T13:15:00-04:00,27.21,27.21,27.155,27.21,17810.0
2026-06-05T13:20:00-04:00,27.215,27.27,27.17,27.25,20944.0
2026-06-05T13:25:00-04:00,27.25,27.25,27.15,27.2,17680.0
2026-06-05T13:30:00-04:00,27.185,27.21,27.16,27.19,15530.0
2026-06-05T13:35:00-04:00,27.2,27.22,27.14,27.155,25595.0
2026-06-05T13:40:00-04:00,27.17,27.175,27.09,27.094999,25583.0
2026-06-05T13:45:00-04:00,27.094999,27.115,27.08,27.1,15162.0
2026-06-05T13:50:00-04:00,27.09,27.12,27.08,27.12,12855.0
2026-06-05T13:55:00-04:00,27.13,27.19,27.11,27.17,32531.0
2026-06-05T14:00:00-04:00,27.18,27.21,27.07,27.075001,37279.0
2026-06-05T14:05:00-04:00,27.075001,27.13,27.040001,27.084999,27724.0
2026-06-05T14:10:00-04:00,27.084999,27.084999,27.01,27.01,21262.0
2026-06-05T14:15:00-04:00,26.99,27.0,26.94,26.985,28355.0
2026-06-05T14:20:00-04:00,26.98,27.01,26.9,26.91,27323.0
2026-06-05T14:25:00-04:00,26.915,26.94,26.9,26.94,15123.0
2026-06-05T14:30:00-04:00,26.925,26.965,26.88,26.965,24333.0
2026-06-05T14:35:00-04:00,26.96,26.98,26.91,26.925,21023.0
2026-06-05T14:40:00-04:00,26.94,26.945,26.86,26.915,17344.0
2026-06-05T14:45:00-04:00,26.9,26.9,26.78,26.87,27783.0
2026-06-05T14:50:00-04:00,26.86,26.86,26.78,26.855,17589.0
2026-06-05T14:55:00-04:00,26.84,26.96,26.83,26.83,27974.0
2026-06-05T15:00:00-04:00,26.84,26.86,26.7609,26.825,21221.0
2026-06-05T15:05:00-04:00,26.84,26.84,26.735,26.8,24096.0
2026-06-05T15:10:00-04:00,26.795,26.795,26.715,26.73,23678.0
2026-06-05T15:15:00-04:00,26.73,26.73,26.66,26.71,38122.0
2026-06-05T15:20:00-04:00,26.715,26.8,26.71,26.76,32186.0
2026-06-05T15:25:00-04:00,26.77,26.87,26.77,26.79,28213.0
2026-06-05T15:30:00-04:00,26.81,26.81,26.69,26.72,33649.0
2026-06-05T15:35:00-04:00,26.715,26.78,26.71,26.75,47132.0
2026-06-05T15:40:00-04:00,26.735,26.735,26.59,26.675,46305.0
2026-06-05T15:45:00-04:00,26.679,26.77,26.65,26.76,39120.0
2026-06-05T15:50:00-04:00,26.76,26.79,26.66,26.685,84293.0
2026-06-05T15:55:00-04:00,26.685,26.735,26.64,26.725,219784.0
2026-06-08T09:30:00-04:00,27.01,27.13,26.868,26.87,100915.0
2026-06-08T09:35:00-04:00,26.86,26.98,26.82,26.9,36954.0
2026-06-08T09:40:00-04:00,26.88,26.925,26.85,26.86,13668.0
2026-06-08T09:45:00-04:00,26.85,26.98,26.81,26.81,29623.0
2026-06-08T09:50:00-04:00,26.79,26.955,26.75,26.81,19599.0
2026-06-08T09:55:00-04:00,26.81,26.83,26.63,26.64,25114.0
2026-06-08T10:00:00-04:00,26.65,26.79,26.65,26.79,39272.0
2026-06-08T10:05:00-04:00,26.8,26.87,26.73,26.84,18260.0
2026-06-08T10:10:00-04:00,26.825,26.85,26.76,26.78,29224.0
2026-06-08T10:15:00-04:00,26.78,26.88,26.77,26.83,14727.0
2026-06-08T10:20:00-04:00,26.85,26.89,26.75,26.785,20392.0
2026-06-08T10:25:00-04:00,26.771,26.8,26.7,26.7,15497.0
2026-06-08T10:30:00-04:00,26.6807,26.77,26.6615,26.77,16008.0
2026-06-08T10:35:00-04:00,26.77,26.78,26.655,26.7475,14218.0
2026-06-08T10:40:00-04:00,26.805,26.855,26.74,26.84,18766.0
2026-06-08T10:45:00-04:00,26.85,26.93,26.84,26.86,21332.0
2026-06-08T10:50:00-04:00,26.845,26.91,26.81,26.85,13191.0
2026-06-08T10:55:00-04:00,26.882,27.0,26.86,27.0,14096.0
2026-06-08T11:00:00-04:00,27.02,27.040001,26.965,26.965,23933.0
2026-06-08T11:05:00-04:00,26.93,27.08,26.915,27.035,15025.0
2026-06-08T11:10:00-04:00,27.030001,27.09,27.030001,27.07,15644.0
2026-06-08T11:15:00-04:00,27.07,27.13,27.049999,27.12,18548.0
2026-06-08T11:20:00-04:00,27.16,27.24,27.11,27.24,20010.0
2026-06-08T11:25:00-04:00,27.22,27.22,27.094999,27.13,12277.0
2026-06-08T11:30:00-04:00,27.13,27.13,27.07,27.09,14865.0
2026-06-08T11:35:00-04:00,27.105,27.1799,27.07,27.165,10041.0
2026-06-08T11:40:00-04:00,27.2,27.2,27.115,27.13,22069.0
2026-06-08T11:45:00-04:00,27.16,27.16,27.11,27.125,6362.0
2026-06-08T11:50:00-04:00,27.12,27.17,27.12,27.128,10635.0
2026-06-08T11:55:00-04:00,27.13,27.17,27.13,27.165,8025.0
2026-06-08T12:00:00-04:00,27.165,27.21,27.14,27.15,21097.0
2026-06-08T12:05:00-04:00,27.15,27.15,27.094999,27.094999,9057.0
2026-06-08T12:10:00-04:00,27.059999,27.08,27.030001,27.035,8488.0
2026-06-08T12:15:00-04:00,27.049999,27.08,27.030001,27.08,5232.0
2026-06-08T12:20:00-04:00,27.07,27.08,27.01,27.030001,8827.0
2026-06-08T12:25:00-04:00,27.030001,27.045,26.995,26.995,10481.0
2026-06-08T12:30:00-04:00,27.01,27.094999,27.000099182,27.059999,9668.0
2026-06-08T12:35:00-04:00,27.049999,27.084999,27.0,27.0049992,10779.0
2026-06-08T12:40:00-04:00,27.02,27.040001,26.97,27.030001,16894.0
2026-06-08T12:45:00-04:00,27.030001,27.059999,27.0,27.055,9934.0
2026-06-08T12:50:00-04:00,27.055,27.055,26.95,26.95,8088.0
2026-06-08T12:55:00-04:00,26.945,26.96,26.92,26.96,9588.0
2026-06-08T13:00:00-04:00,26.955,26.955,26.895,26.9,16668.0
2026-06-08T13:05:00-04:00,26.9,26.93,26.845,26.845,11237.0
2026-06-08T13:10:00-04:00,26.85,26.88,26.83,26.88,9502.0
2026-06-08T13:15:00-04:00,26.88,26.915,26.86,26.87,13330.0
2026-06-08T13:20:00-04:00,26.885,26.905,26.835,26.8699,14256.0
2026-06-08T13:25:00-04:00,26.86,26.94,26.85,26.94,6831.0
2026-06-08T13:30:00-04:00,26.94,26.96,26.8301,26.86,20418.0
2026-06-08T13:35:00-04:00,26.87,26.89,26.83,26.875,10158.0
2026-06-08T13:40:00-04:00,26.875,26.91,26.87,26.89,12947.0
2026-06-08T13:45:00-04:00,26.88,26.935,26.85,26.88,14983.0
2026-06-08T13:50:00-04:00,26.89,26.92,26.89,26.915,6398.0
2026-06-08T13:55:00-04:00,26.9,26.9,26.85,26.86,8529.0
2026-06-08T14:00:00-04:00,26.85,26.925,26.85,26.92,12106.0
2026-06-08T14:05:00-04:00,26.91,26.92,26.89,26.91,12778.0
2026-06-08T14:10:00-04:00,26.89,26.89,26.8,26.8,35124.0
2026-06-08T14:15:00-04:00,26.8099,26.87,26.8,26.84,13111.0
2026-06-08T14:20:00-04:00,26.835,26.88,26.83,26.88,10852.0
2026-06-08T14:25:00-04:00,26.89,26.89,26.83,26.85,9898.0
2026-06-08T14:30:00-04:00,26.84,26.87,26.82,26.82,10478.0
2026-06-08T14:35:00-04:00,26.8,26.82,26.79,26.8,6914.0
2026-06-08T14:40:00-04:00,26.79,26.795,26.75,26.75,24758.0
2026-06-08T14:45:00-04:00,26.76,26.77,26.7,26.7,39972.0
2026-06-08T14:50:00-04:00,26.7,26.7,26.645,26.645,15016.0
2026-06-08T14:55:00-04:00,26.64,26.65,26.615,26.625,13907.0
2026-06-08T15:00:00-04:00,26.6,26.67,26.6,26.621,26586.0
2026-06-08T15:05:00-04:00,26.62,26.62,26.55,26.55,15589.0
2026-06-08T15:10:00-04:00,26.55,26.55,26.47,26.49,64941.0
2026-06-08T15:15:00-04:00,26.49,26.49,26.42,26.45,70932.0
2026-06-08T15:20:00-04:00,26.45,26.5,26.43,26.46,34872.0
2026-06-08T15:25:00-04:00,26.45,26.48,26.43,26.48,20505.0
2026-06-08T15:30:00-04:00,26.46,26.5,26.44,26.45,25112.0
2026-06-08T15:35:00-04:00,26.455,26.485,26.45,26.465,19285.0
2026-06-08T15:40:00-04:00,26.45,26.5,26.445,26.485,20642.0
2026-06-08T15:45:00-04:00,26.485,26.535,26.485,26.49,43659.0
2026-06-08T15:50:00-04:00,26.5,26.595,26.49,26.5,82041.0
2026-06-08T15:55:00-04:00,26.495,26.63,26.49,26.605,166044.0
2026-06-09T09:30:00-04:00,26.87,26.881,26.105,26.23,187874.0
2026-06-09T09:35:00-04:00,26.26,26.4,26.045,26.13,116398.0
2026-06-09T09:40:00-04:00,26.125,26.36,26.125,26.31,69316.0
2026-06-09T09:45:00-04:00,26.31,26.69,26.215,26.645,62503.0
2026-06-09T09:50:00-04:00,26.62,26.64,26.49,26.515,23786.0
2026-06-09T09:55:00-04:00,26.49,26.65,26.48,26.56,37209.0
2026-06-09T10:00:00-04:00,26.555,26.64,26.48,26.51,24153.0
2026-06-09T10:05:00-04:00,26.515,26.64,26.46,26.5708,18886.0
2026-06-09T10:10:00-04:00,26.56,26.59,26.48,26.49,32547.0
2026-06-09T10:15:00-04:00,26.5,26.5,26.059999,26.17,44540.0
2026-06-09T10:20:00-04:00,26.17,26.365,26.17,26.29,25635.0
2026-06-09T10:25:00-04:00,26.29,26.41,26.27,26.32,27333.0
2026-06-09T10:30:00-04:00,26.33,26.34,26.24,26.28,18998.0
2026-06-09T10:35:00-04:00,26.25,26.25,26.11,26.14,14834.0
2026-06-09T10:40:00-04:00,26.14,26.19,25.84,25.8401,40073.0
2026-06-09T10:45:00-04:00,25.83,25.895,25.68,25.74,66242.0
2026-06-09T10:50:00-04:00,25.72,25.97,25.7,25.97,49064.0
2026-06-09T10:55:00-04:00,25.99,26.08,25.91,26.08,10975.0
2026-06-09T11:00:00-04:00,26.1,26.1,25.945,25.961,27259.0
2026-06-09T11:05:00-04:00,25.95,26.01,25.91,26.01,54422.0
2026-06-09T11:10:00-04:00,26.014999,26.040001,25.94,26.0049992,15630.0
2026-06-09T11:15:00-04:00,26.02,26.059999,25.96,25.97,8603.0
2026-06-09T11:20:00-04:00,25.935,25.95,25.765,25.765,12341.0
2026-06-09T11:25:00-04:00,25.78,25.79,25.415,25.465,28210.0
2026-06-09T11:30:00-04:00,25.475,25.51,25.29,25.41,44123.0
2026-06-09T11:35:00-04:00,25.415,25.46,25.32,25.39,21932.0
2026-06-09T11:40:00-04:00,25.41,25.51,25.38,25.45,20426.0
2026-06-09T11:45:00-04:00,25.49,25.54,25.46,25.5,20837.0
2026-06-09T11:50:00-04:00,25.5,25.54,25.38,25.425,26384.0
2026-06-09T11:55:00-04:00,25.42,25.44,25.21,25.22,34641.0
2026-06-09T12:00:00-04:00,25.2,25.37,25.19,25.2611,66637.0
2026-06-09T12:05:00-04:00,25.25,25.27,25.040001,25.040001,25857.0
2026-06-09T12:10:00-04:00,25.049999,25.065001,24.96,24.9901,33917.0
2026-06-09T12:15:00-04:00,25.02,25.035,24.84,24.8675,44457.0
2026-06-09T12:20:00-04:00,24.82,24.93,24.79,24.92,77323.0
2026-06-09T12:25:00-04:00,24.94,25.11,24.94,25.094999,64728.0
2026-06-09T12:30:00-04:00,25.09,25.185,25.059999,25.12,27940.0
2026-06-09T12:35:00-04:00,25.129,25.22,24.73,24.74,68206.0
2026-06-09T12:40:00-04:00,24.69,24.89,24.6068,24.86,53318.0
2026-06-09T12:45:00-04:00,24.9,24.96,24.83,24.85,22953.0
2026-06-09T12:50:00-04:00,24.89,24.89,24.7,24.7,52664.0
2026-06-09T12:55:00-04:00,24.7,24.89,24.7,24.85,46581.0
2026-06-09T13:00:00-04:00,24.87,25.01,24.815,25.01,25528.0
2026-06-09T13:05:00-04:00,25.0,25.0499,24.98,25.01,31764.0
2026-06-09T13:10:00-04:00,25.025,25.11,24.97,25.059999,37649.0
2026-06-09T13:15:00-04:00,25.045,25.15,25.030001,25.12,19066.0
2026-06-09T13:20:00-04:00,25.12,25.25,25.12,25.23,53996.0
2026-06-09T13:25:00-04:00,25.22,25.295,25.2,25.26,28451.0
2026-06-09T13:30:00-04:00,25.256,25.43,25.24,25.43,31050.0
2026-06-09T13:35:00-04:00,25.47,25.52,25.46,25.47,13601.0
2026-06-09T13:40:00-04:00,25.48,25.575,25.48,25.5,17181.0
2026-06-09T13:45:00-04:00,25.49,25.49,25.39,25.41,40443.0
2026-06-09T13:50:00-04:00,25.43,25.49,25.42,25.46,15103.0
2026-06-09T13:55:00-04:00,25.45,25.48,25.44,25.45,8876.0
2026-06-09T14:00:00-04:00,25.47,25.51,25.43,25.47,16816.0
2026-06-09T14:05:00-04:00,25.465,25.52,25.45,25.52,7720.0
2026-06-09T14:10:00-04:00,25.51,25.57,25.51,25.5601,10187.0
2026-06-09T14:15:00-04:00,25.55,25.631,25.49,25.631,11107.0
2026-06-09T14:20:00-04:00,25.655,25.72,25.63,25.7,14177.0
2026-06-09T14:25:00-04:00,25.72,25.735,25.64,25.695,10906.0
2026-06-09T14:30:00-04:00,25.7,25.78,25.675,25.675,17224.0
2026-06-09T14:35:00-04:00,25.7,25.7,25.65,25.67,8574.0
2026-06-09T14:40:00-04:00,25.64,25.6599,25.55,25.56,12841.0
2026-06-09T14:45:00-04:00,25.57,25.57,25.52,25.55,18836.0
2026-06-09T14:50:00-04:00,25.535,25.58,25.52,25.565,13774.0
2026-06-09T14:55:00-04:00,25.57,25.7,25.57,25.685,27192.0
2026-06-09T15:00:00-04:00,25.68,25.76,25.665,25.74,19772.0
2026-06-09T15:05:00-04:00,25.75,25.77,25.67,25.68,24919.0
2026-06-09T15:10:00-04:00,25.67,25.675,25.575,25.585,13835.0
2026-06-09T15:15:00-04:00,25.575,25.59,25.52,25.575,23993.0
2026-06-09T15:20:00-04:00,25.575,25.63,25.555,25.58,27126.0
2026-06-09T15:25:00-04:00,25.585,25.595,25.54,25.55,21514.0
2026-06-09T15:30:00-04:00,25.55,25.56,25.47,25.53,38042.0
2026-06-09T15:35:00-04:00,25.525,25.57,25.48,25.49,30411.0
2026-06-09T15:40:00-04:00,25.47,25.53,25.445,25.51,34749.0
2026-06-09T15:45:00-04:00,25.51,25.54,25.49,25.51,27532.0
2026-06-09T15:50:00-04:00,25.5,25.64,25.49,25.58,75038.0
2026-06-09T15:55:00-04:00,25.6,25.76,25.6,25.73,211119.0
2026-06-10T09:30:00-04:00,25.0,25.205,24.81,25.055,106055.0
2026-06-10T09:35:00-04:00,25.01,25.425,25.00099945,25.355,61657.0
2026-06-10T09:40:00-04:00,25.37,25.45,25.27,25.425,43944.0
2026-06-10T09:45:00-04:00,25.41,25.455,25.335,25.41,39491.0
2026-06-10T09:50:00-04:00,25.4,25.43,25.315,25.315,25074.0
2026-06-10T09:55:00-04:00,25.315,25.315,25.17,25.23,14235.0
2026-06-10T10:00:00-04:00,25.24,25.26,25.02,25.11,36636.0
2026-06-10T10:05:00-04:00,25.11,25.24,25.094999,25.205,38665.0
2026-06-10T10:10:00-04:00,25.21,25.28,25.17,25.21,29111.0
2026-06-10T10:15:00-04:00,25.23,25.24,25.15,25.1516,34487.0
2026-06-10T10:20:00-04:00,25.18,25.28,25.12,25.28,13635.0
2026-06-10T10:25:00-04:00,25.305,25.32,25.22,25.27,21716.0
2026-06-10T10:30:00-04:00,25.3,25.355,25.26,25.34,20533.0
2026-06-10T10:35:00-04:00,25.38,25.38,25.15,25.21,31762.0
2026-06-10T10:40:00-04:00,25.215,25.27,25.09,25.09,11448.0
2026-06-10T10:45:00-04:00,25.060101,25.14,25.02,25.049999,9937.0
2026-06-10T10:50:00-04:00,25.07,25.14,25.059999,25.094999,19641.0
2026-06-10T10:55:00-04:00,25.1,25.11,24.92,24.99,30977.0
2026-06-10T11:00:00-04:00,24.985,25.14,24.97,25.040001,24033.0
2026-06-10T11:05:00-04:00,25.030001,25.049999,24.97,24.97,29174.0
2026-06-10T11:10:00-04:00,24.945,24.98,24.87,24.87,32113.0
2026-06-10T11:15:00-04:00,24.88,24.88,24.7,24.75,40991.0
2026-06-10T11:20:00-04:00,24.755,25.0,24.755,24.935,13041.0
2026-06-10T11:25:00-04:00,24.92,24.985,24.92,24.93,15784.0
2026-06-10T11:30:00-04:00,24.94,24.96,24.87,24.91,14842.0
2026-06-10T11:35:00-04:00,24.915,24.96,24.89,24.925,11964.0
2026-06-10T11:40:00-04:00,24.925,24.98,24.85,24.98,97652.0
2026-06-10T11:45:00-04:00,24.94,24.97,24.64,24.72,50664.0
2026-06-10T11:50:00-04:00,24.73,24.85,24.61,24.82,27922.0
2026-06-10T11:55:00-04:00,24.78,24.9499,24.73,24.9,24109.0
2026-06-10T12:00:00-04:00,24.91,24.955,24.86,24.94,11528.0
2026-06-10T12:05:00-04:00,24.98,25.01,24.93,25.01,26099.0
2026-06-10T12:10:00-04:00,24.97,25.02,24.9401,24.99,23238.0
2026-06-10T12:15:00-04:00,25.0,25.08,25.0,25.049999,10031.0
2026-06-10T12:20:00-04:00,25.09,25.105,25.030001,25.030001,12343.0
2026-06-10T12:25:00-04:00,25.025,25.040001,24.99,25.0,10520.0
2026-06-10T12:30:00-04:00,25.01,25.025,24.94,24.97,10378.0
2026-06-10T12:35:00-04:00,24.97,25.0049992,24.945,25.0049992,9523.0
2026-06-10T12:40:00-04:00,24.985,24.9851,24.9,24.9,15828.0
2026-06-10T12:45:00-04:00,24.88,24.88,24.82,24.88,11629.0
2026-06-10T12:50:00-04:00,24.875,24.9,24.85,24.88,10010.0
2026-06-10T12:55:00-04:00,24.86,24.86,24.83,24.86,7931.0
2026-06-10T13:00:00-04:00,24.88,24.92,24.85,24.9,16420.0
2026-06-10T13:05:00-04:00,24.85,24.87,24.815,24.82,11213.0
2026-06-10T13:10:00-04:00,24.82,24.82,24.765,24.78,14637.0
2026-06-10T13:15:00-04:00,24.79,24.815,24.75,24.75,10924.0
2026-06-10T13:20:00-04:00,24.77,24.77,24.728,24.75,12786.0
2026-06-10T13:25:00-04:00,24.76,24.77,24.72,24.72,11836.0
2026-06-10T13:30:00-04:00,24.73,24.79,24.685,24.77,30121.0
2026-06-10T13:35:00-04:00,24.765,24.785,24.74,24.77,14290.0
2026-06-10T13:40:00-04:00,24.765,24.79,24.73,24.73,15359.0
2026-06-10T13:45:00-04:00,24.72,24.85,24.7,24.83,26785.0
2026-06-10T13:50:00-04:00,24.835,24.87,24.765,24.84,28260.0
2026-06-10T13:55:00-04:00,24.845,24.92,24.845,24.91,15048.0
2026-06-10T14:00:00-04:00,24.91,24.965,24.895,24.965,15309.0
2026-06-10T14:05:00-04:00,24.965,24.99,24.86,24.86,23039.0
2026-06-10T14:10:00-04:00,24.86,24.885,24.84,24.865,11521.0
2026-06-10T14:15:00-04:00,24.875,24.88,24.825,24.83,14566.0
2026-06-10T14:20:00-04:00,24.8302,24.88,24.81,24.83,20193.0
2026-06-10T14:25:00-04:00,24.835,24.835,24.79,24.8,10113.0
2026-06-10T14:30:00-04:00,24.79,24.795,24.76,24.77,13529.0
2026-06-10T14:35:00-04:00,24.765,24.795,24.725,24.74,16053.0
2026-06-10T14:40:00-04:00,24.74,24.75,24.695,24.7,16178.0
2026-06-10T14:45:00-04:00,24.7099,24.745,24.7,24.73,12139.0
2026-06-10T14:50:00-04:00,24.73,24.7601,24.69,24.74,23992.0
2026-06-10T14:55:00-04:00,24.73,24.75,24.71,24.73,15153.0
2026-06-10T15:00:00-04:00,24.72,24.73,24.69,24.7,17690.0
2026-06-10T15:05:00-04:00,24.7,24.715,24.64,24.65,40768.0
2026-06-10T15:10:00-04:00,24.64,24.65,24.59,24.6,17274.0
2026-06-10T15:15:00-04:00,24.61,24.64,24.57,24.58,29523.0
2026-06-10T15:20:00-04:00,24.57,24.575,24.49,24.52,41118.0
2026-06-10T15:25:00-04:00,24.5201,24.5201,24.45,24.5,55352.0
2026-06-10T15:30:00-04:00,24.49,24.54,24.48,24.525,31981.0
2026-06-10T15:35:00-04:00,24.54,24.63,24.5201,24.615,30557.0
2026-06-10T15:40:00-04:00,24.615,24.655,24.605,24.65,66100.0
2026-06-10T15:45:00-04:00,24.65,24.65,24.555,24.58,64092.0
2026-06-10T15:50:00-04:00,24.575,24.655,24.535,24.552,92659.0
2026-06-10T15:55:00-04:00,24.56,24.615,24.52,24.56,256505.0
2026-06-11T09:30:00-04:00,24.64,24.82,24.58,24.64,51044.0
2026-06-11T09:35:00-04:00,24.67,24.83,24.615,24.655,25200.0
2026-06-11T09:40:00-04:00,24.63,24.63,24.42,24.5,24107.0
2026-06-11T09:45:00-04:00,24.56,24.89,24.56,24.78,19417.0
2026-06-11T09:50:00-04:00,24.79,24.885,24.7464,24.85,29826.0
2026-06-11T09:55:00-04:00,24.83,24.9,24.74,24.79,23953.0
2026-06-11T10:00:00-04:00,24.72,24.7349,24.63,24.68,19256.0
2026-06-11T10:05:00-04:00,24.64,24.65,24.55,24.55,15580.0
2026-06-11T10:10:00-04:00,24.54,24.57,24.4,24.5,20521.0
2026-06-11T10:15:00-04:00,24.535,24.62,24.51,24.53,17538.0
2026-06-11T10:20:00-04:00,24.54,24.855,24.53,24.82,37121.0
2026-06-11T10:25:00-04:00,24.765,24.805,24.69,24.8,14470.0
2026-06-11T10:30:00-04:00,24.81,24.84,24.75,24.84,11406.0
2026-06-11T10:35:00-04:00,24.83,24.95,24.82,24.925,15419.0
2026-06-11T10:40:00-04:00,24.94,25.035,24.94,24.965,37372.0
2026-06-11T10:45:00-04:00,24.97,25.0,24.92,24.965,29863.0
2026-06-11T10:50:00-04:00,24.95,24.95,24.88,24.9199,32083.0
2026-06-11T10:55:00-04:00,24.905,24.905,24.79,24.865,15351.0
2026-06-11T11:00:00-04:00,24.84,24.91,24.785,24.895,17414.0
2026-06-11T11:05:00-04:00,24.86,25.030001,24.83,24.96,27396.0
2026-06-11T11:10:00-04:00,24.9699,25.059999,24.9699,24.97,36282.0
2026-06-11T11:15:00-04:00,24.955,25.01,24.94,24.96,13512.0
2026-06-11T11:20:00-04:00,24.98,25.08,24.97,24.995,15130.0
2026-06-11T11:25:00-04:00,24.96,25.0,24.925,24.97,17597.0
2026-06-11T11:30:00-04:00,24.96,25.01,24.9,24.91,29365.0
2026-06-11T11:35:00-04:00,24.94,25.065001,24.92,25.065001,27381.0
2026-06-11T11:40:00-04:00,25.08,25.145,24.995,24.995,22443.0
2026-06-11T11:45:00-04:00,25.02,25.094999,24.975,24.975,26785.0
2026-06-11T11:50:00-04:00,24.97,25.0049992,24.96,24.985,10481.0
2026-06-11T11:55:00-04:00,24.96,25.035,24.91,25.030001,28767.0
2026-06-11T12:00:00-04:00,25.0294,25.07,24.98,24.98,18726.0
2026-06-11T12:05:00-04:00,24.98,25.059999,24.96,25.040001,8315.0
2026-06-11T12:10:00-04:00,25.030001,25.13,25.030001,25.13,20646.0
2026-06-11T12:15:00-04:00,25.145,25.205,25.09,25.1,25243.0
2026-06-11T12:20:00-04:00,25.11,25.13,25.059999,25.09,12643.0
2026-06-11T12:25:00-04:00,25.09,25.12,25.040001,25.040001,15097.0
2026-06-11T12:30:00-04:00,25.035,25.29,25.035,25.26,23487.0
2026-06-11T12:35:00-04:00,25.24,25.274,25.18,25.195,19228.0
2026-06-11T12:40:00-04:00,25.21,25.29,25.21,25.23,12712.0
2026-06-11T12:45:00-04:00,25.25,25.31,25.24,25.285,14128.0
2026-06-11T12:50:00-04:00,25.26,25.295,25.24,25.25,10302.0
2026-06-11T12:55:00-04:00,25.26,25.2974,25.24,25.24,33308.0
2026-06-11T13:00:00-04:00,25.265,25.31,25.23,25.255,22007.0
2026-06-11T13:05:00-04:00,25.255,25.29,25.215,25.28,13541.0
2026-06-11T13:10:00-04:00,25.28,25.335,25.27,25.285,16220.0
2026-06-11T13:15:00-04:00,25.29,25.31,25.21,25.28,28523.0
2026-06-11T13:20:00-04:00,25.25,25.33,25.24,25.33,10133.0
2026-06-11T13:25:00-04:00,25.31,25.81,25.31,25.805,74884.0
2026-06-11T13:30:00-04:00,25.79,26.08,25.74,26.0049992,84368.0
2026-06-11T13:35:00-04:00,26.0,26.195,25.93,26.12,52126.0
2026-06-11T13:40:00-04:00,26.1,26.27,26.059999,26.14,49151.0
2026-06-11T13:45:00-04:00,26.13,26.14,25.955,25.99,38310.0
2026-06-11T13:50:00-04:00,25.95,26.0,25.89,25.93,31229.0
2026-06-11T13:55:00-04:00,25.89,25.925,25.85,25.85,25126.0
2026-06-11T14:00:00-04:00,25.87,25.885,25.665,25.68,26347.0
2026-06-11T14:05:00-04:00,25.69,25.8,25.64,25.74,24282.0
2026-06-11T14:10:00-04:00,25.74,25.89,25.74,25.89,25455.0
2026-06-11T14:15:00-04:00,25.86,25.99,25.86,25.96,30529.0
2026-06-11T14:20:00-04:00,25.95,26.0049992,25.89,25.99,36085.0
2026-06-11T14:25:00-04:00,25.96,26.02,25.94,25.96,53235.0
2026-06-11T14:30:00-04:00,25.93,25.9597,25.8503,25.87,19049.0
2026-06-11T14:35:00-04:00,25.865,25.91,25.86,25.88,16617.0
2026-06-11T14:40:00-04:00,25.8701,25.97,25.8701,25.97,20924.0
2026-06-11T14:45:00-04:00,25.98,25.99,25.93,25.97,19023.0
2026-06-11T14:50:00-04:00,25.97,26.0049992,25.9401,25.99,17281.0
2026-06-11T14:55:00-04:00,25.9999,25.9999,25.94,25.965,30794.0
2026-06-11T15:00:00-04:00,25.99,26.049999,25.99,25.99,27220.0
2026-06-11T15:05:00-04:00,26.0,26.02,25.935,26.01,29932.0
2026-06-11T15:10:00-04:00,26.02,26.14,26.01,26.11,41851.0
2026-06-11T15:15:00-04:00,26.09,26.2,26.059999,26.2,33042.0
2026-06-11T15:20:00-04:00,26.2,26.205,26.09,26.1,36973.0
2026-06-11T15:25:00-04:00,26.1,26.16,26.075001,26.125,31815.0
2026-06-11T15:30:00-04:00,26.13,26.3,26.13,26.25,45612.0
2026-06-11T15:35:00-04:00,26.27,26.27,26.16,26.16,42278.0
2026-06-11T15:40:00-04:00,26.18,26.25,26.15,26.18,44465.0
2026-06-11T15:45:00-04:00,26.175,26.195,26.115,26.165,47030.0
2026-06-11T15:50:00-04:00,26.175,26.225,26.135,26.21,94270.0
2026-06-11T15:55:00-04:00,26.22,26.34,26.22,26.3,259980.0
2026-06-12T09:30:00-04:00,26.64,26.7,26.4,26.46,72809.0
2026-06-12T09:35:00-04:00,26.455,26.67,26.3101,26.39,36012.0
2026-06-12T09:40:00-04:00,26.39,26.42,26.135,26.25,62399.0
2026-06-12T09:45:00-04:00,26.17,26.3,26.09,26.29,31933.0
2026-06-12T09:50:00-04:00,26.32,26.375,26.28,26.345,17704.0
2026-06-12T09:55:00-04:00,26.345,26.45,26.32,26.45,19867.0
2026-06-12T10:00:00-04:00,26.42,26.6,26.42,26.52,23795.0
2026-06-12T10:05:00-04:00,26.51,26.69,26.41,26.69,19091.0
2026-06-12T10:10:00-04:00,26.65,26.6567,26.46,26.48,28180.0
2026-06-12T10:15:00-04:00,26.49,26.68,26.47,26.64,33059.0
2026-06-12T10:20:00-04:00,26.62,26.67,26.6,26.6,44906.0
2026-06-12T10:25:00-04:00,26.61,26.62,26.49,26.51,20409.0
2026-06-12T10:30:00-04:00,26.56,26.56,26.5,26.555,13852.0
2026-06-12T10:35:00-04:00,26.55,26.56,26.49,26.56,24625.0
2026-06-12T10:40:00-04:00,26.54,26.54,26.34,26.345,17426.0
2026-06-12T10:45:00-04:00,26.385,26.41,26.265,26.33,14548.0
2026-06-12T10:50:00-04:00,26.33,26.7395,26.31,26.7395,37332.0
2026-06-12T10:55:00-04:00,26.73,26.84,26.69,26.775,60573.0
2026-06-12T11:00:00-04:00,26.77,26.87,26.74,26.86,23729.0
2026-06-12T11:05:00-04:00,26.87,27.059999,26.87,27.01,33775.0
2026-06-12T11:10:00-04:00,27.0049992,27.08,26.94,27.049999,54173.0
2026-06-12T11:15:00-04:00,27.08,27.105,27.0,27.030001,28923.0
2026-06-12T11:20:00-04:00,27.01,27.205,26.985,27.19,25424.0
2026-06-12T11:25:00-04:00,27.2,27.215,27.07,27.07,28297.0
2026-06-12T11:30:00-04:00,27.09,27.09,27.02,27.02,11578.0
2026-06-12T11:35:00-04:00,27.0,27.13,26.97,27.045,37615.0
2026-06-12T11:40:00-04:00,27.02,27.02,26.915,26.94,14222.0
2026-06-12T11:45:00-04:00,26.93,26.995,26.85,26.89,20280.0
2026-06-12T11:50:00-04:00,26.89,27.014999,26.86,26.98,15174.0
2026-06-12T11:55:00-04:00,26.97,27.01,26.88,26.895,12300.0
2026-06-12T12:00:00-04:00,26.88,26.94,26.82,26.91,20070.0
2026-06-12T12:05:00-04:00,26.91,26.97,26.86,26.96,21673.0
2026-06-12T12:10:00-04:00,26.93,27.26,26.92,27.21,48474.0
2026-06-12T12:15:00-04:00,27.23,27.4,27.16,27.17,52438.0
2026-06-12T12:20:00-04:00,27.18,27.27,27.18,27.22,13523.0
2026-06-12T12:25:00-04:00,27.19,27.22,27.13,27.13,12962.0
2026-06-12T12:30:00-04:00,27.14,27.15,27.08,27.13,9211.0
2026-06-12T12:35:00-04:00,27.14,27.19,27.1,27.185,14649.0
2026-06-12T12:40:00-04:00,27.22,27.24,27.115,27.115,13470.0
2026-06-12T12:45:00-04:00,27.13,27.175,27.115,27.17,11202.0
2026-06-12T12:50:00-04:00,27.17,27.19,27.12,27.1601,25138.0
2026-06-12T12:55:00-04:00,27.145,27.205,27.12,27.2,11020.0
2026-06-12T13:00:00-04:00,27.185,27.185,27.12,27.185,31826.0
2026-06-12T13:05:00-04:00,27.18,27.3199,27.18,27.28,27724.0
2026-06-12T13:10:00-04:00,27.25,27.26,27.19,27.23,18270.0
2026-06-12T13:15:00-04:00,27.1865,27.21,27.15,27.21,9165.0
2026-06-12T13:20:00-04:00,27.205,27.25,27.175,27.2,11720.0
2026-06-12T13:25:00-04:00,27.19,27.215,27.17,27.21,13140.0
2026-06-12T13:30:00-04:00,27.21,27.23,27.14,27.2,17115.0
2026-06-12T13:35:00-04:00,27.21,27.22,27.17,27.18,11444.0
2026-06-12T13:40:00-04:00,27.16,27.23,27.155,27.22,12846.0
2026-06-12T13:45:00-04:00,27.23,27.24,27.2,27.2,12870.0
2026-06-12T13:50:00-04:00,27.215,27.24,27.2,27.22,12249.0
2026-06-12T13:55:00-04:00,27.2001,27.235,27.18,27.23,15553.0
2026-06-12T14:00:00-04:00,27.24,27.25,27.21,27.21,13933.0
2026-06-12T14:05:00-04:00,27.22,27.22,27.1301,27.181,35055.0
2026-06-12T14:10:00-04:00,27.16,27.165,27.1,27.1,37715.0
2026-06-12T14:15:00-04:00,27.09,27.1399,27.075001,27.125,36832.0
2026-06-12T14:20:00-04:00,27.13,27.23,27.12,27.2,89844.0
2026-06-12T14:25:00-04:00,27.21,27.26,27.19,27.255,46414.0
2026-06-12T14:30:00-04:00,27.25,27.27,27.21,27.215,14315.0
2026-06-12T14:35:00-04:00,27.22,27.24,27.1201,27.23,60403.0
2026-06-12T14:40:00-04:00,27.24,27.26,27.21,27.25,24315.0
2026-06-12T14:45:00-04:00,27.23,27.255,27.185,27.21,16695.0
2026-06-12T14:50:00-04:00,27.2,27.21,27.175,27.175,22935.0
2026-06-12T14:55:00-04:00,27.16,27.16,27.030001,27.049999,16261.0
2026-06-12T15:00:00-04:00,27.040001,27.105,27.01,27.07,78000.0
2026-06-12T15:05:00-04:00,27.07,27.07,27.02,27.049999,41864.0
2026-06-12T15:10:00-04:00,27.01,27.17,27.0049992,27.12,61223.0
2026-06-12T15:15:00-04:00,27.11,27.14,27.055,27.125,45488.0
2026-06-12T15:20:00-04:00,27.125,27.17,27.115,27.135,31633.0
2026-06-12T15:25:00-04:00,27.13,27.185,27.11,27.141,25030.0
2026-06-12T15:30:00-04:00,27.15,27.22,27.121,27.121,32261.0
2026-06-12T15:35:00-04:00,27.12,27.18,27.08,27.16,33363.0
2026-06-12T15:40:00-04:00,27.15,27.175,27.08,27.08,41038.0
2026-06-12T15:45:00-04:00,27.075001,27.128,27.059999,27.115,56210.0
2026-06-12T15:50:00-04:00,27.12,27.17,27.09,27.155,65489.0
2026-06-12T15:55:00-04:00,27.16,27.26,27.16,27.23,174855.0
2026-06-15T09:30:00-04:00,29.395,30.01,29.19,29.71,368674.0
2026-06-15T09:35:00-04:00,29.69,29.86,29.54,29.76,79671.0
2026-06-15T09:40:00-04:00,29.75,29.87,29.53,29.67,146191.0
2026-06-15T09:45:00-04:00,29.66,29.71,29.525,29.55,126700.0
2026-06-15T09:50:00-04:00,29.555,29.69,29.47,29.515,99773.0
2026-06-15T09:55:00-04:00,29.515,29.62,29.47,29.61,66309.0
2026-06-15T10:00:00-04:00,29.6,29.65,29.515,29.59,52843.0
2026-06-15T10:05:00-04:00,29.57,29.72,29.57,29.685,41538.0
2026-06-15T10:10:00-04:00,29.675,29.72,29.49,29.49,29164.0
2026-06-15T10:15:00-04:00,29.48,29.6,29.4701,29.53,43325.0
2026-06-15T10:20:00-04:00,29.535,29.537,29.31,29.395,86661.0
2026-06-15T10:25:00-04:00,29.39,29.56,29.39,29.56,26125.0
2026-06-15T10:30:00-04:00,29.57,29.57,29.315,29.35,35324.0
2026-06-15T10:35:00-04:00,29.36,29.39,29.22,29.31,45286.0
2026-06-15T10:40:00-04:00,29.315,29.33,29.205,29.21,26179.0
2026-06-15T10:45:00-04:00,29.21,29.41,29.21,29.41,30581.0
2026-06-15T10:50:00-04:00,29.455,29.465,29.39,29.42,47653.0
2026-06-15T10:55:00-04:00,29.41,29.41,29.34,29.35,18370.0
2026-06-15T11:00:00-04:00,29.34,29.4,29.325,29.355,42025.0
2026-06-15T11:05:00-04:00,29.37,29.45,29.34,29.41,24432.0
2026-06-15T11:10:00-04:00,29.38,29.41,29.32,29.33,44053.0
2026-06-15T11:15:00-04:00,29.3399,29.38,29.28,29.33,40389.0
2026-06-15T11:20:00-04:00,29.32,29.43,29.31,29.425,32105.0
2026-06-15T11:25:00-04:00,29.43,29.44,29.33,29.38,50048.0
2026-06-15T11:30:00-04:00,29.36,29.39,29.32,29.32,27656.0
2026-06-15T11:35:00-04:00,29.32,29.425,29.3,29.42,22658.0
2026-06-15T11:40:00-04:00,29.39,29.39,29.32,29.33,46788.0
2026-06-15T11:45:00-04:00,29.35,29.36,29.22,29.22,24643.0
2026-06-15T11:50:00-04:00,29.22,29.275,29.21,29.22,23044.0
2026-06-15T11:55:00-04:00,29.2299,29.2299,29.13,29.13,27568.0
2026-06-15T12:00:00-04:00,29.13,29.17,29.1,29.155,19133.0
2026-06-15T12:05:00-04:00,29.17,29.18,29.08,29.1,27478.0
2026-06-15T12:10:00-04:00,29.059999,29.08,28.93,28.99,19609.0
2026-06-15T12:15:00-04:00,28.985,29.055,28.985,29.0,12231.0
2026-06-15T12:20:00-04:00,29.0,29.0,28.91,28.95,17073.0
2026-06-15T12:25:00-04:00,28.95,28.98,28.91,28.95,34549.0
2026-06-15T12:30:00-04:00,28.955,29.040001,28.94,29.030001,18651.0
2026-06-15T12:35:00-04:00,29.030001,29.1,28.97,28.98,32865.0
2026-06-15T12:40:00-04:00,28.98,28.985,28.87,28.88,21506.0
2026-06-15T12:45:00-04:00,28.89,28.9,28.83,28.84,40510.0
2026-06-15T12:50:00-04:00,28.87,28.88,28.805,28.83,22567.0
2026-06-15T12:55:00-04:00,28.8201,28.84,28.81,28.818,15513.0
2026-06-15T13:00:00-04:00,28.82,28.82,28.745,28.78,34286.0
2026-06-15T13:05:00-04:00,28.78,28.82,28.77,28.78,24188.0
2026-06-15T13:10:00-04:00,28.79,28.83,28.78,28.78,36645.0
2026-06-15T13:15:00-04:00,28.785,28.8,28.76,28.79,9556.0
2026-06-15T13:20:00-04:00,28.77,28.82,28.77,28.82,12543.0
2026-06-15T13:25:00-04:00,28.82,28.85,28.81,28.825,6614.0
2026-06-15T13:30:00-04:00,28.82,28.84,28.77,28.77,30801.0
2026-06-15T13:35:00-04:00,28.775,28.775,28.685,28.685,13751.0
2026-06-15T13:40:00-04:00,28.68,28.72,28.65,28.6899,12627.0
2026-06-15T13:45:00-04:00,28.69,28.705,28.68,28.7,11123.0
2026-06-15T13:50:00-04:00,28.7,28.71,28.66,28.675,12234.0
2026-06-15T13:55:00-04:00,28.675,28.7,28.675,28.7,11610.0
2026-06-15T14:00:00-04:00,28.7,28.71,28.66,28.7,17674.0
2026-06-15T14:05:00-04:00,28.69,28.72,28.69,28.72,17831.0
2026-06-15T14:10:00-04:00,28.73,28.75,28.7,28.745,10615.0
2026-06-15T14:15:00-04:00,28.75,28.82,28.74,28.78,27727.0
2026-06-15T14:20:00-04:00,28.79,28.825,28.79,28.825,12289.0
2026-06-15T14:25:00-04:00,28.82,28.85,28.81,28.84,18521.0
2026-06-15T14:30:00-04:00,28.83,28.85,28.78,28.84,23005.0
2026-06-15T14:35:00-04:00,28.83,28.86,28.83,28.84,19377.0
2026-06-15T14:40:00-04:00,28.84,28.88,28.83,28.8606,15653.0
2026-06-15T14:45:00-04:00,28.87,28.9,28.87,28.88,11832.0
2026-06-15T14:50:00-04:00,28.88,28.89,28.86,28.89,7551.0
2026-06-15T14:55:00-04:00,28.89,28.92,28.88,28.885,15751.0
2026-06-15T15:00:00-04:00,28.89,28.905,28.81,28.83,18541.0
2026-06-15T15:05:00-04:00,28.825,28.88,28.82,28.82,13703.0
2026-06-15T15:10:00-04:00,28.8,28.83,28.761,28.815,16929.0
2026-06-15T15:15:00-04:00,28.82,28.835,28.78,28.78,42917.0
2026-06-15T15:20:00-04:00,28.79,28.845,28.77,28.84,25685.0
2026-06-15T15:25:00-04:00,28.848,28.85,28.785,28.8,23205.0
2026-06-15T15:30:00-04:00,28.785,28.825,28.73,28.735,27644.0
2026-06-15T15:35:00-04:00,28.72,28.77,28.7,28.75,31305.0
2026-06-15T15:40:00-04:00,28.74,28.785,28.73,28.73,24807.0
2026-06-15T15:45:00-04:00,28.73,28.82,28.73,28.815,30806.0
2026-06-15T15:50:00-04:00,28.82,28.885,28.79,28.86,52787.0
2026-06-15T15:55:00-04:00,28.87,28.95,28.81,28.95,174212.0
2026-06-16T09:30:00-04:00,30.52,31.66,30.13,31.515,282930.0
2026-06-16T09:35:00-04:00,31.56,31.66,31.42,31.55,134027.0
2026-06-16T09:40:00-04:00,31.525,31.9,31.44,31.86,166171.0
2026-06-16T09:45:00-04:00,31.86,31.94,31.74,31.91,87284.0
2026-06-16T09:50:00-04:00,31.88,31.91,31.7151,31.7151,55851.0
2026-06-16T09:55:00-04:00,31.65,31.67,31.42,31.63,75660.0
2026-06-16T10:00:00-04:00,31.64,31.84,31.61,31.84,201821.0
2026-06-16T10:05:00-04:00,31.83,31.845,31.45,31.53,62404.0
2026-06-16T10:10:00-04:00,31.51,31.715,31.5,31.69,34791.0
2026-06-16T10:15:00-04:00,31.63,31.63,31.18,31.215,56295.0
2026-06-16T10:20:00-04:00,31.25,31.25,30.9738,31.08,57490.0
2026-06-16T10:25:00-04:00,31.049999,31.2,30.945,31.07,33984.0
2026-06-16T10:30:00-04:00,31.065001,31.08,30.84,31.014999,120423.0
2026-06-16T10:35:00-04:00,31.014999,31.41,31.0,31.39,57609.0
2026-06-16T10:40:00-04:00,31.37,31.42,31.305,31.325,27180.0
2026-06-16T10:45:00-04:00,31.33,31.446,31.32,31.415,40719.0
2026-06-16T10:50:00-04:00,31.435,31.44,31.31,31.33,26656.0
2026-06-16T10:55:00-04:00,31.335,31.405,31.275,31.35,24835.0
2026-06-16T11:00:00-04:00,31.4,31.47,31.36,31.44,37592.0
2026-06-16T11:05:00-04:00,31.42,31.46,31.37,31.38,21881.0
2026-06-16T11:10:00-04:00,31.375,31.4899,31.375,31.46,21894.0
2026-06-16T11:15:00-04:00,31.451,31.55,31.4201,31.475,38659.0
2026-06-16T11:20:00-04:00,31.475,31.51,31.34,31.34,26088.0
2026-06-16T11:25:00-04:00,31.34,31.34,31.24,31.305,19731.0
2026-06-16T11:30:00-04:00,31.32,31.36,31.29,31.335,17808.0
2026-06-16T11:35:00-04:00,31.355,31.39,31.28,31.28,19333.0
2026-06-16T11:40:00-04:00,31.295,31.31,31.24,31.3,22371.0
2026-06-16T11:45:00-04:00,31.305,31.305,31.08,31.19,30398.0
2026-06-16T11:50:00-04:00,31.215,31.37,31.205,31.33,27499.0
2026-06-16T11:55:00-04:00,31.37,31.61,31.37,31.455,45261.0
2026-06-16T12:00:00-04:00,31.47,31.73,31.47,31.58,63458.0
2026-06-16T12:05:00-04:00,31.575,31.72,31.575,31.72,28650.0
2026-06-16T12:10:00-04:00,31.71,31.7753,31.66,31.72,17702.0
2026-06-16T12:15:00-04:00,31.73,31.7401,31.68,31.6998,16431.0
2026-06-16T12:20:00-04:00,31.69,31.728,31.66,31.71,19854.0
2026-06-16T12:25:00-04:00,31.7,31.72,31.6729,31.715,15217.0
2026-06-16T12:30:00-04:00,31.705,31.71,31.605,31.605,17224.0
2026-06-16T12:35:00-04:00,31.61,31.63,31.575,31.6,15154.0
2026-06-16T12:40:00-04:00,31.6,31.64,31.58,31.63,22129.0
2026-06-16T12:45:00-04:00,31.625,31.66,31.61,31.63,24106.0
2026-06-16T12:50:00-04:00,31.63,31.6699,31.601,31.66,16509.0
2026-06-16T12:55:00-04:00,31.6599,31.775,31.655,31.76,17741.0
2026-06-16T13:00:00-04:00,31.76,31.8,31.71,31.7801,15441.0
2026-06-16T13:05:00-04:00,31.79,31.79,31.75,31.78,19470.0
2026-06-16T13:10:00-04:00,31.78,31.85,31.78,31.8001,23808.0
2026-06-16T13:15:00-04:00,31.79,31.83,31.76,31.78,14748.0
2026-06-16T13:20:00-04:00,31.79,31.79,31.68,31.73,17193.0
2026-06-16T13:25:00-04:00,31.725,31.75,31.68,31.72,10416.0
2026-06-16T13:30:00-04:00,31.73,31.73,31.68,31.73,15640.0
2026-06-16T13:35:00-04:00,31.75,31.77,31.72,31.735,18040.0
2026-06-16T13:40:00-04:00,31.7399,31.8,31.7399,31.79,17821.0
2026-06-16T13:45:00-04:00,31.8,31.82,31.765,31.82,11127.0
2026-06-16T13:50:00-04:00,31.84,31.91,31.84,31.89,18117.0
2026-06-16T13:55:00-04:00,31.89,31.94,31.88,31.91,23021.0
2026-06-16T14:00:00-04:00,31.93,31.9599,31.875,31.935,58257.0
2026-06-16T14:05:00-04:00,31.93,31.955,31.9,31.935,10804.0
2026-06-16T14:10:00-04:00,31.935,31.98,31.9201,31.94,31988.0
2026-06-16T14:15:00-04:00,31.9599,31.9599,31.9,31.93,24119.0
2026-06-16T14:20:00-04:00,31.935,31.945,31.925,31.94,10190.0
2026-06-16T14:25:00-04:00,31.955,31.97,31.95,31.9508,13145.0
2026-06-16T14:30:00-04:00,31.96,32.044998,31.865,31.8775,157704.0
2026-06-16T14:35:00-04:00,31.88,31.915,31.82,31.88,29712.0
2026-06-16T14:40:00-04:00,31.88,31.925,31.77,31.7791,28062.0
2026-06-16T14:45:00-04:00,31.78,31.825,31.78,31.785,18489.0
2026-06-16T14:50:00-04:00,31.78,31.84,31.77,31.82,23267.0
2026-06-16T14:55:00-04:00,31.805,31.83,31.74,31.775,27253.0
2026-06-16T15:00:00-04:00,31.77,31.84,31.73,31.832,18564.0
2026-06-16T15:05:00-04:00,31.82,31.87,31.795,31.82,24141.0
2026-06-16T15:10:00-04:00,31.82,31.85,31.8,31.85,24832.0
2026-06-16T15:15:00-04:00,31.84,31.94,31.81,31.94,44991.0
2026-06-16T15:20:00-04:00,31.94,32.07,31.94,32.040001,58280.0
2026-06-16T15:25:00-04:00,32.029999,32.09,32.02,32.049999,36758.0
2026-06-16T15:30:00-04:00,32.049999,32.080002,31.91,31.91,42355.0
2026-06-16T15:35:00-04:00,31.91,31.912,31.81,31.81,42624.0
2026-06-16T15:40:00-04:00,31.79,31.83,31.725,31.79,61606.0
2026-06-16T15:45:00-04:00,31.775,31.85,31.775,31.805,62628.0
2026-06-16T15:50:00-04:00,31.805,31.92,31.74,31.82,87765.0
2026-06-16T15:55:00-04:00,31.83,31.85,31.71,31.82,275328.0
2026-06-17T09:30:00-04:00,31.82,32.73,31.78,32.71,80267.0
2026-06-17T09:35:00-04:00,32.68,32.71,32.36,32.62,44523.0
2026-06-17T09:40:00-04:00,32.625,32.89,32.57,32.885,42097.0
2026-06-17T09:45:00-04:00,32.92,33.14,32.91,33.0,92847.0
2026-06-17T09:50:00-04:00,33.0099983,33.17,32.8,32.8,48627.0
2026-06-17T09:55:00-04:00,32.8,32.82,32.66,32.72,27653.0
2026-06-17T10:00:00-04:00,32.69,32.95,32.66,32.94,32410.0
2026-06-17T10:05:00-04:00,32.9314,33.11,32.88,33.039902,41591.0
2026-06-17T10:10:00-04:00,33.02,33.18,33.02,33.18,56231.0
2026-06-17T10:15:00-04:00,33.17,33.29,33.125,33.22,89063.0
2026-06-17T10:20:00-04:00,33.19,33.655,33.19,33.63,82448.0
2026-06-17T10:25:00-04:00,33.61,33.71,33.56,33.63,59336.0
2026-06-17T10:30:00-04:00,33.64,33.64,33.49,33.495,59314.0
2026-06-17T10:35:00-04:00,33.51,33.555,33.28,33.325,33347.0
2026-06-17T10:40:00-04:00,33.325,33.37,33.26,33.26,65985.0
2026-06-17T10:45:00-04:00,33.2401,33.31,32.81,32.99,116538.0
2026-06-17T10:50:00-04:00,33.0,33.25,32.99,33.21,25754.0
2026-06-17T10:55:00-04:00,33.2,33.365,33.19,33.34,66942.0
2026-06-17T11:00:00-04:00,33.365,33.42,33.215,33.23,65978.0
2026-06-17T11:05:00-04:00,33.235,33.33,33.195,33.245,70847.0
2026-06-17T11:10:00-04:00,33.245,33.285,33.11,33.21,83948.0
2026-06-17T11:15:00-04:00,33.21,33.35,33.21,33.29,45738.0
2026-06-17T11:20:00-04:00,33.275,33.34,33.26,33.34,24677.0
2026-06-17T11:25:00-04:00,33.35,33.51,33.33,33.5,34231.0
2026-06-17T11:30:00-04:00,33.5,33.5,33.23,33.25,40752.0
2026-06-17T11:35:00-04:00,33.27,33.28,33.084999,33.22,48038.0
2026-06-17T11:40:00-04:00,33.23,33.25,33.17,33.17,38049.0
2026-06-17T11:45:00-04:00,33.18,33.31,33.18,33.265,28750.0
2026-06-17T11:50:00-04:00,33.275,33.32,33.26,33.32,31464.0
2026-06-17T11:55:00-04:00,33.33,33.3401,33.23,33.255,19437.0
2026-06-17T12:00:00-04:00,33.26,33.26,33.16,33.17,22164.0
2026-06-17T12:05:00-04:00,33.175,33.24,33.175,33.23,17749.0
2026-06-17T12:10:00-04:00,33.22,33.24,33.16,33.24,21853.0
2026-06-17T12:15:00-04:00,33.26,33.32,33.26,33.29,21695.0
2026-06-17T12:20:00-04:00,33.285,33.33,33.285,33.31,22584.0
2026-06-17T12:25:00-04:00,33.27,33.39,33.27,33.37,20852.0
2026-06-17T12:30:00-04:00,33.385,33.395,33.345,33.36,13196.0
2026-06-17T12:35:00-04:00,33.3501,33.36,33.29,33.295,15106.0
2026-06-17T12:40:00-04:00,33.29,33.35,33.255,33.335,26383.0
2026-06-17T12:45:00-04:00,33.33,33.395,33.3299,33.39,29279.0
2026-06-17T12:50:00-04:00,33.385,33.46,33.385,33.42,28115.0
2026-06-17T12:55:00-04:00,33.44,33.49,33.39,33.48,18652.0
2026-06-17T13:00:00-04:00,33.4893,33.535,33.47,33.47,30923.0
2026-06-17T13:05:00-04:00,33.46,33.52,33.42,33.51,23064.0
2026-06-17T13:10:00-04:00,33.5,33.52,33.43,33.4405,22679.0
2026-06-17T13:15:00-04:00,33.42,33.475,33.41,33.44,47122.0
2026-06-17T13:20:00-04:00,33.43,33.49,33.385,33.385,62522.0
2026-06-17T13:25:00-04:00,33.4,33.44,33.39,33.39,15019.0
2026-06-17T13:30:00-04:00,33.395,33.46,33.375,33.46,26408.0
2026-06-17T13:35:00-04:00,33.4399,33.55,33.38,33.52,25296.0
2026-06-17T13:40:00-04:00,33.52,33.59,33.52,33.54,21188.0
2026-06-17T13:45:00-04:00,33.55,33.67,33.545,33.66,69998.0
2026-06-17T13:50:00-04:00,33.655,33.72,33.61,33.695,20919.0
2026-06-17T13:55:00-04:00,33.68,33.835,33.68,33.825,55662.0
2026-06-17T14:00:00-04:00,33.82,33.82,32.86,32.88,304069.0
2026-06-17T14:05:00-04:00,32.88,32.88,32.46,32.705,195040.0
2026-06-17T14:10:00-04:00,32.73,32.8099,32.55,32.61,93006.0
2026-06-17T14:15:00-04:00,32.63,32.89,32.62,32.86,49074.0
2026-06-17T14:20:00-04:00,32.84,32.875,32.705,32.705,39442.0
2026-06-17T14:25:00-04:00,32.71,32.87,32.5599,32.82,81013.0
2026-06-17T14:30:00-04:00,32.82,33.07,32.625,32.675,157232.0
2026-06-17T14:35:00-04:00,32.75,33.2,32.73,33.040001,75545.0
2026-06-17T14:40:00-04:00,33.049999,33.18,32.96,33.14,104401.0
2026-06-17T14:45:00-04:00,33.13,33.25,33.055,33.15,63772.0
2026-06-17T14:50:00-04:00,33.13,33.22,33.09,33.13,50027.0
2026-06-17T14:55:00-04:00,33.11,33.11,32.77,32.9,46010.0
2026-06-17T15:00:00-04:00,32.92,33.07,32.71,32.72,84027.0
2026-06-17T15:05:00-04:00,32.74,32.78,32.63,32.6699,52512.0
2026-06-17T15:10:00-04:00,32.7,32.85,32.62,32.8,68020.0
2026-06-17T15:15:00-04:00,32.8,32.8,32.09,32.09,98665.0
2026-06-17T15:20:00-04:00,32.080002,32.09,31.86,31.87,196934.0
2026-06-17T15:25:00-04:00,31.8702,32.13,31.8702,31.965,73284.0
2026-06-17T15:30:00-04:00,31.97,32.075001,31.855,32.040001,303058.0
2026-06-17T15:35:00-04:00,32.044998,32.22,31.985,32.0099983,265845.0
2026-06-17T15:40:00-04:00,32.0099983,32.060001,31.935,31.995,213805.0
2026-06-17T15:45:00-04:00,31.995,32.145,31.955,32.084999,152111.0
2026-06-17T15:50:00-04:00,32.080002,32.11,31.83,31.88,201129.0
2026-06-17T15:55:00-04:00,31.89,31.985,31.72,31.76,427152.0
2026-06-18T09:30:00-04:00,31.8,32.78,31.77,32.71,330246.0
2026-06-18T09:35:00-04:00,32.7282,32.98,32.55,32.745,37497.0
2026-06-18T09:40:00-04:00,32.77,32.77,32.39,32.4756,48668.0
2026-06-18T09:45:00-04:00,32.47,32.47,32.17,32.24,39600.0
2026-06-18T09:50:00-04:00,32.25,32.29,32.0,32.2,70123.0
2026-06-18T09:55:00-04:00,32.19,32.2524,31.9181,32.15,77133.0
2026-06-18T10:00:00-04:00,32.12,32.16,31.95,32.049999,57708.0
2026-06-18T10:05:00-04:00,32.029999,32.24,31.99,32.080002,33031.0
2026-06-18T10:10:00-04:00,32.080002,32.09,31.94,31.94,44328.0
2026-06-18T10:15:00-04:00,31.86,31.86,31.6701,31.83,46033.0
2026-06-18T10:20:00-04:00,31.8,32.029999,31.785,32.0,40534.0
2026-06-18T10:25:00-04:00,32.0099983,32.15,31.92,31.94,50215.0
2026-06-18T10:30:00-04:00,31.93,32.014999,31.85,32.014999,36393.0
2026-06-18T10:35:00-04:00,32.0099983,32.09,31.89,31.95,35508.0
2026-06-18T10:40:00-04:00,31.93,31.94,31.545,31.545,47306.0
2026-06-18T10:45:00-04:00,31.55,31.6225,31.37,31.55,78559.0
2026-06-18T10:50:00-04:00,31.57,31.65,31.55,31.63,53903.0
2026-06-18T10:55:00-04:00,31.6,31.795,31.55,31.71,45152.0
2026-06-18T11:00:00-04:00,31.72,31.875,31.72,31.85,49456.0
2026-06-18T11:05:00-04:00,31.85,31.875,31.81,31.82,41895.0
2026-06-18T11:10:00-04:00,31.79,31.81,31.61,31.61,42694.0
2026-06-18T11:15:00-04:00,31.62,31.69,31.6,31.655,25856.0
2026-06-18T11:20:00-04:00,31.67,31.78,31.645,31.67,33841.0
2026-06-18T11:25:00-04:00,31.665,31.715,31.605,31.63,36402.0
2026-06-18T11:30:00-04:00,31.64,31.71,31.6,31.7,27289.0
2026-06-18T11:35:00-04:00,31.7,31.7,31.38,31.47,47105.0
2026-06-18T11:40:00-04:00,31.48,31.56,31.46,31.51,26119.0
2026-06-18T11:45:00-04:00,31.515,31.52,31.39,31.41,27811.0
2026-06-18T11:50:00-04:00,31.39,31.4132,31.2601,31.275,28005.0
2026-06-18T11:55:00-04:00,31.28,31.31,31.185,31.24,34307.0
2026-06-18T12:00:00-04:00,31.26,31.41,31.26,31.41,21998.0
2026-06-18T12:05:00-04:00,31.41,31.5,31.38,31.45,23643.0
2026-06-18T12:10:00-04:00,31.44,31.44,31.25,31.265,24801.0
2026-06-18T12:15:00-04:00,31.265,31.31,31.16,31.205,32303.0
2026-06-18T12:20:00-04:00,31.21,31.215,31.13,31.165,22543.0
2026-06-18T12:25:00-04:00,31.18,31.26,31.11,31.12,19345.0
2026-06-18T12:30:00-04:00,31.15,31.2,31.1003,31.12,17520.0
2026-06-18T12:35:00-04:00,31.12,31.13,31.0,31.02,27069.0
2026-06-18T12:40:00-04:00,31.030001,31.059999,30.9601,30.97,24115.0
2026-06-18T12:45:00-04:00,30.97,30.97,30.8,30.84,33957.0
2026-06-18T12:50:00-04:00,30.82,30.87,30.78,30.79,38319.0
2026-06-18T12:55:00-04:00,30.79,30.865,30.7001,30.84,20351.0
2026-06-18T13:00:00-04:00,30.85,30.9202,30.78,30.9202,25146.0
2026-06-18T13:05:00-04:00,30.92,30.96,30.88,30.89,26451.0
2026-06-18T13:10:00-04:00,30.88,30.885,30.73,30.765,24571.0
2026-06-18T13:15:00-04:00,30.77,30.8,30.69,30.79,21703.0
2026-06-18T13:20:00-04:00,30.82,30.92,30.8101,30.9,17240.0
2026-06-18T13:25:00-04:00,30.88,30.8901,30.845,30.87,23586.0
2026-06-18T13:30:00-04:00,30.89,30.98,30.86,30.98,25115.0
2026-06-18T13:35:00-04:00,30.965,30.97,30.93,30.96,18118.0
2026-06-18T13:40:00-04:00,30.96,31.059999,30.96,31.040001,20643.0
2026-06-18T13:45:00-04:00,31.045,31.08,31.000099182,31.040001,24475.0
2026-06-18T13:50:00-04:00,31.030001,31.075001,31.02,31.030001,19597.0
2026-06-18T13:55:00-04:00,31.040001,31.059999,31.01,31.01,19571.0
2026-06-18T14:00:00-04:00,31.030001,31.059999,31.01,31.02,28167.0
2026-06-18T14:05:00-04:00,31.030001,31.08,31.030001,31.07,22335.0
2026-06-18T14:10:00-04:00,31.09,31.1,31.01,31.01,19062.0
2026-06-18T14:15:00-04:00,31.0,31.040001,30.99,31.01,19831.0
2026-06-18T14:20:00-04:00,30.99,30.99,30.94,30.97,20133.0
2026-06-18T14:25:00-04:00,30.985,31.049999,30.985,31.0,20581.0
2026-06-18T14:30:00-04:00,30.9914,31.030001,30.98,31.010099,17443.0
2026-06-18T14:35:00-04:00,31.030001,31.08,31.01,31.08,19305.0
2026-06-18T14:40:00-04:00,31.08,31.0805,31.01,31.028999,21052.0
2026-06-18T14:45:00-04:00,31.02,31.035,30.9501,30.975,15882.0
2026-06-18T14:50:00-04:00,30.99,30.99,30.955,30.989,18183.0
2026-06-18T14:55:00-04:00,30.96,31.000099182,30.96,30.97,24428.0
2026-06-18T15:00:00-04:00,30.975,31.0049992,30.825,30.83,32232.0
2026-06-18T15:05:00-04:00,30.83,30.84,30.72,30.75,26490.0
2026-06-18T15:10:00-04:00,30.75,30.81,30.68,30.79,28578.0
2026-06-18T15:15:00-04:00,30.7902,30.8,30.69,30.75,65813.0
2026-06-18T15:20:00-04:00,30.755,30.82,30.74,30.79,30103.0
2026-06-18T15:25:00-04:00,30.79,30.88,30.77,30.87,32136.0
2026-06-18T15:30:00-04:00,30.87,30.89,30.85,30.88,34899.0
2026-06-18T15:35:00-04:00,30.885,30.98,30.885,30.98,36005.0
2026-06-18T15:40:00-04:00,31.030001,31.0791,31.0049992,31.075001,48756.0
2026-06-18T15:45:00-04:00,31.08,31.105,31.030001,31.09,66073.0
2026-06-18T15:50:00-04:00,31.1,31.14,31.01,31.02,203784.0
2026-06-18T15:55:00-04:00,31.02,31.1,30.875,30.9,360629.0
2026-06-22T09:30:00-04:00,30.0,31.1,29.9736,30.78,160400.0
2026-06-22T09:35:00-04:00,30.75,30.92,30.735,30.86,41938.0
2026-06-22T09:40:00-04:00,30.865,30.935,30.755,30.79,39677.0
2026-06-22T09:45:00-04:00,30.79,30.96,30.68,30.785,57965.0
2026-06-22T09:50:00-04:00,30.8,30.84,30.4501,30.57,49037.0
2026-06-22T09:55:00-04:00,30.56,30.59,30.5175,30.535,25489.0
2026-06-22T10:00:00-04:00,30.54,30.55,30.14,30.32,35114.0
2026-06-22T10:05:00-04:00,30.37,30.6,30.34,30.53,28512.0
2026-06-22T10:10:00-04:00,30.535,30.57,30.39,30.49,33570.0
2026-06-22T10:15:00-04:00,30.5,30.52,30.28,30.31,38916.0
2026-06-22T10:20:00-04:00,30.28,30.29,30.19,30.29,45954.0
2026-06-22T10:25:00-04:00,30.29,30.34,30.19,30.2303,27309.0
2026-06-22T10:30:00-04:00,30.24,30.3,30.1201,30.28,39402.0
2026-06-22T10:35:00-04:00,30.28,30.365,30.27,30.31,32038.0
2026-06-22T10:40:00-04:00,30.3,30.34,30.15,30.15,33999.0
2026-06-22T10:45:00-04:00,30.17,30.42,30.17,30.37,31751.0
2026-06-22T10:50:00-04:00,30.41,30.43,30.285,30.285,33104.0
2026-06-22T10:55:00-04:00,30.3,30.54,30.28,30.51,34712.0
2026-06-22T11:00:00-04:00,30.51,30.54,30.44,30.52,32016.0
2026-06-22T11:05:00-04:00,30.52,30.55,30.47,30.48,26227.0
2026-06-22T11:10:00-04:00,30.46,30.49,30.41,30.44,27548.0
2026-06-22T11:15:00-04:00,30.41,30.425,30.18,30.18,41598.0
2026-06-22T11:20:00-04:00,30.185,30.22,30.1121,30.2,25610.0
2026-06-22T11:25:00-04:00,30.2,30.23,30.15,30.18,34256.0
2026-06-22T11:30:00-04:00,30.19,30.235,30.13,30.17,59471.0
2026-06-22T11:35:00-04:00,30.18,30.205,30.09,30.1012,37476.0
2026-06-22T11:40:00-04:00,30.094999,30.21,30.094999,30.21,30200.0
2026-06-22T11:45:00-04:00,30.22,30.245,30.035,30.040001,30197.0
2026-06-22T11:50:00-04:00,30.040001,30.12,29.945,30.09,44443.0
2026-06-22T11:55:00-04:00,30.1,30.2,30.1,30.15,20070.0
2026-06-22T12:00:00-04:00,30.2,30.28,30.18,30.2009,41328.0
2026-06-22T12:05:00-04:00,30.22,30.22,30.09,30.1,25106.0
2026-06-22T12:10:00-04:00,30.11,30.18,30.11,30.17,24934.0
2026-06-22T12:15:00-04:00,30.16,30.1801,30.1,30.1801,20526.0
2026-06-22T12:20:00-04:00,30.19,30.212,30.11,30.14,22209.0
2026-06-22T12:25:00-04:00,30.15,30.18,30.11,30.17,24301.0
2026-06-22T12:30:00-04:00,30.17,30.29,30.15,30.27,29318.0
2026-06-22T12:35:00-04:00,30.31,30.34,30.27,30.27,12589.0
2026-06-22T12:40:00-04:00,30.245,30.325,30.22,30.3,21587.0
2026-06-22T12:45:00-04:00,30.305,30.305,30.25,30.285,15516.0
2026-06-22T12:50:00-04:00,30.3,30.345,30.29,30.34,21444.0
2026-06-22T12:55:00-04:00,30.35,30.36,30.29,30.31,21801.0
2026-06-22T13:00:00-04:00,30.32,30.32,30.25,30.28,19729.0
2026-06-22T13:05:00-04:00,30.285,30.285,30.24,30.24,17390.0
2026-06-22T13:10:00-04:00,30.235,30.28,30.22,30.23,17729.0
2026-06-22T13:15:00-04:00,30.245,30.26,30.175,30.18,12319.0
2026-06-22T13:20:00-04:00,30.2,30.2399,30.2,30.22,14340.0
2026-06-22T13:25:00-04:00,30.21,30.23,30.18,30.19,16739.0
2026-06-22T13:30:00-04:00,30.19,30.2,30.11,30.16,18453.0
2026-06-22T13:35:00-04:00,30.17,30.23,30.16,30.21,18702.0
2026-06-22T13:40:00-04:00,30.215,30.265,30.21,30.265,9051.0
2026-06-22T13:45:00-04:00,30.265,30.33,30.265,30.32,15949.0
2026-06-22T13:50:00-04:00,30.32,30.34,30.295,30.32,18181.0
2026-06-22T13:55:00-04:00,30.315,30.35,30.29,30.34,18238.0
2026-06-22T14:00:00-04:00,30.355,30.37,30.315,30.34,18154.0
2026-06-22T14:05:00-04:00,30.36,30.47,30.36,30.44,29697.0
2026-06-22T14:10:00-04:00,30.46,30.48,30.41,30.44,13674.0
2026-06-22T14:15:00-04:00,30.45,30.47,30.44,30.47,13518.0
2026-06-22T14:20:00-04:00,30.4714,30.5599,30.47,30.54,21730.0
2026-06-22T14:25:00-04:00,30.5399,30.54,30.48,30.515,19855.0
2026-06-22T14:30:00-04:00,30.52,30.56,30.505,30.54,19164.0
2026-06-22T14:35:00-04:00,30.52,30.595,30.52,30.565,20133.0
2026-06-22T14:40:00-04:00,30.55,30.58,30.52,30.52,17363.0
2026-06-22T14:45:00-04:00,30.53,30.555,30.51,30.54,20957.0
2026-06-22T14:50:00-04:00,30.54,30.55,30.49,30.51,16926.0
2026-06-22T14:55:00-04:00,30.51,30.51,30.46,30.485,17512.0
2026-06-22T15:00:00-04:00,30.49,30.55,30.49,30.53,21433.0
2026-06-22T15:05:00-04:00,30.54,30.56,30.44,30.485,23761.0
2026-06-22T15:10:00-04:00,30.49,30.49,30.36,30.445,29079.0
2026-06-22T15:15:00-04:00,30.46,30.51,30.43,30.5,27132.0
2026-06-22T15:20:00-04:00,30.5,30.5,30.385,30.4,26933.0
2026-06-22T15:25:00-04:00,30.405,30.43,30.38,30.4,21635.0
2026-06-22T15:30:00-04:00,30.38,30.54,30.38,30.48,31679.0
2026-06-22T15:35:00-04:00,30.47,30.53,30.47,30.47,23602.0
2026-06-22T15:40:00-04:00,30.4701,30.505,30.445,30.455,34350.0
2026-06-22T15:45:00-04:00,30.46,30.59,30.46,30.59,33629.0
2026-06-22T15:50:00-04:00,30.58,30.63,30.56,30.59,60369.0
2026-06-22T15:55:00-04:00,30.61,30.745,30.605,30.74,162462.0
2026-06-23T09:30:00-04:00,29.0020008,29.27,28.81,29.115,148568.0
2026-06-23T09:35:00-04:00,29.0501,29.12,28.8301,29.02,22284.0
2026-06-23T09:40:00-04:00,28.95,29.1,28.75,28.7901,116073.0
2026-06-23T09:45:00-04:00,28.84,28.91,28.73,28.9,52083.0
2026-06-23T09:50:00-04:00,28.9,29.335,28.89,29.335,118560.0
2026-06-23T09:55:00-04:00,29.3,29.41,29.24,29.41,31269.0
2026-06-23T10:00:00-04:00,29.41,29.55,29.35,29.4,132465.0
2026-06-23T10:05:00-04:00,29.41,29.41,29.29,29.39,22375.0
2026-06-23T10:10:00-04:00,29.4,29.51,29.34,29.34,68697.0
2026-06-23T10:15:00-04:00,29.29,29.3158,29.11,29.265,46983.0
2026-06-23T10:20:00-04:00,29.27,29.27,29.055,29.055,21266.0
2026-06-23T10:25:00-04:00,29.07,29.08,28.991,29.049999,15068.0
2026-06-23T10:30:00-04:00,29.0748,29.08,28.81,28.885,43084.0
2026-06-23T10:35:00-04:00,28.89,29.0,28.82,28.95,40651.0
2026-06-23T10:40:00-04:00,28.95,29.0,28.88,28.88,49077.0
2026-06-23T10:45:00-04:00,28.87,28.91,28.73,28.83,56274.0
2026-06-23T10:50:00-04:00,28.86,28.905,28.78,28.82,27288.0
2026-06-23T10:55:00-04:00,28.82,28.9,28.8,28.9,26974.0
2026-06-23T11:00:00-04:00,28.89,29.2,28.89,29.13,28892.0
2026-06-23T11:05:00-04:00,29.12,29.1325,29.030001,29.035,17374.0
2026-06-23T11:10:00-04:00,29.049999,29.09,29.01,29.049999,9668.0
2026-06-23T11:15:00-04:00,29.059999,29.059999,28.87,28.875,22513.0
2026-06-23T11:20:00-04:00,28.89,29.0,28.885,28.93,27186.0
2026-06-23T11:25:00-04:00,28.94,29.02,28.925,28.97,26163.0
2026-06-23T11:30:00-04:00,28.98,29.14,28.98,29.11,15065.0
2026-06-23T11:35:00-04:00,29.11,29.18,29.11,29.145,16213.0
2026-06-23T11:40:00-04:00,29.15,29.27,29.14,29.26,18705.0
2026-06-23T11:45:00-04:00,29.26,29.34,29.24,29.25,30577.0
2026-06-23T11:50:00-04:00,29.25,29.38,29.24,29.38,18181.0
2026-06-23T11:55:00-04:00,29.37,29.41,29.35,29.39,9279.0
2026-06-23T12:00:00-04:00,29.41,29.47,29.4,29.45,15667.0
2026-06-23T12:05:00-04:00,29.45,29.54,29.4201,29.5,23412.0
2026-06-23T12:10:00-04:00,29.54,29.63,29.54,29.62,18032.0
2026-06-23T12:15:00-04:00,29.62,29.63,29.53,29.62,13223.0
2026-06-23T12:20:00-04:00,29.615,29.645,29.58,29.6,12310.0
2026-06-23T12:25:00-04:00,29.575,29.58,29.53,29.545,8076.0
2026-06-23T12:30:00-04:00,29.565,29.62,29.53,29.56,63639.0
2026-06-23T12:35:00-04:00,29.56,29.63,29.53,29.625,20702.0
2026-06-23T12:40:00-04:00,29.595,29.6,29.565,29.59,8549.0
2026-06-23T12:45:00-04:00,29.59,29.59,29.5,29.52,7977.0
2026-06-23T12:50:00-04:00,29.525,29.525,29.47,29.52,16875.0
2026-06-23T12:55:00-04:00,29.53,29.55,29.5,29.521,14885.0
2026-06-23T13:00:00-04:00,29.52,29.6,29.52,29.54,9527.0
2026-06-23T13:05:00-04:00,29.54,29.63,29.535,29.63,11830.0
2026-06-23T13:10:00-04:00,29.65,29.7699,29.635,29.73,13454.0
2026-06-23T13:15:00-04:00,29.7351,29.7351,29.6401,29.6401,12663.0
2026-06-23T13:20:00-04:00,29.6601,29.725,29.66,29.7,17935.0
2026-06-23T13:25:00-04:00,29.68,29.69,29.64,29.6499,22027.0
2026-06-23T13:30:00-04:00,29.645,29.65,29.61,29.65,7515.0
2026-06-23T13:35:00-04:00,29.66,29.66,29.59,29.6,14219.0
2026-06-23T13:40:00-04:00,29.605,29.61,29.54,29.595,9907.0
2026-06-23T13:45:00-04:00,29.58,29.595,29.54,29.58,13611.0
2026-06-23T13:50:00-04:00,29.55,29.55,29.46,29.515,15641.0
2026-06-23T13:55:00-04:00,29.515,29.57,29.4516,29.53,27850.0
2026-06-23T14:00:00-04:00,29.52,29.63,29.52,29.59,39788.0
2026-06-23T14:05:00-04:00,29.61,29.67,29.51,29.54,42692.0
2026-06-23T14:10:00-04:00,29.5507,29.585,29.51,29.52,18748.0
2026-06-23T14:15:00-04:00,29.52,29.52,29.43,29.455,16763.0
2026-06-23T14:20:00-04:00,29.46,29.5128,29.44,29.48,31355.0
2026-06-23T14:25:00-04:00,29.46,29.46,29.39,29.405,15905.0
2026-06-23T14:30:00-04:00,29.39,29.415,29.365,29.365,17616.0
2026-06-23T14:35:00-04:00,29.37,29.425,29.37,29.38,14165.0
2026-06-23T14:40:00-04:00,29.38,29.38,29.27,29.28,20004.0
2026-06-23T14:45:00-04:00,29.28,29.28,29.15,29.17,28954.0
2026-06-23T14:50:00-04:00,29.19,29.275,29.19,29.275,16262.0
2026-06-23T14:55:00-04:00,29.275,29.38,29.26,29.38,21250.0
2026-06-23T15:00:00-04:00,29.37,29.46,29.33,29.42,26894.0
2026-06-23T15:05:00-04:00,29.42,29.46,29.285,29.29,29366.0
2026-06-23T15:10:00-04:00,29.3,29.39,29.3,29.35,47478.0
2026-06-23T15:15:00-04:00,29.35,29.38,29.18,29.18,32326.0
2026-06-23T15:20:00-04:00,29.19,29.365,29.19,29.35,25715.0
2026-06-23T15:25:00-04:00,29.335,29.365,29.31,29.355,25057.0
2026-06-23T15:30:00-04:00,29.37,29.455,29.33,29.42,46284.0
2026-06-23T15:35:00-04:00,29.42,29.54,29.41,29.485,38430.0
2026-06-23T15:40:00-04:00,29.49,29.495,29.42,29.44,36452.0
2026-06-23T15:45:00-04:00,29.445,29.445,29.34,29.36,74401.0
2026-06-23T15:50:00-04:00,29.36,29.38,29.265,29.355,106991.0
2026-06-23T15:55:00-04:00,29.36,29.405,29.22,29.25,289503.0
2026-06-24T09:30:00-04:00,27.86,28.52,27.81,28.454,102416.0
2026-06-24T09:35:00-04:00,28.41,28.65,28.28,28.58,41931.0
2026-06-24T09:40:00-04:00,28.58,28.61,28.245,28.415,45553.0
2026-06-24T09:45:00-04:00,28.36,28.75,28.36,28.679,58398.0
2026-06-24T09:50:00-04:00,28.7,28.97,28.7,28.77,30802.0
2026-06-24T09:55:00-04:00,28.73,28.95,28.7,28.925,27703.0
2026-06-24T10:00:00-04:00,28.9,28.94,28.455,28.48,38315.0
2026-06-24T10:05:00-04:00,28.49,28.86,28.49,28.85,30838.0
2026-06-24T10:10:00-04:00,28.84,28.9,28.7,28.7897,22056.0
2026-06-24T10:15:00-04:00,28.75,28.77,28.61,28.71,29963.0
2026-06-24T10:20:00-04:00,28.7,28.77,28.63,28.63,22319.0
2026-06-24T10:25:00-04:00,28.65,28.71,28.63,28.67,12041.0
2026-06-24T10:30:00-04:00,28.67,28.82,28.67,28.81,26332.0
2026-06-24T10:35:00-04:00,28.81,28.97,28.755,28.76,74776.0
2026-06-24T10:40:00-04:00,28.78,28.81,28.6444,28.71,21915.0
2026-06-24T10:45:00-04:00,28.69,28.81,28.59,28.75,23837.0
2026-06-24T10:50:00-04:00,28.75,28.795,28.685,28.685,13363.0
2026-06-24T10:55:00-04:00,28.66,28.69,28.6,28.62,13506.0
2026-06-24T11:00:00-04:00,28.625,28.665,28.5,28.52,20935.0
2026-06-24T11:05:00-04:00,28.52,28.52,28.37,28.462,25147.0
2026-06-24T11:10:00-04:00,28.49,28.49,28.355,28.38,15317.0
2026-06-24T11:15:00-04:00,28.385,28.61,28.385,28.59,54745.0
2026-06-24T11:20:00-04:00,28.61,28.655,28.58,28.585,16092.0
2026-06-24T11:25:00-04:00,28.54,28.605,28.495,28.605,19240.0
2026-06-24T11:30:00-04:00,28.59,28.59,28.45,28.49,44708.0
2026-06-24T11:35:00-04:00,28.49,28.49,28.2801,28.2801,15403.0
2026-06-24T11:40:00-04:00,28.29,28.32,28.245,28.31,18005.0
2026-06-24T11:45:00-04:00,28.31,28.319,28.17,28.27,19437.0
2026-06-24T11:50:00-04:00,28.295,28.3,28.2101,28.24,21595.0
2026-06-24T11:55:00-04:00,28.24,28.3,28.22,28.24,16866.0
2026-06-24T12:00:00-04:00,28.255,28.365,28.245,28.26,55136.0
2026-06-24T12:05:00-04:00,28.28,28.29,28.185,28.19,25279.0
2026-06-24T12:10:00-04:00,28.18,28.238,28.13,28.225,32144.0
2026-06-24T12:15:00-04:00,28.21,28.37,28.19,28.37,52285.0
2026-06-24T12:20:00-04:00,28.395,28.505,28.37,28.49,12193.0
2026-06-24T12:25:00-04:00,28.5,28.62,28.47,28.595,28621.0
2026-06-24T12:30:00-04:00,28.595,28.595,28.51,28.555,18678.0
2026-06-24T12:35:00-04:00,28.58,28.64,28.58,28.62,15338.0
2026-06-24T12:40:00-04:00,28.6,28.6653,28.56,28.58,11498.0
2026-06-24T12:45:00-04:00,28.58,28.585,28.49,28.49,21153.0
2026-06-24T12:50:00-04:00,28.48,28.51,28.46,28.47,17571.0
2026-06-24T12:55:00-04:00,28.45,28.48,28.43,28.47,23414.0
2026-06-24T13:00:00-04:00,28.47,28.54,28.44,28.515,34048.0
2026-06-24T13:05:00-04:00,28.515,28.54,28.405,28.45,28057.0
2026-06-24T13:10:00-04:00,28.485,28.515,28.46,28.48,15697.0
2026-06-24T13:15:00-04:00,28.48,28.49,28.4,28.415,12453.0
2026-06-24T13:20:00-04:00,28.4296,28.4299,28.32,28.36,19898.0
2026-06-24T13:25:00-04:00,28.35,28.38,28.3,28.37,19439.0
2026-06-24T13:30:00-04:00,28.36,28.38,28.28,28.38,21929.0
2026-06-24T13:35:00-04:00,28.395,28.42,28.28,28.3471,26976.0
2026-06-24T13:40:00-04:00,28.35,28.35,28.19,28.2,21205.0
2026-06-24T13:45:00-04:00,28.2014,28.21,28.105,28.1716,21764.0
2026-06-24T13:50:00-04:00,28.16,28.19,28.12,28.13,20770.0
2026-06-24T13:55:00-04:00,28.15,28.24,28.115,28.15,20316.0
2026-06-24T14:00:00-04:00,28.175,28.18,28.059999,28.08,30708.0
2026-06-24T14:05:00-04:00,28.08,28.19,28.08,28.19,22004.0
2026-06-24T14:10:00-04:00,28.18,28.225,28.148,28.17,16655.0
2026-06-24T14:15:00-04:00,28.17,28.22,28.125,28.125,20608.0
2026-06-24T14:20:00-04:00,28.13,28.1591,28.1,28.13,20938.0
2026-06-24T14:25:00-04:00,28.14,28.2799,28.14,28.26,46530.0
2026-06-24T14:30:00-04:00,28.25,28.33,28.24,28.25,18135.0
2026-06-24T14:35:00-04:00,28.24,28.25,28.11,28.125,19843.0
2026-06-24T14:40:00-04:00,28.13,28.15,28.1,28.105,18214.0
2026-06-24T14:45:00-04:00,28.1,28.1,27.96,27.985,23744.0
2026-06-24T14:50:00-04:00,27.98,28.065001,27.95,28.040001,28288.0
2026-06-24T14:55:00-04:00,28.045,28.07,28.02,28.049999,24850.0
2026-06-24T15:00:00-04:00,28.049999,28.08,27.98,28.030001,37835.0
2026-06-24T15:05:00-04:00,28.040001,28.059999,27.92,27.95,40416.0
2026-06-24T15:10:00-04:00,27.93,27.97,27.875,27.97,24377.0
2026-06-24T15:15:00-04:00,27.97,27.97,27.87,27.92,37421.0
2026-06-24T15:20:00-04:00,27.925,27.965,27.89,27.965,38417.0
2026-06-24T15:25:00-04:00,27.98,28.105,27.97,28.09,34175.0
2026-06-24T15:30:00-04:00,28.1,28.16,28.045,28.12,47898.0
2026-06-24T15:35:00-04:00,28.125,28.125,28.0,28.045,45724.0
2026-06-24T15:40:00-04:00,28.049999,28.12,27.99,28.1,42990.0
2026-06-24T15:45:00-04:00,28.1,28.185,28.094999,28.185,52869.0
2026-06-24T15:50:00-04:00,28.18,28.33,28.17,28.325,130131.0
2026-06-24T15:55:00-04:00,28.32,28.36,28.275,28.35,304274.0
2026-06-25T09:30:00-04:00,29.38,29.76,29.35,29.56,134492.0
2026-06-25T09:35:00-04:00,29.56,29.86,29.48,29.51,68746.0
2026-06-25T09:40:00-04:00,29.46,29.46,29.01,29.030001,35387.0
2026-06-25T09:45:00-04:00,28.99,28.99,28.73,28.95,44824.0
2026-06-25T09:50:00-04:00,28.94,29.1,28.745,28.745,41189.0
2026-06-25T09:55:00-04:00,28.75,28.81,28.565,28.78,25123.0
2026-06-25T10:00:00-04:00,28.82,29.195,28.82,29.01,56206.0
2026-06-25T10:05:00-04:00,29.01,29.2,29.01,29.18,44446.0
2026-06-25T10:10:00-04:00,29.18,29.36,29.18,29.21,25205.0
2026-06-25T10:15:00-04:00,29.24,29.32,28.99,29.07,41551.0
2026-06-25T10:20:00-04:00,29.1,29.215,29.09,29.115,33891.0
2026-06-25T10:25:00-04:00,29.14,29.31,29.067499,29.205,59406.0
2026-06-25T10:30:00-04:00,29.18,29.27,29.08,29.12,42953.0
2026-06-25T10:35:00-04:00,29.115,29.115,28.965,29.01,24711.0
2026-06-25T10:40:00-04:00,29.01,29.059999,28.84,28.88,33244.0
2026-06-25T10:45:00-04:00,28.87,28.99,28.82,28.98,25693.0
2026-06-25T10:50:00-04:00,28.975,29.19,28.965,29.15,34291.0
2026-06-25T10:55:00-04:00,29.14,29.15,29.049999,29.08,53344.0
2026-06-25T11:00:00-04:00,29.084999,29.11,28.94,28.9851,33399.0
2026-06-25T11:05:00-04:00,29.0,29.12,28.94,28.95,36715.0
2026-06-25T11:10:00-04:00,28.95,28.99,28.59,28.615,88318.0
2026-06-25T11:15:00-04:00,28.6,28.74,28.53,28.7399,59252.0
2026-06-25T11:20:00-04:00,28.68,28.98,28.66,28.94,48536.0
2026-06-25T11:25:00-04:00,28.93,28.97,28.76,28.765,39754.0
2026-06-25T11:30:00-04:00,28.79,28.89,28.74,28.755,38408.0
2026-06-25T11:35:00-04:00,28.77,28.81,28.705,28.78,20174.0
2026-06-25T11:40:00-04:00,28.765,28.8,28.69,28.69,40942.0
2026-06-25T11:45:00-04:00,28.695,28.76,28.59,28.59,31284.0
2026-06-25T11:50:00-04:00,28.61,28.73,28.595,28.63,28427.0
2026-06-25T11:55:00-04:00,28.64,28.68,28.6233,28.67,29214.0
2026-06-25T12:00:00-04:00,28.68,28.735,28.625,28.7,24402.0
2026-06-25T12:05:00-04:00,28.71,28.71,28.585,28.6,24514.0
2026-06-25T12:10:00-04:00,28.61,28.815,28.61,28.79,26092.0
2026-06-25T12:15:00-04:00,28.81,28.9399,28.79,28.87,55617.0
2026-06-25T12:20:00-04:00,28.9,28.9,28.7275,28.795,21649.0
2026-06-25T12:25:00-04:00,28.8134,28.9,28.78,28.88,27685.0
2026-06-25T12:30:00-04:00,28.86,28.88,28.72,28.74,20744.0
2026-06-25T12:35:00-04:00,28.73,28.74,28.69,28.7,19789.0
2026-06-25T12:40:00-04:00,28.7,28.71,28.65,28.675,17874.0
2026-06-25T12:45:00-04:00,28.665,28.71,28.58,28.71,32341.0
2026-06-25T12:50:00-04:00,28.68,28.74,28.66,28.74,14416.0
2026-06-25T12:55:00-04:00,28.74,28.8,28.655,28.8,25997.0
2026-06-25T13:00:00-04:00,28.805,28.805,28.74,28.77,24107.0
2026-06-25T13:05:00-04:00,28.755,28.76,28.72,28.76,20164.0
2026-06-25T13:10:00-04:00,28.76,28.83,28.76,28.8,25021.0
2026-06-25T13:15:00-04:00,28.7875,28.85,28.71,28.725,17447.0
2026-06-25T13:20:00-04:00,28.7,28.72,28.66,28.72,26490.0
2026-06-25T13:25:00-04:00,28.725,28.78,28.71,28.75,16211.0
2026-06-25T13:30:00-04:00,28.74,28.78,28.71,28.752,25433.0
2026-06-25T13:35:00-04:00,28.73,28.7699,28.725,28.74,15909.0
2026-06-25T13:40:00-04:00,28.74,28.74,28.68,28.68,21443.0
2026-06-25T13:45:00-04:00,28.685,28.7,28.64,28.68,43675.0
2026-06-25T13:50:00-04:00,28.675,28.735,28.67,28.72,14171.0
2026-06-25T13:55:00-04:00,28.7267,28.79,28.71,28.76,21060.0
2026-06-25T14:00:00-04:00,28.77,28.775,28.585,28.605,37681.0
2026-06-25T14:05:00-04:00,28.6,28.615,28.54,28.61,18201.0
2026-06-25T14:10:00-04:00,28.6,28.65,28.575,28.58,12026.0
2026-06-25T14:15:00-04:00,28.58,28.665,28.58,28.6599,19419.0
2026-06-25T14:20:00-04:00,28.66,28.66,28.6,28.63,21539.0
2026-06-25T14:25:00-04:00,28.63,28.765,28.62,28.765,24419.0
2026-06-25T14:30:00-04:00,28.745,28.745,28.56,28.56,23767.0
2026-06-25T14:35:00-04:00,28.565,28.6,28.55,28.585,23532.0
2026-06-25T14:40:00-04:00,28.58,28.59,28.54,28.58,18654.0
2026-06-25T14:45:00-04:00,28.56,28.57,28.45,28.49,46530.0
2026-06-25T14:50:00-04:00,28.49,28.53,28.48,28.51,43673.0
2026-06-25T14:55:00-04:00,28.51,28.57,28.51,28.57,19684.0
2026-06-25T15:00:00-04:00,28.57,28.57,28.495,28.53,38004.0
2026-06-25T15:05:00-04:00,28.52,28.58,28.495,28.58,36857.0
2026-06-25T15:10:00-04:00,28.57,28.61,28.56,28.58,16941.0
2026-06-25T15:15:00-04:00,28.56,28.57,28.45,28.46,36282.0
2026-06-25T15:20:00-04:00,28.46,28.5,28.445,28.49,23840.0
2026-06-25T15:25:00-04:00,28.51,28.56,28.51,28.54,28288.0
2026-06-25T15:30:00-04:00,28.52,28.58,28.485,28.515,29234.0
2026-06-25T15:35:00-04:00,28.515,28.525,28.455,28.485,25493.0
2026-06-25T15:40:00-04:00,28.49,28.5,28.435,28.47,34440.0
2026-06-25T15:45:00-04:00,28.465,28.49,28.46,28.49,37633.0
2026-06-25T15:50:00-04:00,28.5,28.5,28.39,28.485,71365.0
2026-06-25T15:55:00-04:00,28.47,28.48,28.345,28.45,227179.0
2026-06-26T09:30:00-04:00,28.91,29.25,28.77,29.09,104615.0
2026-06-26T09:35:00-04:00,29.09,29.42,29.09,29.35,61618.0
2026-06-26T09:40:00-04:00,29.38,29.805,29.33,29.73,74298.0
2026-06-26T09:45:00-04:00,29.71,29.71,29.38,29.43,91514.0
2026-06-26T09:50:00-04:00,29.42,29.575,29.25,29.25,62746.0
2026-06-26T09:55:00-04:00,29.24,29.645,29.2,29.6099,71936.0
2026-06-26T10:00:00-04:00,29.56,29.71,29.44,29.53,49365.0
2026-06-26T10:05:00-04:00,29.485,29.485,29.32,29.41,23831.0
2026-06-26T10:10:00-04:00,29.405,29.63,29.3,29.57,62991.0
2026-06-26T10:15:00-04:00,29.59,29.8,29.51,29.51,35406.0
2026-06-26T10:20:00-04:00,29.55,29.63,29.5,29.61,69374.0
2026-06-26T10:25:00-04:00,29.615,29.7,29.5114,29.54,67058.0
2026-06-26T10:30:00-04:00,29.535,29.58,29.25,29.3,41509.0
2026-06-26T10:35:00-04:00,29.34,29.44,29.28,29.3,27208.0
2026-06-26T10:40:00-04:00,29.27,29.48,29.235,29.41,32601.0
2026-06-26T10:45:00-04:00,29.43,29.605,29.41,29.55,19474.0
2026-06-26T10:50:00-04:00,29.54,29.54,29.435,29.45,33415.0
2026-06-26T10:55:00-04:00,29.47,29.52,29.34,29.36,20152.0
2026-06-26T11:00:00-04:00,29.365,29.42,29.31,29.31,27704.0
2026-06-26T11:05:00-04:00,29.33,29.34,29.24,29.31,24814.0
2026-06-26T11:10:00-04:00,29.295,29.295,29.19,29.246,12275.0
2026-06-26T11:15:00-04:00,29.21,29.53,29.205,29.53,22891.0
2026-06-26T11:20:00-04:00,29.55,29.6173,29.5,29.61,25182.0
2026-06-26T11:25:00-04:00,29.59,29.62,29.54,29.56,21695.0
2026-06-26T11:30:00-04:00,29.57,29.6598,29.57,29.63,12821.0
2026-06-26T11:35:00-04:00,29.64,29.775,29.6,29.76,31679.0
2026-06-26T11:40:00-04:00,29.77,29.77,29.65,29.67,32290.0
2026-06-26T11:45:00-04:00,29.68,29.7,29.65,29.695,12644.0
2026-06-26T11:50:00-04:00,29.7,29.72,29.53,29.58,26567.0
2026-06-26T11:55:00-04:00,29.58,29.68,29.58,29.675,15788.0
2026-06-26T12:00:00-04:00,29.69,29.7,29.59,29.59,25961.0
2026-06-26T12:05:00-04:00,29.58,29.6199,29.525,29.5998,16135.0
2026-06-26T12:10:00-04:00,29.5701,29.75,29.555,29.7,38799.0
2026-06-26T12:15:00-04:00,29.69,29.71,29.585,29.585,25031.0
2026-06-26T12:20:00-04:00,29.585,29.61,29.5,29.56,24069.0
2026-06-26T12:25:00-04:00,29.535,29.61,29.535,29.59,20611.0
2026-06-26T12:30:00-04:00,29.605,29.685,29.605,29.66,14085.0
2026-06-26T12:35:00-04:00,29.655,29.68,29.59,29.59,13344.0
2026-06-26T12:40:00-04:00,29.57,29.61,29.5,29.58,25710.0
2026-06-26T12:45:00-04:00,29.575,29.6,29.54,29.57,15269.0
2026-06-26T12:50:00-04:00,29.57,29.58,29.545,29.56,18559.0
2026-06-26T12:55:00-04:00,29.55,29.58,29.53,29.545,15561.0
2026-06-26T13:00:00-04:00,29.51,29.55,29.48,29.525,12148.0
2026-06-26T13:05:00-04:00,29.525,29.54,29.51,29.52,11326.0
2026-06-26T13:10:00-04:00,29.53,29.53,29.47,29.49,14138.0
2026-06-26T13:15:00-04:00,29.495,29.495,29.45,29.46,14165.0
2026-06-26T13:20:00-04:00,29.46,29.4799,29.41,29.44,13883.0
2026-06-26T13:25:00-04:00,29.41,29.41,29.38,29.39,12561.0
2026-06-26T13:30:00-04:00,29.38,29.45,29.34,29.37,29917.0
2026-06-26T13:35:00-04:00,29.37,29.37,29.28,29.28,18731.0
2026-06-26T13:40:00-04:00,29.29,29.305,29.265,29.29,15549.0
2026-06-26T13:45:00-04:00,29.29,29.305,29.2502,29.3,44921.0
2026-06-26T13:50:00-04:00,29.28,29.35,29.23,29.27,23970.0
2026-06-26T13:55:00-04:00,29.28,29.42,29.24,29.42,42313.0
2026-06-26T14:00:00-04:00,29.435,29.435,29.3,29.315,23527.0
2026-06-26T14:05:00-04:00,29.31,29.33,29.26,29.29,38414.0
2026-06-26T14:10:00-04:00,29.27,29.29,29.26,29.28,14424.0
2026-06-26T14:15:00-04:00,29.28,29.285,29.14,29.14,35606.0
2026-06-26T14:20:00-04:00,29.15,29.17,29.125,29.13,17646.0
2026-06-26T14:25:00-04:00,29.13,29.16,29.1,29.14,15765.0
2026-06-26T14:30:00-04:00,29.13,29.13,29.09,29.09,15321.0
2026-06-26T14:35:00-04:00,29.08,29.11,29.040001,29.08,22080.0
2026-06-26T14:40:00-04:00,29.059999,29.115,29.049999,29.1,15041.0
2026-06-26T14:45:00-04:00,29.1,29.1,29.0,29.035,23724.0
2026-06-26T14:50:00-04:00,29.030001,29.094999,29.0,29.09,19358.0
2026-06-26T14:55:00-04:00,29.09,29.094999,29.02,29.040001,20675.0
2026-06-26T15:00:00-04:00,29.049999,29.049999,29.0,29.0,17806.0
2026-06-26T15:05:00-04:00,29.0,29.049999,28.98,29.049999,21284.0
2026-06-26T15:10:00-04:00,29.040001,29.049999,29.0,29.02,17835.0
2026-06-26T15:15:00-04:00,29.02,29.040001,28.98,28.985,28623.0
2026-06-26T15:20:00-04:00,28.99,28.995,28.86,28.945,23676.0
2026-06-26T15:25:00-04:00,28.94,28.96,28.89,28.96,18972.0
2026-06-26T15:30:00-04:00,28.95,29.040001,28.95,29.040001,40145.0
2026-06-26T15:35:00-04:00,29.02,29.049999,28.92,28.945,32988.0
2026-06-26T15:40:00-04:00,28.94,28.98,28.89,28.955,38746.0
2026-06-26T15:45:00-04:00,28.95,29.0,28.94,28.98,45104.0
2026-06-26T15:50:00-04:00,28.95,29.35,28.94,29.29,392816.0
2026-06-26T15:55:00-04:00,29.3,29.47,29.3,29.31,935687.0
2026-06-29T09:30:00-04:00,28.63,28.89,28.39,28.44,127200.0
2026-06-29T09:35:00-04:00,28.425,28.62,28.21,28.28,68316.0
2026-06-29T09:40:00-04:00,28.34,28.59,28.34,28.485,41767.0
2026-06-29T09:45:00-04:00,28.4851,28.6,27.9575,28.0,64656.0
2026-06-29T09:50:00-04:00,27.995,28.27,27.995,28.1,62795.0
2026-06-29T09:55:00-04:00,28.11,28.27,28.11,28.2,65302.0
2026-06-29T10:00:00-04:00,28.2,28.22,27.97,28.13,75136.0
2026-06-29T10:05:00-04:00,28.12,28.12,28.01,28.049999,31664.0
2026-06-29T10:10:00-04:00,28.059999,28.105,27.895,27.99,67390.0
2026-06-29T10:15:00-04:00,27.97,28.3,27.85,28.3,104513.0
2026-06-29T10:20:00-04:00,28.32,28.405,28.22,28.405,43868.0
2026-06-29T10:25:00-04:00,28.47,28.71,28.47,28.71,31040.0
2026-06-29T10:30:00-04:00,28.68,28.82,28.62,28.65,26637.0
2026-06-29T10:35:00-04:00,28.64,28.64,28.425,28.43,27399.0
2026-06-29T10:40:00-04:00,28.41,28.45,28.295,28.295,23310.0
2026-06-29T10:45:00-04:00,28.3,28.3299,28.19,28.32,23716.0
2026-06-29T10:50:00-04:00,28.33,28.41,28.29,28.355,32767.0
2026-06-29T10:55:00-04:00,28.365,28.4,28.21,28.26,28149.0
2026-06-29T11:00:00-04:00,28.25,28.29,28.21,28.21,63265.0
2026-06-29T11:05:00-04:00,28.19,28.26,28.19,28.24,19073.0
2026-06-29T11:10:00-04:00,28.2575,28.29,28.23,28.285,30768.0
2026-06-29T11:15:00-04:00,28.33,28.42,28.265,28.27,38769.0
2026-06-29T11:20:00-04:00,28.24,28.27,28.17,28.17,18635.0
2026-06-29T11:25:00-04:00,28.19,28.265,28.19,28.25,16769.0
2026-06-29T11:30:00-04:00,28.29,28.35,28.27,28.27,24020.0
2026-06-29T11:35:00-04:00,28.26,28.285,28.17,28.27,17943.0
2026-06-29T11:40:00-04:00,28.285,28.33,28.26,28.28,8433.0
2026-06-29T11:45:00-04:00,28.2899,28.37,28.285,28.355,40137.0
2026-06-29T11:50:00-04:00,28.36,28.48,28.36,28.475,35822.0
2026-06-29T11:55:00-04:00,28.475,28.475,28.39,28.43,60598.0
2026-06-29T12:00:00-04:00,28.46,28.56,28.435,28.52,70829.0
2026-06-29T12:05:00-04:00,28.535,28.565,28.525,28.53,15485.0
2026-06-29T12:10:00-04:00,28.49,28.535,28.44,28.44,25919.0
2026-06-29T12:15:00-04:00,28.505,28.505,28.445,28.45,25523.0
2026-06-29T12:20:00-04:00,28.47,28.57,28.47,28.55,7012.0
2026-06-29T12:25:00-04:00,28.54,28.54,28.44,28.44,17694.0
2026-06-29T12:30:00-04:00,28.43,28.45,28.36,28.37,15957.0
2026-06-29T12:35:00-04:00,28.35,28.36,28.19,28.19,13194.0
2026-06-29T12:40:00-04:00,28.21,28.27,28.2,28.255,31053.0
2026-06-29T12:45:00-04:00,28.27,28.31,28.2401,28.28,21639.0
2026-06-29T12:50:00-04:00,28.285,28.3,28.21,28.28,37945.0
2026-06-29T12:55:00-04:00,28.28,28.28,28.22,28.26,13997.0
2026-06-29T13:00:00-04:00,28.2899,28.335,28.2899,28.33,11485.0
2026-06-29T13:05:00-04:00,28.3299,28.385,28.3,28.365,14764.0
2026-06-29T13:10:00-04:00,28.36,28.375,28.315,28.33,19162.0
2026-06-29T13:15:00-04:00,28.335,28.39,28.28,28.38,19782.0
2026-06-29T13:20:00-04:00,28.37,28.38,28.305,28.325,10848.0
2026-06-29T13:25:00-04:00,28.31,28.34,28.26,28.31,20573.0
2026-06-29T13:30:00-04:00,28.31,28.32,28.29,28.3,10436.0
2026-06-29T13:35:00-04:00,28.305,28.34,28.3,28.3,15485.0
2026-06-29T13:40:00-04:00,28.29,28.295,28.23,28.23,24343.0
2026-06-29T13:45:00-04:00,28.2193,28.23,28.2,28.205,9441.0
2026-06-29T13:50:00-04:00,28.21,28.3,28.21,28.29,24634.0
2026-06-29T13:55:00-04:00,28.28,28.32,28.28,28.292,16869.0
2026-06-29T14:00:00-04:00,28.29,28.31,28.27,28.31,14294.0
2026-06-29T14:05:00-04:00,28.3,28.3,28.255,28.255,17944.0
2026-06-29T14:10:00-04:00,28.23,28.26,28.205,28.22,25836.0
2026-06-29T14:15:00-04:00,28.21,28.22,28.165,28.18,18134.0
2026-06-29T14:20:00-04:00,28.17,28.19,28.15,28.18,20202.0
2026-06-29T14:25:00-04:00,28.185,28.225,28.16,28.17,21711.0
2026-06-29T14:30:00-04:00,28.175,28.19,28.15,28.165,19333.0
2026-06-29T14:35:00-04:00,28.1699,28.195,28.15,28.16,15320.0
2026-06-29T14:40:00-04:00,28.16,28.2,28.16,28.19,15690.0
2026-06-29T14:45:00-04:00,28.195,28.2,28.16,28.19,14585.0
2026-06-29T14:50:00-04:00,28.1899,28.195,28.16,28.17,14182.0
2026-06-29T14:55:00-04:00,28.17,28.17,28.13,28.16,17371.0
2026-06-29T15:00:00-04:00,28.17,28.17,28.059999,28.059999,29107.0
2026-06-29T15:05:00-04:00,28.049999,28.1299,28.035,28.11,18558.0
2026-06-29T15:10:00-04:00,28.1,28.105,28.035,28.049999,45925.0
2026-06-29T15:15:00-04:00,28.045,28.125,28.045,28.11,24928.0
2026-06-29T15:20:00-04:00,28.11,28.135,28.040001,28.135,25413.0
2026-06-29T15:25:00-04:00,28.14,28.22,28.14,28.18,29916.0
2026-06-29T15:30:00-04:00,28.19,28.215,28.17,28.21,35577.0
2026-06-29T15:35:00-04:00,28.22,28.235,28.135,28.135,66276.0
2026-06-29T15:40:00-04:00,28.135,28.22,28.115,28.22,42773.0
2026-06-29T15:45:00-04:00,28.24,28.29,28.235,28.26,44345.0
2026-06-29T15:50:00-04:00,28.25,28.285,28.18,28.23,80085.0
2026-06-29T15:55:00-04:00,28.24,28.4,28.23,28.38,226373.0
2026-06-30T09:30:00-04:00,28.35,28.47,27.89,27.89,90731.0
2026-06-30T09:35:00-04:00,27.9099,27.95,27.355,27.38,135679.0
2026-06-30T09:40:00-04:00,27.36,27.38,27.24,27.33,62574.0
2026-06-30T09:45:00-04:00,27.34,27.47,27.265,27.38,51001.0
2026-06-30T09:50:00-04:00,27.36,27.615,27.32,27.505,57139.0
2026-06-30T09:55:00-04:00,27.53,27.7217,27.48,27.7217,31093.0
2026-06-30T10:00:00-04:00,27.69,27.77,27.615,27.69,48773.0
2026-06-30T10:05:00-04:00,27.695,27.79,27.46,27.78,71318.0
2026-06-30T10:10:00-04:00,27.795,28.13,27.795,28.126,73576.0
2026-06-30T10:15:00-04:00,28.12,28.19,28.049999,28.11,66927.0
2026-06-30T10:20:00-04:00,28.13,28.3292,28.11,28.3,33454.0
2026-06-30T10:25:00-04:00,28.28,28.29,28.18,28.225,24273.0
2026-06-30T10:30:00-04:00,28.21,28.215,28.049999,28.07,37892.0
2026-06-30T10:35:00-04:00,28.09,28.1,27.99,28.025,24618.0
2026-06-30T10:40:00-04:00,28.02,28.16,28.02,28.13,32565.0
2026-06-30T10:45:00-04:00,28.125,28.14,27.985,28.0,17559.0
2026-06-30T10:50:00-04:00,28.0,28.059999,27.97,27.98,21064.0
2026-06-30T10:55:00-04:00,27.985,28.01,27.84,27.88,22914.0
2026-06-30T11:00:00-04:00,27.88,28.02,27.88,27.97,29319.0
2026-06-30T11:05:00-04:00,27.95,27.96,27.89,27.93,16884.0
2026-06-30T11:10:00-04:00,27.92,28.049999,27.88,28.045,30768.0
2026-06-30T11:15:00-04:00,28.045,28.045,27.925,27.94,28701.0
2026-06-30T11:20:00-04:00,27.93,27.95,27.81,27.895,22923.0
2026-06-30T11:25:00-04:00,27.9,28.0091991,27.9,27.95,45667.0
2026-06-30T11:30:00-04:00,27.94,28.02,27.92,27.99,103630.0
2026-06-30T11:35:00-04:00,27.99,27.995,27.89,27.915,70768.0
2026-06-30T11:40:00-04:00,27.92,27.95,27.87,27.925,25241.0
2026-06-30T11:45:00-04:00,27.93,28.065001,27.93,28.065001,29646.0
2026-06-30T11:50:00-04:00,28.059999,28.1398,28.01,28.059999,119455.0
2026-06-30T11:55:00-04:00,28.059999,28.11,28.01,28.11,25924.0
2026-06-30T12:00:00-04:00,28.12,28.12,28.040001,28.040001,23940.0
2026-06-30T12:05:00-04:00,28.030001,28.049999,27.99,28.01,30271.0
2026-06-30T12:10:00-04:00,28.0,28.18,28.0,28.13,49192.0
2026-06-30T12:15:00-04:00,28.125,28.155,28.09,28.13,14780.0
2026-06-30T12:20:00-04:00,28.145,28.18,28.12,28.12,20956.0
2026-06-30T12:25:00-04:00,28.1,28.17,28.09,28.16,16128.0
2026-06-30T12:30:00-04:00,28.15,28.2,28.15,28.195,12045.0
2026-06-30T12:35:00-04:00,28.2,28.265,28.195,28.2601,23410.0
2026-06-30T12:40:00-04:00,28.265,28.305,28.235,28.29,19655.0
2026-06-30T12:45:00-04:00,28.29,28.305,28.23,28.23,12604.0
2026-06-30T12:50:00-04:00,28.23,28.27,28.22,28.27,34507.0
2026-06-30T12:55:00-04:00,28.25,28.27,28.25,28.265,8434.0
2026-06-30T13:00:00-04:00,28.26,28.31,28.25,28.275,11635.0
2026-06-30T13:05:00-04:00,28.27,28.27,28.19,28.22,22306.0
2026-06-30T13:10:00-04:00,28.205,28.22,28.185,28.195,21694.0
2026-06-30T13:15:00-04:00,28.19,28.245,28.17,28.225,11596.0
2026-06-30T13:20:00-04:00,28.22,28.23,28.185,28.185,9994.0
2026-06-30T13:25:00-04:00,28.18,28.215,28.17,28.205,11430.0
2026-06-30T13:30:00-04:00,28.22,28.255,28.22,28.23,13938.0
2026-06-30T13:35:00-04:00,28.23,28.24,28.21,28.22,15563.0
2026-06-30T13:40:00-04:00,28.23,28.28,28.21,28.28,14938.0
2026-06-30T13:45:00-04:00,28.29,28.35,28.29,28.34,9656.0
2026-06-30T13:50:00-04:00,28.34,28.365,28.33,28.35,14359.0
2026-06-30T13:55:00-04:00,28.345,28.36,28.33,28.34,23397.0
2026-06-30T14:00:00-04:00,28.345,28.37,28.32,28.33,12546.0
2026-06-30T14:05:00-04:00,28.335,28.34,28.315,28.34,10714.0
2026-06-30T14:10:00-04:00,28.345,28.355,28.32,28.325,10369.0
2026-06-30T14:15:00-04:00,28.32,28.325,28.295,28.325,14756.0
2026-06-30T14:20:00-04:00,28.31,28.325,28.29,28.3001,16708.0
2026-06-30T14:25:00-04:00,28.31,28.335,28.29,28.31,15112.0
2026-06-30T14:30:00-04:00,28.3,28.3,28.26,28.28,12500.0
2026-06-30T14:35:00-04:00,28.28,28.2999,28.26,28.27,19570.0
2026-06-30T14:40:00-04:00,28.26,28.305,28.24,28.3,19844.0
2026-06-30T14:45:00-04:00,28.305,28.44,28.305,28.44,12929.0
2026-06-30T14:50:00-04:00,28.44,28.5,28.35,28.38,47178.0
2026-06-30T14:55:00-04:00,28.38,28.4,28.365,28.4,22770.0
2026-06-30T15:00:00-04:00,28.41,28.415,28.38,28.39,19202.0
2026-06-30T15:05:00-04:00,28.38,28.39,28.36,28.38,16220.0
2026-06-30T15:10:00-04:00,28.37,28.4,28.345,28.38,19525.0
2026-06-30T15:15:00-04:00,28.38,28.39,28.36,28.36,20714.0
2026-06-30T15:20:00-04:00,28.37,28.375,28.3301,28.35,27503.0
2026-06-30T15:25:00-04:00,28.35,28.355,28.32,28.325,17318.0
2026-06-30T15:30:00-04:00,28.335,28.37,28.26,28.27,51719.0
2026-06-30T15:35:00-04:00,28.265,28.3,28.22,28.24,40541.0
2026-06-30T15:40:00-04:00,28.2299,28.25,28.21,28.235,24912.0
2026-06-30T15:45:00-04:00,28.23,28.28,28.225,28.28,33883.0
2026-06-30T15:50:00-04:00,28.29,28.29,28.16,28.18,86610.0
2026-06-30T15:55:00-04:00,28.18,28.3,28.17,28.29,208353.0
2026-07-01T09:30:00-04:00,28.094999,28.69,28.0,28.43,81593.0
2026-07-01T09:35:00-04:00,28.41,28.59,28.41,28.53,38779.0
2026-07-01T09:40:00-04:00,28.53,29.18,28.53,29.18,48278.0
2026-07-01T09:45:00-04:00,29.2,29.385,29.16,29.179,49053.0
2026-07-01T09:50:00-04:00,29.1,29.235,28.98,29.225,132537.0
2026-07-01T09:55:00-04:00,29.2212,29.289,29.14,29.28,76555.0
2026-07-01T10:00:00-04:00,29.29,29.5249,29.23,29.4475,63400.0
2026-07-01T10:05:00-04:00,29.4,29.59,29.4,29.57,58260.0
2026-07-01T10:10:00-04:00,29.56,29.72,29.548,29.63,35270.0
2026-07-01T10:15:00-04:00,29.61,29.73,29.55,29.69,53544.0
2026-07-01T10:20:00-04:00,29.69,30.0,29.69,29.905,83635.0
2026-07-01T10:25:00-04:00,29.89,29.95,29.67,29.705,36059.0
2026-07-01T10:30:00-04:00,29.7,29.74,29.63,29.69,25334.0
2026-07-01T10:35:00-04:00,29.69,29.695,29.56,29.62,35497.0
2026-07-01T10:40:00-04:00,29.61,29.63,29.18,29.235,127672.0
2026-07-01T10:45:00-04:00,29.23,29.26,29.145,29.23,33438.0
2026-07-01T10:50:00-04:00,29.26,29.26,29.17,29.17,20455.0
2026-07-01T10:55:00-04:00,29.174,29.18,29.08,29.18,24565.0
2026-07-01T11:00:00-04:00,29.18,29.28,29.059999,29.28,32414.0
2026-07-01T11:05:00-04:00,29.29,29.36,29.13,29.18,30248.0
2026-07-01T11:10:00-04:00,29.19,29.345,29.15,29.3,27790.0
2026-07-01T11:15:00-04:00,29.295,29.46,29.295,29.385,29989.0
2026-07-01T11:20:00-04:00,29.39,29.435,29.385,29.425,22232.0
2026-07-01T11:25:00-04:00,29.428,29.5,29.395,29.485,39603.0
2026-07-01T11:30:00-04:00,29.48,29.5,29.44,29.495,35963.0
2026-07-01T11:35:00-04:00,29.485,29.525,29.465,29.47,40239.0
2026-07-01T11:40:00-04:00,29.475,29.525,29.445,29.48,23710.0
2026-07-01T11:45:00-04:00,29.47,29.48,29.37,29.4,29835.0
2026-07-01T11:50:00-04:00,29.41,29.45,29.39,29.41,18505.0
2026-07-01T11:55:00-04:00,29.405,29.41,29.39,29.405,12330.0
2026-07-01T12:00:00-04:00,29.41,29.48,29.41,29.44,17208.0
2026-07-01T12:05:00-04:00,29.435,29.51,29.435,29.445,12663.0
2026-07-01T12:10:00-04:00,29.44,29.45,29.39,29.39,12666.0
2026-07-01T12:15:00-04:00,29.4,29.405,29.35,29.405,12249.0
2026-07-01T12:20:00-04:00,29.38,29.395,29.35,29.35,14082.0
2026-07-01T12:25:00-04:00,29.35,29.35,29.33,29.34,12839.0
2026-07-01T12:30:00-04:00,29.35,29.35,29.3,29.305,27639.0
2026-07-01T12:35:00-04:00,29.3,29.369,29.3,29.33,13106.0
2026-07-01T12:40:00-04:00,29.3389,29.3389,29.26,29.29,17154.0
2026-07-01T12:45:00-04:00,29.2969,29.3,29.26,29.27,18157.0
2026-07-01T12:50:00-04:00,29.26,29.31,29.26,29.31,17263.0
2026-07-01T12:55:00-04:00,29.31,29.33,29.225,29.24,20759.0
2026-07-01T13:00:00-04:00,29.26,29.31,29.185,29.22,17134.0
2026-07-01T13:05:00-04:00,29.22,29.255,29.15,29.19,64388.0
2026-07-01T13:10:00-04:00,29.19,29.28,29.09,29.28,80078.0
2026-07-01T13:15:00-04:00,29.28,29.3,29.24,29.3,28317.0
2026-07-01T13:20:00-04:00,29.285,29.385,29.285,29.38,36574.0
2026-07-01T13:25:00-04:00,29.39,29.395,29.37,29.38,17294.0
2026-07-01T13:30:00-04:00,29.38,29.47,29.37,29.37,32493.0
2026-07-01T13:35:00-04:00,29.37,29.4,29.32,29.355,21178.0
2026-07-01T13:40:00-04:00,29.34,29.365,29.32,29.32,16468.0
2026-07-01T13:45:00-04:00,29.325,29.325,29.23,29.25,20177.0
2026-07-01T13:50:00-04:00,29.255,29.335,29.255,29.305,32537.0
2026-07-01T13:55:00-04:00,29.31,29.33,29.265,29.325,18036.0
2026-07-01T14:00:00-04:00,29.325,29.38,29.32,29.365,19570.0
2026-07-01T14:05:00-04:00,29.37,29.37,29.325,29.345,16232.0
2026-07-01T14:10:00-04:00,29.345,29.35,29.31,29.325,18357.0
2026-07-01T14:15:00-04:00,29.32,29.32,29.25,29.305,19417.0
2026-07-01T14:20:00-04:00,29.305,29.345,29.295,29.32,16096.0
2026-07-01T14:25:00-04:00,29.31,29.325,29.27,29.275,18162.0
2026-07-01T14:30:00-04:00,29.28,29.285,29.25,29.265,16620.0
2026-07-01T14:35:00-04:00,29.265,29.285,29.25,29.275,17239.0
2026-07-01T14:40:00-04:00,29.27,29.27,29.21,29.22,18824.0
2026-07-01T14:45:00-04:00,29.22,29.265,29.21,29.21,38070.0
2026-07-01T14:50:00-04:00,29.215,29.225,29.16,29.16,32915.0
2026-07-01T14:55:00-04:00,29.16,29.185,29.14,29.18,24393.0
2026-07-01T15:00:00-04:00,29.185,29.235,29.175,29.215,20522.0
2026-07-01T15:05:00-04:00,29.215,29.325,29.21,29.315,26657.0
2026-07-01T15:10:00-04:00,29.31,29.315,29.205,29.205,24637.0
2026-07-01T15:15:00-04:00,29.22,29.22,29.18,29.2,16735.0
2026-07-01T15:20:00-04:00,29.205,29.235,29.17,29.195,26612.0
2026-07-01T15:25:00-04:00,29.19,29.205,29.155,29.19,26153.0
2026-07-01T15:30:00-04:00,29.21,29.275,29.2,29.255,34063.0
2026-07-01T15:35:00-04:00,29.25,29.255,29.19,29.1903,53414.0
2026-07-01T15:40:00-04:00,29.19,29.21,29.17,29.19,53036.0
2026-07-01T15:45:00-04:00,29.18,29.205,29.125,29.16,77490.0
2026-07-01T15:50:00-04:00,29.16,29.22,29.01,29.14,97306.0
2026-07-01T15:55:00-04:00,29.14,29.16,28.775,28.82,535895.0
2026-07-02T09:30:00-04:00,29.78,30.525,29.61,30.45,228933.0
2026-07-02T09:35:00-04:00,30.47,30.79,30.41,30.77,167853.0
2026-07-02T09:40:00-04:00,30.8,30.8095,30.47,30.71,55216.0
2026-07-02T09:45:00-04:00,30.7,30.9,30.67,30.82,72360.0
2026-07-02T09:50:00-04:00,30.82,30.935,30.48,30.5,60544.0
2026-07-02T09:55:00-04:00,30.5,30.7,30.49,30.63,109852.0
2026-07-02T10:00:00-04:00,30.62,30.705,30.32,30.46,95429.0
2026-07-02T10:05:00-04:00,30.47,30.61,30.47,30.52,36705.0
2026-07-02T10:10:00-04:00,30.51,30.74,30.36,30.74,56210.0
2026-07-02T10:15:00-04:00,30.7101,30.8399,30.61,30.82,84291.0
2026-07-02T10:20:00-04:00,30.8,30.8,30.53,30.53,36278.0
2026-07-02T10:25:00-04:00,30.54,30.63,30.42,30.505,36682.0
2026-07-02T10:30:00-04:00,30.53,30.65,30.475,30.485,41578.0
2026-07-02T10:35:00-04:00,30.5,30.6481,30.48,30.615,38794.0
2026-07-02T10:40:00-04:00,30.61,30.61,30.28,30.4301,82457.0
2026-07-02T10:45:00-04:00,30.44,30.685,30.44,30.685,71568.0
2026-07-02T10:50:00-04:00,30.69,30.75,30.45,30.51,38962.0
2026-07-02T10:55:00-04:00,30.51,30.65,30.495,30.65,43131.0
2026-07-02T11:00:00-04:00,30.64,30.72,30.44,30.44,94701.0
2026-07-02T11:05:00-04:00,30.47,30.47,30.17,30.45,99229.0
2026-07-02T11:10:00-04:00,30.46,30.645,30.42,30.54,78600.0
2026-07-02T11:15:00-04:00,30.56,30.605,30.4001,30.4001,25106.0
2026-07-02T11:20:00-04:00,30.44,30.5698,30.4,30.55,18198.0
2026-07-02T11:25:00-04:00,30.58,30.59,30.49,30.495,23475.0
2026-07-02T11:30:00-04:00,30.5,30.85,30.5,30.791,38839.0
2026-07-02T11:35:00-04:00,30.79,30.82,30.72,30.78,37972.0
2026-07-02T11:40:00-04:00,30.77,30.835,30.7,30.7,20902.0
2026-07-02T11:45:00-04:00,30.705,30.76,30.63,30.64,29339.0
2026-07-02T11:50:00-04:00,30.63,30.645,30.495,30.57,30454.0
2026-07-02T11:55:00-04:00,30.585,30.595,30.46,30.49,38242.0
2026-07-02T12:00:00-04:00,30.5,30.66,30.5,30.55,61398.0
2026-07-02T12:05:00-04:00,30.56,30.595,30.52,30.56,41603.0
2026-07-02T12:10:00-04:00,30.57,30.7204,30.57,30.7,63527.0
2026-07-02T12:15:00-04:00,30.685,30.69,30.61,30.66,19332.0
2026-07-02T12:20:00-04:00,30.64,30.64,30.51,30.535,49598.0
2026-07-02T12:25:00-04:00,30.55,30.61,30.47,30.485,22583.0
2026-07-02T12:30:00-04:00,30.48,30.48,30.31,30.385,51561.0
2026-07-02T12:35:00-04:00,30.4,30.41,30.24,30.34,51796.0
2026-07-02T12:40:00-04:00,30.35,30.51,30.335,30.49,28294.0
2026-07-02T12:45:00-04:00,30.47,30.47,30.38,30.38,24900.0
2026-07-02T12:50:00-04:00,30.36,30.43,30.33,30.41,26937.0
2026-07-02T12:55:00-04:00,30.395,30.395,30.23,30.3,24766.0
2026-07-02T13:00:00-04:00,30.29,30.315,30.1701,30.1701,22410.0
2026-07-02T13:05:00-04:00,30.16,30.3,30.155,30.2,23749.0
2026-07-02T13:10:00-04:00,30.1949,30.23,30.049999,30.09,32253.0
2026-07-02T13:15:00-04:00,30.08,30.084999,30.0,30.02,26215.0
2026-07-02T13:20:00-04:00,30.030001,30.099899,29.985,30.02,25794.0
2026-07-02T13:25:00-04:00,30.030001,30.11,30.02,30.075001,22986.0
2026-07-02T13:30:00-04:00,30.059999,30.08,30.030001,30.030001,27667.0
2026-07-02T13:35:00-04:00,30.01,30.040001,29.94,29.96,27056.0
2026-07-02T13:40:00-04:00,29.96,29.99,29.94,29.9737,29956.0
2026-07-02T13:45:00-04:00,29.97,29.97,29.865,29.92,31992.0
2026-07-02T13:50:00-04:00,29.92,29.93,29.83,29.83,32715.0
2026-07-02T13:55:00-04:00,29.84,29.845,29.72,29.73,32106.0
2026-07-02T14:00:00-04:00,29.73,29.91,29.72,29.875,46645.0
2026-07-02T14:05:00-04:00,29.88,30.12,29.88,30.12,31238.0
2026-07-02T14:10:00-04:00,30.13,30.16,30.09,30.16,24473.0
2026-07-02T14:15:00-04:00,30.155,30.155,30.07,30.125,34237.0
2026-07-02T14:20:00-04:00,30.12,30.16,30.11,30.145,22243.0
2026-07-02T14:25:00-04:00,30.135,30.25,30.135,30.25,24697.0
2026-07-02T14:30:00-04:00,30.26,30.41,30.26,30.34,46099.0
2026-07-02T14:35:00-04:00,30.335,30.355,30.305,30.35,23335.0
2026-07-02T14:40:00-04:00,30.36,30.38,30.325,30.325,20907.0
2026-07-02T14:45:00-04:00,30.32,30.465,30.27,30.45,31760.0
2026-07-02T14:50:00-04:00,30.44,30.48,30.38,30.38,35598.0
2026-07-02T14:55:00-04:00,30.38,30.425,30.38,30.425,21762.0
2026-07-02T15:00:00-04:00,30.425,30.48,30.35,30.36,24940.0
2026-07-02T15:05:00-04:00,30.37,30.385,30.33,30.35,39074.0
2026-07-02T15:10:00-04:00,30.34,30.345,30.23,30.26,52121.0
2026-07-02T15:15:00-04:00,30.26,30.265,30.12,30.165,44874.0
2026-07-02T15:20:00-04:00,30.155,30.18,30.11,30.145,34349.0
2026-07-02T15:25:00-04:00,30.14,30.3,30.11,30.26,33766.0
2026-07-02T15:30:00-04:00,30.25,30.35,30.245,30.3,42966.0
2026-07-02T15:35:00-04:00,30.3,30.315,30.26,30.26,33753.0
2026-07-02T15:40:00-04:00,30.255,30.42,30.255,30.38,37912.0
2026-07-02T15:45:00-04:00,30.38,30.43,30.38,30.43,31799.0
2026-07-02T15:50:00-04:00,30.43,30.59,30.43,30.59,72183.0
2026-07-02T15:55:00-04:00,30.605,30.665,30.545,30.615,252307.0
2026-07-06T09:30:00-04:00,31.44,31.693,31.049999,31.17,103713.0
2026-07-06T09:35:00-04:00,31.17,31.25,30.91,31.15,115797.0
2026-07-06T09:40:00-04:00,31.1502,31.34,31.0,31.23,63359.0
2026-07-06T09:45:00-04:00,31.22,31.24,30.86,30.97,53741.0
2026-07-06T09:50:00-04:00,30.98,31.02,30.91,30.9298,41592.0
2026-07-06T09:55:00-04:00,30.88,30.91,30.62,30.91,50691.0
2026-07-06T10:00:00-04:00,30.86,30.89,30.7,30.7,65663.0
2026-07-06T10:05:00-04:00,30.67,30.7,30.45,30.55,37645.0
2026-07-06T10:10:00-04:00,30.52,30.565,30.435,30.515,35367.0
2026-07-06T10:15:00-04:00,30.505,30.505,30.14,30.19,61454.0
2026-07-06T10:20:00-04:00,30.2,30.315,30.155,30.27,39356.0
2026-07-06T10:25:00-04:00,30.26,30.33,30.26,30.29,38627.0
2026-07-06T10:30:00-04:00,30.28,30.28,30.13,30.2206,36717.0
2026-07-06T10:35:00-04:00,30.23,30.23,30.049999,30.125,36857.0
2026-07-06T10:40:00-04:00,30.1,30.22,30.07,30.22,25581.0
2026-07-06T10:45:00-04:00,30.21,30.23,30.13,30.205,25294.0
2026-07-06T10:50:00-04:00,30.21,30.38,30.21,30.34,18673.0
2026-07-06T10:55:00-04:00,30.35,30.39,30.24,30.39,38284.0
2026-07-06T11:00:00-04:00,30.39,30.49,30.305,30.44,39497.0
2026-07-06T11:05:00-04:00,30.42,30.45,30.37,30.395,29220.0
2026-07-06T11:10:00-04:00,30.4,30.4,30.35,30.3899,33200.0
2026-07-06T11:15:00-04:00,30.41,30.42,30.35,30.37,26810.0
2026-07-06T11:20:00-04:00,30.36,30.39,30.315,30.36,19384.0
2026-07-06T11:25:00-04:00,30.355,30.42,30.355,30.38,27946.0
2026-07-06T11:30:00-04:00,30.37,30.41,30.35,30.4001,16635.0
2026-07-06T11:35:00-04:00,30.41,30.42,30.35,30.38,32293.0
2026-07-06T11:40:00-04:00,30.38,30.43,30.34,30.38,19863.0
2026-07-06T11:45:00-04:00,30.39,30.425,30.34,30.37,31810.0
2026-07-06T11:50:00-04:00,30.37,30.38,30.27,30.3,30650.0
2026-07-06T11:55:00-04:00,30.3,30.32,30.26,30.31,16789.0
2026-07-06T12:00:00-04:00,30.32,30.34,30.295,30.31,20435.0
2026-07-06T12:05:00-04:00,30.3,30.36,30.295,30.3,22134.0
2026-07-06T12:10:00-04:00,30.3,30.3,30.1379,30.1379,28799.0
2026-07-06T12:15:00-04:00,30.135,30.185,30.11,30.17,19423.0
2026-07-06T12:20:00-04:00,30.17,30.17,30.12,30.12,11091.0
2026-07-06T12:25:00-04:00,30.094999,30.105,30.075001,30.09,19646.0
2026-07-06T12:30:00-04:00,30.09,30.15,30.07,30.12,15570.0
2026-07-06T12:35:00-04:00,30.13,30.16,30.08,30.12,19785.0
2026-07-06T12:40:00-04:00,30.125,30.23,30.125,30.23,18166.0
2026-07-06T12:45:00-04:00,30.22,30.2299,30.215,30.215,5939.0
2026-07-06T12:50:00-04:00,30.22,30.2747,30.22,30.24,17534.0
2026-07-06T12:55:00-04:00,30.23,30.26,30.21,30.26,8324.0
2026-07-06T13:00:00-04:00,30.24,30.27,30.185,30.19,8446.0
2026-07-06T13:05:00-04:00,30.189,30.31,30.189,30.31,19302.0
2026-07-06T13:10:00-04:00,30.275,30.32,30.26,30.29,9536.0
2026-07-06T13:15:00-04:00,30.3098,30.3199,30.23,30.235,10379.0
2026-07-06T13:20:00-04:00,30.23,30.29,30.21,30.29,12108.0
2026-07-06T13:25:00-04:00,30.305,30.37,30.29,30.29,16672.0
2026-07-06T13:30:00-04:00,30.29,30.3,30.2301,30.2547,9006.0
2026-07-06T13:35:00-04:00,30.26,30.26,30.2,30.22,11737.0
2026-07-06T13:40:00-04:00,30.22,30.23,30.19,30.22,9201.0
2026-07-06T13:45:00-04:00,30.23,30.35,30.23,30.35,9196.0
2026-07-06T13:50:00-04:00,30.34,30.42,30.34,30.4,11418.0
2026-07-06T13:55:00-04:00,30.38,30.465,30.36,30.46,19339.0
2026-07-06T14:00:00-04:00,30.485,30.49,30.37,30.3898,20559.0
2026-07-06T14:05:00-04:00,30.385,30.465,30.38,30.465,16745.0
2026-07-06T14:10:00-04:00,30.44,30.46,30.35,30.37,11859.0
2026-07-06T14:15:00-04:00,30.39,30.475,30.39,30.455,16160.0
2026-07-06T14:20:00-04:00,30.46,30.56,30.46,30.56,15882.0
2026-07-06T14:25:00-04:00,30.595,30.61,30.54,30.57,38442.0
2026-07-06T14:30:00-04:00,30.565,30.6,30.54,30.55,22202.0
2026-07-06T14:35:00-04:00,30.565,30.65,30.51,30.51,15400.0
2026-07-06T14:40:00-04:00,30.5,30.5,30.45,30.465,11010.0
2026-07-06T14:45:00-04:00,30.42,30.4793,30.42,30.47,12585.0
2026-07-06T14:50:00-04:00,30.46,30.47,30.41,30.44,21169.0
2026-07-06T14:55:00-04:00,30.41,30.46,30.41,30.44,12963.0
2026-07-06T15:00:00-04:00,30.47,30.49,30.465,30.47,13749.0
2026-07-06T15:05:00-04:00,30.46,30.52,30.44,30.52,19111.0
2026-07-06T15:10:00-04:00,30.5335,30.59,30.52,30.58,16649.0
2026-07-06T15:15:00-04:00,30.58,30.63,30.54,30.61,29849.0
2026-07-06T15:20:00-04:00,30.62,30.67,30.58,30.67,16742.0
2026-07-06T15:25:00-04:00,30.69,30.74,30.69,30.73,19663.0
2026-07-06T15:30:00-04:00,30.7,30.74,30.68,30.73,47463.0
2026-07-06T15:35:00-04:00,30.71,30.71,30.64,30.64,18097.0
2026-07-06T15:40:00-04:00,30.63,30.68,30.61,30.66,27986.0
2026-07-06T15:45:00-04:00,30.675,30.75,30.6697,30.7,58069.0
2026-07-06T15:50:00-04:00,30.69,30.72,30.62,30.68,72518.0
2026-07-06T15:55:00-04:00,30.695,30.7,30.585,30.64,195355.0
2026-07-07T09:30:00-04:00,30.4,30.8391,30.36,30.575,112411.0
2026-07-07T09:35:00-04:00,30.575,30.7883,30.42,30.55,26109.0
2026-07-07T09:40:00-04:00,30.4858,30.85,30.48,30.68,21010.0
2026-07-07T09:45:00-04:00,30.66,30.68,30.38,30.45,40519.0
2026-07-07T09:50:00-04:00,30.46,30.49,30.28,30.37,38405.0
2026-07-07T09:55:00-04:00,30.34,30.385,30.235,30.33,45927.0
2026-07-07T10:00:00-04:00,30.3,30.37,30.18,30.21,68147.0
2026-07-07T10:05:00-04:00,30.175,30.175,29.92,30.059999,61636.0
2026-07-07T10:10:00-04:00,30.040001,30.049999,29.86,29.86,47564.0
2026-07-07T10:15:00-04:00,29.86,30.02,29.78,30.019899,72579.0
2026-07-07T10:20:00-04:00,30.0,30.030001,29.59,29.59,46768.0
2026-07-07T10:25:00-04:00,29.59,29.81,29.5,29.81,49356.0
2026-07-07T10:30:00-04:00,29.81,29.835,29.76,29.77,29209.0
2026-07-07T10:35:00-04:00,29.73,29.74,29.58,29.58,26018.0
2026-07-07T10:40:00-04:00,29.61,29.65,29.52,29.61,39292.0
2026-07-07T10:45:00-04:00,29.63,29.855,29.63,29.81,25136.0
2026-07-07T10:50:00-04:00,29.84,29.91,29.81,29.83,28585.0
2026-07-07T10:55:00-04:00,29.8055,29.86,29.73,29.81,23624.0
2026-07-07T11:00:00-04:00,29.8,29.87,29.735,29.86,22362.0
2026-07-07T11:05:00-04:00,29.87,30.030001,29.77,30.025,29751.0
2026-07-07T11:10:00-04:00,30.02,30.030001,29.865,29.865,16894.0
2026-07-07T11:15:00-04:00,29.85,29.855,29.795,29.82,46691.0
2026-07-07T11:20:00-04:00,29.81,29.84,29.76,29.84,43916.0
2026-07-07T11:25:00-04:00,29.85,29.915,29.85,29.88,19295.0
2026-07-07T11:30:00-04:00,29.95,29.97,29.91,29.92,33600.0
2026-07-07T11:35:00-04:00,29.9,29.9,29.86,29.88,16856.0
2026-07-07T11:40:00-04:00,29.87,29.91,29.83,29.89,30803.0
2026-07-07T11:45:00-04:00,29.9,29.96,29.84,29.84,13691.0
2026-07-07T11:50:00-04:00,29.805,29.91,29.805,29.85,27834.0
2026-07-07T11:55:00-04:00,29.82,29.85,29.75,29.84,29589.0
2026-07-07T12:00:00-04:00,29.86,29.955,29.85,29.9,41470.0
2026-07-07T12:05:00-04:00,29.9,29.96,29.9,29.925,30220.0
2026-07-07T12:10:00-04:00,29.93,29.9807,29.93,29.9807,10663.0
2026-07-07T12:15:00-04:00,29.98,30.01,29.96,30.01,14597.0
2026-07-07T12:20:00-04:00,30.07,30.105,30.030399,30.040001,20670.0
2026-07-07T12:25:00-04:00,30.059999,30.16,30.059999,30.13,14792.0
2026-07-07T12:30:00-04:00,30.13,30.17,30.09,30.1,19199.0
2026-07-07T12:35:00-04:00,30.09,30.09,30.040001,30.040001,8122.0
2026-07-07T12:40:00-04:00,30.049999,30.09,30.01,30.049999,9949.0
2026-07-07T12:45:00-04:00,30.059999,30.059999,30.01,30.049999,7638.0
2026-07-07T12:50:00-04:00,30.055,30.080099,30.040001,30.040001,12346.0
2026-07-07T12:55:00-04:00,30.030001,30.040001,30.01,30.030001,6882.0
2026-07-07T13:00:00-04:00,30.084999,30.09,30.07,30.09,8982.0
2026-07-07T13:05:00-04:00,30.094999,30.14,30.055,30.125,14344.0
2026-07-07T13:10:00-04:00,30.12,30.125,30.07,30.07,7863.0
2026-07-07T13:15:00-04:00,30.07,30.07,30.029499,30.059999,7211.0
2026-07-07T13:20:00-04:00,30.07,30.15,30.059999,30.135,7092.0
2026-07-07T13:25:00-04:00,30.11,30.13,30.1,30.13,4717.0
2026-07-07T13:30:00-04:00,30.14,30.23,30.14,30.21,13997.0
2026-07-07T13:35:00-04:00,30.21,30.22,30.185,30.19,6734.0
2026-07-07T13:40:00-04:00,30.195,30.28,30.195,30.28,7634.0
2026-07-07T13:45:00-04:00,30.27,30.27,30.2,30.22,10239.0
2026-07-07T13:50:00-04:00,30.175,30.18,30.14,30.16,7062.0
2026-07-07T13:55:00-04:00,30.16,30.18,30.13,30.18,8820.0
2026-07-07T14:00:00-04:00,30.19,30.2,30.13,30.14,12544.0
2026-07-07T14:05:00-04:00,30.14,30.14,30.06,30.07,7570.0
2026-07-07T14:10:00-04:00,30.07,30.12,30.059999,30.099899,7327.0
2026-07-07T14:15:00-04:00,30.09,30.13,30.069,30.13,23341.0
2026-07-07T14:20:00-04:00,30.13,30.17,30.13,30.15,8041.0
2026-07-07T14:25:00-04:00,30.13,30.17,30.09,30.09,7102.0
2026-07-07T14:30:00-04:00,30.09,30.115,30.045,30.075001,26848.0
2026-07-07T14:35:00-04:00,30.08,30.12,30.059999,30.08,28537.0
2026-07-07T14:40:00-04:00,30.059999,30.065001,30.02,30.049999,9899.0
2026-07-07T14:45:00-04:00,30.059999,30.065001,29.96,29.9805,39214.0
2026-07-07T14:50:00-04:00,29.99,29.995,29.885,29.89,37520.0
2026-07-07T14:55:00-04:00,29.88,29.92,29.855,29.885,30337.0
2026-07-07T15:00:00-04:00,29.875,29.88,29.72,29.83,40283.0
2026-07-07T15:05:00-04:00,29.84,29.85,29.66,29.69,47643.0
2026-07-07T15:10:00-04:00,29.68,29.77,29.6302,29.77,52722.0
2026-07-07T15:15:00-04:00,29.765,29.765,29.515,29.64,61383.0
2026-07-07T15:20:00-04:00,29.64,29.685,29.6,29.65,54512.0
2026-07-07T15:25:00-04:00,29.62,29.73,29.58,29.69,33261.0
2026-07-07T15:30:00-04:00,29.69,29.79,29.69,29.765,37208.0
2026-07-07T15:35:00-04:00,29.78,29.78,29.665,29.72,35782.0
2026-07-07T15:40:00-04:00,29.72,29.72,29.66,29.69,39867.0
2026-07-07T15:45:00-04:00,29.69,29.79,29.69,29.79,52344.0
2026-07-07T15:50:00-04:00,29.8,29.86,29.72,29.84,46717.0
2026-07-07T15:55:00-04:00,29.85,29.93,29.85,29.92,164583.0
2026-07-08T09:30:00-04:00,29.045,29.54,28.84,29.49,135777.0
2026-07-08T09:35:00-04:00,29.46,29.69,29.34,29.66,49625.0
2026-07-08T09:40:00-04:00,29.6595,29.6595,29.37,29.39,58237.0
2026-07-08T09:45:00-04:00,29.39,29.53,29.28,29.28,39092.0
2026-07-08T09:50:00-04:00,29.32,29.375,29.27,29.34,25954.0
2026-07-08T09:55:00-04:00,29.33,29.37,29.2,29.29,29751.0
2026-07-08T10:00:00-04:00,29.3,29.32,29.049999,29.12,48475.0
2026-07-08T10:05:00-04:00,29.13,29.13,28.91,28.97,53345.0
2026-07-08T10:10:00-04:00,28.97,28.97,28.61,28.72,88031.0
2026-07-08T10:15:00-04:00,28.75,28.75,28.56,28.58,84446.0
2026-07-08T10:20:00-04:00,28.575,28.79,28.575,28.72,43799.0
2026-07-08T10:25:00-04:00,28.73,28.83,28.69,28.8,74456.0
2026-07-08T10:30:00-04:00,28.8,28.82,28.495,28.55,51062.0
2026-07-08T10:35:00-04:00,28.53,28.53,28.3,28.33,49416.0
2026-07-08T10:40:00-04:00,28.3,28.35,27.94,27.97,59283.0
2026-07-08T10:45:00-04:00,27.97,27.97,27.83,27.835,39536.0
2026-07-08T10:50:00-04:00,27.84,28.02,27.8,28.01,58614.0
2026-07-08T10:55:00-04:00,28.0,28.09,27.915,28.09,41758.0
2026-07-08T11:00:00-04:00,28.1,28.13,27.91,27.96,36548.0
2026-07-08T11:05:00-04:00,28.02,28.08,27.93,27.94,34074.0
2026-07-08T11:10:00-04:00,27.96,27.97,27.8,27.83,37288.0
2026-07-08T11:15:00-04:00,27.83,27.84,27.66,27.6914,32637.0
2026-07-08T11:20:00-04:00,27.66,27.69,27.425,27.47,39943.0
2026-07-08T11:25:00-04:00,27.4501,27.5,27.43,27.5,29828.0
2026-07-08T11:30:00-04:00,27.51,27.515,27.382,27.45,32420.0
2026-07-08T11:35:00-04:00,27.45,27.49,27.38,27.38,45089.0
2026-07-08T11:40:00-04:00,27.41,27.43,27.34,27.38,139786.0
2026-07-08T11:45:00-04:00,27.37,27.3702,27.16,27.18,63692.0
2026-07-08T11:50:00-04:00,27.16,27.2,27.040001,27.13,38327.0
2026-07-08T11:55:00-04:00,27.14,27.27,27.125,27.25,45096.0
2026-07-08T12:00:00-04:00,27.27,27.31,27.25,27.265,39495.0
2026-07-08T12:05:00-04:00,27.27,27.35,27.255,27.34,54439.0
2026-07-08T12:10:00-04:00,27.36,27.525,27.35,27.52,49043.0
2026-07-08T12:15:00-04:00,27.505,27.825,27.505,27.825,68072.0
2026-07-08T12:20:00-04:00,27.82,28.0,27.82,27.92,81848.0
2026-07-08T12:25:00-04:00,27.91,27.97,27.9,27.92,31340.0
2026-07-08T12:30:00-04:00,27.92,27.99,27.86,27.86,28054.0
2026-07-08T12:35:00-04:00,27.86,27.91,27.76,27.825,44820.0
2026-07-08T12:40:00-04:00,27.81,27.91,27.76,27.91,39077.0
2026-07-08T12:45:00-04:00,27.895,27.98,27.86,27.98,27940.0
2026-07-08T12:50:00-04:00,27.99,28.13,27.98,28.105,30622.0
2026-07-08T12:55:00-04:00,28.13,28.19,28.13,28.14,16821.0
2026-07-08T13:00:00-04:00,28.14,28.14,28.08,28.115,13168.0
2026-07-08T13:05:00-04:00,28.1411,28.22,28.1411,28.18,25777.0
2026-07-08T13:10:00-04:00,28.16,28.165,28.09,28.09,22432.0
2026-07-08T13:15:00-04:00,28.094999,28.12,28.084999,28.09,8550.0
2026-07-08T13:20:00-04:00,28.08,28.18,28.08,28.18,22795.0
2026-07-08T13:25:00-04:00,28.195,28.215,28.17,28.215,12922.0
2026-07-08T13:30:00-04:00,28.22,28.275,28.18,28.23,40343.0
2026-07-08T13:35:00-04:00,28.25,28.26,28.18,28.185,12219.0
2026-07-08T13:40:00-04:00,28.15,28.19,28.12,28.13,11625.0
2026-07-08T13:45:00-04:00,28.13,28.13,28.02,28.0301,23831.0
2026-07-08T13:50:00-04:00,28.040001,28.15,28.030001,28.07,19469.0
2026-07-08T13:55:00-04:00,28.049999,28.055,27.99,28.055,21335.0
2026-07-08T14:00:00-04:00,28.049999,28.13,27.9944,28.1,29158.0
2026-07-08T14:05:00-04:00,28.059999,28.059999,27.99,28.04,11301.0
2026-07-08T14:10:00-04:00,28.040001,28.1,28.040001,28.08,15160.0
2026-07-08T14:15:00-04:00,28.07,28.07,27.97,28.01,15100.0
2026-07-08T14:20:00-04:00,27.99,28.014999,27.955,27.99,14465.0
2026-07-08T14:25:00-04:00,27.99,27.99,27.96,27.98,12170.0
2026-07-08T14:30:00-04:00,27.96,27.98,27.93,27.93,11512.0
2026-07-08T14:35:00-04:00,27.925,27.98,27.9,27.94,23582.0
2026-07-08T14:40:00-04:00,27.96,27.98,27.93,27.98,16299.0
2026-07-08T14:45:00-04:00,27.99,28.09,27.99,28.08,61703.0
2026-07-08T14:50:00-04:00,28.07,28.07,27.98,27.98,12695.0
2026-07-08T14:55:00-04:00,27.98,28.0,27.935,27.99,14905.0
2026-07-08T15:00:00-04:00,28.0,28.049999,27.99,28.01,35872.0
2026-07-08T15:05:00-04:00,28.02,28.09,28.0,28.075001,53718.0
2026-07-08T15:10:00-04:00,28.07,28.08,28.030001,28.049999,20122.0
2026-07-08T15:15:00-04:00,28.049999,28.049999,27.92,27.945,30548.0
2026-07-08T15:20:00-04:00,27.955,27.965,27.91,27.95,17284.0
2026-07-08T15:25:00-04:00,27.955,28.01,27.94,28.01,23920.0
2026-07-08T15:30:00-04:00,28.02,28.08,28.0049992,28.01,36139.0
2026-07-08T15:35:00-04:00,28.02,28.045,28.0,28.040001,21840.0
2026-07-08T15:40:00-04:00,28.040001,28.094999,28.02,28.08,25979.0
2026-07-08T15:45:00-04:00,28.084999,28.091,27.99,28.01,41813.0
2026-07-08T15:50:00-04:00,28.0,28.11,27.98,28.11,47196.0
2026-07-08T15:55:00-04:00,28.12,28.205,28.115,28.19,181600.0
2026-07-09T09:30:00-04:00,28.84,28.98,28.6,28.88,91218.0
2026-07-09T09:35:00-04:00,28.87,29.07,28.76,29.07,68812.0
2026-07-09T09:40:00-04:00,29.025,29.28,28.955,29.26,38020.0
2026-07-09T09:45:00-04:00,29.26,29.26,29.075001,29.12,37760.0
2026-07-09T09:50:00-04:00,29.1,29.35,29.030001,29.26,37886.0
2026-07-09T09:55:00-04:00,29.25,29.29,29.21,29.22,29638.0
2026-07-09T10:00:00-04:00,29.2,29.305,29.155,29.305,40578.0
2026-07-09T10:05:00-04:00,29.33,29.35,29.14,29.2157,28259.0
2026-07-09T10:10:00-04:00,29.2199,29.23,29.11,29.2,39563.0
2026-07-09T10:15:00-04:00,29.18,29.26,29.1,29.17,31280.0
2026-07-09T10:20:00-04:00,29.17,29.255,29.08,29.23,28808.0
2026-07-09T10:25:00-04:00,29.23,29.395,29.19,29.395,30504.0
2026-07-09T10:30:00-04:00,29.4,29.43,29.27,29.36,38449.0
2026-07-09T10:35:00-04:00,29.3324,29.405,29.31,29.39,18361.0
2026-07-09T10:40:00-04:00,29.43,29.47,29.35,29.37,24083.0
2026-07-09T10:45:00-04:00,29.37,29.41,29.235,29.235,33866.0
2026-07-09T10:50:00-04:00,29.1701,29.2,29.049999,29.084999,21946.0
2026-07-09T10:55:00-04:00,29.1,29.225,29.030001,29.225,15155.0
2026-07-09T11:00:00-04:00,29.235,29.25,29.17,29.21,16264.0
2026-07-09T11:05:00-04:00,29.22,29.29,29.11,29.1101,29270.0
2026-07-09T11:10:00-04:00,29.08,29.14,29.049999,29.1,18292.0
2026-07-09T11:15:00-04:00,29.09,29.125,29.09,29.09,12685.0
2026-07-09T11:20:00-04:00,29.08,29.21,29.030001,29.2,38686.0
2026-07-09T11:25:00-04:00,29.2,29.2,29.17,29.18,7869.0
2026-07-09T11:30:00-04:00,29.2,29.2,29.16,29.17,11918.0
2026-07-09T11:35:00-04:00,29.2,29.2,29.13,29.19,12100.0
2026-07-09T11:40:00-04:00,29.18,29.315,29.16,29.315,19114.0
2026-07-09T11:45:00-04:00,29.32,29.355,29.3,29.335,19743.0
2026-07-09T11:50:00-04:00,29.34,29.35,29.24,29.26,15720.0
2026-07-09T11:55:00-04:00,29.27,29.3,29.225,29.3,12179.0
2026-07-09T12:00:00-04:00,29.3,29.37,29.29,29.34,10457.0
2026-07-09T12:05:00-04:00,29.345,29.38,29.33,29.35,21758.0
2026-07-09T12:10:00-04:00,29.34,29.4001,29.34,29.37,20798.0
2026-07-09T12:15:00-04:00,29.37,29.4,29.31,29.31,17554.0
2026-07-09T12:20:00-04:00,29.31,29.33,29.29,29.29,9387.0
2026-07-09T12:25:00-04:00,29.29,29.29,29.22,29.26,10669.0
2026-07-09T12:30:00-04:00,29.27,29.31,29.2512,29.275,17480.0
2026-07-09T12:35:00-04:00,29.3,29.31,29.27,29.29,14792.0
2026-07-09T12:40:00-04:00,29.29,29.29,29.27,29.275,6697.0
2026-07-09T12:45:00-04:00,29.28,29.295,29.23,29.26,13477.0
2026-07-09T12:50:00-04:00,29.25,29.285,29.25,29.27,13721.0
2026-07-09T12:55:00-04:00,29.26,29.26,29.2,29.21,7023.0
2026-07-09T13:00:00-04:00,29.2,29.22,29.19,29.2,8962.0
2026-07-09T13:05:00-04:00,29.2,29.215,29.2,29.2,12225.0
2026-07-09T13:10:00-04:00,29.2,29.21,29.18,29.2,8852.0
2026-07-09T13:15:00-04:00,29.18,29.24,29.16,29.235,11294.0
2026-07-09T13:20:00-04:00,29.23,29.26,29.22,29.25,10577.0
2026-07-09T13:25:00-04:00,29.24,29.24,29.22,29.23,5707.0
2026-07-09T13:30:00-04:00,29.24,29.27,29.205,29.22,12078.0
2026-07-09T13:35:00-04:00,29.22,29.23,29.195,29.2,7630.0
2026-07-09T13:40:00-04:00,29.2,29.27,29.195,29.24,23927.0
2026-07-09T13:45:00-04:00,29.25,29.36,29.25,29.35,16752.0
2026-07-09T13:50:00-04:00,29.35,29.37,29.34,29.35,12148.0
2026-07-09T13:55:00-04:00,29.37,29.39,29.33,29.39,24498.0
2026-07-09T14:00:00-04:00,29.38,29.38,29.265,29.27,23814.0
2026-07-09T14:05:00-04:00,29.26,29.31,29.26,29.3,15398.0
2026-07-09T14:10:00-04:00,29.3,29.31,29.27,29.28,28977.0
2026-07-09T14:15:00-04:00,29.27,29.28,29.25,29.265,8582.0
2026-07-09T14:20:00-04:00,29.27,29.27,29.23,29.24,15906.0
2026-07-09T14:25:00-04:00,29.26,29.265,29.2305,29.235,13744.0
2026-07-09T14:30:00-04:00,29.23,29.26,29.18,29.26,18471.0
2026-07-09T14:35:00-04:00,29.25,29.26,29.2,29.205,9408.0
2026-07-09T14:40:00-04:00,29.22,29.3,29.215,29.27,15478.0
2026-07-09T14:45:00-04:00,29.27,29.29,29.25,29.29,12435.0
2026-07-09T14:50:00-04:00,29.295,29.3,29.25,29.25,18764.0
2026-07-09T14:55:00-04:00,29.24,29.25,29.22,29.24,10099.0
2026-07-09T15:00:00-04:00,29.245,29.245,29.18,29.21,13155.0
2026-07-09T15:05:00-04:00,29.2,29.23,29.135,29.14,61742.0
2026-07-09T15:10:00-04:00,29.14,29.165,29.13,29.165,28611.0
2026-07-09T15:15:00-04:00,29.165,29.185,29.145,29.17,18360.0
2026-07-09T15:20:00-04:00,29.17,29.19,29.13,29.14,21486.0
2026-07-09T15:25:00-04:00,29.13,29.14,29.12,29.13,8066.0
2026-07-09T15:30:00-04:00,29.13,29.13,29.055,29.08,32025.0
2026-07-09T15:35:00-04:00,29.049999,29.049999,28.975,29.0049992,35687.0
2026-07-09T15:40:00-04:00,29.01,29.02,28.975,28.995,25802.0
2026-07-09T15:45:00-04:00,29.0,29.07,29.0,29.07,40850.0
2026-07-09T15:50:00-04:00,29.08,29.09,28.99,29.08,52023.0
2026-07-09T15:55:00-04:00,29.075001,29.195,29.07,29.14,240576.0
2026-07-10T09:30:00-04:00,28.9,29.11,28.84,28.9,66816.0
2026-07-10T09:35:00-04:00,28.91,29.0,28.875,28.95,27849.0
2026-07-10T09:40:00-04:00,28.9,28.91,28.73,28.7301,31899.0
2026-07-10T09:45:00-04:00,28.715,28.97,28.7,28.97,30060.0
2026-07-10T09:50:00-04:00,28.98,29.0,28.79,28.82,25669.0
2026-07-10T09:55:00-04:00,28.815,28.815,28.7,28.72,27166.0
2026-07-10T10:00:00-04:00,28.72,28.76,28.64,28.73,44939.0
2026-07-10T10:05:00-04:00,28.72,28.79,28.67,28.78,21817.0
2026-07-10T10:10:00-04:00,28.745,28.7801,28.625,28.63,65219.0
2026-07-10T10:15:00-04:00,28.635,28.71,28.61,28.67,23494.0
2026-07-10T10:20:00-04:00,28.68,28.71,28.59,28.61,24848.0
2026-07-10T10:25:00-04:00,28.59,28.78,28.56,28.73,21667.0
2026-07-10T10:30:00-04:00,28.76,28.8143,28.18,28.51,125160.0
2026-07-10T10:35:00-04:00,28.525,28.63,28.48,28.6,34550.0
2026-07-10T10:40:00-04:00,28.59,28.59,28.47,28.53,25538.0
2026-07-10T10:45:00-04:00,28.53,28.71,28.525,28.71,27997.0
2026-07-10T10:50:00-04:00,28.695,28.72,28.565,28.57,16054.0
2026-07-10T10:55:00-04:00,28.54,28.54,28.43,28.45,17464.0
2026-07-10T11:00:00-04:00,28.455,28.6,28.44,28.53,33658.0
2026-07-10T11:05:00-04:00,28.53,28.56,28.47,28.47,26933.0
2026-07-10T11:10:00-04:00,28.47,28.52,28.45,28.49,19063.0
2026-07-10T11:15:00-04:00,28.5,28.575,28.5,28.53,24441.0
2026-07-10T11:20:00-04:00,28.56,28.69,28.56,28.685,15274.0
2026-07-10T11:25:00-04:00,28.685,28.71,28.645,28.65,16837.0
2026-07-10T11:30:00-04:00,28.66,28.66,28.62,28.64,11641.0
2026-07-10T11:35:00-04:00,28.64,28.64,28.51,28.52,11202.0
2026-07-10T11:40:00-04:00,28.52,28.6,28.495,28.6,18492.0
2026-07-10T11:45:00-04:00,28.62,28.76,28.62,28.76,23364.0
2026-07-10T11:50:00-04:00,28.76,28.88,28.75,28.87,21086.0
2026-07-10T11:55:00-04:00,28.89,28.8925,28.835,28.88,21823.0
2026-07-10T12:00:00-04:00,28.88,28.93,28.86,28.88,16735.0
2026-07-10T12:05:00-04:00,28.875,28.875,28.83,28.86,13364.0
2026-07-10T12:10:00-04:00,28.86,28.89,28.84,28.865,14352.0
2026-07-10T12:15:00-04:00,28.87,28.9,28.84,28.84,13759.0
2026-07-10T12:20:00-04:00,28.84,28.84,28.8,28.81,13722.0
2026-07-10T12:25:00-04:00,28.83,28.89,28.83,28.875,15485.0
2026-07-10T12:30:00-04:00,28.88,28.895,28.88,28.88,13706.0
2026-07-10T12:35:00-04:00,28.88,28.88,28.83,28.86,23596.0
2026-07-10T12:40:00-04:00,28.865,28.8899,28.855,28.855,14487.0
2026-07-10T12:45:00-04:00,28.85,28.85,28.815,28.825,9075.0
2026-07-10T12:50:00-04:00,28.83,28.845,28.77,28.77,10457.0
2026-07-10T12:55:00-04:00,28.775,28.78,28.75,28.76,9317.0
2026-07-10T13:00:00-04:00,28.76,28.77,28.72,28.725,12932.0
2026-07-10T13:05:00-04:00,28.69,28.71,28.675,28.695,11968.0
2026-07-10T13:10:00-04:00,28.69,28.715,28.69,28.71,11206.0
2026-07-10T13:15:00-04:00,28.705,28.76,28.69,28.7,26839.0
2026-07-10T13:20:00-04:00,28.71,28.765,28.71,28.74,10632.0
2026-07-10T13:25:00-04:00,28.69,28.71,28.68,28.69,12745.0
2026-07-10T13:30:00-04:00,28.695,28.73,28.69,28.73,8238.0
2026-07-10T13:35:00-04:00,28.72,28.735,28.71,28.715,9348.0
2026-07-10T13:40:00-04:00,28.72,28.79,28.72,28.77,17002.0
2026-07-10T13:45:00-04:00,28.765,28.79,28.75,28.76,7360.0
2026-07-10T13:50:00-04:00,28.77,28.83,28.77,28.8,11175.0
2026-07-10T13:55:00-04:00,28.79,28.79,28.72,28.72,15017.0
2026-07-10T14:00:00-04:00,28.73,28.76,28.695,28.76,11889.0
2026-07-10T14:05:00-04:00,28.765,28.78,28.755,28.78,14928.0
2026-07-10T14:10:00-04:00,28.785,28.805,28.75,28.76,13309.0
2026-07-10T14:15:00-04:00,28.75,28.75,28.695,28.745,13732.0
2026-07-10T14:20:00-04:00,28.7599,28.8,28.75,28.8,15281.0
2026-07-10T14:25:00-04:00,28.8,28.82,28.775,28.78,12695.0
2026-07-10T14:30:00-04:00,28.8,28.805,28.795,28.8,8813.0
2026-07-10T14:35:00-04:00,28.805,28.815,28.76,28.765,14519.0
2026-07-10T14:40:00-04:00,28.76,28.765,28.71,28.71,11562.0
2026-07-10T14:45:00-04:00,28.725,28.755,28.7,28.755,20423.0
2026-07-10T14:50:00-04:00,28.755,28.815,28.74,28.815,20579.0
2026-07-10T14:55:00-04:00,28.815,28.895,28.795,28.89,25457.0
2026-07-10T15:00:00-04:00,28.89,28.91,28.795,28.835,46219.0
2026-07-10T15:05:00-04:00,28.83,28.945,28.825,28.945,31716.0
2026-07-10T15:10:00-04:00,28.945,28.995,28.94,28.985,35779.0
2026-07-10T15:15:00-04:00,28.99,28.99,28.88,28.89,53658.0
2026-07-10T15:20:00-04:00,28.89,28.905,28.86,28.86,32254.0
2026-07-10T15:25:00-04:00,28.87,28.88,28.835,28.86,25117.0
2026-07-10T15:30:00-04:00,28.84,28.85,28.78,28.805,19923.0
2026-07-10T15:35:00-04:00,28.8083,28.8083,28.745,28.78,17343.0
2026-07-10T15:40:00-04:00,28.78,28.825,28.77,28.805,39757.0
2026-07-10T15:45:00-04:00,28.805,28.845,28.685,28.725,200778.0
2026-07-10T15:50:00-04:00,28.72,28.725,28.545,28.575,76640.0
2026-07-10T15:55:00-04:00,28.57,28.59,28.41,28.59,275072.0
2026-07-13T09:30:00-04:00,28.07,28.545,27.97,28.34,67913.0
2026-07-13T09:35:00-04:00,28.36,28.4589,28.075001,28.075001,32393.0
2026-07-13T09:40:00-04:00,28.07,28.165,27.99,28.084999,49665.0
2026-07-13T09:45:00-04:00,28.059999,28.31,28.059999,28.195,24505.0
2026-07-13T09:50:00-04:00,28.215,28.22,28.09,28.18,19569.0
2026-07-13T09:55:00-04:00,28.18,28.19,28.040001,28.040001,28776.0
2026-07-13T10:00:00-04:00,28.0049992,28.030001,27.91,27.96,21671.0
2026-07-13T10:05:00-04:00,27.92,27.96,27.83,27.92,40074.0
2026-07-13T10:10:00-04:00,27.91,28.059999,27.85,27.96,32117.0
2026-07-13T10:15:00-04:00,27.98,28.049999,27.7,27.96,78117.0
2026-07-13T10:20:00-04:00,27.965,28.040001,27.88,28.040001,26784.0
2026-07-13T10:25:00-04:00,28.040001,28.17,28.0,28.059999,20319.0
2026-07-13T10:30:00-04:00,28.09,28.09,28.0,28.09,21332.0
2026-07-13T10:35:00-04:00,28.09,28.12,28.01,28.059999,18984.0
2026-07-13T10:40:00-04:00,28.059999,28.059999,27.925,28.025,21739.0
2026-07-13T10:45:00-04:00,28.030001,28.185,27.995,28.165,15226.0
2026-07-13T10:50:00-04:00,28.18,28.18,28.055,28.059999,11996.0
2026-07-13T10:55:00-04:00,28.059999,28.11,28.01,28.11,12303.0
2026-07-13T11:00:00-04:00,28.15,28.16,28.01,28.012501,13265.0
2026-07-13T11:05:00-04:00,28.02,28.045,27.98,27.98,9012.0
2026-07-13T11:10:00-04:00,27.97,28.025,27.97,27.98,14773.0
2026-07-13T11:15:00-04:00,27.97,28.055,27.945,28.055,19895.0
2026-07-13T11:20:00-04:00,28.065001,28.24,28.065001,28.24,29387.0
2026-07-13T11:25:00-04:00,28.23,28.23,28.16,28.19,13612.0
2026-07-13T11:30:00-04:00,28.19,28.23,28.17,28.19,15840.0
2026-07-13T11:35:00-04:00,28.175,28.18,28.1,28.1,17740.0
2026-07-13T11:40:00-04:00,28.1,28.1,28.059999,28.08,13354.0
2026-07-13T11:45:00-04:00,28.1,28.105,28.049999,28.084999,12939.0
2026-07-13T11:50:00-04:00,28.08,28.08,27.97,28.02,29139.0
2026-07-13T11:55:00-04:00,28.0,28.02,27.97,27.97,9113.0
2026-07-13T12:00:00-04:00,27.98,28.0,27.955,27.97,13255.0
2026-07-13T12:05:00-04:00,27.96,27.975,27.95,27.965,9613.0
2026-07-13T12:10:00-04:00,27.99,28.0,27.975,27.975,8447.0
2026-07-13T12:15:00-04:00,27.96,27.96,27.905,27.94,8234.0
2026-07-13T12:20:00-04:00,27.94,27.94,27.9189,27.93,7879.0
2026-07-13T12:25:00-04:00,27.92,27.92,27.85,27.9,18479.0
2026-07-13T12:30:00-04:00,27.9,27.9,27.73,27.73,15791.0
2026-07-13T12:35:00-04:00,27.72,27.74,27.55,27.73,44291.0
2026-07-13T12:40:00-04:00,27.74,27.74,27.685,27.69,20525.0
2026-07-13T12:45:00-04:00,27.73,27.77,27.68,27.75,46280.0
2026-07-13T12:50:00-04:00,27.72,27.7572,27.67,27.735,19688.0
2026-07-13T12:55:00-04:00,27.705,27.76,27.675,27.76,13287.0
2026-07-13T13:00:00-04:00,27.755,27.83,27.755,27.76,11744.0
2026-07-13T13:05:00-04:00,27.75,27.8,27.72,27.8,21271.0
2026-07-13T13:10:00-04:00,27.83,27.83,27.76,27.78,17807.0
2026-07-13T13:15:00-04:00,27.785,27.785,27.745,27.75,9415.0
2026-07-13T13:20:00-04:00,27.74,27.76,27.725,27.74,8795.0
2026-07-13T13:25:00-04:00,27.73,27.7399,27.71,27.715,10656.0
2026-07-13T13:30:00-04:00,27.72,27.765,27.7,27.765,10887.0
2026-07-13T13:35:00-04:00,27.77,27.79,27.74,27.76,9546.0
2026-07-13T13:40:00-04:00,27.75,27.8,27.7,27.77,20532.0
2026-07-13T13:45:00-04:00,27.77,27.78,27.6201,27.63,17636.0
2026-07-13T13:50:00-04:00,27.64,27.645,27.6,27.61,19261.0
2026-07-13T13:55:00-04:00,27.61,27.625,27.56,27.56,27337.0
2026-07-13T14:00:00-04:00,27.57,27.61,27.53,27.53,20267.0
2026-07-13T14:05:00-04:00,27.54,27.6,27.54,27.54,13241.0
2026-07-13T14:10:00-04:00,27.52,27.53,27.475,27.5,25617.0
2026-07-13T14:15:00-04:00,27.49,27.5088,27.393,27.395,18201.0
2026-07-13T14:20:00-04:00,27.38,27.41,27.38,27.39,7902.0
2026-07-13T14:25:00-04:00,27.42,27.43,27.4,27.41,18393.0
2026-07-13T14:30:00-04:00,27.39,27.45,27.39,27.41,14938.0
2026-07-13T14:35:00-04:00,27.41,27.47,27.41,27.44,8546.0
2026-07-13T14:40:00-04:00,27.44,27.47,27.43,27.46,7615.0
2026-07-13T14:45:00-04:00,27.4759,27.56,27.465,27.55,19897.0
2026-07-13T14:50:00-04:00,27.55,27.62,27.545,27.575,53308.0
2026-07-13T14:55:00-04:00,27.57,27.6,27.52,27.54,14125.0
2026-07-13T15:00:00-04:00,27.54,27.54,27.48,27.53,22520.0
2026-07-13T15:05:00-04:00,27.53,27.5339,27.4601,27.4601,10761.0
2026-07-13T15:10:00-04:00,27.46,27.4918,27.43,27.48,13600.0
2026-07-13T15:15:00-04:00,27.47,27.505,27.47,27.5001,11054.0
2026-07-13T15:20:00-04:00,27.5,27.5,27.44,27.49,26413.0
2026-07-13T15:25:00-04:00,27.495,27.5,27.48,27.49,19936.0
2026-07-13T15:30:00-04:00,27.49,27.575,27.49,27.54,57980.0
2026-07-13T15:35:00-04:00,27.54,27.59,27.49,27.59,21343.0
2026-07-13T15:40:00-04:00,27.605,27.64,27.575,27.64,51991.0
2026-07-13T15:45:00-04:00,27.63,27.645,27.59,27.635,34917.0
2026-07-13T15:50:00-04:00,27.63,27.7683,27.62,27.7555,66658.0
2026-07-13T15:55:00-04:00,27.75,27.915,27.75,27.89,243145.0
2026-07-14T09:30:00-04:00,29.0,29.285,28.995,29.14,146380.0
2026-07-14T09:35:00-04:00,29.15,29.24,29.01,29.24,75712.0
2026-07-14T09:40:00-04:00,29.225,29.26,29.11,29.115,77312.0
2026-07-14T09:45:00-04:00,29.11,29.11,28.94,29.035,84971.0
2026-07-14T09:50:00-04:00,29.049999,29.12,28.92,28.97,46782.0
2026-07-14T09:55:00-04:00,28.9686,29.025,28.88,28.89,24182.0
2026-07-14T10:00:00-04:00,28.85,29.02,28.8,28.8728,56951.0
2026-07-14T10:05:00-04:00,28.84,29.0,28.84,28.935,32182.0
2026-07-14T10:10:00-04:00,28.94,28.96,28.849,28.89,35282.0
2026-07-14T10:15:00-04:00,28.89,28.89,28.78,28.83,33042.0
2026-07-14T10:20:00-04:00,28.85,29.01,28.77,28.8,30610.0
2026-07-14T10:25:00-04:00,28.805,28.85,28.665,28.72,24509.0
2026-07-14T10:30:00-04:00,28.71,28.87,28.62,28.72,102665.0
2026-07-14T10:35:00-04:00,28.71,28.71,28.53,28.6,27144.0
2026-07-14T10:40:00-04:00,28.615,28.63,28.48,28.49,25466.0
2026-07-14T10:45:00-04:00,28.48,28.55,28.45,28.49,22136.0
2026-07-14T10:50:00-04:00,28.47,28.55,28.45,28.55,21873.0
2026-07-14T10:55:00-04:00,28.545,28.57,28.51,28.5297,17948.0
2026-07-14T11:00:00-04:00,28.53,28.665,28.48,28.6,66325.0
2026-07-14T11:05:00-04:00,28.54,28.59,28.53,28.58,29179.0
2026-07-14T11:10:00-04:00,28.58,28.58,28.4034,28.4034,26142.0
2026-07-14T11:15:00-04:00,28.4,28.42,28.32,28.33,21447.0
2026-07-14T11:20:00-04:00,28.31,28.36,28.3,28.32,20323.0
2026-07-14T11:25:00-04:00,28.325,28.3592,28.295,28.34,21975.0
2026-07-14T11:30:00-04:00,28.345,28.35,28.19,28.19,21499.0
2026-07-14T11:35:00-04:00,28.14,28.23,28.14,28.15,59578.0
2026-07-14T11:40:00-04:00,28.13,28.17,28.09,28.1609,23397.0
2026-07-14T11:45:00-04:00,28.18,28.2301,28.18,28.195,19975.0
2026-07-14T11:50:00-04:00,28.185,28.185,28.07,28.072001,15304.0
2026-07-14T11:55:00-04:00,28.07,28.135,28.059999,28.12,20320.0
2026-07-14T12:00:00-04:00,28.13,28.135,28.07,28.09,18773.0
2026-07-14T12:05:00-04:00,28.09,28.11,28.01,28.01,45923.0
2026-07-14T12:10:00-04:00,28.030001,28.030001,27.965,27.99,28497.0
2026-07-14T12:15:00-04:00,27.98,28.040001,27.95,28.040001,29358.0
2026-07-14T12:20:00-04:00,28.045,28.059999,28.0,28.030001,19971.0
2026-07-14T12:25:00-04:00,28.040001,28.07,28.02,28.045,32027.0
2026-07-14T12:30:00-04:00,28.045,28.08,28.040001,28.055,18288.0
2026-07-14T12:35:00-04:00,28.055,28.08,28.02,28.030001,22346.0
2026-07-14T12:40:00-04:00,28.029301,28.1,28.01,28.055,20517.0
2026-07-14T12:45:00-04:00,28.059999,28.07,27.96,27.99,13002.0
2026-07-14T12:50:00-04:00,27.99,28.01,27.96,28.0,14593.0
2026-07-14T12:55:00-04:00,27.99,27.995,27.97,27.975,10291.0
2026-07-14T13:00:00-04:00,27.98,28.0,27.96,27.96,13245.0
2026-07-14T13:05:00-04:00,27.96,27.96,27.895,27.94,12665.0
2026-07-14T13:10:00-04:00,27.95,27.975,27.92,27.92,16716.0
2026-07-14T13:15:00-04:00,27.9,27.92,27.87,27.89,50716.0
2026-07-14T13:20:00-04:00,27.9,27.96,27.9,27.95,10642.0
2026-07-14T13:25:00-04:00,27.945,27.99,27.945,27.98,13754.0
2026-07-14T13:30:00-04:00,27.99,28.01,27.98,27.99,10414.0
2026-07-14T13:35:00-04:00,27.99,28.040001,27.99,28.025,14006.0
2026-07-14T13:40:00-04:00,28.02,28.049999,28.02,28.0497,11966.0
2026-07-14T13:45:00-04:00,28.045,28.09,28.030199,28.08,12882.0
2026-07-14T13:50:00-04:00,28.076599,28.125,28.076599,28.12,13413.0
2026-07-14T13:55:00-04:00,28.125,28.14,28.094999,28.12,16864.0
2026-07-14T14:00:00-04:00,28.11,28.11,28.075001,28.08,20219.0
2026-07-14T14:05:00-04:00,28.084999,28.1,28.08,28.094999,9916.0
2026-07-14T14:10:00-04:00,28.1,28.11,28.07,28.09,22533.0
2026-07-14T14:15:00-04:00,28.084999,28.12,28.084999,28.115,15429.0
2026-07-14T14:20:00-04:00,28.11,28.11,28.030001,28.030001,10661.0
2026-07-14T14:25:00-04:00,28.035,28.065001,28.035,28.065001,10551.0
2026-07-14T14:30:00-04:00,28.065001,28.07,28.030001,28.07,21253.0
2026-07-14T14:35:00-04:00,28.07,28.084999,28.02,28.038601,24195.0
2026-07-14T14:40:00-04:00,28.035,28.035,27.925,27.96,41220.0
2026-07-14T14:45:00-04:00,27.96,27.98,27.94,27.955,17561.0
2026-07-14T14:50:00-04:00,27.95,28.030001,27.94,28.030001,41699.0
2026-07-14T14:55:00-04:00,28.030001,28.035,27.99,28.025,19108.0
2026-07-14T15:00:00-04:00,28.025,28.035,27.965,27.98,26074.0
2026-07-14T15:05:00-04:00,27.955,27.975,27.925,27.97,32696.0
2026-07-14T15:10:00-04:00,27.96,28.01,27.955,27.975,21894.0
2026-07-14T15:15:00-04:00,27.98,27.985,27.865,27.865,31024.0
2026-07-14T15:20:00-04:00,27.86,27.86,27.75,27.77,37302.0
2026-07-14T15:25:00-04:00,27.775,27.86,27.75,27.855,46818.0
2026-07-14T15:30:00-04:00,27.84,27.86,27.8,27.845,60555.0
2026-07-14T15:35:00-04:00,27.845,27.865,27.83,27.85,34756.0
2026-07-14T15:40:00-04:00,27.845,27.845,27.79,27.81,34508.0
2026-07-14T15:45:00-04:00,27.82,27.895,27.82,27.88,51846.0
2026-07-14T15:50:00-04:00,27.87,27.87,27.775,27.84,112237.0
2026-07-14T15:55:00-04:00,27.84,27.87,27.775,27.825,273380.0
2026-07-15T09:30:00-04:00,27.9,28.09,27.76,27.87,102757.0
2026-07-15T09:35:00-04:00,27.88,27.95,27.7,27.7,42718.0
2026-07-15T09:40:00-04:00,27.59,27.61,27.42,27.49,20858.0
2026-07-15T09:45:00-04:00,27.45,27.5,27.33,27.375,36920.0
2026-07-15T09:50:00-04:00,27.39,27.455,27.285,27.37,38644.0
2026-07-15T09:55:00-04:00,27.38,27.56,27.31,27.46,61244.0
2026-07-15T10:00:00-04:00,27.51,27.57,27.415,27.55,26278.0
2026-07-15T10:05:00-04:00,27.555,27.59,27.46,27.52,43743.0
2026-07-15T10:10:00-04:00,27.52,27.52,27.37,27.38,29454.0
2026-07-15T10:15:00-04:00,27.38,27.49,27.27,27.37,39509.0
2026-07-15T10:20:00-04:00,27.355,27.36,27.16,27.18,68406.0
2026-07-15T10:25:00-04:00,27.165,27.37,27.165,27.33,48952.0
2026-07-15T10:30:00-04:00,27.3299,27.381,27.205,27.36,28152.0
2026-07-15T10:35:00-04:00,27.33,27.35,27.115,27.14,42058.0
2026-07-15T10:40:00-04:00,27.14,27.14,27.0,27.080999,35968.0
2026-07-15T10:45:00-04:00,27.08,27.115,26.96,27.115,49357.0
2026-07-15T10:50:00-04:00,27.1,27.115,26.995,26.995,23882.0
2026-07-15T10:55:00-04:00,27.0,27.1,26.945,27.0,35686.0
2026-07-15T11:00:00-04:00,27.01,27.02,26.9,26.925,65757.0
2026-07-15T11:05:00-04:00,26.925,26.97,26.88,26.93,53250.0
2026-07-15T11:10:00-04:00,26.92,26.95,26.68,26.69,109721.0
2026-07-15T11:15:00-04:00,26.68,26.7239,26.585,26.64,54725.0
2026-07-15T11:20:00-04:00,26.64,26.64,26.45,26.56,66587.0
2026-07-15T11:25:00-04:00,26.5699,26.69,26.525,26.67,62712.0
2026-07-15T11:30:00-04:00,26.665,26.714,26.5455,26.7,46431.0
2026-07-15T11:35:00-04:00,26.69,26.69,26.62,26.65,24237.0
2026-07-15T11:40:00-04:00,26.65,26.66,26.6,26.6,32056.0
2026-07-15T11:45:00-04:00,26.59,26.65,26.55,26.65,30690.0
2026-07-15T11:50:00-04:00,26.64,26.73,26.62,26.73,25292.0
2026-07-15T11:55:00-04:00,26.73,26.77,26.6187,26.745,29423.0
2026-07-15T12:00:00-04:00,26.76,26.78,26.62,26.66,35044.0
2026-07-15T12:05:00-04:00,26.65,26.67,26.5928,26.67,16889.0
2026-07-15T12:10:00-04:00,26.68,26.68,26.58,26.585,28310.0
2026-07-15T12:15:00-04:00,26.59,26.64,26.57,26.57,21250.0
2026-07-15T12:20:00-04:00,26.565,26.585,26.47,26.48,30646.0
2026-07-15T12:25:00-04:00,26.49,26.53,26.49,26.53,21417.0
2026-07-15T12:30:00-04:00,26.54,26.595,26.46,26.46,13581.0
2026-07-15T12:35:00-04:00,26.455,26.49,26.43,26.47,15717.0
2026-07-15T12:40:00-04:00,26.46,26.565,26.45,26.565,18285.0
2026-07-15T12:45:00-04:00,26.56,26.71,26.54,26.65,49972.0
2026-07-15T12:50:00-04:00,26.64,26.75,26.64,26.68,14585.0
2026-07-15T12:55:00-04:00,26.71,26.755,26.665,26.75,14895.0
2026-07-15T13:00:00-04:00,26.755,26.88,26.755,26.84,17019.0
2026-07-15T13:05:00-04:00,26.83,26.94,26.83,26.93,10971.0
2026-07-15T13:10:00-04:00,26.91,26.94,26.77,26.78,27107.0
2026-07-15T13:15:00-04:00,26.77,26.84,26.77,26.825,13213.0
2026-07-15T13:20:00-04:00,26.8398,26.8501,26.8,26.85,14718.0
2026-07-15T13:25:00-04:00,26.85,27.01,26.845,27.01,14288.0
2026-07-15T13:30:00-04:00,27.01,27.2,27.0,27.2,29857.0
2026-07-15T13:35:00-04:00,27.2,27.23,27.14,27.185,20216.0
2026-07-15T13:40:00-04:00,27.175,27.215,27.15,27.21,16027.0
2026-07-15T13:45:00-04:00,27.22,27.27,27.17,27.27,26001.0
2026-07-15T13:50:00-04:00,27.26,27.27,27.225,27.27,12132.0
2026-07-15T13:55:00-04:00,27.27,27.33,27.27,27.31,12117.0
2026-07-15T14:00:00-04:00,27.3,27.4,27.3,27.38,17558.0
2026-07-15T14:05:00-04:00,27.34,27.38,27.31,27.355,15932.0
2026-07-15T14:10:00-04:00,27.35,27.41,27.35,27.41,12304.0
2026-07-15T14:15:00-04:00,27.41,27.46,27.37,27.395,23333.0
2026-07-15T14:20:00-04:00,27.41,27.45,27.39,27.445,18450.0
2026-07-15T14:25:00-04:00,27.46,27.54,27.46,27.54,13533.0
2026-07-15T14:30:00-04:00,27.545,27.605,27.51,27.51,18348.0
2026-07-15T14:35:00-04:00,27.5,27.5,27.43,27.43,12694.0
2026-07-15T14:40:00-04:00,27.43,27.45,27.36,27.36,19229.0
2026-07-15T14:45:00-04:00,27.37,27.37,27.25,27.29,58443.0
2026-07-15T14:50:00-04:00,27.28,27.295,27.175,27.18,41245.0
2026-07-15T14:55:00-04:00,27.19,27.22,27.15,27.17,45459.0
2026-07-15T15:00:00-04:00,27.15,27.155,27.105,27.11,38254.0
2026-07-15T15:05:00-04:00,27.12,27.18,27.07,27.18,22169.0
2026-07-15T15:10:00-04:00,27.185,27.24,27.185,27.22,37116.0
2026-07-15T15:15:00-04:00,27.215,27.23,27.155,27.155,44305.0
2026-07-15T15:20:00-04:00,27.14,27.14,27.059999,27.105,34035.0
2026-07-15T15:25:00-04:00,27.125,27.15,27.07,27.13,35212.0
2026-07-15T15:30:00-04:00,27.135,27.155,27.059999,27.059999,33448.0
2026-07-15T15:35:00-04:00,27.059999,27.17,27.049999,27.17,36142.0
2026-07-15T15:40:00-04:00,27.18,27.21,27.17,27.195,39932.0
2026-07-15T15:45:00-04:00,27.1772,27.195,27.09,27.11,37086.0
2026-07-15T15:50:00-04:00,27.1,27.26,27.09,27.26,53647.0
2026-07-15T15:55:00-04:00,27.26,27.315,27.22,27.25,205224.0
2026-07-16T09:30:00-04:00,26.47,26.7,26.389,26.49,59418.0
2026-07-16T09:35:00-04:00,26.48,26.525,26.3134,26.33,28586.0
2026-07-16T09:40:00-04:00,26.345,26.47,26.2801,26.32,27743.0
2026-07-16T09:45:00-04:00,26.355,26.5534,26.33,26.451,31149.0
2026-07-16T09:50:00-04:00,26.5,26.615,26.47,26.47,54492.0
2026-07-16T09:55:00-04:00,26.46,26.52,26.39,26.42,39039.0
2026-07-16T10:00:00-04:00,26.395,26.49,26.39,26.43,24367.0
2026-07-16T10:05:00-04:00,26.435,26.495,26.37,26.47,25015.0
2026-07-16T10:10:00-04:00,26.4525,26.4525,26.2601,26.2602,18274.0
2026-07-16T10:15:00-04:00,26.275,26.38,26.235,26.3315,28650.0
2026-07-16T10:20:00-04:00,26.34,26.355,26.165,26.1899,35037.0
2026-07-16T10:25:00-04:00,26.17,26.25,26.105,26.22,37377.0
2026-07-16T10:30:00-04:00,26.22,26.22,26.09,26.13,21248.0
2026-07-16T10:35:00-04:00,26.12,26.13,26.030001,26.030001,22134.0
2026-07-16T10:40:00-04:00,26.035,26.205,26.035,26.19,33857.0
2026-07-16T10:45:00-04:00,26.17,26.2,26.040001,26.040001,24354.0
2026-07-16T10:50:00-04:00,26.075001,26.08,25.94,25.99,49601.0
2026-07-16T10:55:00-04:00,25.98,26.075001,25.93,26.059999,27445.0
2026-07-16T11:00:00-04:00,26.059999,26.07,25.95,25.96,18074.0
2026-07-16T11:05:00-04:00,25.95,26.02,25.905,26.02,26625.0
2026-07-16T11:10:00-04:00,26.0091,26.0091,25.86,25.91,34273.0
2026-07-16T11:15:00-04:00,25.92,25.94,25.83,25.885,15772.0
2026-07-16T11:20:00-04:00,25.8803,25.97,25.8499,25.97,30949.0
2026-07-16T11:25:00-04:00,25.97,26.13,25.97,26.07,43568.0
2026-07-16T11:30:00-04:00,26.059999,26.18,26.02,26.17,21814.0
2026-07-16T11:35:00-04:00,26.16,26.205,26.11,26.205,32221.0
2026-07-16T11:40:00-04:00,26.18,26.195,26.08,26.08,28599.0
2026-07-16T11:45:00-04:00,26.07,26.07,26.0,26.040001,23467.0
2026-07-16T11:50:00-04:00,26.035,26.07,26.02,26.030001,25817.0
2026-07-16T11:55:00-04:00,26.030001,26.045,25.97,25.99,19271.0
2026-07-16T12:00:00-04:00,25.9899,25.995,25.915,25.915,20175.0
2026-07-16T12:05:00-04:00,25.91,25.95,25.89,25.95,28125.0
2026-07-16T12:10:00-04:00,25.94,25.975,25.91,25.955,43757.0
2026-07-16T12:15:00-04:00,25.95,25.98,25.93,25.975,29333.0
2026-07-16T12:20:00-04:00,25.97,25.975,25.8,25.82,31626.0
2026-07-16T12:25:00-04:00,25.82,27.25,25.78,25.7978,32287.0
2026-07-16T12:30:00-04:00,25.825,25.92,25.825,25.895,22487.0
2026-07-16T12:35:00-04:00,25.89,25.91,25.85,25.89,23704.0
2026-07-16T12:40:00-04:00,25.87,25.915,25.87,25.89,20665.0
2026-07-16T12:45:00-04:00,25.81,25.83,25.78,25.8051,37335.0
2026-07-16T12:50:00-04:00,25.8,25.88,25.79,25.87,18580.0
2026-07-16T12:55:00-04:00,25.93,25.93,25.905,25.905,17995.0
2026-07-16T13:00:00-04:00,25.89,25.925,25.875,25.92,21686.0
2026-07-16T13:05:00-04:00,25.91,25.91,25.83,25.86,14539.0
2026-07-16T13:10:00-04:00,25.87,25.89,25.84,25.84,17996.0
2026-07-16T13:15:00-04:00,25.84,25.86,25.81,25.83,21968.0
2026-07-16T13:20:00-04:00,25.84,25.87,25.82,25.845,17437.0
2026-07-16T13:25:00-04:00,25.84,25.9,25.825,25.9,28509.0
2026-07-16T13:30:00-04:00,25.905,25.905,25.84,25.85,16239.0
2026-07-16T13:35:00-04:00,25.835,25.88,25.79,25.79,27611.0
2026-07-16T13:40:00-04:00,25.79,25.79,25.71,25.735,28901.0
2026-07-16T13:45:00-04:00,25.72,25.765,25.68,25.765,22388.0
2026-07-16T13:50:00-04:00,25.76,25.79,25.745,25.785,21063.0
2026-07-16T13:55:00-04:00,25.78,25.78,25.72,25.77,22845.0
2026-07-16T14:00:00-04:00,25.77,25.79,25.75,25.785,44010.0
2026-07-16T14:05:00-04:00,25.785,25.82,25.77,25.795,28667.0
2026-07-16T14:10:00-04:00,25.795,25.82,25.68,25.72,87334.0
2026-07-16T14:15:00-04:00,25.715,25.8299,25.71,25.815,27490.0
2026-07-16T14:20:00-04:00,25.815,25.86,25.805,25.83,23388.0
2026-07-16T14:25:00-04:00,25.835,25.835,25.785,25.795,24402.0
2026-07-16T14:30:00-04:00,25.795,25.8,25.75,25.76,31099.0
2026-07-16T14:35:00-04:00,25.75,25.75,25.71,25.74,25086.0
2026-07-16T14:40:00-04:00,25.73,25.8,25.72,25.78,16513.0
2026-07-16T14:45:00-04:00,25.785,25.83,25.785,25.815,32475.0
2026-07-16T14:50:00-04:00,25.82,25.83,25.77,25.78,29576.0
2026-07-16T14:55:00-04:00,25.77,25.775,25.755,25.76,21000.0
2026-07-16T15:00:00-04:00,25.76,25.835,25.745,25.815,39889.0
2026-07-16T15:05:00-04:00,25.825,25.9,25.77,25.795,60799.0
2026-07-16T15:10:00-04:00,25.79,25.825,25.775,25.825,37407.0
2026-07-16T15:15:00-04:00,25.825,25.825,25.78,25.81,31677.0
2026-07-16T15:20:00-04:00,25.805,25.855,25.805,25.845,26392.0
2026-07-16T15:25:00-04:00,25.85,25.885,25.84,25.875,30542.0
2026-07-16T15:30:00-04:00,25.8701,25.88,25.76,25.765,42631.0
2026-07-16T15:35:00-04:00,25.76,25.76,25.67,25.725,44637.0
2026-07-16T15:40:00-04:00,25.72,25.755,25.695,25.695,36581.0
2026-07-16T15:45:00-04:00,25.695,25.72,25.67,25.72,53398.0
2026-07-16T15:50:00-04:00,25.725,25.905,25.7,25.895,56370.0
2026-07-16T15:55:00-04:00,25.89,25.93,25.825,25.91,172592.0
2026-07-17T09:30:00-04:00,25.402,25.41,25.08,25.09,161788.0
2026-07-17T09:35:00-04:00,25.12,25.17,25.01,25.105,66661.0
2026-07-17T09:40:00-04:00,25.115,25.3,25.09,25.17,63307.0
2026-07-17T09:45:00-04:00,25.16,25.38,25.115,25.38,52842.0
2026-07-17T09:50:00-04:00,25.35,25.56,25.34,25.44,83861.0
2026-07-17T09:55:00-04:00,25.42,25.505,25.33,25.33,40718.0
2026-07-17T10:00:00-04:00,25.37,25.62,25.29,25.51,60869.0
2026-07-17T10:05:00-04:00,25.5,25.645,25.5,25.61,44078.0
2026-07-17T10:10:00-04:00,25.595,25.685,25.53,25.545,39350.0
2026-07-17T10:15:00-04:00,25.55,25.75,25.55,25.61,24874.0
2026-07-17T10:20:00-04:00,25.61,25.765,25.525,25.6,40531.0
2026-07-17T10:25:00-04:00,25.61,25.625,25.51,25.53,23591.0
2026-07-17T10:30:00-04:00,25.53,25.53,25.35,25.43,32300.0
2026-07-17T10:35:00-04:00,25.44,25.62,25.44,25.615,37959.0
2026-07-17T10:40:00-04:00,25.615,25.63,25.43,25.46,53206.0
2026-07-17T10:45:00-04:00,25.46,25.52,25.41,25.475,27148.0
2026-07-17T10:50:00-04:00,25.47,25.53,25.435,25.445,33072.0
2026-07-17T10:55:00-04:00,25.44,25.49,25.41,25.455,20814.0
2026-07-17T11:00:00-04:00,25.47,25.52,25.45,25.52,37409.0
2026-07-17T11:05:00-04:00,25.525,25.67,25.455,25.65,36710.0
2026-07-17T11:10:00-04:00,25.66,25.725,25.54,25.6,37405.0
2026-07-17T11:15:00-04:00,25.58,25.635,25.56,25.63,35392.0
2026-07-17T11:20:00-04:00,25.63,25.64,25.56,25.585,22526.0
2026-07-17T11:25:00-04:00,25.59,25.73,25.59,25.715,18228.0
2026-07-17T11:30:00-04:00,25.69,25.71,25.595,25.645,32530.0
2026-07-17T11:35:00-04:00,25.64,25.75,25.63,25.74,36925.0
2026-07-17T11:40:00-04:00,25.75,25.77,25.645,25.705,26101.0
2026-07-17T11:45:00-04:00,25.71,25.805,25.7086,25.785,23171.0
2026-07-17T11:50:00-04:00,25.79,25.899,25.79,25.899,29047.0
2026-07-17T11:55:00-04:00,25.8984,25.94,25.8912,25.935,37482.0
2026-07-17T12:00:00-04:00,25.94,25.97,25.81,25.93,56514.0
2026-07-17T12:05:00-04:00,25.91,26.049999,25.895,26.045,34701.0
2026-07-17T12:10:00-04:00,26.045,26.065001,25.97,25.985,34549.0
2026-07-17T12:15:00-04:00,25.975,26.02,25.965,25.995,25502.0
2026-07-17T12:20:00-04:00,26.0,26.0049992,25.91,25.91,77185.0
2026-07-17T12:25:00-04:00,25.915,25.965,25.91,25.91,53102.0
2026-07-17T12:30:00-04:00,25.895,25.965,25.895,25.935,26912.0
2026-07-17T12:35:00-04:00,25.935,25.955,25.885,25.905,25107.0
2026-07-17T12:40:00-04:00,25.9,25.925,25.88,25.915,29534.0
2026-07-17T12:45:00-04:00,25.92,26.014999,25.915,26.014999,22097.0
2026-07-17T12:50:00-04:00,26.02,26.084999,25.86,25.865,71113.0
2026-07-17T12:55:00-04:00,25.87,25.905,25.84,25.9,44219.0
2026-07-17T13:00:00-04:00,25.91,25.965,25.87,25.895,26516.0
2026-07-17T13:05:00-04:00,25.89,25.965,25.89,25.935,21277.0
2026-07-17T13:10:00-04:00,25.94,25.94,25.825,25.835,52936.0
2026-07-17T13:15:00-04:00,25.835,25.885,25.83,25.87,27814.0
2026-07-17T13:20:00-04:00,25.865,25.945,25.865,25.895,54662.0
2026-07-17T13:25:00-04:00,25.895,25.945,25.89,25.905,29462.0
2026-07-17T13:30:00-04:00,25.905,25.955,25.855,25.87,39306.0
2026-07-17T13:35:00-04:00,25.87,25.925,25.865,25.905,54139.0
2026-07-17T13:40:00-04:00,25.905,25.905,25.81,25.865,39409.0
2026-07-17T13:45:00-04:00,25.865,25.945,25.865,25.945,27918.0
2026-07-17T13:50:00-04:00,25.945,25.945,25.85,25.875,31370.0
2026-07-17T13:55:00-04:00,25.875,25.875,25.81,25.845,24542.0
2026-07-17T14:00:00-04:00,25.845,25.855,25.775,25.78,50735.0
2026-07-17T14:05:00-04:00,25.78,25.8,25.745,25.78,37454.0
2026-07-17T14:10:00-04:00,25.78,25.78,25.695,25.695,39211.0
2026-07-17T14:15:00-04:00,25.695,25.705,25.63,25.65,31119.0
2026-07-17T14:20:00-04:00,25.66,25.675,25.62,25.635,37227.0
2026-07-17T14:25:00-04:00,25.635,25.685,25.62,25.685,25052.0
2026-07-17T14:30:00-04:00,25.69,25.735,25.65,25.675,32636.0
2026-07-17T14:35:00-04:00,25.675,25.715,25.655,25.675,33835.0
2026-07-17T14:40:00-04:00,25.675,25.675,25.605,25.605,26401.0
2026-07-17T14:45:00-04:00,25.6,25.61,25.545,25.545,75691.0
2026-07-17T14:50:00-04:00,25.55,25.665,25.55,25.665,38418.0
2026-07-17T14:55:00-04:00,25.68,25.68,25.605,25.64,22110.0
2026-07-17T15:00:00-04:00,25.63,25.63,25.565,25.565,31009.0
2026-07-17T15:05:00-04:00,25.565,25.565,25.5,25.515,38164.0
2026-07-17T15:10:00-04:00,25.515,25.525,25.5,25.505,28871.0
2026-07-17T15:15:00-04:00,25.5,25.515,25.46,25.475,37796.0
2026-07-17T15:20:00-04:00,25.465,25.475,25.445,25.455,39886.0
2026-07-17T15:25:00-04:00,25.45,25.545,25.445,25.53,43216.0
2026-07-17T15:30:00-04:00,25.535,25.58,25.535,25.555,40856.0
2026-07-17T15:35:00-04:00,25.555,25.64,25.535,25.57,44138.0
2026-07-17T15:40:00-04:00,25.565,25.635,25.55,25.605,55514.0
2026-07-17T15:45:00-04:00,25.605,25.695,25.605,25.645,97262.0
2026-07-17T15:50:00-04:00,25.645,25.68,25.595,25.68,124681.0
2026-07-17T15:55:00-04:00,25.68,25.68,25.56,25.56,253861.0
2026-07-20T09:30:00-04:00,25.332,25.71,25.282,25.65,71724.0
2026-07-20T09:35:00-04:00,25.6,25.725,25.6,25.7,12626.0
2026-07-20T09:40:00-04:00,25.72,25.78,25.565,25.565,107147.0
2026-07-20T09:45:00-04:00,25.57,25.6,25.47,25.51,15176.0
2026-07-20T09:50:00-04:00,25.4899,25.52,25.26,25.35,19357.0
2026-07-20T09:55:00-04:00,25.37,25.4,25.23,25.25,27720.0
2026-07-20T10:00:00-04:00,25.21,25.26,25.08,25.09,38872.0
2026-07-20T10:05:00-04:00,25.1,25.24,25.1,25.14,22494.0
2026-07-20T10:10:00-04:00,25.125,25.125,24.97,24.985,64147.0
2026-07-20T10:15:00-04:00,24.985,25.08,24.96,24.99,49742.0
2026-07-20T10:20:00-04:00,24.99,25.094999,24.91,25.094999,82287.0
2026-07-20T10:25:00-04:00,25.145,25.21,25.08,25.19,46940.0
2026-07-20T10:30:00-04:00,25.195,25.23,25.059999,25.08,30546.0
2026-07-20T10:35:00-04:00,25.059999,25.165,25.014999,25.15,71326.0
2026-07-20T10:40:00-04:00,25.16,25.17,25.075001,25.1,15927.0
2026-07-20T10:45:00-04:00,25.09,25.31,25.09,25.2,43711.0
2026-07-20T10:50:00-04:00,25.21,25.28,25.21,25.21,8504.0
2026-07-20T10:55:00-04:00,25.21,25.21,25.12,25.16,68010.0
2026-07-20T11:00:00-04:00,25.12,25.26,25.12,25.19,50748.0
2026-07-20T11:05:00-04:00,25.2,25.32,25.16,25.32,49344.0
2026-07-20T11:10:00-04:00,25.34,25.34,25.25,25.26,22351.0
2026-07-20T11:15:00-04:00,25.27,25.31,25.265,25.305,58140.0
2026-07-20T11:20:00-04:00,25.295,25.32,25.28,25.32,13957.0
2026-07-20T11:25:00-04:00,25.32,25.345,25.235,25.25,16177.0
2026-07-20T11:30:00-04:00,25.265,25.265,25.2,25.2,19091.0
2026-07-20T11:35:00-04:00,25.2,25.21,25.155,25.16,14945.0
2026-07-20T11:40:00-04:00,25.145,25.245,25.145,25.245,12100.0
2026-07-20T11:45:00-04:00,25.25,25.3301,25.25,25.32,12289.0
2026-07-20T11:50:00-04:00,25.32,25.37,25.295,25.355,65819.0
2026-07-20T11:55:00-04:00,25.36,25.38,25.34,25.365,20073.0
2026-07-20T12:00:00-04:00,25.4,25.4,25.34,25.39,9709.0
2026-07-20T12:05:00-04:00,25.39,25.46,25.375,25.375,15016.0
2026-07-20T12:10:00-04:00,25.375,25.415,25.32,25.3596,24850.0
2026-07-20T12:15:00-04:00,25.365,25.39,25.2601,25.265,41627.0
2026-07-20T12:20:00-04:00,25.25,25.26,25.23,25.24,13701.0
2026-07-20T12:25:00-04:00,25.23,25.25,25.21,25.23,41828.0
2026-07-20T12:30:00-04:00,25.21,25.215,25.16,25.1707,30483.0
2026-07-20T12:35:00-04:00,25.15,25.1999,25.15,25.1999,14078.0
2026-07-20T12:40:00-04:00,25.19,25.2,25.049999,25.13,40579.0
2026-07-20T12:45:00-04:00,25.13,25.19,25.13,25.175,11860.0
2026-07-20T12:50:00-04:00,25.15,25.175,25.135,25.14,10469.0
2026-07-20T12:55:00-04:00,25.13,25.15,25.094999,25.1,10236.0
2026-07-20T13:00:00-04:00,25.11,25.12,25.08,25.08,10094.0
2026-07-20T13:05:00-04:00,25.09,25.13,25.09,25.13,8745.0
2026-07-20T13:10:00-04:00,25.1389,25.14,25.09,25.105,16745.0
2026-07-20T13:15:00-04:00,25.1,25.11,25.07,25.105,9938.0
2026-07-20T13:20:00-04:00,25.105,25.17,25.105,25.125,10589.0
2026-07-20T13:25:00-04:00,25.125,25.125,25.08,25.1,8954.0
2026-07-20T13:30:00-04:00,25.11,25.145,25.09,25.14,11137.0
2026-07-20T13:35:00-04:00,25.14,25.175,25.14,25.14,9881.0
2026-07-20T13:40:00-04:00,25.1298,25.16,25.105,25.145,29270.0
2026-07-20T13:45:00-04:00,25.145,25.19,25.145,25.18,10712.0
2026-07-20T13:50:00-04:00,25.17,25.17,25.13,25.16,11083.0
2026-07-20T13:55:00-04:00,25.16,25.2,25.145,25.2,8338.0
2026-07-20T14:00:00-04:00,25.23,25.27,25.22,25.24,14633.0
2026-07-20T14:05:00-04:00,25.22,25.29,25.215,25.29,8245.0
2026-07-20T14:10:00-04:00,25.29,25.3,25.275,25.275,9482.0
2026-07-20T14:15:00-04:00,25.27,25.29,25.26,25.27,15770.0
2026-07-20T14:20:00-04:00,25.275,25.275,25.23,25.245,25642.0
2026-07-20T14:25:00-04:00,25.24,25.27,25.24,25.25,10859.0
2026-07-20T14:30:00-04:00,25.23,25.23,25.17,25.175,13334.0
2026-07-20T14:35:00-04:00,25.19,25.22,25.17,25.17,11974.0
2026-07-20T14:40:00-04:00,25.18,25.2,25.18,25.18,12746.0
2026-07-20T14:45:00-04:00,25.16,25.21,25.15,25.19,20847.0
2026-07-20T14:50:00-04:00,25.2,25.21,25.19,25.21,10920.0
2026-07-20T14:55:00-04:00,25.22,25.22,25.19,25.21,12648.0
2026-07-20T15:00:00-04:00,25.2,25.23,25.11,25.12,15296.0
2026-07-20T15:05:00-04:00,25.11,25.15,25.09,25.145,13111.0
2026-07-20T15:10:00-04:00,25.16,25.16,25.08,25.09,17116.0
2026-07-20T15:15:00-04:00,25.070999,25.11,25.049999,25.09,25297.0
2026-07-20T15:20:00-04:00,25.1,25.12,25.084999,25.115,16094.0
2026-07-20T15:25:00-04:00,25.1,25.17,25.08,25.17,25052.0
2026-07-20T15:30:00-04:00,25.17,25.22,25.16,25.21,21175.0
2026-07-20T15:35:00-04:00,25.2,25.2,25.13,25.17,22077.0
2026-07-20T15:40:00-04:00,25.17,25.21,25.165,25.2,40882.0
2026-07-20T15:45:00-04:00,25.19,25.215,25.185,25.19,38840.0
2026-07-20T15:50:00-04:00,25.18,25.185,25.07,25.084999,49580.0
2026-07-20T15:55:00-04:00,25.084999,25.084999,25.014999,25.049999,205777.0
2026-07-21T09:30:00-04:00,25.77,26.01,25.77,25.94,123703.0
2026-07-21T09:35:00-04:00,25.97,26.02,25.73,25.785,76459.0
2026-07-21T09:40:00-04:00,25.825,25.83,25.685,25.72,34482.0
2026-07-21T09:45:00-04:00,25.76,25.86,25.71,25.79,48922.0
2026-07-21T09:50:00-04:00,25.81,25.86,25.67,25.74,33043.0
2026-07-21T09:55:00-04:00,25.73,25.76,25.64,25.66,43922.0
2026-07-21T10:00:00-04:00,25.655,25.805,25.655,25.8,33399.0
2026-07-21T10:05:00-04:00,25.81,25.88,25.8,25.85,32954.0
2026-07-21T10:10:00-04:00,25.86,26.09,25.86,26.07,49398.0
2026-07-21T10:15:00-04:00,26.055,26.12,25.96,26.049999,59526.0
2026-07-21T10:20:00-04:00,26.01,26.030001,25.91,25.92,44763.0
2026-07-21T10:25:00-04:00,25.91,26.01,25.89,26.01,52905.0
2026-07-21T10:30:00-04:00,26.030001,26.09,26.0,26.09,75285.0
2026-07-21T10:35:00-04:00,26.059999,26.075001,26.030001,26.049999,23626.0
2026-07-21T10:40:00-04:00,26.059999,26.13,26.02,26.13,28724.0
2026-07-21T10:45:00-04:00,26.1,26.1,26.01,26.09,27507.0
2026-07-21T10:50:00-04:00,26.099899,26.11,26.049999,26.075001,27659.0
2026-07-21T10:55:00-04:00,26.065001,26.1191,26.040001,26.1191,17083.0
2026-07-21T11:00:00-04:00,26.122,26.15,26.08,26.094999,17974.0
2026-07-21T11:05:00-04:00,26.1,26.18,26.07,26.18,22850.0
2026-07-21T11:10:00-04:00,26.2,26.4,26.2,26.4,107262.0
2026-07-21T11:15:00-04:00,26.395,26.46,26.395,26.42,40077.0
2026-07-21T11:20:00-04:00,26.43,26.52,26.39,26.5137,23241.0
2026-07-21T11:25:00-04:00,26.5197,26.56,26.47,26.485,26407.0
2026-07-21T11:30:00-04:00,26.47,26.66,26.465,26.58,211442.0
2026-07-21T11:35:00-04:00,26.57,26.61,26.55,26.58,44864.0
2026-07-21T11:40:00-04:00,26.56,26.57,26.485,26.485,15181.0
2026-07-21T11:45:00-04:00,26.4701,26.5,26.4027,26.4027,70512.0
2026-07-21T11:50:00-04:00,26.43,26.5,26.43,26.485,16724.0
2026-07-21T11:55:00-04:00,26.5,26.51,26.46,26.48,10239.0
2026-07-21T12:00:00-04:00,26.47,26.54,26.47,26.54,15890.0
2026-07-21T12:05:00-04:00,26.535,26.55,26.505,26.51,17409.0
2026-07-21T12:10:00-04:00,26.5,26.56,26.5,26.555,12744.0
2026-07-21T12:15:00-04:00,26.555,26.64,26.555,26.635,21066.0
2026-07-21T12:20:00-04:00,26.65,26.66,26.6,26.66,18739.0
2026-07-21T12:25:00-04:00,26.66,26.66,26.59,26.62,20638.0
2026-07-21T12:30:00-04:00,26.6,26.68,26.6,26.66,17035.0
2026-07-21T12:35:00-04:00,26.6577,26.7,26.6,26.62,24144.0
2026-07-21T12:40:00-04:00,26.62,26.65,26.61,26.63,13869.0
2026-07-21T12:45:00-04:00,26.63,26.71,26.63,26.705,15536.0
2026-07-21T12:50:00-04:00,26.71,26.745,26.685,26.73,10201.0
2026-07-21T12:55:00-04:00,26.725,26.745,26.71,26.745,11333.0
2026-07-21T13:00:00-04:00,26.75,26.76,26.685,26.705,13648.0
2026-07-21T13:05:00-04:00,26.71,26.745,26.71,26.73,11320.0
2026-07-21T13:10:00-04:00,26.73,26.76,26.705,26.72,9981.0
2026-07-21T13:15:00-04:00,26.73,26.74,26.665,26.665,16521.0
2026-07-21T13:20:00-04:00,26.67,26.71,26.66,26.695,15208.0
2026-07-21T13:25:00-04:00,26.7,26.71,26.67,26.685,9644.0
2026-07-21T13:30:00-04:00,26.69,26.705,26.67,26.67,16577.0
2026-07-21T13:35:00-04:00,26.6611,26.715,26.66,26.685,9916.0
2026-07-21T13:40:00-04:00,26.68,26.68,26.645,26.67,17478.0
2026-07-21T13:45:00-04:00,26.685,26.715,26.67,26.715,10121.0
2026-07-21T13:50:00-04:00,26.72,26.74,26.7,26.7,10687.0
2026-07-21T13:55:00-04:00,26.71,26.7815,26.7,26.7815,12886.0
2026-07-21T14:00:00-04:00,26.79,26.81,26.725,26.76,38390.0
2026-07-21T14:05:00-04:00,26.76,26.8,26.75,26.79,47958.0
2026-07-21T14:10:00-04:00,26.8,26.88,26.8,26.84,32100.0
2026-07-21T14:15:00-04:00,26.845,26.845,26.78,26.78,20290.0
2026-07-21T14:20:00-04:00,26.79,26.83,26.79,26.83,16182.0
2026-07-21T14:25:00-04:00,26.84,26.9,26.84,26.85,14649.0
2026-07-21T14:30:00-04:00,26.86,26.87,26.84,26.86,20966.0
2026-07-21T14:35:00-04:00,26.85,26.855,26.79,26.82,13714.0
2026-07-21T14:40:00-04:00,26.8199,26.82,26.765,26.78,24786.0
2026-07-21T14:45:00-04:00,26.79,26.82,26.79,26.805,18757.0
2026-07-21T14:50:00-04:00,26.7999,26.815,26.74,26.745,35111.0
2026-07-21T14:55:00-04:00,26.745,26.785,26.72,26.785,30352.0
2026-07-21T15:00:00-04:00,26.78,26.845,26.77,26.84,16328.0
2026-07-21T15:05:00-04:00,26.835,26.84,26.77,26.77,17320.0
2026-07-21T15:10:00-04:00,26.775,26.805,26.775,26.785,21924.0
2026-07-21T15:15:00-04:00,26.785,26.81,26.77,26.8099,26013.0
2026-07-21T15:20:00-04:00,26.805,26.82,26.785,26.79,29677.0
2026-07-21T15:25:00-04:00,26.785,26.795,26.77,26.795,23178.0
2026-07-21T15:30:00-04:00,26.8,26.92,26.8,26.92,61697.0
2026-07-21T15:35:00-04:00,26.94,26.995,26.925,26.97,60705.0
2026-07-21T15:40:00-04:00,26.98,27.040001,26.965,27.035,43270.0
2026-07-21T15:45:00-04:00,27.035,27.13,27.030001,27.13,81440.0
2026-07-21T15:50:00-04:00,27.13,27.22,27.125,27.22,120568.0
2026-07-21T15:55:00-04:00,27.23,27.3,27.2,27.21,403264.0
2026-07-22T09:30:00-04:00,27.77,28.21,27.73,28.16,126518.0
2026-07-22T09:35:00-04:00,28.21,28.38,28.11,28.38,61058.0
2026-07-22T09:40:00-04:00,28.37,28.499,28.26,28.37,50471.0
2026-07-22T09:45:00-04:00,28.345,28.495,28.345,28.385,59542.0
2026-07-22T09:50:00-04:00,28.37,28.39,28.275,28.275,86096.0
2026-07-22T09:55:00-04:00,28.27,28.44,28.2237,28.43,48322.0
2026-07-22T10:00:00-04:00,28.39,28.44,28.32,28.34,44274.0
2026-07-22T10:05:00-04:00,28.35,28.365,28.2,28.26,33234.0
2026-07-22T10:10:00-04:00,28.27,28.4,28.25,28.32,49530.0
2026-07-22T10:15:00-04:00,28.3,28.35,28.215,28.25,30803.0
2026-07-22T10:20:00-04:00,28.245,28.31,28.245,28.3,45527.0
2026-07-22T10:25:00-04:00,28.295,28.37,28.18,28.35,53041.0
2026-07-22T10:30:00-04:00,28.34,28.575,28.34,28.46,52206.0
2026-07-22T10:35:00-04:00,28.46,28.525,28.445,28.485,21601.0
2026-07-22T10:40:00-04:00,28.48,28.565,28.45,28.55,45805.0
2026-07-22T10:45:00-04:00,28.545,28.56,28.43,28.45,23779.0
2026-07-22T10:50:00-04:00,28.46,28.49,28.39,28.39,14571.0
2026-07-22T10:55:00-04:00,28.35,28.44,28.31,28.435,24398.0
2026-07-22T11:00:00-04:00,28.43,28.49,28.41,28.47,22702.0
2026-07-22T11:05:00-04:00,28.465,28.52,28.45,28.455,16683.0
2026-07-22T11:10:00-04:00,28.45,28.56,28.45,28.53,15916.0
2026-07-22T11:15:00-04:00,28.52,28.53,28.49,28.5,9923.0
2026-07-22T11:20:00-04:00,28.508,28.595,28.5077,28.54,22583.0
2026-07-22T11:25:00-04:00,28.56,28.58,28.52,28.525,11353.0
2026-07-22T11:30:00-04:00,28.52,28.6,28.52,28.6,17730.0
2026-07-22T11:35:00-04:00,28.6,28.64,28.595,28.62,20113.0
2026-07-22T11:40:00-04:00,28.61,28.635,28.59,28.6,9857.0
2026-07-22T11:45:00-04:00,28.605,28.725,28.56,28.725,34470.0
2026-07-22T11:50:00-04:00,28.72,28.74,28.6,28.6,16050.0
2026-07-22T11:55:00-04:00,28.59,28.59,28.53,28.565,18783.0
2026-07-22T12:00:00-04:00,28.56,28.56,28.46,28.46,13501.0
2026-07-22T12:05:00-04:00,28.44,28.495,28.42,28.42,12516.0
2026-07-22T12:10:00-04:00,28.41,28.41,28.305,28.33,15214.0
2026-07-22T12:15:00-04:00,28.3384,28.355,28.23,28.2797,19091.0
2026-07-22T12:20:00-04:00,28.285,28.285,28.21,28.22,10556.0
2026-07-22T12:25:00-04:00,28.2295,28.2295,28.16,28.21,12584.0
2026-07-22T12:30:00-04:00,28.22,28.24,28.18,28.18,13922.0
2026-07-22T12:35:00-04:00,28.175,28.18,28.065001,28.0795,52935.0
2026-07-22T12:40:00-04:00,28.09,28.17,28.08,28.16,21170.0
2026-07-22T12:45:00-04:00,28.16,28.16,28.030001,28.049999,10686.0
2026-07-22T12:50:00-04:00,28.055,28.059999,28.025,28.045,9994.0
2026-07-22T12:55:00-04:00,28.049999,28.1,28.025,28.1,34847.0
2026-07-22T13:00:00-04:00,28.094999,28.094999,27.98,27.98,32674.0
2026-07-22T13:05:00-04:00,27.98,28.01,27.95,27.985,10840.0
2026-07-22T13:10:00-04:00,27.97,28.02,27.97,27.99,12711.0
2026-07-22T13:15:00-04:00,27.985,28.02,27.97,27.995,25999.0
2026-07-22T13:20:00-04:00,27.99,28.065001,27.99,28.065001,15618.0
2026-07-22T13:25:00-04:00,28.059999,28.079901,28.035,28.075001,10630.0
2026-07-22T13:30:00-04:00,28.07,28.125,28.065001,28.1,18565.0
2026-07-22T13:35:00-04:00,28.094999,28.11,28.075001,28.075001,16073.0
2026-07-22T13:40:00-04:00,28.08,28.1,28.035,28.075001,29642.0
2026-07-22T13:45:00-04:00,28.08,28.12,28.08,28.11,6739.0
2026-07-22T13:50:00-04:00,28.1,28.12,28.065001,28.1,17749.0
2026-07-22T13:55:00-04:00,28.09,28.135,28.059999,28.12,31997.0
2026-07-22T14:00:00-04:00,28.125,28.125,28.030001,28.055,27557.0
2026-07-22T14:05:00-04:00,28.040001,28.07,28.01,28.030001,27810.0
2026-07-22T14:10:00-04:00,28.025,28.030001,27.95,27.98,45877.0
2026-07-22T14:15:00-04:00,27.975,28.014999,27.955,28.014999,10943.0
2026-07-22T14:20:00-04:00,28.0049992,28.040001,28.0,28.0,17280.0
2026-07-22T14:25:00-04:00,28.0049992,28.014999,27.995,28.0049992,21627.0
2026-07-22T14:30:00-04:00,28.0,28.02,27.925,27.93,30838.0
2026-07-22T14:35:00-04:00,27.935,27.985,27.935,27.935,13599.0
2026-07-22T14:40:00-04:00,27.935,27.96,27.925,27.935,13218.0
2026-07-22T14:45:00-04:00,27.94,27.965,27.935,27.955,12625.0
2026-07-22T14:50:00-04:00,27.955,27.99,27.945,27.98,12823.0
2026-07-22T14:55:00-04:00,27.98,27.995,27.955,27.955,13063.0
2026-07-22T15:00:00-04:00,27.96,27.99,27.935,27.94,38385.0
2026-07-22T15:05:00-04:00,27.945,27.99,27.945,27.975,28806.0
2026-07-22T15:10:00-04:00,27.97,28.045,27.965,28.02,19745.0
2026-07-22T15:15:00-04:00,28.014999,28.09,28.0049992,28.02,21679.0
2026-07-22T15:20:00-04:00,28.01,28.055,27.985,28.055,15153.0
2026-07-22T15:25:00-04:00,28.049999,28.094999,28.02,28.075001,19342.0
2026-07-22T15:30:00-04:00,28.08,28.084999,28.035,28.084999,19371.0
2026-07-22T15:35:00-04:00,28.084999,28.089001,28.040001,28.059999,26838.0
2026-07-22T15:40:00-04:00,28.055,28.09,28.040001,28.049999,44186.0
2026-07-22T15:45:00-04:00,28.08,28.11,28.045,28.11,38734.0
2026-07-22T15:50:00-04:00,28.12,28.125,28.02,28.07,55810.0
2026-07-22T15:55:00-04:00,28.059999,28.125,28.045,28.08,178292.0
2026-07-23T09:30:00-04:00,26.892,27.635,26.892,27.49,105024.0
2026-07-23T09:35:00-04:00,27.49,27.63,27.38,27.49,31164.0
2026-07-23T09:40:00-04:00,27.5268,27.69,27.5,27.555,19066.0
2026-07-23T09:45:00-04:00,27.55,27.58,27.28,27.32,56796.0
2026-07-23T09:50:00-04:00,27.3,27.445,27.26,27.42,40604.0
2026-07-23T09:55:00-04:00,27.45,27.45,27.11,27.12,20309.0
2026-07-23T10:00:00-04:00,27.14,27.22,27.08,27.12,20692.0
2026-07-23T10:05:00-04:00,27.13,27.18,26.98,27.08,24933.0
2026-07-23T10:10:00-04:00,27.059999,27.3,27.059999,27.2,31850.0
2026-07-23T10:15:00-04:00,27.18,27.3,27.18,27.25,14588.0
2026-07-23T10:20:00-04:00,27.25,27.25,27.15,27.22,14885.0
2026-07-23T10:25:00-04:00,27.225,27.42,27.225,27.42,15167.0
2026-07-23T10:30:00-04:00,27.4,27.415,27.27,27.27,13233.0
2026-07-23T10:35:00-04:00,27.29,27.365,27.26,27.33,9782.0
2026-07-23T10:40:00-04:00,27.33,27.34,27.1,27.135,19764.0
2026-07-23T10:45:00-04:00,27.12,27.27,27.12,27.26,13635.0
2026-07-23T10:50:00-04:00,27.24,27.28,27.17,27.17,17111.0
2026-07-23T10:55:00-04:00,27.16,27.18,27.135,27.15,7778.0
2026-07-23T11:00:00-04:00,27.09,27.105,26.915,26.955,10277.0
2026-07-23T11:05:00-04:00,26.96,26.97,26.79,26.79,16041.0
2026-07-23T11:10:00-04:00,26.78,26.845,26.77,26.77,27423.0
2026-07-23T11:15:00-04:00,26.83,26.865,26.76,26.79,39908.0
2026-07-23T11:20:00-04:00,26.8,26.8201,26.61,26.705,29483.0
2026-07-23T11:25:00-04:00,26.69,26.7,26.61,26.615,11570.0
2026-07-23T11:30:00-04:00,26.6,26.61,26.47,26.585,29171.0
2026-07-23T11:35:00-04:00,26.62,26.665,26.615,26.64,13392.0
2026-07-23T11:40:00-04:00,26.67,26.77,26.67,26.7,37999.0
2026-07-23T11:45:00-04:00,26.69,26.815,26.69,26.78,17465.0
2026-07-23T11:50:00-04:00,26.78,26.83,26.77,26.825,11600.0
2026-07-23T11:55:00-04:00,26.85,26.875,26.775,26.82,7397.0
2026-07-23T12:00:00-04:00,26.82,26.95,26.82,26.93,17959.0
2026-07-23T12:05:00-04:00,26.935,26.935,26.87,26.88,7345.0
2026-07-23T12:10:00-04:00,26.89,26.96,26.89,26.95,17656.0
2026-07-23T12:15:00-04:00,26.96,27.07,26.95,26.98,21300.0
2026-07-23T12:20:00-04:00,26.995,27.075001,26.995,27.040001,8279.0
2026-07-23T12:25:00-04:00,27.040001,27.12,27.040001,27.12,12677.0
2026-07-23T12:30:00-04:00,27.15,27.15,27.055,27.059999,24292.0
2026-07-23T12:35:00-04:00,27.07,27.21,27.055,27.18,15063.0
2026-07-23T12:40:00-04:00,27.19,27.19,27.1,27.105,14591.0
2026-07-23T12:45:00-04:00,27.1,27.15,27.08,27.12,15993.0
2026-07-23T12:50:00-04:00,27.11,27.14,27.09,27.09,11389.0
2026-07-23T12:55:00-04:00,27.11,27.21,27.11,27.21,15921.0
2026-07-23T13:00:00-04:00,27.195,27.29,27.16,27.27,21136.0
2026-07-23T13:05:00-04:00,27.265,27.31,27.23,27.25,13447.0
2026-07-23T13:10:00-04:00,27.25,27.265,27.2,27.2,9532.0
2026-07-23T13:15:00-04:00,27.19,27.23,27.18,27.2,7299.0
2026-07-23T13:20:00-04:00,27.195,27.23,27.18,27.19,10955.0
2026-07-23T13:25:00-04:00,27.22,27.23,27.22,27.23,5891.0
2026-07-23T13:30:00-04:00,27.22,27.23,27.2,27.21,5379.0
2026-07-23T13:35:00-04:00,27.21,27.21,27.17,27.18,24882.0
2026-07-23T13:40:00-04:00,27.17,27.21,27.17,27.18,13106.0
2026-07-23T13:45:00-04:00,27.17,27.2,27.17,27.18,11221.0
2026-07-23T13:50:00-04:00,27.18,27.18,27.14,27.145,16023.0
2026-07-23T13:55:00-04:00,27.14,27.15,27.12,27.12,25195.0
2026-07-23T14:00:00-04:00,27.11,27.14,27.059999,27.059999,12108.0
2026-07-23T14:05:00-04:00,27.049999,27.15,27.049999,27.1,36975.0
2026-07-23T14:10:00-04:00,27.1,27.115,27.0695,27.0695,23886.0
2026-07-23T14:15:00-04:00,27.059999,27.105,27.059999,27.075001,17926.0
2026-07-23T14:20:00-04:00,27.08,27.145,27.08,27.12,14643.0
2026-07-23T14:25:00-04:00,27.12,27.15,27.1,27.15,6469.0
2026-07-23T14:30:00-04:00,27.16,27.18,27.13,27.14,21155.0
2026-07-23T14:35:00-04:00,27.145,27.15,27.09,27.12,34814.0
2026-07-23T14:40:00-04:00,27.13,27.145,27.09,27.12,12528.0
2026-07-23T14:45:00-04:00,27.14,27.15,27.105,27.11,6052.0
2026-07-23T14:50:00-04:00,27.12,27.12,27.1,27.11,10879.0
2026-07-23T14:55:00-04:00,27.11,27.13,27.105,27.115,10465.0
2026-07-23T15:00:00-04:00,27.12,27.12,27.0049992,27.0049992,9569.0
2026-07-23T15:05:00-04:00,27.01,27.035,26.985,26.99,15093.0
2026-07-23T15:10:00-04:00,26.99,27.0,26.91,26.92,18935.0
2026-07-23T15:15:00-04:00,26.91,27.049999,26.91,27.0,33987.0
2026-07-23T15:20:00-04:00,27.0,27.040001,27.0,27.030001,18056.0
2026-07-23T15:25:00-04:00,27.049999,27.084999,27.049999,27.084999,16624.0
2026-07-23T15:30:00-04:00,27.08,27.1207,27.0049992,27.059999,45186.0
2026-07-23T15:35:00-04:00,27.055,27.12,27.035,27.1,27532.0
2026-07-23T15:40:00-04:00,27.11,27.115,27.09,27.105,22602.0
2026-07-23T15:45:00-04:00,27.11,27.175,27.1,27.145,43169.0
2026-07-23T15:50:00-04:00,27.16,27.205,27.14,27.18,59929.0
2026-07-23T15:55:00-04:00,27.185,27.23,27.125,27.205,112276.0
2026-07-24T09:30:00-04:00,27.52,27.52,26.84,26.89,36243.0
2026-07-24T09:35:00-04:00,26.91,27.24,26.84,27.24,40355.0
2026-07-24T09:40:00-04:00,27.25,27.25,27.13,27.22,24429.0
2026-07-24T09:45:00-04:00,27.21,27.265,27.19,27.24,25914.0
2026-07-24T09:50:00-04:00,27.25,27.25,27.08,27.1,25342.0
2026-07-24T09:55:00-04:00,27.11,27.21,27.049999,27.18,17603.0
2026-07-24T10:00:00-04:00,27.19,27.243,27.11,27.11,23592.0
2026-07-24T10:05:00-04:00,27.12,27.1916,27.09,27.18,30889.0
2026-07-24T10:10:00-04:00,27.22,27.2645,27.19,27.19,26151.0
2026-07-24T10:15:00-04:00,27.22,27.22,26.99,27.055,24037.0
2026-07-24T10:20:00-04:00,27.08,27.195,27.02,27.16,32307.0
2026-07-24T10:25:00-04:00,27.1837,27.26,27.175,27.26,13284.0
2026-07-24T10:30:00-04:00,27.25,27.29,27.17,27.25,30687.0
2026-07-24T10:35:00-04:00,27.27,27.295,27.12,27.12,38593.0
2026-07-24T10:40:00-04:00,27.09,27.18,27.059999,27.16,21518.0
2026-07-24T10:45:00-04:00,27.15,27.16,27.07,27.1,43632.0
2026-07-24T10:50:00-04:00,27.18,27.19,27.07,27.09,20846.0
2026-07-24T10:55:00-04:00,27.12,27.25,27.12,27.14,14143.0
2026-07-24T11:00:00-04:00,27.14,27.17,27.11,27.11,18102.0
2026-07-24T11:05:00-04:00,27.1001,27.105,26.99,27.040001,30483.0
2026-07-24T11:10:00-04:00,27.030001,27.31,27.030001,27.31,44358.0
2026-07-24T11:15:00-04:00,27.31,27.48,27.28,27.39,84941.0
2026-07-24T11:20:00-04:00,27.41,27.51,27.41,27.51,26716.0
2026-07-24T11:25:00-04:00,27.51,27.63,27.51,27.61,57287.0
2026-07-24T11:30:00-04:00,27.59,27.63,27.535,27.535,15172.0
2026-07-24T11:35:00-04:00,27.53,27.64,27.53,27.64,11664.0
2026-07-24T11:40:00-04:00,27.64,27.68,27.57,27.58,48055.0
2026-07-24T11:45:00-04:00,27.575,27.61,27.56,27.6,34881.0
2026-07-24T11:50:00-04:00,27.6,27.61,27.585,27.59,15065.0
2026-07-24T11:55:00-04:00,27.575,27.575,27.53,27.53,7142.0
2026-07-24T12:00:00-04:00,27.53,27.62,27.5,27.62,14640.0
2026-07-24T12:05:00-04:00,27.63,27.64,27.59,27.63,5139.0
2026-07-24T12:10:00-04:00,27.63,27.64,27.515,27.515,18665.0
2026-07-24T12:15:00-04:00,27.5,27.52,27.5,27.5,23132.0
2026-07-24T12:20:00-04:00,27.5,27.6,27.5,27.595,11459.0
2026-07-24T12:25:00-04:00,27.585,27.59,27.505,27.5137,7465.0
2026-07-24T12:30:00-04:00,27.485,27.495,27.445,27.46,14063.0
2026-07-24T12:35:00-04:00,27.47,27.47,27.38,27.42,18587.0
2026-07-24T12:40:00-04:00,27.43,27.435,27.365,27.385,33652.0
2026-07-24T12:45:00-04:00,27.3903,27.42,27.355,27.375,31729.0
2026-07-24T12:50:00-04:00,27.37,27.37,27.33,27.36,11586.0
2026-07-24T12:55:00-04:00,27.34,27.42,27.32,27.41,16194.0
2026-07-24T13:00:00-04:00,27.4001,27.42,27.375,27.385,17523.0
2026-07-24T13:05:00-04:00,27.38,27.39,27.32,27.32,23720.0
2026-07-24T13:10:00-04:00,27.3,27.34,27.28,27.34,26691.0
2026-07-24T13:15:00-04:00,27.33,27.405,27.315,27.4,10632.0
2026-07-24T13:20:00-04:00,27.43,27.43,27.38,27.39,10391.0
2026-07-24T13:25:00-04:00,27.39,27.41,27.38,27.41,9221.0
2026-07-24T13:30:00-04:00,27.41,27.43,27.34,27.35,17816.0
2026-07-24T13:35:00-04:00,27.355,27.355,27.295,27.3,8757.0
2026-07-24T13:40:00-04:00,27.29,27.33,27.275,27.305,26009.0
2026-07-24T13:45:00-04:00,27.3,27.35,27.3,27.35,8936.0
2026-07-24T13:50:00-04:00,27.36,27.365,27.315,27.36,13284.0
2026-07-24T13:55:00-04:00,27.37,27.395,27.365,27.37,12072.0
2026-07-24T14:00:00-04:00,27.365,27.375,27.35,27.37,11139.0
2026-07-24T14:05:00-04:00,27.38,27.41,27.38,27.405,11722.0
2026-07-24T14:10:00-04:00,27.4,27.4,27.305,27.305,8593.0
2026-07-24T14:15:00-04:00,27.3,27.31,27.24,27.25,17775.0
2026-07-24T14:20:00-04:00,27.24,27.25,27.23,27.23,7705.0
2026-07-24T14:25:00-04:00,27.22,27.22,27.15,27.155,18952.0
2026-07-24T14:30:00-04:00,27.15,27.16,27.115,27.115,23312.0
2026-07-24T14:35:00-04:00,27.1,27.12,27.045,27.055,23936.0
2026-07-24T14:40:00-04:00,27.055,27.055,26.985,27.01,14886.0
2026-07-24T14:45:00-04:00,27.0049992,27.07,27.0049992,27.030001,13640.0
2026-07-24T14:50:00-04:00,27.014999,27.059999,27.014999,27.055,13554.0
2026-07-24T14:55:00-04:00,27.049999,27.059999,27.01,27.01,14458.0
2026-07-24T15:00:00-04:00,27.014999,27.02,26.965,26.9977,33050.0
2026-07-24T15:05:00-04:00,26.99,27.014999,26.945,26.95,19127.0
2026-07-24T15:10:00-04:00,26.95,26.97,26.87,26.895,40964.0
2026-07-24T15:15:00-04:00,26.91,26.925,26.86,26.895,79750.0
2026-07-24T15:20:00-04:00,26.89,26.89,26.82,26.83,28432.0
2026-07-24T15:25:00-04:00,26.82,26.905,26.82,26.895,35214.0
2026-07-24T15:30:00-04:00,26.905,26.925,26.86,26.925,33050.0
2026-07-24T15:35:00-04:00,26.92,26.96,26.87,26.87,86717.0
2026-07-24T15:40:00-04:00,26.865,26.9,26.845,26.885,46231.0
2026-07-24T15:45:00-04:00,26.89,26.955,26.89,26.955,64567.0
2026-07-24T15:50:00-04:00,26.96,26.985,26.885,26.93,82871.0
2026-07-24T15:55:00-04:00,26.925,26.925,26.84,26.87,251058.0
2026-07-27T09:30:00-04:00,26.94,27.2,26.93,27.08,50738.0
2026-07-27T09:35:00-04:00,27.049999,27.26,26.99,27.215,38727.0
2026-07-27T09:40:00-04:00,27.16,27.2,27.11,27.14,15862.0
2026-07-27T09:45:00-04:00,27.16,27.21,27.049999,27.16,15186.0
2026-07-27T09:50:00-04:00,27.11,27.17,26.95,26.95,15430.0
2026-07-27T09:55:00-04:00,26.94,26.96,26.815,26.86,30507.0
2026-07-27T10:00:00-04:00,26.85,26.87,26.78,26.8,22533.0
2026-07-27T10:05:00-04:00,26.82,26.82,26.72,26.77,27036.0
2026-07-27T10:10:00-04:00,26.74,26.74,26.55,26.6001,30062.0
2026-07-27T10:15:00-04:00,26.62,26.65,26.425,26.44,54337.0
2026-07-27T10:20:00-04:00,26.42,26.44,26.235,26.26,49385.0
2026-07-27T10:25:00-04:00,26.28,26.3268,26.22,26.22,36126.0
2026-07-27T10:30:00-04:00,26.22,26.225,26.13,26.14,41689.0
2026-07-27T10:35:00-04:00,26.15,26.17,26.02,26.1,46811.0
2026-07-27T10:40:00-04:00,26.08,26.09,25.9,25.965,41509.0
2026-07-27T10:45:00-04:00,26.01,26.3,26.01,26.3,48996.0
2026-07-27T10:50:00-04:00,26.32,26.39,26.26,26.375,32919.0
2026-07-27T10:55:00-04:00,26.395,26.6,26.38,26.575,41436.0
2026-07-27T11:00:00-04:00,26.55,26.565,26.41,26.505,36235.0
2026-07-27T11:05:00-04:00,26.49,26.64,26.49,26.56,49755.0
2026-07-27T11:10:00-04:00,26.55,26.6,26.525,26.5771,24159.0
2026-07-27T11:15:00-04:00,26.56,26.585,26.4801,26.56,23641.0
2026-07-27T11:20:00-04:00,26.59,26.64,26.475,26.49,23643.0
2026-07-27T11:25:00-04:00,26.48,26.48,26.4,26.45,14109.0
2026-07-27T11:30:00-04:00,26.44,26.45,26.355,26.4,29452.0
2026-07-27T11:35:00-04:00,26.415,26.415,26.31,26.365,23416.0
2026-07-27T11:40:00-04:00,26.37,26.465,26.355,26.455,29876.0
2026-07-27T11:45:00-04:00,26.475,26.53,26.42,26.42,34594.0
2026-07-27T11:50:00-04:00,26.42,26.435,26.36,26.39,45085.0
2026-07-27T11:55:00-04:00,26.4,26.4,26.355,26.4,20880.0
2026-07-27T12:00:00-04:00,26.4,26.4275,26.345,26.37,20929.0
2026-07-27T12:05:00-04:00,26.4,26.44,26.35,26.44,22922.0
2026-07-27T12:10:00-04:00,26.44,26.455,26.385,26.392,16811.0
2026-07-27T12:15:00-04:00,26.385,26.475,26.385,26.4601,25579.0
2026-07-27T12:20:00-04:00,26.465,26.525,26.455,26.49,33992.0
2026-07-27T12:25:00-04:00,26.49,26.76,26.49,26.74,140956.0
2026-07-27T12:30:00-04:00,26.74,26.8273,26.735,26.82,31831.0
2026-07-27T12:35:00-04:00,26.82,26.92,26.79,26.825,18380.0
2026-07-27T12:40:00-04:00,26.81,26.81,26.73,26.735,17350.0
2026-07-27T12:45:00-04:00,26.74,26.76,26.68,26.68,19757.0
2026-07-27T12:50:00-04:00,26.68,26.68,26.55,26.58,18038.0
2026-07-27T12:55:00-04:00,26.54,26.56,26.525,26.54,12989.0
2026-07-27T13:00:00-04:00,26.505,26.51,26.42,26.42,15115.0
2026-07-27T13:05:00-04:00,26.415,26.445,26.39,26.405,14572.0
2026-07-27T13:10:00-04:00,26.41,26.47,26.405,26.45,12664.0
2026-07-27T13:15:00-04:00,26.44,26.44,26.385,26.385,10009.0
2026-07-27T13:20:00-04:00,26.4,26.45,26.35,26.35,21270.0
2026-07-27T13:25:00-04:00,26.35,26.38,26.34,26.34,18793.0
2026-07-27T13:30:00-04:00,26.35,26.37,26.325,26.37,12255.0
2026-07-27T13:35:00-04:00,26.37,26.37,26.32,26.33,15814.0
2026-07-27T13:40:00-04:00,26.31,26.325,26.28,26.28,9419.0
2026-07-27T13:45:00-04:00,26.275,26.31,26.27,26.275,11830.0
2026-07-27T13:50:00-04:00,26.27,26.32,26.27,26.28,16200.0
2026-07-27T13:55:00-04:00,26.29,26.32,26.29,26.31,12038.0
2026-07-27T14:00:00-04:00,26.31,26.355,26.31,26.33,13251.0
2026-07-27T14:05:00-04:00,26.325,26.335,26.28,26.295,17230.0
2026-07-27T14:10:00-04:00,26.28,26.31,26.275,26.3,10788.0
2026-07-27T14:15:00-04:00,26.28,26.29,26.25,26.29,14470.0
2026-07-27T14:20:00-04:00,26.27,26.33,26.265,26.2891,18573.0
2026-07-27T14:25:00-04:00,26.285,26.295,26.245,26.26,13297.0
2026-07-27T14:30:00-04:00,26.23,26.24,26.19,26.19,8827.0
2026-07-27T14:35:00-04:00,26.2,26.21,26.165,26.165,12670.0
2026-07-27T14:40:00-04:00,26.155,26.25,26.1413,26.23,42141.0
2026-07-27T14:45:00-04:00,26.225,26.24,26.18,26.2,12565.0
2026-07-27T14:50:00-04:00,26.195,26.3,26.195,26.28,18050.0
2026-07-27T14:55:00-04:00,26.29,26.335,26.285,26.325,21292.0
2026-07-27T15:00:00-04:00,26.34,26.355,26.305,26.33,25541.0
2026-07-27T15:05:00-04:00,26.325,26.435,26.305,26.435,17877.0
2026-07-27T15:10:00-04:00,26.43,26.44,26.385,26.39,19182.0
2026-07-27T15:15:00-04:00,26.395,26.47,26.395,26.47,20945.0
2026-07-27T15:20:00-04:00,26.49,26.55,26.48,26.53,47315.0
2026-07-27T15:25:00-04:00,26.54,26.585,26.525,26.58,24437.0
2026-07-27T15:30:00-04:00,26.585,26.6,26.53,26.54,43231.0
2026-07-27T15:35:00-04:00,26.54,26.545,26.495,26.5,50806.0
2026-07-27T15:40:00-04:00,26.495,26.52,26.425,26.435,70675.0
2026-07-27T15:45:00-04:00,26.435,26.445,26.395,26.425,94772.0
2026-07-27T15:50:00-04:00,26.425,26.44,26.39,26.4,119053.0
2026-07-27T15:55:00-04:00,26.36,26.39,26.25,26.295,315413.0
2026-07-28T09:30:00-04:00,25.865,25.87,25.55,25.56,69927.0
2026-07-28T09:35:00-04:00,25.6,25.6,24.99,25.030001,108460.0
2026-07-28T09:40:00-04:00,24.99,25.040001,24.96,24.9729,42011.0
2026-07-28T09:45:00-04:00,24.96,25.11,24.88,25.09,59979.0
2026-07-28T09:50:00-04:00,25.09,25.11,24.81,24.94,58288.0
2026-07-28T09:55:00-04:00,24.96,25.02,24.91,25.02,32224.0
2026-07-28T10:00:00-04:00,25.030001,25.24,25.030001,25.2,48671.0
2026-07-28T10:05:00-04:00,25.195,25.305,25.13,25.21,72883.0
2026-07-28T10:10:00-04:00,25.21,25.31,25.030001,25.045,30256.0
2026-07-28T10:15:00-04:00,25.07,25.08,24.835,24.845,39430.0
2026-07-28T10:20:00-04:00,24.84,24.9,24.75,24.82,69651.0
2026-07-28T10:25:00-04:00,24.8,24.895,24.8,24.88,30226.0
2026-07-28T10:30:00-04:00,24.895,24.9498,24.86,24.9,24828.0
2026-07-28T10:35:00-04:00,24.88,24.95,24.8,24.825,23053.0
2026-07-28T10:40:00-04:00,24.8,24.93,24.8,24.92,18861.0
2026-07-28T10:45:00-04:00,24.905,25.07,24.86,25.07,41891.0
2026-07-28T10:50:00-04:00,25.07,25.13,25.059999,25.07,16412.0
2026-07-28T10:55:00-04:00,25.059999,25.1,25.030001,25.049999,18003.0
2026-07-28T11:00:00-04:00,25.07,25.16,25.07,25.1503,34199.0
2026-07-28T11:05:00-04:00,25.145,25.27,25.1026,25.25,50918.0
2026-07-28T11:10:00-04:00,25.26,25.4,25.22,25.33,56874.0
2026-07-28T11:15:00-04:00,25.31,25.4,25.29,25.385,42524.0
2026-07-28T11:20:00-04:00,25.41,25.49,25.41,25.47,16337.0
2026-07-28T11:25:00-04:00,25.53,25.585,25.45,25.49,33420.0
2026-07-28T11:30:00-04:00,25.48,25.53,25.385,25.5,49879.0
2026-07-28T11:35:00-04:00,25.49,25.51,25.46,25.475,14314.0
2026-07-28T11:40:00-04:00,25.47,25.47,25.39,25.46,14686.0
2026-07-28T11:45:00-04:00,25.4797,25.54,25.475,25.54,12019.0
2026-07-28T11:50:00-04:00,25.56,25.63,25.54,25.625,21335.0
2026-07-28T11:55:00-04:00,25.63,25.665,25.6,25.665,12770.0
2026-07-28T12:00:00-04:00,25.68,25.7,25.61,25.62,16017.0
2026-07-28T12:05:00-04:00,25.63,25.64,25.54,25.585,13711.0
2026-07-28T12:10:00-04:00,25.59,25.67,25.59,25.61,25085.0
2026-07-28T12:15:00-04:00,25.62,25.63,25.57,25.62,20454.0
2026-07-28T12:20:00-04:00,25.65,25.69,25.63,25.69,39370.0
2026-07-28T12:25:00-04:00,25.695,25.715,25.68,25.685,28469.0
2026-07-28T12:30:00-04:00,25.68,25.68,25.61,25.63,23903.0
2026-07-28T12:35:00-04:00,25.61,25.65,25.61,25.625,10768.0
2026-07-28T12:40:00-04:00,25.645,25.645,25.615,25.635,12168.0
2026-07-28T12:45:00-04:00,25.635,25.635,25.5709,25.615,14740.0
2026-07-28T12:50:00-04:00,25.63,25.725,25.63,25.72,10657.0
2026-07-28T12:55:00-04:00,25.72,25.765,25.715,25.765,21567.0
2026-07-28T13:00:00-04:00,25.77,25.79,25.655,25.665,19941.0
2026-07-28T13:05:00-04:00,25.665,25.705,25.6,25.6,24846.0
2026-07-28T13:10:00-04:00,25.595,25.595,25.5275,25.545,18778.0
2026-07-28T13:15:00-04:00,25.55,25.57,25.51,25.55,50868.0
2026-07-28T13:20:00-04:00,25.56,25.64,25.54,25.54,26665.0
2026-07-28T13:25:00-04:00,25.51,25.56,25.51,25.52,14947.0
2026-07-28T13:30:00-04:00,25.51,25.57,25.5,25.57,9480.0
2026-07-28T13:35:00-04:00,25.57,25.59,25.545,25.545,23957.0
2026-07-28T13:40:00-04:00,25.54,25.54,25.43,25.43,13770.0
2026-07-28T13:45:00-04:00,25.42,25.46,25.39,25.455,17110.0
2026-07-28T13:50:00-04:00,25.45,25.45,25.365,25.365,11672.0
2026-07-28T13:55:00-04:00,25.355,25.395,25.34,25.39,23480.0
2026-07-28T14:00:00-04:00,25.38,25.42,25.38,25.41,18397.0
2026-07-28T14:05:00-04:00,25.405,25.44,25.39,25.44,21988.0
2026-07-28T14:10:00-04:00,25.43,25.45,25.42,25.43,16805.0
2026-07-28T14:15:00-04:00,25.43,25.48,25.43,25.48,12526.0
2026-07-28T14:20:00-04:00,25.47,25.47,25.44,25.45,8804.0
2026-07-28T14:25:00-04:00,25.44,25.46,25.43,25.44,14609.0
2026-07-28T14:30:00-04:00,25.44,25.47,25.415,25.465,21551.0
2026-07-28T14:35:00-04:00,25.46,25.51,25.45,25.47,15986.0
2026-07-28T14:40:00-04:00,25.455,25.49,25.455,25.49,9718.0
2026-07-28T14:45:00-04:00,25.485,25.52,25.47,25.48,16417.0
2026-07-28T14:50:00-04:00,25.49,25.51,25.43,25.435,16256.0
2026-07-28T14:55:00-04:00,25.435,25.49,25.42,25.48,15486.0
2026-07-28T15:00:00-04:00,25.475,25.52,25.4338,25.51,37674.0
2026-07-28T15:05:00-04:00,25.5,25.53,25.485,25.5,18660.0
2026-07-28T15:10:00-04:00,25.49,25.515,25.45,25.46,19714.0
2026-07-28T15:15:00-04:00,25.465,25.489,25.455,25.479,21660.0
2026-07-28T15:20:00-04:00,25.475,25.545,25.47,25.529,31948.0
2026-07-28T15:25:00-04:00,25.53,25.549,25.505,25.505,35575.0
2026-07-28T15:30:00-04:00,25.505,25.505,25.45,25.455,54857.0
2026-07-28T15:35:00-04:00,25.45,25.465,25.38,25.38,46866.0
2026-07-28T15:40:00-04:00,25.385,25.438,25.37,25.429,46063.0
2026-07-28T15:45:00-04:00,25.43,25.43,25.375,25.375,40729.0
2026-07-28T15:50:00-04:00,25.39,25.48,25.375,25.435,107176.0
2026-07-28T15:55:00-04:00,25.43,25.44,25.3525,25.41,239648.0
2026-07-29T09:30:00-04:00,25.23,25.25,25.040001,25.08,81077.0
2026-07-29T09:35:00-04:00,25.0501,25.07,24.88,24.95,50170.0
2026-07-29T09:40:00-04:00,24.93,25.02,24.865,24.94,31592.0
2026-07-29T09:45:00-04:00,24.92,24.98,24.84,24.9,38588.0
2026-07-29T09:50:00-04:00,24.9,24.91,24.61,24.6701,67857.0
2026-07-29T09:55:00-04:00,24.685,24.7,24.57,24.65,90372.0
2026-07-29T10:00:00-04:00,24.64,24.68,24.565,24.63,24753.0
2026-07-29T10:05:00-04:00,24.65,24.6501,24.52,24.54,36092.0
2026-07-29T10:10:00-04:00,24.53,24.53,24.28,24.31,61421.0
2026-07-29T10:15:00-04:00,24.33,24.53,24.33,24.52,177759.0
2026-07-29T10:20:00-04:00,24.52,24.59,24.5,24.55,18742.0
2026-07-29T10:25:00-04:00,24.56,24.575,24.44,24.53,22030.0
2026-07-29T10:30:00-04:00,24.5,24.57,24.46,24.46,35226.0
2026-07-29T10:35:00-04:00,24.44,24.45,24.34,24.36,30941.0
2026-07-29T10:40:00-04:00,24.335,24.385,24.26,24.28,25314.0
2026-07-29T10:45:00-04:00,24.31,24.36,24.24,24.35,51737.0
2026-07-29T10:50:00-04:00,24.345,24.44,24.345,24.44,14580.0
2026-07-29T10:55:00-04:00,24.45,24.48,24.36,24.48,19317.0
2026-07-29T11:00:00-04:00,24.465,24.6,24.43,24.57,32838.0
2026-07-29T11:05:00-04:00,24.57,24.5872,24.51,24.53,28194.0
2026-07-29T11:10:00-04:00,24.55,24.55,24.37,24.37,30622.0
2026-07-29T11:15:00-04:00,24.37,24.445,24.37,24.38,18880.0
2026-07-29T11:20:00-04:00,24.38,24.44,24.365,24.39,24775.0
2026-07-29T11:25:00-04:00,24.385,24.405,24.345,24.371,33231.0
2026-07-29T11:30:00-04:00,24.37,24.405,24.35,24.36,17347.0
2026-07-29T11:35:00-04:00,24.38,24.415,24.3,24.31,23310.0
2026-07-29T11:40:00-04:00,24.3,24.31,24.245,24.275,24894.0
2026-07-29T11:45:00-04:00,24.27,24.395,24.255,24.38,61404.0
2026-07-29T11:50:00-04:00,24.39,24.415,24.32,24.32,39638.0
2026-07-29T11:55:00-04:00,24.32,24.38,24.285,24.38,15628.0
2026-07-29T12:00:00-04:00,24.38,24.39,24.195,24.195,33167.0
2026-07-29T12:05:00-04:00,24.19,24.33,24.18,24.31,68719.0
2026-07-29T12:10:00-04:00,24.325,24.34,24.235,24.24,34359.0
2026-07-29T12:15:00-04:00,24.23,24.26,24.23,24.2575,42338.0
2026-07-29T12:20:00-04:00,24.265,24.39,24.255,24.35,63184.0
2026-07-29T12:25:00-04:00,24.37,24.44,24.325,24.43,41410.0
2026-07-29T12:30:00-04:00,24.42,24.505,24.42,24.475,36135.0
2026-07-29T12:35:00-04:00,24.47,24.5,24.45,24.46,17660.0
2026-07-29T12:40:00-04:00,24.46,24.48,24.455,24.475,16478.0
2026-07-29T12:45:00-04:00,24.47,24.57,24.46,24.57,16211.0
2026-07-29T12:50:00-04:00,24.57,24.57,24.525,24.54,17728.0
2026-07-29T12:55:00-04:00,24.56,24.7,24.56,24.67,65015.0
2026-07-29T13:00:00-04:00,24.68,24.71,24.65,24.71,15771.0
2026-07-29T13:05:00-04:00,24.68,24.77,24.65,24.74,64228.0
2026-07-29T13:10:00-04:00,24.735,24.97,24.73,24.93,45273.0
2026-07-29T13:15:00-04:00,24.935,25.030001,24.935,25.030001,48678.0
2026-07-29T13:20:00-04:00,25.02,25.12,25.02,25.030001,26025.0
2026-07-29T13:25:00-04:00,25.049999,25.059999,24.99,24.99,15004.0
2026-07-29T13:30:00-04:00,24.99,25.047501,24.93,24.98,16696.0
2026-07-29T13:35:00-04:00,24.96,24.96,24.91,24.955,12606.0
2026-07-29T13:40:00-04:00,24.95,25.030001,24.95,24.965,20980.0
2026-07-29T13:45:00-04:00,24.95,25.01,24.95,24.9863,14732.0
2026-07-29T13:50:00-04:00,24.99,24.99,24.94,24.96,9469.0
2026-07-29T13:55:00-04:00,24.935,24.95,24.91,24.94,13073.0
2026-07-29T14:00:00-04:00,24.92,25.655,24.92,25.435,226565.0
2026-07-29T14:05:00-04:00,25.47,25.565,25.33,25.34,37538.0
2026-07-29T14:10:00-04:00,25.35,25.45,25.3,25.315,21846.0
2026-07-29T14:15:00-04:00,25.33,25.39,25.055,25.059999,32973.0
2026-07-29T14:20:00-04:00,25.059999,25.07,24.98,24.996,16619.0
2026-07-29T14:25:00-04:00,24.97,25.049999,24.94,25.049999,22005.0
2026-07-29T14:30:00-04:00,25.07,25.16,24.94,25.07,73824.0
2026-07-29T14:35:00-04:00,25.09,25.29,25.049999,25.26,46610.0
2026-07-29T14:40:00-04:00,25.26,25.47,25.26,25.45,35218.0
2026-07-29T14:45:00-04:00,25.38,25.52,25.365,25.515,70249.0
2026-07-29T14:50:00-04:00,25.5,25.6,25.46,25.565,54050.0
2026-07-29T14:55:00-04:00,25.575,25.685,25.55,25.685,35292.0
2026-07-29T15:00:00-04:00,25.67,25.72,25.45,25.46,61628.0
2026-07-29T15:05:00-04:00,25.46,25.5,25.33,25.37,95378.0
2026-07-29T15:10:00-04:00,25.38,25.52,25.34,25.51,39671.0
2026-07-29T15:15:00-04:00,25.51,25.55,25.37,25.37,39325.0
2026-07-29T15:20:00-04:00,25.38,25.38,25.175,25.26,74962.0
2026-07-29T15:25:00-04:00,25.23,25.27,25.12,25.25,39009.0
2026-07-29T15:30:00-04:00,25.26,25.35,25.084999,25.135,75421.0
2026-07-29T15:35:00-04:00,25.15,25.27,25.09,25.12,49092.0
2026-07-29T15:40:00-04:00,25.09,25.2,25.049999,25.11,51430.0
2026-07-29T15:45:00-04:00,25.12,25.125,24.96,25.049999,53250.0
2026-07-29T15:50:00-04:00,25.02,25.084999,24.95,25.025,95825.0
2026-07-29T15:55:00-04:00,25.02,25.030001,24.945,25.030001,320656.0
2026-07-30T09:30:00-04:00,25.96,26.01,25.64,25.645,114053.0
2026-07-30T09:35:00-04:00,25.65,25.69,25.4663,25.55,45717.0
2026-07-30T09:40:00-04:00,25.45,25.75,25.45,25.66,62661.0
2026-07-30T09:45:00-04:00,25.675,26.09,25.675,25.98,45721.0
2026-07-30T09:50:00-04:00,25.991,26.13,25.97,26.11,69754.0
2026-07-30T09:55:00-04:00,26.12,26.16,26.045,26.11,75367.0
2026-07-30T10:00:00-04:00,26.12,26.2,26.084999,26.16,48103.0
2026-07-30T10:05:00-04:00,26.15,26.17,25.84,25.84,64379.0
2026-07-30T10:10:00-04:00,25.84,25.925,25.77,25.785,38979.0
2026-07-30T10:15:00-04:00,25.78,25.85,25.72,25.76,20261.0
2026-07-30T10:20:00-04:00,25.76,25.92,25.735,25.77,29158.0
2026-07-30T10:25:00-04:00,25.81,25.97,25.805,25.97,22232.0
2026-07-30T10:30:00-04:00,25.97,26.11,25.89,26.02,34039.0
2026-07-30T10:35:00-04:00,26.02,26.16,25.99,26.118,31485.0
2026-07-30T10:40:00-04:00,26.11,26.27,26.11,26.215,32027.0
2026-07-30T10:45:00-04:00,26.21,26.26,26.155,26.23,28064.0
2026-07-30T10:50:00-04:00,26.23,26.235,26.0,26.0,39975.0
2026-07-30T10:55:00-04:00,25.995,26.014999,25.95,25.99,34047.0
2026-07-30T11:00:00-04:00,26.0049992,26.0049992,25.86,25.965,32117.0
2026-07-30T11:05:00-04:00,25.96,25.99,25.875,25.93,18640.0
2026-07-30T11:10:00-04:00,25.92,25.92,25.68,25.715,32944.0
2026-07-30T11:15:00-04:00,25.71,25.91,25.71,25.89,66387.0
2026-07-30T11:20:00-04:00,25.89,25.89,25.705,25.705,38351.0
2026-07-30T11:25:00-04:00,25.72,25.735,25.61,25.735,20705.0
2026-07-30T11:30:00-04:00,25.74,25.8,25.69,25.795,16990.0
2026-07-30T11:35:00-04:00,25.795,25.84,25.77,25.825,19814.0
2026-07-30T11:40:00-04:00,25.85,25.905,25.77,25.88,21553.0
2026-07-30T11:45:00-04:00,25.8863,25.92,25.845,25.895,27296.0
2026-07-30T11:50:00-04:00,25.895,25.99,25.88,25.95,22729.0
2026-07-30T11:55:00-04:00,25.965,26.02,25.965,25.98,13356.0
2026-07-30T12:00:00-04:00,26.040001,26.14,26.035,26.12,31248.0
2026-07-30T12:05:00-04:00,26.135,26.135,26.055,26.09,8941.0
2026-07-30T12:10:00-04:00,26.075001,26.13,26.049999,26.11,19495.0
2026-07-30T12:15:00-04:00,26.11,26.185,26.09,26.155,20996.0
2026-07-30T12:20:00-04:00,26.14,26.25,26.14,26.25,23968.0
2026-07-30T12:25:00-04:00,26.26,26.27,26.2105,26.2205,28108.0
2026-07-30T12:30:00-04:00,26.23,26.235,26.15,26.15,22092.0
2026-07-30T12:35:00-04:00,26.1445,26.18,26.1,26.1,12595.0
2026-07-30T12:40:00-04:00,26.11,26.11,26.049999,26.059999,13549.0
2026-07-30T12:45:00-04:00,26.055,26.13,26.049999,26.1,23560.0
2026-07-30T12:50:00-04:00,26.1,26.145,26.08,26.115,22747.0
2026-07-30T12:55:00-04:00,26.12,26.21,26.12,26.19,21950.0
2026-07-30T13:00:00-04:00,26.2,26.225,26.1,26.1,15455.0
2026-07-30T13:05:00-04:00,26.11,26.265,26.11,26.249,62882.0
2026-07-30T13:10:00-04:00,26.25,26.28,26.215,26.22,49068.0
2026-07-30T13:15:00-04:00,26.22,26.27,26.21,26.27,9684.0
2026-07-30T13:20:00-04:00,26.28,26.3,26.26,26.3,19420.0
2026-07-30T13:25:00-04:00,26.29,26.32,26.22,26.315,131277.0
2026-07-30T13:30:00-04:00,26.32,26.34,26.2,26.2,41353.0
2026-07-30T13:35:00-04:00,26.21,26.28,26.21,26.22,14874.0
2026-07-30T13:40:00-04:00,26.22,26.25,26.215,26.245,10310.0
2026-07-30T13:45:00-04:00,26.245,26.295,26.24,26.24,16070.0
2026-07-30T13:50:00-04:00,26.245,26.245,26.1501,26.16,14006.0
2026-07-30T13:55:00-04:00,26.16,26.195,26.15,26.185,10098.0
2026-07-30T14:00:00-04:00,26.19,26.2,26.155,26.155,16393.0
2026-07-30T14:05:00-04:00,26.16,26.2,26.13,26.2,18811.0
2026-07-30T14:10:00-04:00,26.2,26.22,26.17,26.21,11590.0
2026-07-30T14:15:00-04:00,26.2197,26.2197,26.169,26.169,9585.0
2026-07-30T14:20:00-04:00,26.165,26.18,26.155,26.16,15026.0
2026-07-30T14:25:00-04:00,26.15,26.165,26.12,26.165,9481.0
2026-07-30T14:30:00-04:00,26.16,26.175,26.09,26.1,15785.0
2026-07-30T14:35:00-04:00,26.115,26.13,26.08,26.125,16816.0
2026-07-30T14:40:00-04:00,26.12,26.185,26.11,26.17,14129.0
2026-07-30T14:45:00-04:00,26.18,26.18,26.13,26.13,12297.0
2026-07-30T14:50:00-04:00,26.12,26.12,26.075001,26.1,17121.0
2026-07-30T14:55:00-04:00,26.1,26.165,26.1,26.14,25684.0
2026-07-30T15:00:00-04:00,26.13,26.29,26.13,26.29,55805.0
2026-07-30T15:05:00-04:00,26.29,26.32,26.28,26.3,29672.0
2026-07-30T15:10:00-04:00,26.295,26.33,26.26,26.315,27435.0
2026-07-30T15:15:00-04:00,26.31,26.425,26.29,26.365,33950.0
2026-07-30T15:20:00-04:00,26.36,26.38,26.345,26.35,25963.0
2026-07-30T15:25:00-04:00,26.345,26.43,26.345,26.415,29810.0
2026-07-30T15:30:00-04:00,26.41,26.61,26.405,26.585,57820.0
2026-07-30T15:35:00-04:00,26.59,26.595,26.535,26.54,53229.0
2026-07-30T15:40:00-04:00,26.545,26.615,26.51,26.535,90571.0
2026-07-30T15:45:00-04:00,26.535,26.595,26.51,26.59,123419.0
2026-07-30T15:50:00-04:00,26.59,26.69,26.59,26.685,150942.0
2026-07-30T15:55:00-04:00,26.685,26.71,26.615,26.67,244109.0
2026-07-31T09:30:00-04:00,25.95,26.24,25.95,25.95,76750.0
2026-07-31T09:35:00-04:00,25.93,25.93,25.51,25.53,29863.0
2026-07-31T09:40:00-04:00,25.55,25.66,25.5,25.58,71229.0
2026-07-31T09:45:00-04:00,25.5301,25.575,25.425,25.485,52290.0
2026-07-31T09:50:00-04:00,25.49,25.53,25.42,25.43,34555.0
2026-07-31T09:55:00-04:00,25.43,25.5,25.35,25.41,71229.0
2026-07-31T10:00:00-04:00,25.44,25.49,25.41,25.4299,30482.0
2026-07-31T10:05:00-04:00,25.42,25.42,25.094999,25.14,88732.0
2026-07-31T10:10:00-04:00,25.15,25.3,25.1,25.125,38273.0
2026-07-31T10:15:00-04:00,25.0942,25.245,24.98,25.195,52263.0
2026-07-31T10:20:00-04:00,25.17,25.345,25.14,25.1911,33445.0
2026-07-31T10:25:00-04:00,25.235,25.46,25.22,25.435,19712.0
2026-07-31T10:30:00-04:00,25.445,25.575,25.43,25.53,40607.0
2026-07-31T10:35:00-04:00,25.52,25.6172,25.495,25.52,21989.0
2026-07-31T10:40:00-04:00,25.545,25.6034,25.51,25.55,20159.0
2026-07-31T10:45:00-04:00,25.55,25.73,25.53,25.7,16815.0
2026-07-31T10:50:00-04:00,25.7,25.82,25.7,25.765,19101.0
2026-07-31T10:55:00-04:00,25.77,25.885,25.77,25.88,17513.0
2026-07-31T11:00:00-04:00,25.885,25.885,25.755,25.805,29395.0
2026-07-31T11:05:00-04:00,25.82,25.85,25.74,25.7699,21220.0
2026-07-31T11:10:00-04:00,25.765,25.78,25.65,25.73,12439.0
2026-07-31T11:15:00-04:00,25.7275,25.845,25.65,25.69,23534.0
2026-07-31T11:20:00-04:00,25.69,25.69,25.61,25.61,13337.0
2026-07-31T11:25:00-04:00,25.61,25.61,25.54,25.57,15065.0
2026-07-31T11:30:00-04:00,25.57,25.57,25.49,25.55,14360.0
2026-07-31T11:35:00-04:00,25.55,25.64,25.54,25.62,12354.0
2026-07-31T11:40:00-04:00,25.59,25.59,25.49,25.54,11398.0
2026-07-31T11:45:00-04:00,25.52,25.52,25.42,25.44,13238.0
2026-07-31T11:50:00-04:00,25.45,25.54,25.45,25.54,10910.0
2026-07-31T11:55:00-04:00,25.56,25.6,25.56,25.585,8174.0
2026-07-31T12:00:00-04:00,25.62,25.63,25.56,25.58,13342.0
2026-07-31T12:05:00-04:00,25.57,25.57,25.49,25.52,14100.0
2026-07-31T12:10:00-04:00,25.52,25.565,25.5051,25.54,11447.0
2026-07-31T12:15:00-04:00,25.57,25.59,25.51,25.545,11704.0
2026-07-31T12:20:00-04:00,25.54,25.61,25.54,25.61,11951.0
2026-07-31T12:25:00-04:00,25.6,25.6,25.56,25.59,8128.0
2026-07-31T12:30:00-04:00,25.62,25.68,25.61,25.68,10378.0
2026-07-31T12:35:00-04:00,25.7,25.76,25.7,25.76,10159.0
2026-07-31T12:40:00-04:00,25.76,25.77,25.66,25.66,15041.0
2026-07-31T12:45:00-04:00,25.665,25.68,25.61,25.63,10701.0
2026-07-31T12:50:00-04:00,25.66,25.7,25.62,25.625,12946.0
2026-07-31T12:55:00-04:00,25.63,25.675,25.63,25.64,6011.0
2026-07-31T13:00:00-04:00,25.65,25.66,25.6,25.61,9066.0
2026-07-31T13:05:00-04:00,25.62,25.62,25.515,25.52,13570.0
2026-07-31T13:10:00-04:00,25.51,25.63,25.51,25.62,13711.0
2026-07-31T13:15:00-04:00,25.615,25.63,25.56,25.5851,14905.0
2026-07-31T13:20:00-04:00,25.595,25.595,25.53,25.575,31938.0
2026-07-31T13:25:00-04:00,25.5899,25.635,25.57,25.61,17657.0
2026-07-31T13:30:00-04:00,25.59,25.61,25.58,25.58,19550.0
2026-07-31T13:35:00-04:00,25.58,25.635,25.58,25.58,24707.0
2026-07-31T13:40:00-04:00,25.58,25.6968,25.58,25.69,52786.0
2026-07-31T13:45:00-04:00,25.69,25.74,25.64,25.645,10244.0
2026-07-31T13:50:00-04:00,25.64,25.69,25.64,25.65,7399.0
2026-07-31T13:55:00-04:00,25.64,25.72,25.64,25.71,7364.0
2026-07-31T14:00:00-04:00,25.7,25.745,25.69,25.69,11561.0
2026-07-31T14:05:00-04:00,25.675,25.68,25.6,25.6,13129.0
2026-07-31T14:10:00-04:00,25.61,25.61,25.54,25.55,9364.0
2026-07-31T14:15:00-04:00,25.55,25.64,25.55,25.59,19184.0
2026-07-31T14:20:00-04:00,25.59,25.6,25.55,25.6,8564.0
2026-07-31T14:25:00-04:00,25.61,25.635,25.6,25.635,6182.0
2026-07-31T14:30:00-04:00,25.64,25.645,25.605,25.63,7596.0
2026-07-31T14:35:00-04:00,25.63,25.7211,25.62,25.7211,12879.0
2026-07-31T14:40:00-04:00,25.71,25.71,25.69,25.69,8727.0
2026-07-31T14:45:00-04:00,25.7,25.71,25.64,25.67,10758.0
2026-07-31T14:50:00-04:00,25.67,25.69,25.66,25.69,8314.0
2026-07-31T14:55:00-04:00,25.69,25.6901,25.61,25.65,15150.0
2026-07-31T15:00:00-04:00,25.65,25.68,25.55,25.57,17189.0
2026-07-31T15:05:00-04:00,25.58,25.63,25.5699,25.615,20056.0
2026-07-31T15:10:00-04:00,25.6203,25.635,25.605,25.61,9741.0
2026-07-31T15:15:00-04:00,25.62,25.645,25.605,25.635,17008.0
2026-07-31T15:20:00-04:00,25.635,25.655,25.605,25.61,16143.0
2026-07-31T15:25:00-04:00,25.62,25.68,25.61,25.66,17217.0
2026-07-31T15:30:00-04:00,25.65,25.665,25.59,25.665,23543.0
2026-07-31T15:35:00-04:00,25.67,25.685,25.625,25.63,23732.0
2026-07-31T15:40:00-04:00,25.62,25.67,25.595,25.655,31087.0
2026-07-31T15:45:00-04:00,25.665,25.705,25.66,25.69,50941.0
2026-07-31T15:50:00-04:00,25.69,25.69,25.56,25.62,78126.0
2026-07-31T15:55:00-04:00,25.615,25.645,25.555,25.62,220280.0
2026-08-03T09:30:00-04:00,25.39,25.745,25.33,25.33,106297.0
2026-08-03T09:35:00-04:00,25.35,25.616,25.325,25.616,35760.0
2026-08-03T09:40:00-04:00,25.6,25.685,25.48,25.48,69445.0
2026-08-03T09:45:00-04:00,25.48,25.61,25.47,25.6,71971.0
2026-08-03T09:50:00-04:00,25.59,25.775,25.57,25.685,34899.0
2026-08-03T09:55:00-04:00,25.71,25.88,25.67,25.805,22337.0
2026-08-03T10:00:00-04:00,25.81,25.93,25.73,25.84,46849.0
2026-08-03T10:05:00-04:00,25.845,25.97,25.839,25.96,31829.0
2026-08-03T10:10:00-04:00,25.95,26.17,25.93,26.15,46560.0
2026-08-03T10:15:00-04:00,26.14,26.255,26.14,26.165,40292.0
2026-08-03T10:20:00-04:00,26.165,26.24,26.12,26.23,44947.0
2026-08-03T10:25:00-04:00,26.24,26.29,26.16,26.17,29563.0
2026-08-03T10:30:00-04:00,26.18,26.29,26.175,26.29,24787.0
2026-08-03T10:35:00-04:00,26.28,26.3,26.18,26.18,36585.0
2026-08-03T10:40:00-04:00,26.15,26.32,26.11,26.31,70295.0
2026-08-03T10:45:00-04:00,26.31,26.37,26.25,26.37,22422.0
2026-08-03T10:50:00-04:00,26.38,26.42,26.34,26.42,29999.0
2026-08-03T10:55:00-04:00,26.44,26.54,26.44,26.45,26839.0
2026-08-03T11:00:00-04:00,26.45,26.47,26.37,26.405,31435.0
2026-08-03T11:05:00-04:00,26.405,26.405,26.27,26.275,21766.0
2026-08-03T11:10:00-04:00,26.27,26.31,26.245,26.28,34224.0
2026-08-03T11:15:00-04:00,26.3,26.385,26.28,26.35,20305.0
2026-08-03T11:20:00-04:00,26.365,26.41,26.35,26.41,31216.0
2026-08-03T11:25:00-04:00,26.41,26.41,26.29,26.33,17125.0
2026-08-03T11:30:00-04:00,26.33,26.365,26.3,26.32,28283.0
2026-08-03T11:35:00-04:00,26.28,26.295,26.225,26.27,21572.0
2026-08-03T11:40:00-04:00,26.27,26.31,26.25,26.31,22601.0
2026-08-03T11:45:00-04:00,26.32,26.46,26.32,26.46,31693.0
2026-08-03T11:50:00-04:00,26.465,26.5,26.44,26.5,20226.0
2026-08-03T11:55:00-04:00,26.5,26.5,26.43,26.435,22285.0
2026-08-03T12:00:00-04:00,26.44,26.505,26.43,26.5,32339.0
2026-08-03T12:05:00-04:00,26.505,26.53,26.49,26.53,47413.0
2026-08-03T12:10:00-04:00,26.53,26.545,26.46,26.465,141003.0
2026-08-03T12:15:00-04:00,26.47,26.54,26.47,26.525,32752.0
2026-08-03T12:20:00-04:00,26.53,26.57,26.53,26.53,21085.0
2026-08-03T12:25:00-04:00,26.54,26.5899,26.53,26.53,22898.0
2026-08-03T12:30:00-04:00,26.55,26.57,26.51,26.54,18494.0
2026-08-03T12:35:00-04:00,26.53,26.575,26.49,26.49,19034.0
2026-08-03T12:40:00-04:00,26.48,26.58,26.4701,26.565,31634.0
2026-08-03T12:45:00-04:00,26.56,26.585,26.54,26.575,18113.0
2026-08-03T12:50:00-04:00,26.57,26.57,26.408,26.408,61940.0
2026-08-03T12:55:00-04:00,26.4,26.41,26.385,26.385,18381.0
2026-08-03T13:00:00-04:00,26.35,26.36,26.29,26.32,23154.0
2026-08-03T13:05:00-04:00,26.32,26.38,26.31,26.365,18450.0
2026-08-03T13:10:00-04:00,26.36,26.37,26.33,26.36,15618.0
2026-08-03T13:15:00-04:00,26.37,26.4,26.315,26.355,22306.0
2026-08-03T13:20:00-04:00,26.35,26.385,26.32,26.37,15436.0
2026-08-03T13:25:00-04:00,26.371,26.4,26.355,26.395,18962.0
2026-08-03T13:30:00-04:00,26.41,26.51,26.41,26.51,10546.0
2026-08-03T13:35:00-04:00,26.51,26.52,26.48,26.48,14290.0
2026-08-03T13:40:00-04:00,26.46,26.475,26.45,26.475,11882.0
2026-08-03T13:45:00-04:00,26.48,26.505,26.465,26.465,10210.0
2026-08-03T13:50:00-04:00,26.46,26.48,26.46,26.475,7502.0
2026-08-03T13:55:00-04:00,26.49,26.53,26.49,26.53,12052.0
2026-08-03T14:00:00-04:00,26.53,26.57,26.53,26.568,19907.0
2026-08-03T14:05:00-04:00,26.57,26.62,26.565,26.62,15430.0
2026-08-03T14:10:00-04:00,26.63,26.65,26.589,26.589,16861.0
2026-08-03T14:15:00-04:00,26.59,26.6254,26.585,26.61,14830.0
2026-08-03T14:20:00-04:00,26.59,26.61,26.585,26.6,7852.0
2026-08-03T14:25:00-04:00,26.595,26.595,26.57,26.57,8597.0
2026-08-03T14:30:00-04:00,26.575,26.6,26.575,26.59,17828.0
2026-08-03T14:35:00-04:00,26.6,26.6,26.52,26.52,17287.0
2026-08-03T14:40:00-04:00,26.5,26.5,26.475,26.495,14106.0
2026-08-03T14:45:00-04:00,26.5,26.54,26.49,26.54,14691.0
2026-08-03T14:50:00-04:00,26.5491,26.555,26.535,26.535,10561.0
2026-08-03T14:55:00-04:00,26.54,26.55,26.48,26.48,15793.0
2026-08-03T15:00:00-04:00,26.475,26.595,26.475,26.59,23451.0
2026-08-03T15:05:00-04:00,26.5999,26.6,26.5665,26.6,17966.0
2026-08-03T15:10:00-04:00,26.605,26.615,26.57,26.59,22427.0
2026-08-03T15:15:00-04:00,26.595,26.655,26.595,26.64,26324.0
2026-08-03T15:20:00-04:00,26.6595,26.8,26.6595,26.8,36949.0
2026-08-03T15:25:00-04:00,26.8,26.85,26.8,26.805,42846.0
2026-08-03T15:30:00-04:00,26.81,26.85,26.785,26.84,49096.0
2026-08-03T15:35:00-04:00,26.85,26.86,26.825,26.85,59807.0
2026-08-03T15:40:00-04:00,26.85,26.855,26.795,26.83,57634.0
2026-08-03T15:45:00-04:00,26.845,26.96,26.83,26.925,85739.0
2026-08-03T15:50:00-04:00,26.93,27.01,26.915,27.0,88098.0
2026-08-03T15:55:00-04:00,26.98,27.1,26.965,26.975,174682.0
2026-08-04T09:30:00-04:00,27.848,28.0,27.43,27.48,190666.0
2026-08-04T09:35:00-04:00,27.51,27.76,27.51,27.59,69433.0
2026-08-04T09:40:00-04:00,27.59,27.67,27.55,27.55,62383.0
2026-08-04T09:45:00-04:00,27.51,27.56,27.4,27.52,67289.0
2026-08-04T09:50:00-04:00,27.53,27.68,27.53,27.64,39861.0
2026-08-04T09:55:00-04:00,27.61,27.63,27.3701,27.42,38315.0
2026-08-04T10:00:00-04:00,27.42,27.61,27.39,27.525,50134.0
2026-08-04T10:05:00-04:00,27.53,27.705,27.505,27.635,49927.0
2026-08-04T10:10:00-04:00,27.66,27.755,27.62,27.69,59435.0
2026-08-04T10:15:00-04:00,27.7,27.72,27.395,27.41,50937.0
2026-08-04T10:20:00-04:00,27.41,27.42,27.23,27.27,60811.0
2026-08-04T10:25:00-04:00,27.27,27.305,27.22,27.23,40673.0
2026-08-04T10:30:00-04:00,27.22,27.27,27.07,27.07,72445.0
2026-08-04T10:35:00-04:00,27.07,27.15,26.98,27.07,65449.0
2026-08-04T10:40:00-04:00,27.049999,27.049999,26.86,26.89,66387.0
2026-08-04T10:45:00-04:00,26.88,26.98,26.86,26.965,51227.0
2026-08-04T10:50:00-04:00,27.01,27.084999,27.01,27.08,41244.0
2026-08-04T10:55:00-04:00,27.08,27.215,27.040001,27.16,30896.0
2026-08-04T11:00:00-04:00,27.17,27.18,27.1,27.15,49963.0
2026-08-04T11:05:00-04:00,27.1512,27.23,27.13,27.23,32243.0
2026-08-04T11:10:00-04:00,27.235,27.28,27.19,27.19,37158.0
2026-08-04T11:15:00-04:00,27.18,27.21,27.075001,27.094999,28967.0
2026-08-04T11:20:00-04:00,27.1,27.11,27.049999,27.07,42327.0
2026-08-04T11:25:00-04:00,27.084999,27.15,27.084999,27.14,29002.0
2026-08-04T11:30:00-04:00,27.13,27.18,27.1,27.1,34424.0
2026-08-04T11:35:00-04:00,27.1,27.2,27.1,27.135,32435.0
2026-08-04T11:40:00-04:00,27.18,27.235,27.16,27.23,20897.0
2026-08-04T11:45:00-04:00,27.225,27.26,27.2,27.255,20494.0
2026-08-04T11:50:00-04:00,27.26,27.335,27.26,27.315,26279.0
2026-08-04T11:55:00-04:00,27.32,27.34,27.285,27.295,20527.0
2026-08-04T12:00:00-04:00,27.29,27.335,27.275,27.28,27148.0
2026-08-04T12:05:00-04:00,27.27,27.38,27.27,27.37,29402.0
2026-08-04T12:10:00-04:00,27.37,27.38,27.31,27.31,24231.0
2026-08-04T12:15:00-04:00,27.31,27.34,27.29,27.3,31411.0
2026-08-04T12:20:00-04:00,27.3,27.415,27.3,27.41,42808.0
2026-08-04T12:25:00-04:00,27.41,27.42,27.35,27.37,44453.0
2026-08-04T12:30:00-04:00,27.35,27.365,27.3,27.355,36552.0
2026-08-04T12:35:00-04:00,27.355,27.38,27.305,27.315,40070.0
2026-08-04T12:40:00-04:00,27.31,27.345,27.285,27.345,21792.0
2026-08-04T12:45:00-04:00,27.345,27.405,27.34,27.38,26834.0
2026-08-04T12:50:00-04:00,27.395,27.42,27.355,27.375,19445.0
2026-08-04T12:55:00-04:00,27.38,27.415,27.38,27.405,17431.0
2026-08-04T13:00:00-04:00,27.41,27.43,27.36,27.41,34645.0
2026-08-04T13:05:00-04:00,27.41,27.44,27.37,27.41,27230.0
2026-08-04T13:10:00-04:00,27.42,27.45,27.41,27.43,27902.0
2026-08-04T13:15:00-04:00,27.435,27.435,27.34,27.35,24597.0
2026-08-04T13:20:00-04:00,27.36,27.405,27.355,27.405,17170.0
2026-08-04T13:25:00-04:00,27.41,27.415,27.36,27.36,23758.0
2026-08-04T13:30:00-04:00,27.36,27.41,27.355,27.41,29809.0
2026-08-04T13:35:00-04:00,27.425,27.475,27.42,27.425,24186.0
2026-08-04T13:40:00-04:00,27.43,27.48,27.42,27.48,21207.0
2026-08-04T13:45:00-04:00,27.47,27.5,27.44,27.445,19174.0
2026-08-04T13:50:00-04:00,27.44,27.44,27.36,27.395,30453.0
2026-08-04T13:55:00-04:00,27.39,27.42,27.365,27.375,37750.0
2026-08-04T14:00:00-04:00,27.37,27.37,27.31,27.315,25225.0
2026-08-04T14:05:00-04:00,27.32,27.37,27.32,27.37,29951.0
2026-08-04T14:10:00-04:00,27.35,27.38,27.335,27.38,29552.0
2026-08-04T14:15:00-04:00,27.38,27.38,27.335,27.34,27585.0
2026-08-04T14:20:00-04:00,27.345,27.365,27.31,27.3295,34589.0
2026-08-04T14:25:00-04:00,27.33,27.355,27.305,27.32,17689.0
2026-08-04T14:30:00-04:00,27.33,27.335,27.25,27.275,23248.0
2026-08-04T14:35:00-04:00,27.27,27.27,27.19,27.2,25213.0
2026-08-04T14:40:00-04:00,27.19,27.2,27.135,27.1799,32997.0
2026-08-04T14:45:00-04:00,27.1891,27.24,27.185,27.23,24726.0
2026-08-04T14:50:00-04:00,27.235,27.245,27.185,27.199,30356.0
2026-08-04T14:55:00-04:00,27.2,27.23,27.195,27.2,42200.0
2026-08-04T15:00:00-04:00,27.21,27.22,27.165,27.185,36668.0
2026-08-04T15:05:00-04:00,27.19,27.265,27.19,27.26,36329.0
2026-08-04T15:10:00-04:00,27.27,27.285,27.2,27.2,48645.0
2026-08-04T15:15:00-04:00,27.2,27.245,27.185,27.245,46884.0
2026-08-04T15:20:00-04:00,27.245,27.265,27.155,27.165,113030.0
2026-08-04T15:25:00-04:00,27.165,27.22,27.155,27.2,44947.0
2026-08-04T15:30:00-04:00,27.19,27.2,26.941,26.95,131251.0
2026-08-04T15:35:00-04:00,26.95,26.99,26.83,26.905,137840.0
2026-08-04T15:40:00-04:00,26.9,26.925,26.875,26.9,98805.0
2026-08-04T15:45:00-04:00,26.89,26.905,26.75,26.76,130919.0
2026-08-04T15:50:00-04:00,26.78,26.83,26.69,26.7,185228.0
2026-08-04T15:55:00-04:00,26.71,26.735,26.532,26.59,505816.0
2026-08-05T09:30:00-04:00,27.35,28.63,27.35,28.2,300505.0
2026-08-05T09:35:00-04:00,28.23,28.47,27.87,28.3,294842.0
2026-08-05T09:40:00-04:00,28.24,28.32,28.1,28.25,136128.0
2026-08-05T09:45:00-04:00,28.24,28.36,28.01,28.01,156054.0
2026-08-05T09:50:00-04:00,28.059999,28.37,27.975,28.235,83451.0
2026-08-05T09:55:00-04:00,28.28,28.41,28.27,28.345,67098.0
2026-08-05T10:00:00-04:00,28.31,28.31,28.0301,28.26,110917.0
2026-08-05T10:05:00-04:00,28.25,28.54,28.25,28.39,91945.0
2026-08-05T10:10:00-04:00,28.44,28.5,28.28,28.44,88418.0
2026-08-05T10:15:00-04:00,28.465,28.62,28.45,28.53,109168.0
2026-08-05T10:20:00-04:00,28.52,28.575,28.42,28.525,72540.0
2026-08-05T10:25:00-04:00,28.55,28.65,28.495,28.5,48586.0
2026-08-05T10:30:00-04:00,28.53,28.55,28.39,28.44,36947.0
2026-08-05T10:35:00-04:00,28.455,28.5862,28.42,28.465,32981.0
2026-08-05T10:40:00-04:00,28.445,28.61,28.41,28.565,83229.0
2026-08-05T10:45:00-04:00,28.59,28.9,28.58,28.89,81918.0
2026-08-05T10:50:00-04:00,28.88,28.88,28.555,28.65,46987.0
2026-08-05T10:55:00-04:00,28.69,28.75,28.6,28.6,68496.0
2026-08-05T11:00:00-04:00,28.6,28.91,28.6,28.88,41736.0
2026-08-05T11:05:00-04:00,28.9,29.115,28.8988,29.115,57110.0
2026-08-05T11:10:00-04:00,29.11,29.21,29.08,29.13,66270.0
2026-08-05T11:15:00-04:00,29.14,29.27,29.1,29.27,65553.0
2026-08-05T11:20:00-04:00,29.2732,29.345,29.219,29.325,55451.0
2026-08-05T11:25:00-04:00,29.33,29.385,29.26,29.32,76864.0
2026-08-05T11:30:00-04:00,29.31,29.405,29.25,29.25,105556.0
2026-08-05T11:35:00-04:00,29.25,29.3,29.22,29.29,61857.0
2026-08-05T11:40:00-04:00,29.31,29.32,29.094999,29.13,67609.0
2026-08-05T11:45:00-04:00,29.12,29.12,28.97,29.02,39339.0
2026-08-05T11:50:00-04:00,29.0,29.0,28.83,28.915,83230.0
2026-08-05T11:55:00-04:00,28.925,28.995,28.85,28.94,82620.0
2026-08-05T12:00:00-04:00,28.93,29.035,28.885,28.885,52718.0
2026-08-05T12:05:00-04:00,28.875,28.935,28.83,28.935,121578.0
2026-08-05T12:10:00-04:00,28.94,28.98,28.9,28.94,47997.0
2026-08-05T12:15:00-04:00,28.99,29.1,28.98,29.040001,21640.0
2026-08-05T12:20:00-04:00,29.059999,29.1097,29.049999,29.059999,27987.0
2026-08-05T12:25:00-04:00,29.049999,29.15,29.049999,29.13,38802.0
2026-08-05T12:30:00-04:00,29.14,29.15,29.07,29.145,26600.0
2026-08-05T12:35:00-04:00,29.155,29.2,29.115,29.17,33154.0
2026-08-05T12:40:00-04:00,29.18,29.18,29.059999,29.065001,27269.0
2026-08-05T12:45:00-04:00,29.07,29.125,29.045,29.049999,51969.0
2026-08-05T12:50:00-04:00,29.07,29.18,29.07,29.17,18107.0
2026-08-05T12:55:00-04:00,29.175,29.175,29.09,29.125,37932.0
2026-08-05T13:00:00-04:00,29.13,29.185,29.055,29.07,34411.0
2026-08-05T13:05:00-04:00,29.08,29.09,28.92,28.97,67080.0
2026-08-05T13:10:00-04:00,28.97,29.059999,28.945,28.99,42099.0
2026-08-05T13:15:00-04:00,28.97,29.07,28.97,29.01,20115.0
2026-08-05T13:20:00-04:00,29.0,29.02,28.8,28.8,29507.0
2026-08-05T13:25:00-04:00,28.8,28.94,28.79,28.88,35942.0
2026-08-05T13:30:00-04:00,28.87,28.99,28.83,28.97,30216.0
2026-08-05T13:35:00-04:00,28.99,29.055,28.9851,29.040001,24960.0
2026-08-05T13:40:00-04:00,29.059999,29.059999,28.99,28.99,25358.0
2026-08-05T13:45:00-04:00,28.985,29.1,28.98,29.049999,27359.0
2026-08-05T13:50:00-04:00,29.045,29.08,29.0049992,29.014999,23572.0
2026-08-05T13:55:00-04:00,29.0049992,29.059999,28.99,29.000099182,19923.0
2026-08-05T14:00:00-04:00,29.01,29.14,29.0049992,29.075001,36137.0
2026-08-05T14:05:00-04:00,29.09,29.185,29.059999,29.16,67052.0
2026-08-05T14:10:00-04:00,29.17,29.18,29.1004,29.115,45488.0
2026-08-05T14:15:00-04:00,29.11,29.22,29.1,29.215,24416.0
2026-08-05T14:20:00-04:00,29.205,29.31,29.185,29.255,37591.0
2026-08-05T14:25:00-04:00,29.26,29.31,29.2162,29.235,58766.0
2026-08-05T14:30:00-04:00,29.23,29.235,29.09,29.09,61365.0
2026-08-05T14:35:00-04:00,29.094999,29.1,29.01,29.01,31797.0
2026-08-05T14:40:00-04:00,29.01,29.094999,29.0,29.094999,38448.0
2026-08-05T14:45:00-04:00,29.1,29.17,29.075001,29.13,24602.0
2026-08-05T14:50:00-04:00,29.135,29.21,29.12,29.205,37862.0
2026-08-05T14:55:00-04:00,29.2,29.25,29.195,29.229,34660.0
2026-08-05T15:00:00-04:00,29.22,29.325,29.22,29.275,71907.0
2026-08-05T15:05:00-04:00,29.275,29.29,29.175,29.23,57954.0
2026-08-05T15:10:00-04:00,29.235,29.28,29.205,29.215,34047.0
2026-08-05T15:15:00-04:00,29.21,29.31,29.175,29.295,58787.0
2026-08-05T15:20:00-04:00,29.285,29.36,29.285,29.355,33703.0
2026-08-05T15:25:00-04:00,29.36,29.38,29.27,29.37,38682.0
2026-08-05T15:30:00-04:00,29.38,29.43,29.3,29.42,67709.0
2026-08-05T15:35:00-04:00,29.41,29.44,29.345,29.39,79532.0
2026-08-05T15:40:00-04:00,29.385,29.465,29.3,29.335,66653.0
2026-08-05T15:45:00-04:00,29.35,29.36,29.19,29.19,76700.0
2026-08-05T15:50:00-04:00,29.2,29.2,29.055,29.105,138313.0
2026-08-05T15:55:00-04:00,29.040001,29.1,28.945,29.0,416450.0
2026-08-06T09:30:00-04:00,28.33,28.92,28.28,28.855,106043.0
2026-08-06T09:35:00-04:00,28.92,29.41,28.85,29.37,87885.0
2026-08-06T09:40:00-04:00,29.385,29.63,29.38,29.5754,65952.0
2026-08-06T09:45:00-04:00,29.52,29.78,29.46,29.54,46317.0
2026-08-06T09:50:00-04:00,29.546,29.685,29.51,29.6,78299.0
2026-08-06T09:55:00-04:00,29.59,29.69,29.415,29.435,69185.0
2026-08-06T10:00:00-04:00,29.45,29.59,29.42,29.499,35795.0
2026-08-06T10:05:00-04:00,29.495,29.53,29.37,29.43,26658.0
2026-08-06T10:10:00-04:00,29.44,29.63,29.44,29.51,35966.0
2026-08-06T10:15:00-04:00,29.5421,29.57,29.44,29.44,33966.0
2026-08-06T10:20:00-04:00,29.465,29.49,29.265,29.28,44831.0
2026-08-06T10:25:00-04:00,29.31,29.331,29.17,29.23,26498.0
2026-08-06T10:30:00-04:00,29.24,29.39,29.22,29.37,23758.0
2026-08-06T10:35:00-04:00,29.37,29.48,29.37,29.45,28330.0
2026-08-06T10:40:00-04:00,29.41,29.52,29.41,29.4698,47330.0
2026-08-06T10:45:00-04:00,29.48,29.48,29.41,29.42,28054.0
2026-08-06T10:50:00-04:00,29.38,29.565,29.38,29.565,24557.0
2026-08-06T10:55:00-04:00,29.575,29.585,29.4,29.45,20851.0
2026-08-06T11:00:00-04:00,29.48,29.48,29.25,29.27,25895.0
2026-08-06T11:05:00-04:00,29.28,29.4,29.275,29.36,23508.0
2026-08-06T11:10:00-04:00,29.37,29.48,29.37,29.42,31742.0
2026-08-06T11:15:00-04:00,29.435,29.45,29.32,29.37,24290.0
2026-08-06T11:20:00-04:00,29.345,29.365,29.2,29.27,27545.0
2026-08-06T11:25:00-04:00,29.24,29.31,29.18,29.25,24438.0
2026-08-06T11:30:00-04:00,29.26,29.26,29.125,29.125,22593.0
2026-08-06T11:35:00-04:00,29.12,29.15,29.040001,29.075001,43345.0
2026-08-06T11:40:00-04:00,29.0874,29.091999,29.0,29.035,55097.0
2026-08-06T11:45:00-04:00,29.059999,29.11,29.030001,29.08,26324.0
2026-08-06T11:50:00-04:00,29.08,29.094999,28.83,28.84,57953.0
2026-08-06T11:55:00-04:00,28.84,28.935,28.792,28.86,18848.0
2026-08-06T12:00:00-04:00,28.85,28.8599,28.72,28.75,18241.0
2026-08-06T12:05:00-04:00,28.76,28.82,28.745,28.805,31079.0
2026-08-06T12:10:00-04:00,28.81,28.8399,28.655,28.66,22656.0
2026-08-06T12:15:00-04:00,28.68,28.68,28.54,28.59,28625.0
2026-08-06T12:20:00-04:00,28.595,28.61,28.51,28.55,20177.0
2026-08-06T12:25:00-04:00,28.57,28.6,28.55,28.6,14585.0
2026-08-06T12:30:00-04:00,28.61,28.7,28.61,28.69,14940.0
2026-08-06T12:35:00-04:00,28.71,28.795,28.68,28.7776,14444.0
2026-08-06T12:40:00-04:00,28.78,28.95,28.76,28.93,35288.0
2026-08-06T12:45:00-04:00,28.93,28.93,28.82,28.86,35683.0
2026-08-06T12:50:00-04:00,28.87,28.955,28.87,28.95,20715.0
2026-08-06T12:55:00-04:00,28.96,29.0459,28.94,29.02,26003.0
2026-08-06T13:00:00-04:00,29.030001,29.07,28.975,29.059999,31189.0
2026-08-06T13:05:00-04:00,29.049999,29.049999,28.975,29.035,16069.0
2026-08-06T13:10:00-04:00,29.02,29.02,28.925,28.93,15813.0
2026-08-06T13:15:00-04:00,28.915,28.95,28.89,28.95,14391.0
2026-08-06T13:20:00-04:00,28.99,29.0,28.94,28.94,10547.0
2026-08-06T13:25:00-04:00,28.95,29.01,28.95,28.97,12773.0
2026-08-06T13:30:00-04:00,28.95,29.014999,28.94,28.98,13006.0
2026-08-06T13:35:00-04:00,29.0,29.01,28.96,28.965,12841.0
2026-08-06T13:40:00-04:00,28.98,28.99,28.9301,28.95,14331.0
2026-08-06T13:45:00-04:00,28.949,28.965,28.93,28.96,14299.0
2026-08-06T13:50:00-04:00,28.95,29.040001,28.95,29.030001,12383.0
2026-08-06T13:55:00-04:00,28.99,29.0049992,28.97,29.0049992,11226.0
2026-08-06T14:00:00-04:00,29.01,29.01,28.83,28.85,24773.0
2026-08-06T14:05:00-04:00,28.88,28.885,28.83,28.855,17045.0
2026-08-06T14:10:00-04:00,28.87,28.87,28.82,28.86,20453.0
2026-08-06T14:15:00-04:00,28.85,28.9,28.8,28.88,20921.0
2026-08-06T14:20:00-04:00,28.89,28.92,28.855,28.875,18455.0
2026-08-06T14:25:00-04:00,28.875,28.92,28.83,28.83,18957.0
2026-08-06T14:30:00-04:00,28.82,28.82,28.695,28.71,28999.0
2026-08-06T14:35:00-04:00,28.73,28.76,28.71,28.755,21672.0
2026-08-06T14:40:00-04:00,28.74,28.74,28.685,28.7,18610.0
2026-08-06T14:45:00-04:00,28.7,28.75,28.7,28.72,19548.0
2026-08-06T14:50:00-04:00,28.705,28.725,28.67,28.69,20032.0
2026-08-06T14:55:00-04:00,28.68,28.715,28.655,28.7,22447.0
2026-08-06T15:00:00-04:00,28.695,28.735,28.685,28.735,20796.0
2026-08-06T15:05:00-04:00,28.735,28.745,28.695,28.72,21767.0
2026-08-06T15:10:00-04:00,28.725,28.7475,28.695,28.7,22579.0
2026-08-06T15:15:00-04:00,28.685,28.695,28.605,28.64,30170.0
2026-08-06T15:20:00-04:00,28.64,28.68,28.58,28.58,29187.0
2026-08-06T15:25:00-04:00,28.56,28.615,28.56,28.59,30214.0
2026-08-06T15:30:00-04:00,28.59,28.65,28.59,28.64,45993.0
2026-08-06T15:35:00-04:00,28.635,28.67,28.625,28.63,27873.0
2026-08-06T15:40:00-04:00,28.64,28.65,28.525,28.525,44243.0
2026-08-06T15:45:00-04:00,28.54,28.62,28.54,28.62,51546.0
2026-08-06T15:50:00-04:00,28.62,28.815,28.62,28.815,79738.0
2026-08-06T15:55:00-04:00,28.8,28.805,28.705,28.775,215587.0
2026-08-07T09:30:00-04:00,30.2,30.65,30.2,30.36,176450.0
2026-08-07T09:35:00-04:00,30.41,30.5599,30.345,30.48,25602.0
2026-08-07T09:40:00-04:00,30.5,30.5599,30.39,30.5,64471.0
2026-08-07T09:45:00-04:00,30.47,30.7,30.45,30.61,201935.0
2026-08-07T09:50:00-04:00,30.605,30.69,30.5,30.655,38666.0
2026-08-07T09:55:00-04:00,30.65,30.65,30.47,30.5,25463.0
2026-08-07T10:00:00-04:00,30.55,30.67,30.48,30.51,88869.0
2026-08-07T10:05:00-04:00,30.525,30.69,30.52,30.63,66963.0
2026-08-07T10:10:00-04:00,30.635,30.71,30.48,30.64,46224.0
2026-08-07T10:15:00-04:00,30.63,31.040001,30.54,31.040001,107911.0
2026-08-07T10:20:00-04:00,31.040001,31.0476,30.8,30.91,32425.0
2026-08-07T10:25:00-04:00,30.855,30.98,30.82,30.92,42287.0
2026-08-07T10:30:00-04:00,30.92,30.92,30.72,30.75,30512.0
2026-08-07T10:35:00-04:00,30.78,30.82,30.71,30.72,42571.0
2026-08-07T10:40:00-04:00,30.68,30.83,30.68,30.71,32226.0
2026-08-07T10:45:00-04:00,30.76,30.87,30.68,30.79,33223.0
2026-08-07T10:50:00-04:00,30.81,30.89,30.78,30.83,27298.0
2026-08-07T10:55:00-04:00,30.85,30.87,30.71,30.715,32759.0
2026-08-07T11:00:00-04:00,30.73,30.94,30.73,30.93,47041.0
2026-08-07T11:05:00-04:00,30.925,31.11,30.925,31.11,48676.0
2026-08-07T11:10:00-04:00,31.11,31.28,31.11,31.25,44839.0
2026-08-07T11:15:00-04:00,31.25,31.265,31.16,31.16,24562.0
2026-08-07T11:20:00-04:00,31.18,31.22,31.15,31.17,17177.0
2026-08-07T11:25:00-04:00,31.21,31.35,31.2,31.29,36247.0
2026-08-07T11:30:00-04:00,31.295,31.3,31.16,31.16,32623.0
2026-08-07T11:35:00-04:00,31.15,31.2,31.13,31.18,28348.0
2026-08-07T11:40:00-04:00,31.16,31.16,30.98,31.0,14667.0
2026-08-07T11:45:00-04:00,30.9901,31.040001,30.99,31.01,14403.0
2026-08-07T11:50:00-04:00,31.0501,31.0501,30.94,30.99,31570.0
2026-08-07T11:55:00-04:00,30.98,31.030001,30.96,31.0049992,17968.0
2026-08-07T12:00:00-04:00,30.99,31.14,30.95,31.14,19207.0
2026-08-07T12:05:00-04:00,31.14,31.23,31.135,31.225,26841.0
2026-08-07T12:10:00-04:00,31.255,31.26,31.15,31.17,21483.0
2026-08-07T12:15:00-04:00,31.18,31.23,31.16,31.17,33531.0
2026-08-07T12:20:00-04:00,31.16,31.22,31.059999,31.09,42081.0
2026-08-07T12:25:00-04:00,31.08,31.09,31.0,31.01,25903.0
2026-08-07T12:30:00-04:00,31.0049992,31.02,30.87,30.9,46781.0
2026-08-07T12:35:00-04:00,30.895,31.01,30.875,30.96,77321.0
2026-08-07T12:40:00-04:00,30.94,30.99,30.845,30.92,92987.0
2026-08-07T12:45:00-04:00,30.915,30.97,30.84,30.965,49933.0
2026-08-07T12:50:00-04:00,30.97,31.059999,30.94,31.049999,143757.0
2026-08-07T12:55:00-04:00,31.049999,31.059999,30.72,30.72,58030.0
2026-08-07T13:00:00-04:00,30.72,30.995,30.69,30.995,120101.0
2026-08-07T13:05:00-04:00,30.97,31.014999,30.97,31.014999,19399.0
2026-08-07T13:10:00-04:00,31.030001,31.059999,30.975,30.985,18553.0
2026-08-07T13:15:00-04:00,30.98,31.02,30.9504,30.975,16910.0
2026-08-07T13:20:00-04:00,30.995,31.08,30.995,31.08,17185.0
2026-08-07T13:25:00-04:00,31.08,31.12,31.07,31.07,30466.0
2026-08-07T13:30:00-04:00,31.059999,31.122,30.96,31.09,45548.0
2026-08-07T13:35:00-04:00,31.08,31.195,31.049999,31.195,34608.0
2026-08-07T13:40:00-04:00,31.19,31.2,31.12,31.12,24850.0
2026-08-07T13:45:00-04:00,31.13,31.19,31.084999,31.12,31334.0
2026-08-07T13:50:00-04:00,31.1251,31.315,31.12,31.275,323624.0
2026-08-07T13:55:00-04:00,31.28,31.29,31.25,31.26,24407.0
2026-08-07T14:00:00-04:00,31.265,31.275,31.17,31.22,33168.0
2026-08-07T14:05:00-04:00,31.23,31.3,31.2114,31.26,23844.0
2026-08-07T14:10:00-04:00,31.26,31.265,31.145,31.15,24845.0
2026-08-07T14:15:00-04:00,31.17,31.225,31.155,31.155,23445.0
2026-08-07T14:20:00-04:00,31.17,31.2,31.09,31.1,30077.0
2026-08-07T14:25:00-04:00,31.1,31.11,31.07,31.11,21771.0
2026-08-07T14:30:00-04:00,31.12,31.1899,31.105,31.14,27553.0
2026-08-07T14:35:00-04:00,31.18,31.205,31.13,31.135,33403.0
2026-08-07T14:40:00-04:00,31.13,31.13,31.049999,31.049999,16136.0
2026-08-07T14:45:00-04:00,31.055,31.17,31.055,31.17,15312.0
2026-08-07T14:50:00-04:00,31.165,31.18,31.145,31.15,16927.0
2026-08-07T14:55:00-04:00,31.16,31.16,31.049999,31.08,47278.0
2026-08-07T15:00:00-04:00,31.08,31.22,31.08,31.19,71842.0
2026-08-07T15:05:00-04:00,31.205,31.425,31.205,31.425,26591.0
2026-08-07T15:10:00-04:00,31.42,31.44,31.405,31.42,20884.0
2026-08-07T15:15:00-04:00,31.41,31.5,31.4,31.49,42489.0
2026-08-07T15:20:00-04:00,31.485,31.57,31.485,31.51,40112.0
2026-08-07T15:25:00-04:00,31.5,31.585,31.49,31.57,30369.0
2026-08-07T15:30:00-04:00,31.575,31.58,31.48,31.51,45081.0
2026-08-07T15:35:00-04:00,31.515,31.6,31.505,31.6,33597.0
2026-08-07T15:40:00-04:00,31.595,31.6,31.45,31.46,52387.0
2026-08-07T15:45:00-04:00,31.465,31.565,31.452,31.565,45261.0
2026-08-07T15:50:00-04:00,31.565,31.69,31.56,31.64,86374.0
2026-08-07T15:55:00-04:00,31.645,31.78,31.64,31.77,218099.0
2026-08-10T09:30:00-04:00,31.56,31.7562,31.46,31.695,141713.0
2026-08-10T09:35:00-04:00,31.69,31.77,31.47,31.5,29960.0
2026-08-10T09:40:00-04:00,31.4807,31.51,31.135,31.14,82141.0
2026-08-10T09:45:00-04:00,31.14,31.21,31.040001,31.08,54916.0
2026-08-10T09:50:00-04:00,31.1,31.16,30.9557,31.115,65610.0
2026-08-10T09:55:00-04:00,31.13,31.14,31.030001,31.09,21278.0
2026-08-10T10:00:00-04:00,31.09,31.26,31.09,31.13,45986.0
2026-08-10T10:05:00-04:00,31.13,31.2947,31.13,31.265,88958.0
2026-08-10T10:10:00-04:00,31.26,31.545,31.26,31.495,47727.0
2026-08-10T10:15:00-04:00,31.49,31.61,31.4356,31.53,54928.0
2026-08-10T10:20:00-04:00,31.52,31.565,31.46,31.53,31834.0
2026-08-10T10:25:00-04:00,31.59,31.76,31.57,31.72,46069.0
2026-08-10T10:30:00-04:00,31.7,31.75,31.6,31.62,57960.0
2026-08-10T10:35:00-04:00,31.64,31.665,31.55,31.55,23428.0
2026-08-10T10:40:00-04:00,31.545,31.73,31.545,31.62,25957.0
2026-08-10T10:45:00-04:00,31.635,31.705,31.63,31.68,57543.0
2026-08-10T10:50:00-04:00,31.681,31.681,31.33,31.3501,54776.0
2026-08-10T10:55:00-04:00,31.37,31.46,31.2,31.2,51826.0
2026-08-10T11:00:00-04:00,31.21,31.39,31.1901,31.3501,71491.0
2026-08-10T11:05:00-04:00,31.36,31.445,31.32,31.38,55926.0
2026-08-10T11:10:00-04:00,31.38,31.475,31.33,31.43,37471.0
2026-08-10T11:15:00-04:00,31.425,31.455,31.33,31.33,59397.0
2026-08-10T11:20:00-04:00,31.325,31.395,31.23,31.265,78194.0
2026-08-10T11:25:00-04:00,31.26,31.295,31.17,31.17,51423.0
2026-08-10T11:30:00-04:00,31.19,31.225,31.13,31.16,39407.0
2026-08-10T11:35:00-04:00,31.17,31.2191,31.14,31.14,29892.0
2026-08-10T11:40:00-04:00,31.17,31.22,31.14,31.18,33095.0
2026-08-10T11:45:00-04:00,31.195,31.23,31.175,31.215,33241.0
2026-08-10T11:50:00-04:00,31.22,31.31,31.215,31.28,36065.0
2026-08-10T11:55:00-04:00,31.285,31.49,31.28,31.36,129429.0
2026-08-10T12:00:00-04:00,31.35,31.41,31.29,31.369,32646.0
2026-08-10T12:05:00-04:00,31.37,31.445,31.35,31.39,80128.0
2026-08-10T12:10:00-04:00,31.39,31.415,31.34,31.34,40429.0
2026-08-10T12:15:00-04:00,31.32,31.3601,31.29,31.325,24325.0
2026-08-10T12:20:00-04:00,31.33,31.38,31.33,31.361,20616.0
2026-08-10T12:25:00-04:00,31.37,31.42,31.35,31.35,22866.0
2026-08-10T12:30:00-04:00,31.34,31.345,31.14,31.2809,75909.0
2026-08-10T12:35:00-04:00,31.285,31.33,31.17,31.175,59091.0
2026-08-10T12:40:00-04:00,31.185,31.2,31.11,31.14,71608.0
2026-08-10T12:45:00-04:00,31.14,31.2,31.1238,31.1246,41533.0
2026-08-10T12:50:00-04:00,31.1399,31.1399,31.09,31.11,30088.0
2026-08-10T12:55:00-04:00,31.11,31.11,31.049999,31.09,36300.0
2026-08-10T13:00:00-04:00,31.1,31.1,31.02,31.02,23806.0
2026-08-10T13:05:00-04:00,31.0,31.094999,31.0,31.065001,17468.0
2026-08-10T13:10:00-04:00,31.07,31.22,31.07,31.175,166308.0
2026-08-10T13:15:00-04:00,31.17,31.21,31.14,31.205,15624.0
2026-08-10T13:20:00-04:00,31.22,31.265,31.205,31.265,19279.0
2026-08-10T13:25:00-04:00,31.27,31.33,31.25,31.26,55802.0
2026-08-10T13:30:00-04:00,31.27,31.2807,31.255,31.2601,16923.0
2026-08-10T13:35:00-04:00,31.265,31.32,31.25,31.31,24001.0
2026-08-10T13:40:00-04:00,31.3,31.3,31.25,31.25,9277.0
2026-08-10T13:45:00-04:00,31.25,31.29,31.24,31.27,24359.0
2026-08-10T13:50:00-04:00,31.27,31.346,31.27,31.32,15590.0
2026-08-10T13:55:00-04:00,31.325,31.345,31.32,31.33,14853.0
2026-08-10T14:00:00-04:00,31.34,31.365,31.28,31.345,19302.0
2026-08-10T14:05:00-04:00,31.34,31.39,31.33,31.37,16455.0
2026-08-10T14:10:00-04:00,31.375,31.38,31.325,31.325,11565.0
2026-08-10T14:15:00-04:00,31.32,31.355,31.315,31.355,15914.0
2026-08-10T14:20:00-04:00,31.35,31.385,31.35,31.35,15590.0
2026-08-10T14:25:00-04:00,31.345,31.38,31.335,31.36,15542.0
2026-08-10T14:30:00-04:00,31.355,31.47,31.355,31.46,35945.0
2026-08-10T14:35:00-04:00,31.465,31.47,31.43,31.47,14279.0
2026-08-10T14:40:00-04:00,31.47,31.52,31.4601,31.49,25764.0
2026-08-10T14:45:00-04:00,31.475,31.495,31.44,31.481,13797.0
2026-08-10T14:50:00-04:00,31.49,31.51,31.415,31.44,20710.0
2026-08-10T14:55:00-04:00,31.44,31.46,31.42,31.45,17110.0
2026-08-10T15:00:00-04:00,31.45,31.465,31.415,31.42,19687.0
2026-08-10T15:05:00-04:00,31.4,31.47,31.4,31.44,24356.0
2026-08-10T15:10:00-04:00,31.44,31.445,31.415,31.445,28598.0
2026-08-10T15:15:00-04:00,31.445,31.5201,31.445,31.5,34574.0
2026-08-10T15:20:00-04:00,31.5,31.54,31.46,31.51,22674.0
2026-08-10T15:25:00-04:00,31.505,31.52,31.415,31.45,39015.0
2026-08-10T15:30:00-04:00,31.47,31.52,31.465,31.505,30817.0
2026-08-10T15:35:00-04:00,31.5,31.605,31.465,31.58,53774.0
2026-08-10T15:40:00-04:00,31.59,31.6388,31.57,31.595,36622.0
2026-08-10T15:45:00-04:00,31.6,31.665,31.575,31.64,36189.0
2026-08-10T15:50:00-04:00,31.63,31.63,31.53,31.53,62526.0
2026-08-10T15:55:00-04:00,31.525,31.525,31.385,31.4,251159.0
2026-08-11T09:30:00-04:00,31.28,31.685,31.265,31.41,71375.0
2026-08-11T09:35:00-04:00,31.36,31.71,31.2936,31.59,30175.0
2026-08-11T09:40:00-04:00,31.63,31.9,31.55,31.9,30058.0
2026-08-11T09:45:00-04:00,31.88,31.96,31.59,31.63,27181.0
2026-08-11T09:50:00-04:00,31.61,31.63,31.35,31.43,25463.0
2026-08-11T09:55:00-04:00,31.44,31.56,31.42,31.42,22792.0
2026-08-11T10:00:00-04:00,31.43,31.47,31.315,31.355,18161.0
2026-08-11T10:05:00-04:00,31.3899,31.4896,31.362,31.4896,19358.0
2026-08-11T10:10:00-04:00,31.48,31.61,31.48,31.585,52641.0
2026-08-11T10:15:00-04:00,31.61,31.7927,31.594,31.67,29336.0
2026-08-11T10:20:00-04:00,31.69,31.7485,31.6,31.6,23325.0
2026-08-11T10:25:00-04:00,31.61,31.8,31.61,31.67,20455.0
2026-08-11T10:30:00-04:00,31.695,31.9,31.69,31.9,22996.0
2026-08-11T10:35:00-04:00,31.91,31.96,31.865,31.865,15536.0
2026-08-11T10:40:00-04:00,31.8413,31.875,31.77,31.82,33382.0
2026-08-11T10:45:00-04:00,31.82,31.89,31.79,31.79,20480.0
2026-08-11T10:50:00-04:00,31.77,31.82,31.75,31.8138,15072.0
2026-08-11T10:55:00-04:00,31.81,31.81,31.76,31.79,18259.0
2026-08-11T11:00:00-04:00,31.8,31.88,31.795,31.865,13873.0
2026-08-11T11:05:00-04:00,31.85,31.85,31.71,31.72,11147.0
2026-08-11T11:10:00-04:00,31.7,31.84,31.7,31.77,16084.0
2026-08-11T11:15:00-04:00,31.76,31.79,31.6001,31.6001,10945.0
2026-08-11T11:20:00-04:00,31.63,31.71,31.6023,31.68,15480.0
2026-08-11T11:25:00-04:00,31.68,31.83,31.68,31.8,20202.0
2026-08-11T11:30:00-04:00,31.81,31.86,31.78,31.8,25327.0
2026-08-11T11:35:00-04:00,31.83,31.83,31.63,31.63,29165.0
2026-08-11T11:40:00-04:00,31.6,31.71,31.55,31.7,32474.0
2026-08-11T11:45:00-04:00,31.7,31.75,31.68,31.695,13582.0
2026-08-11T11:50:00-04:00,31.69,31.795,31.69,31.7801,17089.0
2026-08-11T11:55:00-04:00,31.8,31.85,31.79,31.835,11484.0
2026-08-11T12:00:00-04:00,31.88,31.88,31.785,31.8,15407.0
2026-08-11T12:05:00-04:00,31.78,31.815,31.775,31.8,12073.0
2026-08-11T12:10:00-04:00,31.81,31.878,31.81,31.86,16272.0
2026-08-11T12:15:00-04:00,31.84,31.845,31.8,31.8,10191.0
2026-08-11T12:20:00-04:00,31.81,31.89,31.81,31.86,13449.0
2026-08-11T12:25:00-04:00,31.85,31.855,31.808,31.81,12481.0
2026-08-11T12:30:00-04:00,31.8,31.8,31.72,31.76,11417.0
2026-08-11T12:35:00-04:00,31.75,31.76,31.72,31.725,14246.0
2026-08-11T12:40:00-04:00,31.72,31.74,31.66,31.68,11185.0
2026-08-11T12:45:00-04:00,31.67,31.73,31.67,31.73,11955.0
2026-08-11T12:50:00-04:00,31.71,31.71,31.68,31.695,13836.0
2026-08-11T12:55:00-04:00,31.7,31.8,31.7,31.8,13059.0
2026-08-11T13:00:00-04:00,31.81,31.81,31.775,31.785,14180.0
2026-08-11T13:05:00-04:00,31.7884,31.85,31.7628,31.7628,11709.0
2026-08-11T13:10:00-04:00,31.79,31.8,31.77,31.78,14101.0
2026-08-11T13:15:00-04:00,31.77,31.82,31.76,31.79,30791.0
2026-08-11T13:20:00-04:00,31.795,31.8399,31.79,31.825,16266.0
2026-08-11T13:25:00-04:00,31.8309,31.84,31.75,31.75,14077.0
2026-08-11T13:30:00-04:00,31.75,31.75,31.7,31.71,18506.0
2026-08-11T13:35:00-04:00,31.72,31.755,31.71,31.725,13386.0
2026-08-11T13:40:00-04:00,31.74,31.78,31.73,31.73,15159.0
2026-08-11T13:45:00-04:00,31.731,31.77,31.731,31.76,7014.0
2026-08-11T13:50:00-04:00,31.765,31.795,31.68,31.69,36925.0
2026-08-11T13:55:00-04:00,31.69,31.715,31.655,31.655,12313.0
2026-08-11T14:00:00-04:00,31.655,31.68,31.62,31.66,24752.0
2026-08-11T14:05:00-04:00,31.67,31.71,31.67,31.695,15756.0
2026-08-11T14:10:00-04:00,31.675,31.72,31.675,31.7,17780.0
2026-08-11T14:15:00-04:00,31.72,31.8,31.72,31.8,18785.0
2026-08-11T14:20:00-04:00,31.79,31.79,31.73,31.75,19771.0
2026-08-11T14:25:00-04:00,31.735,31.77,31.61,31.62,29105.0
2026-08-11T14:30:00-04:00,31.64,31.72,31.64,31.71,21941.0
2026-08-11T14:35:00-04:00,31.74,31.77,31.74,31.74,10534.0
2026-08-11T14:40:00-04:00,31.72,31.735,31.675,31.735,13554.0
2026-08-11T14:45:00-04:00,31.735,31.755,31.61,31.65,49012.0
2026-08-11T14:50:00-04:00,31.66,31.6699,31.64,31.65,18393.0
2026-08-11T14:55:00-04:00,31.645,31.695,31.645,31.69,16752.0
2026-08-11T15:00:00-04:00,31.705,31.74,31.68,31.73,21391.0
2026-08-11T15:05:00-04:00,31.72,31.76,31.69,31.74,17229.0
2026-08-11T15:10:00-04:00,31.73,31.82,31.73,31.73,29479.0
2026-08-11T15:15:00-04:00,31.725,31.74,31.68,31.68,30977.0
2026-08-11T15:20:00-04:00,31.7,31.76,31.69,31.76,18786.0
2026-08-11T15:25:00-04:00,31.765,31.795,31.73,31.795,18885.0
2026-08-11T15:30:00-04:00,31.79,31.83,31.78,31.83,26698.0
2026-08-11T15:35:00-04:00,31.83,31.84,31.78,31.7999,23336.0
2026-08-11T15:40:00-04:00,31.79,31.79,31.655,31.67,29008.0
2026-08-11T15:45:00-04:00,31.7,31.74,31.68,31.74,44068.0
2026-08-11T15:50:00-04:00,31.76,31.93,31.758,31.92,48643.0
2026-08-11T15:55:00-04:00,31.91,32.0,31.88,31.98,193973.0
2026-08-12T09:30:00-04:00,33.040001,33.07,32.501,32.501,154078.0
2026-08-12T09:35:00-04:00,32.55,32.875,32.53,32.5989,47831.0
2026-08-12T09:40:00-04:00,32.595,32.75,32.545,32.7,44432.0
2026-08-12T09:45:00-04:00,32.73,32.945,32.68,32.9,41584.0
2026-08-12T09:50:00-04:00,32.87,32.945,32.745,32.745,22546.0
2026-08-12T09:55:00-04:00,32.7,32.74,32.565,32.565,33325.0
2026-08-12T10:00:00-04:00,32.57,32.57,32.47,32.55,20695.0
2026-08-12T10:05:00-04:00,32.555,32.58,32.43,32.56,23025.0
2026-08-12T10:10:00-04:00,32.56,32.72,32.56,32.63,19766.0
2026-08-12T10:15:00-04:00,32.61,32.91,32.575,32.9,30411.0
2026-08-12T10:20:00-04:00,32.868,32.89,32.815,32.8637,11838.0
2026-08-12T10:25:00-04:00,32.86,32.88,32.715,32.775,22293.0
2026-08-12T10:30:00-04:00,32.77,32.87,32.62,32.76,29099.0
2026-08-12T10:35:00-04:00,32.71,32.82,32.665,32.81,38428.0
2026-08-12T10:40:00-04:00,32.82,32.89,32.76,32.89,22596.0
2026-08-12T10:45:00-04:00,32.91,32.985,32.7,32.715,51590.0
2026-08-12T10:50:00-04:00,32.725,32.735,32.58,32.6,15051.0
2026-08-12T10:55:00-04:00,32.61,32.62,32.455,32.495,19170.0
2026-08-12T11:00:00-04:00,32.47,32.53,32.46,32.485,16427.0
2026-08-12T11:05:00-04:00,32.47,32.54,32.42,32.52,14380.0
2026-08-12T11:10:00-04:00,32.55,32.61,32.5132,32.542,21406.0
2026-08-12T11:15:00-04:00,32.53,32.63,32.498,32.62,16516.0
2026-08-12T11:20:00-04:00,32.63,32.63,32.51,32.52,16166.0
2026-08-12T11:25:00-04:00,32.528,32.57,32.475,32.57,22464.0
2026-08-12T11:30:00-04:00,32.57,32.73,32.57,32.65,58417.0
2026-08-12T11:35:00-04:00,32.64,32.735,32.615,32.695,21540.0
2026-08-12T11:40:00-04:00,32.69,32.75,32.635,32.65,27260.0
2026-08-12T11:45:00-04:00,32.66,32.66,32.46,32.59,21682.0
2026-08-12T11:50:00-04:00,32.52,32.555,32.45,32.53,14137.0
2026-08-12T11:55:00-04:00,32.54,32.589,32.53,32.56,8850.0
2026-08-12T12:00:00-04:00,32.57,32.63,32.55,32.61,14410.0
2026-08-12T12:05:00-04:00,32.618,32.7,32.54,32.54,17622.0
2026-08-12T12:10:00-04:00,32.56,32.631,32.5,32.61,15044.0
2026-08-12T12:15:00-04:00,32.62,32.64,32.6,32.62,12272.0
2026-08-12T12:20:00-04:00,32.63,32.68,32.63,32.675,7699.0
2026-08-12T12:25:00-04:00,32.69,32.69,32.62,32.665,11930.0
2026-08-12T12:30:00-04:00,32.65,32.65,32.545,32.545,9638.0
2026-08-12T12:35:00-04:00,32.53,32.56,32.47,32.47,15089.0
2026-08-12T12:40:00-04:00,32.47,32.49,32.43,32.43,13467.0
2026-08-12T12:45:00-04:00,32.4201,32.45,32.28,32.31,28861.0
2026-08-12T12:50:00-04:00,32.29,32.2988,32.23,32.25,14325.0
2026-08-12T12:55:00-04:00,32.27,32.32,32.165,32.305,38730.0
2026-08-12T13:00:00-04:00,32.3,32.3616,32.295,32.295,12496.0
2026-08-12T13:05:00-04:00,32.295,32.34,32.269,32.315,18893.0
2026-08-12T13:10:00-04:00,32.305,32.325,32.3,32.31,9681.0
2026-08-12T13:15:00-04:00,32.31,32.35,32.28,32.345,13366.0
2026-08-12T13:20:00-04:00,32.36,32.45,32.36,32.435,15125.0
2026-08-12T13:25:00-04:00,32.42,32.46,32.42,32.44,12605.0
2026-08-12T13:30:00-04:00,32.43,32.465,32.43,32.46,5301.0
2026-08-12T13:35:00-04:00,32.46,32.46,32.375,32.42,14077.0
2026-08-12T13:40:00-04:00,32.405,32.4299,32.4,32.4,17328.0
2026-08-12T13:45:00-04:00,32.405,32.445,32.405,32.42,16317.0
2026-08-12T13:50:00-04:00,32.43,32.445,32.375,32.375,9895.0
2026-08-12T13:55:00-04:00,32.395,32.415,32.391,32.4023,10759.0
2026-08-12T14:00:00-04:00,32.41,32.41,32.35,32.385,15683.0
2026-08-12T14:05:00-04:00,32.375,32.48,32.37,32.47,23096.0
2026-08-12T14:10:00-04:00,32.47,32.505,32.465,32.5,12716.0
2026-08-12T14:15:00-04:00,32.49,32.55,32.49,32.505,18935.0
2026-08-12T14:20:00-04:00,32.5123,32.6,32.5123,32.6,25495.0
2026-08-12T14:25:00-04:00,32.61,32.62,32.5347,32.555,14326.0
2026-08-12T14:30:00-04:00,32.555,32.595,32.545,32.545,34797.0
2026-08-12T14:35:00-04:00,32.555,32.6223,32.54,32.62,14987.0
2026-08-12T14:40:00-04:00,32.63,32.65,32.615,32.645,16272.0
2026-08-12T14:45:00-04:00,32.645,32.67,32.635,32.66,14747.0
2026-08-12T14:50:00-04:00,32.665,32.68,32.65,32.665,20284.0
2026-08-12T14:55:00-04:00,32.65,32.66,32.625,32.655,18919.0
2026-08-12T15:00:00-04:00,32.635,32.73,32.635,32.695,23513.0
2026-08-12T15:05:00-04:00,32.695,32.74,32.695,32.725,16591.0
2026-08-12T15:10:00-04:00,32.73,32.82,32.715,32.755,30602.0
2026-08-12T15:15:00-04:00,32.755,32.79,32.751,32.77,21619.0
2026-08-12T15:20:00-04:00,32.78,32.78,32.695,32.695,22485.0
2026-08-12T15:25:00-04:00,32.67,32.69,32.635,32.665,71112.0
2026-08-12T15:30:00-04:00,32.66,32.7,32.64,32.68,26746.0
2026-08-12T15:35:00-04:00,32.675,32.675,32.6,32.605,36665.0
2026-08-12T15:40:00-04:00,32.6,32.61,32.52,32.595,36401.0
2026-08-12T15:45:00-04:00,32.595,32.595,32.5,32.535,43677.0
2026-08-12T15:50:00-04:00,32.525,32.53,32.47,32.48,47161.0
2026-08-12T15:55:00-04:00,32.48,32.55,32.365,32.525,198939.0
2026-08-13T09:30:00-04:00,32.00019836,32.15,31.9,31.959,62930.0
2026-08-13T09:35:00-04:00,31.96,32.029999,31.89,31.97,22952.0
2026-08-13T09:40:00-04:00,32.0,32.049999,31.8138,31.954,21363.0
2026-08-13T09:45:00-04:00,31.93,31.984,31.73,31.82,23544.0
2026-08-13T09:50:00-04:00,31.8,31.93,31.79,31.92,22709.0
2026-08-13T09:55:00-04:00,31.94,31.945,31.67,31.7,25957.0
2026-08-13T10:00:00-04:00,31.72,31.87,31.72,31.83,14762.0
2026-08-13T10:05:00-04:00,31.81,31.9,31.65,31.65,18308.0
2026-08-13T10:10:00-04:00,31.63,31.67,31.47,31.51,29128.0
2026-08-13T10:15:00-04:00,31.54,31.66,31.51,31.605,27197.0
2026-08-13T10:20:00-04:00,31.605,31.68,31.6,31.66,10464.0
2026-08-13T10:25:00-04:00,31.69,31.755,31.44,31.48,20532.0
2026-08-13T10:30:00-04:00,31.46,31.54,31.3501,31.52,81351.0
2026-08-13T10:35:00-04:00,31.56,31.59,31.35,31.42,28380.0
2026-08-13T10:40:00-04:00,31.41,31.46,31.35,31.455,41143.0
2026-08-13T10:45:00-04:00,31.47,31.8,31.47,31.78,18915.0
2026-08-13T10:50:00-04:00,31.8,31.91,31.72,31.9,22838.0
2026-08-13T10:55:00-04:00,31.91,31.98,31.85,31.95,21328.0
2026-08-13T11:00:00-04:00,31.96,32.014999,31.83,31.83,24317.0
2026-08-13T11:05:00-04:00,31.84,31.84,31.7,31.7,18738.0
2026-08-13T11:10:00-04:00,31.6999,31.815,31.63,31.78,45097.0
2026-08-13T11:15:00-04:00,31.775,31.79,31.69,31.735,28702.0
2026-08-13T11:20:00-04:00,31.76,31.875,31.735,31.87,21141.0
2026-08-13T11:25:00-04:00,31.91,31.96,31.84,31.86,34010.0
2026-08-13T11:30:00-04:00,31.8606,31.92,31.82,31.85,18113.0
2026-08-13T11:35:00-04:00,31.86,31.94,31.82,31.94,18416.0
2026-08-13T11:40:00-04:00,31.9,31.93,31.84,31.84,17084.0
2026-08-13T11:45:00-04:00,31.83,31.86,31.81,31.83,11611.0
2026-08-13T11:50:00-04:00,31.83,31.83,31.73,31.75,12582.0
2026-08-13T11:55:00-04:00,31.745,31.815,31.745,31.795,16150.0
2026-08-13T12:00:00-04:00,31.8,31.865,31.785,31.8,17293.0
2026-08-13T12:05:00-04:00,31.79,31.81,31.76,31.77,17218.0
2026-08-13T12:10:00-04:00,31.755,31.78,31.64,31.64,21407.0
2026-08-13T12:15:00-04:00,31.65,31.72,31.57,31.71,48599.0
2026-08-13T12:20:00-04:00,31.69,31.74,31.66,31.73,14030.0
2026-08-13T12:25:00-04:00,31.73,31.8,31.71,31.8,16960.0
2026-08-13T12:30:00-04:00,31.81,31.88,31.81,31.86,13602.0
2026-08-13T12:35:00-04:00,31.88,31.89,31.785,31.81,9458.0
2026-08-13T12:40:00-04:00,31.81,31.81,31.78,31.78,13785.0
2026-08-13T12:45:00-04:00,31.785,31.785,31.66,31.71,54007.0
2026-08-13T12:50:00-04:00,31.73,31.77,31.69,31.75,11961.0
2026-08-13T12:55:00-04:00,31.7657,31.805,31.76,31.775,14313.0
2026-08-13T13:00:00-04:00,31.775,31.86,31.775,31.84,13317.0
2026-08-13T13:05:00-04:00,31.84,31.9226,31.83,31.89,9325.0
2026-08-13T13:10:00-04:00,31.89,31.9,31.855,31.86,9311.0
2026-08-13T13:15:00-04:00,31.84,31.84,31.8,31.8,10058.0
2026-08-13T13:20:00-04:00,31.79,31.79,31.73,31.74,9394.0
2026-08-13T13:25:00-04:00,31.75,31.765,31.68,31.69,12793.0
2026-08-13T13:30:00-04:00,31.7,31.72,31.69,31.7,8523.0
2026-08-13T13:35:00-04:00,31.7,31.72,31.64,31.64,10990.0
2026-08-13T13:40:00-04:00,31.65,31.65,31.58,31.595,10527.0
2026-08-13T13:45:00-04:00,31.6,31.62,31.545,31.55,8874.0
2026-08-13T13:50:00-04:00,31.565,31.59,31.54,31.59,11258.0
2026-08-13T13:55:00-04:00,31.59,31.59,31.54,31.54,10180.0
2026-08-13T14:00:00-04:00,31.545,31.585,31.515,31.53,28117.0
2026-08-13T14:05:00-04:00,31.54,31.58,31.53,31.58,11627.0
2026-08-13T14:10:00-04:00,31.585,31.62,31.555,31.62,11869.0
2026-08-13T14:15:00-04:00,31.64,31.71,31.64,31.71,11342.0
2026-08-13T14:20:00-04:00,31.71,31.715,31.67,31.67,10030.0
2026-08-13T14:25:00-04:00,31.67,31.77,31.67,31.77,7888.0
2026-08-13T14:30:00-04:00,31.78,31.8,31.736,31.765,13743.0
2026-08-13T14:35:00-04:00,31.76,31.765,31.73,31.75,8844.0
2026-08-13T14:40:00-04:00,31.74,31.76,31.72,31.74,16279.0
2026-08-13T14:45:00-04:00,31.73,31.78,31.71,31.76,14902.0
2026-08-13T14:50:00-04:00,31.75,31.75,31.72,31.73,12962.0
2026-08-13T14:55:00-04:00,31.73,31.73,31.71,31.715,12071.0
2026-08-13T15:00:00-04:00,31.71,31.74,31.63,31.645,31520.0
2026-08-13T15:05:00-04:00,31.645,31.65,31.475,31.59,162467.0
2026-08-13T15:10:00-04:00,31.59,31.615,31.545,31.55,24425.0
2026-08-13T15:15:00-04:00,31.56,31.59,31.53,31.59,24630.0
2026-08-13T15:20:00-04:00,31.6,31.655,31.595,31.64,46595.0
2026-08-13T15:25:00-04:00,31.635,31.72,31.625,31.72,28358.0
2026-08-13T15:30:00-04:00,31.72,31.79,31.695,31.77,37342.0
2026-08-13T15:35:00-04:00,31.78,31.855,31.78,31.83,27926.0
2026-08-13T15:40:00-04:00,31.83,31.845,31.74,31.74,29963.0
2026-08-13T15:45:00-04:00,31.7303,31.815,31.7008,31.815,39955.0
2026-08-13T15:50:00-04:00,31.805,31.91,31.805,31.84,61542.0
2026-08-13T15:55:00-04:00,31.83,31.92,31.805,31.84,182966.0
2026-08-14T09:30:00-04:00,32.049999,32.54,32.049999,32.54,76997.0
2026-08-14T09:35:00-04:00,32.51,32.69,32.44,32.65,31217.0
2026-08-14T09:40:00-04:00,32.64,32.7,32.48,32.48,25831.0
2026-08-14T09:45:00-04:00,32.46,32.49,32.31,32.41,27153.0
2026-08-14T09:50:00-04:00,32.39,32.495,32.35,32.48,33217.0
2026-08-14T09:55:00-04:00,32.51,32.575,32.41,32.53,27415.0
2026-08-14T10:00:00-04:00,32.52,32.74,32.52,32.68,29914.0
2026-08-14T10:05:00-04:00,32.7062,32.75,32.64,32.64,21397.0
2026-08-14T10:10:00-04:00,32.64,32.7,32.5575,32.59,20294.0
2026-08-14T10:15:00-04:00,32.605,32.615,32.44,32.47,21692.0
2026-08-14T10:20:00-04:00,32.475,32.63,32.425,32.63,40588.0
2026-08-14T10:25:00-04:00,32.625,32.7,32.6,32.6,21179.0
2026-08-14T10:30:00-04:00,32.61,32.72,32.58,32.635,14044.0
2026-08-14T10:35:00-04:00,32.65,32.66,32.58,32.65,10467.0
2026-08-14T10:40:00-04:00,32.65,32.65,32.53,32.57,16080.0
2026-08-14T10:45:00-04:00,32.53,32.53,32.35,32.44,17800.0
2026-08-14T10:50:00-04:00,32.42,32.42,32.36,32.37,19787.0
2026-08-14T10:55:00-04:00,32.38,32.41,32.325,32.37,11650.0
2026-08-14T11:00:00-04:00,32.37,32.54,32.37,32.45,21413.0
2026-08-14T11:05:00-04:00,32.45,32.48,32.38,32.385,15578.0
2026-08-14T11:10:00-04:00,32.38,32.43,32.34,32.395,17285.0
2026-08-14T11:15:00-04:00,32.395,32.395,32.31,32.31,12746.0
2026-08-14T11:20:00-04:00,32.28,32.285,32.14,32.14,14078.0
2026-08-14T11:25:00-04:00,32.13,32.13,32.07,32.12,16193.0
2026-08-14T11:30:00-04:00,32.13,32.15,32.0,32.0,28232.0
2026-08-14T11:35:00-04:00,32.0099983,32.014999,31.93,31.95,14663.0
2026-08-14T11:40:00-04:00,31.935,32.080002,31.905,32.064999,29637.0
2026-08-14T11:45:00-04:00,32.080002,32.28,32.080002,32.21,38248.0
2026-08-14T11:50:00-04:00,32.195,32.22,32.17,32.17,12334.0
2026-08-14T11:55:00-04:00,32.19,32.24,32.16,32.2,14933.0
2026-08-14T12:00:00-04:00,32.21,32.27,32.21,32.21,15639.0
2026-08-14T12:05:00-04:00,32.22,32.225,32.13,32.13,15810.0
2026-08-14T12:10:00-04:00,32.1301,32.155,32.106,32.14,23115.0
2026-08-14T12:15:00-04:00,32.15,32.285,32.14,32.27,40135.0
2026-08-14T12:20:00-04:00,32.27,32.27,32.205,32.205,13449.0
2026-08-14T12:25:00-04:00,32.19,32.19,32.15,32.18,8210.0
2026-08-14T12:30:00-04:00,32.17,32.19,32.13,32.19,22142.0
2026-08-14T12:35:00-04:00,32.18,32.28,32.18,32.28,21963.0
2026-08-14T12:40:00-04:00,32.29,32.355,32.29,32.3,14948.0
2026-08-14T12:45:00-04:00,32.3,32.34,32.28,32.33,9450.0
2026-08-14T12:50:00-04:00,32.31,32.38,32.31,32.34,5933.0
2026-08-14T12:55:00-04:00,32.35,32.36,32.33,32.34,6860.0
2026-08-14T13:00:00-04:00,32.35,32.355,32.31,32.33,6726.0
2026-08-14T13:05:00-04:00,32.33,32.34,32.305,32.31,4999.0
2026-08-14T13:10:00-04:00,32.32,32.36,32.31,32.36,6222.0
2026-08-14T13:15:00-04:00,32.35,32.365,32.35,32.365,6370.0
2026-08-14T13:20:00-04:00,32.34,32.37,32.33,32.36,11620.0
2026-08-14T13:25:00-04:00,32.35,32.37,32.33,32.335,3453.0
2026-08-14T13:30:00-04:00,32.34,32.34,32.3,32.3,9576.0
2026-08-14T13:35:00-04:00,32.28,32.285,32.21,32.21,6648.0
2026-08-14T13:40:00-04:00,32.185,32.205,32.16,32.19,7686.0
2026-08-14T13:45:00-04:00,32.2,32.21,32.14,32.145,9290.0
2026-08-14T13:50:00-04:00,32.15,32.16,32.135,32.135,5380.0
2026-08-14T13:55:00-04:00,32.12,32.16,32.12,32.16,5766.0
2026-08-14T14:00:00-04:00,32.17,32.22,32.15,32.22,11333.0
2026-08-14T14:05:00-04:00,32.22,32.22,32.161,32.19,9045.0
2026-08-14T14:10:00-04:00,32.18,32.18,32.145,32.17,13464.0
2026-08-14T14:15:00-04:00,32.18,32.24,32.18,32.24,12294.0
2026-08-14T14:20:00-04:00,32.24,32.29,32.24,32.28,10603.0
2026-08-14T14:25:00-04:00,32.295,32.295,32.24,32.25,10247.0
2026-08-14T14:30:00-04:00,32.26,32.275,32.18,32.185,10518.0
2026-08-14T14:35:00-04:00,32.18,32.255,32.17,32.255,9700.0
2026-08-14T14:40:00-04:00,32.25,32.255,32.16,32.17,12425.0
2026-08-14T14:45:00-04:00,32.165,32.175,32.13,32.17,9400.0
2026-08-14T14:50:00-04:00,32.18,32.21,32.175,32.2,6471.0
2026-08-14T14:55:00-04:00,32.2,32.2,32.17,32.17,11689.0
2026-08-14T15:00:00-04:00,32.18,32.18,32.13,32.145,12619.0
2026-08-14T15:05:00-04:00,32.144,32.15,32.11,32.15,10301.0
2026-08-14T15:10:00-04:00,32.15,32.17,32.14,32.145,6814.0
2026-08-14T15:15:00-04:00,32.14,32.19,32.14,32.19,14707.0
2026-08-14T15:20:00-04:00,32.195,32.215,32.175,32.18,15175.0
2026-08-14T15:25:00-04:00,32.18,32.25,32.18,32.225,16703.0
2026-08-14T15:30:00-04:00,32.22,32.23,32.19,32.22,23252.0
2026-08-14T15:35:00-04:00,32.225,32.225,32.185,32.19,14511.0
2026-08-14T15:40:00-04:00,32.18,32.2,32.15,32.17,29220.0
2026-08-14T15:45:00-04:00,32.1709,32.18,32.12,32.18,43936.0
2026-08-14T15:50:00-04:00,32.18,32.185,32.075001,32.080002,46339.0
2026-08-14T15:55:00-04:00,32.07,32.22,32.060001,32.195,177567.0
2026-08-17T09:30:00-04:00,32.31,32.47,32.28,32.28,42455.0
2026-08-17T09:35:00-04:00,32.25,32.405,32.19,32.405,9910.0
2026-08-17T09:40:00-04:00,32.435,32.48,32.355,32.39,16456.0
2026-08-17T09:45:00-04:00,32.415,32.7592,32.39,32.7592,29220.0
2026-08-17T09:50:00-04:00,32.79,32.82,32.72,32.72,18739.0
2026-08-17T09:55:00-04:00,32.72,32.78,32.6801,32.78,20383.0
2026-08-17T10:00:00-04:00,32.82,32.8201,32.67,32.76,15443.0
2026-08-17T10:05:00-04:00,32.76,32.8,32.64,32.64,11667.0
2026-08-17T10:10:00-04:00,32.62,32.835,32.6,32.835,18122.0
2026-08-17T10:15:00-04:00,32.83,33.040001,32.82,32.97,46377.0
2026-08-17T10:20:00-04:00,32.8945,33.07,32.8945,33.07,17680.0
2026-08-17T10:25:00-04:00,33.0555,33.080002,32.994,33.0050011,23074.0
2026-08-17T10:30:00-04:00,33.02,33.145,33.02,33.125,24851.0
2026-08-17T10:35:00-04:00,33.13,33.13,32.97,33.040001,21302.0
2026-08-17T10:40:00-04:00,33.060001,33.15,33.040001,33.040001,16185.0
2026-08-17T10:45:00-04:00,33.046299,33.046299,32.8872,32.92,12327.0
2026-08-17T10:50:00-04:00,32.93,33.029999,32.895,32.896,15408.0
2026-08-17T10:55:00-04:00,32.9,32.91,32.87,32.88,13616.0
2026-08-17T11:00:00-04:00,32.9,32.945,32.89,32.945,12616.0
2026-08-17T11:05:00-04:00,32.94,32.96,32.89,32.905,12264.0
2026-08-17T11:10:00-04:00,32.9,33.0,32.9,32.96,9825.0
2026-08-17T11:15:00-04:00,32.93,32.9973,32.91,32.98,15757.0
2026-08-17T11:20:00-04:00,32.995,33.036999,32.995,33.029999,9691.0
2026-08-17T11:25:00-04:00,33.02,33.02,32.9361,32.96,10596.0
2026-08-17T11:30:00-04:00,32.96,32.99,32.88,32.99,13940.0
2026-08-17T11:35:00-04:00,33.0099983,33.049999,32.99,33.029999,11038.0
2026-08-17T11:40:00-04:00,33.040001,33.040001,32.99,33.0,15121.0
2026-08-17T11:45:00-04:00,33.02,33.13,33.0099983,33.13,19696.0
2026-08-17T11:50:00-04:00,33.135,33.15,33.099998,33.15,13352.0
2026-08-17T11:55:00-04:00,33.14,33.14,33.07,33.07,7224.0
2026-08-17T12:00:00-04:00,33.080002,33.15,33.080002,33.15,7912.0
2026-08-17T12:05:00-04:00,33.155,33.155,33.13,33.14,9826.0
2026-08-17T12:10:00-04:00,33.12,33.14,33.12,33.14,8877.0
2026-08-17T12:15:00-04:00,33.135,33.168,33.11,33.15,9115.0
2026-08-17T12:20:00-04:00,33.169,33.23,33.14,33.14,16847.0
2026-08-17T12:25:00-04:00,33.14,33.15,33.025902,33.07,10807.0
2026-08-17T12:30:00-04:00,33.0798,33.099998,33.07,33.09,12805.0
2026-08-17T12:35:00-04:00,33.07,33.12,33.060001,33.11,10996.0
2026-08-17T12:40:00-04:00,33.11,33.11,33.080898,33.080898,12385.0
2026-08-17T12:45:00-04:00,33.084999,33.09,33.060001,33.080002,9794.0
2026-08-17T12:50:00-04:00,33.09,33.12,33.09,33.1055,11612.0
2026-08-17T12:55:00-04:00,33.09,33.12,33.09,33.095001,8455.0
2026-08-17T13:00:00-04:00,33.09,33.16,33.09,33.15,8024.0
2026-08-17T13:05:00-04:00,33.145,33.145,33.099998,33.12,15232.0
2026-08-17T13:10:00-04:00,33.13,33.13,33.029999,33.040001,23674.0
2026-08-17T13:15:00-04:00,33.029999,33.049999,32.995,32.9999,15454.0
2026-08-17T13:20:00-04:00,32.99,33.0,32.92,32.95,17549.0
2026-08-17T13:25:00-04:00,32.97,32.98,32.91,32.93,8187.0
2026-08-17T13:30:00-04:00,32.93,32.93,32.83,32.9,13288.0
2026-08-17T13:35:00-04:00,32.875,32.8892,32.8,32.8,7243.0
2026-08-17T13:40:00-04:00,32.785,32.82,32.772,32.82,24045.0
2026-08-17T13:45:00-04:00,32.83,32.87,32.825,32.83,10708.0
2026-08-17T13:50:00-04:00,32.84,32.87,32.8,32.805,14232.0
2026-08-17T13:55:00-04:00,32.8,32.81,32.74,32.77,42696.0
2026-08-17T14:00:00-04:00,32.77,32.78,32.615,32.66,27715.0
2026-08-17T14:05:00-04:00,32.65,32.68,32.64,32.67,6615.0
2026-08-17T14:10:00-04:00,32.635,32.7,32.63,32.698,7435.0
2026-08-17T14:15:00-04:00,32.7,32.74,32.7,32.73,11931.0
2026-08-17T14:20:00-04:00,32.74,32.75,32.7,32.71,15520.0
2026-08-17T14:25:00-04:00,32.7,32.735,32.7,32.71,12170.0
2026-08-17T14:30:00-04:00,32.71,32.71,32.575,32.58,11172.0
2026-08-17T14:35:00-04:00,32.585,32.59,32.5438,32.59,12504.0
2026-08-17T14:40:00-04:00,32.585,32.65,32.585,32.6499,22306.0
2026-08-17T14:45:00-04:00,32.63,32.67,32.585,32.665,16435.0
2026-08-17T14:50:00-04:00,32.6771,32.6771,32.6,32.615,9161.0
2026-08-17T14:55:00-04:00,32.6,32.64,32.6,32.64,17368.0
2026-08-17T15:00:00-04:00,32.635,32.64,32.565,32.565,14697.0
2026-08-17T15:05:00-04:00,32.55,32.61,32.54,32.56,54854.0
2026-08-17T15:10:00-04:00,32.545,32.62,32.545,32.62,33240.0
2026-08-17T15:15:00-04:00,32.64,32.69,32.63,32.67,34921.0
2026-08-17T15:20:00-04:00,32.68,32.71,32.68,32.71,15080.0
2026-08-17T15:25:00-04:00,32.71,32.72,32.68,32.715,9716.0
2026-08-17T15:30:00-04:00,32.715,32.795,32.685,32.795,32113.0
2026-08-17T15:35:00-04:00,32.81,32.83,32.78,32.81,29843.0
2026-08-17T15:40:00-04:00,32.8,32.895,32.79,32.895,16556.0
2026-08-17T15:45:00-04:00,32.895,32.92,32.88,32.915,23074.0
2026-08-17T15:50:00-04:00,32.91,32.91,32.73,32.73,55381.0
2026-08-17T15:55:00-04:00,32.755,32.81,32.695,32.78,207301.0
2026-08-18T09:30:00-04:00,32.27,32.55,32.099998,32.265,44057.0
2026-08-18T09:35:00-04:00,32.26,32.65,32.23,32.6,32599.0
2026-08-18T09:40:00-04:00,32.59,32.59,32.375,32.375,13011.0
2026-08-18T09:45:00-04:00,32.37,32.4562,32.335,32.37,18998.0
2026-08-18T09:50:00-04:00,32.33,32.47,32.3,32.37,20485.0
2026-08-18T09:55:00-04:00,32.31,32.42,32.31,32.355,19087.0
2026-08-18T10:00:00-04:00,32.4,32.525,32.36,32.47,21330.0
2026-08-18T10:05:00-04:00,32.47,32.51,32.34,32.34,20067.0
2026-08-18T10:10:00-04:00,32.29,32.33,32.17,32.17,12991.0
2026-08-18T10:15:00-04:00,32.16,32.31,32.16,32.28,32035.0
2026-08-18T10:20:00-04:00,32.27,32.295,32.19,32.28,21281.0
2026-08-18T10:25:00-04:00,32.28,32.32,32.16,32.16,11941.0
2026-08-18T10:30:00-04:00,32.18,32.235,32.14,32.14,11659.0
2026-08-18T10:35:00-04:00,32.12,32.14,32.035,32.035,10808.0
2026-08-18T10:40:00-04:00,32.040001,32.040001,31.92,31.94,19081.0
2026-08-18T10:45:00-04:00,31.94,32.02,31.93,31.99,19699.0
2026-08-18T10:50:00-04:00,31.98,32.029999,31.77,31.84,28011.0
2026-08-18T10:55:00-04:00,31.85,31.87,31.58,31.595,19018.0
2026-08-18T11:00:00-04:00,31.61,31.76,31.575,31.76,27455.0
2026-08-18T11:05:00-04:00,31.82,31.82,31.5438,31.575,13789.0
2026-08-18T11:10:00-04:00,31.53,31.625,31.52,31.61,15875.0
2026-08-18T11:15:00-04:00,31.615,31.74,31.595,31.595,14022.0
2026-08-18T11:20:00-04:00,31.575,31.645,31.52,31.63,16205.0
2026-08-18T11:25:00-04:00,31.62,31.69,31.62,31.63,15385.0
2026-08-18T11:30:00-04:00,31.63,31.77,31.63,31.76,12942.0
2026-08-18T11:35:00-04:00,31.7201,31.73,31.665,31.68,8041.0
2026-08-18T11:40:00-04:00,31.69,31.77,31.67,31.76,11508.0
2026-08-18T11:45:00-04:00,31.76,31.9286,31.76,31.9286,11337.0
2026-08-18T11:50:00-04:00,31.92,31.97,31.9,31.94,12974.0
2026-08-18T11:55:00-04:00,31.93,31.96,31.875,31.895,13413.0
2026-08-18T12:00:00-04:00,31.89,31.98,31.89,31.945,11530.0
2026-08-18T12:05:00-04:00,31.94,31.97,31.905,31.905,11667.0
2026-08-18T12:10:00-04:00,31.91,31.915,31.875,31.88,12888.0
2026-08-18T12:15:00-04:00,31.86,31.868,31.82,31.8253,12951.0
2026-08-18T12:20:00-04:00,31.83,31.88,31.8061,31.825,10920.0
2026-08-18T12:25:00-04:00,31.84,31.86,31.745,31.745,8087.0
2026-08-18T12:30:00-04:00,31.75,31.8,31.75,31.79,10681.0
2026-08-18T12:35:00-04:00,31.8,31.85,31.79,31.85,9432.0
2026-08-18T12:40:00-04:00,31.8363,31.885,31.83,31.88,13313.0
2026-08-18T12:45:00-04:00,31.89,31.9,31.835,31.85,13836.0
2026-08-18T12:50:00-04:00,31.855,31.94,31.855,31.94,13275.0
2026-08-18T12:55:00-04:00,31.935,31.935,31.85,31.86,8402.0
2026-08-18T13:00:00-04:00,31.855,31.88,31.85,31.86,12602.0
2026-08-18T13:05:00-04:00,31.85,31.8711,31.84,31.86,8401.0
2026-08-18T13:10:00-04:00,31.86,31.87,31.82,31.825,8210.0
2026-08-18T13:15:00-04:00,31.83,31.85,31.82,31.82,7417.0
2026-08-18T13:20:00-04:00,31.83,31.86,31.79,31.81,10711.0
2026-08-18T13:25:00-04:00,31.82,31.82,31.78,31.8,8971.0
2026-08-18T13:30:00-04:00,31.8,31.8,31.765,31.77,9134.0
2026-08-18T13:35:00-04:00,31.78,31.785,31.74,31.74,13165.0
2026-08-18T13:40:00-04:00,31.75,31.75,31.6904,31.7,10210.0
2026-08-18T13:45:00-04:00,31.7,31.71,31.695,31.7,10445.0
2026-08-18T13:50:00-04:00,31.705,31.71,31.61,31.61,18765.0
2026-08-18T13:55:00-04:00,31.595,31.605,31.575,31.6,13154.0
2026-08-18T14:00:00-04:00,31.59,31.6015,31.555,31.56,11969.0
2026-08-18T14:05:00-04:00,31.56,31.62,31.5426,31.62,13164.0
2026-08-18T14:10:00-04:00,31.63,31.65,31.6,31.65,10997.0
2026-08-18T14:15:00-04:00,31.66,31.7,31.64,31.7,11452.0
2026-08-18T14:20:00-04:00,31.7,31.705,31.61,31.63,12508.0
2026-08-18T14:25:00-04:00,31.64,31.745,31.64,31.745,7762.0
2026-08-18T14:30:00-04:00,31.74,31.785,31.74,31.77,20262.0
2026-08-18T14:35:00-04:00,31.78,31.83,31.78,31.83,10615.0
2026-08-18T14:40:00-04:00,31.83,31.83,31.77,31.79,12569.0
2026-08-18T14:45:00-04:00,31.785,31.859,31.785,31.84,37073.0
2026-08-18T14:50:00-04:00,31.85,31.93,31.85,31.88,38764.0
2026-08-18T14:55:00-04:00,31.88,31.895,31.87,31.87,11315.0
2026-08-18T15:00:00-04:00,31.865,31.87,31.83,31.835,19302.0
2026-08-18T15:05:00-04:00,31.84,31.89,31.84,31.87,14306.0
2026-08-18T15:10:00-04:00,31.88,31.91,31.87,31.9,15374.0
2026-08-18T15:15:00-04:00,31.9,31.915,31.85,31.86,23886.0
2026-08-18T15:20:00-04:00,31.85,31.87,31.835,31.86,19530.0
2026-08-18T15:25:00-04:00,31.86,31.89,31.83,31.845,27661.0
2026-08-18T15:30:00-04:00,31.84,31.86,31.825,31.83,24859.0
2026-08-18T15:35:00-04:00,31.82,31.865,31.8,31.81,22849.0
2026-08-18T15:40:00-04:00,31.815,31.835,31.79,31.79,24415.0
2026-08-18T15:45:00-04:00,31.77,31.85,31.77,31.7925,41710.0
2026-08-18T15:50:00-04:00,31.78,31.785,31.72,31.77,76014.0
2026-08-18T15:55:00-04:00,31.77,31.785,31.67,31.705,169655.0
2026-08-19T09:30:00-04:00,33.755,34.19,33.68,34.0,140397.0
2026-08-19T09:35:00-04:00,33.98,34.060001,33.6286,33.99,38522.0
2026-08-19T09:40:00-04:00,33.97,34.3,33.88,34.195,45593.0
2026-08-19T09:45:00-04:00,34.19,34.22,33.89,34.044998,50270.0
2026-08-19T09:50:00-04:00,34.073399,34.080002,33.802,33.855,54212.0
2026-08-19T09:55:00-04:00,33.91,34.080002,33.91,34.014999,33611.0
2026-08-19T10:00:00-04:00,34.049999,34.121,33.965,34.115,48640.0
2026-08-19T10:05:00-04:00,34.15,34.34,34.13,34.26,63283.0
2026-08-19T10:10:00-04:00,34.25,34.25,34.11,34.2,36185.0
2026-08-19T10:15:00-04:00,34.19,34.39,34.1051,34.29,69613.0
2026-08-19T10:20:00-04:00,34.28,34.46,34.25,34.35,42159.0
2026-08-19T10:25:00-04:00,34.365,34.715,34.365,34.665,39176.0
2026-08-19T10:30:00-04:00,34.66,34.81,34.64,34.805,92612.0
2026-08-19T10:35:00-04:00,34.81,35.029999,34.73,35.025002,146177.0
2026-08-19T10:40:00-04:00,35.0099983,35.014999,34.74,34.75,87066.0
2026-08-19T10:45:00-04:00,34.74,34.75,34.44,34.56,51861.0
2026-08-19T10:50:00-04:00,34.56,34.725,34.53,34.68,102830.0
2026-08-19T10:55:00-04:00,34.675,34.745,34.62,34.71,47176.0
2026-08-19T11:00:00-04:00,34.7,34.81,34.69,34.69,54151.0
2026-08-19T11:05:00-04:00,34.695,34.81,34.67,34.67,20888.0
2026-08-19T11:10:00-04:00,34.65,34.885,34.6,34.88,43189.0
2026-08-19T11:15:00-04:00,34.895,34.95,34.82,34.835,39206.0
2026-08-19T11:20:00-04:00,34.835,34.94,34.8,34.8,58570.0
2026-08-19T11:25:00-04:00,34.8,34.96,34.785,34.96,16085.0
2026-08-19T11:30:00-04:00,34.94,35.049999,34.93,35.02,29572.0
2026-08-19T11:35:00-04:00,35.02,35.16,35.02,35.095001,43225.0
2026-08-19T11:40:00-04:00,35.09,35.219,35.025002,35.219,67378.0
2026-08-19T11:45:00-04:00,35.215,35.275,35.17,35.17,62285.0
2026-08-19T11:50:00-04:00,35.15,35.3,35.14,35.21,52114.0
2026-08-19T11:55:00-04:00,35.21,35.26,35.21,35.26,19909.0
2026-08-19T12:00:00-04:00,35.25,35.35,35.24,35.24,27086.0
2026-08-19T12:05:00-04:00,35.24,35.345,35.24,35.27,40138.0
2026-08-19T12:10:00-04:00,35.24,35.24,35.07,35.115,27549.0
2026-08-19T12:15:00-04:00,35.115,35.12,35.0099983,35.035,32671.0
2026-08-19T12:20:00-04:00,35.029999,35.09,35.02,35.049999,27802.0
2026-08-19T12:25:00-04:00,35.0681,35.0681,34.86,34.86,46453.0
2026-08-19T12:30:00-04:00,34.84,34.84,34.75,34.8,56762.0
2026-08-19T12:35:00-04:00,34.78,34.78,34.65,34.655,37103.0
2026-08-19T12:40:00-04:00,34.66,34.73,34.61,34.67,51676.0
2026-08-19T12:45:00-04:00,34.62,34.62,34.535,34.565,19302.0
2026-08-19T12:50:00-04:00,34.561,34.66,34.545,34.615,23090.0
2026-08-19T12:55:00-04:00,34.6216,34.63,34.56,34.59,11619.0
2026-08-19T13:00:00-04:00,34.61,34.73,34.6,34.7209,13572.0
2026-08-19T13:05:00-04:00,34.73,34.77,34.61,34.61,13041.0
2026-08-19T13:10:00-04:00,34.6,34.63,34.54,34.63,17270.0
2026-08-19T13:15:00-04:00,34.61,34.61,34.4642,34.5,11963.0
2026-08-19T13:20:00-04:00,34.52,34.55,34.415,34.46,62432.0
2026-08-19T13:25:00-04:00,34.47,34.47,34.39,34.415,42138.0
2026-08-19T13:30:00-04:00,34.385,34.4,34.33,34.345,16296.0
2026-08-19T13:35:00-04:00,34.34,34.37,34.32,34.32,14243.0
2026-08-19T13:40:00-04:00,34.34,34.44,34.315,34.41,11315.0
2026-08-19T13:45:00-04:00,34.42,34.51,34.4199,34.51,36853.0
2026-08-19T13:50:00-04:00,34.53,34.56,34.47,34.52,29908.0
2026-08-19T13:55:00-04:00,34.51,34.61,34.4775,34.61,22623.0
2026-08-19T14:00:00-04:00,34.64,34.65,34.51,34.515,30192.0
2026-08-19T14:05:00-04:00,34.48,34.5,34.3338,34.3338,27804.0
2026-08-19T14:10:00-04:00,34.35,34.36,34.29,34.32,29061.0
2026-08-19T14:15:00-04:00,34.285,34.33,34.182,34.29,41039.0
2026-08-19T14:20:00-04:00,34.265,34.305,34.225,34.29,18249.0
2026-08-19T14:25:00-04:00,34.25,34.45,34.235,34.45,49128.0
2026-08-19T14:30:00-04:00,34.45,34.71,34.445,34.71,36699.0
2026-08-19T14:35:00-04:00,34.71,34.765,34.67,34.74,45304.0
2026-08-19T14:40:00-04:00,34.74,34.81,34.74,34.81,13958.0
2026-08-19T14:45:00-04:00,34.8,34.86,34.74,34.86,16582.0
2026-08-19T14:50:00-04:00,34.86,34.875,34.81,34.81,14891.0
2026-08-19T14:55:00-04:00,34.82,34.84,34.805,34.82,21073.0
2026-08-19T15:00:00-04:00,34.83,34.91,34.82,34.9,51449.0
2026-08-19T15:05:00-04:00,34.91,35.215,34.9,35.21,49773.0
2026-08-19T15:10:00-04:00,35.21,35.25,35.145,35.24,24462.0
2026-08-19T15:15:00-04:00,35.25,35.3,35.2,35.3,30267.0
2026-08-19T15:20:00-04:00,35.27,35.275,35.165,35.26,25922.0
2026-08-19T15:25:00-04:00,35.26,35.27,35.21,35.23,27539.0
2026-08-19T15:30:00-04:00,35.235,35.27,35.21,35.23,32224.0
2026-08-19T15:35:00-04:00,35.235,35.29,35.21,35.2281,29664.0
2026-08-19T15:40:00-04:00,35.23,35.26,35.15,35.24,23927.0
2026-08-19T15:45:00-04:00,35.24,35.3,35.23,35.29,44301.0
2026-08-19T15:50:00-04:00,35.28,35.37,35.27,35.37,70731.0
2026-08-19T15:55:00-04:00,35.36,35.43,35.34,35.385,213469.0
2026-08-20T09:30:00-04:00,35.080002,35.59,35.0019989,35.55,71334.0
2026-08-20T09:35:00-04:00,35.55,35.865,35.54,35.64,58342.0
2026-08-20T09:40:00-04:00,35.63,35.81,35.6,35.695,28909.0
2026-08-20T09:45:00-04:00,35.72,35.72,35.51,35.6,28835.0
2026-08-20T09:50:00-04:00,35.605,35.61,35.385,35.44,18064.0
2026-08-20T09:55:00-04:00,35.465,35.465,35.3,35.46,19064.0
2026-08-20T10:00:00-04:00,35.47,35.61,35.275,35.37,33260.0
2026-08-20T10:05:00-04:00,35.33,35.46,35.29,35.42,37714.0
2026-08-20T10:10:00-04:00,35.435,35.58,35.39,35.409,21363.0
2026-08-20T10:15:00-04:00,35.4,35.6,35.395,35.51,18574.0
2026-08-20T10:20:00-04:00,35.51,35.6062,35.45,35.5,59745.0
2026-08-20T10:25:00-04:00,35.505,35.51,35.37,35.43,29570.0
2026-08-20T10:30:00-04:00,35.455,35.575,35.43,35.47,77263.0
2026-08-20T10:35:00-04:00,35.47,35.7,35.42,35.64,41434.0
2026-08-20T10:40:00-04:00,35.67,35.82,35.585,35.805,36155.0
2026-08-20T10:45:00-04:00,35.79,35.966,35.79,35.9287,25576.0
2026-08-20T10:50:00-04:00,35.93,36.014999,35.9,35.97,33429.0
2026-08-20T10:55:00-04:00,35.99,36.17,35.96,36.14,53434.0
2026-08-20T11:00:00-04:00,36.11,36.425,36.07,36.4,43392.0
2026-08-20T11:05:00-04:00,36.4,36.4,36.24,36.32,33954.0
2026-08-20T11:10:00-04:00,36.36,36.53,36.23,36.42,46135.0
2026-08-20T11:15:00-04:00,36.42,36.42,36.2739,36.34,52762.0
2026-08-20T11:20:00-04:00,36.36,36.3601,36.205,36.32,44085.0
2026-08-20T11:25:00-04:00,36.325,36.395,36.3,36.35,53378.0
2026-08-20T11:30:00-04:00,36.36,36.395,36.162,36.18,33267.0
2026-08-20T11:35:00-04:00,36.17,36.18,35.89,35.89,40844.0
2026-08-20T11:40:00-04:00,35.89,35.99,35.82,35.825,20707.0
2026-08-20T11:45:00-04:00,35.84,36.040001,35.835,35.9338,23044.0
2026-08-20T11:50:00-04:00,35.94,35.94,35.75,35.885,48191.0
2026-08-20T11:55:00-04:00,35.88,36.0099983,35.88,35.99,21296.0
2026-08-20T12:00:00-04:00,36.0099983,36.029999,35.85,35.85,16473.0
2026-08-20T12:05:00-04:00,35.88,35.946,35.87,35.915,15366.0
2026-08-20T12:10:00-04:00,35.91,35.91,35.77,35.78,17596.0
2026-08-20T12:15:00-04:00,35.785,35.83,35.76,35.805,21881.0
2026-08-20T12:20:00-04:00,35.81,35.81,35.76,35.805,12720.0
2026-08-20T12:25:00-04:00,35.81,35.81,35.69,35.72,17420.0
2026-08-20T12:30:00-04:00,35.72,35.76,35.6601,35.73,20710.0
2026-08-20T12:35:00-04:00,35.755,35.7999,35.745,35.77,12977.0
2026-08-20T12:40:00-04:00,35.78,35.84,35.78,35.82,13046.0
2026-08-20T12:45:00-04:00,35.82,35.925,35.8,35.915,13949.0
2026-08-20T12:50:00-04:00,35.925,35.95,35.89,35.93,10798.0
2026-08-20T12:55:00-04:00,35.92,35.95,35.89,35.9037,13631.0
2026-08-20T13:00:00-04:00,35.9,35.91,35.85,35.865,24954.0
2026-08-20T13:05:00-04:00,35.86,35.865,35.79,35.79,39184.0
2026-08-20T13:10:00-04:00,35.81,35.82,35.785,35.8,12376.0
2026-08-20T13:15:00-04:00,35.8,35.81,35.75,35.75,12289.0
2026-08-20T13:20:00-04:00,35.75,35.86,35.75,35.815,15462.0
2026-08-20T13:25:00-04:00,35.84,35.86,35.78,35.83,15585.0
2026-08-20T13:30:00-04:00,35.82,35.93,35.815,35.93,16473.0
2026-08-20T13:35:00-04:00,35.935,36.029999,35.93,36.02,59205.0
2026-08-20T13:40:00-04:00,36.0099983,36.060001,36.0,36.025002,21929.0
2026-08-20T13:45:00-04:00,36.029999,36.099998,36.02,36.035,18000.0
2026-08-20T13:50:00-04:00,36.044998,36.11,36.025002,36.11,32774.0
2026-08-20T13:55:00-04:00,36.11,36.16,36.07,36.1285,42801.0
2026-08-20T14:00:00-04:00,36.115,36.16,36.11,36.12,28890.0
2026-08-20T14:05:00-04:00,36.13,36.13,36.035,36.035,43156.0
2026-08-20T14:10:00-04:00,36.035,36.049999,36.0,36.02,31153.0
2026-08-20T14:15:00-04:00,36.02,36.19,36.02,36.19,23634.0
2026-08-20T14:20:00-04:00,36.19,36.235,36.17,36.2312,16624.0
2026-08-20T14:25:00-04:00,36.24,36.28,36.235,36.26,27619.0
2026-08-20T14:30:00-04:00,36.24,36.295,36.175,36.175,24063.0
2026-08-20T14:35:00-04:00,36.18,36.24,36.16,36.18,20599.0
2026-08-20T14:40:00-04:00,36.18,36.23,36.17,36.225,15821.0
2026-08-20T14:45:00-04:00,36.225,36.225,36.11,36.185,56864.0
2026-08-20T14:50:00-04:00,36.19,36.295,36.19,36.265,53570.0
2026-08-20T14:55:00-04:00,36.27,36.375,36.205,36.265,158950.0
2026-08-20T15:00:00-04:00,36.255,36.435,36.23,36.435,62708.0
2026-08-20T15:05:00-04:00,36.44,36.6,36.435,36.55,89827.0
2026-08-20T15:10:00-04:00,36.57,36.685,36.5,36.655,61458.0
2026-08-20T15:15:00-04:00,36.655,36.67,36.555,36.655,117095.0
2026-08-20T15:20:00-04:00,36.66,36.695,36.6,36.65,109983.0
2026-08-20T15:25:00-04:00,36.645,36.66,36.555,36.555,37641.0
2026-08-20T15:30:00-04:00,36.55,36.57,36.465,36.525,52809.0
2026-08-20T15:35:00-04:00,36.525,36.64,36.475,36.62,90011.0
2026-08-20T15:40:00-04:00,36.59,36.615,36.525,36.615,45100.0
2026-08-20T15:45:00-04:00,36.62,36.81,36.61,36.725,163327.0
2026-08-20T15:50:00-04:00,36.71,36.89,36.69,36.88,125517.0
2026-08-20T15:55:00-04:00,36.88,36.975,36.815,36.82,315658.0
2026-08-21T09:30:00-04:00,38.22,38.4,37.57,37.585,189820.0
2026-08-21T09:35:00-04:00,37.56,37.8218,37.5,37.65,50062.0
2026-08-21T09:40:00-04:00,37.65,37.68,37.44,37.59,46956.0
2026-08-21T09:45:00-04:00,37.64,37.765,37.5005,37.585,55520.0
2026-08-21T09:50:00-04:00,37.595,37.605,37.21,37.305,60085.0
2026-08-21T09:55:00-04:00,37.32,37.36,37.1304,37.29,82566.0
2026-08-21T10:00:00-04:00,37.28,37.485,37.23,37.38,67292.0
2026-08-21T10:05:00-04:00,37.4,37.47,37.27,37.35,35234.0
2026-08-21T10:10:00-04:00,37.39,37.39,37.2301,37.245,29392.0
2026-08-21T10:15:00-04:00,37.18,37.24,37.02,37.02,73416.0
2026-08-21T10:20:00-04:00,37.029999,37.27,37.029999,37.27,60996.0
2026-08-21T10:25:00-04:00,37.28,37.42,37.2537,37.34,29434.0
2026-08-21T10:30:00-04:00,37.335,37.3825,37.064999,37.064999,35888.0
2026-08-21T10:35:00-04:00,37.080002,37.19,36.92,36.925,84463.0
2026-08-21T10:40:00-04:00,36.95,36.98,36.83,36.875,50444.0
2026-08-21T10:45:00-04:00,36.91,37.0,36.815,37.0,23069.0
2026-08-21T10:50:00-04:00,37.029999,37.16,36.945,36.97,27165.0
2026-08-21T10:55:00-04:00,36.92,37.044998,36.85,36.99,19098.0
2026-08-21T11:00:00-04:00,37.0050011,37.080002,36.95,37.02,15331.0
2026-08-21T11:05:00-04:00,36.99,37.13,36.99,36.99,15948.0
2026-08-21T11:10:00-04:00,36.97,37.060001,36.97,37.0099983,24467.0
2026-08-21T11:15:00-04:00,37.02,37.165,36.96,36.97,16483.0
2026-08-21T11:20:00-04:00,36.97,37.125,36.91,37.125,17049.0
2026-08-21T11:25:00-04:00,37.14,37.18,37.029999,37.080002,36748.0
2026-08-21T11:30:00-04:00,37.080002,37.080002,36.99,37.029999,23860.0
2026-08-21T11:35:00-04:00,37.0099983,37.049999,36.95,36.97,19019.0
2026-08-21T11:40:00-04:00,36.94,37.09,36.94,37.029999,17615.0
2026-08-21T11:45:00-04:00,37.039902,37.064999,36.99,37.044998,16961.0
2026-08-21T11:50:00-04:00,37.049999,37.13,37.029999,37.115,16935.0
2026-08-21T11:55:00-04:00,37.12,37.2373,37.12,37.225,18227.0
2026-08-21T12:00:00-04:00,37.25,37.42,37.17,37.405,24368.0
2026-08-21T12:05:00-04:00,37.41,37.41,37.275,37.28,89477.0
2026-08-21T12:10:00-04:00,37.29,37.45,37.29,37.4,32059.0
2026-08-21T12:15:00-04:00,37.38,37.55,37.37,37.52,31747.0
2026-08-21T12:20:00-04:00,37.5,37.6628,37.48,37.51,28442.0
2026-08-21T12:25:00-04:00,37.51,37.59,37.47,37.579,23247.0
2026-08-21T12:30:00-04:00,37.58,37.5899,37.54,37.57,13809.0
2026-08-21T12:35:00-04:00,37.56,37.6595,37.55,37.6595,35132.0
2026-08-21T12:40:00-04:00,37.66,37.68,37.62,37.62,16833.0
2026-08-21T12:45:00-04:00,37.646,37.755,37.59,37.755,24779.0
2026-08-21T12:50:00-04:00,37.76,37.76,37.66,37.66,38420.0
2026-08-21T12:55:00-04:00,37.6601,37.875,37.66,37.84,49531.0
2026-08-21T13:00:00-04:00,37.84,37.89,37.81,37.88,23899.0
2026-08-21T13:05:00-04:00,37.8901,37.8901,37.72,37.73,18776.0
2026-08-21T13:10:00-04:00,37.76,37.7799,37.6,37.6001,32336.0
2026-08-21T13:15:00-04:00,37.6,37.6786,37.6,37.63,13187.0
2026-08-21T13:20:00-04:00,37.62,37.64,37.49,37.53,21860.0
2026-08-21T13:25:00-04:00,37.53,37.53,37.44,37.49,15159.0
2026-08-21T13:30:00-04:00,37.505,37.505,37.45,37.49,17591.0
2026-08-21T13:35:00-04:00,37.52,37.57,37.52,37.54,20133.0
2026-08-21T13:40:00-04:00,37.56,37.57,37.44,37.45,15251.0
2026-08-21T13:45:00-04:00,37.465,37.54,37.445,37.53,22064.0
2026-08-21T13:50:00-04:00,37.53,37.75,37.5007,37.66,188281.0
2026-08-21T13:55:00-04:00,37.65,37.67,37.64,37.67,11937.0
2026-08-21T14:00:00-04:00,37.675,37.79,37.62,37.725,48247.0
2026-08-21T14:05:00-04:00,37.71,37.73,37.61,37.615,15718.0
2026-08-21T14:10:00-04:00,37.61,37.64,37.58,37.5999,13937.0
2026-08-21T14:15:00-04:00,37.595,37.64,37.585,37.63,12358.0
2026-08-21T14:20:00-04:00,37.635,37.65,37.59,37.64,15606.0
2026-08-21T14:25:00-04:00,37.66,37.66,37.595,37.595,11279.0
2026-08-21T14:30:00-04:00,37.595,37.595,37.55,37.59,15462.0
2026-08-21T14:35:00-04:00,37.61,37.61,37.52,37.525,21291.0
2026-08-21T14:40:00-04:00,37.525,37.58,37.52,37.57,18112.0
2026-08-21T14:45:00-04:00,37.58,37.62,37.55,37.57,21677.0
2026-08-21T14:50:00-04:00,37.57,37.63,37.56,37.6,17523.0
2026-08-21T14:55:00-04:00,37.605,37.63,37.57,37.62,22369.0
2026-08-21T15:00:00-04:00,37.63,37.725,37.6212,37.67,24283.0
2026-08-21T15:05:00-04:00,37.67,37.69,37.6,37.66,18714.0
2026-08-21T15:10:00-04:00,37.66,37.72,37.66,37.72,23048.0
2026-08-21T15:15:00-04:00,37.72,37.78,37.665,37.77,48863.0
2026-08-21T15:20:00-04:00,37.77,37.8699,37.76,37.83,37977.0
2026-08-21T15:25:00-04:00,37.83,37.84,37.74,37.74,26892.0
2026-08-21T15:30:00-04:00,37.735,37.815,37.735,37.8,35720.0
2026-08-21T15:35:00-04:00,37.8027,37.82,37.78,37.81,35572.0
2026-08-21T15:40:00-04:00,37.81,37.87,37.8,37.87,37031.0
2026-08-21T15:45:00-04:00,37.8805,37.925,37.85,37.875,45160.0
2026-08-21T15:50:00-04:00,37.87,37.8865,37.77,37.88,97607.0
2026-08-21T15:55:00-04:00,37.87,37.9,37.775,37.78,248245.0
2026-08-24T09:30:00-04:00,38.32,38.78,38.14,38.47,120003.0
2026-08-24T09:35:00-04:00,38.42,38.42,37.855,37.885,42965.0
2026-08-24T09:40:00-04:00,37.86,38.16,37.82,37.97,119715.0
2026-08-24T09:45:00-04:00,37.985,38.6319,37.95,38.425,99720.0
2026-08-24T09:50:00-04:00,38.45,38.4899,38.099998,38.28,63875.0
2026-08-24T09:55:00-04:00,38.315,38.415,38.25,38.41,48385.0
2026-08-24T10:00:00-04:00,38.39,38.4662,38.135,38.2,57705.0
2026-08-24T10:05:00-04:00,38.2,38.455,38.2,38.4261,25632.0
2026-08-24T10:10:00-04:00,38.46,38.48,38.3,38.42,35298.0
2026-08-24T10:15:00-04:00,38.385,38.49,38.2,38.49,47494.0
2026-08-24T10:20:00-04:00,38.48,38.6855,38.34,38.6,40677.0
2026-08-24T10:25:00-04:00,38.56,38.5673,38.38,38.46,25414.0
2026-08-24T10:30:00-04:00,38.46,38.5582,38.45,38.48,15965.0
2026-08-24T10:35:00-04:00,38.45,38.595,38.34,38.355,19841.0
2026-08-24T10:40:00-04:00,38.35,38.38,38.175,38.205,17632.0
2026-08-24T10:45:00-04:00,38.17,38.2,38.080002,38.14,16746.0
2026-08-24T10:50:00-04:00,38.11,38.3201,38.0099983,38.3201,33338.0
2026-08-24T10:55:00-04:00,38.36,38.52,38.33,38.39,134378.0
2026-08-24T11:00:00-04:00,38.39,38.45,38.255,38.45,18867.0
2026-08-24T11:05:00-04:00,38.48,38.48,38.33,38.33,16031.0
2026-08-24T11:10:00-04:00,38.3,38.44,38.28,38.29,10442.0
2026-08-24T11:15:00-04:00,38.32,38.34,38.26,38.31,18108.0
2026-08-24T11:20:00-04:00,38.33,38.33,38.255,38.305,10539.0
2026-08-24T11:25:00-04:00,38.34,38.44,38.32,38.39,21458.0
2026-08-24T11:30:00-04:00,38.37,38.38,38.145,38.16,13237.0
2026-08-24T11:35:00-04:00,38.12,38.21,38.080002,38.116,15120.0
2026-08-24T11:40:00-04:00,38.09,38.099998,37.95,37.95,16443.0
2026-08-24T11:45:00-04:00,37.94,37.97,37.76,37.78,19546.0
2026-08-24T11:50:00-04:00,37.81,37.94,37.81,37.85,31798.0
2026-08-24T11:55:00-04:00,37.85,37.85,37.52,37.57,38138.0
2026-08-24T12:00:00-04:00,37.6,37.92,37.6,37.89,14857.0
2026-08-24T12:05:00-04:00,37.93,37.935,37.82,37.83,6802.0
2026-08-24T12:10:00-04:00,37.83,37.86,37.8,37.84,5766.0
2026-08-24T12:15:00-04:00,37.84,37.94,37.84,37.92,16820.0
2026-08-24T12:20:00-04:00,37.95,37.96,37.915,37.93,8311.0
2026-08-24T12:25:00-04:00,37.93,38.084999,37.92,38.064999,14971.0
2026-08-24T12:30:00-04:00,38.09,38.12,38.09,38.099998,7393.0
2026-08-24T12:35:00-04:00,38.049999,38.11,38.0201,38.029999,9717.0
2026-08-24T12:40:00-04:00,38.0099983,38.19,38.0099983,38.185,31060.0
2026-08-24T12:45:00-04:00,38.195,38.21,38.11,38.14,19471.0
2026-08-24T12:50:00-04:00,38.13,38.15,38.12,38.1335,10048.0
2026-08-24T12:55:00-04:00,38.12,38.12,37.99,38.040001,18486.0
2026-08-24T13:00:00-04:00,38.040001,38.16,38.040001,38.1401,38978.0
2026-08-24T13:05:00-04:00,38.18,38.315,38.15,38.315,10292.0
2026-08-24T13:10:00-04:00,38.29,38.35,38.26,38.28,20645.0
2026-08-24T13:15:00-04:00,38.25,38.355,38.235,38.305,12068.0
2026-08-24T13:20:00-04:00,38.23,38.23,37.975,38.080002,41096.0
2026-08-24T13:25:00-04:00,38.0099983,38.2,37.96,38.12,48164.0
2026-08-24T13:30:00-04:00,38.14,38.14,38.029999,38.044998,16568.0
2026-08-24T13:35:00-04:00,38.060001,38.09,38.029999,38.060001,20392.0
2026-08-24T13:40:00-04:00,38.060001,38.060001,37.99,38.029999,27886.0
2026-08-24T13:45:00-04:00,38.035,38.115,38.0,38.099998,9350.0
2026-08-24T13:50:00-04:00,38.09,38.125,38.080002,38.125,5154.0
2026-08-24T13:55:00-04:00,38.09,38.15,38.09,38.13,7235.0
2026-08-24T14:00:00-04:00,38.12,38.2,38.091599,38.17,9842.0
2026-08-24T14:05:00-04:00,38.19,38.2,38.029999,38.07,22350.0
2026-08-24T14:10:00-04:00,38.040001,38.09,38.029999,38.09,14052.0
2026-08-24T14:15:00-04:00,38.165,38.19,38.11,38.14,10750.0
2026-08-24T14:20:00-04:00,38.13,38.195,38.13,38.195,8385.0
2026-08-24T14:25:00-04:00,38.19,38.23,38.19,38.215,9710.0
2026-08-24T14:30:00-04:00,38.22,38.3,38.21,38.255,12004.0
2026-08-24T14:35:00-04:00,38.24,38.25,38.122,38.2,11113.0
2026-08-24T14:40:00-04:00,38.21,38.27,38.21,38.25,11221.0
2026-08-24T14:45:00-04:00,38.235,38.235,38.09,38.14,19204.0
2026-08-24T14:50:00-04:00,38.145,38.208,38.13,38.16,16413.0
2026-08-24T14:55:00-04:00,38.16,38.215,38.14,38.19,14254.0
2026-08-24T15:00:00-04:00,38.21,38.27,38.21,38.26,12629.0
2026-08-24T15:05:00-04:00,38.25,38.29,38.24,38.24,11711.0
2026-08-24T15:10:00-04:00,38.25,38.27,38.235,38.24,12161.0
2026-08-24T15:15:00-04:00,38.25,38.3,38.21,38.295,12926.0
2026-08-24T15:20:00-04:00,38.29,38.33,38.27,38.28,18135.0
2026-08-24T15:25:00-04:00,38.2899,38.395,38.26,38.37,28016.0
2026-08-24T15:30:00-04:00,38.365,38.45,38.36,38.41,22998.0
2026-08-24T15:35:00-04:00,38.42,38.49,38.4,38.47,25803.0
2026-08-24T15:40:00-04:00,38.46,38.49,38.44,38.449,26324.0
2026-08-24T15:45:00-04:00,38.44,38.47,38.37,38.43,45969.0
2026-08-24T15:50:00-04:00,38.45,38.64,38.45,38.46,144856.0
2026-08-24T15:55:00-04:00,38.45,38.63,38.42,38.62,225098.0
2026-08-25T09:30:00-04:00,37.67,38.46,37.47,38.34,109307.0
2026-08-25T09:35:00-04:00,38.345,38.46,37.97,38.125,152426.0
2026-08-25T09:40:00-04:00,38.13,38.24,37.94,38.0099983,77320.0
2026-08-25T09:45:00-04:00,38.0,38.029999,37.73,37.74,31884.0
2026-08-25T09:50:00-04:00,37.71,37.7602,37.56,37.5901,50556.0
2026-08-25T09:55:00-04:00,37.56,37.7455,37.55,37.7455,29090.0
2026-08-25T10:00:00-04:00,37.72,37.975,37.72,37.89,50507.0
2026-08-25T10:05:00-04:00,37.9101,38.084999,37.87,38.0099983,34697.0
2026-08-25T10:10:00-04:00,38.0050011,38.21,38.0050011,38.060001,39611.0
2026-08-25T10:15:00-04:00,38.07,38.1499,37.9901,38.029999,17720.0
2026-08-25T10:20:00-04:00,38.014999,38.405,38.0,38.37,27365.0
2026-08-25T10:25:00-04:00,38.37,38.48,38.37,38.43,14547.0
2026-08-25T10:30:00-04:00,38.395,38.58,38.18,38.46,44536.0
2026-08-25T10:35:00-04:00,38.47,38.54,38.43,38.5,15111.0
2026-08-25T10:40:00-04:00,38.51,38.51,38.31,38.41,11507.0
2026-08-25T10:45:00-04:00,38.38,38.445,38.36,38.4192,7501.0
2026-08-25T10:50:00-04:00,38.44,38.5,38.4,38.43,21185.0
2026-08-25T10:55:00-04:00,38.42,38.505,38.415,38.46,8193.0
2026-08-25T11:00:00-04:00,38.47,38.565,38.45,38.48,16922.0
2026-08-25T11:05:00-04:00,38.47,38.555,38.46,38.51,7891.0
2026-08-25T11:10:00-04:00,38.5201,38.635,38.52,38.585,15460.0
2026-08-25T11:15:00-04:00,38.54,38.76,38.45,38.76,29935.0
2026-08-25T11:20:00-04:00,38.78,38.88,38.73,38.81,21419.0
2026-08-25T11:25:00-04:00,38.77,38.93,38.75,38.85,16264.0
2026-08-25T11:30:00-04:00,38.84,38.99,38.81,38.98,17365.0
2026-08-25T11:35:00-04:00,38.965,39.14,38.95,39.14,31109.0
2026-08-25T11:40:00-04:00,39.15,39.23,39.099998,39.15,51403.0
2026-08-25T11:45:00-04:00,39.15,39.15,39.080002,39.09,10595.0
2026-08-25T11:50:00-04:00,39.049999,39.049999,38.98,39.0099983,11614.0
2026-08-25T11:55:00-04:00,39.02,39.116,39.0,39.116,12138.0
2026-08-25T12:00:00-04:00,39.12,39.2,39.080002,39.080002,15214.0
2026-08-25T12:05:00-04:00,39.060001,39.07,38.93,38.96,12474.0
2026-08-25T12:10:00-04:00,38.96,39.0099983,38.96,38.96,14292.0
2026-08-25T12:15:00-04:00,38.975,39.07,38.96,39.0,15249.0
2026-08-25T12:20:00-04:00,39.0,39.012501,38.96,39.0050011,16000.0
2026-08-25T12:25:00-04:00,39.0,39.0050011,38.97,38.97,9421.0
2026-08-25T12:30:00-04:00,38.98,39.0,38.86,38.905,69357.0
2026-08-25T12:35:00-04:00,38.89,39.055,38.87,39.029999,27305.0
2026-08-25T12:40:00-04:00,39.0099983,39.049999,38.935,38.935,21961.0
2026-08-25T12:45:00-04:00,38.97,39.0881,38.945,39.080002,41066.0
2026-08-25T12:50:00-04:00,39.080002,39.16,39.040001,39.07,27227.0
2026-08-25T12:55:00-04:00,39.040001,39.09,38.985,39.09,12243.0
2026-08-25T13:00:00-04:00,39.07,39.16,39.049999,39.16,17339.0
2026-08-25T13:05:00-04:00,39.15,39.1558,39.02,39.02,20288.0
2026-08-25T13:10:00-04:00,39.060001,39.09,39.0,39.07,19390.0
2026-08-25T13:15:00-04:00,39.049999,39.17,39.049999,39.16,12790.0
2026-08-25T13:20:00-04:00,39.15,39.175,39.11,39.13,12715.0
2026-08-25T13:25:00-04:00,39.17,39.205,39.14,39.185,10996.0
2026-08-25T13:30:00-04:00,39.18,39.18,39.115,39.1799,12007.0
2026-08-25T13:35:00-04:00,39.18,39.21,39.17,39.18,18407.0
2026-08-25T13:40:00-04:00,39.19,39.25,39.18,39.245,21580.0
2026-08-25T13:45:00-04:00,39.235,39.281,39.235,39.27,16526.0
2026-08-25T13:50:00-04:00,39.22,39.27,39.22,39.26,18319.0
2026-08-25T13:55:00-04:00,39.25,39.315,39.24,39.3,19536.0
2026-08-25T14:00:00-04:00,39.31,39.32,39.22,39.24,23342.0
2026-08-25T14:05:00-04:00,39.26,39.36,39.21,39.245,48773.0
2026-08-25T14:10:00-04:00,39.245,39.245,38.61,39.225,24177.0
2026-08-25T14:15:00-04:00,39.225,39.24,39.16,39.16,19479.0
2026-08-25T14:20:00-04:00,39.19,39.245,39.19,39.24,8467.0
2026-08-25T14:25:00-04:00,39.26,39.27,39.23,39.26,14713.0
2026-08-25T14:30:00-04:00,39.26,39.265,39.15,39.16,14897.0
2026-08-25T14:35:00-04:00,39.17,39.185,39.095001,39.11,35170.0
2026-08-25T14:40:00-04:00,39.12,39.195,39.12,39.15,32809.0
2026-08-25T14:45:00-04:00,39.16,39.265,39.14,39.19,75449.0
2026-08-25T14:50:00-04:00,39.205,39.205,39.15,39.2,17111.0
2026-08-25T14:55:00-04:00,39.21,39.235,39.18,39.21,16723.0
2026-08-25T15:00:00-04:00,39.21,39.32,39.21,39.27,15587.0
2026-08-25T15:05:00-04:00,39.27,39.35,39.26,39.35,13841.0
2026-08-25T15:10:00-04:00,39.36,39.3728,39.33,39.35,11969.0
2026-08-25T15:15:00-04:00,39.35,39.38,39.32,39.38,17503.0
2026-08-25T15:20:00-04:00,39.37,39.375,39.33,39.37,14354.0
2026-08-25T15:25:00-04:00,39.36,39.4,39.33,39.4,21664.0
2026-08-25T15:30:00-04:00,39.4,39.425,39.19,39.33,91443.0
2026-08-25T15:35:00-04:00,39.325,39.35,39.18,39.18,48931.0
2026-08-25T15:40:00-04:00,39.19,39.19,39.07,39.080002,28894.0
2026-08-25T15:45:00-04:00,39.080002,39.195,39.035,39.195,155631.0
2026-08-25T15:50:00-04:00,39.18,39.22,39.080002,39.14,77128.0
2026-08-25T15:55:00-04:00,39.15,39.215,39.07,39.205,157073.0
2026-08-26T09:30:00-04:00,38.41,38.669,38.17,38.49,79536.0
2026-08-26T09:35:00-04:00,38.475,38.58,38.26,38.26,21164.0
2026-08-26T09:40:00-04:00,38.2272,38.45,38.2272,38.3744,27177.0
2026-08-26T09:45:00-04:00,38.31,38.57,38.29,38.44,54812.0
2026-08-26T09:50:00-04:00,38.465,38.5449,38.314,38.41,39609.0
2026-08-26T09:55:00-04:00,38.429,38.48,38.4,38.45,30821.0
2026-08-26T10:00:00-04:00,38.54,38.58,38.46,38.58,16497.0
2026-08-26T10:05:00-04:00,38.6,38.63,38.53,38.57,35045.0
2026-08-26T10:10:00-04:00,38.57,38.69,38.3,38.4,29092.0
2026-08-26T10:15:00-04:00,38.4,38.63,38.38,38.59,27313.0
2026-08-26T10:20:00-04:00,38.64,38.76,38.62,38.725,38877.0
2026-08-26T10:25:00-04:00,38.7363,38.79,38.625,38.74,14937.0
2026-08-26T10:30:00-04:00,38.7,38.81,38.7,38.77,16413.0
2026-08-26T10:35:00-04:00,38.74,38.75,38.626,38.69,17577.0
2026-08-26T10:40:00-04:00,38.69,38.77,38.645,38.76,10836.0
2026-08-26T10:45:00-04:00,38.742,38.742,38.4105,38.46,24366.0
2026-08-26T10:50:00-04:00,38.45,38.51,38.422,38.45,16945.0
2026-08-26T10:55:00-04:00,38.46,38.625,38.46,38.55,21719.0
2026-08-26T11:00:00-04:00,38.53,38.53,38.23,38.25,20243.0
2026-08-26T11:05:00-04:00,38.2101,38.4366,38.2,38.43,21776.0
2026-08-26T11:10:00-04:00,38.415,38.46,38.34,38.38,19799.0
2026-08-26T11:15:00-04:00,38.34,38.43,38.25,38.38,15782.0
2026-08-26T11:20:00-04:00,38.36,38.37,38.3201,38.34,10925.0
2026-08-26T11:25:00-04:00,38.34,38.455,38.33,38.38,27057.0
2026-08-26T11:30:00-04:00,38.39,38.4,38.29,38.33,30442.0
2026-08-26T11:35:00-04:00,38.325,38.36,38.25,38.25,14798.0
2026-08-26T11:40:00-04:00,38.28,38.2949,38.24,38.26,11254.0
2026-08-26T11:45:00-04:00,38.25,38.28,38.18,38.225,20562.0
2026-08-26T11:50:00-04:00,38.2,38.2,38.0099983,38.07,20019.0
2026-08-26T11:55:00-04:00,38.063999,38.24,38.063999,38.19,13821.0
2026-08-26T12:00:00-04:00,38.17,38.2799,38.1337,38.2699,13518.0
2026-08-26T12:05:00-04:00,38.245,38.28,38.2,38.223,10022.0
2026-08-26T12:10:00-04:00,38.21,38.23,38.155,38.23,17866.0
2026-08-26T12:15:00-04:00,38.1875,38.28,38.1875,38.265,11365.0
2026-08-26T12:20:00-04:00,38.26,38.28,38.22,38.22,11734.0
2026-08-26T12:25:00-04:00,38.2,38.21,38.14,38.16,10160.0
2026-08-26T12:30:00-04:00,38.16,38.19,38.1375,38.18,16307.0
2026-08-26T12:35:00-04:00,38.2,38.23,38.15,38.19,7568.0
2026-08-26T12:40:00-04:00,38.15,38.21,38.13,38.195,10428.0
2026-08-26T12:45:00-04:00,38.24,38.29,38.23,38.29,18813.0
2026-08-26T12:50:00-04:00,38.305,38.335,38.25,38.25,8661.0
2026-08-26T12:55:00-04:00,38.265,38.3145,38.25,38.305,11311.0
2026-08-26T13:00:00-04:00,38.31,38.4,38.3063,38.39,8761.0
2026-08-26T13:05:00-04:00,38.4,38.4,38.35,38.35,7052.0
2026-08-26T13:10:00-04:00,38.345,38.345,38.21,38.22,6326.0
2026-08-26T13:15:00-04:00,38.21,38.23,38.17,38.185,4644.0
2026-08-26T13:20:00-04:00,38.19,38.21,38.14,38.14,11347.0
2026-08-26T13:25:00-04:00,38.14,38.28,38.14,38.28,70061.0
2026-08-26T13:30:00-04:00,38.27,38.36,38.27,38.32,11431.0
2026-08-26T13:35:00-04:00,38.32,38.34,38.305,38.34,8316.0
2026-08-26T13:40:00-04:00,38.32,38.33,38.275,38.275,4674.0
2026-08-26T13:45:00-04:00,38.275,38.28,38.26,38.275,5341.0
2026-08-26T13:50:00-04:00,38.275,38.28,38.27,38.27,5830.0
2026-08-26T13:55:00-04:00,38.27,38.315,38.27,38.31,8931.0
2026-08-26T14:00:00-04:00,38.295,38.45,38.27,38.45,16170.0
2026-08-26T14:05:00-04:00,38.46,38.465,38.41,38.42,11247.0
2026-08-26T14:10:00-04:00,38.415,38.43,38.3,38.32,13528.0
2026-08-26T14:15:00-04:00,38.28,38.34,38.265,38.3,7373.0
2026-08-26T14:20:00-04:00,38.32,38.34,38.3,38.31,7652.0
2026-08-26T14:25:00-04:00,38.3,38.33,38.29,38.33,6915.0
2026-08-26T14:30:00-04:00,38.335,38.34,38.26,38.285,8664.0
2026-08-26T14:35:00-04:00,38.285,38.32,38.285,38.31,9426.0
2026-08-26T14:40:00-04:00,38.32,38.33,38.29,38.31,7853.0
2026-08-26T14:45:00-04:00,38.3294,38.4,38.32,38.33,22892.0
2026-08-26T14:50:00-04:00,38.33,38.38,38.33,38.36,18637.0
2026-08-26T14:55:00-04:00,38.365,38.4,38.36,38.37,13640.0
2026-08-26T15:00:00-04:00,38.37,38.48,38.34,38.47,25009.0
2026-08-26T15:05:00-04:00,38.46,38.465,38.39,38.41,20934.0
2026-08-26T15:10:00-04:00,38.405,38.41,38.33,38.33,14489.0
2026-08-26T15:15:00-04:00,38.33,38.37,38.315,38.345,11984.0
2026-08-26T15:20:00-04:00,38.34,38.38,38.34,38.37,13930.0
2026-08-26T15:25:00-04:00,38.38,38.445,38.37,38.37,24046.0
2026-08-26T15:30:00-04:00,38.3788,38.4,38.36,38.37,43560.0
2026-08-26T15:35:00-04:00,38.37,38.385,38.35,38.35,23032.0
2026-08-26T15:40:00-04:00,38.36,38.365,38.295,38.3,26188.0
2026-08-26T15:45:00-04:00,38.305,38.38,38.305,38.37,28861.0
2026-08-26T15:50:00-04:00,38.37,38.37,38.115,38.3,114733.0
2026-08-26T15:55:00-04:00,38.275,38.3,38.049999,38.09,158965.0
2026-08-27T09:30:00-04:00,37.86,38.33,37.77,38.064999,46122.0
2026-08-27T09:35:00-04:00,38.060001,38.32,38.029999,38.029999,11575.0
2026-08-27T09:40:00-04:00,38.060001,38.22,38.025002,38.080002,27140.0
2026-08-27T09:45:00-04:00,38.07,38.12,37.8,37.88,22214.0
2026-08-27T09:50:00-04:00,37.9587,38.15,37.9587,38.0,31075.0
2026-08-27T09:55:00-04:00,38.099998,38.23,38.02,38.23,16152.0
2026-08-27T10:00:00-04:00,38.19,38.24,38.099998,38.22,23254.0
2026-08-27T10:05:00-04:00,38.25,38.32,38.14,38.19,23851.0
2026-08-27T10:10:00-04:00,38.19,38.24,38.125,38.1809,12484.0
2026-08-27T10:15:00-04:00,38.2,38.565,38.2,38.47,21968.0
2026-08-27T10:20:00-04:00,38.505,38.71,38.49,38.49,66347.0
2026-08-27T10:25:00-04:00,38.44,38.49,38.375,38.49,14300.0
2026-08-27T10:30:00-04:00,38.46,38.615,38.46,38.61,23519.0
2026-08-27T10:35:00-04:00,38.635,38.77,38.57,38.73,42321.0
2026-08-27T10:40:00-04:00,38.79,38.92,38.71,38.92,30514.0
2026-08-27T10:45:00-04:00,38.915,38.92,38.71,38.71,10820.0
2026-08-27T10:50:00-04:00,38.71,38.71,38.57,38.65,17194.0
2026-08-27T10:55:00-04:00,38.6,38.61,38.51,38.57,14709.0
2026-08-27T11:00:00-04:00,38.58,38.7,38.58,38.68,18508.0
2026-08-27T11:05:00-04:00,38.69,38.7,38.59,38.63,8687.0
2026-08-27T11:10:00-04:00,38.61,38.785,38.61,38.73,10476.0
2026-08-27T11:15:00-04:00,38.715,38.8,38.6852,38.78,6627.0
2026-08-27T11:20:00-04:00,38.7822,38.795,38.65,38.6563,8757.0
2026-08-27T11:25:00-04:00,38.59,38.66,38.57,38.575,15908.0
2026-08-27T11:30:00-04:00,38.58,38.715,38.5791,38.65,13697.0
2026-08-27T11:35:00-04:00,38.68,38.76,38.68,38.73,19174.0
2026-08-27T11:40:00-04:00,38.76,38.845,38.73,38.8,9910.0
2026-08-27T11:45:00-04:00,38.78,38.8,38.75,38.75,5747.0
2026-08-27T11:50:00-04:00,38.78,38.82,38.745,38.8,9914.0
2026-08-27T11:55:00-04:00,38.8,38.85,38.775,38.84,9500.0
2026-08-27T12:00:00-04:00,38.85,38.9,38.8,38.86,18011.0
2026-08-27T12:05:00-04:00,38.82,38.82,38.72,38.72,14001.0
2026-08-27T12:10:00-04:00,38.72,38.74,38.63,38.64,11008.0
2026-08-27T12:15:00-04:00,38.63,38.66,38.535,38.535,17289.0
2026-08-27T12:20:00-04:00,38.58,38.5999,38.53,38.53,11592.0
2026-08-27T12:25:00-04:00,38.57,38.5773,38.54,38.55,10356.0
2026-08-27T12:30:00-04:00,38.53,38.655,38.53,38.655,9172.0
2026-08-27T12:35:00-04:00,38.655,38.71,38.63,38.67,8767.0
2026-08-27T12:40:00-04:00,38.69,38.69,38.6,38.62,11897.0
2026-08-27T12:45:00-04:00,38.63,38.63,38.5701,38.58,8747.0
2026-08-27T12:50:00-04:00,38.59,38.69,38.58,38.69,14067.0
2026-08-27T12:55:00-04:00,38.69,38.73,38.66,38.73,8559.0
2026-08-27T13:00:00-04:00,38.74,38.76,38.69,38.73,13460.0
2026-08-27T13:05:00-04:00,38.7,38.7,38.65,38.68,7773.0
2026-08-27T13:10:00-04:00,38.615,38.65,38.61,38.61,6313.0
2026-08-27T13:15:00-04:00,38.61,38.61,38.575,38.575,5120.0
2026-08-27T13:20:00-04:00,38.58,38.62,38.58,38.59,6441.0
2026-08-27T13:25:00-04:00,38.585,38.605,38.57,38.6,11689.0
2026-08-27T13:30:00-04:00,38.6,38.66,38.59,38.655,5430.0
2026-08-27T13:35:00-04:00,38.61,38.65,38.61,38.65,10407.0
2026-08-27T13:40:00-04:00,38.66,38.67,38.61,38.62,8945.0
2026-08-27T13:45:00-04:00,38.615,38.62,38.55,38.565,11410.0
2026-08-27T13:50:00-04:00,38.59,38.59,38.52,38.5401,9619.0
2026-08-27T13:55:00-04:00,38.53,38.54,38.49,38.52,6341.0
2026-08-27T14:00:00-04:00,38.49,38.49,38.43,38.44,7857.0
2026-08-27T14:05:00-04:00,38.44,38.53,38.44,38.5,16051.0
2026-08-27T14:10:00-04:00,38.47,38.5,38.44,38.5,5833.0
2026-08-27T14:15:00-04:00,38.51,38.51,38.49,38.5,5640.0
2026-08-27T14:20:00-04:00,38.485,38.5,38.42,38.42,12625.0
2026-08-27T14:25:00-04:00,38.41,38.7203,38.395,38.57,49508.0
2026-08-27T14:30:00-04:00,38.585,38.615,38.51,38.51,8699.0
2026-08-27T14:35:00-04:00,38.505,38.58,38.5,38.555,7808.0
2026-08-27T14:40:00-04:00,38.56,38.56,38.51,38.525,8145.0
2026-08-27T14:45:00-04:00,38.52,38.615,38.52,38.595,14058.0
2026-08-27T14:50:00-04:00,38.59,38.715,38.59,38.63,29708.0
2026-08-27T14:55:00-04:00,38.63,38.69,38.605,38.68,8657.0
2026-08-27T15:00:00-04:00,38.69,38.76,38.69,38.72,17865.0
2026-08-27T15:05:00-04:00,38.73,38.7762,38.725,38.76,32797.0
2026-08-27T15:10:00-04:00,38.74,38.74,38.62,38.63,20162.0
2026-08-27T15:15:00-04:00,38.64,38.645,38.57,38.595,22068.0
2026-08-27T15:20:00-04:00,38.595,38.595,38.56,38.58,14597.0
2026-08-27T15:25:00-04:00,38.57,38.64,38.56,38.615,19837.0
2026-08-27T15:30:00-04:00,38.61,38.72,38.605,38.66,34424.0
2026-08-27T15:35:00-04:00,38.66,38.71,38.61,38.695,24511.0
2026-08-27T15:40:00-04:00,38.71,38.74,38.685,38.73,55306.0
2026-08-27T15:45:00-04:00,38.73,38.85,38.73,38.84,36414.0
2026-08-27T15:50:00-04:00,38.81,38.95,38.81,38.95,48127.0
2026-08-27T15:55:00-04:00,38.96,39.040001,38.92,39.0099983,184250.0
2026-08-28T09:30:00-04:00,39.3938,39.3938,38.7269,38.91,45769.0
2026-08-28T09:35:00-04:00,38.9,38.95,38.72,38.78,15207.0
2026-08-28T09:40:00-04:00,38.7201,38.945,38.7,38.87,24432.0
2026-08-28T09:45:00-04:00,38.89,39.09,38.86,39.044998,23748.0
2026-08-28T09:50:00-04:00,39.044998,39.105,38.92,38.955,16783.0
2026-08-28T09:55:00-04:00,38.97,39.17,38.91,38.91,25098.0
2026-08-28T10:00:00-04:00,38.88,39.2,38.44,38.53,48648.0
2026-08-28T10:05:00-04:00,38.44,38.44,38.029999,38.07,56193.0
2026-08-28T10:10:00-04:00,38.0099983,38.16,37.6,37.68,47842.0
2026-08-28T10:15:00-04:00,37.69,37.89,37.68,37.685,47325.0
2026-08-28T10:20:00-04:00,37.66,37.95,37.66,37.86,40397.0
2026-08-28T10:25:00-04:00,37.96,37.96,37.36,37.49,52359.0
2026-08-28T10:30:00-04:00,37.5,38.14,37.445,38.14,45887.0
2026-08-28T10:35:00-04:00,38.13,38.39,38.13,38.29,30004.0
2026-08-28T10:40:00-04:00,38.26,38.31,38.135,38.24,87690.0
2026-08-28T10:45:00-04:00,38.12,38.24,38.0,38.23,21465.0
2026-08-28T10:50:00-04:00,38.26,38.385,38.22,38.365,49646.0
2026-08-28T10:55:00-04:00,38.365,38.47,38.3008,38.38,19889.0
2026-08-28T11:00:00-04:00,38.405,38.51,38.28,38.375,29434.0
2026-08-28T11:05:00-04:00,38.335,38.335,38.15,38.2,15078.0
2026-08-28T11:10:00-04:00,38.15,38.165,38.02,38.029999,10386.0
2026-08-28T11:15:00-04:00,38.02,38.1799,38.0050011,38.1799,17766.0
2026-08-28T11:20:00-04:00,38.215,38.26,38.1344,38.25,17228.0
2026-08-28T11:25:00-04:00,38.21,38.3,38.115,38.15,9879.0
2026-08-28T11:30:00-04:00,38.18,38.205,38.085999,38.155,13069.0
2026-08-28T11:35:00-04:00,38.18,38.2,37.99,37.99,11457.0
2026-08-28T11:40:00-04:00,37.95,37.95,37.66,37.7055,27352.0
2026-08-28T11:45:00-04:00,37.65,37.77,37.65,37.7,14725.0
2026-08-28T11:50:00-04:00,37.715,37.82,37.69,37.745,14758.0
2026-08-28T11:55:00-04:00,37.7546,37.7546,37.46,37.495,28409.0
2026-08-28T12:00:00-04:00,37.49,37.655,37.48,37.52,18746.0
2026-08-28T12:05:00-04:00,37.53,37.59,37.45,37.515,20118.0
2026-08-28T12:10:00-04:00,37.48,37.48,37.27,37.3,22275.0
2026-08-28T12:15:00-04:00,37.26,37.32,37.029999,37.080002,28432.0
2026-08-28T12:20:00-04:00,37.084999,37.084999,36.885,36.885,66339.0
2026-08-28T12:25:00-04:00,36.87,37.095001,36.86,37.09,49249.0
2026-08-28T12:30:00-04:00,37.09,37.245,37.074501,37.099998,34357.0
2026-08-28T12:35:00-04:00,37.13,37.33,37.12,37.2899,24369.0
2026-08-28T12:40:00-04:00,37.275,37.275,37.025002,37.029999,16491.0
2026-08-28T12:45:00-04:00,37.049999,37.2,37.0378,37.2,21599.0
2026-08-28T12:50:00-04:00,37.2,37.27,37.19,37.215,16614.0
2026-08-28T12:55:00-04:00,37.215,37.23,37.13,37.15,16614.0
2026-08-28T13:00:00-04:00,37.14,37.14,37.0050011,37.07,16034.0
2026-08-28T13:05:00-04:00,37.049999,37.2,37.049999,37.13,15618.0
2026-08-28T13:10:00-04:00,37.099998,37.185,37.040001,37.18,15729.0
2026-08-28T13:15:00-04:00,37.1549,37.17,37.025002,37.17,17463.0
2026-08-28T13:20:00-04:00,37.24,37.24,37.16,37.21,7375.0
2026-08-28T13:25:00-04:00,37.23,37.23,37.15,37.17,14623.0
2026-08-28T13:30:00-04:00,37.18,37.25,37.13,37.25,8748.0
2026-08-28T13:35:00-04:00,37.27,37.3,37.18,37.18,12645.0
2026-08-28T13:40:00-04:00,37.16,37.2,37.080002,37.12,12944.0
2026-08-28T13:45:00-04:00,37.13,37.22,37.13,37.17,9136.0
2026-08-28T13:50:00-04:00,37.19,37.225,37.1819,37.195,9520.0
2026-08-28T13:55:00-04:00,37.17,37.1863,37.11,37.15,21616.0
2026-08-28T14:00:00-04:00,37.12,37.14,37.0099983,37.029999,13128.0
2026-08-28T14:05:00-04:00,37.02,37.095,36.975,37.075,22683.0
2026-08-28T14:10:00-04:00,37.07,37.099998,37.0099983,37.02,7513.0
2026-08-28T14:15:00-04:00,36.995,37.035,36.93,37.014999,17512.0
2026-08-28T14:20:00-04:00,37.0,37.06,36.96,37.014999,17856.0
2026-08-28T14:25:00-04:00,37.02,37.13,37.0050011,37.0050011,11525.0
2026-08-28T14:30:00-04:00,37.025002,37.067699,37.0099983,37.067699,14489.0
2026-08-28T14:35:00-04:00,37.060001,37.060001,37.0099983,37.0099983,8404.0
2026-08-28T14:40:00-04:00,37.0099983,37.035,36.92,36.96,11627.0
2026-08-28T14:45:00-04:00,36.98,37.044998,36.97,37.02,11077.0
2026-08-28T14:50:00-04:00,37.029999,37.040001,36.95,36.95,11782.0
2026-08-28T14:55:00-04:00,36.96,37.060001,36.95,37.044998,11828.0
2026-08-28T15:00:00-04:00,37.040001,37.22,37.02,37.22,16687.0
2026-08-28T15:05:00-04:00,37.22,37.28,37.22,37.27,11796.0
2026-08-28T15:10:00-04:00,37.28,37.32,37.23,37.27,13569.0
2026-08-28T15:15:00-04:00,37.27,37.365,37.26,37.36,11805.0
2026-08-28T15:20:00-04:00,37.37,37.4,37.35,37.39,20741.0
2026-08-28T15:25:00-04:00,37.42,37.505,37.4,37.49,20385.0
2026-08-28T15:30:00-04:00,37.465,37.51,37.44,37.45,24105.0
2026-08-28T15:35:00-04:00,37.42,37.46,37.365,37.43,23794.0
2026-08-28T15:40:00-04:00,37.435,37.4676,37.405,37.42,28217.0
2026-08-28T15:45:00-04:00,37.429,37.46,37.3,37.3,41373.0
2026-08-28T15:50:00-04:00,37.29,37.33,37.215,37.33,41791.0
2026-08-28T15:55:00-04:00,37.34,37.375,37.28,37.305,124172.0
2026-08-31T09:30:00-04:00,37.17,37.495,36.9624,37.0050011,59794.0
2026-08-31T09:35:00-04:00,37.0050011,37.285,36.9823,37.049999,33836.0
2026-08-31T09:40:00-04:00,37.0,37.11,36.92,36.94,36569.0
2026-08-31T09:45:00-04:00,36.98,37.19,36.79,36.96,50533.0
2026-08-31T09:50:00-04:00,36.97,37.049999,36.55,36.805,108687.0
2026-08-31T09:55:00-04:00,36.7825,36.92,36.74,36.82,39109.0
2026-08-31T10:00:00-04:00,36.795,36.86,36.685,36.855,25705.0
2026-08-31T10:05:00-04:00,36.865,36.93,36.68,36.78,41821.0
2026-08-31T10:10:00-04:00,36.79,36.79,36.563,36.79,34480.0
2026-08-31T10:15:00-04:00,36.81,36.89,36.72,36.73,15314.0
2026-08-31T10:20:00-04:00,36.72,36.72,36.54,36.54,30966.0
2026-08-31T10:25:00-04:00,36.59,36.73,36.59,36.645,30200.0
2026-08-31T10:30:00-04:00,36.65,36.72,36.5801,36.5801,21814.0
2026-08-31T10:35:00-04:00,36.595,36.85,36.595,36.84,17389.0
2026-08-31T10:40:00-04:00,36.77,37.0,36.77,37.0,17026.0
2026-08-31T10:45:00-04:00,37.0,37.19,37.0,37.049999,55321.0
2026-08-31T10:50:00-04:00,37.029999,37.064999,36.96,36.99,40226.0
2026-08-31T10:55:00-04:00,36.99,37.029999,36.96,36.97,65603.0
2026-08-31T11:00:00-04:00,36.98,37.155,36.79,36.81,38845.0
2026-08-31T11:05:00-04:00,36.8,36.93,36.77,36.89,53812.0
2026-08-31T11:10:00-04:00,36.905,36.9448,36.87,36.89,7916.0
2026-08-31T11:15:00-04:00,36.91,37.11,36.865,37.099998,19996.0
2026-08-31T11:20:00-04:00,37.11,37.23,37.087799,37.21,12467.0
2026-08-31T11:25:00-04:00,37.21,37.365,37.2,37.36,25322.0
2026-08-31T11:30:00-04:00,37.3599,37.4,37.33,37.35,38840.0
2026-08-31T11:35:00-04:00,37.355,37.44,37.33,37.38,15639.0
2026-08-31T11:40:00-04:00,37.385,37.41,37.33,37.35,9956.0
2026-08-31T11:45:00-04:00,37.36,37.44,37.35,37.4,14300.0
2026-08-31T11:50:00-04:00,37.37,37.41,37.32,37.32,25907.0
2026-08-31T11:55:00-04:00,37.325,37.34,37.255,37.27,25129.0
2026-08-31T12:00:00-04:00,37.265,37.36,37.265,37.34,8254.0
2026-08-31T12:05:00-04:00,37.32,37.355,37.265,37.28,11186.0
2026-08-31T12:10:00-04:00,37.29,37.39,37.28,37.39,15295.0
2026-08-31T12:15:00-04:00,37.39,37.4182,37.35,37.36,23452.0
2026-08-31T12:20:00-04:00,37.37,37.46,37.35,37.445,20777.0
2026-08-31T12:25:00-04:00,37.44,37.6,37.42,37.59,72143.0
2026-08-31T12:30:00-04:00,37.59,37.655,37.57,37.625,27968.0
2026-08-31T12:35:00-04:00,37.6202,37.6202,37.54,37.555,22677.0
2026-08-31T12:40:00-04:00,37.55,37.66,37.545,37.6,24724.0
2026-08-31T12:45:00-04:00,37.61,37.63,37.56,37.59,17078.0
2026-08-31T12:50:00-04:00,37.58,37.59,37.51,37.535,19394.0
2026-08-31T12:55:00-04:00,37.52,37.53,37.425,37.445,9905.0
2026-08-31T13:00:00-04:00,37.445,37.45,37.395,37.41,13967.0
2026-08-31T13:05:00-04:00,37.4,37.44,37.38,37.43,11447.0
2026-08-31T13:10:00-04:00,37.43,37.46,37.39,37.45,13742.0
2026-08-31T13:15:00-04:00,37.435,37.44,37.38,37.41,18858.0
2026-08-31T13:20:00-04:00,37.42,37.43,37.38,37.38,17413.0
2026-08-31T13:25:00-04:00,37.385,37.385,37.305,37.32,23895.0
2026-08-31T13:30:00-04:00,37.32,37.39,37.32,37.37,15105.0
2026-08-31T13:35:00-04:00,37.355,37.395,37.355,37.39,13311.0
2026-08-31T13:40:00-04:00,37.395,37.43,37.38,37.395,8713.0
2026-08-31T13:45:00-04:00,37.41,37.48,37.41,37.45,12601.0
2026-08-31T13:50:00-04:00,37.44,37.45,37.315,37.35,11521.0
2026-08-31T13:55:00-04:00,37.36,37.37,37.33,37.37,7789.0
2026-08-31T14:00:00-04:00,37.365,37.39,37.335,37.39,11635.0
2026-08-31T14:05:00-04:00,37.36,37.465,37.315,37.465,22090.0
2026-08-31T14:10:00-04:00,37.465,37.6,37.46,37.6,49135.0
2026-08-31T14:15:00-04:00,37.59,37.61,37.51,37.525,31690.0
2026-08-31T14:20:00-04:00,37.52,37.565,37.52,37.54,15064.0
2026-08-31T14:25:00-04:00,37.5425,37.5425,37.49,37.495,15816.0
2026-08-31T14:30:00-04:00,37.49,37.51,37.4598,37.465,16952.0
2026-08-31T14:35:00-04:00,37.48,37.49,37.425,37.45,9126.0
2026-08-31T14:40:00-04:00,37.455,37.47,37.425,37.45,8552.0
2026-08-31T14:45:00-04:00,37.455,37.59,37.44,37.59,44057.0
2026-08-31T14:50:00-04:00,37.59,37.6,37.545,37.545,22462.0
2026-08-31T14:55:00-04:00,37.545,37.555,37.515,37.535,32400.0
2026-08-31T15:00:00-04:00,37.54,37.565,37.46,37.46,34116.0
2026-08-31T15:05:00-04:00,37.46,37.49,37.38,37.4,47285.0
2026-08-31T15:10:00-04:00,37.395,37.43,37.38,37.42,44983.0
2026-08-31T15:15:00-04:00,37.41,37.435,37.355,37.38,43441.0
2026-08-31T15:20:00-04:00,37.38,37.46,37.33,37.46,23277.0
2026-08-31T15:25:00-04:00,37.495,37.555,37.485,37.555,31473.0
2026-08-31T15:30:00-04:00,37.555,37.565,37.51,37.55,59509.0
2026-08-31T15:35:00-04:00,37.555,37.575,37.495,37.495,33673.0
2026-08-31T15:40:00-04:00,37.48,37.62,37.41,37.615,70171.0
2026-08-31T15:45:00-04:00,37.61,37.67,37.58,37.666,62377.0
2026-08-31T15:50:00-04:00,37.65,37.65,37.49,37.5,126212.0
2026-08-31T15:55:00-04:00,37.49,37.655,37.42,37.615,287412.0
2026-09-01T09:30:00-04:00,36.02,36.49,36.0099983,36.22,145504.0
2026-09-01T09:35:00-04:00,36.24,36.39,36.0,36.38,58657.0
2026-09-01T09:40:00-04:00,36.38,36.44,36.21,36.39,42393.0
2026-09-01T09:45:00-04:00,36.35,36.475,36.24,36.455,55105.0
2026-09-01T09:50:00-04:00,36.44,36.49,36.34,36.354,25605.0
2026-09-01T09:55:00-04:00,36.41,36.52,36.3605,36.5,26400.0
2026-09-01T10:00:00-04:00,36.53,36.59,36.4001,36.55,33518.0
2026-09-01T10:05:00-04:00,36.58,37.1028,36.58,37.084999,40547.0
2026-09-01T10:10:00-04:00,37.12,37.3699,37.060001,37.3699,46365.0
2026-09-01T10:15:00-04:00,37.345,37.58,37.345,37.465,32339.0
2026-09-01T10:20:00-04:00,37.54,37.765,37.48,37.71,33718.0
2026-09-01T10:25:00-04:00,37.72,37.85,37.56,37.56,63728.0
2026-09-01T10:30:00-04:00,37.56,37.56,37.415,37.435,26434.0
2026-09-01T10:35:00-04:00,37.45,37.555,37.38,37.41,28783.0
2026-09-01T10:40:00-04:00,37.4,37.44,37.275,37.28,36280.0
2026-09-01T10:45:00-04:00,37.28,37.36,37.215,37.27,41041.0
2026-09-01T10:50:00-04:00,37.255,37.3328,37.22,37.22,22090.0
2026-09-01T10:55:00-04:00,37.19,37.25,37.12,37.23,29939.0
2026-09-01T11:00:00-04:00,37.255,37.3,37.032398,37.044998,34585.0
2026-09-01T11:05:00-04:00,37.040001,37.075001,36.945,37.0,33260.0
2026-09-01T11:10:00-04:00,37.014999,37.044998,36.925,36.975,25672.0
2026-09-01T11:15:00-04:00,36.95,37.044998,36.92,37.02,20588.0
2026-09-01T11:20:00-04:00,37.029999,37.060001,37.02,37.035,41732.0
2026-09-01T11:25:00-04:00,37.040001,37.11,36.95,37.11,46971.0
2026-09-01T11:30:00-04:00,37.14,37.18,37.060001,37.07,97703.0
2026-09-01T11:35:00-04:00,37.060001,37.11,37.029999,37.075001,39444.0
2026-09-01T11:40:00-04:00,37.080002,37.13,37.040001,37.13,22107.0
2026-09-01T11:45:00-04:00,37.13,37.17,37.105,37.13,7764.0
2026-09-01T11:50:00-04:00,37.12,37.18,37.080002,37.18,11041.0
2026-09-01T11:55:00-04:00,37.18,37.22,37.13,37.2,13857.0
2026-09-01T12:00:00-04:00,37.22,37.22,37.16,37.17,39338.0
2026-09-01T12:05:00-04:00,37.19,37.21,37.060001,37.14,30210.0
2026-09-01T12:10:00-04:00,37.13,37.13,36.975,36.985,20552.0
2026-09-01T12:15:00-04:00,36.98,37.035,36.96,37.0099983,44038.0
2026-09-01T12:20:00-04:00,37.02,37.02,36.81,36.94,33180.0
2026-09-01T12:25:00-04:00,36.94,36.95,36.89,36.9,12251.0
2026-09-01T12:30:00-04:00,36.89,36.91,36.67,36.68,82358.0
2026-09-01T12:35:00-04:00,36.705,36.96,36.66,36.96,40796.0
2026-09-01T12:40:00-04:00,36.97,37.07,36.97,37.02,12180.0
2026-09-01T12:45:00-04:00,37.0317,37.084999,37.0317,37.080002,10934.0
2026-09-01T12:50:00-04:00,37.12,37.23,37.12,37.1782,10752.0
2026-09-01T12:55:00-04:00,37.22,37.24,37.165,37.165,10600.0
2026-09-01T13:00:00-04:00,37.16,37.16,37.060001,37.060001,10173.0
2026-09-01T13:05:00-04:00,37.035,37.084999,37.02,37.080002,10137.0
2026-09-01T13:10:00-04:00,37.080002,37.080002,37.033798,37.080002,9250.0
2026-09-01T13:15:00-04:00,37.064999,37.064999,37.0,37.060001,31131.0
2026-09-01T13:20:00-04:00,37.064999,37.080002,37.029999,37.055,13119.0
2026-09-01T13:25:00-04:00,37.064999,37.17,37.02,37.16,30476.0
2026-09-01T13:30:00-04:00,37.155,37.18,37.060001,37.07,27507.0
2026-09-01T13:35:00-04:00,37.07,37.099998,37.029999,37.040001,17395.0
2026-09-01T13:40:00-04:00,37.049999,37.09,37.0,37.035,23831.0
2026-09-01T13:45:00-04:00,37.029999,37.080002,37.02,37.060001,13299.0
2026-09-01T13:50:00-04:00,37.07,37.080002,36.92,36.955,20996.0
2026-09-01T13:55:00-04:00,36.965,36.99,36.865,36.875,36864.0
2026-09-01T14:00:00-04:00,36.885,36.915,36.715,36.715,56798.0
2026-09-01T14:05:00-04:00,36.7,36.81,36.68,36.735,43783.0
2026-09-01T14:10:00-04:00,36.74,36.75,36.68,36.745,18664.0
2026-09-01T14:15:00-04:00,36.78,36.84,36.76,36.84,16552.0
2026-09-01T14:20:00-04:00,36.835,36.835,36.5601,36.5601,367258.0
2026-09-01T14:25:00-04:00,36.57,36.7,36.565,36.61,48618.0
2026-09-01T14:30:00-04:00,36.615,36.615,36.49,36.52,29282.0
2026-09-01T14:35:00-04:00,36.535,36.55,36.5,36.55,23876.0
2026-09-01T14:40:00-04:00,36.55,36.55,36.49,36.51,44541.0
2026-09-01T14:45:00-04:00,36.51,36.645,36.5,36.645,19698.0
2026-09-01T14:50:00-04:00,36.64,36.75,36.62,36.66,16836.0
2026-09-01T14:55:00-04:00,36.65,36.765,36.65,36.74,19199.0
2026-09-01T15:00:00-04:00,36.76,36.77,36.68,36.73,13544.0
2026-09-01T15:05:00-04:00,36.71,36.75,36.58,36.585,17873.0
2026-09-01T15:10:00-04:00,36.585,36.64,36.535,36.63,29907.0
2026-09-01T15:15:00-04:00,36.645,36.645,36.51,36.51,37104.0
2026-09-01T15:20:00-04:00,36.51,36.55,36.405,36.415,21076.0
2026-09-01T15:25:00-04:00,36.435,36.455,36.42,36.43,13900.0
2026-09-01T15:30:00-04:00,36.43,36.43,36.28,36.32,37632.0
2026-09-01T15:35:00-04:00,36.32,36.32,36.22,36.22,30313.0
2026-09-01T15:40:00-04:00,36.24,36.245,36.099998,36.115,28578.0
2026-09-01T15:45:00-04:00,36.115,36.14,36.02,36.044998,75915.0
2026-09-01T15:50:00-04:00,36.040001,36.040001,35.76,35.78,95939.0
2026-09-01T15:55:00-04:00,35.8,35.87,35.69,35.83,312037.0
2026-09-02T09:30:00-04:00,36.96,37.91,36.86,37.8719,83230.0
2026-09-02T09:35:00-04:00,37.82,37.89,37.15,37.41,31806.0
2026-09-02T09:40:00-04:00,37.3967,37.705,37.2725,37.6,26551.0
2026-09-02T09:45:00-04:00,37.58,37.58,37.325,37.37,35602.0
2026-09-02T09:50:00-04:00,37.3801,37.45,37.26,37.27,24665.0
2026-09-02T09:55:00-04:00,37.2562,37.32,37.14,37.16,20242.0
2026-09-02T10:00:00-04:00,37.19,37.605,37.16,37.585,23347.0
2026-09-02T10:05:00-04:00,37.615,37.78,37.56,37.56,27827.0
2026-09-02T10:10:00-04:00,37.51,37.77,37.51,37.74,53514.0
2026-09-02T10:15:00-04:00,37.76,37.82,37.56,37.59,23208.0
2026-09-02T10:20:00-04:00,37.59,37.69,37.4,37.4,31872.0
2026-09-02T10:25:00-04:00,37.42,37.46,37.27,37.31,66138.0
2026-09-02T10:30:00-04:00,37.245,37.32,37.13,37.13,15161.0
2026-09-02T10:35:00-04:00,37.13,37.17,37.099998,37.15,13124.0
2026-09-02T10:40:00-04:00,37.135,37.33,37.11,37.33,15196.0
2026-09-02T10:45:00-04:00,37.36,37.36,37.060001,37.17,13370.0
2026-09-02T10:50:00-04:00,37.1855,37.1855,37.060001,37.11,10775.0
2026-09-02T10:55:00-04:00,37.19,37.2,37.14,37.2,12764.0
2026-09-02T11:00:00-04:00,37.19,37.29,37.12,37.23,12807.0
2026-09-02T11:05:00-04:00,37.25,37.35,37.22,37.24,9730.0
2026-09-02T11:10:00-04:00,37.24,37.24,37.049999,37.049999,9694.0
2026-09-02T11:15:00-04:00,37.02,37.09,36.95,37.09,19811.0
2026-09-02T11:20:00-04:00,37.09,37.12,36.945,37.040001,16526.0
2026-09-02T11:25:00-04:00,37.049999,37.11,37.014999,37.11,14833.0
2026-09-02T11:30:00-04:00,37.115,37.2,37.080002,37.099998,13764.0
2026-09-02T11:35:00-04:00,37.13,37.2,37.12,37.12,88959.0
2026-09-02T11:40:00-04:00,37.13,37.13,37.029999,37.029999,5697.0
2026-09-02T11:45:00-04:00,37.0099983,37.060001,36.97,37.025501,14109.0
2026-09-02T11:50:00-04:00,37.044998,37.09,37.044998,37.07,12335.0
2026-09-02T11:55:00-04:00,37.07,37.28,37.07,37.28,13063.0
2026-09-02T12:00:00-04:00,37.27,37.29,37.18,37.2038,16243.0
2026-09-02T12:05:00-04:00,37.23,37.255,37.175,37.175,12798.0
2026-09-02T12:10:00-04:00,37.19,37.27,37.19,37.27,11863.0
2026-09-02T12:15:00-04:00,37.2709,37.3,37.255,37.3,11372.0
2026-09-02T12:20:00-04:00,37.29,37.32,37.26,37.31,11039.0
2026-09-02T12:25:00-04:00,37.34,37.43,37.2601,37.43,22491.0
2026-09-02T12:30:00-04:00,37.45,37.46,37.3,37.3,21549.0
2026-09-02T12:35:00-04:00,37.29,37.29,37.205,37.21,17615.0
2026-09-02T12:40:00-04:00,37.18,37.22,37.16,37.22,12032.0
2026-09-02T12:45:00-04:00,37.21,37.24,37.13,37.15,20535.0
2026-09-02T12:50:00-04:00,37.14,37.32,37.099998,37.3,24605.0
2026-09-02T12:55:00-04:00,37.32,37.51,37.32,37.45,29964.0
2026-09-02T13:00:00-04:00,37.49,37.49,37.44,37.47,7175.0
2026-09-02T13:05:00-04:00,37.48,37.49,37.42,37.48,12256.0
2026-09-02T13:10:00-04:00,37.46,37.48,37.43,37.45,10533.0
2026-09-02T13:15:00-04:00,37.45,37.45,37.33,37.35,11841.0
2026-09-02T13:20:00-04:00,37.35,37.36,37.33,37.35,12376.0
2026-09-02T13:25:00-04:00,37.34,37.35,37.305,37.34,13427.0
2026-09-02T13:30:00-04:00,37.35,37.39,37.33,37.33,12350.0
2026-09-02T13:35:00-04:00,37.3,37.33,37.3,37.315,5954.0
2026-09-02T13:40:00-04:00,37.31,37.42,37.29,37.42,16148.0
2026-09-02T13:45:00-04:00,37.47,37.58,37.47,37.51,12698.0
2026-09-02T13:50:00-04:00,37.52,37.5219,37.47,37.49,6045.0
2026-09-02T13:55:00-04:00,37.485,37.54,37.47,37.53,18402.0
2026-09-02T14:00:00-04:00,37.545,37.545,37.365,37.47,13553.0
2026-09-02T14:05:00-04:00,37.455,37.51,37.44,37.46,9317.0
2026-09-02T14:10:00-04:00,37.46,37.479,37.36,37.39,18105.0
2026-09-02T14:15:00-04:00,37.365,37.56,37.365,37.52,30067.0
2026-09-02T14:20:00-04:00,37.5,37.5,37.4,37.415,13122.0
2026-09-02T14:25:00-04:00,37.41,37.46,37.36,37.46,13516.0
2026-09-02T14:30:00-04:00,37.45,37.485,37.3924,37.48,11132.0
2026-09-02T14:35:00-04:00,37.47,37.475,37.42,37.45,9171.0
2026-09-02T14:40:00-04:00,37.44,37.46,37.39,37.415,10415.0
2026-09-02T14:45:00-04:00,37.43,37.44,37.37,37.4,11945.0
2026-09-02T14:50:00-04:00,37.395,37.41,37.35,37.355,10193.0
2026-09-02T14:55:00-04:00,37.355,37.37,37.295,37.33,10763.0
2026-09-02T15:00:00-04:00,37.3103,37.345,37.3,37.32,16240.0
2026-09-02T15:05:00-04:00,37.3,37.36,37.295,37.36,16514.0
2026-09-02T15:10:00-04:00,37.365,37.4,37.33,37.4,19930.0
2026-09-02T15:15:00-04:00,37.41,37.44,37.39,37.43,14940.0
2026-09-02T15:20:00-04:00,37.44,37.505,37.42,37.46,20570.0
2026-09-02T15:25:00-04:00,37.47,37.56,37.47,37.51,26075.0
2026-09-02T15:30:00-04:00,37.55,37.58,37.48,37.505,43184.0
2026-09-02T15:35:00-04:00,37.5,37.5,37.4291,37.465,50217.0
2026-09-02T15:40:00-04:00,37.46,37.62,37.46,37.62,33166.0
2026-09-02T15:45:00-04:00,37.62,37.75,37.605,37.745,36636.0
2026-09-02T15:50:00-04:00,37.73,37.73,37.6,37.66,103382.0
2026-09-02T15:55:00-04:00,37.67,37.76,37.64,37.76,170999.0
2026-09-03T09:30:00-04:00,39.275,39.43,38.83,38.885,101069.0
2026-09-03T09:35:00-04:00,38.9942,38.9942,38.46,38.46,28935.0
2026-09-03T09:40:00-04:00,38.52,39.049999,38.3269,39.0,320202.0
2026-09-03T09:45:00-04:00,39.0099983,39.0099983,38.47,38.5199,24007.0
2026-09-03T09:50:00-04:00,38.51,38.72,38.47,38.58,25074.0
2026-09-03T09:55:00-04:00,38.58,38.6,38.5,38.595,14382.0
2026-09-03T10:00:00-04:00,38.48,38.515,38.295,38.3965,31274.0
2026-09-03T10:05:00-04:00,38.4187,38.57,38.34,38.43,28271.0
2026-09-03T10:10:00-04:00,38.45,38.49,38.3236,38.39,53061.0
2026-09-03T10:15:00-04:00,38.405,38.49,38.36,38.49,18574.0
2026-09-03T10:20:00-04:00,38.4858,38.5,38.32,38.41,27289.0
2026-09-03T10:25:00-04:00,38.38,38.45,38.3,38.445,14002.0
2026-09-03T10:30:00-04:00,38.425,38.5478,38.4106,38.46,15417.0
2026-09-03T10:35:00-04:00,38.51,38.52,38.4,38.42,12303.0
2026-09-03T10:40:00-04:00,38.39,38.45,38.32,38.45,12122.0
2026-09-03T10:45:00-04:00,38.53,38.69,38.51,38.58,22953.0
2026-09-03T10:50:00-04:00,38.6,38.72,38.6,38.66,13649.0
2026-09-03T10:55:00-04:00,38.665,38.81,38.48,38.79,38342.0
2026-09-03T11:00:00-04:00,38.8,38.95,38.76,38.933,28237.0
2026-09-03T11:05:00-04:00,38.92,38.98,38.87,38.87,17292.0
2026-09-03T11:10:00-04:00,38.81,38.8399,38.555,38.62,19223.0
2026-09-03T11:15:00-04:00,38.625,38.73,38.54,38.65,39934.0
2026-09-03T11:20:00-04:00,38.65,38.7338,38.62,38.66,19518.0
2026-09-03T11:25:00-04:00,38.65,38.74,38.64,38.71,19154.0
2026-09-03T11:30:00-04:00,38.74,38.75,38.61,38.654,20444.0
2026-09-03T11:35:00-04:00,38.675,38.7,38.575,38.61,27871.0
2026-09-03T11:40:00-04:00,38.62,38.63,38.525,38.59,22546.0
2026-09-03T11:45:00-04:00,38.62,38.6581,38.48,38.48,19651.0
2026-09-03T11:50:00-04:00,38.5,38.5,38.35,38.39,9727.0
2026-09-03T11:55:00-04:00,38.3552,38.41,38.29,38.41,26145.0
2026-09-03T12:00:00-04:00,38.42,38.42,38.3862,38.39,8517.0
2026-09-03T12:05:00-04:00,38.375,38.39,38.35,38.375,5412.0
2026-09-03T12:10:00-04:00,38.37,38.41,38.37,38.405,12388.0
2026-09-03T12:15:00-04:00,38.42,38.43,38.39,38.4,8071.0
2026-09-03T12:20:00-04:00,38.43,38.43,38.325,38.355,10034.0
2026-09-03T12:25:00-04:00,38.37,38.45,38.3697,38.45,6684.0
2026-09-03T12:30:00-04:00,38.45,38.485,38.4,38.415,11109.0
2026-09-03T12:35:00-04:00,38.41,38.435,38.38,38.435,9832.0
2026-09-03T12:40:00-04:00,38.43,38.455,38.36,38.36,8697.0
2026-09-03T12:45:00-04:00,38.38,38.44,38.38,38.41,7815.0
2026-09-03T12:50:00-04:00,38.425,38.46,38.4,38.415,12339.0
2026-09-03T12:55:00-04:00,38.42,38.45,38.4,38.44,9898.0
2026-09-03T13:00:00-04:00,38.45,38.555,38.43,38.555,8432.0
2026-09-03T13:05:00-04:00,38.57,38.57,38.49,38.51,9460.0
2026-09-03T13:10:00-04:00,38.52,38.555,38.51,38.52,13715.0
2026-09-03T13:15:00-04:00,38.515,38.515,38.36,38.37,10821.0
2026-09-03T13:20:00-04:00,38.34,38.4,38.34,38.385,26603.0
2026-09-03T13:25:00-04:00,38.45,38.57,38.45,38.56,9403.0
2026-09-03T13:30:00-04:00,38.58,38.59,38.54,38.56,4936.0
2026-09-03T13:35:00-04:00,38.56,38.63,38.56,38.6,7442.0
2026-09-03T13:40:00-04:00,38.59,38.705,38.585,38.67,171824.0
2026-09-03T13:45:00-04:00,38.68,38.68,38.53,38.53,51841.0
2026-09-03T13:50:00-04:00,38.53,38.55,38.51,38.52,11176.0
2026-09-03T13:55:00-04:00,38.52,38.55,38.5,38.55,11018.0
2026-09-03T14:00:00-04:00,38.54,38.565,38.52,38.54,8389.0
2026-09-03T14:05:00-04:00,38.53,38.57,38.52,38.55,5830.0
2026-09-03T14:10:00-04:00,38.525,38.525,38.49,38.5,10259.0
2026-09-03T14:15:00-04:00,38.47,38.488,38.43,38.488,9884.0
2026-09-03T14:20:00-04:00,38.49,38.49,38.435,38.45,12136.0
2026-09-03T14:25:00-04:00,38.46,38.475,38.42,38.42,8796.0
2026-09-03T14:30:00-04:00,38.41,38.4413,38.39,38.435,11982.0
2026-09-03T14:35:00-04:00,38.45,38.48,38.45,38.46,6867.0
2026-09-03T14:40:00-04:00,38.47,38.48,38.46,38.48,5611.0
2026-09-03T14:45:00-04:00,38.48,38.48,38.41,38.42,6764.0
2026-09-03T14:50:00-04:00,38.38,38.42,38.38,38.39,7715.0
2026-09-03T14:55:00-04:00,38.38,38.4,38.36,38.38,13132.0
2026-09-03T15:00:00-04:00,38.39,38.445,38.39,38.43,13897.0
2026-09-03T15:05:00-04:00,38.43,38.48,38.41,38.475,12715.0
2026-09-03T15:10:00-04:00,38.485,38.5,38.42,38.425,13497.0
2026-09-03T15:15:00-04:00,38.44,38.49,38.42,38.49,18495.0
2026-09-03T15:20:00-04:00,38.5,38.54,38.5,38.51,15855.0
2026-09-03T15:25:00-04:00,38.495,38.68,38.495,38.679,50801.0
2026-09-03T15:30:00-04:00,38.68,38.83,38.66,38.81,65749.0
2026-09-03T15:35:00-04:00,38.81,38.85,38.74,38.79,59428.0
2026-09-03T15:40:00-04:00,38.7701,38.85,38.76,38.7952,34470.0
2026-09-03T15:45:00-04:00,38.795,38.82,38.755,38.81,32501.0
2026-09-03T15:50:00-04:00,38.81,38.84,38.75,38.82,48310.0
2026-09-03T15:55:00-04:00,38.82,38.91,38.815,38.9,105985.0
2026-09-04T09:30:00-04:00,37.66,38.3299,37.405,37.405,101678.0
2026-09-04T09:35:00-04:00,37.4006,37.64,37.305,37.3294,35716.0
2026-09-04T09:40:00-04:00,37.2937,37.92,37.2937,37.89,27711.0
2026-09-04T09:45:00-04:00,37.89,38.099998,37.67,38.099998,74860.0
2026-09-04T09:50:00-04:00,38.060001,38.060001,37.49,37.49,45838.0
2026-09-04T09:55:00-04:00,37.53,37.57,37.48,37.565,24721.0
2026-09-04T10:00:00-04:00,37.58,37.84,37.58,37.76,49146.0
2026-09-04T10:05:00-04:00,37.76,37.775,37.5,37.62,20988.0
2026-09-04T10:10:00-04:00,37.68,37.92,37.66,37.86,92443.0
2026-09-04T10:15:00-04:00,37.9,37.975,37.86,37.975,23779.0
2026-09-04T10:20:00-04:00,37.905,38.02,37.9,38.02,16278.0
2026-09-04T10:25:00-04:00,38.11,38.11,37.97,37.98,18169.0
2026-09-04T10:30:00-04:00,37.97,38.16,37.97,38.07,33911.0
2026-09-04T10:35:00-04:00,38.1102,38.1102,37.97,37.98,15822.0
2026-09-04T10:40:00-04:00,37.99,37.99,37.805,37.89,15084.0
2026-09-04T10:45:00-04:00,37.94,37.96,37.75,37.85,11601.0
2026-09-04T10:50:00-04:00,37.88,37.91,37.75,37.76,15064.0
2026-09-04T10:55:00-04:00,37.775,38.029999,37.775,38.02,9567.0
2026-09-04T11:00:00-04:00,38.049999,38.060001,37.89,38.049999,10557.0
2026-09-04T11:05:00-04:00,38.09,38.215,38.040001,38.095001,31285.0
2026-09-04T11:10:00-04:00,38.105,38.1593,38.060001,38.1593,9651.0
2026-09-04T11:15:00-04:00,38.15,38.23,38.14,38.2,37506.0
2026-09-04T11:20:00-04:00,38.2,38.21,38.040001,38.049999,20061.0
2026-09-04T11:25:00-04:00,38.064999,38.080002,38.0099983,38.0099983,9818.0
2026-09-04T11:30:00-04:00,38.02,38.0439,37.99,38.0,11909.0
2026-09-04T11:35:00-04:00,38.0,38.025002,37.93,37.945,7938.0
2026-09-04T11:40:00-04:00,37.93,38.099998,37.93,38.099998,11026.0
2026-09-04T11:45:00-04:00,38.125,38.13,38.0,38.02,10494.0
2026-09-04T11:50:00-04:00,38.035,38.084999,38.0,38.0050011,10675.0
2026-09-04T11:55:00-04:00,37.985,38.055,37.965,37.97,12110.0
2026-09-04T12:00:00-04:00,37.975,37.98,37.87,37.94,17260.0
2026-09-04T12:05:00-04:00,37.955,37.965,37.805,37.81,15141.0
2026-09-04T12:10:00-04:00,37.83,37.89,37.815,37.89,10080.0
2026-09-04T12:15:00-04:00,37.885,37.9472,37.86,37.9472,20672.0
2026-09-04T12:20:00-04:00,37.965,37.965,37.8751,37.905,10824.0
2026-09-04T12:25:00-04:00,37.91,37.91,37.8151,37.83,8744.0
2026-09-04T12:30:00-04:00,37.83,37.89,37.805,37.875,11557.0
2026-09-04T12:35:00-04:00,37.885,37.91,37.835,37.845,9775.0
2026-09-04T12:40:00-04:00,37.84,37.885,37.84,37.88,8430.0
2026-09-04T12:45:00-04:00,37.88,37.895,37.86,37.87,7095.0
2026-09-04T12:50:00-04:00,37.875,37.875,37.81,37.85,9729.0
2026-09-04T12:55:00-04:00,37.845,37.875,37.84,37.84,13689.0
2026-09-04T13:00:00-04:00,37.85,37.855,37.78,37.845,11363.0
2026-09-04T13:05:00-04:00,37.82,37.905,37.82,37.865,5736.0
2026-09-04T13:10:00-04:00,37.875,37.95,37.875,37.95,20227.0
2026-09-04T13:15:00-04:00,37.94,38.019901,37.93,38.019901,14040.0
2026-09-04T13:20:00-04:00,38.0099983,38.0099983,37.92,37.9301,7504.0
2026-09-04T13:25:00-04:00,37.93,37.93,37.8,37.81,47254.0
2026-09-04T13:30:00-04:00,37.815,37.8249,37.76,37.8,15207.0
2026-09-04T13:35:00-04:00,37.81,37.85,37.74,37.755,14804.0
2026-09-04T13:40:00-04:00,37.75,37.75,37.65,37.68,12014.0
2026-09-04T13:45:00-04:00,37.66,37.67,37.58,37.58,13618.0
2026-09-04T13:50:00-04:00,37.58,37.61,37.545,37.55,12092.0
2026-09-04T13:55:00-04:00,37.53,37.53,37.485,37.485,10053.0
2026-09-04T14:00:00-04:00,37.49,37.57,37.47,37.49,20316.0
2026-09-04T14:05:00-04:00,37.495,37.52,37.44,37.49,29889.0
2026-09-04T14:10:00-04:00,37.49,37.51,37.47,37.51,14941.0
2026-09-04T14:15:00-04:00,37.505,37.5388,37.46,37.46,19929.0
2026-09-04T14:20:00-04:00,37.465,37.55,37.46,37.5,13519.0
2026-09-04T14:25:00-04:00,37.54,37.55,37.49,37.5,8454.0
2026-09-04T14:30:00-04:00,37.51,37.52,37.46,37.51,9382.0
2026-09-04T14:35:00-04:00,37.4942,37.4942,37.45,37.46,7677.0
2026-09-04T14:40:00-04:00,37.45,37.49,37.44,37.475,21662.0
2026-09-04T14:45:00-04:00,37.475,37.485,37.46,37.46,9772.0
2026-09-04T14:50:00-04:00,37.465,37.5,37.455,37.49,10823.0
2026-09-04T14:55:00-04:00,37.485,37.5,37.46,37.47,13666.0
2026-09-04T15:00:00-04:00,37.48,37.485,37.435,37.47,13686.0
2026-09-04T15:05:00-04:00,37.49,37.54,37.49,37.54,10031.0
2026-09-04T15:10:00-04:00,37.535,37.59,37.49,37.575,36974.0
2026-09-04T15:15:00-04:00,37.575,37.615,37.49,37.494,12463.0
2026-09-04T15:20:00-04:00,37.48,37.585,37.48,37.585,10699.0
2026-09-04T15:25:00-04:00,37.59,37.595,37.545,37.55,19844.0
2026-09-04T15:30:00-04:00,37.545,37.595,37.545,37.56,25230.0
2026-09-04T15:35:00-04:00,37.5627,37.58,37.52,37.52,20476.0
2026-09-04T15:40:00-04:00,37.52,37.54,37.5,37.51,23157.0
2026-09-04T15:45:00-04:00,37.5,37.5,37.27,37.285,63118.0
2026-09-04T15:50:00-04:00,37.27,37.34,37.24,37.295,95757.0
2026-09-04T15:55:00-04:00,37.29,37.29,37.15,37.16,276826.0
